date,daily_return,equity
2011-09-15,0.0002110159183499221,1.00021101591835
2011-09-16,0.0005309926809696347,1.0007421206472278
2011-09-19,-8.417628592382983e-05,1.0006578818923442
2011-09-20,0.00036846286815755947,1.0010265871655506
2011-09-21,0.0006387326748048569,1.0016659755551218
2011-09-22,-0.00011090153218239798,1.0015548892636978
2011-09-23,-0.0011999548186342646,1.0003530686481992
2011-09-26,-0.0007571893322739627,0.9995956119761112
2011-09-27,-6.932131259237478e-05,0.9995263186962274
2011-09-28,0.001792730171730532,1.0013181996851928
2011-09-29,-0.0001030681002006127,1.0012149957206549
2011-09-30,0.003214496131181412,1.00443339745088
2011-10-03,-0.0004452577029761835,1.0039861657435383
2011-10-04,-0.0015167277914924246,1.0024633920236812
2011-10-05,4.813716330763032e-05,1.002511647767693
2011-10-06,0.0002852456646862926,1.0027976098690161
2011-10-07,0.0020153053923756266,1.0048185532996465
2011-10-10,-0.00016243813671473742,1.0046553324461123
2011-10-11,0.0009617421763057784,1.0056215518519762
2011-10-12,-0.0015141783837218864,1.0040988614359572
2011-10-13,0.002307549817572267,1.0064158695804881
2011-10-14,-0.0014245742773608134,1.004982155420356
2011-10-17,0.002928829330355083,1.0079255766336346
2011-10-18,-0.0029984218564937538,1.0049033905549372
2011-10-19,0.002455699771054554,1.0073711315810547
2011-10-20,-0.0005231671778669226,1.0068441080690809
2011-10-21,-0.0008090566704796268,1.0060295141273146
2011-10-24,0.0003153158329456836,1.0063467311615295
2011-10-25,0.0014225122923371834,1.00777827175696
2011-10-26,-0.0009997106211245765,1.006770785114946
2011-10-27,-0.0004540905426605746,1.0063136200227984
2011-10-28,0.0005594753757552676,1.0068766277134882
2011-10-31,0.002017102202617325,1.008907600777013
2011-11-01,-0.0004427563069509592,1.0084609005736382
2011-11-02,-0.0007260896646368976,1.0077286675365413
2011-11-03,-0.0008054637182062415,1.0069169786570444
2011-11-04,0.0014116513965113685,1.0083383944161368
2011-11-07,-7.671634024657975e-06,1.0083306588130019
2011-11-08,-0.0005849656807101236,1.0077408199827884
2011-11-09,0.0017440750763452575,1.0094983956303363
2011-11-10,-0.0014242477343729542,1.0080606198275066
2011-11-11,2.1260977047583508e-05,1.0080820521812073
2011-11-14,0.000929692559663668,1.0090192585646505
2011-11-15,-0.0006789213723472987,1.008334213824901
2011-11-16,0.0005784692470340566,1.008917504158331
2011-11-17,0.0005010207254559134,1.0094229927381895
2011-11-18,-0.0006754946735497097,1.0087411328832363
2011-11-21,0.0003606699341675928,1.0091049554812255
2011-11-22,-0.000283248075662817,1.0088191284444437
2011-11-23,3.077142391277819e-05,1.0088501712454963
2011-11-25,-0.0002531697872886216,1.0085947608622359
2011-11-28,-0.0004372098048582771,1.0081537933436582
2011-11-29,0.0006565883932944849,1.0088157354230234
2011-11-30,-0.0017993239912525944,1.0070005490675236
2011-12-01,0.0016614622080802434,1.0086736424233151
2011-12-02,0.0001485038169480982,1.0088234343092701
2011-12-05,-0.00013084411238671378,1.008691435702453
2011-12-06,-0.0005110341832409484,1.0081759598984668
2011-12-07,0.0003847422155727517,1.0085638477509653
2011-12-08,0.001158731189224998,1.009732502137679
2011-12-09,-0.0017721053365760398,1.0079431497821267
2011-12-12,0.001417927344688605,1.0093723399360943
2011-12-13,-0.00023017376151984536,1.0091400089078373
2011-12-14,-1.1801295029388545e-05,1.009128099748866
2011-12-15,-0.0003186076340448038,1.008806583832557
2011-12-16,0.0010731226852891387,1.0098891570627369
2011-12-19,0.0002376606539963819,1.0101291679802682
2011-12-20,-0.0007904911877353368,1.0093306697745055
2011-12-21,0.0007698733657146746,1.0101077265743639
2011-12-22,-0.0002301283651514323,1.0098752721346205
2011-12-23,0.0,1.0098752721346205
2011-12-27,0.0001737978241055984,1.0100507862595356
2011-12-28,4.714140516994606e-05,1.0100984014728929
2011-12-29,-7.00022527149094e-05,1.010027692309326
2011-12-30,1.9041109333661855e-06,1.010029615514098
2012-01-03,0.0,1.010029615514098
2012-01-04,0.0014265619158299503,1.0114704852974508
2012-01-05,4.868348645989904e-05,1.0115197272071264
2012-01-06,-0.00011523367625868037,1.0114031660703522
2012-01-09,-0.00014833771893830628,1.0112531368317703
2012-01-10,0.0004320923846906564,1.0116900916111897
2012-01-11,-4.776478843518993e-05,1.011641768448002
2012-01-12,-0.00022830944412035814,1.0114108010781986
2012-01-13,0.0006695252825637068,1.0120879661805784
2012-01-17,0.00017648190840053769,1.0122665813963192
2012-01-18,0.0008044647637748371,1.0130809141925994
2012-01-19,0.0001892148718527787,1.0132726041679547
2012-01-20,0.0003829533439370456,1.0136606403000405
2012-01-23,-7.890487483026242e-05,1.0135806575340973
2012-01-24,0.00013663489133983653,1.0137191480171037
2012-01-25,2.897096544695509e-05,1.0137485164395137
2012-01-26,0.0015303754835991445,1.0152999323156078
2012-01-27,-0.0006041303490673159,1.0146865588130898
2012-01-30,0.000133042179346772,1.0148215549242283
2012-01-31,0.00010867426044078048,1.014931839906189
2012-02-01,-0.001016190763676194,1.0139004755447154
2012-02-02,0.0023756934758382706,1.0163091922896164
2012-02-03,-0.0007670231394137794,1.0155296596223313
2012-02-06,0.0009388153511663567,1.0164830544563497
2012-02-07,-0.00041247633285720447,1.016063779253636
2012-02-08,7.96597980907855e-05,1.0161447186891386
2012-02-09,0.0008636161185856614,1.0170222776470144
2012-02-10,0.001190488185335694,1.0182330306527765
2012-02-13,-0.0010401396387101,1.0171739261161505
2012-02-14,0.00016549582152051984,1.0173422641506824
2012-02-15,0.0006857010388352888,1.0180398567980615
2012-02-16,-0.0012601448789982942,1.0167569790859012
2012-02-17,0.000593955790848874,1.0173608877815155
2012-02-21,0.0007379123066614891,1.0181116109009256
2012-02-22,0.0007250708266154844,1.0188498139282285
2012-02-23,-0.0013979173269609729,1.0174255461197672
2012-02-24,-0.000635227249795315,1.016779249688234
2012-02-27,0.0003266066551708563,1.0171113365580218
2012-02-28,0.0020081565922689796,1.0191538553936021
2012-02-29,-0.0009229038146252056,1.0182132744127694
2012-03-01,-2.0157535369468362e-05,1.0181927497426768
2012-03-02,-0.001306230216643063,1.016862755606596
2012-03-05,0.00032579371923449033,1.017194043105696
2012-03-06,0.001858782402647086,1.0190847854930982
2012-03-07,-0.0011146745775865823,1.0179488375903036
2012-03-08,0.002266564510635087,1.0202560842992279
2012-03-09,0.0007324298632763556,1.0210033503235578
2012-03-12,0.00023002079057379265,1.0212382023213777
2012-03-13,-0.0005473689786552066,1.0206792082096094
2012-03-14,0.0007713279855109287,1.0214664866471306
2012-03-15,0.0007141753964174042,1.022195992880159
2012-03-16,0.00021824531527204696,1.022419082366895
2012-03-19,-4.3675976996051766e-05,1.0223744272145732
2012-03-20,7.651113477966265e-05,1.022452650242169
2012-03-21,3.728061189766286e-05,1.0224907679026063
2012-03-22,0.0005548646533264398,1.023058111888068
2012-03-23,-0.0004642642567102115,1.022583142574181
2012-03-26,-0.00018790247635727168,1.02239099666941
2012-03-27,0.0008174059135212021,1.0232267051160187
2012-03-28,-0.000200498902407161,1.0230215492847292
2012-03-29,0.0002262974797633881,1.023253056483076
2012-03-30,-0.0007462592948884277,1.0224894443786525
2012-04-02,2.975788192567516e-05,1.0225198714988086
2012-04-03,0.00030605131013971453,1.0228328150451247
2012-04-04,0.00020955162063285838,1.023047151319154
2012-04-05,-1.9307008399773888e-05,1.02302739933921
2012-04-09,3.18943441126935e-05,1.0230600281271212
2012-04-10,0.0002974454152950341,1.0233643326420592
2012-04-11,-0.00027065276370856505,1.023087356257149
2012-04-12,0.0004354083754199909,1.0235328170608495
2012-04-13,0.001710059250039555,1.0252831188223837
2012-04-16,0.00024020718538034672,1.025529399194574
2012-04-17,-2.3912304604002212e-05,1.0255048764232002
2012-04-18,-8.95504900934982e-05,1.0254130419589231
2012-04-19,0.00047699834413663896,1.0259021622819937
2012-04-20,-0.00012910979610884015,1.025769708262994
2012-04-23,7.244574385704905e-05,1.025844020912535
2012-04-24,-0.0003390708411359171,1.02549618711749
2012-04-25,-4.7849150402886186e-05,1.025447117996195
2012-04-26,-0.0004674974679164656,1.0249677240650497
2012-04-27,0.0007034398275054947,1.0256887271840647
2012-04-30,0.0004617541502732111,1.0261623432107303
2012-05-01,0.00016040622254214794,1.02632694603592
2012-05-02,-0.0002900781791188079,1.0260292309842332
2012-05-03,0.00046331282366134384,1.0265046034843994
2012-05-04,-0.00010974313602347487,1.0263919516500704
2012-05-07,-0.0003805112269151368,1.0260013979892522
2012-05-08,0.0009370556240421362,1.0269628183695132
2012-05-09,2.641527538150009e-05,1.026989945875167
2012-05-10,0.0005265745230173193,1.0275307326160599
2012-05-11,-0.00044098210387287127,1.0270776099517969
2012-05-14,0.00042140400208662363,1.027510424567084
2012-05-15,0.0005082008895850394,1.0280326062789071
2012-05-16,-0.00035190340875092615,1.0276708381004505
2012-05-17,0.0019221533695950087,1.0296461790647398
2012-05-18,-0.0008134339712905159,1.0288086298842791
2012-05-21,0.0005882791798573242,1.0294138565812976
2012-05-22,-6.679354278018901e-05,1.0293450983828296
2012-05-23,6.45937717264657e-05,1.0294115876651424
2012-05-24,0.000563018410654868,1.0299911653411393
2012-05-25,0.000619469875310921,1.0306292138399047
2012-05-29,-0.0005894879483059197,1.030021670339174
2012-05-30,0.0010889382074018709,1.0311433002904584
2012-05-31,-0.0004887089497835225,1.0306393713310973
2012-06-01,0.0003543963772508537,1.031004626190549
2012-06-04,-0.001130346335783496,1.0298392338891587
2012-06-05,-0.0004918307658732289,1.0293327272700286
2012-06-06,-0.0007322218036230834,1.0285790274039386
2012-06-07,0.001957757203819199,1.0305927354045359
2012-06-08,-0.00021569493125466214,1.0303704417753212
2012-06-11,0.0024670538656492704,1.0329124211567537
2012-06-12,-0.001281022256909924,1.031589237355813
2012-06-13,0.0009474575762837274,1.0325666243943588
2012-06-14,-0.00033561790117682714,1.0322200765510543
2012-06-15,-6.890733516516412e-06,1.0322129637975763
2012-06-18,0.00042004594440340153,1.0326465406667802
2012-06-19,-0.0008873335235155556,1.0317302387733043
2012-06-20,0.0004265197231413994,1.0321702920691025
2012-06-21,0.0011601337147417224,1.0333677476242866
2012-06-22,-0.0009199670913591218,1.0324170833032005
2012-06-25,6.302843515097602e-06,1.0324235904665189
2012-06-26,3.177001530902693e-05,1.0324563905797934
2012-06-27,-0.0005442581081629639,1.0318944678178958
2012-06-28,0.0003734847942664043,1.0322798647109135
2012-06-29,-0.0003106136018780941,1.0319592245439895
2012-07-02,8.64721344963508e-05,1.032048460260849
2012-07-03,-0.0001948413513684476,1.031847374544174
2012-07-05,0.0011800334311970024,1.0330649889420291
2012-07-06,0.00020593575211489253,1.0332777339575105
2012-07-09,-0.00038970816889654747,1.0328750571838485
2012-07-10,0.00026104125173505765,1.0331446801816617
2012-07-11,-0.00041829770007811824,1.0327125181380938
2012-07-12,0.00011165955564219151,1.0328278303589753
2012-07-13,-0.00019790187713403603,1.0326234317925909
2012-07-16,0.00013194935985493445,1.032759685793387
2012-07-17,0.00036058528402073354,1.033132083738014
2012-07-18,-0.00014460550649212481,1.0329826871497718
2012-07-19,0.0010699152348856641,1.0340878910641265
2012-07-20,2.4585650527569095e-05,1.0341133147876311
2012-07-23,0.0010061400464258029,1.0351537776061812
2012-07-24,-2.3276367558076896e-05,1.0351296829863745
2012-07-25,-0.0005643230518796807,1.0345455354445805
2012-07-26,0.000883854618528109,1.0354599232941608
2012-07-27,-0.001809495561819843,1.0335862631585178
2012-07-30,0.0029879917694822875,1.0366746104058855
2012-07-31,0.0024891619794884024,1.0392550614312088
2012-08-01,-0.0009389831052744195,1.038279218486454
2012-08-02,0.0011555742316088802,1.039479027196552
2012-08-03,-0.0011527905863407011,1.0382807255593012
2012-08-06,0.0021822219726338418,1.0405464845723789
2012-08-07,0.0017854013889422886,1.0424042777111933
2012-08-08,0.0018001342205692253,1.0442807453231688
2012-08-09,0.0005293066323503014,1.0448334900477043
2012-08-10,-0.0003964217210911433,1.044419295357326
2012-08-13,0.00012350747489774284,1.04454828894723
2012-08-14,-2.1987200354377347e-05,1.044525322254721
2012-08-15,-6.744495494843657e-05,1.044454874291419
2012-08-16,5.668363436165535e-05,1.0445140777896207
2012-08-17,0.00022651065738832064,1.044750671360032
2012-08-20,0.0003522119916268446,1.0451186450747452
2012-08-21,0.010993848558979061,1.0566085211848624
2012-08-22,-6.879961822451367e-05,1.0565358269219922
2012-08-23,0.0012985801706526037,1.0579078233964172
2012-08-24,-0.0005075310363073726,1.057370902342491
2012-08-27,0.0016308798242687702,1.0590953472138904
2012-08-28,0.0003309749973897953,1.0594458812936702
2012-08-29,0.0008354302864449566,1.0603309744697524
2012-08-30,0.0013165991027784373,1.0617270052793875
2012-08-31,0.0,1.0617270052793875
2012-09-04,0.0029941232642530383,1.0649059468061801
2012-09-05,0.0008290239024145996,1.065788779289906
2012-09-06,-0.0006998496978578989,1.0650428873347395
2012-09-07,0.000697786663768085,1.0657860600578628
2012-09-10,0.0007877850509900033,1.06662567038353
2012-09-11,-3.5315112122964135e-05,1.0665880023783871
2012-09-12,0.0012517612733500103,1.0679231159343843
2012-09-13,0.0002534551044660506,1.068193786499295
2012-09-14,0.0005515148861658794,1.0687829112738592
2012-09-17,0.0010867144438899766,1.0699443731009233
2012-09-18,0.0005451695565678278,1.070527674200359
2012-09-19,-7.27391148528706e-05,1.0704498049649123
2012-09-20,0.0003746542570814963,1.0708508535413344
2012-09-21,0.00021927981946274268,1.0710856695231703
2012-09-24,2.737535013121473e-06,1.0710886016576926
2012-09-25,0.00013697524287861821,1.0712353142790492
2012-09-26,0.0,1.0712353142790492
2012-09-27,-0.0002719463632606887,1.0709439957311346
2012-09-28,0.00010579632063602584,1.0710572976654904
2012-10-01,-5.007428860789852e-05,1.0710036652332515
2012-10-02,-7.925774196026233e-06,1.0709951767000376
2012-10-03,-0.000142040945243731,1.0708430515327876
2012-10-04,0.000188953526052984,1.071045391103224
2012-10-05,6.640107734833438e-05,1.0711165096710822
2012-10-08,0.00013812564527068854,1.0712644583301405
2012-10-09,0.0002535825333288986,1.071536112285349
2012-10-10,-4.537310840814343e-05,1.0714874933611631
2012-10-11,-0.0005795487296541508,1.0708665141455453
2012-10-12,0.0002159727721565261,1.071097792155215
2012-10-15,-8.114987897584784e-05,1.0710108726990102
2012-10-16,0.0002389228108056277,1.071266761627119
2012-10-17,3.577297200532463e-05,1.071305084022993
2012-10-18,0.00025222166125712264,1.0715752903709983
2012-10-19,0.0011627526073670319,1.0728212673338673
2012-10-22,-0.0012470884681701155,1.0714833643029675
2012-10-23,0.000566519574671579,1.0720903806027802
2012-10-24,-0.0005162958764684207,1.0715368647600736
2012-10-25,2.7965259513978196e-05,1.0715668305665753
2012-10-26,0.0001502254296461302,1.0717278071540917
2012-10-31,-6.655548945650129e-05,1.0716564777853224
2012-11-01,-0.00014034200124808855,1.0715060793705795
2012-11-02,0.0018374903703956582,1.0734749614732435
2012-11-05,2.1405661718263198e-05,1.0734979399151319
2012-11-06,-0.00034891171763640184,1.073123383905037
2012-11-07,0.001409693762506323,1.0746361592457276
2012-11-08,-0.000417642018206668,1.0741873460313422
2012-11-09,-9.335755364906551e-05,1.0740870625285561
2012-11-12,0.0008016955643451463,1.0749481533623058
2012-11-13,0.00036474701850406645,1.075340237496291
2012-11-14,0.000763249831208292,1.0761609907510514
2012-11-15,0.0004937090544709207,1.0766923011762537
2012-11-16,0.0008433090005890311,1.0776002854847007
2012-11-19,8.293245397738304e-05,1.0776896535207825
2012-11-20,-0.00023265866193638283,1.0774389196880116
2012-11-21,-0.0005013621994753634,1.0768987325414365
2012-11-23,0.00013932233061826697,1.0770487685826942
2012-11-26,0.0003250093835328461,1.0773988195390058
2012-11-27,0.00020396634264456857,1.0776185726357967
2012-11-28,-0.00014497486408225624,1.0774623450296963
2012-11-29,7.790835306860151e-05,1.077546288346491
2012-11-30,0.0001792744123668508,1.0777394648241323
2012-12-03,0.00015363277790199448,1.0779050409319677
2012-12-04,0.00010650582768357222,1.0780198441005167
2012-12-05,5.384963761882227e-05,1.0780778950784673
2012-12-06,0.00017704236719474453,1.0782687605410324
2012-12-07,-9.299362153139976e-06,1.0782587333293296
2012-12-10,0.0003542255364309819,1.0786406801075548
2012-12-11,1.8726491101923864e-05,1.078660879262653
2012-12-12,-0.00022121334189674288,1.0784222650847781
2012-12-13,0.00023479203626715583,1.078675470044353
2012-12-14,-2.5086335534140697e-05,1.078648410029579
2012-12-17,-3.84005921122155e-05,1.078606989291953
2012-12-18,-0.00021769156007928652,1.0783721856537416
2012-12-19,0.0014604821677317943,1.0799471290010667
2012-12-20,-0.0003055922252608167,1.0796171055547512
2012-12-21,0.0003188582024319557,1.0799613503243433
2012-12-24,0.0005574257824063584,1.0805633486250164
2012-12-26,0.00011666581909843235,1.0806894134331715
2012-12-27,0.00028413182731732323,1.0809964716909726
2012-12-28,0.0002380662890342976,1.081253820509447
2012-12-31,-0.0013573289683943641,1.0797862033766825
2013-01-02,-0.0004035819643959663,1.0793504211395961
2013-01-03,0.0014670623887629846,1.0809338955467453
2013-01-04,0.00042317193243762566,1.0813913164321614
2013-01-07,0.0008146333592448221,1.0822722538729248
2013-01-08,0.00011680547859485911,1.0823986692015084
2013-01-09,0.0003370078227178652,1.0827634460203286
2013-01-10,-0.00030461143388884184,1.0824336238944738
2013-01-11,-0.0022624255075112086,1.0799846984535872
2013-01-14,0.0010833149352262174,1.0811546620072379
2013-01-15,-0.0001115940339138904,1.0810340115972197
2013-01-16,-6.97463635785501e-05,1.080958613406006
2013-01-17,0.0008709385990123754,1.0819000619863564
2013-01-18,-0.0004557822121974128,1.0814069511827276
2013-01-22,0.00541101429139309,1.0872584596503891
2013-01-23,-5.3232390869317024e-05,1.087200582283089
2013-01-24,-0.0003147577485176443,1.0868583774756226
2013-01-25,0.000582166261113364,1.0874911097535973
2013-01-28,0.0023422112526321143,1.0900382436679996
2013-01-29,-0.00024570921743940273,1.0897704112241688
2013-01-30,0.00033028645012506017,1.0901303476247435
2013-01-31,0.0009153018146799065,1.091128145910162
2013-02-01,-0.0003797996871938692,1.090713735781657
2013-02-04,0.0007824129263278172,1.0915671243074558
2013-02-05,-0.0006449086123741153,1.0908631632680055
2013-02-06,0.0005574630353472627,1.0914712791581493
2013-02-07,-7.228779639922114e-05,1.091392379104546
2013-02-08,-8.427901373316497e-05,1.091300397631239
2013-02-11,0.0,1.091300397631239
2013-02-12,0.00012035096233017007,1.0914317366842852
2013-02-13,9.702723104729342e-05,1.0915376352835726
2013-02-14,0.00031994297493357385,1.0918868650818574
2013-02-15,-0.00031490390027714537,1.0915430256493819
2013-02-19,-7.978936938757362e-06,1.0915343162964144
2013-02-20,0.0008589608403055454,1.0924719015299627
2013-02-21,0.0008110075330382727,1.093357904471736
2013-02-22,2.661652905278146e-06,1.093360814610979
2013-02-25,0.0025122095699005114,1.096107566112799
2013-02-26,-0.001841935902719059,1.0940886062335338
2013-02-27,0.0003307110349550518,1.0944504334088339
2013-02-28,-1.782174727514681e-05,1.0944309283898044
2013-03-01,-0.00036089584684039096,1.0940359528130947
2013-03-04,0.00013999361733739544,1.0941891108636261
2013-03-05,0.00021459185789156292,1.094423914937811
2013-03-06,0.0007271194843018359,1.0952196918904482
2013-03-07,0.0003413644006397298,1.0955935609041394
2013-03-08,0.0004936380541212217,1.0961343875776517
2013-03-11,0.0006448653526533536,1.0968412466660524
2013-03-12,0.0020423508585010464,1.0990813813278202
2013-03-13,-0.00043319055583353715,1.0986052696533364
2013-03-14,0.0005607549233853093,1.0992213179671515
2013-03-15,0.0009542461533679002,1.1002702456815217
2013-03-18,-0.0007719710810362764,1.0994208688705307
2013-03-19,0.000629722753691527,1.100113199207542
2013-03-20,0.0,1.100113199207542
2013-03-21,2.469508978992094e-05,1.1001403666017755
2013-03-22,1.4545575566230544e-05,1.1001563687766114
2013-03-25,0.00027777376984520986,1.1004619633585857
2013-03-26,-0.0001219979755606797,1.1003277092268744
2013-03-27,-2.699722094355499e-05,1.1002980034365981
2013-03-28,-0.0006142588996170888,1.0996221355957563
2013-04-01,0.0005397724387163647,1.1002156813175534
2013-04-02,-0.00027705399123031384,1.09991086217183
2013-04-03,0.00021262487570836912,1.1001447305821896
2013-04-04,-0.0006653761848496819,1.0994127204785724
2013-04-05,-0.0010815625692769098,1.0982236368319158
2013-04-08,-0.00045073351218444664,1.0977286306349225
2013-04-09,0.002524976427806677,1.1005003695514042
2013-04-10,0.007211699114191261,1.1084368470916652
2013-04-11,0.0031861517718017925,1.1119684951159567
2013-04-12,0.0036838541740157275,1.1160648248980636
2013-04-15,0.0004761558028521582,1.1165962456407978
2013-04-16,-0.001123298564429016,1.1153419746810227
2013-04-17,0.0008249170300796714,1.1162620392702998
2013-04-18,-0.00014959430579373616,1.1160950528254512
2013-04-19,-0.00042708767344383177,1.1156183823859978
2013-04-22,0.0008744194783487949,1.11659390082996
2013-04-23,3.038242823504085e-05,1.1166278256640196
2013-04-24,0.0007088862500229495,1.1174193877760257
2013-04-25,0.00029168161464454025,1.1177453184672872
2013-04-26,0.0006904190612951498,1.1185170311408303
2013-04-29,0.00010963746146996429,1.1186396625087356
2013-04-30,0.00040836611662482195,1.1190964770436167
2013-05-01,-2.750490635189493e-05,1.119065696399817
2013-05-02,-1.0718872641360176e-05,1.1190537012771398
2013-05-03,0.00020352499012591535,1.1192814566706426
2013-05-06,0.00020505792281233723,1.11951097420119
2013-05-07,0.0001961844262329957,1.1197306048193252
2013-05-08,-0.00025035593822709287,1.1194502736131942
2013-05-09,-0.0003410883792513137,1.119068442133715
2013-05-10,-0.0007518375219041523,1.11822708448934
2013-05-13,-0.0006491209845275648,1.117501219823331
2013-05-14,-0.0010969601542591986,1.1162753655128488
2013-05-15,0.002792897354653926,1.1193930080282548
2013-05-16,0.00401699928109856,1.1238896089367711
2013-05-17,4.9718484229418655e-05,1.1239454870245686
2013-05-20,0.0012330055273686348,1.1253313180225308
2013-05-21,-0.0011897839963417665,1.1239924168297655
2013-05-22,0.0004727947407742918,1.1245238345331128
2013-05-23,-0.0019149262372552141,1.1223704543379465
2013-05-24,0.000564297675375922,1.12300380537624
2013-05-28,-0.001226806459005981,1.1216260970543162
2013-05-29,0.0012435173180134307,1.123020858530339
2013-05-30,-0.0006509585209907983,1.1222898185332282
2013-05-31,0.002028844951102728,1.1245667705652334
2013-06-03,-0.0007223867829004639,1.123754398393688
2013-06-04,0.00024180586461816178,1.1240261287976099
2013-06-05,-0.0011782366555716263,1.1227017600108402
2013-06-06,0.0002193274425658167,1.1229479993166276
2013-06-07,-0.0019206905219119152,1.1207911637377401
2013-06-10,0.0009899752930799851,1.1219007192985428
2013-06-11,0.004171301231904953,1.1265805051510278
2013-06-12,0.0003414459649136845,1.126965171518662
2013-06-13,0.00042475953166581394,1.1274438607171198
2013-06-14,0.003617279086739817,1.1315221398159652
2013-06-17,0.0005816656366588569,1.1321803073618149
2013-06-18,-0.0005231334017103216,1.1315880260262752
2013-06-19,0.0021495144299129194,1.1340203908169353
2013-06-20,0.0010465459967254859,1.1352071953171499
2013-06-21,-0.0014705712773161823,1.1335377922219139
2013-06-24,0.0006558119595845605,1.134281179862694
2013-06-25,-0.0007280705219999509,1.1334553431719765
2013-06-26,7.76397293437301e-05,1.1335433443380436
2013-06-27,-0.0004193149837283714,1.133068032629057
2013-06-28,0.0009652910268733085,1.134161773033791
2013-07-01,-0.00026858550601776014,1.1338571536200748
2013-07-02,0.0012159737694427055,1.1352358941771716
2013-07-03,-0.0006154931517349527,1.1345371642587019
2013-07-05,0.0004272640576222895,1.1350219112110265
2013-07-08,-0.00044079693472736016,1.1345215970317164
2013-07-09,-0.00020947028416316553,1.1342839484703968
2013-07-10,0.0007596016607987808,1.1351455524414722
2013-07-11,-0.0005004942993272562,1.1345774185635684
2013-07-12,-0.00012088894240073374,1.1344402606993667
2013-07-15,0.0004574819328655098,1.134959246622552
2013-07-16,0.00042454202030425695,1.135441084514076
2013-07-17,-0.000497331347417679,1.1348763940696014
2013-07-18,-0.0003644793440672608,1.1344627550658934
2013-07-19,-0.0002900946461142656,1.1341336534944328
2013-07-22,0.0008681038396644116,1.135118199273724
2013-07-23,-0.00016486000300990297,1.1349310636839751
2013-07-24,0.00036502973605796784,1.1353453472705957
2013-07-25,-9.271229739298322e-05,1.1352400867951158
2013-07-26,7.640552107909763e-05,1.1353268254054973
2013-07-29,0.0007264224272388549,1.1361515522737176
2013-07-30,9.670104390536152e-05,1.1362614193148572
2013-07-31,-0.001447371445036457,1.1346168269824444
2013-08-01,1.6096193515673642e-05,1.1346350899944575
2013-08-02,0.0013059410586664431,1.136116856545085
2013-08-05,0.0005746935445776915,1.1367697755684272
2013-08-06,-2.7898499375266185e-05,1.1367380613975537
2013-08-07,-0.00012985967307286455,1.1365904449645312
2013-08-08,2.8347667442014158e-05,1.1366226646524829
2013-08-09,0.00027053699724962314,1.1369301631351838
2013-08-12,-6.92581865713735e-05,1.1368514214138268
2013-08-13,-0.0002185405782907058,1.1366029732467604
2013-08-14,0.0001652206266188121,1.136790763502217
2013-08-15,0.0004462209106782502,1.1372980233119574
2013-08-16,0.00023452569262329793,1.1375647489185938
2013-08-19,0.00015066692763052603,1.1377361423042942
2013-08-20,-0.00016553934599986426,1.1375478022073768
2013-08-21,0.00017047242611719176,1.1377417227410433
2013-08-22,-0.00017675037842696396,1.1375406264609966
2013-08-23,0.00038666158123325093,1.137980469718341
2013-08-26,0.0015123255275442957,1.139701466632543
2013-08-27,0.0013029430172595351,1.1411864327002523
2013-08-28,-0.0009681599435555054,1.140081581707983
2013-08-29,0.0005438850724642785,1.1407016550616653
2013-08-30,0.000393048906539117,1.1411500065998748
2013-09-03,0.0005867416295841878,1.1418195668143472
2013-09-04,-0.0005181008308613384,1.141227989148087
2013-09-05,-0.0005262641691443436,1.1406274017485736
2013-09-06,-0.0009625984131111512,1.1395294356216992
2013-09-09,0.0010854947419665789,1.1407663888323827
2013-09-10,-0.00033634775310928134,1.1403826946206763
2013-09-11,-0.0005746412179429117,1.1397273837201185
2013-09-12,0.00032472119819802183,1.1400974773617791
2013-09-13,2.1801878289924106e-05,1.1401223336282191
2013-09-16,5.332117657090289e-05,1.140183126292483
2013-09-17,0.0014485999892118748,1.1418347955569301
2013-09-18,-0.00029538330926179567,1.1414975166163883
2013-09-19,0.00014690695885542334,1.1416652105450953
2013-09-20,0.0015578477722383687,1.143443751149985
2013-09-23,0.0024043566010081363,1.146192997680944
2013-09-24,-0.00018392607833377618,1.145982182897867
2013-09-25,0.0015944957619838341,1.1478094466318065
2013-09-26,-0.0002780652373936275,1.1474902807255463
2013-09-27,0.0015527957244821826,1.1492720987273417
2013-09-30,-0.0001391745972934487,1.1491121492458207
2013-10-01,0.00047952907226358587,1.1496631819286756
2013-10-02,-3.4442773204578705e-05,1.1496235843404388
2013-10-03,-0.0004565752246157834,1.149098694694195
2013-10-04,-0.00015983663503267787,1.1489150266255146
2013-10-07,-6.498389773773839e-06,1.1489075605278547
2013-10-08,0.0012660889529136712,1.150362179698158
2013-10-09,0.00014500413310501904,1.150528986968782
2013-10-10,-0.0004911801711053425,1.149963869944101
2013-10-11,0.000620567395905075,1.1506775000282572
2013-10-14,-0.00015419306853885185,1.1505000735336293
2013-10-15,0.0008250046476724068,1.151449241441442
2013-10-16,-0.00021042326480034523,1.151206949732806
2013-10-17,-0.00020156978324014293,1.1509749011974837
2013-10-18,0.0004683101963889315,1.1515139144795021
2013-10-21,0.0004478518414274185,1.1520296221065311
2013-10-22,3.1835328836620595e-05,1.1520662973483804
2013-10-23,0.0013475687120947405,1.1536187858449458
2013-10-24,-0.00012954365795307899,1.1534693418475441
2013-10-25,5.061659866030464e-05,1.1535277265422874
2013-10-28,0.0001820620016856627,1.1537377401091817
2013-10-29,-0.00021678823561158998,1.153487623340145
2013-10-30,-0.00015465218743729027,1.1533092339560136
2013-10-31,-0.0004892693829398502,1.1527449550587772
2013-11-01,-0.0017039090318538448,1.1507807825184286
2013-11-04,-1.354081301309382e-05,1.1507652000110336
2013-11-05,0.0006511805615175039,1.1515145559401514
2013-11-06,-0.000339641796561173,1.1511234534676056
2013-11-07,0.001070231366102069,1.1523554218937622
2013-11-08,-0.0004547174693535208,1.1518314257525228
2013-11-11,0.00018665744982016567,1.1520464236690766
2013-11-12,4.393551430575312e-05,1.1520970394212047
2013-11-13,0.000163199875838764,1.1522850615149922
2013-11-14,-0.00026743985880935654,1.1519768945608324
2013-11-15,1.642132738826581e-05,1.1519958115505617
2013-11-18,3.318056831342495e-05,1.1520340354262837
2013-11-19,0.0008766246990438163,1.1530439369158776
2013-11-20,0.00035741335766604435,1.1534560502209072
2013-11-21,0.000191839352317553,1.1536773284825084
2013-11-22,-0.0007866957719025862,1.1527697354060513
2013-11-25,0.0016264475003914685,1.1546446548607294
2013-11-26,-0.0001668535672755672,1.1544519982811303
2013-11-27,0.0003199190397875653,1.1548213294559013
2013-11-29,0.00030332627217359294,1.1551716171047919
2013-12-02,0.001363359640923438,1.156746531465893
2013-12-03,-0.00016309541440634342,1.1565578714109805
2013-12-04,0.0010170832966625311,1.1577341871036162
2013-12-05,-0.0001241686258676034,1.1575904328404836
2013-12-06,-0.0014506604752602143,1.1559111621530225
2013-12-09,0.0005224263375676217,1.1565150405880196
2013-12-10,0.0009298303715398031,1.1575904033979008
2013-12-11,-7.52599666258659e-05,1.1575032831827747
2013-12-12,-4.497446507891031e-05,1.1574512250917866
2013-12-13,0.0008362287582318854,1.158419119092459
2013-12-16,-0.002522866214740332,1.1554965826343915
2013-12-17,0.0005563989373879836,1.1561394997051246
2013-12-18,8.927527698463326e-05,1.1562427143791936
2013-12-19,-8.716579998341073e-05,1.1561419295580198
2013-12-20,0.0003712560559246229,1.1565711542508765
2013-12-23,0.0006325167828350032,1.157302704916483
2013-12-24,-0.00036487022418987244,1.1568804396190846
2013-12-26,5.5695185734036374e-05,1.1569448722900413
2013-12-27,-0.0012062917778406684,1.1555492592031829
2013-12-30,0.0009134438319363331,1.1566047885465005
2013-12-31,0.00045700126563945706,1.157133358398711
2014-01-02,0.004796177822534001,1.1626831757499771
2014-01-03,-0.00029681950414640516,1.1623380687062717
2014-01-06,0.00033728691670210914,1.1627301101296312
2014-01-07,-0.0004407403251057197,1.1622176480828825
2014-01-08,0.00026255947085210204,1.162522799333578
2014-01-09,-5.282990608856706e-05,1.1624613833632635
2014-01-10,1.313069768164246e-05,1.162476647292255
2014-01-13,-0.0021485079959966103,1.1599790569203883
2014-01-14,0.0018874332300856398,1.1621684399386232
2014-01-15,0.0022490232234271654,1.1647821837495793
2014-01-16,-0.0003428041487690033,1.1643828915845778
2014-01-17,0.0017007313430695708,1.1663631940636294
2014-01-21,-0.003834813942189455,1.1618904082253776
2014-01-22,-0.0008070773826270505,1.1609526727558075
2014-01-23,0.00018190965544328695,1.1611638612564943
2014-01-24,0.0006762465751980556,1.1619490943409128
2014-01-27,0.00011925106635089689,1.1620876580094583
2014-01-28,-4.942664776072942e-05,1.1620302199121189
2014-01-29,0.006884216977579739,1.1700298880804987
2014-01-30,-0.001842493174144831,1.167874115998165
2014-01-31,0.0002966060083839135,1.1682205144780062
2014-02-03,0.0009347683295492886,1.16931253001687
2014-02-04,-0.0021324877299548246,1.1668189853941267
2014-02-05,0.001627069519253817,1.168717480999748
2014-02-06,-0.002681978109736558,1.1655830062992403
2014-02-07,0.0016948391373092062,1.167558481996099
2014-02-10,0.003098182367669257,1.1711757910982419
2014-02-11,-0.00023600643456982314,1.1708993860755303
2014-02-12,-0.0002773609255580633,1.170574624338073
2014-02-13,-0.0005448121619769244,1.169936881046232
2014-02-14,-0.0007950225342346542,1.169006754862168
2014-02-18,0.0015468491396679088,1.1708150319551927
2014-02-19,0.0006349255800899165,1.1715584123685348
2014-02-20,-0.0006563939200141248,1.1707894085497146
2014-02-21,0.0010555268532141846,1.1720252082098976
2014-02-24,-0.0013887491086338655,1.1703975592466997
2014-02-25,0.0019406791764040264,1.172668925418044
2014-02-26,-0.00021224436173814372,1.1724200330504384
2014-02-27,-0.00010587028953191682,1.1722959086020863
2014-02-28,4.5386272509269804e-05,1.1723491147436556
2014-03-03,0.0005808542599481115,1.1730300787211008
2014-03-04,-0.0007623260457526951,1.1721358473396404
2014-03-05,0.0007266693522575852,1.1729876025365846
2014-03-06,5.549487624980874e-05,1.17305269733843
2014-03-07,0.0008678882036238561,1.1740707759366793
2014-03-10,-0.00017516313869921554,1.173865122014511
2014-03-11,0.0007210010461265202,1.174711479995495
2014-03-12,-0.0004236975647613491,1.1742137576021237
2014-03-13,0.001178770188624593,1.1755978857746578
2014-03-14,-0.0006758626597742976,1.1748033430607532
2014-03-17,0.002376101558430489,1.1775947951150492
2014-03-18,0.0005519548406665653,1.1782447742625566
2014-03-19,0.0023525572007795973,1.181016662490529
2014-03-20,-0.0003429593965138375,1.1806116217286884
2014-03-21,-0.00035744823614326896,1.1801896141869312
2014-03-24,0.0009401626131193206,1.1812991843385816
2014-03-25,-0.000198549010616004,1.1810646385542898
2014-03-26,0.0007280971532162322,1.1819245683553854
2014-03-27,-0.00047391798228954096,1.1813644330487318
2014-03-28,0.0005772229842684213,1.1820463437522848
2014-03-31,0.002345643499685419,1.1848190030748342
2014-04-01,0.00043959997033502104,1.1853398494734384
2014-04-02,0.004077011462742465,1.190172493626987
2014-04-03,0.001665528743644916,1.1921547601250184
2014-04-04,0.0007315370072129696,1.193026865450375
2014-04-07,-0.00040077905200731786,1.1925487252742206
2014-04-08,0.00015288568185138252,1.192731048899225
2014-04-09,-0.000942489991719881,1.191606911822824
2014-04-10,0.0011044483614740693,1.1929229801241081
2014-04-11,-0.0006181166841292363,1.1921856145272123
2014-04-14,-0.0007913739199693146,1.1912421499241128
2014-04-15,0.0003253567206737146,1.1916297285635404
2014-04-16,0.000248248248468268,1.191925548556479
2014-04-17,5.8042564713228156e-05,1.1919947309722645
2014-04-21,-0.00019487104449615342,1.1917624457140061
2014-04-22,9.422057608671779e-05,1.1918747342582
2014-04-23,0.0006886554455466308,1.192695525284356
2014-04-24,-0.0003623387313524746,1.1922633655008348
2014-04-25,0.0008744348526645874,1.193305922141184
2014-04-28,-0.0007998636013140016,1.1923514401688307
2014-04-29,-0.00028661158765773257,1.1920096984295179
2014-04-30,4.397384717070796e-05,1.1920621156818225
2014-05-01,9.254459501015786e-05,1.1921724345875453
2014-05-02,0.0007650575180930811,1.19308451507149
2014-05-05,8.558943256081655e-05,1.193186630498132
2014-05-06,0.0,1.193186630498132
2014-05-07,-0.0007947564714279835,1.1922383377019223
2014-05-08,0.0005038831592374769,1.1928390865220875
2014-05-09,0.00019129957662191826,1.1930672761343173
2014-05-12,-0.00036543435139752754,1.1926312883680894
2014-05-13,0.0006760263912105866,1.19343753859401
2014-05-14,0.00045067813006844374,1.193975394792257
2014-05-15,0.0002616686653510491,1.1942878207402743
2014-05-16,-0.0009228407877000178,1.1931856832270418
2014-05-19,-0.00016981918192507086,1.1929830574104314
2014-05-20,0.00042396059280475854,1.193488835214657
2014-05-21,-0.000689137900555067,1.1926663568244213
2014-05-22,7.693662595353885e-05,1.1927581165498038
2014-05-23,0.0007300233260061725,1.1936288577971683
2014-05-27,-0.0003838494901290256,1.1931706839686995
2014-05-28,0.00039762682338060344,1.1936451206375167
2014-05-29,0.0007487249993307947,1.1945388325796673
2014-05-30,7.524068506205043e-05,1.194628710499764
2014-06-02,0.0005059477058147564,1.1952331301551415
2014-06-03,0.000722377568061296,1.1960965397569694
2014-06-04,7.453785979011596e-05,1.1961856942331452
2014-06-05,-4.465324019428362e-05,1.1961322806660237
2014-06-06,-4.3794922180481264e-05,1.1960798961458745
2014-06-09,-0.00020151510323135395,1.1958388679821297
2014-06-10,-0.000445400557806867,1.1953062406832833
2014-06-11,0.0006349142415235065,1.1960651576384749
2014-06-12,0.00013605655208453804,1.1962278901398915
2014-06-13,0.0001020285688953334,1.1963499395595951
2014-06-16,-6.30753056756708e-05,1.1962744794214624
2014-06-17,-0.00010919420351802912,1.196143853182493
2014-06-18,0.00012015918888039742,1.1962875808576758
2014-06-19,0.00014316084830160355,1.196458842402564
2014-06-20,1.2180559420104387e-05,1.1964734159405876
2014-06-23,-6.370182741533722e-05,1.1963971983975383
2014-06-24,3.2309619438413576e-06,1.196401063911356
2014-06-25,0.00020900623348312896,1.1966511191914595
2014-06-26,0.0002652954681701241,1.1969685853103618
2014-06-27,-4.447114892103657e-05,1.1969153547421507
2014-06-30,4.883341734140951e-05,1.196973804209191
2014-07-01,0.0,1.196973804209191
2014-07-02,0.00016692941382990417,1.1971736143446976
2014-07-03,-2.8672570110213395e-05,1.1971392883003062
2014-07-07,6.783092309951885e-05,1.1972204913633102
2014-07-08,0.0,1.1972204913633102
2014-07-09,-7.60927400278693e-05,1.1971293915757049
2014-07-10,0.0,1.1971293915757049
2014-07-11,6.336035152087413e-05,1.197205242114771
2014-07-14,-1.702612248575946e-05,1.1971848583516782
2014-07-15,8.240899924926882e-05,1.1972835171577714
2014-07-16,7.405533301286112e-05,1.1973721823873453
2014-07-17,0.0004513513392182938,1.1979126179254087
2014-07-18,0.0,1.1979126179254087
2014-07-21,0.00013254932020120537,1.198071400428575
2014-07-22,0.0,1.198071400428575
2014-07-23,0.0,1.198071400428575
2014-07-24,0.00020217087405148153,1.1983136155707756
2014-07-25,4.999419049832775e-05,1.1983735242899491
2014-07-28,-2.4329111357844214e-05,1.1983443689270283
2014-07-29,5.5652079349282436e-05,1.1984110592829358
2014-07-30,0.0005536912191247404,1.1990746089633626
2014-07-31,0.002088416621329371,1.2015787763069357
2014-08-01,-0.0015577978957310261,1.1997069594176495
2014-08-04,0.000581927628560353,1.2004051020435107
2014-08-05,5.7316295660918896e-05,1.2004739048172524
2014-08-06,-0.0004473465721756367,1.1999368769309462
2014-08-07,0.0005400014051724151,1.200584844530607
2014-08-08,-0.00038510457241956215,1.2001224938174007
2014-08-11,0.0001596216002340893,1.2003140592903407
2014-08-12,0.0003494909390129836,1.2007335581780325
2014-08-13,-0.00027956508769180766,1.200397874995546
2014-08-14,0.00025452412125552423,1.2007034052098362
2014-08-15,0.0002302609234500728,1.2009798802847096
2014-08-18,-0.0005714104883103582,1.2002936277848653
2014-08-19,0.0004830249601219526,1.2008733995665608
2014-08-20,-0.00048456496418056047,1.2002914983907145
2014-08-21,0.0005166772874132475,1.2009116617462081
2014-08-22,0.00019445663295341266,1.2011451869844258
2014-08-25,0.00015539300308853218,1.2013318365421766
2014-08-26,3.32514144576927e-05,1.2013717825249746
2014-08-27,0.00019616544635181916,1.201607450156928
2014-08-28,6.770551963902178e-05,1.201688805613743
2014-08-29,-0.00013738535823664192,1.2015237111666948
2014-09-02,0.0001815441447305776,1.2017418407612122
2014-09-03,-3.447107776445123e-05,1.2017004154247666
2014-09-04,0.00035429992733040396,1.2021261777946246
2014-09-05,0.0006153670837331158,1.2028659266749335
2014-09-08,-6.88791426354653e-06,1.20285764143756
2014-09-09,-3.334377157048488e-05,1.202817533627132
2014-09-10,-0.00030365143236183524,1.2024522963601763
2014-09-11,-5.4717221750212944e-05,1.2023865015112323
2014-09-12,0.0004196815015515469,1.202891120883632
2014-09-15,-0.00013795221212193948,1.2027251793925642
2014-09-16,-0.0002471763156622747,1.2024278942139677
2014-09-17,0.00027113900900019707,1.202753919321599
2014-09-18,-0.0002043109799521396,1.2025081834897011
2014-09-19,0.0008464034098533472,1.2035259905165834
2014-09-22,0.000420156909943131,1.204031660277795
2014-09-23,0.014472980027579197,1.2214575864495685
2014-09-24,-0.0004472833965160422,1.2209112487516012
2014-09-25,0.0014848305507765011,1.222724095073534
2014-09-26,-0.0006810272528627233,1.221891386642057
2014-09-29,0.001827069620166629,1.224123867273734
2014-09-30,-0.00040423343217426067,1.2236290354814596
2014-10-01,0.0005003825649774413,1.2242413181168146
2014-10-02,-4.834244021394096e-05,1.224182135304086
2014-10-03,-0.0006718256650228896,1.2233596983269261
2014-10-06,0.0011812425900699396,1.224804782905565
2014-10-07,0.0014567502362914954,1.2265890175624736
2014-10-08,-0.00032518363139423225,1.2261901508915143
2014-10-09,0.0005517529487704713,1.226866704923022
2014-10-10,0.0006111551109646774,1.227616510780208
2014-10-13,0.0002302645572501006,1.2278991873525356
2014-10-14,-0.00027976415689800614,1.2275556651716302
2014-10-15,0.0009155959498436843,1.228679610166869
2014-10-16,-0.0011412538449238345,1.2272773748375867
2014-10-17,-0.0005575394276085367,1.2265931193125028
2014-10-20,0.0005103277857532547,1.2272190838631016
2014-10-21,-0.0013150288703560695,1.2256052553375698
2014-10-22,0.00681099149664245,1.2339528423099144
2014-10-23,-0.00187856277150706,1.2316347844385556
2014-10-24,0.0007024563738377815,1.2324999541431247
2014-10-27,0.0009352518928107767,1.2336526520581264
2014-10-28,-0.0007728144970775455,1.2326992674042576
2014-10-29,0.00019206059459337578,1.23293602035851
2014-10-30,0.00021620950642634666,1.233202592846927
2014-10-31,-0.0032193461919546797,1.2292324867757367
2014-11-03,-0.00014823409305760415,1.2290502726129025
2014-11-04,0.0062591548536962294,1.2367430885921642
2014-11-05,-0.001117231484846668,1.2353613602749225
2014-11-06,-0.0013062942617781705,1.233747614818773
2014-11-07,0.003490911208918235,1.23805451819632
2014-11-10,-0.000407515873992204,1.2375499913272872
2014-11-11,1.0074698414853639e-05,1.237562459270223
2014-11-12,0.0012607517260928044,1.2391227182768956
2014-11-13,0.00014554077645264347,1.2393030611594336
2014-11-14,7.821958520728441e-05,1.2393999989308238
2014-11-17,-0.0003832272654896806,1.2389250270583856
2014-11-18,-7.938721712809602e-05,1.238826672248257
2014-11-19,0.00012102886775061825,1.2389766060377385
2014-11-20,0.00048771876273731433,1.2395808781750957
2014-11-21,-0.0002896600665448031,1.2392218210954358
2014-11-24,0.0006455920897346243,1.2400218529005615
2014-11-25,0.0001369595673496454,1.240191685757039
2014-11-26,-0.00041783235263530944,1.2396734935472604
2014-11-28,0.00013902514949429726,1.2398458393400251
2014-12-01,-2.6217921132301826e-05,1.239813333159593
2014-12-02,-0.0001530488971761347,1.2396235810962488
2014-12-03,-0.0004088440022513718,1.2391167684300681
2014-12-04,0.0006231419170190499,1.239888914028558
2014-12-05,8.87764987296285e-05,1.239998987025159
2014-12-08,0.009902414840134698,1.252277971396029
2014-12-09,0.0014178194182179783,1.254053475420881
2014-12-10,0.0014573638611108419,1.2558810876358597
2014-12-11,-0.0006130488326136035,1.255111171201183
2014-12-12,0.00010902133160979564,1.2552480050923858
2014-12-15,0.001537410138242199,1.257177836101423
2014-12-16,-0.00021031067298174602,1.2569134381846547
2014-12-17,-0.0005953523192396917,1.256165131854148
2014-12-18,-0.0011274902218079126,1.2547488179510065
2014-12-19,0.0020808564789565787,1.2573597701583028
2014-12-22,0.000746705579669809,1.2582986477143323
2014-12-23,-0.0003960735829738841,1.2578002688604808
2014-12-24,0.0018478164464864257,1.2601244528836761
2014-12-26,-4.540099974203503e-05,1.2600672419737158
2014-12-29,0.0009417280732450797,1.2612538826696589
2014-12-30,5.2244775376590425e-05,1.2613197765954518
2014-12-31,0.001449236771553567,1.2631477275963816
2015-01-02,0.001034143302756852,1.2644540033592677
2015-01-05,0.002951948236946603,1.2681866061251843
2015-01-06,-0.0001501039361749115,1.2679962463238006
2015-01-07,-0.0007036916737366274,1.2671039679229332
2015-01-08,-0.0003650056916028793,1.2666414677627886
2015-01-09,0.0004549392396519522,1.2672177126690443
2015-01-12,0.0007485791838657528,1.2681663254701743
2015-01-13,-0.00023734977950480194,1.2678653264724484
2015-01-14,1.133413547575706e-06,1.2678667634881862
2015-01-15,-0.0005307455495595164,1.2671938488460304
2015-01-16,8.059374603311447e-05,1.267295976745259
2015-01-20,0.00015681458134292814,1.2674947072332898
2015-01-21,-0.0001150540650929049,1.267348876814739
2015-01-22,0.0005684066496609523,1.2680692463437608
2015-01-23,0.001427191529682622,1.2698790240311937
2015-01-26,0.00034400410969539537,1.2703158676342763
2015-01-27,0.0007514915630466779,1.2712704992912078
2015-01-28,0.00017613070239729604,1.271494409057185
2015-01-29,0.00045211443403772247,1.272069270032318
2015-01-30,0.00019038588884885593,1.2723114540709703
2015-02-02,0.00015265574662347886,1.272505679725929
2015-02-03,-0.0009218493979194357,1.2713326211312248
2015-02-04,0.0006777541791878674,1.2721942721283344
2015-02-05,-0.00032927729204544707,1.2717753674434522
2015-02-06,0.0008599597135899071,1.2728690430241896
2015-02-09,0.0003985391017554144,1.2733763311092485
2015-02-10,-0.0006213273507618415,1.2725851475669177
2015-02-11,-0.00015110027378862918,1.272392859602701
2015-02-12,6.361106433182627e-05,1.2724737978667484
2015-02-13,0.0004763923999794316,1.2730799947132252
2015-02-17,0.0005678313264176098,1.273802889415259
2015-02-18,-0.00014166756827422127,1.2736224328574548
2015-02-19,0.0033259452717631054,1.2778584313660284
2015-02-20,-0.0005463888037537722,1.2771602238263475
2015-02-23,0.0002890876379490505,1.277529435058736
2015-02-24,-0.0003146847681367709,1.2771274160046766
2015-02-25,-0.0001637195901266514,1.2769183252275889
2015-02-26,0.0007977177155440519,1.2779369455969258
2015-02-27,0.00016222040264649815,1.2781442530427976
2015-03-02,-0.0002353421336647703,1.277843451847155
2015-03-03,0.0009591434692985641,1.2790690870487802
2015-03-04,0.0012350488694732658,1.280648799878718
2015-03-05,0.0006847685023002229,1.2815257478393833
2015-03-06,0.0013104850617264045,1.2832051681881447
2015-03-09,-0.0005450591179704468,1.282505745510997
2015-03-10,0.0011506367803222008,1.2839814437927566
2015-03-11,0.0030250892412082902,1.2878656022442851
2015-03-12,0.0004872489901138111,1.288493113458381
2015-03-13,0.0007799263703428066,1.2894980432155723
2015-03-16,-0.0005230831792976534,1.288823528479429
2015-03-17,-0.0003877920155856288,1.2883237330055857
2015-03-18,0.0016803063839344004,1.290488511598729
2015-03-19,0.0005303782643395164,1.2911729586556608
2015-03-20,-0.0011266617336155593,1.2897182434916643
2015-03-23,0.0011123046136140677,1.2911528030441624
2015-03-24,-0.00026303290466682367,1.290813187372009
2015-03-25,-0.001518728530182043,1.288852792557212
2015-03-26,0.0012229677860728617,1.2904290180034996
2015-03-27,0.00030485721550714746,1.2908224146007377
2015-03-30,0.0010440093361413461,1.2921700452528813
2015-03-31,0.002096018334085445,1.2948784573584873
2015-04-01,0.002258254699789889,1.2978026227204738
2015-04-02,0.018738373775959768,1.3221213333524306
2015-04-06,-0.00013821466255735658,1.3219385967984814
2015-04-07,-0.0003179347886630075,1.3215183065300826
2015-04-08,3.5881308620757653e-06,1.321523048310703
2015-04-09,0.005855541272082486,1.3292612810620945
2015-04-10,0.0035255058742756718,1.333947599516926
2015-04-13,0.0010588776905148451,1.3353600868703706
2015-04-14,0.004303391572361985,1.341106664214277
2015-04-15,-0.00033567403780439416,1.3406564895251738
2015-04-16,0.0012639476541811748,1.3423510091501718
2015-04-17,0.0035038548197162487,1.3470544122033334
2015-04-20,-0.0029389613175558674,1.3430954713932248
2015-04-21,0.000493769686886332,1.343758651223593
2015-04-22,0.00020914446111504554,1.3440396909025718
2015-04-23,0.001231606662196576,1.3456950191401442
2015-04-24,-0.0014750193066247765,1.3437100930060837
2015-04-27,0.00034875220208361365,1.3441787148599813
2015-04-28,0.0025131783416248274,1.3475568756934404
2015-04-29,0.0004739850954132884,1.3481955975677407
2015-04-30,-0.0004804962478762352,1.347547794641706
2015-05-01,0.00014779418602458135,1.3477469543711444
2015-05-04,-0.00013027481636695572,1.3475713768841546
2015-05-05,0.0004767016911137553,1.348213766438412
2015-05-06,0.0009596220585788358,1.3495075421083658
2015-05-07,0.0001589199772428685,1.3497220058162467
2015-05-08,-0.0005581900741236901,1.3489686043897737
2015-05-11,0.0018028574289954999,1.3514006024596794
2015-05-12,0.001460225182691552,1.3533739516512957
2015-05-13,0.0002508265498439025,1.3537134137702371
2015-05-14,-0.001677847161897548,1.35144208956092
2015-05-15,0.0006052943852775846,1.3522601098697593
2015-05-18,0.0003143428208500674,1.3526851831272189
2015-05-19,-0.000556797713005163,1.3519320111108375
2015-05-20,-5.2023657888524806e-05,1.351861678662403
2015-05-21,0.000889614534594508,1.3530643144605023
2015-05-22,-0.00025336567679553067,1.3527214944047212
2015-05-26,0.00041477960009590265,1.3532825756852116
2015-05-27,-0.0002827868350669285,1.3528998851886824
2015-05-28,8.937738128316915e-05,1.3530208038375588
2015-05-29,1.277037340853272e-05,1.3530380824184534
2015-06-01,0.00021589412153248414,1.353330195386657
2015-06-02,0.0001061229425522437,1.3534738147692362
2015-06-03,-1.2326475186867789e-05,1.3534571312078423
2015-06-04,9.702435349617996e-05,1.3535884495109824
2015-06-05,0.0004728189250910507,1.354228451746696
2015-06-08,0.00025565382686092126,1.354574665432829
2015-06-09,-5.156621063610282e-05,1.354504815150309
2015-06-10,1.985186098604074e-06,1.3545075040944385
2015-06-11,0.0027483760840644814,1.3582302001243776
2015-06-12,0.00032260338760045854,1.358668369788079
2015-06-15,-0.00038724279286734474,1.3581422352539818
2015-06-16,-0.0006006657438595596,1.357326445737976
2015-06-17,-5.058551382093771e-06,1.3573195796324078
2015-06-18,-0.000281469466394757,1.3569375356146016
2015-06-19,0.0006807752763695512,1.3578613051404258
2015-06-22,-0.00010140658021544857,1.3577236090690648
2015-06-23,-2.294141519951655e-05,1.357692460968023
2015-06-24,0.0018254681779547458,1.3601708853509693
2015-06-25,0.009803662814986616,1.3735055420817122
2015-06-26,-0.0004207488753580796,1.3729276411695832
2015-06-29,0.0007586820890344329,1.3739692567804789
2015-06-30,0.00024112826694631587,1.374300559606204
2015-07-01,-0.0002534022615976731,1.3739523087362848
2015-07-02,0.0006506812908994596,1.3748463137981677
2015-07-06,-0.000703945630118344,1.3738784967434852
2015-07-07,0.0017659838218355595,1.3763047439419018
2015-07-08,0.0008720156563421268,1.3775049032265172
2015-07-09,0.0007880180336593323,1.3785904019317137
2015-07-10,-0.0005834007052353653,1.377786131318996
2015-07-13,-0.0017717725897463327,1.3753450076169924
2015-07-14,0.001390194091370732,1.377257004120178
2015-07-15,0.0007585411043431364,1.3783017101690476
2015-07-16,-0.00019822163344618214,1.3780285009526763
2015-07-17,0.00042550279485584794,1.3786148559312226
2015-07-20,0.00020991982094667209,1.3789042545149341
2015-07-21,0.0019388852939051344,1.3815777916957164
2015-07-22,0.0007205385570539651,1.3825732717642025
2015-07-23,-0.0008279923427605923,1.3814285116818763
2015-07-24,0.001176794691341472,1.3830541694208913
2015-07-27,-0.0001419764942679276,1.3828578082385343
2015-07-28,-0.0004874485755465061,1.3821837361697251
2015-07-29,0.00022181407376443464,1.3824903239749358
2015-07-30,0.0010647827479572133,1.3839623758211221
2015-07-31,0.00027202140418525363,1.3843388432099326
2015-08-03,0.00026109929741283073,1.384700293109276
2015-08-04,0.0001919680952521404,1.3849661113870395
2015-08-05,-2.5116680078827364e-05,1.3849313256362996
2015-08-06,0.0019443593441442117,1.3876241298002985
2015-08-07,0.0006767013297746416,1.3885631368941616
2015-08-10,-0.0018871365468859475,1.3859427286508699
2015-08-11,0.0017620972360946694,1.3883848945024113
2015-08-12,-0.00024362959764040812,1.3880466428491935
2015-08-13,4.4992425652313505e-05,1.3881090944345738
2015-08-14,-0.0005724401154898705,1.3873144851042432
2015-08-17,-0.00010623301845548105,1.3871671064989435
2015-08-18,0.00010918470004306347,1.387318563923376
2015-08-19,0.001914750047501866,1.3899749322095485
2015-08-20,0.0019363927400138274,1.3926664695770803
2015-08-21,0.00022478196825229246,1.392979515887231
2015-08-24,-0.0004088997696413283,1.3924099268840695
2015-08-25,0.0009068976685172887,1.393672700200381
2015-08-26,-0.0014274793416778936,1.3916832612117847
2015-08-27,-0.0017239113917401517,1.3892841225840877
2015-08-28,0.0013923826757667498,1.3912185377280915
2015-08-31,0.0028131069647701593,1.3951321842860915
2015-09-01,0.00434869016801353,1.4011991818989755
2015-09-02,-0.0017071592061426914,1.398807111815957
2015-09-03,0.0013692047107580247,1.4007223651028973
2015-09-04,0.002291742033711377,1.4039324594245632
2015-09-08,-0.0021208486237011127,1.4009549312002234
2015-09-09,0.004601708772228236,1.407401717796624
2015-09-10,-0.0032685498008444215,1.4028015551922117
2015-09-11,0.0016354013657281469,1.4050956987714185
2015-09-14,-0.0008266661258264267,1.4039341537536998
2015-09-15,-0.0021576475713987026,1.4009049586364495
2015-09-16,0.0010952808584550203,1.4024393430221587
2015-09-17,0.0024418425994300347,1.405863879153067
2015-09-18,0.002223900894327117,1.4089903810912179
2015-09-21,-0.0036586581083645057,1.4038353670088308
2015-09-22,0.004968953682841272,1.410810959925832
2015-09-23,0.00463148298949493,1.4173451068881215
2015-09-24,-0.0050010263902158575,1.4102569266045308
2015-09-25,-0.0010129624274548984,1.4088283893248226
2015-09-28,0.0037851149382022065,1.4141609667066193
2015-09-29,-0.004004796237398647,1.4084975401880766
2015-09-30,-0.0016879300496635047,1.406120094865116
2015-10-01,0.003229619775679317,1.4106613281304725
2015-10-02,-0.0008105883461991326,1.409517862497456
2015-10-05,-0.005499382705594162,1.4017663843412116
2015-10-06,0.004569731962246021,1.4081720809913376
2015-10-07,0.0015652284721398022,1.4103761920261777
2015-10-08,-0.00043799631030840507,1.4097584524579234
2015-10-09,0.011933707414608141,1.426582097354827
2015-10-12,0.006474829568698605,1.4358189733009563
2015-10-13,0.00013146605187579774,1.4360077347525846
2015-10-14,0.0009792856271012957,1.4374139964876342
2015-10-15,-0.0013381954925751126,1.4354904555565702
2015-10-16,-0.005102249019524309,1.4281662257871701
2015-10-19,1.4472424827208168e-05,1.4281868948155136
2015-10-20,-0.0005841274491485303,1.4273526516477377
2015-10-21,-0.00017887693515957712,1.427097331180019
2015-10-22,-0.002174585496598413,1.4239939860214006
2015-10-23,-2.13960133061519e-05,1.4239635182271277
2015-10-26,0.0033766016661465263,1.4287716758153053
2015-10-27,-2.0212926244433914e-05,1.428742796158802
2015-10-28,-0.0002444450663046339,1.4283935470312628
2015-10-29,0.0014467723621077277,1.4304601073373204
2015-10-30,-0.0002930014867415933,1.430040980399146
2015-11-02,-0.00019816146203599543,1.4297576013876987
2015-11-03,-0.00011493982436472201,1.429593265300111
2015-11-04,0.008255101013368606,1.4413947021131952
2015-11-05,0.0008171406089985131,1.4425725242578873
2015-11-06,-0.00037637984810900456,1.4420295690303209
2015-11-09,0.002273249355855769,1.445307661819244
2015-11-10,-1.2214557589124509e-05,1.4452900080255746
2015-11-11,-0.0004753830223699094,1.4446029416933583
2015-11-12,7.813093564165455e-05,1.4447158098728237
2015-11-13,0.00044841416008175894,1.4453636408992647
2015-11-16,-0.0012184645008413435,1.443602516612022
2015-11-17,6.371100641311863e-05,1.443694489981216
2015-11-18,0.0006739786367040207,1.4446675092253907
2015-11-19,0.0004589416915274363,1.4453305273757693
2015-11-20,4.474933093432103e-06,1.4453369951331771
2015-11-23,-2.0276644794708993e-05,1.445307688548318
2015-11-24,-0.00027591677448550624,1.4449089039127547
2015-11-25,0.0005890364333812776,1.4457600079000765
2015-11-27,-0.0013724263134461965,1.4437758088223063
2015-11-30,-0.0007391180983562246,1.4427086879920368
2015-12-01,0.002300186595451123,1.446027187177297
2015-12-02,0.00022990545002559223,1.4463596367085143
2015-12-03,0.0006158246383894678,1.4472503406087713
2015-12-04,-0.00043031182792170435,1.4466275716692436
2015-12-07,0.0002796505355001074,1.44703212184433
2015-12-08,0.00022123546345354693,1.4473522566664385
2015-12-09,0.0009640214880114043,1.4487475353425867
2015-12-10,-0.0009132056791779702,1.4474245308656168
2015-12-11,0.0005666139139796934,1.4482446617442408
2015-12-14,-0.00030720785797772526,1.4477997496038786
2015-12-15,-0.0003538965686632917,1.4472873782403823
2015-12-16,-0.00023782943209600376,1.4469431707051357
2015-12-17,0.0009701117253356237,1.448346867240931
2015-12-18,-0.00028436324691817253,1.4479350106230986
2015-12-21,-2.005894840678974e-05,1.447905966569424
2015-12-22,0.0006093230173762151,1.4487882090018511
2015-12-23,0.00046422287844310247,1.4494607696344883
2015-12-24,0.00042001939793695286,1.4500695712742833
2015-12-28,-6.9252847563471545e-06,1.4500595291295857
2015-12-29,-0.0001595986725193739,1.4498281015536625
2015-12-30,8.09964180288365e-05,1.449945532436646
2015-12-31,-5.256999154525783e-05,1.4498693088122647
2016-01-04,0.00027580979944859995,1.450269196975555
2016-01-05,6.674944429707058e-05,1.4503660016385342
2016-01-06,-0.00048077313322114005,1.449668704631609
2016-01-07,0.00019060660395389594,1.4499450210602571
2016-01-08,0.0008303288886219872,1.451148952298157
2016-01-11,0.0002857773641011563,1.451563657820663
2016-01-12,-0.00020868867599265034,1.4512607329227933
2016-01-13,0.0005802222041836563,1.4521027866240952
2016-01-14,-0.0010149373467767317,1.450628993274592
2016-01-15,0.0008618890426830346,1.4518792745088935
2016-01-19,-0.0005850728242354345,1.4510298194013076
2016-01-20,-0.00020428223424756852,1.4507333997878404
2016-01-21,-0.0003886247680387431,1.4501696088568619
2016-01-22,-0.00679148532545055,1.440320803238896
2016-01-25,0.007960160412256724,1.4517859878777883
2016-01-26,-0.0016750990093829482,1.4493541026076582
2016-01-27,0.0026729407622218962,1.4532281402674116
2016-01-28,-0.00018803036318554308,1.4529548892524056
2016-01-29,-0.0008646221877155211,1.4516986322174081
2016-02-01,0.003718361219289835,1.4570965721135416
2016-02-02,0.0025728342885428914,1.4608454401359936
2016-02-03,-0.001736439930858319,1.4583087697809292
2016-02-04,0.009927210287574269,1.4727857076027582
2016-02-05,0.0004555782442597431,1.4734566767295987
2016-02-08,0.001750758710839541,1.476036343841428
2016-02-09,-0.00473959698298393,1.4690405264393824
2016-02-10,0.0007791029497321373,1.4701850602468074
2016-02-11,0.004014833663248249,1.476087608717891
2016-02-12,-0.013946873908195816,1.4555008009616521
2016-02-16,0.00989076566165372,1.4698968183043133
2016-02-17,-0.0036000769447428393,1.464605076657585
2016-02-18,0.004889814676644259,1.471766724056913
2016-02-19,0.0005179964053055115,1.4725290939294227
2016-02-22,-0.0012804892783365577,1.4706435362126073
2016-02-23,0.000885560284095249,1.4719458797203384
2016-02-24,-0.0008173593169932248,1.4707427710414391
2016-02-25,5.289515806171384e-05,1.4708205662127813
2016-02-26,0.007490945872988377,1.4818384034631593
2016-02-29,-0.0012654397409613807,1.4799632262577342
2016-03-01,0.0009814689886501293,1.4814157642686487
2016-03-02,0.0018792572311097998,1.4841997255559305
2016-03-03,0.0010420041386368152,1.4857462678125233
2016-03-04,-0.0006619522792404384,1.4847627746841718
2016-03-07,-0.00019197424412630975,1.484477738472795
2016-03-08,0.0044693026654673606,1.4911123187861786
2016-03-09,-0.0010799026773812088,1.4895020626008453
2016-03-10,0.0008147448496920238,1.490715626734955
2016-03-11,-0.001114973374805905,1.4890535185017384
2016-03-14,0.0016938126238383476,1.4915756961489477
2016-03-15,0.0004754389833700422,1.4922848493815444
2016-03-16,-0.00042912361534644145,1.4916444747118511
2016-03-17,-0.0006702147287171998,1.4906447526148896
2016-03-18,0.00027907354345984024,1.4910607521280417
2016-03-21,0.0004557351719333425,1.4917402809562759
2016-03-22,-0.00026863318063202323,1.4913395500199258
2016-03-23,0.0008672958261300649,1.4926329825870006
2016-03-24,-0.0008679640288509329,1.4913374308498386
2016-03-28,0.0013523596172124745,1.4933542553669574
2016-03-29,-4.548942440701984e-05,1.4932863235414449
2016-03-30,0.0004448204815480728,1.4939505678829719
2016-03-31,0.0013810377899614937,1.4960137700735527
2016-04-01,0.0010508540919155803,1.4975858622653966
2016-04-04,0.01402039526617469,1.5185826079993923
2016-04-05,-7.430508781489473e-06,1.5185713241579881
2016-04-06,-0.00012178495529610403,1.5183863850171615
2016-04-07,0.002285656974586584,1.5218568954481932
2016-04-08,-0.0004271705070658643,1.521206803066483
2016-04-11,1.964440540581896e-05,1.5212366862696287
2016-04-12,-0.00017531752944336757,1.5209699868120934
2016-04-13,0.0006497023319121417,1.5219581645592934
2016-04-14,-0.0002123581420031729,1.521634964351261
2016-04-15,8.166600319663933e-06,1.5216473909358474
2016-04-18,-0.0004256651867472708,1.5209996786150213
2016-04-19,6.451507087216994e-05,1.5210978060170839
2016-04-20,-0.0008530609755937446,1.5198002168387095
2016-04-21,0.0010318305695952,1.521368393162121
2016-04-22,0.000956029308348185,1.5228228659347784
2016-04-25,0.0009399755332482649,1.524254282170228
2016-04-26,-0.0006400813167225833,1.5232786354822765
2016-04-27,-0.0001557550626289778,1.5230413771230056
2016-04-28,0.001130237964993922,1.5247627763096867
2016-04-29,0.0005507641919763916,1.5256025610481365
2016-05-02,8.586649181801444e-05,1.5257335591879622
2016-05-03,0.00070336563383987,1.526806707739891
2016-05-04,-0.00035679921578827064,1.5262619443039092
2016-05-05,-0.00013946140318668866,1.5260490896715262
2016-05-06,-3.677718860223796e-05,1.525992965876339
2016-05-09,0.0005096059139749223,1.5267706209164336
2016-05-10,0.00020356171357452748,1.5270814129602626
2016-05-11,0.0006212550675587518,1.528030120026639
2016-05-12,-0.00025151162141545116,1.5276458026935795
2016-05-13,0.0004372017830669808,1.5283136921624119
2016-05-16,-0.00127743178889247,1.5263613756686438
2016-05-17,0.0002903309510288592,1.5268045256184555
2016-05-18,-0.0003343751852467477,1.5262940000723664
2016-05-19,0.00021938373571361738,1.5266288441518996
2016-05-20,3.3610695155919045e-06,1.5266339752575693
2016-05-23,7.090317956182012e-05,1.5267422184604422
2016-05-24,-0.00022550185236602357,1.526397935262094
2016-05-25,-0.0007213125683999556,1.5252969252470099
2016-05-26,0.0007373276217688498,1.5264215688013936
2016-05-27,0.0013130729402451155,1.528425871658793
2016-05-31,-0.0005091741507946179,1.5276476367135385
2016-06-01,-0.0004704970501236478,1.5269288830068364
2016-06-02,-1.0732768801196438e-05,1.5269124948321593
2016-06-03,0.0005327100758442747,1.5277258965030889
2016-06-06,-0.0007339873121787672,1.5266045650785687
2016-06-07,0.0006187185064281786,1.5275491035749804
2016-06-08,0.0010401753444024976,1.5291380224898832
2016-06-09,0.00013225725708394416,1.5293402620904404
2016-06-10,0.002594543013200947,1.5333082011822543
2016-06-13,-0.0003287917711474977,1.5328040620630725
2016-06-14,9.008411636981161e-05,1.5329421433625714
2016-06-15,-9.56345600516765e-05,1.5327955411151062
2016-06-16,-0.00030232100250887617,1.5323321448304752
2016-06-17,-0.00041833363792308,1.5316911187498217
2016-06-20,0.0002184091277950505,1.5320256540711192
2016-06-21,0.0002598563991673074,1.5324237607410183
2016-06-22,8.435335082376924e-05,1.5325530258201185
2016-06-23,-0.002276841853153227,1.5290636449487547
2016-06-24,-0.00020188493862642365,1.5287549500286384
2016-06-27,0.0006696270368554777,1.5297786456759044
2016-06-28,0.00018671132182442266,1.5300642726689373
2016-06-29,-0.00013115809503555514,1.529863592353652
2016-06-30,-0.00023042006188058652,1.5295110810900332
2016-07-01,0.00013360417566974934,1.5297154301571998
2016-07-05,0.00018054565587181067,1.5299916136328349
2016-07-06,0.0033148236201354414,1.5350632659723142
2016-07-07,0.0015788807916414513,1.5374869478769124
2016-07-08,0.00043440792207160493,1.5381548443871518
2016-07-11,-0.00022887653154264395,1.5378027968413928
2016-07-12,-0.0005236380475102437,1.536997544787399
2016-07-13,0.001857285496621551,1.5398521880356753
2016-07-14,-0.0005293798493511124,1.53903702131635
2016-07-15,0.0010527582748556643,1.54065725527585
2016-07-18,-0.0001281802314971941,1.540459773472211
2016-07-19,0.0007357781788345157,1.541593210158904
2016-07-20,0.00012978299036539866,1.5417932827356455
2016-07-21,0.0007092797647325787,1.5428868455124904
2016-07-22,0.0003998900057086291,1.5435038305419504
2016-07-25,0.002222949363191783,1.5469349613991377
2016-07-26,-0.00013805878763005795,1.5467213934338244
2016-07-27,5.699827032449082e-05,1.546809553877924
2016-07-28,6.686145786169553e-05,1.5469129758197306
2016-07-29,0.0008664617151715813,1.5482533166899808
2016-08-01,0.0002922518579316004,1.5487057965983322
2016-08-02,0.0023168530589178075,1.5522939203605446
2016-08-03,0.00014654970267572316,1.5525214085730388
2016-08-04,0.0017326410933477486,1.5552113709638347
2016-08-05,0.0006492839295318227,1.5562211447140266
2016-08-08,0.0005656942943301726,1.5571014901363074
2016-08-09,-0.005273930954128671,1.5488894443887578
2016-08-10,0.006135820620718917,1.5583931521808523
2016-08-11,0.0,1.5583931521808523
2016-08-12,-0.00020788487607076195,1.5580691858135418
2016-08-15,9.879511749033627e-05,1.5582231154418125
2016-08-16,0.000412207119138894,1.5588654261032042
2016-08-17,-2.939323035805581e-05,1.5588196060126376
2016-08-18,0.0019490649818891329,1.5618578467197992
2016-08-19,0.00024250104769090177,1.562236598883973
2016-08-22,-0.0010661382260286323,1.5605710387278018
2016-08-23,0.0008621271781617539,1.561916449433741
2016-08-24,0.0005283127844128672,1.5627416298621617
2016-08-25,-0.000248146625001869,1.5623538408009616
2016-08-26,-0.0004086198565901841,1.5617154319985904
2016-08-29,0.00034830383668921065,1.5622593834753722
2016-08-30,0.0003928619516392283,1.5628731357457308
2016-08-31,-0.002620609673200211,1.5587774552882108
2016-09-01,0.002939294417596637,1.5633591611608149
2016-09-02,0.0010569266120508142,1.5650115170624392
2016-09-06,0.001498261746883976,1.5673563139518867
2016-09-07,-0.00012909925256406542,1.567153969423254
2016-09-08,-0.0007398778381746762,1.5659944669322703
2016-09-09,0.0013639983029497013,1.5681304807275944
2016-09-12,-0.0007333127185464534,1.5669805507017365
2016-09-13,0.0007539368085436709,1.5681619550171826
2016-09-14,0.00035178259119890626,1.5687136070931382
2016-09-15,-0.0006956089105577056,1.5676223959299311
2016-09-16,0.0007872222742168834,1.5688564631975686
2016-09-19,0.00013255628834334696,1.5690644249872736
2016-09-20,-0.00040073057282877917,1.5684356529014432
2016-09-21,0.00024036179414959892,1.5688126449089828
2016-09-22,-0.0001184365102431216,1.5686268402140944
2016-09-23,0.00015734651316104477,1.5688736581778528
2016-09-26,0.00012046536914150082,1.5690626531222218
2016-09-27,0.0006689245349741622,1.5701122376278072
2016-09-28,-0.0006377172589529735,1.5691109499553786
2016-09-29,0.0001639187451523973,1.5693681566533
2016-09-30,-0.00021986813124875242,1.5690231026094554
2016-10-03,0.0007004088101239648,1.570122060213811
2016-10-04,0.0001685548333617499,1.5703867118760277
2016-10-05,-0.0002118751543770481,1.5700539859490175
2016-10-06,0.00020769898146982414,1.5703800845627518
2016-10-07,2.9188126198524976e-06,1.5703846682079605
2016-10-10,0.00019821605331328345,1.5706959436590766
2016-10-11,0.0001825338605198541,1.5709826488533756
2016-10-12,-0.0002902495783412774,1.5705266718019646
2016-10-13,0.0001866892130066328,1.5708198721903293
2016-10-14,0.0002644150638828245,1.571235220627183
2016-10-17,-0.00023800902366314045,1.5708612524663763
2016-10-18,-0.0001287534507059477,1.570658998659541
2016-10-19,3.698321986581942e-05,1.5707170866866227
2016-10-20,-0.00015980799059683935,1.5704660735452032
2016-10-21,9.766371060819676e-05,1.57061945108933
2016-10-24,-3.7938348975405385e-05,1.5705598643804872
2016-10-25,0.0004228400498606527,1.5712239599918512
2016-10-26,1.1803065751404408e-05,1.5712425052515613
2016-10-27,-0.0002531483493960994,1.570844747804856
2016-10-28,0.0005900867851198743,1.5717716825320105
2016-10-31,-0.0003579057526365002,1.5712091364050011
2016-11-01,0.00033925532131958574,1.5717421774654323
2016-11-02,-0.0002382118896998281,1.5713677697912174
2016-11-03,0.0,1.5713677697912174
2016-11-04,0.00041639175710562456,1.5720220743779398
2016-11-07,-0.0004788413420903225,1.5712693252180492
2016-11-08,0.0007223946359714169,1.572404401750253
2016-11-09,-0.001094679971551622,1.5706831221444773
2016-11-10,0.000806638392788044,1.5719500954537031
2016-11-11,0.010135967725555329,1.5878833308874054
2016-11-14,2.6931900149667827e-05,1.5879260956027221
2016-11-15,-0.0004159625220684315,1.587265577859137
2016-11-16,0.0077072888484004615,1.5994990921468206
2016-11-17,-0.0011615484913490828,1.5976411963894233
2016-11-18,0.0014934376789578752,1.6000271739495666
2016-11-21,0.0009398884667835679,1.601531021036902
2016-11-22,0.0003413647017411652,1.6020777271962274
2016-11-23,0.0011214372507273498,1.6038743568380658
2016-11-25,0.0009908877870340538,1.6054636163501939
2016-11-28,0.002246412094559729,1.6090701492353385
2016-11-29,0.0006747983939873551,1.6101559471878557
2016-11-30,-0.0016525404664368807,1.6074950993278536
2016-12-01,0.002504013043595215,1.6115202880240858
2016-12-02,0.00034140005897603836,1.6120704611454584
2016-12-05,-0.00047660690714825514,1.6113021372288667
2016-12-06,-0.00011633839519903242,1.6111146809240409
2016-12-07,-0.0003912815158812081,1.6104842815294305
2016-12-08,0.00012066371541832116,1.6106786085464626
2016-12-09,-0.0015923820838294176,1.608113792787406
2016-12-12,0.005026203457336151,1.616196499892504
2016-12-13,-0.0015145621196501107,1.6137486698958559
2016-12-14,0.0010537614607141507,1.6154491760514709
2016-12-15,-0.0013835976225050983,1.6132140444122083
2016-12-16,0.002234611325469832,1.616818950786259
2016-12-19,0.0002821521436579747,1.61727513971913
2016-12-20,0.0005007218244864129,1.6180849446777867
2016-12-21,0.00013081978316638478,1.6182966221993944
2016-12-22,0.0007349761064145884,1.6194860315498023
2016-12-23,-5.863220158004781e-05,1.6193910775183444
2016-12-27,-0.0007211900525106967,1.6182231887821137
2016-12-28,0.00015393402825929878,1.6184722883961855
2016-12-29,0.0002772146272274355,1.618920952588291
2016-12-30,0.00020243040918704666,1.619248671419165
2017-01-03,-0.00046423729504987813,1.6184969557959323
2017-01-04,0.0005031619608508866,1.6193113218978419
2017-01-05,0.002370295787852272,1.6231495687033577
2017-01-06,-0.0005897703120984835,1.622192283275641
2017-01-09,0.00015086574492807558,1.6224370165228739
2017-01-10,0.00029003910044708123,1.6229075866956781
2017-01-11,0.00021120683773436218,1.6232503558749993
2017-01-12,-0.00033340056412428377,1.6227091632906356
2017-01-13,0.0011520871372353405,1.6245786656451366
2017-01-17,0.0030534405989244787,1.629539220098964
2017-01-18,-0.0004652763762758386,1.628781033995637
2017-01-19,0.0009541116165281787,1.630335072900953
2017-01-20,-0.0003351407838952594,1.629788681126609
2017-01-23,0.0004790708035475202,1.630569465299689
2017-01-24,-0.0006387888193279042,1.629527875756118
2017-01-25,-0.0002668305084937563,1.6290930680044253
2017-01-26,-0.0030398918488447023,1.6241408012659893
2017-01-27,0.003646539155050626,1.630063294291121
2017-01-30,0.0005785135120849424,1.6310063079324224
2017-01-31,-3.816882435299473e-05,1.6309440543391363
2017-02-01,-7.018714190453144e-05,1.630829583037356
2017-02-02,-0.00023416163869421672,1.630447705309761
2017-02-03,0.0001658691289919344,1.6307181462505076
2017-02-06,0.0020996174915639742,1.6341420305941858
2017-02-07,-0.0004435742173730163,1.6334171673218887
2017-02-08,0.00070089344115198,1.6345620187011294
2017-02-09,-3.315672403347262e-05,1.6345078219793596
2017-02-10,-0.0013126197597148623,1.632362334714821
2017-02-13,0.0021742700821976665,1.6359115313024977
2017-02-14,0.0006749755201222411,1.6370157315392126
2017-02-15,0.0034758350762935423,1.642705728239341
2017-02-16,3.025998823632814e-05,1.6427554364953532
2017-02-17,4.083543132254304e-06,1.6427621447580338
2017-02-21,0.00180764127572787,1.6457316694171018
2017-02-22,-0.0002401052752097295,1.6453365205616952
2017-02-23,0.000255612955993089,1.6457570898933196
2017-02-24,0.0002011791089527959,1.6460881818382171
2017-02-27,0.00018288091774893635,1.6463892199556074
2017-02-28,0.0003135918215463174,1.6469055141500673
2017-03-01,0.0008238314064250431,1.6482622866360386
2017-03-02,0.0008164492891669233,1.6496080092083232
2017-03-03,4.798899244915516e-05,1.6496871722346211
2017-03-06,-0.00010576123571018557,1.6495126992807505
2017-03-07,-2.5349222921688125e-05,1.6494708854156244
2017-03-08,-0.00017233078989051717,1.6491866307950391
2017-03-09,0.00041420879119176114,1.6498697383958305
2017-03-10,-7.554173783142134e-05,1.6497451043685967
2017-03-13,0.00020836767236700183,1.6500888579159927
2017-03-14,0.00012262293978251891,1.6502911966626528
2017-03-15,-0.00011491829951531454,1.6501015480046273
2017-03-16,0.00025686459705649836,1.6505254006738577
2017-03-17,0.00010349940206737792,1.6506962290659246
2017-03-20,5.41368818472449e-05,1.6507855926126431
2017-03-21,0.000687315134450777,1.6519202025341793
2017-03-22,-0.0001756287343859126,1.6516300778797017
2017-03-23,0.0003041913669638695,1.6521324894908107
2017-03-24,1.668854381233895e-06,1.652135246659354
2017-03-27,0.0007925678761113568,1.6534446759828476
2017-03-28,0.0004907200329999271,1.6542560544088096
2017-03-29,-0.00045096495429080674,1.653510042902848
2017-03-30,0.00031310756535460387,1.6540277694066707
2017-03-31,0.0009006734626679979,1.6555175083250913
2017-04-03,-9.312512591061334e-05,1.6553633380486812
2017-04-04,-0.0008168123299485103,1.6540112168636183
2017-04-05,0.01042156656614073,1.6712486048613058
2017-04-06,0.0002681821077260543,1.6716968038346915
2017-04-07,0.00041106299747026097,1.6723839765337374
2017-04-10,0.00018163252097783855,1.672687735851438
2017-04-11,6.413419779637663e-05,1.6727950123375406
2017-04-12,0.0004609693331914958,1.6735661195389437
2017-04-13,0.00011267181776278793,1.6737546832757786
2017-04-17,-0.00017698653935279375,1.67345845122666
2017-04-18,-2.332578846652475e-05,1.673419416488819
2017-04-19,0.0005355952451110344,1.6743156919713666
2017-04-20,-7.122012825313162e-05,1.6741964469930481
2017-04-21,5.106220537402447e-05,1.6742819351558609
2017-04-24,-8.29092676793622e-05,1.6741431216667282
2017-04-25,-0.00010660795405480745,1.6739646446937324
2017-04-26,0.0002581157175438721,1.6743967212791406
2017-04-27,-8.493895907118361e-05,1.674254499764563
2017-04-28,0.00017073268923324162,1.6745403497377687
2017-05-01,0.0006180244124183191,1.675575256553486
2017-05-02,5.337585174654119e-05,1.6756646918099698
2017-05-03,0.0,1.6756646918099698
2017-05-04,4.530449185474375e-05,1.675740606947351
2017-05-05,-4.489405893040022e-05,1.6756653761497908
2017-05-08,0.0005396356842619998,1.6765696249816435
2017-05-09,-0.0005186593931817194,1.6757000563973237
2017-05-10,0.0007682181635643656,1.676987359617334
2017-05-11,0.0007945790983824303,1.678319858721537
2017-05-12,-6.463118724576945e-05,1.6782113869164899
2017-05-15,-0.0007725107493028302,1.6769149505804943
2017-05-16,0.0004224873463063082,1.6776234259279466
2017-05-17,0.0005023678448166225,1.6784662099928438
2017-05-18,-0.0005822364309366955,1.6774889458172897
2017-05-19,0.00017779200353144298,1.6777871899378685
2017-05-22,0.00026370201533225217,1.6782296258011538
2017-05-23,-0.0003195122625707125,1.6776934108563006
2017-05-24,0.0006746214344526959,1.6788252187917043
2017-05-25,-0.00011506649342949748,1.6786320422606968
2017-05-26,-3.302131124949809e-05,1.678576611629556
2017-05-30,0.00012753215817165844,1.6787906841274938
2017-05-31,-3.6320766222913186e-05,1.6787297091635183
2017-06-01,-9.283365680856681e-05,1.6785738665458234
2017-06-02,0.0009437793712016504,1.6801580699341077
2017-06-05,-0.00011917058567467404,1.6799578445128875
2017-06-06,0.0001377104793736521,1.6801891923129828
2017-06-07,0.0023242436589753102,1.6840943613890949
2017-06-08,-0.00015081043702935604,1.683840382382455
2017-06-09,0.0002401409293345191,1.6842447413767312
2017-06-12,0.00044727953205621226,1.6849980695765223
2017-06-13,-0.00039796363368537906,1.6843275016220007
2017-06-14,0.00015352390133397412,1.684586086151174
2017-06-15,0.0003458219266815192,1.6851686529571475
2017-06-16,0.0001236736834686675,1.6853770639717245
2017-06-19,-0.00020328812306379294,1.6850344468317349
2017-06-20,0.0012269902318935255,1.6871019676384016
2017-06-21,-0.00010084230563941945,1.686931836386136
2017-06-22,0.00025310251802105796,1.6873588030816553
2017-06-23,-9.639161986014732e-05,1.6871961558333408
2017-06-26,-0.00039187306047981635,1.6865349891121246
2017-06-27,6.272517512194245e-05,1.6866407773146659
2017-06-28,9.232700585679771e-05,1.6867964998075913
2017-06-29,0.00056370748639246,1.6877473596225534
2017-06-30,-6.849570548058994e-05,1.687631756176483
2017-07-03,-0.001438110840863733,1.6852047546525397
2017-07-05,-0.02191993000532386,1.648265184385917
2017-07-06,0.0327010133355384,1.7021651261610244
2017-07-07,0.0011629502405102823,1.7041446595038818
2017-07-10,8.184533627131328e-05,1.7042841357965937
2017-07-11,0.0007442831405282233,1.7055526057455368
2017-07-12,-0.001614325088595522,1.7027992893841624
2017-07-13,0.0014909981532237526,1.705338159979945
2017-07-14,0.0015087927537955927,1.707911161838494
2017-07-17,-8.441372325081096e-06,1.7078967447244788
2017-07-18,-0.00012598957079382325,1.7076815675466508
2017-07-19,-0.0003258627510738608,1.707125097733092
2017-07-20,0.0006621530656821534,1.7082554758500588
2017-07-21,-0.001007790601749733,1.7065339120361096
2017-07-24,-0.00028667841989824417,1.7060446855907043
2017-07-25,-0.002640928256149813,1.7015391439742735
2017-07-26,0.007529620600597439,1.714351088165465
2017-07-27,0.00146625388155007,1.7168647621028272
2017-07-28,0.002376197382794675,1.7209443716571484
2017-07-31,-0.0007885420210787398,1.719587334704158
2017-08-01,0.003479530866904181,1.7255706919135987
2017-08-02,-0.00017238626014618637,1.7252732272354019
2017-08-03,0.003091693396666644,1.7306072430794914
2017-08-04,0.0010797238201954737,1.732475820943247
2017-08-07,0.00033110043440990537,1.733049444440166
2017-08-08,-2.519464429392617e-06,1.7330450780837363
2017-08-09,0.00037954585292064797,1.7337028481560475
2017-08-10,0.0007885926819450714,1.7350700335347706
2017-08-11,-0.00012099195110622697,1.7348601040261074
2017-08-14,-0.00026833756800300916,1.7343945758849675
2017-08-15,0.0010023762719984074,1.7361330918541173
2017-08-16,0.0007930631425225832,1.7375099550197806
2017-08-17,0.0016906964131968025,1.7404475568686264
2017-08-18,-0.0005029740769866965,1.7395721568651665
2017-08-21,5.7082440956829e-05,1.7396714558901012
2017-08-22,-1.2302132611615889e-05,1.7396500542211502
2017-08-23,-0.00030200938395319053,1.7391246635799806
2017-08-24,-0.00011040830727086516,1.738932649769742
2017-08-25,0.00013660253159891318,1.7391701923719807
2017-08-28,0.0002881319372859542,1.739671302848779
2017-08-29,-0.0001934509921499924,1.739334761709228
2017-08-30,0.0004420994677341771,1.7401037206815912
2017-08-31,-5.470389305615141e-06,1.7400942016368068
2017-09-01,-0.0003090914612098705,1.7395563533773801
2017-09-05,0.00033428447495184685,1.740137860059618
2017-09-06,-0.0002221842396498544,1.7397512288522947
2017-09-07,0.00016824427825848007,1.7400439320421421
2017-09-08,0.001019689549269622,1.7418182366549155
2017-09-11,3.729373201854365e-05,1.7418831955574583
2017-09-12,0.00010544240025040556,1.7420668639025538
2017-09-13,0.0006297805366632798,1.7431639837070056
2017-09-14,0.00015143995797357705,1.7434279683874394
2017-09-15,0.00014151860665005217,1.7436746958843203
2017-09-18,0.0003794922983487847,1.7443364070022342
2017-09-19,0.0006092656186035137,1.745399171202299
2017-09-20,0.0017686235938812063,1.748486125357228
2017-09-21,-0.0006492583199509163,1.747350906193021
2017-09-22,-0.0008121207105447771,1.7459318463335125
2017-09-25,-0.0006872463596101061,1.7447319610279923
2017-09-26,0.0010127824006822374,1.7464989948520293
2017-09-27,-0.004233272970013955,1.7391055878649657
2017-09-28,0.0035534784273084812,1.7452854620542557
2017-09-29,0.0012702006015578758,1.7475023246980472
2017-10-02,-0.00010727750467008483,1.7473148570092485
2017-10-03,-0.00046264172874216103,1.746506476243145
2017-10-04,0.0013000114422359575,1.7487769546462002
2017-10-05,0.0006611127164477891,1.7499330933291475
2017-10-06,0.0009644636581828807,1.751620840201915
2017-10-09,0.00016020778353132735,1.7519014634943113
2017-10-10,0.00030035912533478654,1.752427663085559
2017-10-11,-0.00011414851350955732,1.752227626072785
2017-10-12,0.0007852817023406698,1.7536036183658756
2017-10-13,-0.0007282141079024437,1.7523266194713127
2017-10-16,9.519510135628204e-05,1.7524934323814627
2017-10-17,-0.0001704853167089954,1.7521946579836127
2017-10-18,-0.0002432243993730867,1.75176848149034
2017-10-19,0.0008953746839466736,1.7533369706408022
2017-10-20,-0.0001045302304121629,1.753153693923271
2017-10-23,0.0002497154652751611,1.753591483513648
2017-10-24,0.00013228191688662784,1.753823451956523
2017-10-25,0.000467261500905102,1.7546429461350068
2017-10-26,-2.231296504531635e-05,1.7546037948482827
2017-10-27,0.001240086719529415,1.75677965571231
2017-10-30,0.0005410891656868352,1.7577302301505149
2017-10-31,0.0003524301223890396,1.7583497072306535
2017-11-01,0.00038078716800233725,1.7590192642360276
2017-11-02,-0.0001531069704756754,1.758749946125472
2017-11-03,0.00023088350279934405,1.7591560124735817
2017-11-06,6.980361851734468e-05,1.7592788079287889
2017-11-07,0.0008176916845359759,1.7607173555808124
2017-11-08,0.0002984942045619009,1.7612429195073247
2017-11-09,0.0011617820676294874,1.7632890999479478
2017-11-10,-0.004172417038661312,1.7559319224632393
2017-11-13,0.000434446753117035,1.756694781385648
2017-11-14,0.003783494781924716,1.7633412269244548
2017-11-15,-0.00019434146750483018,1.7629985366027026
2017-11-16,-0.0017128808551847593,1.7599787301616372
2017-11-17,0.00038385579772156253,1.7606543082010764
2017-11-20,0.0025793094290180066,1.7651955804594608
2017-11-21,0.001227308037862462,1.7673620191837578
2017-11-22,0.00018430910891411933,1.7676877601026424
2017-11-24,-0.00011727488214634859,1.767480454728905
2017-11-27,-2.429468704645191e-05,1.7674375143443966
2017-11-28,0.0009649617493996889,1.7691430239401928
2017-11-29,0.0007325101481298164,1.7704389391587223
2017-11-30,0.0005292101811239924,1.7713758734703835
2017-12-01,0.0010751643327415006,1.773280393629418
2017-12-04,7.57823458126101e-05,1.7734147769774307
2017-12-05,0.00028632659020017334,1.7739225527835334
2017-12-06,-0.0007300120013734193,1.7726275680304944
2017-12-07,0.00023354013266450527,1.773041547707897
2017-12-08,-0.0008608913185202622,1.7715151516320995
2017-12-11,0.0009313778989272741,1.7731651016919445
2017-12-12,0.0008326627956104181,1.774641550302598
2017-12-13,0.0004680626576346083,1.7754721937429814
2017-12-14,-0.00017499982730923922,1.775161486415684
2017-12-15,-0.00021965028746556418,1.774771571684895
2017-12-18,0.00012683689903791455,1.7749966782075481
2017-12-19,0.0001364687007085488,1.7752389096979853
2017-12-20,-0.0021374255107397414,1.771444468764739
2017-12-21,0.0005604838638832463,1.772437334805247
2017-12-22,0.0008999561001718769,1.7740324505968774
2017-12-26,-4.997145660534714e-05,1.773943799611256
2017-12-27,-4.493832054816783e-05,1.7738640815561546
2017-12-28,0.0010071043549472155,1.775650547797774
2017-12-29,6.862896840621395e-06,1.7756627339043085
2018-01-02,-0.0004328047040709704,1.7748942187202312
2018-01-03,0.0007407120237187108,1.776208904208866
2018-01-04,7.705960932493883e-05,1.7763457781731038
2018-01-05,9.252877633301551e-05,1.7765101412743023
2018-01-08,-0.00014403173881515744,1.7762542674296318
2018-01-09,0.0013207858912593286,1.778600319005342
2018-01-10,0.0010722764187949963,1.7805074701858727
2018-01-11,0.00013370808461564022,1.780745538429355
2018-01-12,-1.7020833076165496e-05,1.7807152286567942
2018-01-16,0.0005263078217273621,1.7816524330099055
2018-01-17,0.00016812810261470552,1.7819519788529863
2018-01-18,0.0017226749845483365,1.7850217029506226
2018-01-19,-0.00023564109016145665,1.7846010784905773
2018-01-22,0.00011036271162395896,1.7847980319047665
2018-01-23,0.00030831582232500657,1.785348313377657
2018-01-24,0.0005479052693281779,1.786326515126143
2018-01-25,-0.0005810913079145156,1.7852884963151059
2018-01-26,-0.0003480375291288379,1.7846671489180663
2018-01-29,0.000942876396933639,1.7863498694491642
2018-01-30,-0.0002538670979669239,1.7858963739918534
2018-01-31,0.0002507677034453821,1.7863442191241508
2018-02-01,0.0010405677801570965,1.7882030313628412
2018-02-02,0.00016790252899985777,1.788503275174172
2018-02-05,0.0009315728766667643,1.7901693963151541
2018-02-06,-0.0011650997932049223,1.7880836703217056
2018-02-07,-0.0007978650235613278,1.7866570209019548
2018-02-08,0.019101902676021375,1.820785569430654
2018-02-09,0.0018988615805248666,1.82424298919482
2018-02-12,0.0007531122853331664,1.8256168490014157
2018-02-13,7.899685332928678e-05,1.8257610669878717
2018-02-14,-0.00043923745599287945,1.824959124341557
2018-02-15,0.0010184205500017756,1.8268177002166996
2018-02-16,-0.0004709668449235896,1.8259573296481781
2018-02-20,0.001918704801741948,1.82946080274435
2018-02-21,0.00025700783619155275,1.8299309885066608
2018-02-22,0.00016067893362896795,1.8302250198665089
2018-02-23,-1.0225526952825277e-05,1.8302063048512385
2018-02-26,-0.0003646763788113094,1.8295388718435077
2018-02-27,0.001012927564090767,1.8313920621963733
2018-02-28,0.00046539418975778576,1.832244381421288
2018-03-01,0.000476651710334137,1.8331177238394425
2018-03-02,-0.0006412262911395366,1.8319422805601628
2018-03-05,-0.0006370922600514023,1.830775164312357
2018-03-06,0.000222964027136429,1.8311833613157737
2018-03-07,3.551444228152156e-05,1.8312483947715659
2018-03-08,0.00101807865482262,1.833112749673961
2018-03-09,-0.00037224087581773076,1.8324303901785497
2018-03-12,0.0007202754499192382,1.833750244802281
2018-03-13,0.0008684191310808639,1.8353427085964915
2018-03-14,-0.00023403067560281022,1.834913182102436
2018-03-15,-0.00015353391866200982,1.8346314606911833
2018-03-16,0.00037798083210554244,1.8353249162173024
2018-03-19,0.0007139918039068118,1.8366353231649875
2018-03-20,-0.00031378276674733877,1.836059018651779
2018-03-21,0.0,1.836059018651779
2018-03-22,0.0003436153341384327,1.836689916684971
2018-03-23,-0.00023128441211622526,1.836265118937351
2018-03-26,-0.00016954996392935277,1.8359537802526702
2018-03-27,0.0002810391788138425,1.8364697551954128
2018-03-28,-0.000434408309765993,1.8356719774731218
2018-03-29,-0.0017341143188743394,1.8324887124122293
2018-04-02,0.00017424835559080875,1.832808020557006
2018-04-03,-0.0016301915983423147,1.8298201923205197
2018-04-04,0.0010416194857476005,1.8317261686882553
2018-04-05,-0.001056296263108693,1.8297913231812315
2018-04-06,0.004542630020537865,1.8381033881772342
2018-04-09,0.008537648747581218,1.8537964692672304
2018-04-10,0.005670000300422891,1.8643074958048984
2018-04-11,0.004154006896238624,1.8720518419991814
2018-04-12,0.0003829741858054355,1.8727687895291567
2018-04-13,0.006005326740303532,1.884015378019322
2018-04-16,7.599212118662382e-05,1.8841585483442458
2018-04-17,0.0003342429037210122,1.884788314968515
2018-04-18,5.740290378774706e-05,1.8848965072908193
2018-04-19,3.939814473906959e-05,1.8849707687162316
2018-04-20,-4.476308935618924e-06,1.884962331004736
2018-04-23,0.0002762668658219979,1.8854830836401153
2018-04-24,0.0002586047734974956,1.8859706785658936
2018-04-25,-0.0001471438126990476,1.8856931696496106
2018-04-26,-2.991975197824178e-05,1.8856367501776679
2018-04-27,0.00031307895473901625,1.886227103360431
2018-04-30,0.00014086133565562246,1.8864927998295604
2018-05-01,0.0008706213861178132,1.8881352208058493
2018-05-02,1.764829407511001e-05,1.8881685431714794
2018-05-03,0.0007502499588197718,1.8895851415432383
2018-05-04,0.0,1.8895851415432383
2018-05-07,-0.00019357578163102176,1.8892193636225056
2018-05-08,-1.2228809968432337e-05,1.8891962607179191
2018-05-09,-0.00012863392537129677,1.8889532459871061
2018-05-10,-1.8566805924911417e-06,1.8889497388042742
2018-05-11,2.7096428817614253e-05,1.8890009225964117
2018-05-14,-0.0007007536572637141,1.8876771982913276
2018-05-15,0.0005418446421664412,1.8887000260673614
2018-05-16,6.056019518951378e-05,1.8888144061095946
2018-05-17,0.00042940409203368133,1.8896254707446702
2018-05-18,0.00013337692581315744,1.8898775031808965
2018-05-21,0.0,1.8898775031808965
2018-05-22,0.0,1.8898775031808965
2018-05-23,7.53322324549159e-05,1.8900198718722776
2018-05-24,0.0,1.8900198718722776
2018-05-25,0.0,1.8900198718722776
2018-05-29,0.0,1.8900198718722776
2018-05-30,0.0,1.8900198718722776
2018-05-31,0.0,1.8900198718722776
2018-06-01,0.000354172470543651,1.8906892648796751
2018-06-04,8.224510751385318e-05,1.8908447648215403
2018-06-05,0.0003471632270397178,1.891501196591927
2018-06-06,8.848493646958339e-05,1.8916685659551395
2018-06-07,0.0003361875555664987,1.8923045213862701
2018-06-08,5.449726950567069e-05,1.8924076468157587
2018-06-11,0.0,1.8924076468157587
2018-06-12,0.0016534994030857743,1.8955367417301634
2018-06-13,0.002252930572195479,1.899807254406327
2018-06-14,-0.0004854947103635187,1.8988849080336023
2018-06-15,0.00014229472383932442,1.899155109337194
2018-06-18,0.0008239319814460379,1.9007198839695034
2018-06-19,0.00048643776538126915,1.9016444659024774
2018-06-20,0.000408941367617463,1.9024221269910855
2018-06-21,1.0562574387047428e-05,1.9024422214663175
2018-06-22,-0.00025207280686060274,1.9019626675156625
2018-06-25,0.001236040248150445,1.9043135699231912
2018-06-26,-0.00012748621841553802,1.9040707961874843
2018-06-27,-0.0005996474195650918,1.9029290250478812
2018-06-28,5.314205261904324e-05,1.9030301506022607
2018-06-29,0.0007004155951789762,1.9043630625978385
2018-07-02,0.00040793575769071746,1.9051399203866977
2018-07-03,0.0001144570125036104,1.9053579770103863
2018-07-05,0.0010535201273776046,1.9073653099890262
2018-07-06,-0.0001554573902244163,1.9070687959557309
2018-07-09,0.0011791243473654202,1.909317467205143
2018-07-10,-0.00013025245419383136,1.9090687739192043
2018-07-11,-1.0765021802085588e-05,1.9090482227522314
2018-07-12,-0.000530939588456877,1.908034633474499
2018-07-13,0.000881385976950069,1.9097163484439785
2018-07-16,8.544512470464275e-05,1.9098795243955216
2018-07-17,-0.0015082098302269344,1.906999025322279
2018-07-18,0.0017448962333880048,1.9103265407386383
2018-07-19,0.0008040397455616366,1.9118625192043932
2018-07-20,0.0003898468420376889,1.9126078527699155
2018-07-23,-0.0003528359551796663,1.9119330159512993
2018-07-24,-0.0003249734241711552,1.9113116885323198
2018-07-25,0.00015288968079397433,1.9116039083662775
2018-07-26,0.0013883634098811749,1.9142579092868393
2018-07-27,-0.0001631559506029497,1.9139455867179505
2018-07-30,0.00028199793806199145,1.9144853154269676
2018-07-31,-0.0009311979311101753,1.9127025506621012
2018-08-01,0.0007212639040675069,1.9140821139711115
2018-08-02,-6.648712186586804e-05,1.9139548521603387
2018-08-03,-0.00011748165200722258,1.9137299975824398
2018-08-06,0.0007045937783558717,1.9150783998321894
2018-08-07,-0.00041582840913815915,1.9142820558278124
2018-08-08,-0.00023969425692584083,1.9138232134128943
2018-08-09,0.000192093760363014,1.9141908469106288
2018-08-10,0.00030439199002953534,1.9147735112718165
2018-08-13,-0.00047977620729768527,1.9138548484987445
2018-08-14,8.576626292810719e-05,1.9140189926768871
2018-08-15,0.0005328828708114071,1.9150389406124921
2018-08-16,-7.215064682863191e-05,1.9149007693142248
2018-08-17,0.00036637363988804524,1.9156023384791028
2018-08-20,0.0008744848542564331,1.9172775037108807
2018-08-21,0.0002500397298158173,1.9177568992598903
2018-08-22,-3.699025234532452e-05,1.91768596094825
2018-08-23,0.0011618291360762701,1.9199139843715238
2018-08-24,0.0007270241756231013,1.921309808253279
2018-08-27,0.0010878059882053043,1.9233998205678946
2018-08-28,5.34610192767221e-05,1.9235026474827785
2018-08-29,-0.0003157953943365407,1.9228952142057092
2018-08-30,0.00012653346317838976,1.9231385247964918
2018-08-31,0.00014755039174709953,1.9234222846392097
2018-09-04,-0.01083271789349994,1.902586393639642
2018-09-05,0.00023080394906523807,1.903025518092732
2018-09-06,-0.00013897431290259887,1.902761046428919
2018-09-07,3.3329255021246544e-05,1.90282446403708
2018-09-10,0.00029556858981239967,1.9033868791805761
2018-09-11,0.0001788045935537188,1.9037272134978835
2018-09-12,0.01245835976950982,1.9274445320266467
2018-09-13,-0.00017568230015622152,1.9271059141378368
2018-09-14,0.0005572945097201212,1.9281798796834348
2018-09-17,0.00027921598245561456,1.928718258322892
2018-09-18,-0.0010100652779665529,1.92677012697918
2018-09-19,-0.0003531689105597131,1.9260896516725357
2018-09-20,-0.0009930997501086875,1.9241768525207728
2018-09-21,0.002671446573345984,1.929317188179951
2018-09-24,-0.0010360945790994613,1.9273182330999141
2018-09-25,0.0006073177452116774,1.9284887276635458
2018-09-26,0.0007001913483920064,1.9298390387861273
2018-09-27,0.0003034479926935961,1.9304246445686686
2018-09-28,0.0006246301679294365,1.9316304460385805
2018-10-01,-0.00027364512108726954,1.9311018647912783
2018-10-02,-0.0002473317770118428,1.9306242419354687
2018-10-03,6.521644582993992e-05,1.9307501503867608
2018-10-04,0.0009633537087461495,1.932610145704798
2018-10-05,-0.0004040161016889739,1.9318293400876458
2018-10-08,-5.933932141060161e-05,1.931714706645524
2018-10-09,0.0002859595107897661,1.932267098838022
2018-10-10,0.00039979199277452495,1.933039603752039
2018-10-11,-0.0008609366867375283,1.9313753790402524
2018-10-12,0.0013672896781494297,1.9340161286606459
2018-10-15,-0.0007608022082247471,1.9325447249192187
2018-10-16,0.0016776526765072308,1.9357868637494493
2018-10-17,0.011126850180137636,1.9573260741630678
2018-10-18,0.0017070449386136766,1.9606673177311844
2018-10-19,-0.00036675640147110987,1.9599482304412512
2018-10-22,0.00015364459832217767,1.9602493658998494
2018-10-23,0.0006918825959336527,1.9616056283198056
2018-10-24,0.003994400733897307,1.969441067281183
2018-10-25,-0.003935168310659287,1.9616909852035072
2018-10-26,0.0009200745065360823,1.9634958870686945
2018-10-29,0.005288325716522891,1.9738794928625667
2018-10-30,-0.0027630707677189824,1.9684255241368382
2018-10-31,0.002239817073528534,1.9728344372337692
2018-11-01,-0.00235299511620753,1.968192367437872
2018-11-02,0.01179132702813883,1.991399967296619
2018-11-05,-0.000917078642770643,1.989573696917397
2018-11-06,0.0006087393382170041,1.9907848286929926
2018-11-07,-7.732949721776504e-05,1.9906308823031211
2018-11-08,0.001451451057442275,1.9935201856022176
2018-11-09,0.0009090787114242287,1.9953324523637432
2018-11-12,0.00035649932775031547,1.9960437870416492
2018-11-13,-0.0008834197445757093,1.994280442549139
2018-11-14,-0.0001562368970722338,1.9939688623609033
2018-11-15,-0.00017379608176942184,1.993622318385455
2018-11-16,0.0002624072284958266,1.9941454592926897
2018-11-19,0.0008086721789655803,1.99575806924643
2018-11-20,0.0005878028776352444,1.9969311815825967
2018-11-21,-0.0005328344118582647,1.995867147930937
2018-11-23,8.22158994032713e-05,1.9960312399435938
2018-11-26,-0.0006630850083920795,1.9947077015521049
2018-11-27,0.00039404651034372204,1.9954937091610574
2018-11-28,0.0003796472692114313,1.996251292898469
2018-11-29,0.00046676559608801576,1.99718307432314
2018-11-30,-0.00011574196509442613,1.9969519164294645
2018-12-03,0.002139223402303598,2.0012238427023656
2018-12-04,0.001465666895875137,2.0041569702398507
2018-12-06,0.0015487974578725422,2.0072610034605356
2018-12-07,-1.5797480905088576e-05,2.007229293793162
2018-12-10,-0.0010169908321538362,2.0051879600033438
2018-12-11,-0.00019472989677394705,2.00479748995888
2018-12-12,0.0007621758281958635,2.0063254981461545
2018-12-13,0.00044383366648365893,2.0072159729481562
2018-12-14,5.0888946864357996e-05,2.007318118055149
2018-12-17,0.0005092798231434848,2.0083404046713045
2018-12-18,-0.000864997377356809,2.0066031954884243
2018-12-19,0.00033702438586251333,2.0072794696980534
2018-12-20,-0.0007003419952157136,2.0058736875892893
2018-12-21,0.0002874934680253396,2.006450363172155
2018-12-24,0.00037395622851028935,2.0072006877826603
2018-12-26,-0.00027825607869834233,2.006642171990117
2018-12-27,-0.0006628040634219186,2.0053121614046883
2018-12-28,0.00037640983366118985,2.006066980621801
2018-12-31,4.9935929296577e-05,2.0061671554407097
2019-01-02,-0.00036118338909537696,2.0054425611884157
2019-01-03,0.0014932511656490781,2.0084371906305525
2019-01-04,-0.0034534213753359784,2.0015012107054093
2019-01-07,-0.001255437673117591,1.9989884506826991
2019-01-08,0.000955656528974906,2.00089879704694
2019-01-09,0.004081150997499948,2.0090647671684043
2019-01-10,-0.001383691246184888,2.006284841837055
2019-01-11,0.0021219836623471546,2.010542145493448
2019-01-14,-0.0007916839076381372,2.0089504316312325
2019-01-15,0.00017315302440938497,2.009298287474358
2019-01-16,-0.00023802997036108386,2.008820014262544
2019-01-17,-0.00779590869518988,1.9931594368462833
2019-01-18,0.009024389411774667,2.0111464837641377
2019-01-22,0.002950980552365887,2.017081337925685
2019-01-23,-0.0006762541287370066,2.0157172783429145
2019-01-24,0.000777386691481389,2.0172842701288873
2019-01-25,1.5251717633726385e-05,2.017315037178962
2019-01-28,0.0020119433289130626,2.02137376071033
2019-01-29,-0.0009033043633156369,2.0195478449723887
2019-01-30,-0.006372771626924305,2.0066777277667325
2019-01-31,0.004073944973825703,2.0148528224098556
2019-02-01,0.0019021152351580987,2.0186853046599627
2019-02-04,0.00014139924453612334,2.0189707452369974
2019-02-05,0.0006980223892496236,2.020380032020413
2019-02-06,0.0002854915403563923,2.0209568334278596
2019-02-07,-0.005158980530665881,2.010530756470889
2019-02-08,0.00013928469752047702,2.01081079263916
2019-02-11,0.0002057666041126855,2.011224550347474
2019-02-12,-0.0009885536485778146,2.009236346980119
2019-02-13,0.0035690716292093518,2.016407455422502
2019-02-14,0.0007451356729337862,2.017909952548707
2019-02-15,0.002372758207926107,2.0226979649514725
2019-02-19,-0.00013186805802765713,2.022431235698858
2019-02-20,-0.0002527849675947685,2.0219199954844793
2019-02-21,0.0015598312364495004,2.025073849451038
2019-02-22,0.0002007513492286728,2.025480385758603
2019-02-25,0.0011443794058578483,2.027798303799034
2019-02-26,2.018078720292804e-05,2.0278392263650935
2019-02-27,-0.0010307002948531424,2.025749131876564
2019-02-28,-7.596334532668396e-05,2.0255952491957143
2019-03-01,0.0016240003670470122,2.0288848166238966
2019-03-04,-0.0006444664539280593,2.0275772684206985
2019-03-05,0.0008186334447617702,2.0292371109844662
2019-03-06,0.00021373265313125557,2.0296708252160296
2019-03-07,-0.00036864350314711657,2.0289226002527863
2019-03-08,-0.00023253733735983196,2.0284507999936143
2019-03-11,-0.0006965249098657218,2.0270379334829816
2019-03-12,0.0015704138553288929,2.0302212219390006
2019-03-13,0.000622096709786682,2.0314842158813082
2019-03-14,0.0005179756688975402,2.032536475276884
2019-03-15,-0.0004729371091836735,2.0315752133519562
2019-03-18,0.0004245356086512405,2.0324376893716773
2019-03-19,0.000414045494833299,2.033279211040491
2019-03-20,0.0008847316051459658,2.0350781174205848
2019-03-21,0.0007845543410103989,2.036674746791902
2019-03-22,-0.00023374775618613852,2.036198678639759
2019-03-25,6.148434671826599e-05,2.036323872985304
2019-03-26,-2.5869479648011233e-05,2.036271194346315
2019-03-27,0.0001333287298019045,2.03654268779819
2019-03-28,0.0003177034105702811,2.0371897043558755
2019-03-29,0.00034141451545417176,2.037885230491676
2019-04-01,-0.00012339675803636695,2.0376337620609832
2019-04-02,8.073400944149896e-05,2.037798268404368
2019-04-03,0.00020654586592847151,2.038219167212303
2019-04-04,6.748220838877438e-05,2.0383567107428866
2019-04-05,4.333691127719794e-05,2.038445046826811
2019-04-08,0.00035476782656865394,2.039168221545654
2019-04-09,0.00019893346527199323,2.0395738803462384
2019-04-10,-0.0017620279622274737,2.0359800941380395
2019-04-11,-7.851422193569029e-05,2.0358202407450716
2019-04-12,-0.0002153197577345701,2.0353818884240433
2019-04-15,0.011667900385036015,2.0591305215436813
2019-04-16,0.011730613110004982,2.083285385034913
2019-04-17,0.0002388976605197575,2.0837830770395924
2019-04-18,-0.0002114600969569395,2.0833424400680842
2019-04-22,0.000140821242918216,2.0836358189399187
2019-04-23,0.00010588954970416165,2.083856454198534
2019-04-24,0.0009600500084694342,2.0858570606050364
2019-04-25,0.00020700412167563365,2.086288841613808
2019-04-26,-0.000261487617322852,2.085743302915567
2019-04-29,0.000526641142117189,2.086841741150778
2019-04-30,-0.0002046563638892555,2.0864146557080216
2019-05-01,-0.00016896210364297638,2.0860621306987217
2019-05-02,3.594332691135205e-05,2.0861371107118427
2019-05-03,-3.845942565348469e-05,2.08605687907673
2019-05-06,-0.00028597612845599694,2.0854603166067127
2019-05-07,-0.0006534531041151817,2.084097566089317
2019-05-08,-0.0006195123858731904,2.0828064418337564
2019-05-09,0.00017624761186176824,2.0831735314951003
2019-05-10,-0.00040289063300406007,2.082334240392339
2019-05-13,0.0008460702925120826,2.0840960415322156
2019-05-14,0.0001254391655828141,2.08435746880066
2019-05-15,5.9610602037359574e-05,2.0844817186042364
2019-05-16,-0.0005399876328066447,2.0833561242553786
2019-05-17,0.0006926349758309957,2.0847991295741495
2019-05-20,0.00011553678238695354,2.085040000557503
2019-05-21,-0.0010049260659748622,2.0829446895123427
2019-05-22,0.0002761805301687511,2.0835199582810042
2019-05-23,0.0009714762111480156,2.0855440483559264
2019-05-24,-3.2579167678395854e-05,2.085476103066674
2019-05-28,0.0010173318564545447,2.087597724342199
2019-05-29,-0.00034389224926126754,2.086879815665222
2019-05-30,-0.00018524713980895216,2.086493227148245
2019-05-31,0.0031190108174050124,2.0930010220941626
2019-06-03,-0.001304522728110528,2.0902706546908822
2019-06-04,-7.76272091983044e-05,2.0901083928134896
2019-06-05,0.00024322716021256256,2.09061676394241
2019-06-06,-0.0005327264153385945,2.089503037167908
2019-06-07,3.884832072015784e-05,2.0895842108520415
2019-06-10,-0.0001855528549369959,2.0891964825360865
2019-06-11,0.0003348706770809658,2.0898960931767485
2019-06-12,0.0008392577674325723,2.091650054706074
2019-06-13,0.00013272047614337537,2.09192765949726
2019-06-14,0.0006071325833031342,2.0931977369412538
2019-06-17,-0.0009047920667941376,2.0913038282346377
2019-06-18,3.4863271400114012e-06,2.091311119203932
2019-06-19,-0.0003780516334879143,2.090520495619186
2019-06-20,-0.0005953145214846475,2.0892759784106825
2019-06-21,0.0003278523979987749,2.089960952550286
2019-06-24,0.0010564829107254665,2.092168960580739
2019-06-25,-0.0003080979033991603,2.091524367710427
2019-06-26,-0.0014421689505253752,2.0885080362080477
2019-06-27,0.0013237330538108374,2.0912726633287257
2019-06-28,0.0005137610891824323,2.0923470778500146
2019-07-01,6.513882317776056e-05,2.0924833708763453
2019-07-02,0.0006532437170284098,2.0938502724913564
2019-07-03,0.00013261754975525618,2.094127953784049
2019-07-05,0.0007623710449170559,2.0957244563003656
2019-07-08,0.0002855904077029698,2.096322975102274
2019-07-09,-0.00031908693162885436,2.0956540658364453
2019-07-10,-0.0004478244753362048,2.0947155806539257
2019-07-11,0.010600861415386725,2.116921370229089
2019-07-12,0.000269809513842179,2.117492535754833
2019-07-15,0.0005164820305582391,2.1185861825993917
2019-07-16,0.0006400616172861756,2.119942208297786
2019-07-17,0.000864735999091585,2.121775398641295
2019-07-18,-0.00033410765332197594,2.1210664972419786
2019-07-19,0.00017154173563412847,2.1214303486703106
2019-07-22,-0.00039666715939871457,2.1205888469200413
2019-07-23,-0.0002921841553648369,2.119969244458928
2019-07-24,0.0009544469608479632,2.121992642661393
2019-07-25,0.00013216699712848993,2.1222731000569026
2019-07-26,-0.0002440726870876794,2.1217551111586377
2019-07-29,0.0008208442930946859,2.1234967417329766
2019-07-30,-0.00041678921767486195,2.1226116911872546
2019-07-31,0.0008172641534170092,2.124346425634086
2019-08-01,-0.0005631667281767775,2.123150064408047
2019-08-02,-0.0008083765094488262,2.121433759769945
2019-08-05,0.0004489745527693613,2.1223862295434675
2019-08-06,0.0005967538692335983,2.1236527717379556
2019-08-07,-5.628731606663956e-06,2.1236408182664777
2019-08-08,0.0016523228983281169,2.1271497586183234
2019-08-09,0.0010335437345686824,2.129348260923833
2019-08-12,-0.00021972183490662968,2.1288803966167875
2019-08-13,-0.0009214161536853416,2.126918811830081
2019-08-14,0.0015138787147242017,2.130138708947257
2019-08-15,0.00010753482931385819,2.1303677730497386
2019-08-16,-0.00034042306514046135,2.1296425467225606
2019-08-19,-0.00039942805858377586,2.1287919077346458
2019-08-20,0.0016807204326427035,2.13236981179082
2019-08-21,3.195730018795457e-05,2.132437956573007
2019-08-22,-0.0006668388813419199,2.1310159640315147
2019-08-23,0.0005257967416875491,2.132136445281887
2019-08-26,-0.0006967854849225795,2.13065080355494
2019-08-27,0.00014578424019612724,2.1309614188634596
2019-08-28,0.0006094462378623115,2.1322601252832154
2019-08-29,0.0012614879015794432,2.134949945634281
2019-08-30,0.001308572007284838,2.137743681370092
2019-09-03,0.000765588101124999,2.139380312495804
2019-09-04,-0.00012029586349597438,2.139122953893766
2019-09-05,0.0013071779311452695,2.1419191682111025
2019-09-06,-0.00035414203714698893,2.141160624593468
2019-09-09,-0.0006062846622049095,2.1398624717474597
2019-09-10,4.858806262888285e-05,2.139966443519254
2019-09-11,0.0008246707705650826,2.1417312112952143
2019-09-12,0.0009698226163904527,2.1438083106621577
2019-09-13,8.93799025368386e-05,2.1439999240400223
2019-09-16,-8.401032399382876e-05,2.143819805911761
2019-09-17,0.00028160089730686473,2.1444235074927698
2019-09-18,-0.00012710873565132397,2.1441509325320314
2019-09-19,-3.1150187322578474e-05,2.144084141828835
2019-09-20,0.0008539397352586938,2.145915060473281
2019-09-23,0.00015660256956257166,2.146251116285814
2019-09-24,2.5779318655020178e-05,2.1463064451772547
2019-09-25,0.00016415773958228916,2.146658777991746
2019-09-26,-1.2769169962504158e-05,2.1466313669409582
2019-09-27,7.764829779699096e-05,2.1467980492125984
2019-09-30,0.0003064945151754708,2.147456031039871
2019-10-01,0.0005143377238491705,2.1485605486869424
2019-10-02,0.000671278441004728,2.1500028310624693
2019-10-03,0.00045049644344714716,2.150971399691264
2019-10-04,-0.0005488861649073623,2.149790761248862
2019-10-07,0.000674556217842751,2.1512409159739234
2019-10-08,0.0008680742198264904,2.1531083527537165
2019-10-09,-0.0004810008329223624,2.15207270584267
2019-10-10,0.001386091333548917,2.1550556751694057
2019-10-11,-0.00016059285582552854,2.1547095886240673
2019-10-14,0.0001814551892457886,2.155100571860241
2019-10-15,-5.027992255135888e-05,2.1549922135703974
2019-10-16,0.0007100096198013778,2.1565222787726293
2019-10-17,0.00032620672475053313,2.157225750842039
2019-10-18,0.0002764473464638184,2.157822110176583
2019-10-21,0.00017948951874998108,2.1582094166286865
2019-10-22,0.0001404755845613708,2.1585125923580932
2019-10-23,0.0007335520270976139,2.1600959736457335
2019-10-24,8.509805564025692e-06,2.160114355642469
2019-10-25,-3.175283095834932e-05,2.1600457658964833
2019-10-28,0.00024859813489740525,2.160582749245178
2019-10-29,0.0003632446509761298,2.1613675693718326
2019-10-30,-0.00076755267447472,2.1597086059134383
2019-10-31,0.0007536743703457789,2.1613363229371303
2019-11-01,-0.00011021642440533197,2.1610981081756786
2019-11-04,0.0003045085269672661,2.161756180977231
2019-11-05,-6.978602399714569e-05,2.1616053206085093
2019-11-06,-0.0002641310133159457,2.161034373604788
2019-11-07,-0.0008399363784279215,2.159219242219364
2019-11-08,0.000715477311573934,2.1607641145978853
2019-11-11,0.00019049388408556265,2.161175726946668
2019-11-12,0.0002685213981328167,2.1617560488744783
2019-11-13,1.2358437938600165e-05,2.161782764802447
2019-11-14,0.0004330534020112613,2.1627189321831537
2019-11-15,-0.000147535234846409,2.162399854937587
2019-11-18,0.0007357802748044036,2.1639909060970903
2019-11-19,5.169801128023403e-05,2.164102780123364
2019-11-20,0.0032530025131113187,2.171142611905736
2019-11-21,-0.00014613269002675293,2.1708253369954265
2019-11-22,0.0002846160714290468,2.171443188774601
2019-11-25,0.00010927808233367772,2.1716804799221667
2019-11-26,0.0004987180462464767,2.172763536168185
2019-11-27,-4.984652306043492e-05,2.172655231460475
2019-11-29,-0.00018668761096961894,2.172249623645853
2019-12-02,0.0005268669581115367,2.1733941101973224
2019-12-03,0.0004742514373008149,2.1744248454779047
2019-12-04,-0.0006330717120617996,2.173048278618228
2019-12-05,9.730317736328786e-06,2.1730694230684358
2019-12-06,-5.4404711748375253e-05,2.1729511978528646
2019-12-09,0.0007147232351894268,2.1745042565629027
2019-12-10,0.00024158899572831216,2.175029592862453
2019-12-11,0.0007656943083753469,2.1766950006422556
2019-12-12,0.0,2.1766950006422556
2019-12-13,6.565272019263371e-05,2.176837906590077
2019-12-16,0.00029734490736271286,2.177485178255756
2019-12-17,0.0,2.177485178255756
2019-12-18,0.0002570308902993219,2.1780448592097366
2019-12-19,0.0003449447479547151,2.1787961643447304
2019-12-20,0.0,2.1787961643447304
2019-12-23,0.0,2.1787961643447304
2019-12-24,0.0,2.1787961643447304
2019-12-26,0.0,2.1787961643447304
2019-12-27,0.0,2.1787961643447304
2019-12-30,0.0006668953234123708,2.1802491933174006
2019-12-31,0.0,2.1802491933174006
2020-01-02,-0.0002045781482580563,2.1798031619746907
2020-01-03,-0.00010649419718708085,2.1795710255869305
2020-01-06,-0.0002062544516675332,2.1791214793601776
2020-01-07,0.00022722076493689294,2.1796166210096084
2020-01-08,-0.00042861506004053453,2.178682404500729
2020-01-09,-0.00024887958950047537,2.178140174918245
2020-01-10,0.002411765832037557,2.183393338969501
2020-01-13,-3.157450578695625e-05,2.1833243994038845
2020-01-14,0.00024272655851161033,2.1838543502214662
2020-01-15,0.001026799620042409,2.1860967310385013
2020-01-16,-0.00024232012779310273,2.185566995799268
2020-01-17,-4.381440668828255e-05,2.1854712364780697
2020-01-21,0.00238347785536533,2.190680258773753
2020-01-22,0.0007785024833496452,2.1923857087954333
2020-01-23,0.00030412267471246747,2.1930524630011936
2020-01-24,0.0015165894985561443,2.1963784233363635
2020-01-27,0.0002547828648128661,2.1969380229232747
2020-01-28,-0.00027411499346823617,2.196335809271471
2020-01-29,0.0005034504291609719,2.1974415554772304
2020-01-30,0.00016543400093141565,2.197805087025566
2020-01-31,0.0050462112908061995,2.208895675870706
2020-02-03,-0.0009432519523741266,2.2068121307118505
2020-02-04,0.00013218564244944168,2.207103839591114
2020-02-05,0.001182799883291698,2.209714401754995
2020-02-06,0.0011204939011621895,2.212190373265472
2020-02-07,0.0028719865109939485,2.218543754177241
2020-02-10,0.00016097488202828877,2.2189008839963447
2020-02-11,0.00026063019444392616,2.2194791965651923
2020-02-12,-0.001083828055952203,2.2170736627423526
2020-02-13,0.0017633607830039124,2.220983163492263
2020-02-14,-0.0015249731566916627,2.2175962237864733
2020-02-18,0.001653437337957388,2.221262880183395
2020-02-19,0.00027498460018542684,2.221873693268409
2020-02-20,-0.0003088541816074074,2.2211874582872393
2020-02-21,0.0013789434720645301,2.2242503502330764
2020-02-24,0.0008378174421457443,2.2261138659722004
2020-02-25,0.001885696823909113,2.230311641818924
2020-02-26,1.6970655566377817e-06,2.2303154268039918
2020-02-27,0.0013876754199423258,2.2334103807004855
2020-02-28,-0.0002926912224888123,2.232756681085839
2020-03-02,0.0022564833575697877,2.2377948593782118
2020-03-03,0.00013951794453614025,2.2381070719172853
2020-03-04,0.0012076648170062138,2.2408099550847327
2020-03-05,0.002334661455446813,2.2460414877158508
2020-03-06,0.0009703016988521199,2.2482208255870737
2020-03-09,0.0006146470548308508,2.2496026878961306
2020-03-10,-0.0017496579210385071,2.2456666527340636
2020-03-11,0.0036688681555823743,2.253905707604333
2020-03-12,0.005341206539111335,2.26594428350833
2020-03-13,-0.0032028830149342757,2.2586867290498933
2020-03-16,0.021448996054721805,2.307133291790137
2020-03-17,-0.010932056502251961,2.2819115802860606
2020-03-18,0.013452920642498013,2.3126099556888464
2020-03-19,-0.001868710879814757,2.3082883563038825
2020-03-20,0.007471281481091298,2.3255342283533547
2020-03-23,0.008389199015952436,2.34504359781342
2020-03-24,-0.002452946796525228,2.339291330632452
2020-03-25,0.01968709103964063,2.385345172026855
2020-03-26,-0.0003302304697066277,2.3845574583702844
2020-03-27,0.016286308374714748,2.4233930964745287
2020-03-30,-0.0019121160326171147,2.4187592876814263
2020-03-31,0.005560781681508984,2.432209480020345
2020-04-01,0.002585578167235253,2.4384981477500283
2020-04-02,0.00027155459607692536,2.439160333129575
2020-04-03,-0.0004067477351723318,2.438168210188352
2020-04-06,-0.0026177841339253063,2.43178561213188
2020-04-07,0.002633196906868748,2.4381889824839136
2020-04-08,0.0011442750669592484,2.440978941345105
2020-04-09,0.00256821149709526,2.447247891526435
2020-04-13,0.0017632441888629482,2.4515629871498756
2020-04-14,0.001406810953074558,2.4550118728123502
2020-04-15,0.0031700058445024576,2.4627942747974885
2020-04-16,-0.000601649658578244,2.461312535462908
2020-04-17,0.0003251376965795106,2.462112800951251
2020-04-20,0.00031611765396553134,2.462891118273686
2020-04-21,0.002162064797623243,2.4682160484608846
2020-04-22,-0.002223359605207421,2.4627283166018117
2020-04-23,0.0003273319256144843,2.4635344462039503
2020-04-24,0.0021734409562726618,2.4688887928665184
2020-04-27,0.0030522199930201836,2.476424384600649
2020-04-28,0.004158888632019143,2.4867235578218194
2020-04-29,0.0012764484102826298,2.489897732154014
2020-04-30,-0.0017667726375617794,2.485498648970517
2020-05-01,0.0009135019238861233,2.4877691567681683
2020-05-04,0.00045319375740601877,2.4888965982198825
2020-05-05,0.001569045520720108,2.492801790278855
2020-05-06,-0.0006923655058717588,2.4910758603062906
2020-05-07,0.0054505315462238645,2.5046535478669267
2020-05-08,0.00038496174571661884,2.505617743669129
2020-05-11,0.003671403747330818,2.5148168780426143
2020-05-12,0.0005639858783538968,2.5162351992484764
2020-05-13,0.0009165912688179123,2.5185415584624
2020-05-14,0.001822359919435175,2.5231312476539736
2020-05-15,0.00011080185288550904,2.523410815271287
2020-05-18,-0.0010880553106628016,2.5206652047327474
2020-05-19,0.0007246409388702228,2.522491781933282
2020-05-20,0.0013454100758839072,2.525885567793029
2020-05-21,0.00048606307568066205,2.527113307500928
2020-05-22,-0.0006767857227862722,2.5254029932945485
2020-05-26,-0.0002981670840484613,2.5246500012479904
2020-05-27,0.0015526473077423658,2.52856989227542
2020-05-28,-0.0005456219001611,2.5271902491661065
2020-05-29,0.0003304119056341004,2.5280252629122337
2020-06-01,0.0031992747797940633,2.536113110378551
2020-06-02,-0.0007661118078858464,2.5341701641785557
2020-06-03,0.002218698181164115,2.539792722912579
2020-06-04,0.0011478752932751492,2.5427080882292503
2020-06-05,0.000898796174501761,2.5449934645318253
2020-06-08,0.003875704201068764,2.554857106394004
2020-06-09,0.0007552998728730629,2.5567867896416723
2020-06-10,-0.00018843554889639178,2.556305000119555
2020-06-11,0.0008014215700868075,2.558353678086372
2020-06-12,0.0,2.558353678086372
2020-06-15,-1.1034274782116218e-05,2.558325448508898
2020-06-16,-0.0008378277550658347,2.556182012441646
2020-06-17,0.00047424016918310683,2.557394256631689
2020-06-18,0.0011263854151849857,2.560274868223237
2020-06-19,0.0011682313180618313,2.563265861507142
2020-06-22,0.0038773848057416377,2.573204629611626
2020-06-23,0.0018016842616353744,2.5778407318947645
2020-06-24,-0.005729816170198087,2.5630701783849585
2020-06-25,0.0006357660902045208,2.56469969149119
2020-06-26,0.004759709777121049,2.5769069176881603
2020-06-29,-0.0011671358945377006,2.573899317127644
2020-06-30,0.0016122867080432804,2.5780491807844905
2020-07-01,-0.0004981716195247134,2.5767648698488848
2020-07-02,0.0058389526522458195,2.5918104779199025
2020-07-06,-0.0014308300012552421,2.5881020377305273
2020-07-07,0.003512862691832202,2.5971936848215256
2020-07-08,-0.0028131984877779338,2.5898872634749193
2020-07-09,0.0029633050967414983,2.59756188960276
2020-07-10,0.0024641356882543785,2.60396263455738
2020-07-13,-0.0007730746197653201,2.601949577133787
2020-07-14,0.002167627097017638,2.607589633542256
2020-07-15,-0.004318041035442296,2.5963299545010265
2020-07-16,0.001449179086581459,2.6000925015729544
2020-07-17,0.0012707410998836846,2.6033965459782027
2020-07-20,0.002932806350146012,2.6110318039001954
2020-07-21,0.005990247320024487,2.626672530166007
2020-07-22,0.0023027285419618083,2.6327210439716078
2020-07-23,2.903113992431067e-05,2.632797474864617
2020-07-24,0.00014233447803675003,2.633172212718978
2020-07-27,0.0007785782781370276,2.635222343406395
2020-07-28,-0.0003036203866136394,2.634422236179677
2020-07-29,-0.0003588094157053696,2.633476980676392
2020-07-30,0.00033188255594521335,2.634350985747762
2020-07-31,0.0009479651499192617,2.6368482586749065
2020-08-03,-0.0007440679967510622,2.6348862642733377
2020-08-04,0.0008651306433083254,2.6371657851221926
2020-08-05,0.0003151185089030144,2.63799680487213
2020-08-06,0.0005848704952004644,2.639539691369733
2020-08-07,-0.0011517215651334683,2.636499676585157
2020-08-10,-0.000676141007285926,2.6347170310381216
2020-08-11,0.0015632291120537848,2.6388356974030645
2020-08-12,0.0009616185082479909,2.6413732506499126
2020-08-13,0.0007056651831194113,2.6432371757885194
2020-08-14,0.0007536937924869379,2.645229367239982
2020-08-17,-1.7243382525383142e-05,2.6451837545381354
2020-08-18,2.6681177330627227e-05,2.645254331154962
2020-08-19,0.00017525766948744837,2.6457179322642417
2020-08-20,-0.0008175874927941595,2.6435548263733613
2020-08-21,0.001068644686975218,2.646379847193293
2020-08-24,-1.616986058344741e-05,2.646337055600113
2020-08-25,0.0003027407039548764,2.647138209543227
2020-08-26,-0.0001371392506166891,2.646775182992892
2020-08-27,-0.001005552259622561,2.6441137122269205
2020-08-28,4.516028559440561e-05,2.644233121157309
2020-08-31,0.0007717642950409691,2.6462738458679826
2020-09-01,8.51296126306591e-05,2.6464991221353964
2020-09-02,0.0007991892388024435,2.648614175754307
2020-09-03,0.0015734533635960522,2.6527816466380156
2020-09-04,-0.0005677220877726851,2.6512756039031813
2020-09-08,0.0006276757460043899,2.6529397452957246
2020-09-09,0.00016627266648888006,2.653380856661209
2020-09-10,0.00037718859494988215,2.6543816816584003
2020-09-11,0.00033477068058044586,2.6552702908204897
2020-09-14,-0.00021928740781395554,2.6546880234813703
2020-09-15,-0.0002653610834000631,2.65398357259137
2020-09-16,-3.893799078379789e-05,2.65388023180348
2020-09-17,0.010903414523595608,2.6828165880668093
2020-09-18,0.0004288325983959889,2.6839670672752898
2020-09-21,0.0006855282351538506,2.68580700248213
2020-09-22,1.3151527667480636e-05,2.685842324947233
2020-09-23,-0.000490401308083665,2.6845251843577724
2020-09-24,0.0008687862132085154,2.686857462826953
2020-09-25,0.00047617673356045617,2.6881368818371443
2020-09-28,5.888455102816707e-05,2.6882951715705334
2020-09-29,-0.0005925757782339795,2.686702152967117
2020-09-30,-0.0005048392992176596,2.6853458001350066
2020-10-01,0.0002544518733628009,2.6860290914044778
2020-10-02,0.00042285997171404857,2.687164905590092
2020-10-05,-0.00030223885488806504,2.686352739946131
2020-10-06,0.0004894121852150216,2.6876674737108464
2020-10-07,0.0005767227652460123,2.6892175127283466
2020-10-08,-0.0002507844107813209,2.6885430988989545
2020-10-09,7.395746335143854e-06,2.688562982681725
2020-10-12,0.001084412852100676,2.691478494933827
2020-10-13,0.0009548593953588387,2.6940484784621206
2020-10-14,0.0009634794361235438,2.6966441387710387
2020-10-15,9.755120411767116e-06,2.6966704448593197
2020-10-16,-0.0011214291524661074,2.6936463200078604
2020-10-19,0.0012094205274889574,2.6969040711610726
2020-10-20,-2.5518519263953432e-05,2.6968352501625796
2020-10-21,-0.0003563643202414151,2.6958741943018523
2020-10-22,-9.042115350077337e-05,2.6956304302475105
2020-10-23,-0.00012657360539999334,2.695289234585128
2020-10-26,0.00037215277909366425,2.69629229396424
2020-10-27,9.15254327917183e-05,2.6965390732833785
2020-10-28,0.0004678450973053801,2.6978006358685067
2020-10-29,-0.0003291399003389812,2.6969126820360825
2020-10-30,-0.0012590796192448214,2.6935170542432476
2020-11-02,-0.0007825016851630176,2.6914093726092867
2020-11-03,-0.0002472369002152649,2.6907439568987925
2020-11-04,-0.00011786856291352511,2.690426802775425
2020-11-05,0.00010764617113744659,2.690716416919469
2020-11-06,0.001064013954556911,2.6935793767348266
2020-11-09,-0.003517819020987556,2.684103851968809
2020-11-10,-0.0028611627489363574,2.6764241940132796
2020-11-11,0.008435139663393043,2.699000205888266
2020-11-12,0.010833371810875837,2.728239478636284
2020-11-13,0.000647795136656779,2.7300068189021793
2020-11-16,0.0006992410143495544,2.7319157516394097
2020-11-17,0.0012903529172892877,2.735440887099326
2020-11-18,0.00041032124081628277,2.7365632965983
2020-11-19,3.9512475524084916e-05,2.736671424988577
2020-11-20,0.00022764272199376869,2.737294408320964
2020-11-23,0.0004701984107042848,2.738581479801386
2020-11-24,-0.0019327896115211912,2.7332883779669217
2020-11-25,0.0012059591447242397,2.7365846120814994
2020-11-27,0.0006926929247732871,2.7384802248803317
2020-11-30,0.0041737533690786865,2.7499099659450814
2020-12-01,0.0011378592197556952,2.7530389763533303
2020-12-02,0.0007597571181968019,2.755130617312288
2020-12-03,0.001030076042023857,2.7579686113538275
2020-12-04,-7.644118932209923e-05,2.7577577889530627
2020-12-07,0.0016126812997363416,2.7622051733685096
2020-12-08,0.01046231740032997,2.7911042406171243
2020-12-09,0.0009608652616520946,2.7937861157235835
2020-12-10,-0.0003549980056304947,2.7927943272243434
2020-12-11,0.0009278189284383057,2.7953855346643772
2020-12-14,-4.114239068120459e-05,2.7952705258206056
2020-12-15,-0.0007846388360872016,2.793077248008677
2020-12-16,0.0008461442384429063,2.7954405942296052
2020-12-17,1.3367524231081284e-05,2.795477962349485
2020-12-18,0.00042775273888038184,2.7966737357043594
2020-12-21,0.0010233758391256732,2.7995357840353963
2020-12-22,-0.0005141475403589229,2.7980964095978877
2020-12-23,0.0017815562369792612,2.803081375708076
2020-12-24,-0.0010390172222106838,2.8001689258834572
2020-12-28,0.0018613099024125444,2.805380908033632
2020-12-29,0.00010598983832199965,2.805678249902506
2020-12-30,0.0016651358235708214,2.8103500852658323
2020-12-31,0.00037534732714358907,2.8114049426586742
2021-01-04,0.00048324122000759036,2.8127635294131
2021-01-05,3.4511556015049387e-05,2.812860602259202
2021-01-06,-0.0007664918989128998,2.8107045673947995
2021-01-07,0.00046744334647403946,2.812018412543732
2021-01-08,3.696868650898103e-05,2.8121223691708828
2021-01-11,0.0011415622351654145,2.815332581868192
2021-01-12,0.0005665806018879567,2.8169276946969415
2021-01-13,0.00045477311063936367,2.8182087576671053
2021-01-14,-0.0001473602047745097,2.8177934658474784
2021-01-15,0.0019930087398422063,2.823409352851983
2021-01-19,0.00046336777843647566,2.8247176297714307
2021-01-20,0.00015963022074282605,2.825168540070207
2021-01-21,-0.0006216819795352489,2.8234121836996953
2021-01-22,-0.00021413801507763473,2.822807583818932
2021-01-25,-0.0003655878554946719,2.8217755996478893
2021-01-26,0.0015749271059273466,2.826219690526619
2021-01-27,0.0013168858510892473,2.829941499249143
2021-01-28,-0.0007730695252396181,2.8277537577178626
2021-01-29,0.002401736682614107,2.8345452776471736
2021-02-01,0.0020161044714686357,2.840260017056018
2021-02-02,0.0006406908507089778,2.8420797456625806
2021-02-03,0.0009903984324621418,2.8448945369876175
2021-02-04,0.00030054112555356053,2.8457495447938452
2021-02-05,0.0012094339941735204,2.8491912910322226
2021-02-08,0.0010744811942446104,2.8522526934932424
2021-02-09,-0.002554170506300257,2.8449675537870065
2021-02-10,0.00298068208960385,2.8534474976200834
2021-02-11,-0.0001192712958059311,2.853107163239528
2021-02-12,-0.0003135921574632478,2.852212451208734
2021-02-16,0.0013839361125566165,2.8561597310206457
2021-02-17,0.0009650632917581139,2.8589161059324515
2021-02-18,-0.0002049811268809861,2.8583300820873996
2021-02-19,2.8908311055356445e-05,2.8584127115825115
2021-02-22,0.00023309012056076383,2.8590789793460667
2021-02-23,0.00019541478677827592,2.8596376856551977
2021-02-24,-0.00014390344223057287,2.8592261739486995
2021-02-25,0.0015583394833220399,2.8636818189873114
2021-02-26,0.000217073387756314,2.864303448101215
2021-03-01,-3.3701793535288425e-05,2.8642069159377845
2021-03-02,0.0004201805205518735,2.865410399890692
2021-03-03,0.00011646704101885175,2.8657441257612715
2021-03-04,0.0008361535715344201,2.8681403279471307
2021-03-05,-0.0009555303918966001,2.865399732695553
2021-03-08,-0.0002009622831321233,2.8648238954231844
2021-03-09,-0.00014862273390575792,2.864398117463688
2021-03-10,0.0002458420365296067,2.865102306930317
2021-03-11,-0.0002916475291844685,2.86426670692164
2021-03-12,0.0004468539372454412,2.865546615776949
2021-03-15,0.0014885738016563537,2.8698121933966196
2021-03-16,0.0004042324363560336,2.8709722645714404
2021-03-17,-0.0003881813856375317,2.869857806579652
2021-03-18,0.0037095643749388775,2.8805037288600803
2021-03-19,-0.001738517113810483,2.8754959238310622
2021-03-22,0.0005425757164021736,2.877056098091946
2021-03-23,0.001890940311102683,2.882496439445132
2021-03-24,0.0004367286946327073,2.8837553083524146
2021-03-25,0.00017065845741346048,2.884247445584896
2021-03-26,-0.0005514706865658293,2.8826568676658537
2021-03-29,0.0007998519652164314,2.8849625664265006
2021-03-30,0.0012474451001930921,2.88856139884423
2021-03-31,-0.0044092973391417645,2.8758248727543583
2021-04-01,0.002903927612069573,2.884176060009826
2021-04-05,-0.00032105107246733485,2.883250092192575
2021-04-06,0.0013445193768099116,2.8871266778097175
2021-04-07,-0.0006249820149457484,2.8853222755612165
2021-04-08,-0.00018654786262411354,2.884784024857729
2021-04-09,0.0034050852351454556,2.8946069603473554
2021-04-12,0.008904203157664334,2.9203811287838772
2021-04-13,0.0003220420827983059,2.9213216144051555
2021-04-14,-0.0003070086112898356,2.920424743513186
2021-04-15,-0.0017788357345713908,2.9152297876192983
2021-04-16,3.986720111657107e-05,2.9153460096715422
2021-04-19,0.010735025370297798,2.9466423230485628
2021-04-20,0.0002243946768716771,2.9473035339004996
2021-04-21,-0.0006095275244214266,2.9455070712737625
2021-04-22,0.0005433144749381093,2.947107407901618
2021-04-23,-0.0004176288263897814,2.945876610893612
2021-04-26,0.00043719355829844323,2.947164529171437
2021-04-27,0.0035195953171518763,2.9575373556471845
2021-04-28,0.0018338547654989847,2.9629610496209793
2021-04-29,0.0002985073113375339,2.9638455151574994
2021-04-30,0.000344015227407001,2.9648651231463954
2021-05-03,-9.755739268748709e-05,2.964575878635311
2021-05-04,0.0009965676599386858,2.967530279081393
2021-05-05,0.0010718932916827478,2.9707111548804055
2021-05-06,0.0007331434867503905,2.972889112414623
2021-05-07,0.0026065006051073656,2.980637949685049
2021-05-10,0.001009495078734181,2.9836468890267445
2021-05-11,-0.0012662022233404944,2.979868988702196
2021-05-12,0.0009938673030908238,2.9828305830575617
2021-05-13,-0.0010181391376209155,2.979793646500058
2021-05-14,0.0002773797859743956,2.9806201810239714
2021-05-17,-0.0003177821363435702,2.9796729931752166
2021-05-18,0.0017223806602997876,2.984805124312679
2021-05-19,-0.0002498366931961606,2.9840594104705858
2021-05-20,0.00017475387280223526,2.984580886409238
2021-05-21,0.000274256614904597,2.9853994274600533
2021-05-24,-9.801177433520469e-05,2.9851068231650686
2021-05-25,0.0005061911387223662,2.986617857787094
2021-05-26,0.0003098938725227199,2.9875433923607893
2021-05-27,-0.00024876753930188505,2.986800188542514
2021-05-28,0.0005144360941409593,2.9883367063654873
2021-06-01,-0.000425933957080917,2.987063872287055
2021-06-02,0.0006353418788833345,2.9889616790600186
2021-06-03,-5.8752814059829375e-05,2.988786069150257
2021-06-04,8.686931107562686e-05,2.989045702937036
2021-06-07,0.000561514534129984,2.990724095542414
2021-06-08,0.0008058512324610545,2.9931341742407582
2021-06-09,-5.4402035447518075e-05,2.9929713416493122
2021-06-10,-0.0002499663971021058,2.9922231993864106
2021-06-11,0.0004960010622488124,2.9937073452717917
2021-06-14,0.0009230806457691739,2.996470778581309
2021-06-15,-0.0018032840966754964,2.9910672904801405
2021-06-16,0.001689015059864169,2.9961192481788284
2021-06-17,0.0014422468966412837,3.0004403918664817
2021-06-18,0.001210791701297891,3.0040733001931925
2021-06-21,-0.0004588517834934073,3.0026948758016543
2021-06-22,0.0005988180666388996,3.0044929437418886
2021-06-23,0.0006012798328582381,3.0062994847569255
2021-06-24,0.0007297461916282453,3.0084933203568207
2021-06-25,-0.004113475773954844,2.996117955967428
2021-06-28,0.006589613005741214,3.0158612138168057
2021-06-29,0.000307354915693243,3.0167881535859213
2021-06-30,0.001331095180376338,3.0208037857573764
2021-07-01,-0.0010492337250135016,3.0176342565487113
2021-07-02,0.00046061106418422037,3.0190242122749393
2021-07-06,-0.0003877263311597568,3.0178536570934313
2021-07-07,0.0016562619392230978,3.0228520132438206
2021-07-08,0.003695161693500703,3.03402194020828
2021-07-09,-0.0005551350740327829,3.0323376482138853
2021-07-12,0.0008206515337712413,3.034826140755804
2021-07-13,0.0029425596419751033,3.0437562976780037
2021-07-14,0.0005227280719885898,3.0453473545390923
2021-07-15,-0.0008722965130423091,3.0426909086607252
2021-07-16,0.0017224118949396223,3.0479316756744272
2021-07-19,0.0027402479722548954,3.0562837642682656
2021-07-20,-0.001081918027476793,3.0529771157666192
2021-07-21,0.0013065858625815649,3.056966092504865
2021-07-22,1.4980022688927276e-05,3.0570118859262903
2021-07-23,-0.00017728079037236842,3.0564699364429755
2021-07-26,0.0009727442714771273,3.0594431000645925
2021-07-27,0.0006964514842435803,3.0615738537525914
2021-07-28,-0.000845465857255573,3.0589853975897774
2021-07-29,0.00010390364365409997,3.0593032373184714
2021-07-30,-0.0003430286534222864,3.0582538086485638
2021-08-02,0.0017150725292806807,3.063498935743345
2021-08-03,3.683200005009455e-05,3.0636117705363
2021-08-04,0.0017348013283159647,3.068926528305271
2021-08-05,-0.001032977451081287,3.0657563964025063
2021-08-06,-0.0014205862078848798,3.061401225149042
2021-08-09,0.0001728919610963167,3.061930516810561
2021-08-10,0.001914625395027092,3.0677929667358548
2021-08-11,-0.0006042979729123782,3.0659391056647416
2021-08-12,0.001442331022385495,3.0703612047495867
2021-08-13,0.0008694394585686655,3.0730306979330546
2021-08-16,-0.0002951273487260054,3.07212376253062
2021-08-17,-0.00019748429502995692,3.0715170663351317
2021-08-18,0.0007463646308071578,3.073809538036365
2021-08-19,0.0006276600056815177,3.075738845348473
2021-08-20,0.0016271294871340251,3.080743470718463
2021-08-23,-0.006141272737126849,3.0618237848316583
2021-08-24,0.0007437717272232283,3.0641010827965554
2021-08-25,0.0010347951878280984,3.067271799852052
2021-08-26,0.0006072244855093566,3.0691343223926344
2021-08-27,-0.0008289818554214974,3.0665900657275196
2021-08-30,0.0006051894605917453,3.0684459337152536
2021-08-31,0.00046864419848069417,3.0698839431004408
2021-09-01,-0.0011437258237831393,3.0663728375586996
2021-09-02,0.0012754227221402992,3.070283759150276
2021-09-03,0.0011528389655821641,3.0738233019032184
2021-09-07,0.00041881039069778433,3.075110651041224
2021-09-08,0.0013899053193005542,3.079384763692544
2021-09-09,-0.0006498911200690556,3.0773834988793443
2021-09-10,0.00034970493312718804,3.0784596750700266
2021-09-13,0.001223059657242957,3.0822248149050537
2021-09-14,-0.0005614829228637145,3.0804941983070577
2021-09-15,-0.0009467070393104437,3.0775778727649654
2021-09-16,0.0005354022905144897,3.0792256150072803
2021-09-17,8.863375597684431e-07,3.079228344240598
2021-09-20,0.0050881263874013845,3.0948958472317627
2021-09-21,0.00022179498220543356,3.095582279601127
2021-09-22,-6.889852202879776e-05,3.0953689985572437
2021-09-23,-0.0002006088627082552,3.0947480401027807
2021-09-24,0.0009094840195357402,3.097562663989744
2021-09-27,0.0024472259435492534,3.1051430997028295
2021-09-28,0.0012928747381668406,3.1091576607748284
2021-09-29,-0.0002127654075547677,3.1084961395779818
2021-09-30,-0.002241581505937446,3.101528192120226
2021-10-01,0.00012418433154657907,3.101913353325537
2021-10-04,0.0022285137247783373,3.108826009806496
2021-10-05,-0.001927763315913611,3.102832929069233
2021-10-06,0.0022110791706342688,3.109693538328656
2021-10-07,-0.00014178304279960065,3.1092526365166178
2021-10-08,0.0018301155517218442,3.114942928120939
2021-10-11,-0.0013578503665274716,3.1107133017242776
2021-10-12,0.0009803166755366995,3.1137627858467716
2021-10-13,-0.00020976080729396304,3.1131096404510905
2021-10-14,-7.228410402341761e-05,3.112884612110004
2021-10-15,-4.651644916617511e-06,3.112870132076122
2021-10-18,0.0001286628881573875,3.1132706429377737
2021-10-19,-0.0005359571657291625,3.1116020632278367
2021-10-20,0.0013771316772008735,3.1158871489959514
2021-10-21,0.0003207614119857345,3.1168866053574518
2021-10-22,0.0003135005799549669,3.1178637511158853
2021-10-25,-0.00014510573558892145,3.1174113312028138
2021-10-26,-0.00024545336052307165,3.1166461521154374
2021-10-27,0.0006094371404335644,3.1185455520341256
2021-10-28,-0.0002898006722394748,3.117641795436737
2021-10-29,0.0003613062843765047,3.1187682190098633
2021-11-01,-8.894548973397661e-05,3.1184908186432567
2021-11-02,0.00010040606175195335,3.1188039340249665
2021-11-03,6.066788782514745e-05,3.1189931452721846
2021-11-04,0.00029466894625935987,3.1199122156956918
2021-11-05,-0.0003003927840321858,3.118975016579283
2021-11-08,-0.0005798860972607693,3.117166366329465
2021-11-09,0.0007570112815339823,3.119526096435195
2021-11-10,9.117119101885781e-05,3.119810507344821
2021-11-11,0.0008116596861491234,3.1223427317620573
2021-11-12,0.0007099504963403561,3.1245594405342167
2021-11-15,0.0006552763336796477,3.126606890388774
2021-11-16,0.0004838839301518097,3.128119805218935
2021-11-17,0.00010967960094495563,3.1284628961508796
2021-11-18,-8.645720816321807e-06,3.1284358483340955
2021-11-19,0.0008615795668490924,3.131131244737219
2021-11-22,-0.00022980770162581664,3.130411686662377
2021-11-23,-0.0001171302864975652,3.130045020644663
2021-11-24,-0.00031825437702340026,3.1290488701165624
2021-11-26,0.0013693296192887061,3.133333569414615
2021-11-29,0.0003364479267341558,3.1343877729978113
2021-11-30,0.00023577734640657685,3.135126790629538
2021-12-01,0.00034943352291371587,3.136222309028769
2021-12-02,-0.000314479131757788,3.135236032560026
2021-12-03,0.003077845348925937,3.144885804200626
2021-12-06,0.00030169578468281026,3.145834602991062
2021-12-07,-0.0006975094040508478,3.1436403537718873
2021-12-08,0.0016401604866862869,3.1487964284644963
2021-12-09,0.00123666607078164,3.1526904381713767
2021-12-10,-0.0002406961582657388,3.1519315976947078
2021-12-13,0.0011939638996799977,3.155694890236616
2021-12-14,-0.000137184115233861,3.1552619790251506
2021-12-15,4.4572762604106484e-05,3.1554026177682957
2021-12-16,0.00034075019311590967,3.1564778218196583
2021-12-17,-3.011251222713557e-05,3.156382772342654
2021-12-20,0.0001319749814923393,3.1567993359006166
2021-12-21,-0.000661341478989129,3.1547116135589404
2021-12-22,0.0010495394954285794,3.1580226079940577
2021-12-23,-0.0008663729486064016,3.155286582635404
2021-12-27,-7.61014360340506e-05,3.1550464607953663
2021-12-28,0.001110152294189791,3.158549042862094
2021-12-29,0.0007806696667260714,3.161014826290723
2021-12-30,-0.0014452699839962548,3.1564463064433177
2021-12-31,0.0006812343087049217,3.1585965859608516
2022-01-03,0.0010178892932053308,3.161811687607256
2022-01-04,0.00025726987371202793,3.162625126500828
2022-01-05,-0.0005132427993754865,3.1610019319275273
2022-01-06,-0.0005438218608376529,3.1592829099747948
2022-01-07,0.0016232971566449452,3.164411364939594
2022-01-10,-0.00030718349568635464,3.1634393099947222
2022-01-11,0.0011761650458909391,3.1671600367359356
2022-01-12,-0.0006707780324206593,3.1650355753581327
2022-01-13,0.0010084775557607309,3.168227442699066
2022-01-14,-0.0007962064374622341,3.1657048796138447
2022-01-18,0.0010613357270689906,3.1690647553039355
2022-01-19,-8.522065493627526e-05,3.168794685529953
2022-01-20,0.0017945304504210708,3.174481184084269
2022-01-21,0.0010183088317446715,3.1777137863102287
2022-01-24,0.0005041306566229513,3.179315769247881
2022-01-25,-0.0002489092347338715,3.17852440819278
2022-01-26,0.0018387827341415158,3.1843690239946123
2022-01-27,-0.0008171186496920132,3.181767016677605
2022-01-28,0.00021515450999110312,3.182451588200984
2022-01-31,-0.0014189023507415774,3.177936000161364
2022-02-01,0.0005611374436185475,3.179719259044478
2022-02-02,0.00017934805210541142,3.18028953549983
2022-02-03,8.541341402664096e-06,3.180316699438512
2022-02-04,0.001172789868533306,3.1840465426423403
2022-02-07,0.0024229095965615523,3.191761199566407
2022-02-08,0.0011833141542559207,3.1955380557708586
2022-02-09,-0.002737739098036378,3.186789506296311
2022-02-10,0.007959258300777967,3.2121539871271323
2022-02-11,-0.0019776451934588953,3.2058014862338404
2022-02-14,0.0018140562891415485,3.2116169905816823
2022-02-15,-0.0009939663999573014,3.2084247512035122
2022-02-16,0.0019135215203420106,3.2145641410113384
2022-02-17,0.0023983309887288654,3.2222737298059823
2022-02-18,0.002497669546455714,3.2303219047712632
2022-02-22,-0.001481930713647443,3.2255347915256145
2022-02-23,-0.0021663708136123432,3.218547087094962
2022-02-24,0.0018341851190071619,3.2244504982669353
2022-02-25,0.007680739761471978,3.2492166634178723
2022-02-28,0.0020721393464228936,3.2559494931111934
2022-03-01,0.003996397519746155,3.2689615615898817
2022-03-02,-0.0014046196311585846,3.26436991400697
2022-03-03,0.0013270515380578232,3.2687019011221428
2022-03-04,-5.239112914072202e-05,3.2685306501387186
2022-03-07,0.0002493414446194483,3.269345630292807
2022-03-08,0.00040195822213707355,3.2706597706499108
2022-03-09,-0.001566915435781063,3.265534923370091
2022-03-10,0.0027677738675052125,3.2745731855944205
2022-03-11,-0.0005118365124726277,3.2728971394752695
2022-03-14,-0.0028753356251215575,3.2634864617327777
2022-03-15,-0.004989747670943268,3.2472024877611916
2022-03-16,-0.008221290601466197,3.220506292467503
2022-03-17,0.013435755471641813,3.26377622750798
2022-03-18,-0.0024194070545245686,3.2558798242787574
2022-03-21,0.002261280351149554,3.263242281351103
2022-03-22,0.0019359586512232236,3.2695597834767223
2022-03-23,0.006069568075218155,3.2894045991585297
2022-03-24,0.0002344508652422499,3.2901758029129344
2022-03-25,0.0030256804032068826,3.3001308233629136
2022-03-28,-0.0015530880782664448,3.295005429524429
2022-03-29,0.001240173913835833,3.299091809304073
2022-03-30,0.00430909084282204,3.3133078956091744
2022-03-31,-0.0012186807941939432,3.309270030911544
2022-04-01,0.00034798736822211677,3.3104216150803376
2022-04-04,0.002170860319464194,3.317608078005212
2022-04-05,0.0007094934631701135,3.3199618992499174
2022-04-06,-0.00015916074295935378,3.3194334916474357
2022-04-07,-0.00024695723082780095,3.3186137335444212
2022-04-08,0.0031890546263154546,3.3291969740243346
2022-04-11,-0.0004477011058626199,3.3277064888574293
2022-04-12,0.0002242680033973289,3.3284527869475773
2022-04-13,-0.0005258619292274098,3.3267024803436906
2022-04-14,0.002596548217524091,3.33534042373926
2022-04-18,-0.00045068247371114165,3.3338372442664204
2022-04-19,-0.00031466714446346054,3.332788195220661
2022-04-20,0.0021353813176567295,3.339904968868442
2022-04-21,0.0002767949042821986,3.3408294375446115
2022-04-22,5.025804688447918e-05,3.3409973411071165
2022-04-25,-0.0007374297280569088,3.338533590346425
2022-04-26,0.0026875984570611574,3.347506228072687
2022-04-27,-0.0011231320953861764,3.3437465363884336
2022-04-28,2.531908596418702e-05,3.343831196994431
2022-04-29,-1.4601496042212564e-06,3.343826314500632
2022-05-02,0.0004714215787609406,3.345402666380916
2022-05-03,-0.00019853774031929194,3.3447384776950746
2022-05-04,-9.122204255174594e-05,3.3444333638193378
2022-05-05,0.0004576337889387223,3.345963889531476
2022-05-06,0.0008560658937345374,3.3488282550989705
2022-05-09,0.00037756908190147764,3.350092669108694
2022-05-10,-1.6051934919758043e-06,3.350087291561744
2022-05-11,0.003968953646928938,3.3633836327351183
2022-05-12,-0.001483297747877556,3.358394733367434
2022-05-13,0.0002478284904529776,3.35922703926455
2022-05-16,0.0009646071023293846,3.3624673735249617
2022-05-17,0.0021316561395424752,3.369634997745748
2022-05-18,0.0021865285112444796,3.3770028007408066
2022-05-19,-0.0009327257255294139,3.373852983353371
2022-05-20,0.0005950069666707728,3.375860449382989
2022-05-23,0.00173992450566045,3.38173419170656
2022-05-24,0.00016437107806194852,3.3822900510013696
2022-05-25,0.0005531327795019397,3.3841609064983613
2022-05-26,-0.000739089250953961,3.3816597095488694
2022-05-27,-0.011460553693659819,3.3429040168738986
2022-05-31,-0.0004177041792755898,3.3415076718951333
2022-06-01,-0.0006504477441012278,3.339334195768052
2022-06-02,0.0028866405272921776,3.348973653191729
2022-06-03,0.0003587825384641022,3.350175206460271
2022-06-06,0.012344925028170755,3.3915328682152595
2022-06-07,0.0006943853182454735,3.3938878988452954
2022-06-08,3.227677989463425e-05,3.3939974426179935
2022-06-09,0.0006221907550112614,3.3961091564493224
2022-06-10,0.0008950884617960773,3.39914897457026
2022-06-13,0.0017937859960665073,3.4052463203993883
2022-06-14,-0.004126924097446514,3.391193127301991
2022-06-15,-0.0013028722269017954,3.386774835960369
2022-06-16,0.004151738110728768,3.4008358381192827
2022-06-17,-0.017824066372838347,3.340219114417517
2022-06-21,0.00019250010822294088,3.340862106958531
2022-06-22,-0.0005003457701818814,3.339190520734553
2022-06-23,0.01681560436950312,3.3953410274456206
2022-06-24,0.0011392024014912397,3.399209008097969
2022-06-27,0.0012575877765783363,3.4034838117965878
2022-06-28,0.0025118972460004075,3.4120330134102463
2022-06-29,0.018739197106214283,3.475971772581451
2022-06-30,0.0009737514109118268,3.479356504999292
2022-07-01,-0.00046418641964764617,3.4777414349605587
2022-07-05,0.0040438050039467545,3.4918047431776853
2022-07-06,-0.0004271662829643851,3.4903131619247048
2022-07-07,-0.0021481765085733257,3.4828153531826938
2022-07-08,0.0013192915520550215,3.487410202055515
2022-07-11,0.001940866406557827,3.494178799362572
2022-07-12,-0.0013947977839442217,3.4893051265165163
2022-07-13,0.001214285299175386,3.493542138435983
2022-07-14,-0.005430782994599842,3.4745694691996465
2022-07-15,0.0009600960151577927,3.4779053895014145
2022-07-18,-0.0012951999297064996,3.4734008066854063
2022-07-19,0.0002684778825293568,3.4743333379791608
2022-07-20,0.004011058227633956,3.488269091300005
2022-07-21,-0.0014477434942559847,3.483218972416861
2022-07-22,0.002589737501709136,3.492239595216394
2022-07-25,-0.004278135850406262,3.4772993198058906
2022-07-26,0.0028271096241669616,3.487130026179023
2022-07-27,0.0007110613590327098,3.4896095895945614
2022-07-28,0.00464975473635265,3.5058354183118
2022-07-29,-0.0031491123739170565,3.494795148615078
2022-08-01,0.0002707321912002551,3.495741302163459
2022-08-02,0.00409565896684994,3.5100586663734523
2022-08-03,-0.0005863491652294382,3.5080005464045176
2022-08-04,0.001088836464883452,3.5118201853182742
2022-08-05,0.0011222131480254764,3.51576119610374
2022-08-08,-0.0004451588194842223,3.514196124000094
2022-08-09,0.00041283341544821254,3.51564690158852
2022-08-10,-0.000311798051386717,3.514550729735241
2022-08-11,-0.001551450318813587,3.5090980788851067
2022-08-12,0.000401209004983763,3.510505960633727
2022-08-15,0.002166390607344478,3.518111087773871
2022-08-16,0.004118060416046887,3.5325988817836884
2022-08-17,0.0008370348706379136,3.535555790231718
2022-08-18,-0.0002918490511965345,3.5345239416288865
2022-08-19,0.0026169721359752224,3.5437736922980667
2022-08-22,-1.2153845331438946e-05,3.5437306218207207
2022-08-23,-0.0006898436458615424,3.5412860017686127
2022-08-24,-2.5353340020240546e-05,3.5411962183405006
2022-08-25,-0.00011002472506884816,3.5408065992001627
2022-08-26,0.0010316653701407917,3.5444595267509236
2022-08-29,-0.0007029770461497996,3.541967853062611
2022-08-30,0.0007977678460814609,3.5447935211276387
2022-08-31,-0.00010493151589854479,3.5444215605699196
2022-09-01,-0.0008264718236121137,3.5414921960191057
2022-09-02,0.00035030889897067066,3.5427328122510064
2022-09-06,0.0007882127785788435,3.545525239524713
2022-09-07,-0.0003692186683690024,3.5442161654171067
2022-09-08,0.0006446336984932236,3.5465008865920793
2022-09-09,0.0006131649288813958,3.5486754765559843
2022-09-12,-0.0019490217908513013,3.541759030723517
2022-09-13,0.0007373903486169824,3.5443706896498997
2022-09-14,-0.0007352746127319801,3.541764603863689
2022-09-15,0.00018046735581934604,3.542403776756683
2022-09-16,-3.751296346296554e-05,3.5422708906932345
2022-09-19,0.0,3.5422708906932345
2022-09-20,0.0001490759242313627,3.542798958000142
2022-09-21,-0.0001104804921568161,3.5424075478276498
2022-09-22,0.0001957033305708835,3.5431008087829987
2022-09-23,0.0004577671365164763,3.5447227238946244
2022-09-26,0.00026437816350673957,3.5456598711785086
2022-09-27,0.00016059694014113524,3.5462292933046005
2022-09-28,-0.0011063236399787017,3.5423060160046322
2022-09-29,0.0019765493090533695,3.549307558513022
2022-09-30,-0.0007247034112602333,3.546735363217756
2022-10-03,0.0011288597968572794,3.5507391301793843
2022-10-04,-0.0014668752254712249,3.545530638917213
2022-10-05,0.0019813967085025525,3.5525557416550586
2022-10-06,0.0007266757768805818,3.5551372978585376
2022-10-07,0.0009159778607306444,3.5583937249152338
2022-10-10,-0.0003624357907603219,3.5571040356717076
2022-10-11,-0.0005444917513346457,3.5551672218656454
2022-10-12,-0.0003146730931659722,3.5540485063992184
2022-10-13,0.009640696241646755,3.5883120084774913
2022-10-14,0.0023228148585595835,3.5966469929279308
2022-10-17,-0.002011094431395073,3.5894137961887598
2022-10-18,0.001335070511624519,3.59420591670207
2022-10-19,0.0006060094344379935,3.5963840393969044
2022-10-20,-0.0013319842790953302,3.5915937123948383
2022-10-21,-0.0003171484156704636,3.5904546441392204
2022-10-24,0.0005102392228992404,3.592286634926701
2022-10-25,-0.0002913090248051931,3.5912401694102596
2022-10-26,-0.0008956854867790422,3.5880235477109808
2022-10-27,0.0011162740983972808,3.59202876546173
2022-10-28,-0.0011452229388927292,3.5879150917223606
2022-10-31,0.0017518547255140399,3.5942005977305373
2022-11-01,-0.0006196491219754453,3.59197345448595
2022-11-02,0.0027580363666049957,3.6018802479013026
2022-11-03,-0.0026464466692394466,3.592348063916245
2022-11-04,-0.0016646837283364917,3.5863679405477225
2022-11-07,0.003921242681205653,3.600430959586706
2022-11-08,-0.001098218399326884,3.5964769000613814
2022-11-09,0.004768442238602993,3.613626492421794
2022-11-10,-0.006673598486179918,3.5895106001323485
2022-11-11,-0.006081158657294759,3.5676822166709026
2022-11-14,0.004777075808152376,3.584725305079337
2022-11-15,0.0038395455095362333,3.598489021027375
2022-11-16,0.0037284162524533968,3.611905685977648
2022-11-17,-0.0014935705962263865,3.6065110498487294
2022-11-18,0.0013670558690935036,3.6114413519463757
2022-11-21,0.00020876885703318156,3.612195308429664
2022-11-22,-0.000386874138901529,3.6107978434801713
2022-11-23,0.0001906833676630821,3.6114863625729163
2022-11-25,0.001584728002885105,3.6172095861437232
2022-11-28,-0.0007555010793076029,3.61447678039731
2022-11-29,0.0012744106290747265,3.6190831080247925
2022-11-30,-0.0007033996058151187,3.616537446393196
2022-12-01,0.0025595504839349527,3.62579415656428
2022-12-02,-0.005544729917320076,3.605690107230334
2022-12-05,0.009361458703614337,3.6394446262672018
2022-12-06,-0.0011026782276113577,3.6354314899172198
2022-12-07,0.0003637246791267573,3.6367537860693773
2022-12-08,-0.0018204126155555915,3.6301333935975473
2022-12-09,0.004444767680971854,3.646268493183026
2022-12-12,0.0008711304694124178,3.6494448687670964
2022-12-13,0.00010415185395643374,3.6498249652160903
2022-12-14,0.0002478261428751097,3.650729487259389
2022-12-15,5.206620394855412e-05,3.6509195668854333
2022-12-16,-0.00024024348260329604,3.65004245725398
2022-12-19,0.0013849441891546944,3.655097562345322
2022-12-20,-0.001074507729879144,3.6511701317611194
2022-12-21,-0.0008212330165954528,3.64817167029971
2022-12-22,0.0012039446519697306,3.652563867071635
2022-12-23,0.0005420160905074362,3.654543615459194
2022-12-27,0.00016835774266255263,3.655158886172755
2022-12-28,-0.0004923803806647647,3.6533591576489908
2022-12-29,0.0003484331340691852,3.654632109030171
2022-12-30,-0.0003933820301422027,3.653194442431698
2023-01-03,0.000504107013060542,3.655036043370201
2023-01-04,-0.00033267612814116463,3.6538201001310764
2023-01-05,0.003716226814229812,3.6673985243615554
2023-01-06,0.0003280331206009442,3.6686015525439895
2023-01-09,0.0022824804030948842,3.6769750636944347
2023-01-10,-0.0009583473850540758,3.673451244257234
2023-01-11,-0.0001184936930500077,3.6730159634530626
2023-01-12,0.0021215836796913876,3.6808085741763703
2023-01-13,0.0009839263215403384,3.6844302186170537
2023-01-17,0.0009683611147881662,3.6879980775709127
2023-01-18,0.0013885537111763507,3.693119060988335
2023-01-19,-0.0011014950956484166,3.689051108455011
2023-01-20,-0.00026078740296620924,3.688089050397027
2023-01-23,0.0002849068113903612,3.6891398120884995
2023-01-24,0.0005444127463686004,3.691148226825336
2023-01-25,-0.00019684521721091027,3.690421641950869
2023-01-26,-0.0004473633951934149,3.6887706823954303
2023-01-27,0.0011471849011195473,3.6930023844259665
2023-01-30,-0.00030827800855846486,3.691863913005294
2023-01-31,-0.0003761694469663896,3.690475146598864
2023-02-01,-5.5759925602373e-05,3.690269365979252
2023-02-02,0.00023207373926410044,3.6911257805899065
2023-02-03,0.0005643697221191239,3.693208940221005
2023-02-06,0.0007908158700968841,3.696129588462515
2023-02-07,0.00031071650556856975,3.6972780369323703
2023-02-08,0.0005651377805083757,3.699367508436085
2023-02-09,-0.00037217918756967305,3.6979906808422736
2023-02-10,0.00021184557352802564,3.698774083798958
2023-02-13,-0.0004323853560776326,3.6971747880496837
2023-02-14,0.00020661490093828544,3.6979386794522684
2023-02-15,-1.444868632170167e-05,3.697885249096252
2023-02-16,0.0005864896011312931,3.700054020341024
2023-02-17,0.0003140334762488746,3.7012159611673403
2023-02-21,0.0002518311212501634,3.7021480425328304
2023-02-22,-0.00029946207559315507,3.70103938959586
2023-02-23,0.0010786520598904507,3.7050315233571833
2023-02-24,-1.3110051613843041e-06,3.705026666041733
2023-02-27,-8.418283076208983e-05,3.704714766408937
2023-02-28,5.9162731347792026e-05,3.704933947453382
2023-03-01,0.00020712534906404178,3.7057013331905075
2023-03-02,-0.0005798906770268889,3.7035524315355444
2023-03-03,-0.0005402429305488585,3.7015516135164903
2023-03-06,0.0005290884446466031,3.7035100617024646
2023-03-07,-9.004160334449828e-05,3.7031765917185067
2023-03-08,-0.0006762043565414492,3.700672487574144
2023-03-09,0.02706050405140102,3.8008145504170523
2023-03-10,9.699770540769616e-05,3.8011832207071232
2023-03-13,0.00017552386040228676,3.8018504190601177
2023-03-14,-0.00048309335178533267,3.8000137703981873
2023-03-15,0.0004725689470474397,3.8018095389044304
2023-03-16,3.479856650355148e-05,3.8019418364265034
2023-03-17,-4.886476658429444e-05,3.8017560554260994
2023-03-20,5.472451366817677e-05,3.801964104677318
2023-03-21,0.0010388656982070177,3.805913834771481
2023-03-22,-0.00015655506183610916,3.8053179996957356
2023-03-23,0.00010810294144692788,3.805729365764644
2023-03-24,-2.769903182755794e-05,3.8056239507458147
2023-03-27,0.00016631913144032854,3.806256898815891
2023-03-28,0.00042789145263769606,3.8078855636094375
2023-03-29,-0.00017152801704956003,3.80723240454956
2023-03-30,0.00014243637658807818,3.807774692938093
2023-03-31,-0.00013739360427317808,3.8072515290487696
2023-04-03,0.0002750248867488438,3.808298617969371
2023-04-04,-0.00017328422231848188,3.8076386999049996
2023-04-05,0.011209289362228753,3.850319623879055
2023-04-06,0.00017458556658980307,3.8509918341121416
2023-04-10,0.0003157269305435522,3.8522076959434743
2023-04-11,-4.1390634805874616e-05,3.852048250621535
2023-04-12,0.0007655082114582578,3.854997025188319
2023-04-13,2.0645435057831417e-06,3.8550049839973917
2023-04-14,-0.000157728222112336,3.8543969409150316
2023-04-17,-0.0002744027466308277,3.853339283807839
2023-04-18,-0.0001629672607870299,3.852711315659874
2023-04-19,0.00019257875805492184,3.853453266020188
2023-04-20,3.604775086787595e-05,3.8535921743435027
2023-04-21,-8.726140837095666e-05,3.853255904463082
2023-04-24,-0.00018149506499518282,3.8525565575322585
2023-04-25,0.000533870887355642,3.854613325320216
2023-04-26,-0.00018539221061060208,3.8538987100347857
2023-04-27,5.9728728418497335e-05,3.85412889850419
2023-04-28,-0.00264583762959505,3.843931499235218
2023-05-01,0.0006272119323410183,3.8463424589386395
2023-05-02,0.0030678598117399817,3.8581424983906065
2023-05-03,-1.745359988434523e-05,3.858075159915143
2023-05-04,0.0013393533229410601,3.8632424857007317
2023-05-05,0.0004023729516182676,3.8647969499825203
2023-05-08,-0.00113612722858438,3.860406048934695
2023-05-09,0.00014909922598874983,3.8609816324885937
2023-05-10,0.001655562490539094,3.867373728856002
2023-05-11,-0.00028041056556447175,3.866289276401444
2023-05-12,-0.0010345096832452291,3.8622895627067795
2023-05-15,0.0001988076642226752,3.863057415473293
2023-05-16,0.0020983403596809267,3.871163424759945
2023-05-17,-0.002019407481672101,3.86334596837721
2023-05-18,0.0021396615412876178,3.871612221166435
2023-05-19,0.004178003096443373,3.8877878290146963
2023-05-22,-0.0008075953464307684,3.8846480696560737
2023-05-23,0.0013143827985551049,3.88975398425727
2023-05-24,0.00016344371282085571,3.890389740090417
2023-05-25,-0.0008496944522019148,3.8870840975113587
2023-05-26,4.8329470527899125e-05,3.8872719582276885
2023-05-30,0.0011035678329476527,3.891561826518708
2023-05-31,-2.178412521595809e-05,3.8914770522485935
2023-06-01,0.00045394381971820147,3.893243564206037
2023-06-02,-0.0007403295507446773,3.890361280947209
2023-06-05,0.0022739711193074377,3.8992078501437546
2023-06-06,-8.904627348224034e-05,3.8988606402151667
2023-06-07,-0.000282023889214402,3.8977610683739083
2023-06-08,0.0004303690049895798,3.8994385439265917
2023-06-09,0.0006385341426846424,3.9019284685741895
2023-06-12,0.0054429561901795835,3.9231664942858537
2023-06-13,0.0008278724491214492,3.92641437573979
2023-06-14,-0.0011339389031639851,3.921962061729196
2023-06-15,0.0020937798196079874,3.9301737867473125
2023-06-16,0.0022185014392656402,3.938892882949776
2023-06-20,0.003612264535038201,3.95312120601817
2023-06-21,-0.0006534681462247852,3.9505379672318712
2023-06-22,-0.0013975313116519653,3.9450169667247947
2023-06-23,-0.00010726825362506537,3.944593791644253
2023-06-26,0.0015339131360956205,3.9506444558778173
2023-06-27,0.0030510799306688804,3.9626981878903544
2023-06-28,-0.00010126804878807333,3.962296893176931
2023-06-29,0.0005614256141983921,3.964521428143819
2023-06-30,0.001522194071237549,3.9705561991570337
2023-07-03,0.0031485529205010155,3.9830577054739034
2023-07-05,0.0012868472693998484,3.9881832924060547
2023-07-06,0.0001907472136246745,3.9889440272565055
2023-07-07,-0.001363533733456103,3.983504967514473
2023-07-10,0.0007080296886089597,3.986325407296195
2023-07-11,0.0004548631371431527,3.9881386397766305
2023-07-12,-0.000963509667681364,3.9842960296411523
2023-07-13,5.716406705495273e-05,3.9845237882065576
2023-07-14,0.002677618589197189,3.995192823170958
2023-07-17,0.00023932831314703377,3.9961489859300245
2023-07-18,7.674874531987634e-05,3.996455685350806
2023-07-19,0.0008656949560151026,3.999915396879552
2023-07-20,0.000826309466548011,4.003220564837385
2023-07-21,0.0003490570758607387,4.004617917301772
2023-07-24,0.001016144423521301,4.008687187466771
2023-07-25,-0.0016092381845089626,4.002236254974948
2023-07-26,0.00018546139688301727,4.002978515301451
2023-07-27,0.005761427160792871,4.026041384443579
2023-07-28,-0.00019743513224425906,4.025246502430421
2023-07-31,0.0039482771319543425,4.041139291146446
2023-08-01,0.0041580834692206015,4.057942685629779
2023-08-02,0.0013198854521115193,4.063298705146044
2023-08-03,-0.00032213891155005297,4.061989758523866
2023-08-04,0.0013416467775404538,4.067439513993792
2023-08-07,0.00044374080452973946,4.069244402876107
2023-08-08,0.0011261792301714448,4.073827101405118
2023-08-09,2.9012377791004215e-06,4.07383892054621
2023-08-10,-7.038931091254195e-05,4.073552165831824
2023-08-11,0.0007687351069765958,4.076683648391799
2023-08-14,-0.0006680924158261209,4.0739600469645865
2023-08-15,0.0026924955015805866,4.084929166064658
2023-08-16,0.003628679785591559,4.09975206595513
2023-08-17,-0.001573490846070517,4.0933011436081905
2023-08-18,0.0014916090525259192,4.099406748648711
2023-08-21,0.0014864592103251708,4.10550034956711
2023-08-22,-0.0007132136291107563,4.102572250763479
2023-08-23,0.0015684177851232218,4.109006798046329
2023-08-24,0.0025847604704569943,4.1196275963907585
2023-08-25,-0.00035036109984762533,4.118184239135124
2023-08-28,0.0018055183465840049,4.125619696333496
2023-08-29,0.0007149934895668822,4.1285694875568035
2023-08-30,0.0007111146491360721,4.131505373799381
2023-08-31,0.0004375024078541172,4.133312917348481
2023-09-01,-0.00025621252360632,4.132253910815073
2023-09-05,-0.0014606593667844893,4.126218095434309
2023-09-06,5.061974838099718e-05,4.126426963556065
2023-09-07,0.002661566714884937,4.137409724213669
2023-09-08,7.523200146916504e-05,4.13772098982812
2023-09-11,0.00012330978505137663,4.138231211313978
2023-09-12,0.0004006995821655352,4.139889398831256
2023-09-13,-9.152642305584675e-05,4.139510489562734
2023-09-14,0.0007579881930368111,4.142648189638774
2023-09-15,7.350059025484061e-05,4.142952676725931
2023-09-18,-0.00017672206243023476,4.1422205255843485
2023-09-19,-1.0507671426413643e-05,4.14217700049209
2023-09-20,-0.0008380193161330735,4.138705776154835
2023-09-21,5.796007568818317e-05,4.138945655854873
2023-09-22,0.0006351800010642098,4.141574631360964
2023-09-25,-0.00017781844975906096,4.1408381829804535
2023-09-26,0.0007183756114556352,4.143812860142091
2023-09-27,-0.00017312560019499217,4.143095460053583
2023-09-28,9.74289341213863e-05,4.143499117428219
2023-09-29,-0.0006319477814357193,4.14088064235358
2023-10-02,0.00403513395128036,4.15758965042174
2023-10-03,0.0048956005765661,4.17794354871147
2023-10-04,0.0020189152278996193,4.186378462563268
2023-10-05,0.0007339895961085627,4.189451220800162
2023-10-06,0.001928226021220756,4.197529429658744
2023-10-09,-1.1786991546295683e-05,4.197479953414842
2023-10-10,0.008794177535120275,4.2343933373252804
2023-10-11,0.015183106476589887,4.2986845822296536
2023-10-12,0.0019405158912273609,4.3070262479728445
2023-10-13,-0.00019013519049696442,4.306207330716711
2023-10-16,-0.000565529589188219,4.303772043054011
2023-10-17,0.0006000011272245372,4.306354311131161
2023-10-18,0.0010219244920645137,4.310755080073213
2023-10-19,-0.0003308034795068979,4.309329067293423
2023-10-20,0.0003187417969154456,4.310702630583832
2023-10-23,-0.0003403223444426079,4.309235602158397
2023-10-24,-0.0006345885957158489,4.306501010389015
2023-10-25,0.0034033949654956553,4.321157734246675
2023-10-26,0.00016900901413866937,4.3218880488552776
2023-10-27,0.0019875161233921307,4.330477871035874
2023-10-30,-0.0006186514002627409,4.32779881483715
2023-10-31,-0.001660056197600323,4.320614425592613
2023-11-01,-0.0026542413168170916,4.309146472270169
2023-11-02,-0.0012132084984001787,4.303918579149159
2023-11-03,0.0006370598062024178,4.306660432685103
2023-11-06,0.003684727786450336,4.322529304048223
2023-11-07,-0.0008219487757016396,4.318976406378827
2023-11-08,0.0014023430509626084,4.3250330929295835
2023-11-09,-3.783412345217923e-06,4.325016729545986
2023-11-10,-0.0005012089776775298,4.322848992332532
2023-11-13,0.003975773158550926,4.340035659324717
2023-11-14,-0.0023117647585923634,4.330002517836456
2023-11-15,0.0008815126631094832,4.333819469887224
2023-11-16,0.00703335353519806,4.364300754376666
2023-11-17,-0.0011011678890622055,4.359494926527736
2023-11-20,0.004330884475637641,4.378375395426656
2023-11-21,0.00041629657864773956,4.380198098123808
2023-11-22,0.0008204949832918049,4.383792028689142
2023-11-24,-0.00023101378848920908,4.382779312284646
2023-11-27,0.0012734373586488611,4.388360507195623
2023-11-28,0.000504211838184993,4.390573170513575
2023-11-29,0.00015958352594695215,4.391273833661053
2023-11-30,-0.0005732094375024872,4.388756714056941
2023-12-01,0.0012646505278902864,4.394306957552155
2023-12-04,6.044660507658407e-05,4.394572578489404
2023-12-05,0.00042132436062933075,4.396424118971275
2023-12-06,0.0014615222568866567,4.402849590671865
2023-12-07,5.521809226167105e-06,4.4028739023673555
2023-12-08,4.994778546426491e-05,4.403093816168457
2023-12-11,0.00044174592562582393,4.405038864921898
2023-12-12,0.0008627666903173419,4.408839385724106
2023-12-13,-0.0007693259616400109,4.4054475511239675
2023-12-14,0.0006747418464056096,4.408420090938856
2023-12-15,0.001366365549261824,4.414443604277788
2023-12-18,0.001239360663869484,4.4199146920338
2023-12-19,3.454401490312555e-05,4.420067373632793
2023-12-20,0.001992294269102152,4.428873448530327
2023-12-21,-0.0013419150873110817,4.422930276429953
2023-12-22,0.00026165080318078115,4.424087539689193
2023-12-26,-0.00012638692041224057,4.423528392889418
2023-12-27,0.004061774230654647,4.441495766524225
2023-12-28,0.0004310062443963352,4.443410078934058
2023-12-29,-0.00019014454332415352,4.442565188753797
2024-01-02,0.000674747642045233,4.44556279913954
2024-01-03,4.76352317675577e-06,4.445583975680968
2024-01-04,0.000675831772388052,4.4485884425785525
2024-01-05,0.0042962752304713,4.467700802914964
2024-01-08,7.181436319494394e-05,4.468021648003071
2024-01-09,0.0005006474490168672,4.470258551643296
2024-01-10,0.0007494646756613105,4.473608852518826
2024-01-11,0.0004232418977963853,4.475502271219564
2024-01-12,0.0010104087623688974,4.4800243579304055
2024-01-16,0.0015457838767557002,4.486949507350367
2024-01-17,0.0009301448973283386,4.491123020539199
2024-01-18,-0.0007843346192246615,4.487600477274993
2024-01-19,-0.000458385312372865,4.485543427128413
2024-01-22,0.0012570106869794215,4.491181803153224
2024-01-23,-0.0008600271131667331,4.487319265032351
2024-01-24,0.0006247317716191099,4.490122635946615
2024-01-25,0.0017620376384145258,4.49803440103225
2024-01-26,-0.0010297561843288848,4.493402522290463
2024-01-29,0.0003334722227862336,4.494900947217444
2024-01-30,0.0002034316681899262,4.495815352415486
2024-01-31,0.0016890346109468804,4.503408940150141
2024-02-01,-4.439500067676017e-06,4.503388947265846
2024-02-02,0.0008631197689975478,4.507275911293716
2024-02-05,0.00025339655697228483,4.508418039490961
2024-02-06,0.0007950463734713234,4.512002440903352
2024-02-07,-0.0002166651096428637,4.511024847399785
2024-02-08,0.0010283548587222567,4.515663781719425
2024-02-09,0.0003481577477102093,4.517235945051086
2024-02-12,0.0,4.517235945051086
2024-02-13,0.0017942728596769936,4.525341098908048
2024-02-14,-0.0010070856417803264,4.520783692863179
2024-02-15,-0.0027779109313722915,4.508225358424405
2024-02-16,0.0027490453814091615,4.520618674524334
2024-02-20,-0.001027107421015188,4.515975513536151
2024-02-21,0.001042100735125687,4.520681614938616
2024-02-22,0.0005187093567450965,4.523026534791151
2024-02-23,0.0010749247341080245,4.527888447886425
2024-02-26,0.0006286657265899264,4.530734976167434
2024-02-27,-0.0012338159316861055,4.525144883171591
2024-02-28,0.0030702203714640425,4.539038075175731
2024-02-29,0.0010790584662532519,4.543935962639395
2024-03-01,0.0003469516995940534,4.545512488944479
2024-03-04,0.0004871242544061964,4.54772671832655
2024-03-05,0.0017118882598850989,4.555511918304819
2024-03-06,-0.00042446610179342544,4.553578257919183
2024-03-07,-0.0004679374973319206,4.551447467905267
2024-03-08,0.0019268211547369513,4.5602172931711005
2024-03-11,0.0012093622821985873,4.565732247964091
2024-03-12,-0.0017382835983817911,4.557795710482852
2024-03-13,0.0011958408963425587,4.563246108990622
2024-03-14,0.0008090731121606717,4.566938108721578
2024-03-15,0.0018176980995732242,4.575239423442669
2024-03-18,-0.00023772367970259804,4.574151780691408
2024-03-19,0.00033364241498315763,4.575677911738017
2024-03-20,-0.0011969893445832186,4.570200874033422
2024-03-21,0.0014193399290551108,4.576687542617741
2024-03-22,0.00441999178658473,4.596916463965876
2024-03-25,0.00045400150567130127,4.599003470961962
2024-03-26,0.0007997006434070498,4.602681296996721
2024-03-27,0.00046710808142321907,4.604831246626763
2024-03-28,-0.000458523742735209,4.602719822168896
2024-04-01,-0.0029399928402459065,4.589187858846062
2024-04-02,0.013461409931660792,4.650964797867389
2024-04-03,0.0023252003763163053,4.661779222965625
2024-04-04,0.0010160836203634298,4.666515980475831
2024-04-05,0.009489074616736131,4.710796898814758
2024-04-08,-0.0004636529149220294,4.708612724101017
2024-04-09,0.010231439448640153,4.756788610074754
2024-04-10,0.0009156470686076831,4.761144149621554
2024-04-11,-6.487845199529674e-05,4.7608352539594
2024-04-12,0.0007510153714526943,4.764410714416078
2024-04-15,-0.0006457088975419943,4.761334292026235
2024-04-16,-0.00026726655511632926,4.760061746612248
2024-04-17,0.00046324622222205413,4.762266827233909
2024-04-18,0.0014499220175602364,4.7691717427602125
2024-04-19,0.0003722926655847091,4.770947270420956
2024-04-22,0.0024049021284738795,4.782420931666428
2024-04-23,0.0013130637210676751,4.788700555090673
2024-04-24,0.0007231691568626125,4.792163595633565
2024-04-25,0.0015278993567141334,4.799485539308602
2024-04-26,-0.0004633846683784927,4.797261531293582
2024-04-29,0.0002239461629993215,4.79833585960642
2024-04-30,0.0011139675717272565,4.803681050152277
2024-05-01,0.0017953416181733931,4.812305298662046
2024-05-02,-0.0009455257714129265,4.807755139982254
2024-05-03,0.00513489709489841,4.832442467883531
2024-05-06,0.0023132793200967045,4.843621257110043
2024-05-07,0.0013288292549182565,4.850057602736235
2024-05-08,-0.00010591367664420193,4.849543915303593
2024-05-09,-0.0008946948198313507,4.845205053484025
2024-05-10,0.0010878422739725626,4.850475872367271
2024-05-13,0.0006520573986855604,4.853638661046993
2024-05-14,-0.0024089192781522853,4.841946637307212
2024-05-15,1.1355877221082878e-05,4.842001621858737
2024-05-16,0.002298733096452559,4.8531320912399805
2024-05-17,-0.001740293141413908,4.84468621874722
2024-05-20,-0.00291385960461523,4.830569483277376
2024-05-21,-0.0039027081508881687,4.8117171803815575
2024-05-22,0.007647699003093666,4.8485157450651295
2024-05-23,-0.002125196193790573,4.838211697858183
2024-05-24,-0.001921951572754026,4.828912889276168
2024-05-28,7.652161583161778e-05,4.829282405493165
2024-05-29,-0.0009182755889516738,4.824847793348047
2024-05-30,0.0032337609619022562,4.840450197789296
2024-05-31,0.0019205629931767654,4.849746587309484
2024-06-03,0.0026963872442280247,4.862823382145244
2024-06-04,8.370724363830557e-05,4.863230435686863
2024-06-05,0.001951065579871467,4.872718917196916
2024-06-06,0.003144908168454521,4.888043170722191
2024-06-07,0.0016077353792449053,4.895901850663037
2024-06-10,0.000283117991923956,4.897287968563654
2024-06-11,-0.0026835899327680543,4.8841456558733505
2024-06-12,0.0015408877438103578,4.89167157605347
2024-06-13,0.0022645043323409283,4.902748787529832
2024-06-14,0.008353486762542875,4.943703834626535
2024-06-17,2.6480687804402456e-05,4.943834747304376
2024-06-18,0.0011227700358925306,4.949385536821054
2024-06-20,0.0011547679421325765,4.95510092857223
2024-06-21,-0.00016706487816762344,4.954273105239289
2024-06-24,0.00037860588383022446,4.956148822187035
2024-06-25,0.0006899965516958713,4.959568547784035
2024-06-26,-6.468477120646677e-06,4.9595364669283555
2024-06-27,0.00020295405794259474,4.960543024979834
2024-06-28,0.0004994921463534204,4.96302077726246
2024-07-01,0.0006923046544173615,4.966456699646529
2024-07-02,-6.503210082934796e-05,4.966133720533674
2024-07-03,-7.266090554232834e-05,4.965772876760496
2024-07-05,0.0010347612390102904,4.970911266055095
2024-07-08,0.0008432383464819124,4.975102929051592
2024-07-09,0.019499657988082605,5.072115734623606
2024-07-10,0.009397043886727538,5.119778628780424
2024-07-11,0.0022283368089077164,5.131187219952395
2024-07-12,0.0001170004139301874,5.131787570981082
2024-07-15,0.0002790861740158476,5.133219781940129
2024-07-16,-0.00023708944543454491,5.132002749708735
2024-07-17,0.001487131623535129,5.1396347132898965
2024-07-18,-0.00010501413821966443,5.139094978979717
2024-07-19,0.0017270565354722861,5.147970486549577
2024-07-22,-0.000439998537255902,5.145705387065658
2024-07-23,-5.1035202548988095e-05,5.145442774948972
2024-07-24,0.0004735880872010901,5.147879595350562
2024-07-25,-0.0002481028163107076,5.146602391924928
2024-07-26,0.0012780690353843434,5.153180105079483
2024-07-29,0.00034906381326281466,5.154978893777392
2024-07-30,4.7459145878119637e-05,5.155223544672711
2024-07-31,0.005715720877137901,5.18468936351331
2024-08-01,0.0010560654557295133,5.190164734848804
2024-08-02,-0.0002550416297232837,5.188841026776297
2024-08-05,0.0007170206483032343,5.192561532933258
2024-08-06,-0.000742248181608225,5.188707363577549
2024-08-07,0.0018599382572257238,5.198358038908617
2024-08-08,-0.0015260393538615294,5.19042513996578
2024-08-09,0.004190981598516007,5.212178116215851
2024-08-12,0.0007067730485150836,5.2158619432324524
2024-08-13,0.0007401665678545854,5.219722549865378
2024-08-14,0.002258654620104651,5.231512100318296
2024-08-15,0.0003823057626648952,5.233512137541699
2024-08-16,0.0011547541188846986,5.239555557238758
2024-08-19,0.0015691882059412614,5.247777406023551
2024-08-20,0.003900210438157723,5.268244842239652
2024-08-21,-0.0020513596356547255,5.257437777419535
2024-08-22,0.003368035169046953,5.275145012752961
2024-08-23,0.0007394184430690223,5.279045552265254
2024-08-26,0.0009798751332476758,5.284218357729201
2024-08-27,0.0011150836811136353,5.290110703387346
2024-08-28,0.0013087689186833346,5.297034235852333
2024-08-29,0.0027348238264341238,5.31152069128998
2024-08-30,0.0013741887580323141,5.318819723312006
2024-09-03,0.0065617380167577516,5.353720424894743
2024-09-04,0.001248506558193636,5.360404579955959
2024-09-05,0.000736887600465577,5.364354595624407
2024-09-06,-0.00013581162907762013,5.363626053887826
2024-09-09,-0.0011953863955692931,5.357214448272088
2024-09-10,0.0021013832789069146,5.368472009135205
2024-09-11,-2.122497604238885e-05,5.368358063445427
2024-09-12,0.0027066218155264556,5.3828881784935065
2024-09-13,0.0045615776778912456,5.407442641051108
2024-09-16,0.0003737374817456491,5.409463605046458
2024-09-17,0.00213457321463718,5.4210105011633445
2024-09-18,0.00016695485316478085,5.4219155651755715
2024-09-19,-0.00019098977387059117,5.420880034747833
2024-09-20,0.0010588568069156994,5.4266199704721
2024-09-23,-0.0003905944403775476,5.4245003628815915
2024-09-24,0.0014334820155222751,5.432276286594976
2024-09-25,0.006220794685447595,5.466069362048509
2024-09-26,-0.0029730258258025997,5.44981859666951
2024-09-27,0.005028100533802368,5.477220832464551
2024-09-30,0.009155651786157496,5.527368359162484
2024-10-01,0.0028314424731951966,5.543018784699612
2024-10-02,0.022800533072111977,5.6694025678194935
2024-10-03,0.0005477406065153421,5.67250792982057
2024-10-04,0.0002493985708023367,5.673922645191133
2024-10-07,0.00349027930145157,5.69372621995768
2024-10-08,0.0021402092951577035,5.705911985737717
2024-10-09,-0.00011965308498850668,5.70522925576595
2024-10-10,0.0025228233127640378,5.71962254113706
2024-10-11,-0.0013687121318981092,5.711794024375127
2024-10-14,-0.0001185251613609293,5.711117033066728
2024-10-15,0.004657978281592804,5.737719292170387
2024-10-16,-0.00029502661094218296,5.736026512293081
2024-10-17,0.0008013308783945837,5.7406229674566704
2024-10-18,0.004554478945433974,5.766768513895626
2024-10-21,-0.002733105752048053,5.751007325699568
2024-10-22,0.0018495366843343383,5.761644024720325
2024-10-23,-8.621857000841862e-05,5.7611472640116155
2024-10-24,0.0006712679629328308,5.765014537599685
2024-10-25,0.001244846470491353,5.772191095599147
2024-10-28,0.00035674523212070954,5.774250297251391
2024-10-29,0.003630954507666905,5.795216337396593
2024-10-30,0.002232024321244003,5.808151401208533
2024-10-31,0.00046224315190372315,5.810836179418961
2024-11-01,-0.0017239433851348246,5.800818626825349
2024-11-04,0.0004667555771352912,5.803526191271371
2024-11-05,0.001008728296170565,5.809380372358073
2024-11-06,0.0008060429974284555,5.81406298272661
2024-11-07,0.0009852535240195903,5.819791308769213
2024-11-08,0.001363922414557166,5.8277290525832885
2024-11-11,-0.00023701608216666886,5.826347787075316
2024-11-12,0.0010162337956007496,5.832268718601466
2024-11-13,-0.000645966039420802,5.828501271076473
2024-11-14,0.003281071761546987,5.847625002009143
2024-11-15,0.0016106526847692257,5.857043494918153
2024-11-18,-0.0002959989925485427,5.855309815944344
2024-11-19,-0.000528166399958426,5.852217238038215
2024-11-20,-0.0009924211403258584,5.846409373933407
2024-11-21,-0.0007940690424516483,5.841766921240068
2024-11-22,0.0017352521296041881,5.8519038597308
2024-11-25,0.0016658262514545965,5.861652114801329
2024-11-26,0.0003130711473376607,5.863487228954203
2024-11-27,0.0005547880880166373,5.866740221823064
2024-11-29,0.0007913050424762367,5.87138260294349
2024-12-02,0.00010745340847069672,5.872013503016611
2024-12-03,-0.0009727640139649552,5.866301419591361
2024-12-04,-0.0009422426556707305,5.8607739401628
2024-12-05,0.0011014305391731497,5.867229175563686
2024-12-06,0.0001585719773556031,5.868159553695654
2024-12-09,0.004269640727985978,5.893214486724434
2024-12-10,0.0038217213855880395,5.915736710558205
2024-12-11,-0.0025341846178388557,5.900745141583124
2024-12-12,0.003765205446208011,5.922962659326898
2024-12-13,-0.0014735003857557878,5.914235171563563
2024-12-16,0.0012940759104848674,5.921888640828026
2024-12-17,-0.0015964793299942446,5.912434468018416
2024-12-18,-0.001791664298608935,5.901841370264203
2024-12-19,0.002446784688321708,5.916281905361869
2024-12-20,-0.0006588793958963417,5.912383789114111
2024-12-23,-0.0027927555994252764,5.895871946181112
2024-12-24,0.008292442559808709,5.944763125634807
2024-12-26,0.003911765761421436,5.968017646489425
2024-12-27,-0.000421633640364128,5.965501329483378
2024-12-30,0.0015381141032322528,5.974676951211107
2024-12-31,0.001918659097391356,5.9861403194975225
2025-01-02,0.0009291309620948641,5.991702227811812
2025-01-03,-0.0008651234749418982,5.98651866555967
2025-01-06,-0.0010705478345897786,5.980109810965524
2025-01-07,0.0023506041569465483,5.994166681946176
2025-01-08,-0.0004360152891437671,5.991553133627171
2025-01-10,-0.0006711034547469424,5.987532181619894
2025-01-13,0.003220838382484765,6.0068170550868185
2025-01-14,-0.0001972439742441438,6.005632246618315
2025-01-15,0.0003394527503182968,6.00767087500183
2025-01-16,0.0005073820526369801,6.010719059381955
2025-01-17,-0.00021777046269802144,6.009410102311246
2025-01-21,0.00039574995332887226,6.0117883260787695
2025-01-22,0.0003363996024729666,6.013810689281814
2025-01-23,-0.00015642272295794015,6.012869992638444
2025-01-24,-0.00048133317788238544,6.0099757988166935
2025-01-27,0.0015050246491410178,6.019020960534654
2025-01-28,0.0003996357386329582,6.021426376422064
2025-01-29,8.732391118310974e-05,6.0219521909241545
2025-01-30,0.0006752984173736655,6.026018805708185
2025-01-31,0.0012494469745230673,6.033547996673396
2025-02-03,-0.0012791242704550416,6.025830338993895
2025-02-04,0.004885094219463061,6.05526708795038
2025-02-05,0.003909158355300952,6.078938085880821
2025-02-06,0.0010617313254920626,6.085392284872327
2025-02-07,-0.0002586531592202954,6.083818278932751
2025-02-10,0.0004946533007333831,6.086827659725486
2025-02-11,0.00014842163969618167,6.08773107666729
2025-02-12,-0.001635322288903811,6.077775674348763
2025-02-13,0.0005109269278584196,6.080880973602271
2025-02-14,0.0020222089276731685,6.093177785395207
2025-02-18,0.0029800506934111195,6.111335764079652
2025-02-19,2.605113130830768e-05,6.111494971290112
2025-02-20,6.0590620544667064e-05,6.111865270562878
2025-02-21,0.0011502599933461098,6.118895504668328
2025-02-24,0.0016370293577929358,6.128912316246737
2025-02-25,-5.145367395522067e-05,6.128596961190717
2025-02-26,0.003298012215035016,6.14880914882975
2025-02-27,0.00046000887066615607,6.1516376555822445
2025-02-28,-0.0013459691645843984,6.143357740986135
2025-03-03,0.006193202763147956,6.181404801122616
2025-03-04,0.0008839009229423149,6.186868550531408
2025-03-05,0.0007656368994265737,6.191605445385597
2025-03-06,0.004012761509249427,6.216450881397299
2025-03-07,-5.20255605670848e-05,6.216127467055457
2025-03-10,0.0028084924328475244,6.233585414008298
2025-03-11,0.00029247014416772926,6.235408551633014
2025-03-12,0.000674930167701121,6.239617016972454
2025-03-13,-0.0005018001578705386,6.236485976168286
2025-03-14,0.001956761262275363,6.248689290339175
2025-03-17,-0.0005296855510999666,6.245379449908769
2025-03-18,0.0074023159619603,6.291609721899327
2025-03-19,0.004210509528512648,6.3181006045830665
2025-03-20,0.0017173018269299324,6.328950690294044
2025-03-21,0.0020559630273720634,6.341962778915349
2025-03-24,0.00017652644084693557,6.343082303032694
2025-03-25,-0.0003034063816669944,6.341157771382514
2025-03-26,0.0017149506413760168,6.352032543969614
2025-03-27,0.0039301017471865115,6.376996678168854
2025-03-28,0.00015835220476251966,6.378006489652606
2025-03-31,0.000994117328073556,6.384346976422536
2025-04-01,0.000948292066837986,6.390401202012218
2025-04-02,0.0011357715523293353,6.397659237905434
2025-04-03,0.0023917195426841767,6.412960644532166
2025-04-04,0.0006592530229489567,6.417188408223127
2025-04-07,0.00346736908484562,6.43943916892143
2025-04-08,0.0018096487973809573,6.4510922922692755
2025-04-09,-0.003468802946287714,6.428714724319078
2025-04-10,0.004974848874700379,6.460696608531126
2025-04-11,0.0003794587077707449,6.463148176117499
2025-04-14,0.0038739663475785852,6.488186194651192
2025-04-15,0.001178442531018813,6.495832149212138
2025-04-16,0.0011710962308258985,6.503439393758159
2025-04-17,0.0004615106540010202,6.506440800326029
2025-04-21,-0.0002675033135083949,6.504700305852795
2025-04-22,0.0023753315014015935,6.520151125396464
2025-04-23,4.456150324976116e-06,6.52018018017002
2025-04-24,0.0009740253777241782,6.52653100113284
2025-04-25,0.0010153443842371521,6.5331576777333895
2025-04-28,-0.0004534425607210002,6.530195265986404
2025-04-29,0.0004618497521222741,6.5332112350513105
2025-04-30,0.0013004556155245105,6.541707386289341
2025-05-01,-0.00014451491626864819,6.540762011994157
2025-05-02,0.0006517220201224499,6.545024770625754
2025-05-05,0.0018332790156403115,6.557023627194589
2025-05-06,0.0020774674024337234,6.570645630037073
2025-05-07,-0.0016621647355528533,6.559724134581011
2025-05-08,0.0019775176201900727,6.572696104640732
2025-05-09,0.005105759023086827,6.606254707083009
2025-05-12,-0.00023576744343236164,6.604697167300057
2025-05-13,0.00107264466666509,6.611781660491499
2025-05-14,0.0032922559193956156,6.6335493378010035
2025-05-15,0.0036063368957061745,6.6574721515274025
2025-05-16,-0.0003425982069312436,6.655191313505594
2025-05-19,0.0005161253137142159,6.658626226210106
2025-05-20,0.001326586073376281,6.667459467029613
2025-05-21,0.0030596959012160877,6.687859865432409
2025-05-22,0.0015859215492348543,6.698466286511261
2025-05-23,0.0008648136036260442,6.704259211279266
2025-05-27,0.0015393753926193213,6.714579582934851
2025-05-28,0.0022001688824045767,6.729352791991653
2025-05-29,0.0028467279821947048,6.748509428886676
2025-05-30,-0.001591136307147361,6.7377716305152475
2025-06-02,0.0029937862422497676,6.757943078526105
2025-06-03,0.00035676141685135637,6.760354051873801
2025-06-04,0.002827609457894151,6.779469692929592
2025-06-05,0.00037782960618842876,6.782031177293838
2025-06-06,-0.0005120255794685628,6.7785586038503105
2025-06-09,0.0016352268202495758,6.78964308468196
2025-06-10,-0.00035082410712718306,6.787261114209064
2025-06-11,0.0023787356953575284,6.803406214495146
2025-06-12,0.00025324797054770135,6.805129163311778
2025-06-13,0.0012922065102781916,6.813922795519894
2025-06-16,0.002860052624943075,6.833410973297381
2025-06-17,0.0023583517979092173,6.849526560352109
2025-06-18,0.001572055263347224,6.860294394632747
2025-06-20,0.0001946969853547846,6.861630073270028
2025-06-23,-0.00026712173235448987,6.859797182758081
2025-06-24,0.0008313013063214168,6.865499741117208
2025-06-25,0.0007427801510121343,6.870599298051689
2025-06-26,-0.00012928008015394938,6.86971106642373
2025-06-27,0.0002989619807046753,6.871764848851018
2025-06-30,0.000701213176981564,6.87658342091215
2025-07-01,0.0009473039360255486,6.883097635453187
2025-07-02,0.0002616456192579736,6.884898567796428
2025-07-03,0.0005194299652546931,6.888474790420281
2025-07-07,0.0022850757035607714,6.904215476798462
2025-07-08,0.003364638690091461,6.927445667316426
2025-07-09,0.00037490910880690737,6.930042829797868
2025-07-10,0.0008786287683320591,6.936131764793902
2025-07-11,-0.000352823076877027,6.933684537443023
2025-07-14,0.0024176271813667865,6.950447601647768
2025-07-15,0.004455952039669088,6.981418462814944
2025-07-16,-0.00025186182279343086,6.979660110035216
2025-07-17,0.0002394750549318078,6.981331564523471
2025-07-18,7.852639962449113e-05,6.981879783355818
2025-07-21,0.0002729995751585994,6.983785833570483
2025-07-22,-3.0006565351173496e-05,6.98357627414447
2025-07-23,0.0004980833580113126,6.987054677266023
2025-07-24,0.00017709403796076957,6.988292042992273
2025-07-25,-0.0002473601240436288,6.986563418205666
2025-07-28,0.0007197913547364322,6.991592286153409
2025-07-29,-0.0008685547032570626,6.985519705790015
2025-07-30,0.00013407630094194376,6.986456298432324
2025-07-31,6.985843215678298e-05,6.986944361315664
2025-08-01,-0.00018492668624258584,6.985652288847964
2025-08-04,0.0005668233705862077,6.989611919824072
2025-08-05,0.0002074464824910523,6.991061890230817
2025-08-06,-6.484166650764325e-05,6.990608578127197
2025-08-07,-0.0010980612428748795,6.982932461783446
2025-08-08,0.0005404293855581265,6.986706243683162
2025-08-11,3.520591024065683e-05,6.986952217036055
2025-08-12,0.0017686218957023816,6.9993094937113325
2025-08-13,0.0012636246570791611,7.008153993770114
2025-08-14,0.0017560067765605258,7.020460359674354
2025-08-15,6.758384802292449e-05,7.020934829400353
2025-08-18,0.0014831262787040433,7.031347762346906
2025-08-19,0.0007587206097990888,7.036682590808862
2025-08-20,-0.0002650266328866208,7.034817682515128
2025-08-21,6.264391601879005e-05,7.035258371043239
2025-08-22,-0.0005092356283005143,7.031675766826404
2025-08-25,0.0021304244431689843,7.04665622075649
2025-08-26,0.001206011044841341,7.055154565987922
2025-08-27,0.0021796501750605867,7.070532334872757
2025-08-28,-0.010886392870104173,6.993559742074558
2025-08-29,-0.0005449228547240525,6.989748791535223
2025-09-02,0.001564026840695253,7.000680946254902
2025-09-03,0.00010741111438410815,7.001432897196787
2025-09-04,0.0019742252242916478,7.015255302628618
2025-09-05,0.002900134993083047,7.035600490017183
2025-09-08,0.012360731477381768,7.122565658456421
2025-09-09,0.000362452642072585,7.125147251197665
2025-09-10,0.0007875536707087875,7.130758687069686
2025-09-11,0.0006189750392541131,7.135172448707926
2025-09-12,0.0007336157072182264,7.1404069232900085
2025-09-15,0.0009383958046394851,7.147107451190242
2025-09-16,0.0003142305563459807,7.149353290740893
2025-09-17,-0.00023697925560859135,7.147659042319971
2025-09-18,0.0012917429058968129,7.156891980181656
2025-09-19,0.0026431965509994162,7.175809052379547
2025-09-22,0.001282253086144287,7.185010255682543
2025-09-23,0.0019984538564404215,7.199369167136576
2025-09-24,0.0031057656484359993,7.221728720586277
2025-09-25,-7.72167080854512e-05,7.221171082467786
2025-09-26,0.002854167632870846,7.2417815152427885
2025-09-29,0.0003232382377254575,7.244122335937768
2025-09-30,0.0021939204990565546,7.260015364428257
2025-10-01,0.0009719013208520621,7.26707138295035
2025-10-02,-0.0005191094407604036,7.263298977588781
2025-10-03,0.0009517800422480233,7.270212040596531
2025-10-06,-0.002110915710674393,7.254865235780103
2025-10-07,0.0014630580105289299,7.26547952447862
2025-10-08,-1.8633090753339173e-05,7.265344146139274
2025-10-09,0.0019735324065172206,7.27968253825618
2025-10-10,0.0028396987993927294,7.300354644020027
2025-10-13,-0.0015247135418275624,7.2892236944341455
2025-10-14,-0.000821846370997965,7.283233072393482
2025-10-15,0.0007091255006931318,7.288397798692609
2025-10-16,0.0009973005063610837,7.295666521507806
2025-10-17,0.0003727250450329771,7.29838579914058
2025-10-20,0.010517959889011972,7.375149928230475
2025-10-21,0.003772614953417515,7.402973529133413
2025-10-22,0.0010877245864191229,7.411025925453662
2025-10-23,5.076883499875673e-05,7.4114021746060414
2025-10-24,4.43490639773103e-05,7.411730863355244
2025-10-27,0.00024328955719847832,7.413534060075063
2025-10-28,-0.001213606036947546,7.4045369503846405
2025-10-29,0.0011334233147215675,7.412929425198923
2025-10-30,0.0012742123275293114,7.422375071255617
2025-10-31,-0.0004305680174584936,7.419179233936354
2025-11-03,0.0005016914289140596,7.422901372567596
2025-11-04,0.001361467634481011,7.433007412540292
2025-11-05,0.0001348701831853966,7.434009903611639
2025-11-06,0.002593936954554064,7.453293256621138
2025-11-07,-0.0013508409177797694,7.443225043117882
2025-11-10,0.00017738489308513462,7.444545358796363
2025-11-11,0.00269710943284344,7.464624112306804
2025-11-12,0.00041808344055058926,7.467744948038093
2025-11-13,0.0029019965874935764,7.489416318393573
2025-11-14,0.0013403033226495776,7.4994544079698215
2025-11-17,-0.00010188951697038782,7.498690292182652
2025-11-18,0.002625374389296956,7.518377161629019
2025-11-19,0.00061226017527157,7.522980364547756
2025-11-20,0.003524751519073184,7.549497001015654
2025-11-21,1.7137620301747442e-05,7.549626381428727
2025-11-24,-0.000997909416627309,7.542092538170681
2025-11-25,-0.0005405992664247375,7.538015288477238
2025-11-26,0.0021525704131355452,7.554241397160978
2025-11-28,0.001566819828594389,7.566077532372038
2025-12-01,0.00441595148004834,7.599488963649277
2025-12-02,1.5842029215883875e-06,7.599501002781895
2025-12-03,0.0009650969723875945,7.606835258191336
2025-12-04,0.0006782428448712171,7.611994539777319
2025-12-05,0.001817817010448604,7.625831752935168
2025-12-08,0.0007925182231055568,7.631875363565707
2025-12-09,0.0009440713851877111,7.639080398711769
2025-12-10,-0.0009081807957947224,7.632142732596128
2025-12-11,0.0009330347485814781,7.639263786971773
2025-12-12,0.0014222991746509442,7.650129105550923
2025-12-15,0.001405177023696218,7.660878891198354
2025-12-16,0.001370448117396882,7.671377728252401
2025-12-17,0.001473721417709206,7.682683201913864
2025-12-18,0.00018792282182018876,7.684126953420319
2025-12-19,-0.0004543871634319504,7.680635384770503
2025-12-22,0.0013827433618651434,7.691255732363701
2025-12-23,-0.00044078970980624224,7.687865505981387
2025-12-24,0.0025765026216570666,7.707673311612496
2025-12-26,0.0013504974062491088,7.718082504428043
2025-12-29,0.0004126788647506856,7.721267593954023
2025-12-30,0.0006943034024726408,7.726628496315907
2025-12-31,-0.00014818644074498656,7.7254835147400795
2026-01-02,-0.0001064598004162901,7.724661061306981
2026-01-05,0.001932410759070303,7.739588279452023
2026-01-06,0.014424486148315818,7.851227863382646
2026-01-07,0.0003607402521145694,7.854060117301492
2026-01-08,0.0127752134526403,7.954397411769887
2026-01-09,-0.000252313755824783,7.9523904078836
2026-01-12,-0.0009670270464855849,7.944700231274965
2026-01-13,0.0011273547299098367,7.953656726658408
2026-01-14,0.0030442791363134627,7.977869877888773
2026-01-15,0.0009324036698859125,7.985308473040789
2026-01-16,0.003040961516227725,8.009591488802512
2026-01-20,0.001003462569299011,8.0176288140569
2026-01-21,-0.0006034832703782924,8.012790309199515
2026-01-22,-0.0006221179498685133,8.007805408519628
2026-01-23,0.0015246318403696324,8.02001436361694
2026-01-26,-0.001163223794848546,8.010685292074154
2026-01-27,9.501247521255514e-05,8.011446407111903
2026-01-28,0.0032184083686542493,8.037230513273576
2026-01-29,-0.00013718085412991706,8.036127959126926
2026-01-30,-1.0453333863321952e-05,8.036043954798402
2026-02-02,0.0015747599738790657,8.048698795166752
2026-02-03,0.0013934684103938334,8.05991440268259
2026-02-04,0.0014556727742796977,8.0716470006416
2026-02-05,0.0006342733495691843,8.076766631221236
2026-02-06,-0.0018547445900921591,8.061786292006541
2026-02-09,-0.007967923348323896,7.997550596781265
2026-02-10,0.004200199010328373,8.031141900882917
2026-02-11,-0.00019984571274977444,8.02953691160554
2026-02-12,0.006166154819603311,8.079048279332218
2026-02-13,-0.0015319884300265861,8.066671270842654
2026-02-17,0.0006141282246713484,8.071625241349226
2026-02-18,0.00013166021605500095,8.072687953272418
2026-02-19,0.0020831149652258485,8.089504290357478
2026-02-20,0.0011648001564904848,8.098926946220818
2026-02-23,-0.00015304582435845916,8.097687439269913
2026-02-24,0.0003859569148751976,8.100812797731598
2026-02-25,-0.0003184461594995291,8.098233125007335
2026-02-26,0.004749486689412873,8.13669557544232
2026-02-27,6.723714529804263e-05,8.137242663624972
2026-03-02,-6.223967986692518e-05,8.136736204246588
2026-03-03,0.00017241178575682896,8.138139073465796
2026-03-04,0.00024783929709556817,8.140156024133429
2026-03-05,0.004711944877658699,8.178511990614687
2026-03-06,0.000313742300282814,8.181077935779513
2026-03-09,-0.0021574042657838575,8.163428043342153
2026-03-10,0.0010530966262306647,8.172024921873074
2026-03-11,0.0055900400380450065,8.217706868378247
2026-03-12,-0.00022306469296314575,8.215873788118792
2026-03-13,0.0015913691264221835,8.228948276011785
2026-03-16,0.00029593267622688053,8.231383490697638
2026-03-17,-0.0008963576526293018,8.224005227114025
2026-03-18,0.0032143632129902687,8.2504401669795
2026-03-19,0.0002601296347463586,8.252586350966633
2026-03-20,0.001704082760273831,8.266649441094987
2026-03-23,-0.00048777836195971824,8.262617148371715
2026-03-24,0.0017109473397861254,8.276754051201392
2026-03-25,0.002028915447139718,8.293546885348052
2026-03-26,0.003707246122852986,8.324293104883457
2026-03-27,0.001757964006580453,8.338926912542068
2026-03-30,-0.002340342955711145,8.31941096368411
2026-03-31,0.001837325210893775,8.334696427187474
2026-04-01,-0.0007129143150781047,8.328754502792702
2026-04-02,0.0006617263325877932,8.334265858964859
2026-04-06,0.0017025259629462176,8.348455162971842
2026-04-07,0.0012613140569392306,8.358985186822625
2026-04-08,-0.0004762611031709457,8.35500412731616
2026-04-09,0.0023813716616332805,8.37490049737778
2026-04-10,0.0019712840665727918,8.391409805287394
2026-04-13,-0.0005881634242948101,8.386474284961654
2026-04-14,0.0018637104357905237,8.402104244606026
2026-04-15,0.0025976344076761534,8.423929839688697
2026-04-16,0.0020001863929637147,8.440779269529322
2026-04-17,0.0010121340047936443,8.449322469254971
2026-04-20,0.002124860229196505,8.467276098533548
2026-04-21,0.002107318276663237,8.485119344209542
2026-04-22,0.0012459671609783827,8.495691524269409
2026-04-23,0.0003744450444452982,8.49887269385981
2026-04-24,0.00016099530353362774,8.50024097244885
2026-04-27,-0.001194042790777731,8.490091320995823
2026-04-28,0.0013340352055729642,8.501417401716562
