pair_id,adr_ticker,underlying_ticker,open_date,close_date,duration_days,adr_open_price,adr_cover_price,local_open_price_usd,local_close_price_usd,local_return,adr_return,roce,ruce,roll_cost_pct,borrow_cost,fx_open,fx_close,fx_pnl,roce_net,ruce_net,ruce_net_fx,close_reason,was_aborted
516889__916561,516889,916561,2024-04-08,2024-04-09,1,10.44855864,10.072552559999998,0.0,0.0,0.0,0.035986406637997445,0.035986406637997445,0.07197281327599489,0.011961,0.0,0.0,0.0,0.0,0.035986406637997445,0.07197281327599489,0.07197281327599489,overnight_abort,True
516889__916561,516889,916561,2024-04-10,2024-04-12,1,10.579040159999998,10.147275756295999,10.27615414599637,10.263935327503516,-0.0011890458550210797,0.04081319261236262,0.039624146757341536,0.08043733936970415,0.011961,2.7e-05,0.0065242212,0.00652337,-0.00013,0.03959674949706756,0.08040994210943019,0.08027947443000807,convergence,False
516889__916561,516889,916561,2024-05-10,2024-05-13,1,11.251522843703999,10.261849796296,0.0,0.0,0.0,0.08795903107122867,0.08795903107122867,0.17591806214245734,0.011961,0.0,0.0,0.0,0.0,0.08795903107122867,0.17591806214245734,0.17591806214245734,overnight_abort,True
516889__916561,516889,916561,2024-06-18,2024-06-21,1,10.217707723704,9.8434046792592,9.857837042895538,9.961314406676673,0.010496964327048813,0.03663278051851665,0.047129744845565466,0.08376252536408212,0.011961,2.7e-05,0.0062926722,0.0062576265,-0.005569,0.04710234758529149,0.08373512810380815,0.07816584070313919,convergence,False
516889__916561,516889,916561,2024-07-26,2024-07-29,1,11.211374683703998,10.907448608,0.0,0.0,0.0,0.027108725225797884,0.027108725225797884,0.05421745045159577,0.011961,0.0,0.0,0.0,0.0,0.027108725225797884,0.05421745045159577,0.05421745045159577,overnight_abort,True
516889__916561,516889,916561,2024-08-05,2024-08-06,1,9.8362994007408,10.112404399999999,0.0,0.0,0.0,-0.028070007632993128,-0.028070007632993128,-0.056140015265986255,0.011961,0.0,0.0,0.0,0.0,-0.028070007632993128,-0.056140015265986255,-0.056140015265986255,overnight_abort,True
516889__916561,516889,916561,2024-10-23,2024-10-25,1,12.385708363704,11.268108756296,11.723921128991645,11.716151619002206,-0.0006627057538135332,0.09023299875872233,0.08957029300490879,0.17980329176363113,0.011961,2.7e-05,0.0065863132,0.0065657726,-0.003119,0.08954289574463482,0.17977589450335715,0.1766572149968922,convergence,False
516889__916561,516889,916561,2024-11-13,2024-11-15,1,12.616559279999999,11.870866839999998,11.988063297242727,11.958847655744115,-0.002437060997611764,0.05910426317118695,0.05666720217357519,0.11577146534476214,0.011961,2.7e-05,0.0063995904,0.0064789914,0.012407,0.056639804913301214,0.11574406808448817,0.12815126839530802,convergence,False
516889__916561,516889,916561,2024-12-18,2024-12-23,4,11.20133664,10.04266368,10.366511766208335,10.412987239708457,0.004483231635507103,0.10344059796063756,0.10792382959614467,0.21136442755678223,0.011961,0.00011,0.0063512226,0.0063619302,0.001686,0.10781424055504879,0.21125483851568633,0.21294075013843433,convergence,False
516889__916561,516889,916561,2025-02-28,2025-03-06,3,10.829966159999998,10.369448768,10.353929837504783,10.589833764405146,0.022783998984217003,0.042522514400912786,0.06530651338512979,0.10782902778604257,0.011961,8.2e-05,0.0066885158,0.006758355,0.010442,0.06522432160430787,0.10774683600522066,0.11818849482585161,convergence,False
516889__916561,516889,916561,2025-04-02,2025-04-03,1,10.308041083704,9.6142561011112,0.0,0.0,0.0,0.06730522093956387,0.06730522093956387,0.13461044187912774,0.011961,0.0,0.0,0.0,0.0,0.06730522093956387,0.13461044187912774,0.13461044187912774,overnight_abort,True
516889__916561,516889,916561,2025-04-09,2025-04-10,1,10.087226203703999,9.4678011868888,0.0,0.0,0.0,0.061406872841589355,0.061406872841589355,0.12281374568317871,0.011961,0.0,0.0,0.0,0.0,0.061406872841589355,0.12281374568317871,0.12281374568317871,overnight_abort,True
516889__916561,516889,916561,2025-08-08,2025-08-12,1,9.8764475607408,9.464812,0.0,0.0,0.0,0.041678504159437316,0.041678504159437316,0.08335700831887463,0.011961,0.0,0.0,0.0,0.0,0.041678504159437316,0.08335700831887463,0.08335700831887463,overnight_abort,True
516889__916561,516889,916561,2025-08-26,2025-08-27,1,10.36826232,11.65168172,0.0,0.0,0.0,-0.12378346152800652,-0.12378346152800652,-0.24756692305601305,0.011961,0.0,0.0,0.0,0.0,-0.12378346152800652,-0.24756692305601305,-0.24756692305601305,overnight_abort,True
516889__916561,516889,916561,2025-09-18,2025-09-24,5,12.235151759999999,11.915701156296,12.7346319428961,12.06072527216976,-0.05291921068062527,0.026109247353054376,-0.026809963327570897,-0.0007007159745165206,0.011961,0.000137,0.006758355,0.0067156912,-0.006313,-0.02694694962894076,-0.0008377022758863837,-0.007150451458194724,convergence,False
516889__916561,516889,916561,2025-10-17,2025-10-22,2,12.395745403704,11.953560404296,12.127047058334131,12.131014603804035,0.00032716500981800543,0.035672320220119146,0.03599948522993715,0.0716718054500563,0.011961,5.5e-05,0.0066334992,0.0065793798,-0.008158,0.03594469070938921,0.07161701092950835,0.06345851141540573,convergence,False
516889__916561,516889,916561,2025-10-23,2025-10-24,1,12.676782523703999,12.19466304,0.0,0.0,0.0,0.03803169162226262,0.03803169162226262,0.07606338324452525,0.011961,0.0,0.0,0.0,0.0,0.03803169162226262,0.07606338324452525,0.07606338324452525,overnight_abort,True
516889__916561,516889,916561,2025-10-27,2025-10-28,1,12.768319324799998,11.633749388296,0.0,0.0,0.0,0.08885820503410463,0.08885820503410463,0.17771641006820926,0.011961,0.0,0.0,0.0,0.0,0.08885820503410463,0.17771641006820926,0.17771641006820926,overnight_abort,True
516889__916561,516889,916561,2026-01-28,2026-01-29,1,13.048151999999998,12.393922239999998,0.0,0.0,0.0,0.050139648894341506,0.050139648894341506,0.10027929778868301,0.011961,0.0,0.0,0.0,0.0,0.050139648894341506,0.10027929778868301,0.10027929778868301,overnight_abort,True
516889__916561,516889,916561,2026-02-02,2026-02-03,1,12.78718896,12.364033359999999,0.0,0.0,0.0,0.03309215194392507,0.03309215194392507,0.06618430388785014,0.011961,0.0,0.0,0.0,0.0,0.03309215194392507,0.06618430388785014,0.06618430388785014,overnight_abort,True
516889__916561,516889,916561,2026-03-10,2026-03-17,6,12.897597403704,11.875849316295998,12.258103339908887,12.06015184056537,-0.016148623800473588,0.07922003264845051,0.06307140884797692,0.14229144149642745,0.011961,0.000164,0.0062912866,0.00628911,-0.000346,0.06290702528633309,0.1421270579347836,0.14178108736653758,convergence,False
500326__256938,500326,256938,2024-08-05,2024-08-07,1,9.514972,9.375201759369599,9.180366544251825,9.717008332779178,0.058455377129071694,0.014689506246618626,0.07314488337569032,0.08783438962230894,0.013708,2.7e-05,0.0069288065,0.0068168645,-0.016156,0.07311748611541635,0.08780699236203497,0.07165096318154054,convergence,False
500326__256938,500326,256938,2024-10-04,2024-10-15,8,10.38634312,10.513404719999999,10.386210670774624,10.577255096418444,0.01839404492163762,-0.012233526134461013,0.006160518787176605,-0.006073007347284408,0.013708,0.000219,0.0067483214,0.0067024129,-0.006803,0.005941340704984825,-0.006292185429476189,-0.013095136456675281,convergence,False
500326__256938,500326,256938,2024-11-06,2024-11-07,1,11.468045199999999,11.491861238424,0.0,0.0,0.0,-0.002076730428652463,-0.002076730428652463,-0.004153460857304926,0.013708,0.0,0.0,0.0,0.0,-0.002076730428652463,-0.004153460857304926,-0.004153460857304926,overnight_abort,True
500326__256938,500326,256938,2024-11-14,2024-11-15,1,12.08902232,11.661593318424,0.0,0.0,0.0,0.03535678818864153,0.03535678818864153,0.07071357637728307,0.013708,0.0,0.0,0.0,0.0,0.03535678818864153,0.07071357637728307,0.07071357637728307,overnight_abort,True
500326__256938,500326,256938,2025-03-17,2025-03-28,10,13.88184336,13.95796752,14.183126659327533,13.997872243160161,-0.013061606274631885,-0.005483721291608126,-0.01854532756624001,-0.024029048857848137,0.013708,0.000274,0.0066992693,0.0066740076,-0.003771,-0.018819300168979737,-0.024303021460587864,-0.02807383568953671,convergence,False
500326__256938,500326,256938,2025-04-07,2025-04-08,1,10.83705232,10.772994959999998,0.0,0.0,0.0,0.005910957897820816,0.005910957897820816,0.011821915795641631,0.013708,0.0,0.0,0.0,0.0,0.005910957897820816,0.011821915795641631,0.011821915795641631,overnight_abort,True
500326__256938,500326,256938,2025-04-09,2025-04-10,1,11.858660841576,11.082507398424001,0.0,0.0,0.0,0.06545034498590564,0.06545034498590564,0.13090068997181128,0.013708,0.0,0.0,0.0,0.0,0.06545034498590564,0.13090068997181128,0.13090068997181128,overnight_abort,True
500326__256938,500326,256938,2025-11-19,2025-11-20,1,15.284050761576001,14.856550118424,0.0,0.0,0.0,0.027970375774119705,0.027970375774119705,0.05594075154823941,0.013708,0.0,0.0,0.0,0.0,0.027970375774119705,0.05594075154823941,0.05594075154823941,overnight_abort,True
500326__256938,500326,256938,2026-01-09,2026-01-14,1,17.116930835272,18.131383833696,17.57428211100729,18.077008626527263,0.02860580661813218,-0.05926605699273877,-0.030660250374606592,-0.08992630736734536,0.013708,2.7e-05,0.0062839727,0.0063111392,0.004323,-0.030687647634880563,-0.08995370462761933,-0.08563056363116017,convergence,False
500326__256938,500326,256938,2026-01-21,2026-01-23,1,18.28877275212,17.85182611212,17.87999869702828,18.113439523552035,0.013055975589223778,0.02389152328164549,0.03694749887086927,0.06083902215251476,0.013708,2.7e-05,0.0063127324,0.0064219889,0.017307,0.03692010161059529,0.06081162489224078,0.07811894810461076,convergence,False
500326__256938,500326,256938,2026-02-02,2026-02-04,1,18.268752249456,18.520769193696,18.60490410313976,18.702955012812502,0.00527016474415453,-0.01379497301177236,-0.008524808267617829,-0.02231978127939019,0.013708,2.7e-05,0.0064205457,0.0063747052,-0.00714,-0.008552205527891802,-0.02234717853966416,-0.0294868364662483,convergence,False
500326__256938,500326,256938,2026-02-17,2026-02-19,1,19.280338,19.22964124788,19.16283687773489,19.310441912925423,0.007702671380667776,0.0026294534940207144,0.01033212487468849,0.012961578368709205,0.013708,2.7e-05,0.0064584877,0.0064516129,-0.001064,0.010304727614414517,0.012934181108435232,0.011869721389792316,convergence,False
500326__256938,500326,256938,2026-02-25,2026-02-27,1,18.65936588788,18.61062336,18.833871259124415,18.921740834925682,0.004665507934737395,0.00261222852764029,0.007277736462377685,0.009889964990017975,0.013708,2.7e-05,0.0064051241,0.0064079972,0.000449,0.007250339202103712,0.009862567729744002,0.010311130467193548,convergence,False
500326__256938,500326,256938,2026-03-04,2026-03-05,1,17.627744611032004,17.202841526304,0.0,0.0,0.0,0.024104222865929587,0.024104222865929587,0.04820844573185917,0.013708,0.0,0.0,0.0,0.0,0.024104222865929587,0.04820844573185917,0.04820844573185917,overnight_abort,True
500326__256938,500326,256938,2026-03-31,2026-04-01,1,16.996746723152,17.672101804727998,0.0,0.0,0.0,-0.039734373440775406,-0.039734373440775406,-0.07946874688155081,0.013708,0.0,0.0,0.0,0.0,-0.039734373440775406,-0.07946874688155081,-0.07946874688155081,overnight_abort,True
755020__929593,755020,929593,2024-05-02,2024-05-10,7,8.14661319967225,8.34256722532775,8.021280385063875,8.368690181327795,0.04331101514800783,-0.024053434335557133,0.019257580812450697,-0.004795853523106436,0.00999,0.000192,0.1280180167,0.1279860784,-0.000249,0.01906579999053289,-0.004987634345024244,-0.005237117197698202,convergence,False
755020__929593,755020,929593,2024-05-13,2024-05-20,6,8.60812095,8.51081438201675,8.463214010024235,8.519090345488628,0.006602259543267018,0.011304042839134299,0.017906302382401318,0.029210345221535615,0.00999,0.000164,0.128010657,0.1282306017,0.001718,0.01774191882075748,0.02904596165989178,0.03076413657715669,convergence,False
755020__929593,755020,929593,2024-05-31,2024-06-03,1,8.1064822,8.0634852243445,0.0,0.0,0.0,0.005304023939693593,0.005304023939693593,0.010608047879387185,0.00999,0.0,0.0,0.0,0.0,0.005304023939693593,0.010608047879387185,0.010608047879387185,overnight_abort,True
755020__929593,755020,929593,2024-08-08,2024-08-09,1,9.129825651311002,8.820994523689,0.0,0.0,0.0,0.03382661831857159,0.03382661831857159,0.06765323663714318,0.00999,0.0,0.0,0.0,0.0,0.03382661831857159,0.06765323663714318,0.06765323663714318,overnight_abort,True
755020__929593,755020,929593,2024-08-16,2024-08-20,1,9.129825651311002,8.78112572336125,8.868000191348814,8.818592443495683,-0.005571464455011033,0.0381934925449185,0.03262202808990747,0.07081552063482598,0.00999,2.7e-05,0.1283944293,0.1283977314,2.6e-05,0.03259463082963349,0.07078812337455201,0.07081384178007781,convergence,False
755020__929593,755020,929593,2024-08-26,2024-08-27,1,9.150392137766751,8.950567651311,0.0,0.0,0.0,0.021837805795339494,0.021837805795339494,0.04367561159067899,0.00999,0.0,0.0,0.0,0.0,0.021837805795339494,0.04367561159067899,0.04367561159067899,overnight_abort,True
755020__929593,755020,929593,2024-09-24,2024-09-30,5,9.48097227467225,8.7512233506555,9.193964144350645,8.842656347515787,-0.03821069903244334,0.07696984052640074,0.0387591414939574,0.11572898202035814,0.00999,0.000137,0.1284562767,0.1286545946,0.001544,0.038622155192587534,0.11559199571898827,0.11713585099095097,convergence,False
755020__929593,755020,929593,2024-10-08,2024-10-10,1,8.7686451493445,8.49207619836125,8.533482883860177,8.53737984897278,0.0004566675958268969,0.03154067091013774,0.03199733850596464,0.06353800941610238,0.00999,2.7e-05,0.1286835671,0.1286992989,0.000122,0.031969941245690664,0.06351061215582841,0.06363286397363649,convergence,False
755020__929593,755020,929593,2025-03-07,2025-03-10,1,8.39743257467225,8.093386600327749,0.0,0.0,0.0,0.03620701585167147,0.03620701585167147,0.07241403170334294,0.00999,0.0,0.0,0.0,0.0,0.03620701585167147,0.07241403170334294,0.07241403170334294,overnight_abort,True
755020__929593,755020,929593,2025-03-14,2025-03-18,1,8.216842323689,8.083419175983249,8.199809513608956,8.210552002249607,0.0013100900237769226,0.016237764149507377,0.017547854173284298,0.03378561832279168,0.00999,2.7e-05,0.1287067545,0.1287117161,3.9e-05,0.017520456913010327,0.033758221062517704,0.033796770709886986,convergence,False
755020__929593,755020,929593,2025-03-27,2025-03-28,1,8.22687539967225,8.0535178,0.0,0.0,0.0,0.021072107118476246,0.021072107118476246,0.04214421423695249,0.00999,0.0,0.0,0.0,0.0,0.021072107118476246,0.04214421423695249,0.04214421423695249,overnight_abort,True
755020__929593,755020,929593,2025-04-09,2025-04-10,1,8.02622,7.97378,0.0,0.0,0.0,0.006533586171323575,0.006533586171323575,0.01306717234264715,0.00999,0.0,0.0,0.0,0.0,0.006533586171323575,0.01306717234264715,0.01306717234264715,overnight_abort,True
755020__929593,755020,929593,2025-04-11,2025-04-23,9,8.14661319967225,8.322633273689,8.175282748657795,8.400442274255129,0.02754149703682121,-0.021606533869047692,0.005934963167773519,-0.015671570701274173,0.00999,0.000247,0.1289299409,0.1288651507,-0.000503,0.005688387825307765,-0.015918146043739926,-0.016420668573012453,convergence,False
755020__929593,755020,929593,2025-06-20,2025-06-23,1,8.54792480163875,8.31764956151675,0.0,0.0,0.0,0.026939315151421617,0.026939315151421617,0.05387863030284323,0.00999,0.0,0.0,0.0,0.0,0.026939315151421617,0.05387863030284323,0.05387863030284323,overnight_abort,True
755020__929593,755020,929593,2025-08-05,2025-08-06,1,8.72851414967225,8.362502173689,0.0,0.0,0.0,0.04193290744645165,0.04193290744645165,0.0838658148929033,0.00999,0.0,0.0,0.0,0.0,0.04193290744645165,0.0838658148929033,0.0838658148929033,overnight_abort,True
755020__929593,755020,929593,2025-10-17,2025-10-22,2,8.6582850256555,8.392403549672249,8.555957304747636,8.451639616827975,-0.012192403982868836,0.030708330251939468,0.018515926269070632,0.049224256521010104,0.00999,5.5e-05,0.1287307723,0.128665346,-0.000508,0.018461131748522687,0.04916946200046216,0.04866122066211686,convergence,False
755020__929593,755020,929593,2025-11-05,2025-12-03,27,8.71346558913875,8.703381268689,8.696135183745792,8.746345043937461,0.005773813209058477,0.0011573260198926353,0.006931139228951113,0.008088465248843747,0.00999,0.00074,0.1286107434,0.1284661748,-0.001124,0.006191413201553852,0.007348739221446487,0.006224660500041587,convergence,False
755020__929593,755020,929593,2025-12-24,2025-12-30,1,9.210087851311002,8.9605350756555,8.929812423139243,8.948747278563445,0.002120409088900648,0.027095591234776298,0.029216000323676945,0.05631159155845324,0.00999,2.7e-05,0.1286363817,0.128518182,-0.000919,0.029188603063402974,0.05628419429817927,0.05536532750141529,convergence,False
755020__929593,755020,929593,2026-01-07,2026-01-13,5,9.360579075,9.209715700655499,9.120838825051331,9.18837603802244,0.007404715099844869,0.016116884771309018,0.02352159987115389,0.039638484642462904,0.00999,0.000137,0.1283326431,0.1281919737,-0.001096,0.023384613569784028,0.03950149834109304,0.038405367250810715,convergence,False
755020__929593,755020,929593,2026-03-11,2026-03-13,1,9.64149647401675,9.411552405594499,9.362323842657782,9.386178224021064,0.002547912437571753,0.023849416845396983,0.026397329282968736,0.05024674612836572,0.00999,2.7e-05,0.1277685904,0.1277489922,-0.000153,0.026369932022694765,0.05021934886809175,0.050065960621898824,convergence,False
519310__930378,519310,930378,2024-04-19,2024-04-24,2,9.33599747948505,9.154259794828349,4.69322692945528,4.620624992472672,-0.015469513423045622,0.019466338230708834,0.003996824807663212,0.023463163038372044,0.009569,5.5e-05,0.0064580706,0.0064372843,-0.003219,0.0039420302871152665,0.0234083685178241,0.020189713707825623,convergence,False
519310__930378,519310,930378,2024-07-26,2024-07-29,1,10.064547192166499,10.052714845,0.0,0.0,0.0,0.001175646250206637,0.001175646250206637,0.002351292500413274,0.009569,0.0,0.0,0.0,0.0,0.001175646250206637,0.002351292500413274,0.002351292500413274,overnight_abort,True
519310__930378,519310,930378,2024-07-31,2024-08-01,1,10.558091909999998,10.052714845,0.0,0.0,0.0,0.047866325592537645,0.047866325592537645,0.09573265118507529,0.009569,0.0,0.0,0.0,0.0,0.047866325592537645,0.09573265118507529,0.09573265118507529,overnight_abort,True
519310__930378,519310,930378,2024-08-05,2024-08-06,1,9.596444069999999,9.493676384485049,0.0,0.0,0.0,0.010708933930664775,0.010708933930664775,0.02141786786132955,0.009569,0.0,0.0,0.0,0.0,0.010708933930664775,0.02141786786132955,0.02141786786132955,overnight_abort,True
519310__930378,519310,930378,2025-03-17,2025-03-18,1,14.294495456716499,14.003920938,0.0,0.0,0.0,0.02032772122642268,0.02032772122642268,0.04065544245284536,0.009569,0.0,0.0,0.0,0.0,0.02032772122642268,0.04065544245284536,0.04065544245284536,overnight_abort,True
519310__930378,519310,930378,2025-04-07,2025-04-08,1,12.11526020925,12.4985104182835,0.0,0.0,0.0,-0.03163367541548044,-0.03163367541548044,-0.06326735083096088,0.009569,0.0,0.0,0.0,0.0,-0.03163367541548044,-0.06326735083096088,-0.06326735083096088,overnight_abort,True
519310__930378,519310,930378,2025-04-09,2025-04-10,1,12.681730889999999,12.149111193283499,0.0,0.0,0.0,0.04199897485101894,0.04199897485101894,0.08399794970203787,0.009569,0.0,0.0,0.0,0.0,0.04199897485101894,0.08399794970203787,0.08399794970203787,overnight_abort,True
519310__930378,519310,930378,2025-09-16,2025-09-25,8,13.584277456499999,12.768045964999999,6.619333899671065,6.421042336008387,-0.02995642260507985,0.06008648557965355,0.0301300629745737,0.09021654855422725,0.009569,0.000219,0.0068031834,0.0066757902,-0.018726,0.029910884892381917,0.08999737047203547,0.0712718426551608,convergence,False
519310__930378,519310,930378,2025-10-02,2025-10-10,7,12.952195346716499,12.388698235,6.5447205142973495,6.231194936714877,-0.0479051132737535,0.04350591514660492,-0.004399198127148576,0.039106717019456345,0.009569,0.000192,0.0067817296,0.0066148499,-0.024607,-0.004590978949066384,0.03891493619753854,0.014307688512523228,convergence,False
519310__930378,519310,930378,2025-11-05,2025-11-06,1,12.1207706517165,11.9095231532835,0.0,0.0,0.0,0.017428553390133147,0.017428553390133147,0.034857106780266295,0.009569,0.0,0.0,0.0,0.0,0.017428553390133147,0.034857106780266295,0.034857106780266295,overnight_abort,True
519310__930378,519310,930378,2025-12-02,2025-12-03,1,13.102451819999999,12.783021215783501,0.0,0.0,0.0,0.024379452686016278,0.024379452686016278,0.048758905372032556,0.009569,0.0,0.0,0.0,0.0,0.024379452686016278,0.048758905372032556,0.048758905372032556,overnight_abort,True
519310__930378,519310,930378,2026-02-06,2026-02-10,1,16.2177931401495,16.1023178464175,8.078723885172641,8.058886122271796,-0.0024555564941704353,0.007120284044450207,0.004664727550279772,0.011785011594729979,0.009569,2.7e-05,0.0064149854,0.0064773132,0.009716,0.004637330290005799,0.011757614334456006,0.021473583446404463,convergence,False
519310__930378,519310,930378,2026-02-26,2026-02-27,1,17.5160077069845,17.020737668134,0.0,0.0,0.0,0.028275280939332466,0.028275280939332466,0.05655056187866493,0.009569,0.0,0.0,0.0,0.0,0.028275280939332466,0.05655056187866493,0.05655056187866493,overnight_abort,True
519310__930378,519310,930378,2026-03-04,2026-03-05,1,15.646811729999998,15.13397786,0.0,0.0,0.0,0.032775614537288104,0.032775614537288104,0.06555122907457621,0.009569,0.0,0.0,0.0,0.0,0.032775614537288104,0.06555122907457621,0.06555122907457621,overnight_abort,True
519310__930378,519310,930378,2026-03-23,2026-03-26,2,13.693465556716498,13.806260804999999,6.7916223231281965,6.9801454273520305,0.02775818431213957,-0.008237158651790361,0.01952102566034921,0.011283867008558848,0.009569,5.5e-05,0.0063013954,0.0062570388,-0.007039,0.019466231139801265,0.011229072488010902,0.00418990144979928,convergence,False
516495__932074,516495,932074,2024-04-26,2024-04-30,1,32.519838051592494,34.7094580856815,0.0,0.0,0.0,-0.06733182467314833,-0.06733182467314833,-0.13466364934629665,0.012476000000000001,0.0,0.0,0.0,0.0,-0.06733182467314833,-0.13466364934629665,-0.13466364934629665,overnight_abort,True
516495__932074,516495,932074,2024-08-05,2024-08-06,1,28.532692602273997,27.978657119770503,0.0,0.0,0.0,0.01941756742787529,0.01941756742787529,0.03883513485575058,0.012476000000000001,0.0,0.0,0.0,0.0,0.01941756742787529,0.03883513485575058,0.03883513485575058,overnight_abort,True
516495__932074,516495,932074,2024-10-31,2024-11-08,7,34.699208192274,35.645401682726,17.85119314908927,17.91300797079509,0.0034627837584611833,-0.02726844616191212,-0.023805662403450938,-0.051074108565363055,0.012476000000000001,0.000192,0.0065359477,0.0065513627,0.002358,-0.023997443225368745,-0.05126588938728086,-0.04890739438279979,convergence,False
516495__932074,516495,932074,2025-04-07,2025-04-08,1,32.710661579547995,32.797751597044495,0.0,0.0,0.0,-0.0026624352211498,-0.0026624352211498,-0.0053248704422996,0.012476000000000001,0.0,0.0,0.0,0.0,-0.0026624352211498,-0.0053248704422996,-0.0053248704422996,overnight_abort,True
516495__932074,516495,932074,2025-04-09,2025-04-10,1,35.904386374999994,34.649720182726,0.0,0.0,0.0,0.034944649357595226,0.034944649357595226,0.06988929871519045,0.012476000000000001,0.0,0.0,0.0,0.0,0.034944649357595226,0.06988929871519045,0.06988929871519045,overnight_abort,True
516495__932074,516495,932074,2025-04-28,2025-04-30,1,38.65622509091099,38.4432637106815,0.0,0.0,0.0,0.00550910958658419,0.00550910958658419,0.01101821917316838,0.012476000000000001,0.0,0.0,0.0,0.0,0.00550910958658419,0.01101821917316838,0.01101821917316838,overnight_abort,True
516495__932074,516495,932074,2025-07-31,2025-08-01,1,46.700810249999996,46.289238909089,0.0,0.0,0.0,0.00881293790638238,0.00881293790638238,0.01762587581276476,0.012476000000000001,0.0,0.0,0.0,0.0,0.00881293790638238,0.01762587581276476,0.01762587581276476,overnight_abort,True
516495__932074,516495,932074,2025-09-11,2025-09-16,4,52.6765023120445,51.675863875911,26.148830314319117,25.964604677763717,-0.00704527255486904,0.018995916437388502,0.011950643882519462,0.030946560319907966,0.012476000000000001,0.00011,0.0067718562,0.0068261715,0.008021,0.011841054841423572,0.030836971278812075,0.03885771158927535,convergence,False
516495__932074,516495,932074,2025-10-28,2025-10-30,1,56.322183488636995,54.015721375,27.250530905787066,27.23715559267658,-0.0004908276156794558,0.04095121976409749,0.04046039214841803,0.08141161191251553,0.012476000000000001,2.7e-05,0.0065475021,0.0064882401,-0.009051,0.04043299488814406,0.08138421465224156,0.07233312935362057,convergence,False
516495__932074,516495,932074,2026-01-09,2026-01-14,1,61.9664484370445,64.1019799484075,31.713127215055366,32.427380536837234,0.02252232386097787,-0.0344627062745515,-0.011940382413573633,-0.046403088688125135,0.012476000000000001,2.7e-05,0.0062839727,0.0063111392,0.004323,-0.011967779673847606,-0.04643048594839911,-0.04210734495193996,convergence,False
516495__932074,516495,932074,2026-02-03,2026-02-05,1,68.36396832954799,67.709335018589,34.38090580721683,34.0532051382756,-0.009531472811645325,0.009575706720290584,4.4233908645259154e-05,0.009619940628935843,0.012476000000000001,2.7e-05,0.0063747052,0.0063678044,-0.001083,1.683664837128655e-05,0.00959254336866187,0.008510014877775725,convergence,False
516495__932074,516495,932074,2026-02-06,2026-02-10,1,73.7571536529555,74.920050484774,36.9762509426264,37.58681230437546,0.01651225708891969,-0.015766563298933677,0.0007456937899860128,-0.015020869508947664,0.012476000000000001,2.7e-05,0.0064149854,0.0064773132,0.009716,0.0007182965297120402,-0.015048266769221637,-0.00533229765727318,convergence,False
516495__932074,516495,932074,2026-03-04,2026-03-05,1,73.32528866340749,69.996413432726,0.0,0.0,0.0,0.045398733388727096,0.045398733388727096,0.09079746677745419,0.012476000000000001,0.0,0.0,0.0,0.0,0.045398733388727096,0.09079746677745419,0.09079746677745419,overnight_abort,True
26981M__26030V,26981M,26030V,2024-04-03,2024-04-10,5,58.67576325,58.428917289518004,2.8730749483517903,2.9616164225907506,0.030817669511111877,0.004206949288929758,0.03502461880004164,0.039231568088971394,0.009803,0.000137,0.1277343175,0.1276234532,-0.000868,0.03488763249867177,0.03909458178760153,0.03822665293206893,convergence,False
26981M__26030V,26981M,26030V,2024-04-17,2024-04-24,6,58.565432755,59.650242758991006,2.9232772506133653,2.9821692735978447,0.020145890360595317,-0.01852304256896978,0.0016228477916255361,-0.016900194777344245,0.009803,0.000164,0.1276910897,0.1276853832,-4.5e-05,0.0014584642299817006,-0.01706457833898808,-0.01710926822309366,convergence,False
26981M__26030V,26981M,26030V,2024-05-02,2024-05-07,4,63.7208748819955,61.888492671513504,3.110326021783737,3.0945664580539667,-0.005066852676984828,0.02875638813615442,0.02368953545916959,0.05244592359532401,0.009803,0.00011,0.1280180167,0.1278535261,-0.001285,0.023579946418073698,0.05233633455422812,0.051051432598705294,convergence,False
26981M__26030V,26981M,26030V,2024-06-17,2024-06-20,2,63.34976823201801,62.112823637982004,3.111919829812937,3.126884667487952,0.004808876350749265,0.019525637244728417,0.024334513595477683,0.0438601508402061,0.009803,5.5e-05,0.1280836163,0.1281320256,0.000378,0.024279719074929738,0.04380535631965816,0.04418330707868897,convergence,False
26981M__26030V,26981M,26030V,2024-07-02,2024-07-08,5,62.768023616009,57.556546227018,2.982657265437997,2.8754752323562536,-0.035935081889472135,0.08302758456874228,0.04709250267927014,0.1301200872480124,0.009803,0.000137,0.1280434356,0.1280417945,-1.3e-05,0.046955516377900276,0.12998310094664256,0.1299702842021346,convergence,False
26981M__26030V,26981M,26030V,2024-09-12,2024-09-17,4,60.43102112500001,60.886523160964,2.9674617172102495,3.0540853201658376,0.029191144220395884,-0.007537553188482472,0.021653591031913413,0.014116037843430941,0.009803,0.00011,0.1282182772,0.1282972341,0.000616,0.021544001990817522,0.01400644880233505,0.014622249464488873,convergence,False
26981M__26030V,26981M,26030V,2024-09-26,2024-09-30,3,66.09799053197301,63.255376493,3.222715037593382,3.1974215967044697,-0.007848488182746933,0.043006058370231054,0.035157570187484125,0.07816362855771518,0.009803,8.2e-05,0.1286645249,0.1286545946,-7.7e-05,0.03507537840666221,0.07808143677689326,0.07800425699476057,convergence,False
26981M__26030V,26981M,26030V,2024-12-27,2024-12-31,1,66.79067847873151,63.877509660964,3.231551627860011,3.2057604175488734,-0.007981060890002589,0.04361639803816578,0.035635337148163186,0.07925173518632897,0.009803,2.7e-05,0.1287597791,0.1287316108,-0.000219,0.03560793988788921,0.079224337926055,0.0790055716296472,convergence,False
26981M__26030V,26981M,26030V,2025-01-10,2025-01-13,1,65.165204371009,62.5016508859865,0.0,0.0,0.0,0.04087386068580292,0.04087386068580292,0.08174772137160584,0.009803,0.0,0.0,0.0,0.0,0.04087386068580292,0.08174772137160584,0.08174772137160584,overnight_abort,True
26981M__26030V,26981M,26030V,2025-04-11,2025-04-15,1,77.58441010202701,76.000962977018,3.823566725759112,3.846997125562616,0.006127890915478182,0.020409346709302775,0.026537237624780958,0.04694658433408373,0.009803,2.7e-05,0.1289299409,0.128906673,-0.00018,0.026509840364506987,0.04691918707380976,0.04673871774420649,convergence,False
26981M__26030V,26981M,26030V,2025-04-24,2025-05-07,12,81.14305803197301,83.996870875,3.939213585071788,4.205164512806781,0.06751371104700998,-0.035170141626933646,0.03234356942007634,-0.0028265722068573085,0.009803,0.000329,0.1289100015,0.1288427296,-0.000522,0.032014802296788665,-0.0031553393301449796,-0.0036771910035389857,convergence,False
26981M__26030V,26981M,26030V,2025-05-14,2025-05-15,1,86.0627941014685,83.70774915896851,0.0,0.0,0.0,0.027364263118431598,0.027364263118431598,0.054728526236863195,0.009803,0.0,0.0,0.0,0.0,0.027364263118431598,0.054728526236863195,0.054728526236863195,overnight_abort,True
26981M__26030V,26981M,26030V,2025-05-19,2025-05-21,1,87.55216451055901,85.34282177896851,4.281966476031924,4.275554666816678,-0.0014973982750999158,0.02523458721941756,0.023737188944317644,0.0489717761637352,0.009803,2.7e-05,0.1277685904,0.1276804858,-0.00069,0.023709791684043673,0.048944378903461226,0.048254815062112,convergence,False
26981M__26030V,26981M,26030V,2025-06-10,2025-06-11,1,91.143014902982,89.924017098464,0.0,0.0,0.0,0.013374560911942293,0.013374560911942293,0.026749121823884586,0.009803,0.0,0.0,0.0,0.0,0.013374560911942293,0.026749121823884586,0.026749121823884586,overnight_abort,True
26981M__26030V,26981M,26030V,2025-06-27,2025-07-02,2,95.80298484303151,87.4365023590135,4.352218187560128,4.367579751239686,0.003529594109841587,0.08733008160159184,0.09085967571143343,0.17818975731302525,0.009803,5.5e-05,0.1273893481,0.1273909725,1.3e-05,0.09080488119088548,0.1781349627924773,0.17814771425109013,convergence,False
26981M__26030V,26981M,26030V,2025-09-05,2025-09-08,1,99.2172041369955,97.88003720048201,0.0,0.0,0.0,0.013477168079309978,0.013477168079309978,0.026954336158619956,0.009803,0.0,0.0,0.0,0.0,0.013477168079309978,0.026954336158619956,0.026954336158619956,overnight_abort,True
26981M__26030V,26981M,26030V,2025-09-10,2025-09-15,3,104.4085558311,98.63176881649551,4.9809288702271175,4.941796740758592,-0.00785639194778159,0.05532867463418905,0.04747228268640746,0.1028009573205965,0.009803,8.2e-05,0.1285289255,0.1285355271,5.1e-05,0.04739009090558555,0.10271876553977459,0.10277012829702403,convergence,False
26981M__26030V,26981M,26030V,2025-10-17,2025-10-22,2,95.327561713036,94.460334659518,4.715324812513993,4.751586910029606,0.007690265031027605,0.009097338040897511,0.016787603071925117,0.025884941112822628,0.009803,5.5e-05,0.1287307723,0.128665346,-0.000508,0.01673280855137717,0.025830146592274682,0.02532190525392938,convergence,False
26981M__26030V,26981M,26030V,2026-02-20,2026-02-23,1,113.57019953500001,112.02989184625001,0.0,0.0,0.0,0.013562604407288318,0.013562604407288318,0.027125208814576637,0.009803,0.0,0.0,0.0,0.0,0.013562604407288318,0.027125208814576637,0.027125208814576637,overnight_abort,True
26981M__26030V,26981M,26030V,2026-03-04,2026-03-05,1,107.88217104554501,107.5548775445,0.0,0.0,0.0,0.0030338052884274166,0.0030338052884274166,0.006067610576854833,0.009803,0.0,0.0,0.0,0.0,0.0030338052884274166,0.006067610576854833,0.006067610576854833,overnight_abort,True
26981M__26030V,26981M,26030V,2026-03-23,2026-03-24,1,105.67656415004501,104.973656195,0.0,0.0,0.0,0.006651502730983774,0.006651502730983774,0.013303005461967547,0.009803,0.0,0.0,0.0,0.0,0.006651502730983774,0.013303005461967547,0.013303005461967547,overnight_abort,True
26981M__26030V,26981M,26030V,2026-03-30,2026-04-21,21,108.484976750045,112.790110884955,5.469749696055434,5.659415057347001,0.03467532736065532,-0.039684150413095844,-0.005008823052440527,-0.04469297346553637,0.009803,0.000575,0.1275559046,0.1277065797,0.001181,-0.005584165518193952,-0.04526831593128979,-0.044087068379696656,convergence,False
151440__916546,151440,916546,2024-06-12,2024-06-13,1,8.55054896179275,8.92787401964145,0.0,0.0,0.0,-0.04412875238007982,-0.04412875238007982,-0.08825750476015964,0.016453000000000002,0.0,0.0,0.0,0.0,-0.04412875238007982,-0.08825750476015964,-0.08825750476015964,overnight_abort,True
151440__916546,151440,916546,2024-07-02,2024-07-08,5,9.00216223607565,9.296547284999999,9.088251686467265,9.354649591143337,0.029312337935441243,-0.03270159337326958,-0.0033892554378283403,-0.03609084881109792,0.016453000000000002,0.000137,0.1280434356,0.1280417945,-1.3e-05,-0.0035262417391982034,-0.036227835112467785,-0.03624065185697573,convergence,False
151440__916546,151440,916546,2024-07-10,2024-07-18,7,9.1326284514342,8.99642733724145,9.09724672918443,8.984706866434422,-0.012370760747751808,0.014913681742013915,0.0025429209942621073,0.01745660273627602,0.016453000000000002,0.000192,0.1280795167,0.1280368697,-0.000333,0.0023511401723442992,0.017264821914358214,0.01693184907764851,convergence,False
151440__916546,151440,916546,2024-07-22,2024-07-24,1,9.0824489757171,8.8481609592829,9.037259784254518,8.871940919494602,-0.018293030045229947,0.025795687601504098,0.007502657556274151,0.03329834515777825,0.016453000000000002,2.7e-05,0.1280499874,0.1280647512,0.000115,0.007475260296000178,0.033270947897504274,0.03338624505840024,convergence,False
151440__916546,151440,916546,2024-09-11,2024-09-12,1,8.0587913642829,7.692320238924349,0.0,0.0,0.0,0.045474700707946764,0.045474700707946764,0.09094940141589353,0.016453000000000002,0.0,0.0,0.0,0.0,0.045474700707946764,0.09094940141589353,0.09094940141589353,overnight_abort,True
151440__916546,151440,916546,2024-12-09,2024-12-12,2,9.0473236839342,8.8182687235658,8.987777660576986,8.910625691385373,-0.00858409855086024,0.02531742738188358,0.01673332883102334,0.04205075621290692,0.016453000000000002,5.5e-05,0.1286305904,0.1286231584,-5.8e-05,0.016678534310475394,0.04199596169235898,0.0419381838342547,convergence,False
151440__916546,151440,916546,2024-12-24,2025-01-21,25,9.1326284514342,8.7684477992829,9.131394845741895,8.8410146338036,-0.03180020323770183,0.03987687160251326,0.008076668364811433,0.047953539967324696,0.016453000000000002,0.000685,0.1288336116,0.1284488484,-0.002987,0.007391736857962118,0.047268608460475384,0.04428209589421586,convergence,False
151440__916546,151440,916546,2025-01-22,2025-02-14,22,8.99212618035855,8.3100971292829,8.847827098035967,8.336800564353373,-0.05775729204699666,0.07584736216951699,0.018090070122520327,0.09393743229203731,0.016453000000000002,0.000603,0.1283812409,0.1284612338,0.000623,0.01748733039649293,0.09333469256600992,0.09395778126214038,convergence,False
151440__916546,151440,916546,2025-04-09,2025-04-11,1,8.369903270717101,7.89160293964145,8.131704480495054,7.939971278013844,-0.023578476436411026,0.057145263882442975,0.03356678744603195,0.09071205132847493,0.016453000000000002,2.7e-05,0.1288875647,0.1289731867,0.000664,0.033539390185757974,0.09068465406820096,0.09134896951398717,convergence,False
151440__916546,151440,916546,2025-07-16,2025-09-02,47,8.98209012464145,8.62894947035855,9.030064805268779,8.637723312467735,-0.04344835848488315,0.03931608894839456,-0.004132269536488584,0.03518381941190598,0.016453000000000002,0.001288,0.1274039598,0.1280885299,0.005373,-0.005419940769365296,0.033896148179029265,0.03926937285018273,convergence,False
151440__916546,151440,916546,2026-02-06,2026-02-10,1,10.146249404999999,10.113607175,10.213789397737274,10.159452712365217,-0.00531993398885771,0.0032171720501876096,-0.0021027619386701003,0.0011144101115175093,0.016453000000000002,2.7e-05,0.127962323,0.1279050384,-0.000448,-0.002130159198944073,0.0010870128512435366,0.0006393451420539737,convergence,False
151440__916546,151440,916546,2026-02-20,2026-03-05,10,10.4172184935855,10.382640086414499,10.490438227461066,10.418842782480674,-0.0068248288039078585,0.0033193512445085674,-0.003505477559399291,-0.00018612631489072374,0.016453000000000002,0.000274,0.1278870518,0.1278854147,-1.3e-05,-0.0037794501621390172,-0.00046009891763044975,-0.0004729000572060753,convergence,False
151440__916546,151440,916546,2026-03-12,2026-03-18,5,10.828687545,11.1797716864145,10.947562474137357,11.269916360219325,0.029445265724082487,-0.03242167067389512,-0.0029764049498126333,-0.03539807562370775,0.016453000000000002,0.000137,0.1277489922,0.1275770582,-0.001346,-0.0031133912511824963,-0.03553506192507762,-0.03688093555616513,convergence,False
151440__916546,151440,916546,2026-03-23,2026-03-24,1,11.019368790000001,10.9207039164145,0.0,0.0,0.0,0.008953768175454813,0.008953768175454813,0.017907536350909626,0.016453000000000002,0.0,0.0,0.0,0.0,0.008953768175454813,0.017907536350909626,0.017907536350909626,overnight_abort,True
151440__916546,151440,916546,2026-03-31,2026-04-10,9,11.0996566335855,11.189734835,11.157693257627924,11.210513879284067,0.004734009121467069,-0.008115404321782305,-0.0033813952003152363,-0.01149679952209754,0.016453000000000002,0.000247,0.1275835624,0.1276959733,0.000881,-0.0036279705427809898,-0.011743374864563293,-0.010862298196962746,convergence,False
151440__916546,151440,916546,2026-04-23,2026-04-29,5,11.0444594310855,10.7612775964145,10.847399618510698,10.75734260185164,-0.008302175620540328,0.025640171566383978,0.01733799594584365,0.042978167512227626,0.016453000000000002,0.000137,0.1276275237,0.1275974096,-0.000236,0.017201009644473787,0.04284118121085776,0.0426052281881321,convergence,False
31337Q__2557WW,31337Q,2557WW,2024-07-02,2024-07-12,9,87.460451362812,98.396629155624,11.138142306519809,12.62785063817144,0.1337483658095854,-0.12504140582862397,0.008706959980961437,-0.11633444584766253,0.031859,0.000247,0.1280434356,0.1280827878,0.000307,0.008460384638495685,-0.11658102119012828,-0.11627368641880181,convergence,False
31337Q__2557WW,31337Q,2557WW,2024-08-08,2024-08-20,11,87.12820633921798,87.38199596718799,10.767392934648557,11.024057541222957,0.02383721000359106,-0.0029128297096111862,0.020924380293979875,0.018011550584368687,0.031859,0.000301,0.1282445914,0.1283977314,0.001194,0.020623010430966177,0.01771018072135499,0.01890430515442637,convergence,False
31337Q__2557WW,31337Q,2557WW,2025-01-17,2025-02-05,15,83.483606233203,88.02758685601499,10.596590938780064,11.172878220965282,0.05438421521738607,-0.054429615919068426,-4.5400701682359046e-05,-0.054475016620750785,0.031859,0.000411,0.1284488484,0.1284265883,-0.000173,-0.00045635960579194806,-0.054885975524860374,-0.0550592748597885,convergence,False
31337Q__2557WW,31337Q,2557WW,2025-03-17,2025-03-18,1,102.96513925797,101.81323953,0.0,0.0,0.0,0.011187278881680605,0.011187278881680605,0.02237455776336121,0.031859,0.0,0.0,0.0,0.0,0.011187278881680605,0.02237455776336121,0.02237455776336121,overnight_abort,True
31337Q__2557WW,31337Q,2557WW,2025-07-15,2025-07-16,1,93.934164127188,85.733290905624,0.0,0.0,0.0,0.08730447859694491,0.08730447859694491,0.17460895719388983,0.031859,0.0,0.0,0.0,0.0,0.08730447859694491,0.17460895719388983,0.17460895719388983,overnight_abort,True
31337Q__2557WW,31337Q,2557WW,2026-03-31,2026-04-21,20,112.17732174,122.65064840202999,14.110860920971724,15.766922565769855,0.11736078004545228,-0.09336402848255405,0.023996751562898225,-0.06936727691965583,0.031859,0.000548,0.1275835624,0.1277065797,0.000964,0.023448806357418774,-0.06991522212513528,-0.06895101249118324,convergence,False
514782__929594,514782,929594,2024-04-09,2024-04-10,1,12.283569445202,12.51455884,0.0,0.0,0.0,-0.018804745300497725,-0.018804745300497725,-0.03760949060099545,0.011877,0.0,0.0,0.0,0.0,-0.018804745300497725,-0.03760949060099545,-0.03760949060099545,overnight_abort,True
514782__929594,514782,929594,2024-05-02,2024-05-07,4,13.851683559999998,13.539200779999998,13.45179170677645,13.5424923696709,0.006742645505636061,0.0225591913536321,0.02930183685926816,0.051861028212900256,0.011877,0.00011,0.1280180167,0.1278535261,-0.001285,0.02919224781817227,0.051751439171804366,0.05046653721628154,convergence,False
514782__929594,514782,929594,2024-09-24,2024-09-30,5,12.665546205202,12.236016394798,12.418016366492665,12.566724408002788,0.011975184854110761,0.03391324807038987,0.04588843292450063,0.07980168099489049,0.011877,0.000137,0.1284562767,0.1286545946,0.001544,0.04575144662313076,0.07966469469352062,0.08120854996548332,convergence,False
514782__929594,514782,929594,2024-12-09,2024-12-10,1,12.695702265202,12.250937369999999,0.0,0.0,0.0,0.035032713111197405,0.035032713111197405,0.07006542622239481,0.011877,0.0,0.0,0.0,0.0,0.035032713111197405,0.07006542622239481,0.07006542622239481,overnight_abort,True
514782__929594,514782,929594,2024-12-11,2024-12-13,1,12.645441159999999,12.09674368,12.350481097570036,12.260191642400857,-0.007310602271756327,0.04339093219899966,0.03608032992724333,0.07947126212624299,0.011877,2.7e-05,0.1286231584,0.1286082673,-0.000116,0.03605293266696936,0.07944386486596902,0.07932809177980604,convergence,False
514782__929594,514782,929594,2025-01-23,2025-01-24,1,12.414245705202,12.026908860399999,0.0,0.0,0.0,0.03120099714473129,0.03120099714473129,0.06240199428946258,0.011877,0.0,0.0,0.0,0.0,0.03120099714473129,0.06240199428946258,0.06240199428946258,overnight_abort,True
514782__929594,514782,929594,2025-02-18,2025-02-21,2,13.751164365202,13.559097734798,12.93190619118935,13.735494177474633,0.062139948620473014,0.013967299444840747,0.07610724806531376,0.0900745475101545,0.011877,5.5e-05,0.1285809836,0.1287042747,0.000959,0.07605245354476581,0.09001975298960656,0.0909786125079281,convergence,False
514782__929594,514782,929594,2025-03-14,2025-03-18,1,14.072828,13.822719204798,13.717364758129403,13.95493581143852,0.01731900095230207,0.017772461597768362,0.03509146255007044,0.052863924147838796,0.011877,2.7e-05,0.1287067545,0.1287117161,3.9e-05,0.03506406528979646,0.05283652688756482,0.052875076534934104,convergence,False
514782__929594,514782,929594,2025-04-09,2025-04-10,1,12.38408864,12.17632752,0.0,0.0,0.0,0.016776456147846234,0.016776456147846234,0.03355291229569247,0.011877,0.0,0.0,0.0,0.0,0.016776456147846234,0.03355291229569247,0.03355291229569247,overnight_abort,True
514782__929594,514782,929594,2025-09-15,2025-09-17,1,15.711308265202,15.15077354,15.279108767639178,15.313300468294878,0.002237807268452576,0.03567715149752958,0.03791495876598215,0.07359211026351173,0.011877,2.7e-05,0.1285173628,0.1285619717,0.000347,0.03788756150570818,0.07356471300323776,0.07391181707562224,convergence,False
514782__929594,514782,929594,2025-10-17,2025-10-22,2,20.011060825403998,19.448304879192,19.633018775102958,19.607014055832327,-0.0013245400296569827,0.028122244548753728,0.026797704519096743,0.05491994906785047,0.011877,5.5e-05,0.1287307723,0.128665346,-0.000508,0.026742909998548798,0.05486515454730253,0.054356913208957226,convergence,False
514782__929594,514782,929594,2025-11-10,2025-11-11,1,19.963312725201998,19.41846193399,0.0,0.0,0.0,0.027292604123972428,0.027292604123972428,0.054585208247944855,0.011877,0.0,0.0,0.0,0.0,0.027292604123972428,0.054585208247944855,0.054585208247944855,overnight_abort,True
777026__901842,777026,901842,2024-05-07,2024-05-10,2,11.631407126177,11.110942133823,22.379040911295768,22.286563188532785,-0.004132336284183858,0.04474652006485704,0.040614183780673184,0.08536070384553023,0.015462,5.5e-05,0.6579597537,0.6601967386,0.0034,0.04055938926012524,0.08530590932498228,0.08870579037761575,convergence,False
777026__901842,777026,901842,2024-05-15,2024-05-16,1,11.631407126177,11.389212573823,0.0,0.0,0.0,0.020822463673284265,0.020822463673284265,0.04164492734656853,0.015462,0.0,0.0,0.0,0.0,0.020822463673284265,0.04164492734656853,0.04164492734656853,overnight_abort,True
777026__901842,777026,901842,2024-08-08,2024-08-28,19,11.872889606177,12.70105794,23.45407891264157,25.54211944109946,0.08902675463125735,-0.06975288756935259,0.01927386706190476,-0.05047902050744783,0.015462,0.000521,0.6572462683,0.6785643424,0.032435,0.01875331911669928,-0.05099956845265331,-0.018564125106371218,convergence,False
777026__901842,777026,901842,2024-10-02,2024-10-03,1,13.2815364,12.58179918,0.0,0.0,0.0,0.05268496045382215,0.05268496045382215,0.1053699209076443,0.015462,0.0,0.0,0.0,0.0,0.05268496045382215,0.1053699209076443,0.1053699209076443,overnight_abort,True
777026__901842,777026,901842,2024-11-13,2024-11-19,5,12.828756750000002,12.840194153823,25.013800326760965,25.785280692118747,0.030842189322684208,-0.0008915442116397741,0.029950645111044435,0.02905910089940466,0.015462,0.000137,0.645348608,0.6531466187,0.012083,0.029813658809674574,0.028922114598034798,0.04100552285728058,convergence,False
777026__901842,777026,901842,2025-04-09,2025-04-10,1,10.84658806,10.08730345,0.0,0.0,0.0,0.07000216158296695,0.07000216158296695,0.1400043231659339,0.015462,0.0,0.0,0.0,0.0,0.07000216158296695,0.1400043231659339,0.1400043231659339,overnight_abort,True
777026__901842,777026,901842,2025-05-12,2025-05-23,10,11.963445536177002,12.194209203823,23.079131996818997,24.446441800765154,0.05924442063655657,-0.01928906408677818,0.03995535654977839,0.02066629246300021,0.015462,0.000274,0.6471025562,0.6494560384,0.003637,0.03968138394703866,0.020392319860260483,0.02402927381361898,convergence,False
777026__901842,777026,901842,2025-11-11,2025-11-13,1,14.297776176177,13.69488094,27.951413565555054,27.507376340010197,-0.015886038267919695,0.04216706351730052,0.026281025249380825,0.06844808876668135,0.015462,2.7e-05,0.6540437103,0.6528481349,-0.001828,0.026253627989106854,0.06842069150640738,0.06659271673779209,convergence,False
777026__901842,777026,901842,2025-11-14,2025-11-17,1,13.925490686177003,13.3172282,0.0,0.0,0.0,0.043679788374049046,0.043679788374049046,0.08735957674809809,0.015462,0.0,0.0,0.0,0.0,0.043679788374049046,0.08735957674809809,0.08735957674809809,overnight_abort,True
777026__901842,777026,901842,2026-02-06,2026-02-12,3,15.585681730000001,16.229131577646,31.251510120054842,32.94877754098026,0.0543099330050051,-0.041284677744154084,0.013025255260851014,-0.02825942248330307,0.015462,8.2e-05,0.7093206722,0.7090688416,-0.000355,0.012943063480029096,-0.028341614264124987,-0.028696644943294148,convergence,False
777026__901842,777026,901842,2026-02-18,2026-02-19,1,16.984272790885,16.904924260885,0.0,0.0,0.0,0.004671882686822185,0.004671882686822185,0.00934376537364437,0.015462,0.0,0.0,0.0,0.0,0.004671882686822185,0.00934376537364437,0.00934376537364437,overnight_abort,True
777026__901842,777026,901842,2026-03-04,2026-03-05,1,16.883649053823003,16.28875897,0.0,0.0,0.0,0.03523468664425365,0.03523468664425365,0.0704693732885073,0.015462,0.0,0.0,0.0,0.0,0.03523468664425365,0.0704693732885073,0.0704693732885073,overnight_abort,True
777026__901842,777026,901842,2026-03-09,2026-03-11,1,16.682416672354,16.755856773823,33.39938749721439,33.798060220141856,0.011936527966589668,-0.004402245964201609,0.007534282002388059,0.00313203603818645,0.015462,2.7e-05,0.7119463603,0.7152052128,0.004577,0.0075068847421140865,0.0031046387779124773,0.007682023650877914,convergence,False
510442__929995,510442,929995,2025-11-17,2025-11-21,1,8.7085669765656,7.8589883011448,8.033322898113664,8.010792713047596,-0.002804590995758116,0.09755665630257897,0.09475206530682086,0.19230872160939982,0.038972,2.7e-05,0.0063500127,0.0063940659,0.006937,0.09472466804654689,0.19228132434912584,0.19921882228515356,convergence,False
510442__929995,510442,929995,2026-02-18,2026-03-11,19,11.560851651447999,9.7866645034344,10.67678493649987,9.94458291924571,-0.06857888602317347,0.15346509076529685,0.08488620474212338,0.23835129550742024,0.038972,0.000521,0.0064484927,0.0062912866,-0.024379,0.0843656567969179,0.23783074756221476,0.21345201173763986,convergence,False
292798__9747A1,292798,9747A1,2024-08-21,2024-08-22,1,92.741196465101,82.11568575,0.0,0.0,0.0,0.1145716372022377,0.1145716372022377,0.2291432744044754,0.01804,0.0,0.0,0.0,0.0,0.1145716372022377,0.2291432744044754,0.2291432744044754,overnight_abort,True
292798__9747A1,292798,9747A1,2024-10-02,2024-10-14,11,104.43025658,84.87117367816501,161.78636227387,131.62049372613,-0.18645495283882813,0.18729325716873574,0.0008383043299076132,0.18813156149864335,0.01804,0.000301,1.0,1.0,0.0,0.0005369344668939146,0.18783019163562964,0.18783019163562964,convergence,False
292798__9747A1,292798,9747A1,2024-11-14,2024-11-19,4,84.35753326326599,85.540077571431,134.989858,134.10202622613,-0.006577025763446649,-0.014018241909403397,-0.020595267672850047,-0.03461350958225344,0.01804,0.00011,1.0,1.0,0.0,-0.020704856713945938,-0.03472309862334933,-0.03472309862334933,convergence,False
292798__9747A1,292798,9747A1,2024-12-09,2024-12-18,8,101.12487769633,91.25073780979801,152.3169144,144.52446272613,-0.05115946383607942,0.0976430341521228,0.04648357031604338,0.1441266044681662,0.01804,0.000219,1.0,1.0,0.0,0.0462643922338516,0.14390742638597442,0.14390742638597442,convergence,False
292798__9747A1,292798,9747A1,2025-01-15,2025-02-14,29,104.08970136,103.3309845,158.159759,164.07893882612998,0.0374253214822487,0.007289067507033598,0.044714388989282296,0.052003456496315895,0.01804,0.000795,1.0,1.0,0.0,0.04391986844133709,0.05120893594837069,0.05120893594837069,convergence,False
292798__9747A1,292798,9747A1,2025-04-24,2025-05-09,14,106.08296104633,103.27109246367,166.01738767387,162.4907481,-0.021242591654302177,0.026506316895056874,0.005263725240754698,0.03177004213581157,0.01804,0.000384,1.0,1.0,0.0,0.004880163596919082,0.031386480491975954,0.031386480491975954,convergence,False
292798__9747A1,292798,9747A1,2025-05-15,2025-07-28,73,122.96046708,131.66464994366999,191.40353000000002,208.44872999999998,0.08905373897754114,-0.07078846616617768,0.01826527281136346,-0.052523193354814215,0.01804,0.002,1.0,1.0,0.0,0.01626527281136346,-0.05452319335481422,-0.05452319335481422,convergence,False
292798__9747A1,292798,9747A1,2025-08-28,2025-10-10,42,137.88480879633,146.67010595367,213.9689988,235.6463262,0.10131059883241364,-0.06371475751412758,0.037595841318286055,-0.02611891619584153,0.01804,0.001151,1.0,1.0,0.0,0.036445156386779205,-0.02726960112734838,-0.02726960112734838,convergence,False
29969X__265497,29969X,265497,2025-10-10,2025-10-15,1,1.9372985735707502,1.7249881249999999,0.0,0.0,0.0,0.10959097965959284,0.10959097965959284,0.2191819593191857,0.046272999999999995,0.0,0.0,0.0,0.0,0.10959097965959284,0.2191819593191857,0.2191819593191857,overnight_abort,True
29969X__265497,29969X,265497,2025-11-04,2025-11-11,5,2.43430169571225,2.316413019283,0.22225556049864634,0.24908300237575712,0.12070537995504582,0.048428128952503244,0.16913350890754908,0.2175616378600523,0.046272999999999995,0.000137,0.647962285,0.6527416848,0.007376,0.16899652260617923,0.21742465155868246,0.22480069783582046,convergence,False
29969X__265497,29969X,265497,2026-01-02,2026-01-16,11,2.637160905717,2.2671274471414997,0.23710415082485325,0.23680169663590103,-0.0012756174360508887,0.1403150857322808,0.1390394682962299,0.2793545540285107,0.046272999999999995,0.000301,0.6715016126,0.6682927119,-0.004779,0.1387380984332162,0.279053184165497,0.27427449020588696,convergence,False
29969X__265497,29969X,265497,2026-02-18,2026-02-23,3,3.6007385778585,3.35140520428775,0.3573152177025312,0.33917348344593246,-0.05077235269532224,0.06924506408322434,0.018472711387902102,0.08771777547112644,0.046272999999999995,8.2e-05,0.7083656496,0.7055667737,-0.003951,0.018390519607080186,0.08763558369030452,0.0836844097428093,convergence,False
29969X__265497,29969X,265497,2026-03-13,2026-03-20,4,3.144307155717,3.1789070817829996,0.3317627811555738,0.32718302157163087,-0.013804319966184876,-0.011003990498539454,-0.02480831046472433,-0.035812300963263786,0.046272999999999995,0.00011,0.7072137786,0.7023455884,-0.006884,-0.02491789950582022,-0.03592189000435968,-0.0428055089995057,convergence,False
29969X__265497,29969X,265497,2026-04-16,2026-04-20,1,5.456893852858499,4.63282515142925,0.0,0.0,0.0,0.1510142443026586,0.1510142443026586,0.3020284886053172,0.046272999999999995,0.0,0.0,0.0,0.0,0.1510142443026586,0.3020284886053172,0.3020284886053172,overnight_abort,True
29969X__265497,29969X,265497,2026-04-24,2026-04-27,1,5.75103857642925,5.12567890142925,0.0,0.0,0.0,0.10873856377229842,0.10873856377229842,0.21747712754459683,0.046272999999999995,0.0,0.0,0.0,0.0,0.10873856377229842,0.21747712754459683,0.21747712754459683,overnight_abort,True
951465__912507,951465,912507,2024-07-25,2024-07-29,3,29.48460641,30.760662656781,30.11712761467964,30.96888491096049,0.028281491753738473,-0.04327872751756362,-0.014997235763825147,-0.058275963281388767,0.009794,8.2e-05,0.0065051224,0.0064924525,-0.001948,-0.015079427544647065,-0.05835815506221068,-0.06030583555474065,convergence,False
951465__912507,951465,912507,2024-08-05,2024-08-07,1,27.789163290343,29.355197459657,27.83807691263838,29.977900655030446,0.07686679468223596,-0.0563541317509984,0.020512662931237567,-0.03584146881976083,0.009794,2.7e-05,0.0069288065,0.0068168645,-0.016156,0.020485265670963596,-0.035868866080034804,-0.052024895260529225,convergence,False
951465__912507,951465,912507,2024-08-15,2024-08-16,1,32.062886262533006,31.448444537124,0.0,0.0,0.0,0.019163643608935146,0.019163643608935146,0.03832728721787029,0.009794,0.0,0.0,0.0,0.0,0.019163643608935146,0.03832728721787029,0.03832728721787029,overnight_abort,True
951465__912507,951465,912507,2025-01-30,2025-01-31,1,33.808477290343006,32.146187250000004,0.0,0.0,0.0,0.0491678470481667,0.0491678470481667,0.0983356940963334,0.009794,0.0,0.0,0.0,0.0,0.0491678470481667,0.0983356940963334,0.0983356940963334,overnight_abort,True
951465__912507,951465,912507,2025-03-13,2025-03-18,4,32.975804517124004,32.724322223562,32.81980611426133,32.76464881003543,-0.0016806103008004387,0.007626267114466117,0.005945656813665679,0.013571923928131795,0.009794,0.00011,0.0067278905,0.0066992693,-0.004254,0.005836067772569788,0.013462334887035904,0.009208222844041214,convergence,False
951465__912507,951465,912507,2025-04-07,2025-04-08,1,27.799205512533003,27.810183919314,0.0,0.0,0.0,-0.0003949180049784748,-0.0003949180049784748,-0.0007898360099569496,0.009794,0.0,0.0,0.0,0.0,-0.0003949180049784748,-0.0007898360099569496,-0.0007898360099569496,overnight_abort,True
951465__912507,951465,912507,2025-04-09,2025-04-10,1,29.374251316781002,28.687356183219002,0.0,0.0,0.0,0.023384260117962193,0.023384260117962193,0.046768520235924385,0.009794,0.0,0.0,0.0,0.0,0.023384260117962193,0.046768520235924385,0.046768520235924385,overnight_abort,True
951465__912507,951465,912507,2025-07-29,2025-07-30,1,28.060037436438,28.567747447124002,0.0,0.0,0.0,-0.018093703967290594,-0.018093703967290594,-0.03618740793458119,0.009794,0.0,0.0,0.0,0.0,-0.018093703967290594,-0.03618740793458119,-0.03618740793458119,overnight_abort,True
951465__912507,951465,912507,2025-08-20,2025-08-25,4,30.046406040343,29.343243065124,29.582834161145982,29.499101384020644,-0.0028304514932281973,0.023402565161200036,0.02057211366797184,0.04397467882917187,0.009794,0.00011,0.0067396799,0.0067663577,0.003958,0.02046252462687595,0.04386508978807598,0.04782340834264122,convergence,False
951465__912507,951465,912507,2026-01-29,2026-02-03,4,31.370663146095005,30.720798394248003,30.320539217766278,30.86946206910297,0.01810399371179555,0.02071568423085427,0.038819677942649816,0.059535362173504094,0.009794,0.00011,0.0064609918,0.0064205457,-0.00626,0.038710088901553925,0.059425773132408204,0.05316572804149817,convergence,False
517131__912003,517131,912003,2024-05-08,2024-05-10,1,38.789147743362,37.8969838179785,38.720476589267776,38.03397815765304,-0.017729596639443616,0.023000348738937578,0.005270752099493962,0.02827110083843154,0.008967,2.7e-05,0.0064321087,0.0064211637,-0.001702,0.005243354839219989,0.02824370357815757,0.02654208432536104,convergence,False
517131__912003,517131,912003,2024-08-05,2024-08-06,1,32.949699009978495,35.780070070043,0.0,0.0,0.0,-0.08589975462924129,-0.08589975462924129,-0.17179950925848259,0.008967,0.0,0.0,0.0,0.0,-0.08589975462924129,-0.17179950925848259,-0.17179950925848259,overnight_abort,True
517131__912003,517131,912003,2024-08-14,2024-08-16,1,38.277434054957,36.776729570043,35.792471764574806,37.11200151504933,0.03686612534484172,0.03920598446487695,0.07607210980971867,0.11527809427459562,0.008967,2.7e-05,0.006698821,0.0067750673,0.011382,0.0760447125494447,0.11525069701432165,0.12663274469106955,convergence,False
517131__912003,517131,912003,2024-08-21,2024-08-22,1,39.732290823383494,39.238480528362004,0.0,0.0,0.0,0.012428437545082839,0.012428437545082839,0.024856875090165678,0.008967,0.0,0.0,0.0,0.0,0.012428437545082839,0.024856875090165678,0.024856875090165678,overnight_abort,True
517131__912003,517131,912003,2024-09-20,2024-09-27,3,44.2473230733835,45.666946263276,44.31506427319171,48.069045899717416,0.084711185419552,-0.03208382092489712,0.052627364494654875,0.020543543569757752,0.008967,8.2e-05,0.0069817776,0.0070325956,0.007279,0.05254517271383296,0.020461351788935836,0.027740013887825984,convergence,False
517131__912003,517131,912003,2025-02-10,2025-02-14,2,32.886087222278505,29.4516868888,30.336094978447708,29.602803351460846,-0.024172248521368,0.10443323069312689,0.0802609821717589,0.18469421286488577,0.008967,5.5e-05,0.0064760548,0.0065640483,0.013588,0.08020618765121094,0.18463941834433784,0.19822693462045093,convergence,False
517131__912003,517131,912003,2025-04-07,2025-04-08,1,26.2172922817025,26.0065389784475,0.0,0.0,0.0,0.00803871357081696,0.00803871357081696,0.01607742714163392,0.008967,0.0,0.0,0.0,0.0,0.00803871357081696,0.01607742714163392,0.01607742714163392,overnight_abort,True
517131__912003,517131,912003,2025-04-09,2025-04-10,1,28.0333365800215,27.278566528362003,0.0,0.0,0.0,0.02692401774954609,0.02692401774954609,0.05384803549909218,0.008967,0.0,0.0,0.0,0.0,0.02692401774954609,0.05384803549909218,0.05384803549909218,overnight_abort,True
517131__912003,517131,912003,2025-08-12,2025-08-13,1,26.417957371681,26.431414923297503,0.0,0.0,0.0,-0.0005094092411145407,-0.0005094092411145407,-0.0010188184822290814,0.008967,0.0,0.0,0.0,0.0,-0.0005094092411145407,-0.0010188184822290814,-0.0010188184822290814,overnight_abort,True
517131__912003,517131,912003,2025-10-03,2025-10-09,3,28.9764786567025,29.072556618340503,28.87803640670458,29.15589480915604,0.009621790018484452,-0.003315722478782931,0.006306067539701521,0.0029903450609185898,0.008967,8.2e-05,0.0066509261,0.0065329584,-0.017737,0.006223875758879603,0.002908153280096672,-0.014828880363984845,convergence,False
517131__912003,517131,912003,2026-01-09,2026-01-14,1,26.081832284138,25.225449951681,25.258988452396338,25.556114252243898,0.011763170976047994,0.0328344390504274,0.044597610026475394,0.07743204907690279,0.008967,2.7e-05,0.0062839727,0.0063111392,0.004323,0.04457021276620142,0.07740465181662882,0.08172779281308798,convergence,False
517131__912003,517131,912003,2026-02-06,2026-02-12,3,29.899550913362,31.065875618340502,31.604225541024334,31.519792513034734,-0.0026715740235431834,-0.039008101103527856,-0.04167967512707104,-0.08068777623059889,0.008967,8.2e-05,0.0064149854,0.0065468591,0.020557,-0.04176186690789296,-0.0807699680114208,-0.06021283626798768,convergence,False
517131__912003,517131,912003,2026-03-04,2026-03-05,1,31.851040159137998,30.4459593892975,0.0,0.0,0.0,0.04411412509042924,0.04411412509042924,0.08822825018085848,0.008967,0.0,0.0,0.0,0.0,0.04411412509042924,0.08822825018085848,0.08822825018085848,overnight_abort,True
517131__912003,517131,912003,2026-03-09,2026-03-11,1,29.9597483333405,29.5908235449785,30.024786712143364,29.811749808270452,-0.007095367767816641,0.0123140149328772,0.00521864716506056,0.01753266209793776,0.008967,2.7e-05,0.0063271113,0.0062912866,-0.005662,0.005191249904786587,0.01750526483766379,0.011843170668402047,convergence,False
517131__912003,517131,912003,2026-03-23,2026-03-26,2,28.324298301638,27.6772392982975,27.663201769321542,28.16199084296011,0.018030778859145738,0.02284466137341445,0.04087544023256019,0.06372010160597463,0.008967,5.5e-05,0.0063013954,0.0062570388,-0.007039,0.04082064571201225,0.06366530708542668,0.05662613604721506,convergence,False
516146__930446,516146,930446,2024-04-26,2024-04-30,1,175.1559455,177.933623805,0.0,0.0,0.0,-0.015858315840040924,-0.015858315840040924,-0.03171663168008185,0.013228,0.0,0.0,0.0,0.0,-0.015858315840040924,-0.03171663168008185,-0.03171663168008185,overnight_abort,True
516146__930446,516146,930446,2024-05-02,2024-05-07,1,195.18093755,187.43278174,0.0,0.0,0.0,0.03969729783686047,0.03969729783686047,0.07939459567372094,0.013228,0.0,0.0,0.0,0.0,0.03969729783686047,0.07939459567372094,0.07939459567372094,overnight_abort,True
516146__930446,516146,930446,2024-08-05,2024-08-06,1,148.691839465,144.01659896,0.0,0.0,0.0,0.03144248212828427,0.03144248212828427,0.06288496425656855,0.013228,0.0,0.0,0.0,0.0,0.03144248212828427,0.06288496425656855,0.06288496425656855,overnight_abort,True
516146__930446,516146,930446,2025-02-10,2025-02-14,2,157.10836871759003,151.33898027241,15.018632853049874,15.152387885969603,0.008905939324068777,0.03672234962575918,0.045628288949827955,0.08235063857558714,0.013228,5.5e-05,0.0064760548,0.0065640483,0.013588,0.04557349442928001,0.08229584405503919,0.09588336033115229,convergence,False
516146__930446,516146,930446,2025-03-17,2025-03-19,1,173.19862548759,173.38778608441,16.96394917747504,17.359584560537307,0.023322127349190407,-0.0010921599192111975,0.02222996742997921,0.021137807510768013,0.013228,2.7e-05,0.0066992693,0.006725628,0.003935,0.022202570169705237,0.021110410250494042,0.025044973681165438,convergence,False
516146__930446,516146,930446,2025-04-07,2025-04-08,1,141.69063047759002,141.06773556241,0.0,0.0,0.0,0.004396161645131011,0.004396161645131011,0.008792323290262022,0.013228,0.0,0.0,0.0,0.0,0.004396161645131011,0.008792323290262022,0.008792323290262022,overnight_abort,True
516146__930446,516146,930446,2025-04-09,2025-04-10,1,153.50486387,144.9530655,0.0,0.0,0.0,0.055710276237516065,0.055710276237516065,0.11142055247503213,0.013228,0.0,0.0,0.0,0.0,0.055710276237516065,0.11142055247503213,0.11142055247503213,overnight_abort,True
516146__930446,516146,930446,2025-09-29,2025-09-30,1,248.86800146159004,249.06025000000002,0.0,0.0,0.0,-0.0007724919928673744,-0.0007724919928673744,-0.0015449839857347488,0.013228,0.0,0.0,0.0,0.0,-0.0007724919928673744,-0.0015449839857347488,-0.0015449839857347488,overnight_abort,True
516146__930446,516146,930446,2025-10-06,2025-10-09,2,261.03762576554004,249.99672650241,25.377536160891516,25.093109808114335,-0.011207800117944531,0.042296198606429226,0.031088398488484693,0.07338459709491392,0.013228,5.5e-05,0.0065830618,0.0065329584,-0.007611,0.031033603967936748,0.07332980257436597,0.06571884561813636,convergence,False
516146__930446,516146,930446,2025-10-14,2025-10-16,1,244.22460229,238.12153378241,24.3659558418234,23.889587107455917,-0.019550586788383287,0.024989572919205817,0.00543898613082253,0.030428559050028347,0.013228,2.7e-05,0.006620324,0.0066476102,0.004122,0.005411588870548557,0.030401161789754376,0.03452274254622486,convergence,False
516146__930446,516146,930446,2026-01-09,2026-01-14,1,300.123941,315.37498235295004,31.18816962474752,31.81172613728712,0.01999336671700075,-0.05081581063521367,-0.03082244391821292,-0.08163825455342659,0.013228,2.7e-05,0.0062839727,0.0063111392,0.004323,-0.03084984117848689,-0.08166565181370056,-0.07734251081724142,convergence,False
516146__930446,516146,930446,2026-02-02,2026-02-03,1,327.67708539964,336.93376710428004,0.0,0.0,0.0,-0.028249401978629126,-0.028249401978629126,-0.05649880395725825,0.013228,0.0,0.0,0.0,0.0,-0.028249401978629126,-0.05649880395725825,-0.05649880395725825,overnight_abort,True
516146__930446,516146,930446,2026-02-06,2026-02-12,3,372.99939394786,407.08411696892,38.323169192019364,41.13398541661512,0.07334508820270258,-0.09138010295487109,-0.01803501475216851,-0.1094151177070396,0.013228,8.2e-05,0.0064149854,0.0065468591,0.020557,-0.018117206532990426,-0.10949730948786152,-0.08894017774442839,convergence,False
516146__930446,516146,930446,2026-03-04,2026-03-05,1,351.77734902723,342.45784375,0.0,0.0,0.0,0.026492624675810532,0.026492624675810532,0.052985249351621064,0.013228,0.0,0.0,0.0,0.0,0.026492624675810532,0.052985249351621064,0.052985249351621064,overnight_abort,True
516146__930446,516146,930446,2026-03-09,2026-03-11,1,337.82518926554,342.706904,34.346433372548006,34.308814297884034,-0.001095283293491542,-0.014450416634334589,-0.015545699927826132,-0.02999611656216072,0.013228,2.7e-05,0.0063271113,0.0062912866,-0.005662,-0.015573097188100104,-0.03002351382243469,-0.035685607991696434,convergence,False
516146__930446,516146,930446,2026-03-23,2026-03-26,2,339.65186000651,348.73421186205,33.84663079399165,35.31996941587338,0.04352984587592312,-0.026740179945918586,0.016789665930004537,-0.009950514015914048,0.013228,5.5e-05,0.0063013954,0.0062570388,-0.007039,0.016734871409456592,-0.010005308536461994,-0.017044479574673616,convergence,False
510311__912023,510311,912023,2024-08-06,2024-08-07,1,32.715195230466996,30.842292136401,0.0,0.0,0.0,0.05724872130128082,0.05724872130128082,0.11449744260256164,0.013148,0.0,0.0,0.0,0.0,0.05724872130128082,0.11449744260256164,0.11449744260256164,overnight_abort,True
510311__912023,510311,912023,2024-08-21,2024-08-22,1,35.18692785383249,30.0753661965345,0.0,0.0,0.0,0.14526876795074486,0.14526876795074486,0.29053753590148973,0.013148,0.0,0.0,0.0,0.0,0.14526876795074486,0.29053753590148973,0.29053753590148973,overnight_abort,True
510311__912023,510311,912023,2024-09-04,2024-09-05,1,36.623735910700496,31.678284295467,0.0,0.0,0.0,0.13503405625499182,0.13503405625499182,0.27006811250998364,0.013148,0.0,0.0,0.0,0.0,0.13503405625499182,0.27006811250998364,0.27006811250998364,overnight_abort,True
510311__912023,510311,912023,2024-10-04,2024-10-28,12,34.7958667034335,28.403958118599,16.402769338496185,15.43294567509093,-0.05912560515797439,0.18369735231235876,0.12457174715438438,0.30826909946674314,0.013148,0.000329,0.0066829285,0.0065235828,-0.023844,0.12424298003109671,0.30794033234345547,0.2840966386693424,convergence,False
510311__912023,510311,912023,2024-10-30,2024-11-01,1,33.910869375,28.911537155934003,0.0,0.0,0.0,0.14742565764921486,0.14742565764921486,0.29485131529842973,0.013148,0.0,0.0,0.0,0.0,0.14742565764921486,0.29485131529842973,0.29485131529842973,overnight_abort,True
510311__912023,510311,912023,2024-11-05,2024-11-06,1,34.071636034065996,29.857005,0.0,0.0,0.0,0.12369910942497923,0.12369910942497923,0.24739821884995847,0.013148,0.0,0.0,0.0,0.0,0.12369910942497923,0.24739821884995847,0.24739821884995847,overnight_abort,True
510311__912023,510311,912023,2024-11-12,2024-11-18,3,33.59939477429949,28.3143900892995,15.369982755030623,15.328507864755155,-0.0026984344053277262,0.15729463939756863,0.15459620499224092,0.3118908443898095,0.013148,8.2e-05,0.0064789914,0.0064657955,-0.002037,0.154514013211419,0.3118086526089876,0.30977193127609615,convergence,False
510311__912023,510311,912023,2024-11-25,2024-11-26,1,34.01135305836549,29.0693801938005,0.0,0.0,0.0,0.14530362423642113,0.14530362423642113,0.29060724847284225,0.013148,0.0,0.0,0.0,0.0,0.14530362423642113,0.29060724847284225,0.29060724847284225,overnight_abort,True
510311__912023,510311,912023,2024-12-04,2024-12-06,1,35.930445016167496,30.9517688166345,16.638393863315123,16.69586363588149,0.003454045687251026,0.13856427876951585,0.14201832445676688,0.28058260322628276,0.013148,2.7e-05,0.0066620033,0.006665111,0.000466,0.1419909271964929,0.2805552059660088,0.28102168727201465,convergence,False
510311__912023,510311,912023,2025-03-19,2025-03-27,6,40.80356856976649,34.644076144533,18.232673788425124,18.17899165355286,-0.0029442820891329934,0.15095474835005926,0.14801046626092626,0.2989652146109855,0.013148,0.000164,0.0066972503,0.0066201053,-0.011519,0.14784608269928243,0.2988008310493417,0.2872819245512525,convergence,False
510311__912023,510311,912023,2025-11-11,2025-11-12,1,41.44661812499999,36.903260170467,0.0,0.0,0.0,0.10961950962634769,0.10961950962634769,0.21923901925269537,0.013148,0.0,0.0,0.0,0.0,0.10961950962634769,0.21923901925269537,0.21923901925269537,overnight_abort,True
510003__932107,510003,932107,2024-05-08,2024-05-15,6,20.50638940719,18.77404107124,9.988651138069095,9.485049995216327,-0.05041733221950513,0.08447846676229605,0.034061134542790916,0.11853960130508696,0.030525,0.000164,0.0064321087,0.0064566112,0.003809,0.033896750981147084,0.11837521774344313,0.122184621648573,convergence,False
510003__932107,510003,932107,2024-05-28,2024-06-03,1,19.2776166,18.366985,0.0,0.0,0.0,0.04723776900926653,0.04723776900926653,0.09447553801853306,0.030525,0.0,0.0,0.0,0.0,0.04723776900926653,0.09447553801853306,0.09447553801853306,overnight_abort,True
510003__932107,510003,932107,2024-07-01,2024-07-02,1,19.24740190719,18.48611822876,0.0,0.0,0.0,0.03955254231718505,0.03955254231718505,0.0791050846343701,0.030525,0.0,0.0,0.0,0.0,0.03955254231718505,0.0791050846343701,0.0791050846343701,overnight_abort,True
510003__932107,510003,932107,2025-03-05,2025-03-06,1,21.654585,20.93835992157,0.0,0.0,0.0,0.033074985201979164,0.033074985201979164,0.06614997040395833,0.030525,0.0,0.0,0.0,0.0,0.033074985201979164,0.06614997040395833,0.06614997040395833,overnight_abort,True
510003__932107,510003,932107,2025-04-02,2025-04-03,1,20.445961028760003,18.17834911438,0.0,0.0,0.0,0.11090757295244276,0.11090757295244276,0.22181514590488552,0.030525,0.0,0.0,0.0,0.0,0.11090757295244276,0.22181514590488552,0.22181514590488552,overnight_abort,True
510003__932107,510003,932107,2025-04-16,2025-04-21,4,20.466108857520002,19.07188704967,9.929970679422333,10.019611984793457,0.009027348444934084,0.0681234433744211,0.07715079181935518,0.14527423519377627,0.030525,0.00011,0.0070209928,0.0070984916,0.011038,0.0770412027782593,0.14516464615268038,0.15620280018696464,convergence,False
510003__932107,510003,932107,2025-10-31,2025-11-13,1,26.70060186405,24.27420152157,0.0,0.0,0.0,0.09087436885634156,0.09087436885634156,0.18174873771268313,0.030525,0.0,0.0,0.0,0.0,0.09087436885634156,0.18174873771268313,0.18174873771268313,overnight_abort,True
510003__932107,510003,932107,2025-11-17,2026-01-20,34,26.791261050330004,24.323845,12.989006257598682,12.236417199683384,-0.057940464650636896,0.09209779434027845,0.03415732968964156,0.12625512402992,0.030525,0.000932,0.0064232264,0.0063229111,-0.015618,0.03322582284032649,0.12532361718060495,0.10970602973265203,convergence,False
510003__932107,510003,932107,2026-01-22,2026-02-10,18,26.68449588876,26.46831857124,12.963845386803987,14.022617257163722,0.08167112756817263,0.008101232956439606,0.08977236052461224,0.09787359348105185,0.030525,0.000493,0.0064219889,0.0064773132,0.008615,0.08927920983968073,0.09738044279612033,0.10599526615715112,convergence,False
510003__932107,510003,932107,2026-04-02,2026-04-06,1,28.956712500000002,25.75349437843,0.0,0.0,0.0,0.11062091808833628,0.11062091808833628,0.22124183617667256,0.030525,0.0,0.0,0.0,0.0,0.11062091808833628,0.22124183617667256,0.22124183617667256,overnight_abort,True
510003__932107,510003,932107,2026-04-13,2026-04-15,1,29.27902135752,26.954785543139998,14.045532957229922,13.816544466240762,-0.016303296691300574,0.0793822917097961,0.06307899501849554,0.14246128672829164,0.030525,2.7e-05,0.0062974275,0.0062899012,-0.001195,0.06305159775822157,0.14243388946801766,0.14123875065935326,convergence,False
514853__997697,514853,997697,2024-05-02,2024-05-06,3,3.2204942993595496,3.1198902674382,3.1185659882220955,3.106750742558515,-0.0037886790621725493,0.031238692750164637,0.02745001368799209,0.058688706438156726,0.013659999999999999,8.2e-05,0.1280180167,0.127904227,-0.000889,0.027367821907170173,0.05860651465733481,0.05771765773755738,convergence,False
514853__997697,514853,997697,2024-06-05,2024-06-06,1,3.1802381193595495,2.9211703725618,0.0,0.0,0.0,0.08146174502490448,0.08146174502490448,0.16292349004980897,0.013659999999999999,0.0,0.0,0.0,0.0,0.08146174502490448,0.16292349004980897,0.16292349004980897,overnight_abort,True
514853__997697,514853,997697,2024-09-24,2024-09-30,5,3.4117116575617996,3.04040272679775,3.2770288385662645,3.1892768457353515,-0.02677791290640744,0.10883362019796479,0.08205570729155735,0.19088932748952214,0.013659999999999999,0.000137,0.1284562767,0.1286545946,0.001544,0.08191872099018749,0.1907523411881523,0.192296196460115,convergence,False
514853__997697,514853,997697,2025-03-14,2025-03-20,3,2.9587289921117996,2.75226003179775,2.955076479907154,2.9577773800904827,0.000913986558958214,0.06978299156986392,0.07069697812882214,0.14047996969868606,0.013659999999999999,8.2e-05,0.1287067545,0.1286537587,-0.000412,0.07061478634800022,0.14039777791786415,0.1399860217500868,convergence,False
514853__997697,514853,997697,2025-04-09,2025-04-15,5,2.6166521025617997,2.5833486974381996,2.604636221620134,2.6736753316207493,0.02650623892409501,0.012727486810720771,0.03923372573481578,0.05196121254553655,0.013659999999999999,0.000137,0.1288875647,0.128906673,0.000148,0.039096739433445916,0.05182422624416669,0.051972481819050606,convergence,False
514853__997697,514853,997697,2025-04-24,2025-05-07,12,2.78774096820225,2.8218114187190997,2.7791930916659155,2.923485102957482,0.05191867082724875,-0.012221526643065809,0.039697144184182936,0.02747561754111713,0.013659999999999999,0.000329,0.1289100015,0.1288427296,-0.000522,0.039368377060895264,0.02714685041782946,0.02662499874443545,convergence,False
514853__997697,514853,997697,2025-06-05,2025-06-06,1,3.18376053510955,3.0781584615618,0.0,0.0,0.0,0.03316897498514793,0.03316897498514793,0.06633794997029586,0.013659999999999999,0.0,0.0,0.0,0.0,0.03316897498514793,0.06633794997029586,0.06633794997029586,overnight_abort,True
514853__997697,514853,997697,2025-06-30,2025-07-03,1,3.5727361762808996,3.6366588895499996,3.689537502201692,3.699086440576315,0.0025881125666631062,-0.01789180899879416,-0.015303696432131055,-0.03319550543092521,0.013659999999999999,2.7e-05,0.1273909725,0.1273893481,-1.3e-05,-0.015331093692405028,-0.03322290269119919,-0.033235653987214384,convergence,False
514853__997697,514853,997697,2025-09-03,2025-09-04,1,3.4217749980786496,3.2589930412809,0.0,0.0,0.0,0.04757237307805246,0.04757237307805246,0.09514474615610492,0.013659999999999999,0.0,0.0,0.0,0.0,0.04757237307805246,0.09514474615610492,0.09514474615610492,overnight_abort,True
514853__997697,514853,997697,2025-11-05,2025-11-06,1,3.6532485362808997,3.54713563692135,0.0,0.0,0.0,0.029046175836581752,0.029046175836581752,0.058092351673163505,0.013659999999999999,0.0,0.0,0.0,0.0,0.029046175836581752,0.058092351673163505,0.058092351673163505,overnight_abort,True
514853__997697,514853,997697,2025-11-26,2025-12-01,3,3.8847210680786497,3.73591937807865,3.7699779301277223,3.8090263318711672,0.010357726879881764,0.03830434345022244,0.0486620703301042,0.08696641378032664,0.013659999999999999,8.2e-05,0.1284381347,0.1283911274,-0.000366,0.048579878549282286,0.08688422199950473,0.08651823023148497,convergence,False
514853__997697,514853,997697,2025-12-02,2025-12-04,1,3.92497724807865,3.6763032506404496,3.7476681255924738,3.7681986422435676,0.0054782109736166,0.06335679972665594,0.06883501070027254,0.13219181042692846,0.013659999999999999,2.7e-05,0.1284661748,0.1284868125,0.000161,0.06880761343999857,0.13216441316665448,0.13232506012319475,convergence,False
514853__997697,514853,997697,2025-12-17,2025-12-19,1,3.7941454682022497,3.68623940435955,3.8055133552060387,3.76121791882064,-0.011639805789881573,0.028440149368819046,0.016800343578937473,0.04524049294775652,0.013659999999999999,2.7e-05,0.128509929,0.1285115822,1.3e-05,0.016772946318663502,0.045213095687482545,0.04522596006312162,convergence,False
514853__997697,514853,997697,2026-03-06,2026-03-11,2,4.307411058719099,4.01015173607865,4.080392498700655,4.107919661408307,0.006746204615467146,0.0690111342029301,0.07575733881839725,0.14476847302132737,0.013659999999999999,5.5e-05,0.1278576112,0.1277881783,-0.000543,0.0757025442978493,0.14471367850077943,0.1441706298754505,convergence,False
151497__951407,151497,951407,2024-04-09,2024-04-10,1,5.35074969,5.2370322536679,0.0,0.0,0.0,0.021252617468655994,0.021252617468655994,0.04250523493731199,0.010742,0.0,0.0,0.0,0.0,0.021252617468655994,0.04250523493731199,0.04250523493731199,overnight_abort,True
151497__951407,151497,951407,2024-04-16,2024-05-07,20,5.2503599884428,5.4088614084427995,1.027012603673976,1.1170648876487117,0.08768371843985932,-0.030188676652438313,0.057495041787421014,0.027306365134982698,0.010742,0.000548,0.1277082123,0.1278535261,0.001138,0.05694709658194156,0.026758419929503247,0.027896277843124602,convergence,False
151497__951407,151497,951407,2024-08-14,2024-08-20,5,3.5735580124893,3.4664519615572003,0.7051711661274258,0.7115542011606908,0.009051752737308542,0.02997182375598009,0.03902357649328863,0.06899540024926872,0.010742,0.000137,0.1282569193,0.1283977314,0.001098,0.038886590191918764,0.06885841394789885,0.06995630481233348,convergence,False
151497__951407,151497,951407,2024-08-23,2024-08-29,3,3.5838977088320996,3.6626855386107,0.7450422122520545,0.7529395649720452,0.010599872853001457,-0.021983838875879957,-0.0113839660228785,-0.03336780489875846,0.010742,8.2e-05,0.1282659723,0.1282404815,-0.000199,-0.011466157803700418,-0.033449996679580374,-0.03364873060365167,convergence,False
151497__951407,151497,951407,2024-09-24,2024-09-30,5,3.9151823988320995,4.701625338832099,0.7731633104063859,0.975045148891574,0.26111150874331596,-0.20087006424901072,0.06024144449430524,-0.14062861975470548,0.010742,0.000137,0.1284562767,0.1286545946,0.001544,0.060104458192935376,-0.14076560605607533,-0.1392217507841126,convergence,False
151497__951407,151497,951407,2024-10-07,2024-10-14,6,5.310593969999999,4.3928317703893,0.9209377528902795,0.8951259169641829,-0.02802777478183351,0.17281724130958168,0.14478946652774816,0.31760670783732986,0.010742,0.000164,0.1286123992,0.1288004107,0.001462,0.14462508296610432,0.317442324275686,0.31890417010990946,convergence,False
151497__951407,151497,951407,2024-11-29,2024-12-04,2,4.2063112684428,4.0740778292214,0.8326721572220603,0.8273503113949243,-0.006391285911241016,0.03143691248278769,0.025045626571546672,0.05648253905433436,0.010742,5.5e-05,0.1285074568,0.1284612338,-0.00036,0.024990832050998727,0.05642774453378642,0.05606805334425529,convergence,False
151497__951407,151497,951407,2025-01-24,2025-02-05,9,3.9252215296106994,3.7702648953892997,0.7985334934449209,0.7694206428149557,-0.036457895465812705,0.03947716913617566,0.0030192736703629555,0.042496442806538616,0.010742,0.000247,0.1283985491,0.1284265883,0.000218,0.002772698327897202,0.04224986746407286,0.0424682437634667,convergence,False
151497__951407,151497,951407,2025-02-20,2025-02-24,3,4.1460782907786,4.1039607403893,0.8197689789021723,0.8347825922601985,0.018314444367158546,0.01015840691744157,0.028472851284600115,0.03863125820204169,0.010742,8.2e-05,0.1287042747,0.1286181888,-0.000669,0.0283906595037782,0.038549066421219774,0.037880200525345964,convergence,False
151497__951407,151497,951407,2025-05-02,2025-05-06,1,4.2063112684428,4.0740778292214,0.0,0.0,0.0,0.03143691248278769,0.03143691248278769,0.06287382496557538,0.010742,0.0,0.0,0.0,0.0,0.03143691248278769,0.06287382496557538,0.06287382496557538,overnight_abort,True
151497__951407,151497,951407,2025-05-07,2025-05-09,1,4.075806081946499,3.8051284411679,0.7845585556564324,0.7933030502692535,0.011145751390735502,0.06641082410116306,0.07755657549189857,0.14396739959306162,0.010742,2.7e-05,0.128637219,0.1285561871,-0.00063,0.0775291782316246,0.14394000233278764,0.14331007655679587,convergence,False
151497__951407,151497,951407,2025-07-08,2025-07-15,6,5.0495815892213995,4.6717414315572,0.9504593328058548,0.9527116542069554,0.002369718854200165,0.07482603280848453,0.07719575166268469,0.15202178447116924,0.010742,0.000164,0.127390153,0.1273860977,-3.2e-05,0.07703136810104086,0.1518574009095254,0.15182556720884682,convergence,False
151497__951407,151497,951407,2025-08-01,2025-08-07,3,5.1901269103893,5.1498732896107,1.0219098816961905,1.040511350375372,0.018202650754591387,0.007755806644732049,0.025958457399323436,0.03371426404405548,0.010742,8.2e-05,0.1273909725,0.127390153,-6e-06,0.02587626561850152,0.033632072263233566,0.03362563931132248,convergence,False
151497__951407,151497,951407,2025-08-22,2025-08-25,1,5.310593969999999,5.119990378442799,0.0,0.0,0.0,0.03589120023747551,0.03589120023747551,0.07178240047495102,0.010742,0.0,0.0,0.0,0.0,0.03589120023747551,0.07178240047495102,0.07178240047495102,overnight_abort,True
151497__951407,151497,951407,2025-11-25,2025-12-12,16,5.8868289535572,5.7485334969999995,1.1703555811644262,1.1750335234840865,0.003997026540434918,0.023492351764974134,0.027489378305409054,0.05098173007038319,0.010742,0.000438,0.1285619717,0.128468647,-0.000726,0.02705102214102549,0.050543373905999625,0.04981746173488123,convergence,False
151497__951407,151497,951407,2025-12-24,2026-01-05,7,5.7924631119465,5.4785885,1.101466654392206,1.1081152040310411,0.006036087985345137,0.05418672607498495,0.06022281406033009,0.11440954013531504,0.010742,0.000192,0.1286363817,0.1284439087,-0.001496,0.06003103323841228,0.11421775931339723,0.11272150298640511,convergence,False
151497__951407,151497,951407,2026-03-10,2026-03-13,1,6.033397231167899,5.8371867211679005,1.173369667689268,1.169726855923993,-0.0031045729795016424,0.032520734584886184,0.02941616160538454,0.06193689619027073,0.010742,2.7e-05,0.1277685904,0.1277489922,-0.000153,0.02938876434511057,0.061909498929996754,0.06175611068380383,convergence,False
151497__951407,151497,951407,2026-03-23,2026-03-24,1,5.722189999610699,5.375989877442799,0.0,0.0,0.0,0.06050133291475004,0.06050133291475004,0.12100266582950008,0.010742,0.0,0.0,0.0,0.0,0.06050133291475004,0.12100266582950008,0.12100266582950008,overnight_abort,True
151497__951407,151497,951407,2026-04-28,2026-04-29,1,5.9631240184428,5.608082609221399,0.0,0.0,0.0,0.0595394977738725,0.0595394977738725,0.119078995547745,0.010742,0.0,0.0,0.0,0.0,0.0595394977738725,0.119078995547745,0.119078995547745,overnight_abort,True
514939__929610,514939,929610,2024-04-16,2024-04-19,2,0.724836630201525,0.6692737484999999,0.7271493665057001,0.7208562650296789,-0.0086544825119803,0.07665573094184971,0.06800124842986942,0.14465697937171912,0.018306000000000003,5.5e-05,0.1277082123,0.1276707084,-0.000294,0.06794645390932147,0.14460218485117118,0.14430851618785992,convergence,False
514939__929610,514939,929610,2024-05-09,2024-05-10,1,0.8017498371343499,0.753415712290325,0.0,0.0,0.0,0.06028579315560933,0.06028579315560933,0.12057158631121866,0.018306000000000003,0.0,0.0,0.0,0.0,0.06028579315560933,0.12057158631121866,0.12057158631121866,overnight_abort,True
514939__929610,514939,929610,2024-06-17,2024-06-20,2,0.755038125,0.70523055513435,0.747262143655773,0.7528596158322095,0.007490640632552837,0.06596696009973013,0.07345760073228297,0.1394245608320131,0.018306000000000003,5.5e-05,0.1280836163,0.1281320256,0.000378,0.07340280621173502,0.13936976631146517,0.13974771707049596,convergence,False
514939__929610,514939,929610,2024-08-13,2024-08-16,2,0.855709905201525,0.733241151432825,0.8490365288774451,0.8319063808758396,-0.02017598468260742,0.14311947661732147,0.12294349193471404,0.26606296855203554,0.018306000000000003,5.5e-05,0.1283293444,0.128298067,-0.000244,0.1228886974141661,0.2660081740314876,0.26576444645580144,convergence,False
514939__929610,514939,929610,2024-10-02,2024-10-03,1,0.835575514932825,0.762344308817175,0.0,0.0,0.0,0.08764163717930074,0.08764163717930074,0.17528327435860147,0.018306000000000003,0.0,0.0,0.0,0.0,0.08764163717930074,0.17528327435860147,0.17528327435860147,overnight_abort,True
514939__929610,514939,929610,2024-10-08,2024-10-23,14,0.835575514932825,0.723109650067175,0.7972013628318038,0.7832797868342696,-0.017463060961263568,0.13459688903724226,0.11713382807597869,0.251730717113221,0.018306000000000003,0.000384,0.1286835671,0.1287200116,0.000283,0.11675026643214308,0.25134715546938535,0.2516303656789039,convergence,False
514939__929610,514939,929610,2024-12-06,2024-12-10,1,0.7917832936156499,0.66549929486565,0.7671963469034984,0.7673374660436189,0.00018394136089160015,0.15949313375043395,0.15967707511132553,0.3191702088617595,0.018306000000000003,2.7e-05,0.1286272929,0.1286305904,2.6e-05,0.15964967785105155,0.31914281160148555,0.319168447684821,convergence,False
514939__929610,514939,929610,2025-04-11,2025-04-22,8,0.884904692567175,0.79462601986565,0.8685193812347213,0.8949419804043119,0.030422578632646354,0.1020207864867569,0.13244336511940324,0.23446415160616016,0.018306000000000003,0.000219,0.1289299409,0.128897546,-0.000251,0.13222418703721148,0.2342449735239684,0.23399371381056222,convergence,False
514939__929610,514939,929610,2025-04-28,2025-04-29,1,0.9865831701343499,0.80604876861565,0.0,0.0,0.0,0.18298954105827214,0.18298954105827214,0.3659790821165443,0.018306000000000003,0.0,0.0,0.0,0.0,0.18298954105827214,0.3659790821165443,0.3659790821165443,overnight_abort,True
514939__929610,514939,929610,2025-05-02,2025-05-07,1,0.9563816149328249,0.844290154798475,0.9205730134968374,0.9022731748515221,-0.01987874766804483,0.11720369608132113,0.0973249484132763,0.2145286444945974,0.018306000000000003,2.7e-05,0.128979834,0.1288427296,-0.001063,0.09729755115300233,0.21450124723432343,0.21343825625543927,convergence,False
514939__929610,514939,929610,2025-05-27,2025-05-29,1,0.9765160052015249,0.79462601986565,0.8913550325383984,0.8853840298481612,-0.0066987928179784864,0.18626421314859873,0.17956542033062023,0.365829633479219,0.018306000000000003,2.7e-05,0.1275737982,0.1275209245,-0.000414,0.17953802307034625,0.36580223621894503,0.36538778042358555,convergence,False
514939__929610,514939,929610,2025-05-30,2025-06-02,1,0.9634286676343499,0.7439686123656499,0.0,0.0,0.0,0.22779066332702447,0.22779066332702447,0.45558132665404893,0.018306000000000003,0.0,0.0,0.0,0.0,0.22779066332702447,0.45558132665404893,0.45558132665404893,overnight_abort,True
514939__929610,514939,929610,2025-06-03,2025-06-11,7,0.9765160052015249,0.79462601986565,0.8879194529726259,0.8616620625218633,-0.029571815734925778,0.18626421314859873,0.15669239741367294,0.34295661056227167,0.018306000000000003,0.000192,0.1274477974,0.127399084,-0.000382,0.15650061659175513,0.3427648297403539,0.34238260736386883,convergence,False
514939__929610,514939,929610,2025-06-16,2025-06-18,1,0.9549722205,0.799691770548475,0.8556145778005674,0.8438159770944871,-0.013789620948733296,0.162602059639205,0.1488124386904717,0.31141449832967666,0.018306000000000003,2.7e-05,0.1273934036,0.1273909725,-1.9e-05,0.14878504143019772,0.3113871010694027,0.31136801766373723,convergence,False
514939__929610,514939,929610,2025-06-25,2025-06-26,1,0.9466164551828249,0.74694842013435,0.0,0.0,0.0,0.21092812612254025,0.21092812612254025,0.4218562522450805,0.018306000000000003,0.0,0.0,0.0,0.0,0.21092812612254025,0.4218562522450805,0.4218562522450805,overnight_abort,True
514939__929610,514939,929610,2025-11-17,2025-11-20,2,1.0067175,0.8175708058843499,0.940008699473319,0.9304408465904948,-0.010178472697311263,0.18788457945317333,0.17770610675586207,0.3655906862090354,0.018306000000000003,5.5e-05,0.1284554582,0.1284727864,0.000135,0.17765131223531413,0.36553589168848744,0.36567078825296834,convergence,False
514939__929610,514939,929610,2025-12-03,2025-12-09,5,0.9966503350671749,0.8374752137674999,0.9350861665171083,0.9011202271738046,-0.036323860366596794,0.15971009660970667,0.12338623624310988,0.28309633285281655,0.018306000000000003,0.000137,0.1284868125,0.1284950625,6.4e-05,0.12324924994174001,0.28295934655144667,0.28302355547561164,convergence,False
514939__929610,514939,929610,2025-12-12,2025-12-16,1,0.9880932564515249,0.79462601986565,0.909419734306091,0.9013518541264689,-0.008871459322111707,0.19579855982487043,0.18692710050275874,0.38272566032762917,0.018306000000000003,2.7e-05,0.1285000226,0.1285280913,0.000218,0.18689970324248475,0.3826982630673552,0.38291669649197313,convergence,False
514939__929610,514939,929610,2025-12-23,2025-12-29,5,0.9966503350671749,0.853031011,0.917950506158988,0.9059610639756736,-0.013061098722503323,0.144102017542085,0.13104091881958166,0.27514293636166665,0.018306000000000003,0.000137,0.1286123992,0.1286363817,0.000186,0.1309039325182118,0.27500595006029677,0.27519242119487763,convergence,False
514939__929610,514939,929610,2026-04-20,2026-04-22,1,0.9966503350671749,0.83435728013435,0.9319681684614541,0.9258464874174185,-0.006568551642854575,0.16283850937739996,0.15626995773454538,0.31910846711194535,0.018306000000000003,2.7e-05,0.1277065797,0.1276625623,-0.000345,0.1562425604742714,0.3190810698516714,0.3187363937973648,convergence,False
997641__912004,997641,912004,2024-04-26,2024-04-30,1,79.8801146,79.718927578895,0.0,0.0,0.0,0.002017861665724166,0.002017861665724166,0.004035723331448332,0.009271999999999999,0.0,0.0,0.0,0.0,0.002017861665724166,0.004035723331448332,0.004035723331448332,overnight_abort,True
997641__912004,997641,912004,2024-08-05,2024-08-06,1,64.466288608605,61.942683034925,0.0,0.0,0.0,0.03914612781575809,0.03914612781575809,0.07829225563151618,0.009271999999999999,0.0,0.0,0.0,0.0,0.03914612781575809,0.07829225563151618,0.07829225563151618,overnight_abort,True
997641__912004,997641,912004,2025-03-14,2025-03-18,1,64.04251477110499,64.61958576595501,12.888197028635714,12.968826572077054,0.006256076258160298,-0.009010748514678627,-0.002754672256518329,-0.011765420771196956,0.009271999999999999,2.7e-05,0.0067017391,0.0066992693,-0.000369,-0.0027820695167923015,-0.011792818031470928,-0.01216134923854224,convergence,False
997641__912004,997641,912004,2025-04-07,2025-04-08,1,52.5955990625,52.15228335603,0.0,0.0,0.0,0.008428760473727186,0.008428760473727186,0.016857520947454373,0.009271999999999999,0.0,0.0,0.0,0.0,0.008428760473727186,0.016857520947454373,0.016857520947454373,overnight_abort,True
997641__912004,997641,912004,2025-04-09,2025-04-10,1,55.57706516206,54.614837303014994,0.0,0.0,0.0,0.0173133981839307,0.0173133981839307,0.0346267963678614,0.009271999999999999,0.0,0.0,0.0,0.0,0.0173133981839307,0.0346267963678614,0.0346267963678614,overnight_abort,True
997641__912004,997641,912004,2025-09-18,2025-09-25,6,63.869187761015,63.019428828894995,12.56722455979921,12.643445707530763,0.0060650740637972125,0.013304677292900956,0.01936975135669817,0.03267442864959912,0.009271999999999999,0.000164,0.006758355,0.0066757902,-0.012217,0.019205367795054332,0.03251004508795529,0.020293344426329844,convergence,False
997641__912004,997641,912004,2025-12-09,2025-12-12,2,73.3605171,70.885640478895,14.829319106206144,14.54721339292263,-0.019023510874848663,0.0337358121090043,0.01471230123415564,0.048448113343159946,0.009271999999999999,5.5e-05,0.0064092293,0.0064174555,0.001283,0.014657506713607694,0.048393318822612004,0.04967681167564494,convergence,False
997641__912004,997641,912004,2025-12-15,2025-12-17,1,74.7246175,71.394096846985,14.572445217612737,14.396768215762572,-0.01205542372791601,0.044570594864737856,0.03251517113682185,0.0770857660015597,0.009271999999999999,2.7e-05,0.0064632881,0.0064232264,-0.006198,0.032487773876547874,0.07705836874128573,0.07086002211335189,convergence,False
997641__912004,997641,912004,2026-02-02,2026-02-03,1,76.950302769925,78.38914798891,0.0,0.0,0.0,-0.018698369820415412,-0.018698369820415412,-0.037396739640830824,0.009271999999999999,0.0,0.0,0.0,0.0,-0.018698369820415412,-0.037396739640830824,-0.037396739640830824,overnight_abort,True
997641__912004,997641,912004,2026-02-06,2026-02-10,1,86.68557538706,88.412622821105,17.335686278417516,17.732002549280278,0.022861296893458765,-0.01992312361466785,0.0029381732787909162,-0.016984950335876933,0.009271999999999999,2.7e-05,0.0064149854,0.0064773132,0.009716,0.0029107760185169435,-0.017012347596150904,-0.007296378484202446,convergence,False
997641__912004,997641,912004,2026-02-25,2026-02-27,1,101.2242738,101.34352525000001,19.77900748341009,20.31880884084723,0.02729163017355163,-0.0011780914352186465,0.026113538738332984,0.024935447303114335,0.009271999999999999,2.7e-05,0.0064051241,0.0064079972,0.000449,0.026086141478059013,0.024908050042840364,0.02535661278028991,convergence,False
997641__912004,997641,912004,2026-03-04,2026-03-05,1,92.658530715075,88.412622821105,0.0,0.0,0.0,0.04582317311965767,0.04582317311965767,0.09164634623931533,0.009271999999999999,0.0,0.0,0.0,0.0,0.04582317311965767,0.09164634623931533,0.09164634623931533,overnight_abort,True
997641__912004,997641,912004,2026-03-23,2026-03-26,2,79.258250315075,79.529498434925,15.797959734744332,16.107621697261255,0.01960138952854058,-0.00342233292776094,0.01617905660077964,0.0127567236730187,0.009271999999999999,5.5e-05,0.0063013954,0.0062570388,-0.007039,0.016124262080231693,0.012701929152470755,0.005662758114259133,convergence,False
997641__912004,997641,912004,2026-03-31,2026-04-16,15,79.98042211808999,81.99205238191,16.55334714691482,16.353759645784432,-0.012057229233399285,-0.025151533469651675,-0.03720876270305096,-0.06236029617270264,0.009271999999999999,0.000411,0.0062970309,0.0062819989,-0.002387,-0.037619721607160546,-0.06277125507681224,-0.06515841185573162,convergence,False
362819__315035,362819,315035,2024-04-05,2024-04-12,4,17.953517150815998,16.98767788656,1.791879238567997,1.7374980729511817,-0.030348677771541436,0.05379666035031467,0.023447982578773233,0.0772446429290879,0.006481000000000001,0.00011,0.7420872718,0.7345381375,-0.010173,0.023338393537677343,0.07713505388799202,0.06696221494185442,convergence,False
362819__315035,362819,315035,2024-06-03,2024-06-10,6,18.634417321312,18.705422245248002,1.8599002725618492,1.8743132302470467,0.007749317475686412,-0.0038104182551924573,0.003938899220493954,0.00012848096530149698,0.006481000000000001,0.000164,0.7425281435,0.7393444203,-0.004288,0.003774515658850118,-3.590259634233861e-05,-0.004323582770986025,convergence,False
362819__315035,362819,315035,2024-08-01,2024-08-02,1,22.29922324656,22.130930074752,0.0,0.0,0.0,0.007547041883351744,0.007547041883351744,0.015094083766703488,0.006481000000000001,0.0,0.0,0.0,0.0,0.007547041883351744,0.015094083766703488,0.015094083766703488,overnight_abort,True
362819__315035,362819,315035,2024-08-06,2024-08-07,1,21.698430038688,21.681523470816,0.0,0.0,0.0,0.000779160881310522,0.000779160881310522,0.001558321762621044,0.006481000000000001,0.0,0.0,0.0,0.0,0.000779160881310522,0.001558321762621044,0.001558321762621044,overnight_abort,True
362819__315035,362819,315035,2024-08-08,2024-08-22,10,22.269184887872,22.353629509247998,2.148340449637109,2.246022789211362,0.04546874290373911,-0.0037919942647737675,0.041676748638965345,0.03788475437419157,0.006481000000000001,0.000274,0.7550018305,0.7628348101,0.010375,0.04140277603622562,0.03761078177145185,0.047985564034976384,convergence,False
362819__315035,362819,315035,2024-11-20,2024-11-27,6,23.851259850496,22.470480000000002,2.276856938731996,2.2562435141935087,-0.009053456186828885,0.0578912753100245,0.04883781912319561,0.10672909443322011,0.006481000000000001,0.000164,0.7426385949,0.7460736754,0.004626,0.04867343556155178,0.10656471087157628,0.1111902185190244,convergence,False
362819__315035,362819,315035,2025-01-22,2025-01-31,8,23.200398038688,24.427915470816,2.2985264148221884,2.4459656276242816,0.06414510264111926,-0.052909326386600945,0.011235776254518319,-0.041673550132082626,0.006481000000000001,0.000219,0.7376535241,0.7359434795,-0.002318,0.011016598172326537,-0.04189272821427441,-0.04421095017638908,convergence,False
362819__315035,362819,315035,2025-04-07,2025-04-08,1,25.23055411344,24.527775282624,0.0,0.0,0.0,0.027854276511574502,0.027854276511574502,0.055708553023149004,0.006481000000000001,0.0,0.0,0.0,0.0,0.027854276511574502,0.055708553023149004,0.055708553023149004,overnight_abort,True
362819__315035,362819,315035,2025-04-09,2025-04-21,11,26.484699396064,28.60242432,2.6258632445976593,2.867691712407535,0.09209484473626088,-0.0799603156625114,0.012134529073749484,-0.06782578658876191,0.006481000000000001,0.000301,0.7509481847,0.7661953978,0.020304,0.011833159210735786,-0.06812715645177561,-0.04782320817591531,convergence,False
362819__315035,362819,315035,2025-07-31,2025-08-01,1,30.540015999999998,30.210312000000002,0.0,0.0,0.0,0.010795803119421942,0.010795803119421942,0.021591606238843885,0.006481000000000001,0.0,0.0,0.0,0.0,0.010795803119421942,0.021591606238843885,0.021591606238843885,overnight_abort,True
362819__315035,362819,315035,2025-11-20,2025-12-01,10,37.138659076063995,36.09258432,3.63459240252623,3.6199686015092905,-0.004023505085955559,0.028166734666470326,0.024143229580514767,0.05230996424698509,0.006481000000000001,0.000274,0.765315767,0.7716943143,0.008335,0.02386925697777504,0.05203599164424537,0.06037052174938559,convergence,False
362819__315035,362819,315035,2026-02-26,2026-02-27,1,39.862228717376,39.747786394752005,0.0,0.0,0.0,0.0028709464148478007,0.0028709464148478007,0.0057418928296956015,0.006481000000000001,0.0,0.0,0.0,0.0,0.0028709464148478007,0.0057418928296956015,0.0057418928296956015,overnight_abort,True
362819__315035,362819,315035,2026-03-03,2026-03-06,2,39.461709925248,38.978791641312,3.8490381772012214,3.9010019304797536,0.013500451511841583,0.012237642130834923,0.025738093642676506,0.03797573577351143,0.006481000000000001,5.5e-05,0.7840060877,0.7817079098,-0.002931,0.02568329912212856,0.03792094125296349,0.03498961465224534,convergence,False
362819__315035,362819,315035,2026-03-09,2026-03-17,7,39.241420283935994,40.426886245248,3.950271161390852,4.043435774573119,0.023584358991058384,-0.030209557980685305,-0.006625198989626921,-0.03683475697031223,0.006481000000000001,0.000192,0.7853918992,0.7836070656,-0.002273,-0.006816979811544729,-0.03702653779223004,-0.03929907663789162,convergence,False
362819__315035,362819,315035,2026-04-13,2026-04-17,3,38.670665434752,37.72045075344,3.821597940520146,3.779650952980048,-0.010976295307085257,0.024571976474397038,0.01359568116731178,0.03816765764170882,0.006481000000000001,8.2e-05,0.7864416206,0.7873084616,0.001102,0.013513489386489863,0.0380854658608869,0.03918769770784672,convergence,False
151619__540775,151619,540775,2024-07-16,2024-07-17,1,62.2442213247345,63.564269173531,0.0,0.0,0.0,-0.021207556632601772,-0.021207556632601772,-0.042415113265203544,0.022001,0.0,0.0,0.0,0.0,-0.021207556632601772,-0.042415113265203544,-0.042415113265203544,overnight_abort,True
151619__540775,151619,540775,2024-07-30,2024-08-01,1,63.108446219646,63.87473380026551,12.890900102413795,12.972600022395358,0.006337797929740003,-0.012142393396162594,-0.005804595466422591,-0.017946988862585184,0.022001,2.7e-05,0.128000811,0.1279615108,-0.000307,-0.005831992726696563,-0.017974386122859155,-0.01828141699003062,convergence,False
151619__540775,151619,540775,2024-08-06,2024-08-07,1,60.777043500354,60.033691195177006,0.0,0.0,0.0,0.01223080726479664,0.01223080726479664,0.02446161452959328,0.022001,0.0,0.0,0.0,0.0,0.01223080726479664,0.02446161452959328,0.02446161452959328,overnight_abort,True
151619__540775,151619,540775,2024-09-24,2024-09-30,5,74.90609718053099,74.93016803035401,14.746108091527551,15.101591979660226,0.02410696340527434,-0.0003213470028348428,0.023785616402439497,0.023464269399604654,0.022001,0.000137,0.1284562767,0.1286545946,0.001544,0.023648630101069636,0.023327283098234793,0.024871138370197495,convergence,False
151619__540775,151619,540775,2024-12-09,2024-12-10,1,75.107091539469,72.18371381946899,0.0,0.0,0.0,0.03892279224344297,0.03892279224344297,0.07784558448688594,0.022001,0.0,0.0,0.0,0.0,0.03892279224344297,0.07784558448688594,0.07784558448688594,overnight_abort,True
151619__540775,151619,540775,2025-03-05,2025-03-06,1,70.755822734646,66.77044531561951,0.0,0.0,0.0,0.05632578726379544,0.05632578726379544,0.11265157452759088,0.022001,0.0,0.0,0.0,0.0,0.05632578726379544,0.11265157452759088,0.11265157452759088,overnight_abort,True
151619__540775,151619,540775,2025-08-22,2025-08-25,1,65.0981659650885,65.675841,0.0,0.0,0.0,-0.008873906451086641,-0.008873906451086641,-0.017747812902173282,0.022001,0.0,0.0,0.0,0.0,-0.008873906451086641,-0.017747812902173282,-0.017747812902173282,overnight_abort,True
151619__540775,151619,540775,2025-08-29,2025-09-05,3,65.4096865202655,61.6556904256195,12.41647711543659,12.326766975093044,-0.007225088043050151,0.05739205145835579,0.05016696341530564,0.10755901487366143,0.022001,8.2e-05,0.1280885299,0.1282552727,0.001302,0.05008477163448372,0.10747682309283951,0.10877860085647054,convergence,False
151619__540775,151619,540775,2025-10-17,2025-10-21,1,59.440509195531,61.3870125502655,12.090190120938411,12.379049125734168,0.023892015088786425,-0.03274708411954266,-0.008855069030756238,-0.0416021531502989,0.022001,2.7e-05,0.1287307723,0.128666182,-0.000502,-0.00888246629103021,-0.041629550410572876,-0.04213129757518614,convergence,False
151619__540775,151619,540775,2026-02-06,2026-02-12,3,73.7806013250885,76.06456792526551,14.56066330704974,15.27225736537833,0.04887099188565551,-0.030956193893209236,0.017914797992446274,-0.013041395900762962,0.022001,8.2e-05,0.127962323,0.1279418698,-0.00016,0.017832606211624358,-0.01312358768158488,-0.013283425355053752,convergence,False
151619__540775,151619,540775,2026-03-04,2026-03-05,1,79.58898778526549,76.865318626481,0.0,0.0,0.0,0.03422168360945946,0.03422168360945946,0.06844336721891892,0.022001,0.0,0.0,0.0,0.0,0.03422168360945946,0.06844336721891892,0.06844336721891892,overnight_abort,True
151619__540775,151619,540775,2026-03-23,2026-03-24,1,67.449655860354,66.9296475345575,0.0,0.0,0.0,0.007709577152967361,0.007709577152967361,0.015419154305934721,0.022001,0.0,0.0,0.0,0.0,0.007709577152967361,0.015419154305934721,0.015419154305934721,overnight_abort,True
151619__540775,151619,540775,2026-03-31,2026-04-16,15,66.84671800455749,69.695992569469,13.811582336956594,14.010465922810573,0.014399768325010281,-0.042624000847988563,-0.02822423252297828,-0.07084823337096685,0.022001,0.000411,0.1275835624,0.1277996102,0.001693,-0.02863519142708787,-0.07125919227507645,-0.06956580955448229,convergence,False
151767__729076,151767,729076,2024-04-23,2024-04-25,1,5.3505701519083,5.12661289886245,0.0,0.0,0.0,0.04185670810539233,0.04185670810539233,0.08371341621078467,0.026442,0.0,0.0,0.0,0.0,0.04185670810539233,0.08371341621078467,0.08371341621078467,overnight_abort,True
151767__729076,151767,729076,2024-09-04,2024-09-09,4,5.048212068841701,4.9126742590458505,1.003267426344482,1.0069264764229995,0.0036471333389638426,0.026848675916847718,0.03049580925581156,0.057344485172659276,0.026442,0.00011,0.1283170009,0.1282544568,-0.000487,0.03038622021471567,0.057234896131563386,0.056747477476503425,convergence,False
151767__729076,151767,729076,2024-10-09,2024-10-17,3,5.199138422137551,4.99191084,1.0277309249713735,1.013795945706615,-0.0135589763100168,0.039858062107981436,0.026299085797964635,0.06615714790594607,0.026442,8.2e-05,0.1288004107,0.1286396962,-0.001248,0.02621689401714272,0.06607495612512415,0.06482717671878084,convergence,False
151767__729076,151767,729076,2024-11-14,2024-11-18,3,5.441429088816601,5.60599501095415,1.121566404765043,1.1404951534242944,0.016877064593617798,-0.03024314374982304,-0.013366079156205243,-0.04360922290602828,0.026442,8.2e-05,0.1284430739,0.1284744238,0.000244,-0.01344827093702716,-0.0436914146868502,-0.04344733846655992,convergence,False
151767__729076,151767,729076,2024-12-31,2025-01-02,1,6.309634375000001,5.8684668105917,0.0,0.0,0.0,0.06991967175725623,0.06991967175725623,0.13983934351451247,0.026442,0.0,0.0,0.0,0.0,0.06991967175725623,0.13983934351451247,0.13983934351451247,overnight_abort,True
151767__729076,151767,729076,2025-01-16,2025-01-23,6,6.9557413388166,6.6618237719541495,1.3406455688055,1.3456013574544832,0.0036965688503329216,0.04225539055373439,0.04595195940406731,0.0882073499578017,0.026442,0.000164,0.1284356488,0.1283812409,-0.000424,0.045787575842423475,0.08804296639615787,0.08761934647047258,convergence,False
151767__729076,151767,729076,2025-02-12,2025-02-13,1,6.763927949045851,6.33893410286245,0.0,0.0,0.0,0.0628324029151363,0.0628324029151363,0.1256648058302726,0.026442,0.0,0.0,0.0,0.0,0.0628324029151363,0.1256648058302726,0.1256648058302726,overnight_abort,True
151767__729076,151767,729076,2025-02-24,2025-02-26,1,6.763927949045851,6.45511488491245,1.3040080917009975,1.3046666729618803,0.0005050438452599849,0.045655877244665674,0.04616092108992566,0.09181679833459133,0.026442,2.7e-05,0.1286363817,0.1286330839,-2.6e-05,0.04613352382965168,0.09178940107431736,0.09176376447014353,convergence,False
151767__729076,151767,729076,2025-03-12,2025-03-14,1,7.228317039045851,6.5845679099083005,0.0,0.0,0.0,0.08905933783205032,0.08905933783205032,0.17811867566410064,0.026442,0.0,0.0,0.0,0.0,0.08905933783205032,0.17811867566410064,0.17811867566410064,overnight_abort,True
151767__729076,151767,729076,2025-03-31,2025-04-03,2,6.965836047137551,5.7644681728624505,1.2808896536098928,1.1989354021171645,-0.06398228860835832,0.1724657121048341,0.10848342349647579,0.2809491356013099,0.026442,5.5e-05,0.1285190178,0.1285644461,0.000353,0.10842862897592784,0.28089434108076194,0.28124781639342505,convergence,False
151767__729076,151767,729076,2025-06-10,2025-06-20,9,6.9557413388166,6.2002705071375495,1.3528418416749353,1.2768215539968994,-0.05619303405334959,0.10861111632532057,0.05241808227197098,0.16102919859729153,0.026442,0.000247,0.127399084,0.1273893481,-7.6e-05,0.05217150692950522,0.16078262325482578,0.16070620276816042,convergence,False
151767__729076,151767,729076,2025-07-25,2025-07-28,1,7.864328285000001,7.48786675522925,0.0,0.0,0.0,0.047869508510827725,0.047869508510827725,0.09573901702165545,0.026442,0.0,0.0,0.0,0.0,0.047869508510827725,0.09573901702165545,0.09573901702165545,overnight_abort,True
151767__729076,151767,729076,2025-09-03,2025-09-10,6,7.0566948830917005,6.7153084319083,1.3432313333987167,1.3634909310926346,0.01508273161158027,0.04837766926856721,0.06346040088014748,0.11183807014871469,0.026442,0.000164,0.1281903288,0.1283795895,0.001476,0.06329601731850365,0.11167368658707086,0.11315009047628531,convergence,False
151767__729076,151767,729076,2025-11-24,2025-12-02,7,7.803755391183401,7.7750996211834,1.5076814495923894,1.5716488902676387,0.04242768967711533,0.0036720487205911365,0.046099738397706466,0.0497717871182976,0.026442,0.000192,0.1286090877,0.1284570952,-0.001182,0.04590795757578866,0.04958000629637979,0.04839818856702501,convergence,False
151767__729076,151767,729076,2026-02-05,2026-02-09,3,8.3817181018417,7.923668,1.6146529080001877,1.6306161012399498,0.009886454953054397,0.05464871238523924,0.06453516733829363,0.11918387972353288,0.026442,8.2e-05,0.1279819867,0.127962323,-0.000154,0.06445297555747172,0.11910168794271096,0.11894804366426966,convergence,False
151767__729076,151767,729076,2026-02-10,2026-02-11,1,8.581102750000001,7.992009933637551,0.0,0.0,0.0,0.06865001311893747,0.06865001311893747,0.13730002623787493,0.026442,0.0,0.0,0.0,0.0,0.06865001311893747,0.13730002623787493,0.13730002623787493,overnight_abort,True
151767__729076,151767,729076,2026-03-19,2026-04-08,19,8.23785853904585,7.50767543,1.5889012311327675,1.5226634671934491,-0.04168777935435029,0.0886374906275611,0.046949711273210806,0.1355872019007719,0.026442,0.000521,0.1276674437,0.1276764136,7e-05,0.04642916332800533,0.1350666539555664,0.1351369138412511,convergence,False
151767__729076,151767,729076,2026-04-17,2026-04-21,1,7.864328285000001,7.497770547862451,1.5227756161564925,1.5281126941500096,0.0035048354707622564,0.04661017748161696,0.05011501295237921,0.09672519043399617,0.026442,2.7e-05,0.1277098465,0.1277065797,-2.6e-05,0.050087615692105236,0.09669779317372221,0.09667221331367584,convergence,False
951464__905475,951464,905475,2024-08-05,2024-08-09,3,9.9581500392696,11.598781879999999,22.276667202019997,23.139431520030552,0.038729506087531874,-0.16475267336409136,-0.1260231672765595,-0.2907758406406508,0.013076999999999998,8.2e-05,0.0069288065,0.0068198863,-0.01572,-0.1261053590573814,-0.29085803242147273,-0.306577940316144,convergence,False
951464__905475,951464,905475,2024-11-13,2025-01-27,74,10.799684280000001,10.830188898174,21.70683083390976,21.9013494103575,0.008961168856757774,-0.002824584254790792,0.006136584601966982,0.0033120003471761904,0.013076999999999998,0.002027,0.0063995904,0.006472073,0.011326,0.004109187341693009,0.0012846030869022177,0.012610734209294018,convergence,False
951464__905475,951464,905475,2025-02-12,2025-04-25,71,9.797858079634802,10.291174938174,20.626851513679092,20.39821485659083,-0.011084418624754145,-0.05034945949712985,-0.06143387812188399,-0.11178333761901385,0.013076999999999998,0.001945,0.0065445022,0.0069591839,0.063363,-0.06337908360133605,-0.1137285430984659,-0.050365175293348524,convergence,False
951464__905475,951464,905475,2025-11-06,2026-02-05,90,11.010067740000002,9.8519772801826,22.2650956066495,19.7739238999068,-0.11188686322095585,0.10518468070909447,-0.006702182511861388,0.09848249819723308,0.013076999999999998,0.002466,0.0065178422,0.0063678044,-0.02302,-0.009167935936518922,0.09601674477257555,0.0729971939156983,force_close,False
951464__905475,951464,905475,2026-02-06,2026-02-27,18,9.767803500000001,10.241266238174001,19.677244505083465,20.689581620804578,0.05144709745612927,-0.048471771383812104,0.0029753260723171665,-0.04549644531149494,0.013076999999999998,0.000493,0.0064149854,0.0064079972,-0.001089,0.0024821753873856597,-0.04598959599642644,-0.04707895155442966,convergence,False
951464__905475,951464,905475,2026-03-04,2026-04-08,34,9.697676080730401,10.151430578173999,19.085010896484683,20.119114139539903,0.05418405305944544,-0.04679002409094921,0.007394028968496225,-0.03939599512245299,0.013076999999999998,0.000932,0.0063455803,0.0063051698,-0.006368,0.006462522119181156,-0.04032750197176806,-0.04669579267009867,convergence,False
951173__906169,951173,906169,2024-04-08,2024-04-11,2,59.966308023886995,59.214626762226004,29.97314274602572,29.97380987858164,2.225767786763789e-05,0.012535059876648838,0.012557317554516476,0.025092377431165314,0.013201000000000001,5.5e-05,0.6628443087,0.6537444061,-0.013729,0.012502523033968531,0.02503758291061737,0.011309015763609378,convergence,False
951173__906169,951173,906169,2024-04-17,2024-04-22,4,58.680383908516,58.239152233145006,29.01010442354345,29.238847758748914,0.00788495387213518,0.007519236344105773,0.015404190216240954,0.022923426560346724,0.013201000000000001,0.00011,0.6421163332,0.6450155584,0.004515,0.015294601175145063,0.022813837519250833,0.027328946464621726,convergence,False
951173__906169,951173,906169,2024-05-14,2024-05-22,7,59.062132882226,58.458134848516,29.56954862282782,30.54900406476922,0.03312378739475437,0.010226485300055335,0.043350272694809705,0.05357675799486504,0.013201000000000001,0.000192,0.6693438188,0.6619668345,-0.011021,0.0431584918728919,0.05338497717294723,0.042363758939804416,convergence,False
951173__906169,951173,906169,2024-09-12,2024-09-13,1,53.928477687597,52.645172190000004,0.0,0.0,0.0,0.023796434696916093,0.023796434696916093,0.047592869393832185,0.013201000000000001,0.0,0.0,0.0,0.0,0.023796434696916093,0.047592869393832185,0.047592869393832185,overnight_abort,True
951173__906169,951173,906169,2024-09-26,2024-09-30,3,61.191956408516,61.822493805370996,30.942690802494564,31.70733040420615,0.024711477311143922,-0.010304252942094956,0.014407224369048966,0.004102971426954011,0.013201000000000001,8.2e-05,0.6902504063,0.6912523945,0.001452,0.014325032588227048,0.004020779646132093,0.00547240965004763,convergence,False
951173__906169,951173,906169,2024-12-09,2024-12-12,2,53.99880875,52.207205963887006,26.729893189422093,26.561130806307165,-0.0063136198083167915,0.033178561297669294,0.026864941489352503,0.060043502787021794,0.013201000000000001,5.5e-05,0.6377551427,0.6368414295,-0.001433,0.026810146968804557,0.05998870826647385,0.05855600606021378,convergence,False
951173__906169,951173,906169,2025-03-06,2025-03-11,4,50.924647023887,49.549567384629,24.627552311778093,24.923994792670154,0.012037025731959888,0.027002241932339653,0.03903926766429954,0.0660415095966392,0.013201000000000001,0.00011,0.6305566226,0.6298419494,-0.001133,0.03892967862320365,0.06593192055554331,0.06479852004179862,convergence,False
951173__906169,951173,906169,2025-04-09,2025-04-10,1,44.555303182402994,43.288690762226004,0.0,0.0,0.0,0.02842787120068876,0.02842787120068876,0.05685574240137752,0.013201000000000001,0.0,0.0,0.0,0.0,0.02842787120068876,0.05685574240137752,0.05685574240137752,overnight_abort,True
951173__906169,951173,906169,2025-07-02,2025-07-03,1,50.964825151484,50.286147896855,0.0,0.0,0.0,0.013316581634720652,0.013316581634720652,0.026633163269441304,0.013201000000000001,0.0,0.0,0.0,0.0,0.013316581634720652,0.026633163269441304,0.026633163269441304,overnight_abort,True
951173__906169,951173,906169,2025-08-22,2025-08-25,1,56.208989536113,55.511845646855,0.0,0.0,0.0,0.012402711648287183,0.012402711648287183,0.024805423296574366,0.013201000000000001,0.0,0.0,0.0,0.0,0.012402711648287183,0.024805423296574366,0.024805423296574366,overnight_abort,True
951173__906169,951173,906169,2025-09-25,2025-09-26,1,55.947792023887,54.486614512226,0.0,0.0,0.0,0.026116803877392465,0.026116803877392465,0.05223360775478493,0.013201000000000001,0.0,0.0,0.0,0.0,0.026116803877392465,0.05223360775478493,0.05223360775478493,overnight_abort,True
951173__906169,951173,906169,2025-09-29,2025-09-30,1,56.480244389258,55.49193325,0.0,0.0,0.0,0.01749835097112225,0.01749835097112225,0.0349967019422445,0.013201000000000001,0.0,0.0,0.0,0.0,0.01749835097112225,0.0349967019422445,0.0349967019422445,overnight_abort,True
951173__906169,951173,906169,2025-10-13,2025-10-15,1,55.967888622402995,56.427584976112996,27.808888909464468,28.301513338340605,0.017714639030704957,-0.008213573265402624,0.009501065765302333,0.0012874924998997096,0.013201000000000001,2.7e-05,0.6486135885,0.6512959095,0.004135,0.00947366850502836,0.001260095239625737,0.005395563641086923,convergence,False
951173__906169,951173,906169,2026-01-14,2026-01-15,1,66.32561160314499,65.724346134629,0.0,0.0,0.0,0.009065358825692,0.009065358825692,0.018130717651384,0.013201000000000001,0.0,0.0,0.0,0.0,0.009065358825692,0.018130717651384,0.018130717651384,overnight_abort,True
951173__906169,951173,906169,2026-02-03,2026-02-04,1,73.076719487774,71.88569561074199,0.0,0.0,0.0,0.016298266881441932,0.016298266881441932,0.032596533762883864,0.013201000000000001,0.0,0.0,0.0,0.0,0.016298266881441932,0.032596533762883864,0.032596533762883864,overnight_abort,True
951173__906169,951173,906169,2026-02-11,2026-02-12,1,75.477781793145,72.42318898314501,0.0,0.0,0.0,0.040470092488560795,0.040470092488560795,0.08094018497712159,0.013201000000000001,0.0,0.0,0.0,0.0,0.040470092488560795,0.08094018497712159,0.08094018497712159,overnight_abort,True
951173__906169,951173,906169,2026-02-24,2026-02-26,1,80.01869382222601,80.694734932968,40.33437841826496,40.94929562486853,0.015245486126671374,-0.008448539690536837,0.006796946436134536,-0.0016515932544023011,0.013201000000000001,2.7e-05,0.7123521362,0.7104794223,-0.002629,0.006769549175860564,-0.0016789905146762738,-0.00430790647468149,convergence,False
951173__906169,951173,906169,2026-03-31,2026-04-07,6,73.076719487774,72.970646019258,36.48833166090045,36.84384804171808,0.009743289556825406,0.0014515357183452645,0.01119482527517067,0.012646360993515935,0.013201000000000001,0.000164,0.6928565039,0.6975931571,0.006836,0.011030441713526833,0.012481977431872099,0.019318390416866886,convergence,False
27220J__912748,27220J,912748,2024-04-26,2024-04-30,1,21.187526817889,20.972235907611502,0.0,0.0,0.0,0.01016121004249185,0.01016121004249185,0.0203224200849837,0.017979000000000002,0.0,0.0,0.0,0.0,0.01016121004249185,0.0203224200849837,0.0203224200849837,overnight_abort,True
27220J__912748,27220J,912748,2024-05-08,2024-05-16,7,22.63624875,22.2941681773885,23.378353357099098,22.46430330493456,-0.039098136562598224,0.015112069865882729,-0.023986066696715495,-0.008873996830832766,0.017979000000000002,0.000192,0.0064321087,0.0064354206,0.000515,-0.024177847518633302,-0.009065777652750575,-0.00855087652864494,convergence,False
27220J__912748,27220J,912748,2024-05-24,2024-05-29,1,22.203652933444,21.6282273502775,21.85632266911321,21.82455655467318,-0.0014534061800305915,0.025915806957141473,0.02446240077711088,0.050378207734252355,0.017979000000000002,2.7e-05,0.0063627398,0.0063445734,-0.002855,0.02443500351683691,0.05035081047397838,0.047495688219882724,convergence,False
27220J__912748,27220J,912748,2024-08-05,2024-08-06,1,18.521485779222,18.735860782611503,0.0,0.0,0.0,-0.011574395593575718,-0.011574395593575718,-0.023148791187151435,0.017979000000000002,0.0,0.0,0.0,0.0,-0.011574395593575718,-0.023148791187151435,-0.023148791187151435,overnight_abort,True
27220J__912748,27220J,912748,2024-09-26,2024-10-02,5,26.982416558444,8.52406833018335,9.123352016106832,8.383482567330997,-0.08109622948556972,0.6840880314882031,0.6029918020026334,1.2870798334908364,0.017979000000000002,0.000137,0.0070325956,0.0068275697,-0.029154,0.6028548157012635,1.2869428471894666,1.2577891873373346,convergence,False
27220J__912748,27220J,912748,2025-02-05,2025-02-06,1,7.49511337439445,7.3353106087889,0.0,0.0,0.0,0.021320927065824474,0.021320927065824474,0.04264185413164895,0.017979000000000002,0.0,0.0,0.0,0.0,0.021320927065824474,0.04264185413164895,0.04264185413164895,overnight_abort,True
27220J__912748,27220J,912748,2025-04-07,2025-04-10,2,6.91160118439445,6.7116098386722,6.903547880335337,7.178350168973984,0.03980595099824223,0.02893560267536931,0.06874155367361154,0.09767715634898086,0.017979000000000002,5.5e-05,0.0068355036,0.0069225706,0.012737,0.06868675915306359,0.09762236182843291,0.11035982860410687,convergence,False
27220J__912748,27220J,912748,2025-05-08,2025-05-14,5,7.4201621390389,6.77949654620555,6.934153846343303,7.028480825851741,0.013603242962107126,0.08634118511544174,0.09994442807754887,0.1862856131929906,0.017979000000000002,0.000137,0.0068794712,0.0068140774,-0.009506,0.099807441776179,0.18614862689162076,0.17664298349275026,convergence,False
27220J__912748,27220J,912748,2025-07-11,2025-07-16,2,7.31402398802775,6.78148423641665,6.932238544487025,6.877479762367956,-0.007899148560404995,0.07281077454528576,0.06491162598488076,0.13772240053016652,0.017979000000000002,5.5e-05,0.0067697932,0.0067624683,-0.001082,0.06485683146433281,0.13766760600961858,0.13658560840886477,convergence,False
27220J__912748,27220J,912748,2025-08-18,2025-08-27,8,6.85123845802775,6.4705789931833495,6.688942175910058,6.734135664798312,0.0067564478358052085,0.055560679602148944,0.06231712743795415,0.11787780704010309,0.017979000000000002,0.000219,0.0067716264,0.0067837998,0.001798,0.06209794935576237,0.11765862895791131,0.11945633593123163,convergence,False
27220J__912748,27220J,912748,2025-11-04,2025-11-06,1,6.81602571068335,6.5848823125000004,0.0,0.0,0.0,0.033911755617508685,0.033911755617508685,0.06782351123501737,0.017979000000000002,0.0,0.0,0.0,0.0,0.033911755617508685,0.06782351123501737,0.06782351123501737,overnight_abort,True
27220J__912748,27220J,912748,2025-11-13,2025-11-14,1,7.08263072,6.60973062681665,0.0,0.0,0.0,0.06676898907745822,0.06676898907745822,0.13353797815491644,0.017979000000000002,0.0,0.0,0.0,0.0,0.06676898907745822,0.13353797815491644,0.13353797815491644,overnight_abort,True
27220J__912748,27220J,912748,2025-12-15,2025-12-19,2,7.334144595,6.6395496575778,6.957437917958208,6.8634594220935545,-0.013507629816154077,0.09470701435253061,0.08119938453637653,0.17590639888890713,0.017979000000000002,5.5e-05,0.0064232264,0.0063385415,-0.013184,0.08114459001582858,0.1758516043683592,0.16266743573933506,convergence,False
27220J__912748,27220J,912748,2026-03-23,2026-03-26,2,7.203357279394449,6.96755124318335,7.106709214019498,7.059067153393944,-0.006703814549154353,0.03273557413091722,0.026031759581762865,0.05876733371268009,0.017979000000000002,5.5e-05,0.0063013954,0.0062570388,-0.007039,0.02597696506121492,0.058712539192132145,0.05167336815392052,convergence,False
14849F__998511,14849F,998511,2025-02-13,2025-02-24,10,6.172056654725,5.830305953543751,1.1862997441335426,1.1762530322577975,-0.008468948868469158,0.05537063580251212,0.046901686934042966,0.10227232273655508,0.033351,0.000274,0.1284612338,0.1286181888,0.001222,0.04662771433130324,0.10199835013381535,0.10322015842069804,convergence,False
14849F__998511,14849F,998511,2025-08-21,2025-08-26,1,7.9730827023624995,7.203886875,0.0,0.0,0.0,0.09647408111477124,0.09647408111477124,0.19294816222954247,0.033351,0.0,0.0,0.0,0.0,0.09647408111477124,0.19294816222954247,0.19294816222954247,overnight_abort,True
670845__362033,670845,362033,2024-05-30,2024-06-03,3,30.2092587031095,28.7207194497555,1.4364883841504004,1.4486825908839827,0.008488900340669623,0.04927427276462046,0.05776317310529008,0.10703744586991054,0.01001,8.2e-05,0.1278960526,0.1278829664,-0.000102,0.05768098132446817,0.10695525408908862,0.10685293505942366,convergence,False
670845__362033,670845,362033,2024-07-31,2024-08-01,1,26.645185266219002,25.100116811890498,0.0,0.0,0.0,0.05798677843262571,0.05798677843262571,0.11597355686525142,0.01001,0.0,0.0,0.0,0.0,0.05798677843262571,0.11597355686525142,0.11597355686525142,overnight_abort,True
670845__362033,670845,362033,2024-09-24,2024-09-30,5,26.323924977927,26.693782184146002,1.2678979915971056,1.3623184974216764,0.07447011230425107,-0.014050230219434722,0.06041988208481635,0.046369651865381625,0.01001,0.000137,0.1284562767,0.1286545946,0.001544,0.060282895783446484,0.04623266556401176,0.04777652083597446,convergence,False
670845__362033,670845,362033,2024-10-09,2024-10-10,1,27.4684423639635,27.510524145854,0.0,0.0,0.0,-0.0015320046667701365,-0.0015320046667701365,-0.003064009333540273,0.01001,0.0,0.0,0.0,0.0,-0.0015320046667701365,-0.003064009333540273,-0.003064009333540273,overnight_abort,True
670845__362033,670845,362033,2024-12-09,2024-12-10,1,24.968568229146,24.3630597622555,0.0,0.0,0.0,0.02425082853504139,0.02425082853504139,0.04850165707008278,0.01001,0.0,0.0,0.0,0.0,0.02425082853504139,0.04850165707008278,0.04850165707008278,overnight_abort,True
670845__362033,670845,362033,2025-02-20,2025-02-21,1,31.0274909635365,34.522629074146,0.0,0.0,0.0,-0.11264649515866391,-0.11264649515866391,-0.22529299031732783,0.01001,0.0,0.0,0.0,0.0,-0.11264649515866391,-0.22529299031732783,-0.22529299031732783,overnight_abort,True
670845__362033,670845,362033,2025-03-05,2025-03-06,1,31.454178462927,31.6440845851825,0.0,0.0,0.0,-0.006037548317446299,-0.006037548317446299,-0.012075096634892597,0.01001,0.0,0.0,0.0,0.0,-0.006037548317446299,-0.012075096634892597,-0.012075096634892597,overnight_abort,True
670845__362033,670845,362033,2025-03-17,2025-03-19,1,30.932113427073002,30.498633645854,1.5281108245184931,1.5349309064213774,0.004463080683322366,0.014013907657522166,0.018476988340844533,0.0324908959983667,0.01001,2.7e-05,0.1287117161,0.1286877055,-0.000187,0.018449591080570562,0.032463498738092726,0.03227695317155426,convergence,False
670845__362033,670845,362033,2025-04-07,2025-04-08,1,20.1897069889635,19.1238978118905,0.0,0.0,0.0,0.05278972981904163,0.05278972981904163,0.10557945963808325,0.01001,0.0,0.0,0.0,0.0,0.05278972981904163,0.10557945963808325,0.10557945963808325,overnight_abort,True
670845__362033,670845,362033,2025-04-09,2025-04-10,1,20.139505802073,20.1099799231095,0.0,0.0,0.0,0.001466067700651399,0.001466067700651399,0.002932135401302798,0.01001,0.0,0.0,0.0,0.0,0.001466067700651399,0.002932135401302798,0.002932135401302798,overnight_abort,True
670845__362033,670845,362033,2025-07-30,2025-08-01,1,26.404244065854,25.458690947927,1.29054749407396,1.28536621503472,-0.00401479144551584,0.03581064905962569,0.03179585761410986,0.06760650667373555,0.01001,2.7e-05,0.1273917774,0.1273966527,3.8e-05,0.03176846035383588,0.06757910941346158,0.06761737954438773,convergence,False
670845__362033,670845,362033,2025-08-22,2025-08-25,1,28.010575626219,28.187836934146002,0.0,0.0,0.0,-0.006328370765828794,-0.006328370765828794,-0.012656741531657589,0.01001,0.0,0.0,0.0,0.0,-0.006328370765828794,-0.012656741531657589,-0.012656741531657589,overnight_abort,True
670845__362033,670845,362033,2025-09-11,2025-09-12,1,30.2715004242555,30.159984223963498,0.0,0.0,0.0,0.003683867622321342,0.003683867622321342,0.007367735244642684,0.01001,0.0,0.0,0.0,0.0,0.003683867622321342,0.007367735244642684,0.007367735244642684,overnight_abort,True
670845__362033,670845,362033,2025-10-06,2025-10-09,1,30.520484376219,31.624158875,1.5062831994386188,1.6123622646912754,0.07042438320509156,-0.03616176221767185,0.03426262098741971,-0.0018991412302521438,0.01001,2.7e-05,0.1284983697,0.1285066212,6.4e-05,0.034235223727145735,-0.0019265384905261165,-0.001862323668040314,convergence,False
670845__362033,670845,362033,2025-10-17,2025-10-21,1,29.6159122587555,29.363152035854,1.4613274756934795,1.479405476265531,0.012370944140000215,0.008534608716190245,0.02090555285619046,0.029440161572380705,0.01001,2.7e-05,0.1287307723,0.128666182,-0.000502,0.02087815559591649,0.029412764312106734,0.028911017147493473,convergence,False
670845__362033,670845,362033,2026-02-06,2026-02-12,3,24.245712501219,22.8690050122555,1.1771984737906889,1.1502775650834296,-0.02286862352154725,0.056781482041176716,0.03391285851962947,0.09069434056080618,0.01001,8.2e-05,0.127962323,0.1279418698,-0.00016,0.03383066673880755,0.09061214877998426,0.09045231110651539,convergence,False
670845__362033,670845,362033,2026-02-20,2026-02-23,1,24.1252419010365,23.705672684146002,0.0,0.0,0.0,0.017391295747897623,0.017391295747897623,0.03478259149579525,0.01001,0.0,0.0,0.0,0.0,0.017391295747897623,0.03478259149579525,0.03478259149579525,overnight_abort,True
670845__362033,670845,362033,2026-03-04,2026-03-05,1,24.2256442748175,23.227579148292,0.0,0.0,0.0,0.041198703126462816,0.041198703126462816,0.08239740625292563,0.01001,0.0,0.0,0.0,0.0,0.041198703126462816,0.08239740625292563,0.08239740625292563,overnight_abort,True
670845__362033,670845,362033,2026-03-23,2026-03-24,1,23.2618332910365,23.426783460182502,0.0,0.0,0.0,-0.007091021893341636,-0.007091021893341636,-0.014182043786683272,0.01001,0.0,0.0,0.0,0.0,-0.007091021893341636,-0.014182043786683272,-0.014182043786683272,overnight_abort,True
670845__362033,670845,362033,2026-03-31,2026-04-08,7,24.0248395272555,25.5284204751825,1.213306186462276,1.2907395987861843,0.06382017432028957,-0.06258443250874698,0.0012357418115425817,-0.0613486906972044,0.01001,0.000192,0.1275835624,0.1276764136,0.000728,0.0010439609896247734,-0.06154047151912221,-0.06081270378593324,convergence,False
151444__315891,151444,315891,2024-12-30,2025-01-03,1,15.280247750000001,11.289038174051,0.0,0.0,0.0,0.26120058007233554,0.26120058007233554,0.5224011601446711,0.07844000000000001,0.0,0.0,0.0,0.0,0.26120058007233554,0.5224011601446711,0.5224011601446711,overnight_abort,True
151444__315891,151444,315891,2025-01-21,2025-01-24,1,15.280247750000001,11.566684862051,0.0,0.0,0.0,0.24303027992127946,0.24303027992127946,0.4860605598425589,0.07844000000000001,0.0,0.0,0.0,0.0,0.24303027992127946,0.4860605598425589,0.4860605598425589,overnight_abort,True
151444__315891,151444,315891,2025-01-28,2025-02-21,17,15.0212605,11.677068701551,3.0567705727728174,3.1536203280062516,0.03168368476721533,0.22263057074664272,0.25431425551385806,0.4769448262605008,0.07844000000000001,0.000466,0.2250224871,0.2263211497,0.005771,0.2538485020892005,0.47647907283584323,0.4822503298188081,convergence,False
151444__315891,151444,315891,2025-12-05,2025-12-16,1,15.373484195949,12.40733637,3.211448196687702,3.2057326389847334,-0.0017797446363493126,0.19293920546199916,0.19115946082564986,0.384098666287649,0.07844000000000001,2.7e-05,0.2443494316,0.2447680942,0.001713,0.19113206356537588,0.38407126902737504,0.3857846456342229,convergence,False
501286__912361,501286,912361,2024-07-26,2024-07-29,1,26.548830749602,26.5657573304975,0.0,0.0,0.0,-0.0006375640816405489,-0.0006375640816405489,-0.0012751281632810978,0.01352,0.0,0.0,0.0,0.0,-0.0006375640816405489,-0.0012751281632810978,-0.0012751281632810978,overnight_abort,True
501286__912361,501286,912361,2024-07-31,2024-08-01,1,29.847392127997505,29.493140764204004,0.0,0.0,0.0,0.011868754304373752,0.011868754304373752,0.023737508608747505,0.01352,0.0,0.0,0.0,0.0,0.011868754304373752,0.023737508608747505,0.023737508608747505,overnight_abort,True
501286__912361,501286,912361,2024-08-05,2024-08-06,1,30.020631295602502,29.243790639204,0.0,0.0,0.0,0.025876892752495027,0.025876892752495027,0.05175378550499005,0.01352,0.0,0.0,0.0,0.0,0.025876892752495027,0.05175378550499005,0.05175378550499005,overnight_abort,True
501286__912361,501286,912361,2024-08-19,2024-08-20,1,32.053108020199005,31.747259909801002,0.0,0.0,0.0,0.009541917439184543,0.009541917439184543,0.019083834878369087,0.01352,0.0,0.0,0.0,0.0,0.009541917439184543,0.019083834878369087,0.019083834878369087,overnight_abort,True
501286__912361,501286,912361,2024-10-09,2024-10-15,5,37.42202332970151,35.1683366429975,35.94349587210676,35.38167033649775,-0.01563079833993009,0.06022353914026016,0.04459274080033007,0.10481627994059023,0.01352,0.000137,0.0067308335,0.0067024129,-0.004222,0.04445575449896021,0.10467929363922036,0.10045684481471748,convergence,False
501286__912361,501286,912361,2025-01-31,2025-02-06,3,25.486078287400503,24.516106284801,24.493301895986665,24.545037175471254,0.002112221525063804,0.038058895984755106,0.04017111750981891,0.07823001349457402,0.01352,8.2e-05,0.0064614092,0.0066026208,0.021855,0.04008892572899699,0.0781478217137521,0.10000243510056572,convergence,False
501286__912361,501286,912361,2025-04-09,2025-04-10,1,23.505953298296003,24.07724807,0.0,0.0,0.0,-0.024304258774538238,-0.024304258774538238,-0.048608517549076476,0.01352,0.0,0.0,0.0,0.0,-0.024304258774538238,-0.048608517549076476,-0.048608517549076476,overnight_abort,True
501286__912361,501286,912361,2025-04-28,2025-04-30,1,25.085044502997505,26.3543183985025,0.0,0.0,0.0,-0.050598829727143774,-0.050598829727143774,-0.10119765945428755,0.01352,0.0,0.0,0.0,0.0,-0.050598829727143774,-0.10119765945428755,-0.10119765945428755,overnight_abort,True
501286__912361,501286,912361,2025-07-14,2025-07-15,1,26.167853968196503,24.800369416903003,0.0,0.0,0.0,0.052258184907157224,0.052258184907157224,0.10451636981431445,0.01352,0.0,0.0,0.0,0.0,0.052258184907157224,0.10451636981431445,0.10451636981431445,overnight_abort,True
501286__912361,501286,912361,2025-08-22,2025-08-25,1,26.0605657957015,27.3586887331965,0.0,0.0,0.0,-0.04981177107479062,-0.04981177107479062,-0.09962354214958125,0.01352,0.0,0.0,0.0,0.0,-0.04981177107479062,-0.09962354214958125,-0.09962354214958125,overnight_abort,True
501286__912361,501286,912361,2025-09-24,2025-10-07,11,27.060166520597004,26.331367215597,26.718505908923635,26.321026980095112,-0.014876540259527391,0.026932550634722545,0.012056010375195153,0.0389885610099177,0.01352,0.000301,0.0066887391,0.0065830618,-0.015799,0.011754640512181455,0.038687191146904,0.022887905448946387,convergence,False
501286__912361,501286,912361,2025-12-01,2025-12-02,1,26.869670610398003,25.972303035597,0.0,0.0,0.0,0.03339704411760596,0.03339704411760596,0.06679408823521192,0.01352,0.0,0.0,0.0,0.0,0.03339704411760596,0.06679408823521192,0.06679408823521192,overnight_abort,True
501286__912361,501286,912361,2026-01-21,2026-01-23,1,30.589305732002504,32.557647816051,32.69020506988558,32.87168890603317,0.0055516273379017786,-0.06434739321295613,-0.05879576587505435,-0.12314315908801048,0.01352,2.7e-05,0.0063127324,0.0064219889,0.017307,-0.05882316313532832,-0.12317055634828444,-0.10586323313591448,convergence,False
501286__912361,501286,912361,2026-02-17,2026-02-27,9,39.9836730729975,38.798873465597,40.86424225811594,39.00911141612078,-0.04539741200331967,0.029632085207315285,-0.015765326796004384,0.013866758411310902,0.01352,0.000247,0.0064584877,0.0064079972,-0.007818,-0.016011902138470136,0.01362018306884515,0.0058024860559670426,convergence,False
501286__912361,501286,912361,2026-03-04,2026-03-05,1,36.795398642201505,35.716909910199,0.0,0.0,0.0,0.02931042390625335,0.02931042390625335,0.0586208478125067,0.01352,0.0,0.0,0.0,0.0,0.02931042390625335,0.0586208478125067,0.0586208478125067,overnight_abort,True
501286__912361,501286,912361,2026-03-23,2026-03-25,1,35.79279914220151,36.9267537244975,35.87123444367928,36.8623575813936,0.027630025927054956,-0.031681081375918504,-0.004051055448863548,-0.03573213682478205,0.01352,2.7e-05,0.0063013954,0.0062707715,-0.00486,-0.004078452709137521,-0.03575953408505603,-0.040619394172553384,convergence,False
512956__912534,512956,912534,2024-04-26,2024-04-30,1,28.005142344081,27.874887123811,0.0,0.0,0.0,0.004651117950754902,0.004651117950754902,0.009302235901509803,0.0066099999999999996,0.0,0.0,0.0,0.0,0.004651117950754902,0.009302235901509803,0.009302235901509803,overnight_abort,True
512956__912534,512956,912534,2024-08-05,2024-08-06,1,27.201069031311,27.076477500135,0.0,0.0,0.0,0.0045803909777437386,0.0045803909777437386,0.009160781955487477,0.0066099999999999996,0.0,0.0,0.0,0.0,0.0045803909777437386,0.009160781955487477,0.009160781955487477,overnight_abort,True
512956__912534,512956,912534,2025-03-14,2025-03-21,4,33.596153688026995,33.833109311838,33.882151707413584,33.983402507572634,0.002988322614023838,-0.007053058097405142,-0.004064735483381304,-0.011117793580786446,0.0066099999999999996,0.00011,0.0067017391,0.0066972503,-0.00067,-0.004174324524477194,-0.011227382621882337,-0.011897178914012044,convergence,False
512956__912534,512956,912534,2025-03-25,2025-03-27,1,35.059041281838,33.853074841973,34.167824127204106,34.061352271302546,-0.0031161438757461987,0.034398157957894325,0.031282014082148125,0.06568017204004245,0.0066099999999999996,2.7e-05,0.0066398858,0.0066201053,-0.002979,0.03125461682187415,0.06565277477976848,0.0626737325799764,convergence,False
512956__912534,512956,912534,2025-04-07,2025-04-08,1,32.874732126054,32.136466405919,0.0,0.0,0.0,0.02245693492814514,0.02245693492814514,0.04491386985629028,0.0066099999999999996,0.0,0.0,0.0,0.0,0.02245693492814514,0.04491386985629028,0.04491386985629028,overnight_abort,True
512956__912534,512956,912534,2025-04-09,2025-04-10,1,35.079069720135,33.932918,0.0,0.0,0.0,0.03267337843560667,0.03267337843560667,0.06534675687121334,0.0066099999999999996,0.0,0.0,0.0,0.0,0.03267337843560667,0.06534675687121334,0.06534675687121334,overnight_abort,True
512956__912534,512956,912534,2025-09-29,2025-09-30,1,36.662189064081,35.689440529865,0.0,0.0,0.0,0.026532745562894523,0.026532745562894523,0.053065491125789045,0.0066099999999999996,0.0,0.0,0.0,0.0,0.026532745562894523,0.053065491125789045,0.053065491125789045,overnight_abort,True
512956__912534,512956,912534,2025-11-05,2025-11-06,1,34.888707875784,34.411966967892,0.0,0.0,0.0,0.013664619211160396,0.013664619211160396,0.02732923842232079,0.0066099999999999996,0.0,0.0,0.0,0.0,0.013664619211160396,0.02732923842232079,0.02732923842232079,overnight_abort,True
512956__912534,512956,912534,2026-02-04,2026-02-12,7,34.878678126054,37.126601405919004,34.86553357293966,37.33277188380595,0.07076439274060599,-0.06444978424184693,0.006314608498759061,-0.058135175743087866,0.0066099999999999996,0.000192,0.0063678044,0.0065468591,0.028119,0.006122827676841253,-0.05832695656500567,-0.03020820656068702,convergence,False
512956__912534,512956,912534,2026-03-04,2026-03-05,1,35.018953344081005,33.314146250134996,0.0,0.0,0.0,0.04868241141290877,0.04868241141290877,0.09736482282581754,0.0066099999999999996,0.0,0.0,0.0,0.0,0.04868241141290877,0.09736482282581754,0.09736482282581754,overnight_abort,True
133142__912732,133142,912732,2024-06-28,2024-07-17,16,39.611233897909,7.4159330699999995,15.646190512906854,14.77495845855232,-0.05568333414039907,0.8127820736634142,0.7570987395230151,1.5698808131864292,0.054363,0.000438,0.0061932927,0.0064030731,0.033872,0.7566603833586315,1.5694424570220458,1.6033146491114008,convergence,False
133142__912732,133142,912732,2024-12-30,2025-01-07,1,8.4365725532909,8.2126053184182,16.67819781161679,16.806592980172958,0.007698383842571827,0.026547182929794754,0.03424556677236658,0.060792749702161336,0.054363,2.7e-05,0.0063441713,0.0063273118,-0.002657,0.034218169512092604,0.06076535244188736,0.0581078737574767,convergence,False
133142__912732,133142,912732,2025-02-14,2025-02-19,1,8.8690739430409,8.5470100015818,17.959912779805993,17.391872018464248,-0.03162825834992063,0.03631314199514681,0.004684883645226186,0.040998025640373,0.054363,2.7e-05,0.0065763514,0.006601749,0.003862,0.004657486384952213,0.040970628380099024,0.04483258745971865,convergence,False
133142__912732,133142,912732,2025-04-09,2025-04-10,1,7.348965628418201,6.717615765,0.0,0.0,0.0,0.08591003079083573,0.08591003079083573,0.17182006158167146,0.054363,0.0,0.0,0.0,0.0,0.08591003079083573,0.17182006158167146,0.17182006158167146,overnight_abort,True
133142__912732,133142,912732,2025-08-14,2025-08-15,1,10.388166006454501,10.759987769999999,0.0,0.0,0.0,-0.035792820726437455,-0.035792820726437455,-0.07158564145287491,0.054363,0.0,0.0,0.0,0.0,-0.035792820726437455,-0.07158564145287491,-0.07158564145287491,overnight_abort,True
133142__912732,133142,912732,2025-10-07,2025-10-10,2,12.78699761,12.7172442985455,25.108474895806246,26.56165927239304,0.05787625025482981,0.005455018729334064,0.06333126898416387,0.06878628771349793,0.054363,5.5e-05,0.0065494318,0.0066148499,0.009988,0.06327647446361592,0.06873149319294998,0.07871985584755459,convergence,False
133142__912732,133142,912732,2025-10-16,2025-10-29,12,13.45785758,12.840187486045501,25.72527838361496,25.993272651477852,0.010417545881003352,0.045896613950829133,0.05631415983183249,0.10221077378266162,0.054363,0.000329,0.0066385634,0.0065475021,-0.013717,0.055985392708544815,0.10188200665937396,0.08816498770313405,convergence,False
133142__912732,133142,912732,2025-11-05,2025-11-06,1,13.84411029,13.9073343535455,0.0,0.0,0.0,-0.004566856390270745,-0.004566856390270745,-0.00913371278054149,0.054363,0.0,0.0,0.0,0.0,-0.004566856390270745,-0.00913371278054149,-0.00913371278054149,overnight_abort,True
133142__912732,133142,912732,2026-01-09,2026-01-14,1,14.771116794000001,14.2319043685455,29.16554097870212,29.07569826284605,-0.003080440576146881,0.0365045130286647,0.033424072452517814,0.06992858548118251,0.054363,2.7e-05,0.0062839727,0.0063111392,0.004323,0.03339667519224384,0.06990118822090854,0.07422432921736768,convergence,False
133142__912732,133142,912732,2026-02-06,2026-02-12,3,16.669847701273,17.044845482091,33.689819335812615,35.13572286270608,0.04291811459364097,-0.02249557329725108,0.02042254129638989,-0.0020730320008611886,0.054363,8.2e-05,0.0064149854,0.0065468591,0.020557,0.020340349515567974,-0.002155223781683106,0.01840190796175002,convergence,False
133142__912732,133142,912732,2026-02-13,2026-02-19,2,19.363462290818003,17.448103071273,36.54151657327901,35.256413221081466,-0.03516830916473995,0.09891615408331447,0.06374784491857452,0.162663999001889,0.054363,5.5e-05,0.0065235828,0.0064516129,-0.011032,0.06369305039802657,0.16260920448134106,0.15157693859211213,convergence,False
133142__912732,133142,912732,2026-03-04,2026-03-05,1,16.9747871006365,16.100635900818,0.0,0.0,0.0,0.05149703466888988,0.05149703466888988,0.10299406933777976,0.054363,0.0,0.0,0.0,0.0,0.05149703466888988,0.10299406933777976,0.10299406933777976,overnight_abort,True
951089__922894,951089,922894,2024-04-26,2024-04-30,1,27.252181497549003,28.809122445000003,0.0,0.0,0.0,-0.05713087400328036,-0.05713087400328036,-0.11426174800656072,0.014451,0.0,0.0,0.0,0.0,-0.05713087400328036,-0.11426174800656072,-0.11426174800656072,overnight_abort,True
951089__922894,951089,922894,2024-06-18,2024-06-21,1,29.003163687702003,27.173713625,27.85454736046178,27.21233531064485,-0.023055914049011608,0.06307760361597137,0.040021689566959756,0.10309929318293112,0.014451,2.7e-05,0.0062926722,0.0062576265,-0.005569,0.03999429230668578,0.10307189592265716,0.0975026085219882,convergence,False
951089__922894,951089,922894,2024-07-01,2024-07-05,3,27.937995072799502,27.8418369627995,27.987813176359072,27.98396788977144,-0.00013739146261279836,0.0034418400371764987,0.0033044485745637,0.006746288611740199,0.014451,8.2e-05,0.0061934841,0.00622142,0.004511,0.0032222567937417825,0.006664096830918281,0.011174627502983866,convergence,False
951089__922894,951089,922894,2024-07-30,2024-07-31,1,31.387628361198004,32.40901625,0.0,0.0,0.0,-0.03254109794624228,-0.03254109794624228,-0.06508219589248455,0.014451,0.0,0.0,0.0,0.0,-0.03254109794624228,-0.06508219589248455,-0.06508219589248455,overnight_abort,True
951089__922894,951089,922894,2024-08-05,2024-08-06,1,28.146983502597003,28.6640367526535,0.0,0.0,0.0,-0.01836975710057145,-0.01836975710057145,-0.0367395142011429,0.014451,0.0,0.0,0.0,0.0,-0.01836975710057145,-0.0367395142011429,-0.0367395142011429,overnight_abort,True
951089__922894,951089,922894,2025-01-30,2025-01-31,1,30.765881640403503,29.586937837799503,0.0,0.0,0.0,0.038319844572753725,0.038319844572753725,0.07663968914550745,0.014451,0.0,0.0,0.0,0.0,0.038319844572753725,0.07663968914550745,0.07663968914550745,overnight_abort,True
951089__922894,951089,922894,2025-03-17,2025-03-27,9,36.4818508239975,33.9247659960025,36.773549253262644,34.588543138768664,-0.05941787395732874,0.07009197094553565,0.010674096988206913,0.08076606793374257,0.014451,0.000247,0.0066992693,0.0066201053,-0.011817,0.01042752164574116,0.08051949259127682,0.06870268146532305,convergence,False
951089__922894,951089,922894,2025-04-07,2025-04-08,1,26.416244825950503,25.641014462099,0.0,0.0,0.0,0.02934672846043356,0.02934672846043356,0.05869345692086712,0.014451,0.0,0.0,0.0,0.0,0.02934672846043356,0.05869345692086712,0.05869345692086712,overnight_abort,True
951089__922894,951089,922894,2025-04-09,2025-04-10,1,28.251369916549503,27.472877763802003,0.0,0.0,0.0,0.02755590808683098,0.02755590808683098,0.05511181617366196,0.014451,0.0,0.0,0.0,0.0,0.02755590808683098,0.05511181617366196,0.05511181617366196,overnight_abort,True
951089__922894,951089,922894,2025-07-18,2025-07-24,2,30.775919663398504,32.209580138802,30.13825962595448,32.15417534462042,0.06688892270772906,-0.046583838633700934,0.020305084074028125,-0.02627875455967281,0.014451,5.5e-05,0.0068194217,0.0068022583,-0.002517,0.02025028955348018,-0.026333549080220755,-0.028850390061032936,convergence,False
951089__922894,951089,922894,2025-07-30,2025-07-31,1,32.420509840599,30.8998560049015,0.0,0.0,0.0,0.04690406915788978,0.04690406915788978,0.09380813831577955,0.014451,0.0,0.0,0.0,0.0,0.04690406915788978,0.09380813831577955,0.09380813831577955,overnight_abort,True
951089__922894,951089,922894,2025-09-18,2025-09-19,1,35.0979825,33.4959618033985,0.0,0.0,0.0,0.04564423885622199,0.04564423885622199,0.09128847771244399,0.014451,0.0,0.0,0.0,0.0,0.04564423885622199,0.09128847771244399,0.09128847771244399,overnight_abort,True
951089__922894,951089,922894,2025-10-31,2025-11-06,2,32.3252428852995,28.5139461109975,29.68015736468553,28.69677739087744,-0.03313257277328827,0.11790466007713303,0.08477208730384475,0.2026767473809778,0.014451,5.5e-05,0.0065072389,0.0065331718,0.003985,0.0847172927832968,0.20262195286042986,0.20660719151518403,convergence,False
951089__922894,951089,922894,2025-12-05,2025-12-08,1,30.0438800395965,29.387500729401,0.0,0.0,0.0,0.021847354913227646,0.021847354913227646,0.04369470982645529,0.014451,0.0,0.0,0.0,0.0,0.021847354913227646,0.04369470982645529,0.04369470982645529,overnight_abort,True
951089__922894,951089,922894,2026-01-29,2026-02-03,4,32.741397658203,35.5452168085025,34.72578618908109,35.60415499155612,0.02529442523467526,-0.08563529204126805,-0.060340866806592786,-0.14597615884786083,0.014451,0.00011,0.0064609918,0.0064205457,-0.00626,-0.060450455847688676,-0.14608574788895673,-0.15234579297986678,convergence,False
951089__922894,951089,922894,2026-02-06,2026-02-12,3,38.868503606002506,39.5988388354035,38.389646871016424,39.79819177611248,0.03669074919674468,-0.01878989828896336,0.01790085090778132,-0.0008890473811820412,0.014451,8.2e-05,0.0064149854,0.0065468591,0.020557,0.017818659126959402,-0.000971239162003959,0.019585892581429166,convergence,False
951089__922894,951089,922894,2026-04-28,2026-04-30,1,35.5592772895965,37.5246598010025,0.0,0.0,0.0,-0.05527059775146234,-0.05527059775146234,-0.11054119550292468,0.014451,0.0,0.0,0.0,0.0,-0.05527059775146234,-0.11054119550292468,-0.11054119550292468,overnight_abort,True
511280__929864,511280,929864,2024-04-26,2024-04-30,1,13.684118175000002,13.865256950000001,0.0,0.0,0.0,-0.01323715366116378,-0.01323715366116378,-0.02647430732232756,0.011938,0.0,0.0,0.0,0.0,-0.01323715366116378,-0.02647430732232756,-0.02647430732232756,overnight_abort,True
511280__929864,511280,929864,2024-05-28,2024-05-29,1,13.563818235000001,12.877731455000001,0.0,0.0,0.0,0.05058212725304927,0.05058212725304927,0.10116425450609853,0.011938,0.0,0.0,0.0,0.0,0.05058212725304927,0.10116425450609853,0.10116425450609853,overnight_abort,True
511280__929864,511280,929864,2024-07-08,2024-07-09,1,12.9121945624995,12.832843932500001,0.0,0.0,0.0,0.006145402287381507,0.006145402287381507,0.012290804574763014,0.011938,0.0,0.0,0.0,0.0,0.006145402287381507,0.012290804574763014,0.012290804574763014,overnight_abort,True
511280__929864,511280,929864,2024-08-05,2024-08-06,1,13.363318335,13.0572825425005,0.0,0.0,0.0,0.022901182537720357,0.022901182537720357,0.045802365075440714,0.011938,0.0,0.0,0.0,0.0,0.022901182537720357,0.045802365075440714,0.045802365075440714,overnight_abort,True
511280__929864,511280,929864,2025-02-13,2025-02-19,5,13.603918215000002,13.256781644999998,6.843708333934347,6.664369206858479,-0.02620496349714676,0.025517396129097758,-0.000687567368049001,0.024829828761048757,0.011938,0.000137,0.0065640483,0.006601749,0.005744,-0.0008245536694188641,0.024692842459678895,0.03043635595576327,convergence,False
511280__929864,511280,929864,2025-04-07,2025-04-08,1,12.54377499375,12.6145918206005,0.0,0.0,0.0,-0.005645575346001078,-0.005645575346001078,-0.011291150692002157,0.011938,0.0,0.0,0.0,0.0,-0.005645575346001078,-0.011291150692002157,-0.011291150692002157,overnight_abort,True
511280__929864,511280,929864,2025-04-09,2025-04-10,1,13.07259348,13.1071575675005,0.0,0.0,0.0,-0.002644011500348488,-0.002644011500348488,-0.005288023000696976,0.011938,0.0,0.0,0.0,0.0,-0.002644011500348488,-0.005288023000696976,-0.005288023000696976,overnight_abort,True
511280__929864,511280,929864,2025-04-24,2025-04-30,5,13.964819037499502,13.8153829225005,6.862516921166138,6.9233012296774925,0.00885743659500153,0.0107008987798355,0.019558335374837033,0.03025923415467253,0.011938,0.000137,0.0069591839,0.0069893413,0.004333,0.01942134907346717,0.03012224785330267,0.034455715747433245,convergence,False
511280__929864,511280,929864,2025-05-02,2025-05-09,2,14.305668867499502,13.755531894999999,6.99097120041211,6.900164293356966,-0.012989169094244234,0.03845587211579728,0.025466703021553044,0.06392257513735032,0.011938,5.5e-05,0.0069528941,0.0068794712,-0.01056,0.0254119085010051,0.06386778061680237,0.05330773196022928,convergence,False
511280__929864,511280,929864,2025-05-27,2025-05-28,1,14.335743852499501,13.84281318875,0.0,0.0,0.0,0.034384728746639566,0.034384728746639566,0.06876945749327913,0.011938,0.0,0.0,0.0,0.0,0.034384728746639566,0.06876945749327913,0.06876945749327913,overnight_abort,True
511280__929864,511280,929864,2025-08-29,2025-09-05,3,17.037673487403005,16.3789572124995,8.35801717579886,8.247801711963184,-0.013186795566155488,0.03866233704915954,0.025475541483004054,0.0641378785321636,0.011938,8.2e-05,0.0067414968,0.0067840304,0.006309,0.025393349702182138,0.06405568675134168,0.07036490876269089,convergence,False
511280__929864,511280,929864,2025-09-09,2025-09-12,2,16.631463697501502,16.1694900875035,8.182769254225871,8.08791095202955,-0.01159244495955125,0.027777086755593372,0.01618464179604212,0.04396172855163549,0.011938,5.5e-05,0.0067812701,0.0067718562,-0.001388,0.016129847275494175,0.04390693403108755,0.04251871326105798,convergence,False
511280__929864,511280,929864,2025-09-19,2025-09-24,2,16.7116656625005,15.9799629975025,8.127885043989055,8.000753571265703,-0.015641396505401108,0.0437839458839747,0.02814254937857359,0.07192649526254828,0.011938,5.5e-05,0.0067695636,0.0067156912,-0.007958,0.028087754858025643,0.07187170074200033,0.06391366929666462,convergence,False
511280__929864,511280,929864,2025-11-05,2025-11-06,1,16.4610407875005,16.269231159999002,0.0,0.0,0.0,0.011652338997127526,0.011652338997127526,0.023304677994255053,0.011938,0.0,0.0,0.0,0.0,0.011652338997127526,0.023304677994255053,0.023304677994255053,overnight_abort,True
511280__929864,511280,929864,2025-11-25,2025-11-28,2,17.0122190225985,16.5794588030015,8.339801093718757,8.320638359794934,-0.002297744719386104,0.025438199391986136,0.023140454672600032,0.04857865406458617,0.011938,5.5e-05,0.006390593,0.0064030731,0.001953,0.023085660152052087,0.04852385954403823,0.05047674560641148,convergence,False
511280__929864,511280,929864,2026-01-30,2026-02-03,1,20.2304328925035,19.366466222497,9.430498338762662,9.731768086991346,0.03194632323833401,0.042706286840092735,0.07465261007842675,0.11735889691851947,0.011938,2.7e-05,0.0064259093,0.0064205457,-0.000835,0.07462521281815278,0.1173314996582455,0.11649681623064098,convergence,False
511280__929864,511280,929864,2026-03-04,2026-03-05,1,22.235431892503502,21.665712855001,0.0,0.0,0.0,0.025622125994979116,0.025622125994979116,0.05124425198995823,0.011938,0.0,0.0,0.0,0.0,0.025622125994979116,0.05124425198995823,0.05124425198995823,overnight_abort,True
511280__929864,511280,929864,2026-03-23,2026-03-26,2,19.1577664474995,19.271717640004002,9.674584879750658,9.727114806058102,0.005429682716143439,-0.0059480416371489086,-0.0005183589210054698,-0.006466400558154378,0.011938,5.5e-05,0.0063013954,0.0062570388,-0.007039,-0.000573153441553415,-0.006521195078702324,-0.013560366116913946,convergence,False
997662__930971,997662,930971,2024-06-14,2024-06-26,9,17.201896831755,15.505525816085001,16.21185328718755,15.741282735692101,-0.029026326796785712,0.09861534645054197,0.06958901965375626,0.16820436610429823,0.024182,0.000247,0.006339948,0.006218325,-0.019184,0.06934244431129051,0.16795779076183248,0.14877419493423272,convergence,False
997662__930971,997662,930971,2024-07-03,2024-07-09,4,15.606906135,14.876186841085001,14.966347793348161,15.085980482177671,0.00799344572780015,0.04682025300814035,0.0548136987359405,0.10163395174408085,0.024182,0.00011,0.00622142,0.0061986673,-0.003657,0.054704109694844606,0.10152436270298497,0.09786720726258714,convergence,False
997662__930971,997662,930971,2024-08-05,2024-08-06,1,13.842314808915,13.6967947,0.0,0.0,0.0,0.010512700435138215,0.010512700435138215,0.02102540087027643,0.024182,0.0,0.0,0.0,0.0,0.010512700435138215,0.02102540087027643,0.02102540087027643,overnight_abort,True
997662__930971,997662,930971,2024-08-15,2024-08-20,4,16.596648723255,16.134862808915,16.26762599104818,16.4324456682117,0.010131759683571249,0.02782404580829343,0.03795580549186468,0.06577985130015811,0.024182,0.00011,0.0067750673,0.0068844441,0.016144,0.03784621645076879,0.06567026225906222,0.08181427901296219,convergence,False
997662__930971,997662,930971,2024-09-09,2024-09-10,1,16.778261494575002,15.85736,0.0,0.0,0.0,0.05488658612650433,0.05488658612650433,0.10977317225300866,0.024182,0.0,0.0,0.0,0.0,0.05488658612650433,0.10977317225300866,0.10977317225300866,overnight_abort,True
997662__930971,997662,930971,2024-11-01,2024-11-07,2,16.072016958915,16.635365689340002,17.06365202711414,16.83533556177087,-0.013380281371213965,-0.035051526629488614,-0.04843180800070258,-0.0834833346301912,0.024182,5.5e-05,0.006595436,0.0065385114,-0.008631,-0.04848660252125052,-0.08353812915073915,-0.09216903694819181,convergence,False
997662__930971,997662,930971,2025-01-24,2025-01-27,1,20.672674403490003,18.037744026745,0.0,0.0,0.0,0.12745957902283653,0.12745957902283653,0.25491915804567306,0.024182,0.0,0.0,0.0,0.0,0.12745957902283653,0.25491915804567306,0.25491915804567306,overnight_abort,True
997662__930971,997662,930971,2025-03-11,2025-03-13,1,17.683754635755,17.44804746066,17.870477426520036,17.627504845873027,-0.01359631166240891,0.013329023159958465,-0.00026728850245044504,0.01306173465750802,0.024182,2.7e-05,0.0067451346,0.006764984,0.002943,-0.00029468576272441763,0.013034337397234048,0.015977110399866178,convergence,False
997662__930971,997662,930971,2025-04-09,2025-04-10,1,14.245879799999999,13.6175079,0.0,0.0,0.0,0.044109027229051835,0.044109027229051835,0.08821805445810367,0.024182,0.0,0.0,0.0,0.0,0.044109027229051835,0.08821805445810367,0.08821805445810367,overnight_abort,True
997662__930971,997662,930971,2025-08-12,2025-08-13,1,27.432401876745,26.87822123566,0.0,0.0,0.0,0.020201681339277508,0.020201681339277508,0.040403362678555016,0.024182,0.0,0.0,0.0,0.0,0.020201681339277508,0.040403362678555016,0.040403362678555016,overnight_abort,True
997662__930971,997662,930971,2025-11-05,2025-11-06,1,39.277053887595,39.583937873254996,0.0,0.0,0.0,-0.007813314780132167,-0.007813314780132167,-0.015626629560264334,0.024182,0.0,0.0,0.0,0.0,-0.007813314780132167,-0.015626629560264334,-0.015626629560264334,overnight_abort,True
997662__930971,997662,930971,2025-12-19,2025-12-22,1,41.204085573255,42.547272112405004,0.0,0.0,0.0,-0.03259838242889797,-0.03259838242889797,-0.06519676485779594,0.024182,0.0,0.0,0.0,0.0,-0.03259838242889797,-0.06519676485779594,-0.06519676485779594,overnight_abort,True
997662__930971,997662,930971,2026-01-09,2026-01-14,1,41.59756141434,40.19840561783,40.84316633987561,40.76000464689529,-0.0020361225740504678,0.03363552451004179,0.03159940193599132,0.06523492644603311,0.024182,2.7e-05,0.0062839727,0.0063111392,0.004323,0.031572004675717344,0.06520752918575914,0.06953067018221828,convergence,False
997662__930971,997662,930971,2026-02-02,2026-02-03,1,45.239745573255,47.39369262868,0.0,0.0,0.0,-0.047611829556759896,-0.047611829556759896,-0.09522365911351979,0.024182,0.0,0.0,0.0,0.0,-0.047611829556759896,-0.09522365911351979,-0.09522365911351979,overnight_abort,True
997662__930971,997662,930971,2026-02-06,2026-02-10,1,50.455834105425005,55.81791512868,53.84465204650556,56.35443765859991,0.04661160424858268,-0.10627276544573988,-0.0596611611971572,-0.16593392664289708,0.024182,2.7e-05,0.0064149854,0.0064773132,0.009716,-0.05968855845743117,-0.16596132390317106,-0.1562453547912226,convergence,False
997662__930971,997662,930971,2026-02-24,2026-02-26,1,70.37182125,64.17275375,68.74759911635277,65.38016180079003,-0.04898261697639034,0.08809019561931543,0.039107578642925085,0.12719777426224052,0.024182,2.7e-05,0.0063957021,0.0064051241,0.001473,0.03908018138265111,0.12717037700196654,0.12864355380924783,convergence,False
997662__930971,997662,930971,2026-03-04,2026-03-05,1,67.08276440348999,61.050842937595,0.0,0.0,0.0,0.08991760431359291,0.08991760431359291,0.17983520862718583,0.024182,0.0,0.0,0.0,0.0,0.08991760431359291,0.17983520862718583,0.17983520862718583,overnight_abort,True
997662__930971,997662,930971,2026-03-09,2026-03-11,1,61.422750244575,65.94678995349,63.03410482670928,67.19703815132127,0.06604255483688626,-0.0736541377730733,-0.007611582936187036,-0.08126572070926033,0.024182,2.7e-05,0.0063271113,0.0062912866,-0.005662,-0.007638980196461009,-0.0812931179695343,-0.08695521213879603,convergence,False
997662__930971,997662,930971,2026-03-23,2026-03-25,1,61.44291744651,63.5681919,60.066024819272386,63.82123495840037,0.06251803994731994,-0.03458941309777792,0.027928626849542025,-0.006660786248235892,0.024182,2.7e-05,0.0063013954,0.0062707715,-0.00486,0.027901229589268054,-0.006688183508509865,-0.011548043596007224,convergence,False
677521__675585,677521,675585,2024-04-22,2024-04-24,1,52.037130517744,51.284035613536,51.0092020670159,51.4263828089376,0.008178538871743425,0.01447226041703438,0.022650799288777806,0.037123059705812186,0.007304000000000001,2.7e-05,0.0064584877,0.0064372843,-0.003283,0.022623402028503835,0.03709566244553821,0.033812633819502405,convergence,False
677521__675585,677521,675585,2024-04-30,2024-05-01,1,50.613928,49.877228546463996,0.0,0.0,0.0,0.014555271298761972,0.014555271298761972,0.029110542597523943,0.007304000000000001,0.0,0.0,0.0,0.0,0.014555271298761972,0.029110542597523943,0.029110542597523943,overnight_abort,True
677521__675585,677521,675585,2024-05-09,2024-05-10,1,50.273164969024,47.642275999999995,0.0,0.0,0.0,0.05233187468195087,0.05233187468195087,0.10466374936390174,0.007304000000000001,0.0,0.0,0.0,0.0,0.05233187468195087,0.10466374936390174,0.10466374936390174,overnight_abort,True
677521__675585,677521,675585,2024-07-22,2024-07-23,1,47.757492386464,46.654504451280005,0.0,0.0,0.0,0.023095599874850603,0.023095599874850603,0.046191199749701206,0.007304000000000001,0.0,0.0,0.0,0.0,0.023095599874850603,0.046191199749701206,0.046191199749701206,overnight_abort,True
677521__675585,677521,675585,2024-08-05,2024-08-06,1,45.141604226464004,45.048135613536,0.0,0.0,0.0,0.002070564715846125,0.002070564715846125,0.00414112943169225,0.007304000000000001,0.0,0.0,0.0,0.0,0.002070564715846125,0.00414112943169225,0.00414112943169225,overnight_abort,True
677521__675585,677521,675585,2024-08-07,2024-08-13,5,47.436778484512004,55.919566210464,45.83909681412079,56.00506258798771,0.22177500169975592,-0.17882301448277318,0.042951987216982734,-0.13587102726579045,0.007304000000000001,0.000137,0.0067895572,0.0068103649,0.003065,0.04281500091561287,-0.1360080135671603,-0.13294335126488233,convergence,False
677521__675585,677521,675585,2024-12-19,2024-12-23,3,55.194245938048006,53.369332546464,53.66942191907752,53.854795910501664,0.0034539964246987596,0.03306347175450776,0.03651746817920652,0.06958093993371428,0.007304000000000001,8.2e-05,0.0063932487,0.0063619302,-0.004899,0.036435276398384606,0.06949874815289236,0.06460006495290993,convergence,False
677521__675585,677521,675585,2025-01-08,2025-01-10,1,53.119568,51.613293129024,0.0,0.0,0.0,0.028356308751908525,0.028356308751908525,0.05671261750381705,0.007304000000000001,0.0,0.0,0.0,0.0,0.028356308751908525,0.05671261750381705,0.05671261750381705,overnight_abort,True
677521__675585,677521,675585,2025-04-09,2025-04-10,1,66.439544226464,67.392617482256,0.0,0.0,0.0,-0.014344969805081547,-0.014344969805081547,-0.028689939610163095,0.007304000000000001,0.0,0.0,0.0,0.0,-0.014344969805081547,-0.028689939610163095,-0.028689939610163095,overnight_abort,True
677521__675585,677521,675585,2025-04-21,2025-04-25,3,70.578866517744,67.030932289024,67.83239692623253,68.10479501690088,0.004015752103888919,0.05026907350273237,0.05428482560662129,0.10455389910935366,0.007304000000000001,8.2e-05,0.0070626457,0.0069591839,-0.014649,0.05420263382579937,0.10447170732853174,0.08982255113484072,convergence,False
677521__675585,677521,675585,2025-11-12,2025-11-17,4,51.866748,50.176539773536,50.197753234505676,50.36113204787988,0.0032547037037883963,0.032587511105650994,0.03584221480943939,0.06842972591509039,0.007304000000000001,0.00011,0.0064697696,0.006440809,-0.004476,0.0357326257683435,0.0683201368739945,0.06384384145846675,convergence,False
677521__675585,677521,675585,2026-02-18,2026-02-19,1,39.679312033232,37.200782272368,0.0,0.0,0.0,0.06246403059579749,0.06246403059579749,0.12492806119159498,0.007304000000000001,0.0,0.0,0.0,0.0,0.06246403059579749,0.12492806119159498,0.12492806119159498,overnight_abort,True
29666P__691924,29666P,691924,2024-05-14,2024-05-29,14,3.8264170083278506,3.2825986608607503,15.038458753143356,13.362393104320768,-0.11145195636968148,0.1421220808614244,0.030670124491742903,0.1727922053531673,0.024017999999999998,0.000384,0.0064566112,0.0063445734,-0.017352,0.030286562847907286,0.17240864370933168,0.15505622825027476,convergence,False
29666P__691924,29666P,691924,2024-06-06,2024-06-17,10,3.7196405168335507,3.6098666566886,14.923217687554859,15.09594940932654,0.011574696917792067,0.029511954084852965,0.04108665100264503,0.07059860508749799,0.024017999999999998,0.000274,0.0063810101,0.006339948,-0.006435,0.04081267839990531,0.07032463248475826,0.06388958546923948,convergence,False
29666P__691924,29666P,691924,2024-06-20,2024-06-26,5,3.7709613883443005,3.58011431748355,14.377141647681736,14.744403541838253,0.025544847728180838,0.05060965923720178,0.07615450696538262,0.1267641662025844,0.024017999999999998,0.000137,0.0062576265,0.006218325,-0.006281,0.07601752066401275,0.12662717990121455,0.12034660371150428,convergence,False
29666P__691924,29666P,691924,2024-08-05,2024-08-06,1,3.4684776366886005,3.5602803833443,0.0,0.0,0.0,-0.02646773491765819,-0.02646773491765819,-0.05293546983531638,0.024017999999999998,0.0,0.0,0.0,0.0,-0.02646773491765819,-0.05293546983531638,-0.05293546983531638,overnight_abort,True
29666P__691924,29666P,691924,2024-08-26,2024-10-21,55,4.4162600316557,4.6908422983114,17.467244949453438,19.431350127260103,0.11244504691440327,-0.062175294182747004,0.050269752731656264,-0.01190554145109074,0.024017999999999998,0.001507,0.0069456498,0.0066295412,-0.045512,0.048762903416587774,-0.013412390766159233,-0.05892412963902899,convergence,False
29666P__691924,29666P,691924,2024-10-22,2024-10-24,1,5.021226526688601,4.5647944956614,18.769024475974778,18.881415363392794,0.0059881048992120765,0.09090050580295342,0.09688861070216549,0.18778911650511892,0.024017999999999998,2.7e-05,0.0065462163,0.0065863132,0.006125,0.09686121344189152,0.18776171924484494,0.193886921676668,convergence,False
29666P__691924,29666P,691924,2024-12-24,2024-12-26,1,4.789322875000001,4.710677125,0.0,0.0,0.0,0.016421058269119226,0.016421058269119226,0.03284211653823845,0.024017999999999998,0.0,0.0,0.0,0.0,0.016421058269119226,0.03284211653823845,0.03284211653823845,overnight_abort,True
29666P__691924,29666P,691924,2025-03-19,2025-03-21,1,5.091806626655701,4.87926987917215,0.0,0.0,0.0,0.041740930688710154,0.041740930688710154,0.08348186137742031,0.024017999999999998,0.0,0.0,0.0,0.0,0.041740930688710154,0.08348186137742031,0.08348186137742031,overnight_abort,True
29666P__691924,29666P,691924,2025-04-07,2025-04-08,1,4.698577709172151,4.343740368344299,0.0,0.0,0.0,0.07552016009763313,0.07552016009763313,0.15104032019526625,0.024017999999999998,0.0,0.0,0.0,0.0,0.07552016009763313,0.15104032019526625,0.15104032019526625,overnight_abort,True
29666P__691924,29666P,691924,2025-04-09,2025-04-10,1,4.8901511283114,4.72059463751645,0.0,0.0,0.0,0.03467305740579421,0.03467305740579421,0.06934611481158842,0.024017999999999998,0.0,0.0,0.0,0.0,0.03467305740579421,0.06934611481158842,0.06934611481158842,overnight_abort,True
29666P__691924,29666P,691924,2025-06-05,2025-06-10,4,5.347909164000001,4.86935246582785,19.985232500247918,20.289220488110384,0.01521063054226143,0.08948482173063148,0.10469545227289291,0.1941802740035244,0.024017999999999998,0.00011,0.0069027404,0.0069034552,0.000104,0.10458586323179703,0.1940706849624285,0.1941742380382475,convergence,False
29666P__691924,29666P,691924,2025-07-03,2025-07-14,7,5.9286777816557,5.0875314933443,22.769414444566877,20.604565076157904,-0.09507707691295234,0.14187755167164662,0.04680047475869428,0.1886780264303409,0.024017999999999998,0.000192,0.0068472046,0.0067697932,-0.011306,0.046608693936776475,0.1884862456084231,0.17718069764801886,convergence,False
29666P__691924,29666P,691924,2025-09-09,2025-09-11,1,5.948842847516451,5.2660416608607505,21.62446535449928,21.285060884375902,-0.015695392443668382,0.11477882407681338,0.099083431633145,0.21386225570995837,0.024017999999999998,2.7e-05,0.0067812701,0.0067932471,0.001766,0.09905603437287103,0.2138348584496844,0.21560104676299163,convergence,False
29666P__691924,29666P,691924,2025-09-18,2025-09-24,5,5.656442082516451,5.17678652751645,20.594909543542293,21.503711541126577,0.04412750615208439,0.08479810241186285,0.12892560856394725,0.21372371097581008,0.024017999999999998,0.000137,0.006758355,0.0067156912,-0.006313,0.1287886222625774,0.21358672467444023,0.2072739754921319,convergence,False
29666P__691924,29666P,691924,2026-04-27,2026-04-28,1,3.8818726283114002,3.59003173082785,0.0,0.0,0.0,0.07518044135582572,0.07518044135582572,0.15036088271165143,0.024017999999999998,0.0,0.0,0.0,0.0,0.07518044135582572,0.15036088271165143,0.15036088271165143,overnight_abort,True
759739__922362,759739,922362,2024-05-09,2024-05-13,3,7.683173325171751,7.117754424656499,3.549699407016512,3.5655680558014384,0.004470420439984209,0.07359184500794956,0.07806226544793377,0.15165411045588334,0.006742,8.2e-05,0.0064211637,0.0064016384,-0.003041,0.07798007366711185,0.15157191867506142,0.1485311458631177,convergence,False
759739__922362,759739,922362,2024-08-05,2024-08-06,1,5.66972094982825,5.5903823993129995,0.0,0.0,0.0,0.013993378372114337,0.013993378372114337,0.027986756744228673,0.006742,0.0,0.0,0.0,0.0,0.013993378372114337,0.027986756744228673,0.027986756744228673,overnight_abort,True
759739__922362,759739,922362,2024-08-15,2024-08-16,1,6.050373700000001,5.93978077517175,0.0,0.0,0.0,0.018278693236460895,0.018278693236460895,0.03655738647292179,0.006742,0.0,0.0,0.0,0.0,0.018278693236460895,0.03655738647292179,0.03655738647292179,overnight_abort,True
759739__922362,759739,922362,2024-12-17,2024-12-20,2,5.113767436813,5.670244999313,2.701873686376164,2.8275261162306258,0.046505664009404826,-0.10881948961816834,-0.062313825608763515,-0.17113331522693187,0.006742,5.5e-05,0.006459322,0.0063932487,-0.010229,-0.06236862012931146,-0.1711881097474798,-0.18141724834747533,convergence,False
759739__922362,759739,922362,2025-04-07,2025-04-08,1,4.367487999484751,4.3724775496565,0.0,0.0,0.0,-0.0011424301961076519,-0.0011424301961076519,-0.0022848603922153037,0.006742,0.0,0.0,0.0,0.0,-0.0011424301961076519,-0.0022848603922153037,-0.0022848603922153037,overnight_abort,True
759739__922362,759739,922362,2025-04-09,2025-04-10,1,4.57784867448475,4.422391874313,0.0,0.0,0.0,0.03395848382630239,0.03395848382630239,0.06791696765260478,0.006742,0.0,0.0,0.0,0.0,0.03395848382630239,0.06791696765260478,0.06791696765260478,overnight_abort,True
759739__922362,759739,922362,2025-05-12,2025-05-13,1,4.858330275687,4.681944525687,0.0,0.0,0.0,0.036305837600770684,0.036305837600770684,0.07261167520154137,0.006742,0.0,0.0,0.0,0.0,0.036305837600770684,0.07261167520154137,0.07261167520154137,overnight_abort,True
759739__922362,759739,922362,2025-10-14,2025-10-16,1,4.688038300687,4.70191067482825,2.2997250123120865,2.3427262869166077,0.01869844193297214,-0.002959100001213032,0.015739341931759108,0.012780241930546075,0.006742,2.7e-05,0.006620324,0.0066476102,0.004122,0.015711944671485137,0.012752844670272103,0.016874425426742584,convergence,False
759739__922362,759739,922362,2026-02-12,2026-02-13,1,5.489411499313,5.780055675,0.0,0.0,0.0,-0.05294632689193981,-0.05294632689193981,-0.10589265378387962,0.006742,0.0,0.0,0.0,0.0,-0.05294632689193981,-0.10589265378387962,-0.10589265378387962,overnight_abort,True
759739__922362,759739,922362,2026-03-04,2026-03-05,1,4.898398975687,4.66197937482825,0.0,0.0,0.0,0.048264668115481996,0.048264668115481996,0.09652933623096399,0.006742,0.0,0.0,0.0,0.0,0.048264668115481996,0.09652933623096399,0.09652933623096399,overnight_abort,True
759739__922362,759739,922362,2026-03-16,2026-03-18,1,4.54779745,4.4623230744847495,2.248924728488445,2.263022236141527,0.006268554689492667,0.01879467510481376,0.025063229794306426,0.043857904899120184,0.006742,2.7e-05,0.00628911,0.0062548866,-0.005442,0.025035832534032455,0.04383050763884621,0.03838881557112915,convergence,False
759739__922362,759739,922362,2026-04-17,2026-04-21,1,4.70807214982825,4.522219525343499,2.3928925271192596,2.3175117885418564,-0.03150193237811316,0.03947531358276457,0.007973381204651409,0.04744869478741598,0.006742,2.7e-05,0.0062966341,0.0062739193,-0.003607,0.007945983944377436,0.047421297527142005,0.043813846365258494,convergence,False
759739__922362,759739,922362,2026-04-27,2026-04-28,1,4.7581581250000005,4.49227125,0.0,0.0,0.0,0.0558802099499374,0.0558802099499374,0.1117604198998748,0.006742,0.0,0.0,0.0,0.0,0.0558802099499374,0.1117604198998748,0.1117604198998748,overnight_abort,True
134517__314713,134517,314713,2024-05-30,2024-06-07,7,7.154809579511099,7.2643104990222005,14.079216287120648,14.467461473099744,0.027575766865251906,-0.015304519050328664,0.012271247814923242,-0.0030332712354054214,0.012161,0.000192,0.0007230057,0.0007245983,0.002203,0.012079466993005434,-0.0032250520573232294,-0.0010223031716643624,convergence,False
134517__314713,134517,314713,2024-07-03,2024-07-15,10,7.1347123019556,7.065288498044399,14.180677684505122,14.144283811637056,-0.0025664410176837217,0.009730427937812078,0.007163986920128356,0.016894414857940434,0.012161,0.000274,0.0007259765,0.0007217715,-0.005792,0.00689001431738863,0.016620442255200707,0.010828243747397819,convergence,False
134517__314713,134517,314713,2024-07-17,2024-07-18,1,7.385934551955599,7.0752389114667,0.0,0.0,0.0,0.04206585345474463,0.04206585345474463,0.08413170690948926,0.012161,0.0,0.0,0.0,0.0,0.04206585345474463,0.08413170690948926,0.08413170690948926,overnight_abort,True
134517__314713,134517,314713,2024-08-08,2024-08-12,3,7.2653470680444,7.0951416290222,13.959866233768393,14.06700431000569,0.007674720834941344,0.023427021094535816,0.03110174192947716,0.05452876302401297,0.012161,8.2e-05,0.0007323137,0.0007297298,-0.003528,0.031019550148655244,0.05444657124319106,0.050918165315512805,convergence,False
134517__314713,134517,314713,2024-08-14,2024-08-16,1,7.345739092444499,7.184701718533299,0.0,0.0,0.0,0.021922555631854117,0.021922555631854117,0.043845111263708235,0.012161,0.0,0.0,0.0,0.0,0.021922555631854117,0.043845111263708235,0.043845111263708235,overnight_abort,True
134517__314713,134517,314713,2024-11-19,2024-11-27,7,8.7324850080444,8.6773682185333,16.948499454420524,17.453899360536163,0.02981974348082003,0.006311695864387536,0.036131439345207565,0.0424431352095951,0.012161,0.000192,0.0007142755,0.0007191243,0.006788,0.03593965852328976,0.04225135438767729,0.04903977146204154,convergence,False
134517__314713,134517,314713,2024-11-29,2024-12-02,1,9.044001,8.518150657555498,0.0,0.0,0.0,0.05814355200143182,0.05814355200143182,0.11628710400286364,0.012161,0.0,0.0,0.0,0.0,0.05814355200143182,0.11628710400286364,0.11628710400286364,overnight_abort,True
134517__314713,134517,314713,2024-12-06,2024-12-11,2,7.7275960080444,7.4732839085333,14.628705949886985,14.98417140677993,0.0242991730171247,0.03290960076670187,0.05720877378382658,0.09011837455052844,0.012161,5.5e-05,0.0006991051,0.0006993961,0.000416,0.057153979263278636,0.0900635800299805,0.09047982645701974,convergence,False
134517__314713,134517,314713,2025-04-22,2025-05-08,15,9.0741474690222,9.3440926880444,17.67526545556926,18.77005016611956,0.0619387987864899,-0.029748824332396236,0.03218997445409366,0.002441150121697426,0.012161,0.000411,0.0007005647,0.0007118349,0.016087,0.03177901554998407,0.002030191217587837,0.01811749907080972,convergence,False
134517__314713,134517,314713,2025-05-15,2025-05-16,1,10.0187436314667,9.9212569685333,0.0,0.0,0.0,0.009730427937812095,0.009730427937812095,0.01946085587562419,0.012161,0.0,0.0,0.0,0.0,0.009730427937812095,0.01946085587562419,0.01946085587562419,overnight_abort,True
134517__314713,134517,314713,2025-05-27,2025-06-04,7,11.435637824889,10.796955345111,22.06912016304315,21.74279901550195,-0.014786323384457033,0.055850184271133925,0.04106386088667689,0.09691404515781082,0.012161,0.000192,0.000727487,0.0007341901,0.009214,0.040872080064759085,0.09672226433589301,0.10593631214705676,convergence,False
134517__314713,134517,314713,2025-06-17,2025-06-24,6,10.641775514889,12.548349709999998,21.02594744194686,25.06097288999161,0.1919069501712372,-0.17915940741688208,0.012747542754355135,-0.16641186466252694,0.012161,0.000164,0.0007266756,0.0007358026,0.01256,0.012583159192711298,-0.16657624822417078,-0.15401631088762052,convergence,False
134517__314713,134517,314713,2025-07-14,2025-07-18,3,13.79712597,12.986199545110999,26.356074740594774,26.025594886801688,-0.012539039179611482,0.05877502507784965,0.04623598589823817,0.10501101097608782,0.012161,8.2e-05,0.0007212249,0.0007188039,-0.003357,0.046153794117416255,0.10492881919526591,0.10157202993299841,convergence,False
134517__314713,134517,314713,2025-11-19,2025-11-20,1,16.661061629778,16.648203049556,0.0,0.0,0.0,0.0007717743627464708,0.0007717743627464708,0.0015435487254929416,0.012161,0.0,0.0,0.0,0.0,0.0007717743627464708,0.0015435487254929416,0.0015435487254929416,overnight_abort,True
134517__314713,134517,314713,2025-11-24,2025-12-02,7,17.284087785333,17.295034155555,35.181539467460325,34.621100928994025,-0.01592990377765175,-0.000633320679572693,-0.016563224457224444,-0.017196545136797137,0.012161,0.000192,0.0006823237,0.0006809902,-0.001954,-0.01675500527914225,-0.017388325958714944,-0.01934267695077343,convergence,False
134517__314713,134517,314713,2026-01-02,2026-01-20,15,16.741454759556,21.345127964667,34.54057128775601,44.11090044439488,0.2770750106276144,-0.2749864495785965,0.0020885610490178896,-0.27289788852957864,0.012161,0.000411,0.0006920655,0.0006752832,-0.02425,0.0016776021449083007,-0.2733088474336882,-0.29755843074625044,convergence,False
134517__314713,134517,314713,2026-01-28,2026-01-29,1,21.775943625110997,21.285424289999998,0.0,0.0,0.0,0.022525744167768483,0.022525744167768483,0.04505148833553697,0.012161,0.0,0.0,0.0,0.0,0.022525744167768483,0.04505148833553697,0.04505148833553697,overnight_abort,True
134517__314713,134517,314713,2026-02-06,2026-02-10,1,21.665404830222,20.797813929333998,42.9967102116249,41.692449466238884,-0.03033396599336541,0.040044989128371185,0.009711023135005773,0.04975601226337696,0.012161,2.7e-05,0.000686031,0.0006865491,0.000755,0.0096836258747318,0.04972861500310299,0.05048382868878184,convergence,False
134517__314713,134517,314713,2026-02-13,2026-02-23,4,21.625216304445,21.792924929334,42.892966748394905,43.36331220837445,0.010965561387687145,-0.00775523456172443,0.003210326825962715,-0.0045449077357617145,0.012161,0.00011,0.000689886,0.0006924249,0.00368,0.003100737784866825,-0.004654496776857605,-0.0009743235308431394,convergence,False
134517__314713,134517,314713,2026-03-04,2026-03-06,1,17.294146724223,16.250164620222,32.58105715021833,32.88857140048548,0.009438436845352432,0.060366210640432974,0.06980464748578541,0.13017085812621837,0.012161,2.7e-05,0.0006751511,0.0006747501,-0.000594,0.06977725022551144,0.1301434608659444,0.12954951974668988,convergence,False
134517__314713,134517,314713,2026-03-09,2026-03-11,1,16.480173570665997,16.270071815777,32.34516555987864,32.40690041609405,0.0019086269971666464,0.01274875862126645,0.014657385618433097,0.02740614423969955,0.012161,2.7e-05,0.0006787116,0.000676654,-0.003032,0.014629988358159124,0.027378746979425578,0.02434712058612382,convergence,False
151377__912644,151377,912644,2024-08-26,2024-08-29,1,11.222736168332,10.184431351668001,0.0,0.0,0.0,0.09251797432375342,0.09251797432375342,0.18503594864750683,0.020638000000000004,0.0,0.0,0.0,0.0,0.09251797432375342,0.18503594864750683,0.18503594864750683,overnight_abort,True
151377__912644,151377,912644,2024-11-07,2024-11-15,1,9.6699040816664,8.349844659166799,4.293039125510554,4.2863888043154805,-0.0015490940102445019,0.1365121526905692,0.1349630586803247,0.2714752113708939,0.020638000000000004,2.7e-05,0.0063995904,0.0064789914,0.012407,0.13493566142005073,0.27144781411061997,0.28385501442143984,convergence,False
151377__912644,151377,912644,2025-03-19,2025-04-03,10,9.921987081666401,8.1911779775004,4.534388982876753,4.190329190723207,-0.07587787317162721,0.17444178166328664,0.09856390849165943,0.2730056901549461,0.020638000000000004,0.000274,0.0066354795,0.0068460323,0.031731,0.0982899358889197,0.2727317175522064,0.3044630792420435,convergence,False
151377__912644,151377,912644,2025-11-04,2025-11-05,1,11.192486208332001,11.0570982,0.0,0.0,0.0,0.0120963301461309,0.0120963301461309,0.0241926602922618,0.020638000000000004,0.0,0.0,0.0,0.0,0.0120963301461309,0.0241926602922618,0.0241926602922618,overnight_abort,True
151377__912644,151377,912644,2025-11-13,2025-11-14,1,12.60415,11.622349951668,0.0,0.0,0.0,0.07789498286929315,0.07789498286929315,0.1557899657385863,0.020638000000000004,0.0,0.0,0.0,0.0,0.07789498286929315,0.1557899657385863,0.1557899657385863,overnight_abort,True
151377__912644,151377,912644,2025-11-17,2025-12-23,15,12.553733399999999,12.098349599999999,6.226230857820284,6.225403189083811,-0.00013293254865965516,0.03627477065906146,0.03614183811040181,0.07241660876946326,0.020638000000000004,0.000411,0.0064133393,0.0064010238,-0.00192,0.03573087920629222,0.07200564986535367,0.07008535539410991,convergence,False
151377__912644,151377,912644,2026-02-03,2026-02-05,1,15.346814048332,15.093187951668,0.0,0.0,0.0,0.016526302844697978,0.016526302844697978,0.033052605689395956,0.020638000000000004,0.0,0.0,0.0,0.0,0.016526302844697978,0.033052605689395956,0.033052605689395956,overnight_abort,True
151377__912644,151377,912644,2026-03-24,2026-04-02,7,15.5283128,13.858561291668,7.335281697231852,6.9748045218317625,-0.04914292187798655,0.1075294869338284,0.058386565055841846,0.16591605198967024,0.020638000000000004,0.000192,0.0062570388,0.0062650749,0.001284,0.05819478423392404,0.16572427116775243,0.1670086007455073,convergence,False
151377__912644,151377,912644,2026-04-08,2026-04-20,11,16.246753383328002,15.502250010000001,7.346370866666425,7.751465335701411,0.05514212069976892,0.04582474761339034,0.10096686831315926,0.1467916159265496,0.020638000000000004,0.000301,0.0062906929,0.0062966341,0.000944,0.10066549845014557,0.1464902460635359,0.14743468892451228,convergence,False
28335J__27121Q,28335J,27121Q,2024-07-10,2024-07-11,1,8.4120836622069,8.2856438885345,0.0,0.0,0.0,0.015030731831693293,0.015030731831693293,0.030061463663386585,0.014946999999999998,0.0,0.0,0.0,0.0,0.015030731831693293,0.030061463663386585,0.030061463663386585,overnight_abort,True
28335J__27121Q,28335J,27121Q,2024-07-26,2024-07-29,1,8.444679120293099,8.3005993252931,0.0,0.0,0.0,0.017061606835216132,0.017061606835216132,0.034123213670432265,0.014946999999999998,0.0,0.0,0.0,0.0,0.017061606835216132,0.034123213670432265,0.034123213670432265,overnight_abort,True
28335J__27121Q,28335J,27121Q,2024-07-31,2024-08-01,1,8.9260855991207,8.1560248188276,0.0,0.0,0.0,0.08627082630363284,0.08627082630363284,0.17254165260726567,0.014946999999999998,0.0,0.0,0.0,0.0,0.08627082630363284,0.17254165260726567,0.17254165260726567,overnight_abort,True
28335J__27121Q,28335J,27121Q,2024-08-05,2024-08-06,1,8.0945558079,7.8768448008793,0.0,0.0,0.0,0.026895979493800345,0.026895979493800345,0.05379195898760069,0.014946999999999998,0.0,0.0,0.0,0.0,0.026895979493800345,0.05379195898760069,0.05379195898760069,overnight_abort,True
28335J__27121Q,28335J,27121Q,2025-04-07,2025-04-08,1,6.59928598,6.5906257908793,0.0,0.0,0.0,0.0013122918368663155,0.0013122918368663155,0.002624583673732631,0.014946999999999998,0.0,0.0,0.0,0.0,0.0013122918368663155,0.002624583673732631,0.002624583673732631,overnight_abort,True
28335J__27121Q,28335J,27121Q,2025-04-09,2025-04-10,1,6.799871979413799,6.6305085508793,0.0,0.0,0.0,0.024906855459519924,0.024906855459519924,0.04981371091903985,0.014946999999999998,0.0,0.0,0.0,0.0,0.024906855459519924,0.04981371091903985,0.04981371091903985,overnight_abort,True
28335J__27121Q,28335J,27121Q,2025-08-12,2025-08-13,1,6.5792278614655,6.510860370586199,0.0,0.0,0.0,0.010391415576245512,0.010391415576245512,0.020782831152491025,0.014946999999999998,0.0,0.0,0.0,0.0,0.010391415576245512,0.020782831152491025,0.020782831152491025,overnight_abort,True
28335J__27121Q,28335J,27121Q,2025-08-14,2025-08-20,5,6.4934765589138,6.354320936413799,12.908672303818266,12.813989108247155,-0.007334851589896255,0.02143006465603965,0.014095213066143393,0.035525277722183043,0.014946999999999998,0.000137,0.0067937086,0.0067874834,-0.000916,0.01395822676477353,0.03538829142081318,0.03447197304943051,convergence,False
28335J__27121Q,28335J,27121Q,2026-01-09,2026-01-14,1,6.4327990328276,6.3812413008793,12.87753599781909,12.916760067978304,0.0030459297621732344,0.008014820871162414,0.011060750633335649,0.01907557150449806,0.014946999999999998,2.7e-05,0.0062839727,0.0063111392,0.004323,0.011033353373061676,0.01904817424422409,0.023371315240683237,convergence,False
28335J__27121Q,28335J,27121Q,2026-02-02,2026-02-10,7,6.4488467311724005,6.9296294502931,13.041315700319029,13.940338190353817,0.06893648698442256,-0.07455328668251558,-0.00561679969809302,-0.0801700863806086,0.014946999999999998,0.000192,0.0064205457,0.0064773132,0.008842,-0.005808580520010828,-0.08036186720252642,-0.07152032901364633,convergence,False
28335J__27121Q,28335J,27121Q,2026-02-25,2026-03-02,4,6.8700777511724,6.5806557988276,13.634110858219184,13.391690633701751,-0.017780420523080362,0.042127900560573646,0.024347480037493284,0.06647538059806693,0.014946999999999998,0.00011,0.0064051241,0.0063546528,-0.00788,0.024237890996397393,0.06636579155697105,0.05848595984535747,convergence,False
28335J__27121Q,28335J,27121Q,2026-03-04,2026-03-05,1,6.3560749116207,6.213734406827601,0.0,0.0,0.0,0.022394403271248586,0.022394403271248586,0.04478880654249717,0.014946999999999998,0.0,0.0,0.0,0.0,0.022394403271248586,0.04478880654249717,0.04478880654249717,overnight_abort,True
28335J__27121Q,28335J,27121Q,2026-03-09,2026-03-11,1,6.34855323,6.2516231285345,12.638612105825077,12.584912591329886,-0.004248845842055824,0.015268061549434374,0.01101921570737855,0.026287277256812923,0.014946999999999998,2.7e-05,0.0063271113,0.0062912866,-0.005662,0.010991818447104578,0.026259879996538952,0.020597785827277212,convergence,False
263502__140539,263502,140539,2024-06-03,2024-06-04,1,5.3229398172825,4.8631249445739995,0.0,0.0,0.0,0.08638363169457142,0.08638363169457142,0.17276726338914283,0.033314,0.0,0.0,0.0,0.0,0.08638363169457142,0.17276726338914283,0.17276726338914283,overnight_abort,True
263502__140539,263502,140539,2024-08-02,2024-08-05,1,5.625285952713001,4.932175,0.0,0.0,0.0,0.12321346124257428,0.12321346124257428,0.24642692248514855,0.033314,0.0,0.0,0.0,0.0,0.12321346124257428,0.24642692248514855,0.24642692248514855,overnight_abort,True
263502__140539,263502,140539,2024-08-06,2024-08-07,1,5.726641945930501,5.3267487040695,0.0,0.0,0.0,0.06983032039311896,0.06983032039311896,0.1396606407862379,0.033314,0.0,0.0,0.0,0.0,0.06983032039311896,0.1396606407862379,0.1396606407862379,overnight_abort,True
263502__140539,263502,140539,2024-08-13,2024-08-14,1,5.8482705567825,5.368376359712999,0.0,0.0,0.0,0.08205745483388183,0.08205745483388183,0.16411490966776365,0.033314,0.0,0.0,0.0,0.0,0.08205745483388183,0.16411490966776365,0.16411490966776365,overnight_abort,True
263502__140539,263502,140539,2024-09-09,2024-09-11,1,5.919219802713001,5.430324872287,0.0,0.0,0.0,0.08259448824690077,0.08259448824690077,0.16518897649380154,0.033314,0.0,0.0,0.0,0.0,0.08259448824690077,0.16518897649380154,0.16518897649380154,overnight_abort,True
263502__140539,263502,140539,2024-09-16,2024-09-19,2,6.081390000000001,5.5930865486435,0.5675402146725691,0.5742439548968199,0.011811921077907028,0.08029471080731555,0.09210663188522258,0.17240134269253812,0.033314,5.5e-05,0.1282972341,0.128290657,-5.1e-05,0.09205183736467464,0.1723465481719902,0.17229528362177501,convergence,False
263502__140539,263502,140539,2024-09-23,2024-09-24,1,6.040847501356501,5.5930865486435,0.0,0.0,0.0,0.07412220762276384,0.07412220762276384,0.14824441524552767,0.033314,0.0,0.0,0.0,0.0,0.07412220762276384,0.14824441524552767,0.14824441524552767,overnight_abort,True
263502__140539,263502,140539,2024-10-15,2024-10-23,7,6.061118294574,5.553629247287,0.5563697524889231,0.5582007918887814,0.0032910477100293956,0.08372861617654155,0.08701966388657095,0.1707482800631125,0.033314,0.000192,0.1286901846,0.1287200116,0.000232,0.08682788306465314,0.17055649924119468,0.17078827293934185,convergence,False
263502__140539,263502,140539,2024-11-11,2024-11-25,13,6.081390000000001,5.37409788,0.5545436218198628,0.5405760822527618,-0.025187449674857604,0.11630435147227867,0.09111690179742107,0.20742125326969973,0.033314,0.000356,0.1285661006,0.1284958979,-0.000546,0.09076073741385943,0.2070650888861381,0.20651904525821133,convergence,False
263502__140539,263502,140539,2025-05-13,2025-05-21,7,8.2605544459305,6.214540697287,0.6847877589956788,0.6326099559431041,-0.07619558376612855,0.24768479670894894,0.17148921294282038,0.4191740096517693,0.033314,0.000192,0.1280819741,0.1276804858,-0.003135,0.17129743212090257,0.41898222882985153,0.41584760896767997,convergence,False
263502__140539,263502,140539,2025-07-07,2025-07-25,17,7.7132293459305,6.9247741932175,0.7104793449351244,0.7162909088388392,0.008179778828398454,0.10222114724606099,0.11040092607445945,0.21262207332052044,0.033314,0.000466,0.127390153,0.1273958331,4.5e-05,0.10993517264980192,0.2121563198958629,0.21220090811454562,convergence,False
263502__140539,263502,140539,2026-02-20,2026-03-12,16,8.2200118459305,7.376067712499999,0.7731922422384494,0.7667887137960339,-0.008281935710938907,0.10266945464906041,0.0943875189381215,0.1970569735871819,0.033314,0.000438,0.1278290094,0.1277685904,-0.000473,0.09394916277373794,0.19661861742279835,0.19614596258268344,convergence,False
263502__140539,263502,140539,2026-04-08,2026-04-16,7,8.2605544459305,7.122060995930499,0.7733476179791563,0.7682488309648366,-0.006593137284942249,0.13782288555229744,0.13122974826735517,0.2690526338196526,0.033314,0.000192,0.1276430129,0.1277996102,0.001227,0.13103796744543736,0.2688608529977348,0.27008769100823127,convergence,False
510095__921754,510095,921754,2024-09-19,2024-09-26,6,4.4761565741676,4.0770736210419,4.154571544571423,4.152547017054842,-0.00048730115605457827,0.08915750521973526,0.08867020406368067,0.17782770928341593,0.025360999999999998,0.000164,0.7748031535,0.7793930959,0.005924,0.08850582050203684,0.1776633257217721,0.1835873367163919,convergence,False
510095__921754,510095,921754,2024-10-07,2024-10-14,6,4.3549063952094995,3.9484279920838,4.102622199007027,3.9958336449515763,-0.026029341449304584,0.09333803444612157,0.067308692996817,0.16064672744293856,0.025360999999999998,0.000164,0.7665477342,0.7642921485,-0.002943,0.06714430943517316,0.16048234388129473,0.1575398191051254,convergence,False
510095__921754,510095,921754,2024-10-24,2024-10-29,4,4.1932385468743005,3.8395744779162,3.951705539978308,3.8880264107072584,-0.016114340662993585,0.08434150955273616,0.06822716888974258,0.15256867844247873,0.025360999999999998,0.00011,0.7567732912,0.755201393,-0.002077,0.06811757984864669,0.15245908940138284,0.15038198359138852,convergence,False
510095__921754,510095,921754,2025-03-07,2025-03-18,7,3.9507381889580997,3.7307208647905004,3.7141726581282364,3.8018361844792907,0.023602437048586892,0.05569018083317309,0.07929261788175998,0.13498279871493307,0.025360999999999998,0.000192,0.7516818882,0.7515687871,-0.00015,0.07910083705984217,0.13479101789301526,0.13464055384462517,convergence,False
510095__921754,510095,921754,2025-03-27,2025-03-28,1,4.0012593410419,3.6639240483324,0.0,0.0,0.0,0.0843072802728303,0.0843072802728303,0.1686145605456606,0.025360999999999998,0.0,0.0,0.0,0.0,0.0843072802728303,0.1686145605456606,0.1686145605456606,overnight_abort,True
510095__921754,510095,921754,2025-04-25,2025-04-28,1,4.0871449560419,3.6851996440000003,0.0,0.0,0.0,0.09834378676677873,0.09834378676677873,0.19668757353355745,0.025360999999999998,0.0,0.0,0.0,0.0,0.09834378676677873,0.19668757353355745,0.19668757353355745,overnight_abort,True
510095__921754,510095,921754,2025-05-16,2025-05-20,1,3.9422506693580996,3.3447839779162,3.6769577305977723,3.644391029556326,-0.008856969110752294,0.15155471875135293,0.14269774964060064,0.29425246839195357,0.025360999999999998,2.7e-05,0.7723496955,0.7722308266,-0.000154,0.14267035238032666,0.2942250711316796,0.29407116558773677,convergence,False
510095__921754,510095,921754,2025-05-21,2025-05-23,1,3.9901450351676,3.6614496010419,3.690399199223736,3.7056867666350275,0.00414252404306484,0.08237681368188504,0.08651933772494988,0.16889615140683492,0.025360999999999998,2.7e-05,0.7735445296,0.7786343361,0.00658,0.08649194046467591,0.16886875414656094,0.17544860353497554,convergence,False
510095__921754,510095,921754,2025-05-27,2025-05-28,1,4.0315716079162,3.6614496010419,0.0,0.0,0.0,0.09180588685254801,0.09180588685254801,0.18361177370509602,0.025360999999999998,0.0,0.0,0.0,0.0,0.09180588685254801,0.18361177370509602,0.18361177370509602,overnight_abort,True
510095__921754,510095,921754,2025-06-27,2025-06-30,1,4.3953230541676,3.9682201068742997,0.0,0.0,0.0,0.09717214002923524,0.09717214002923524,0.1943442800584705,0.025360999999999998,0.0,0.0,0.0,0.0,0.09717214002923524,0.1943442800584705,0.1943442800584705,overnight_abort,True
510095__921754,510095,921754,2025-08-19,2025-08-20,1,5.59772126,4.7499889979162,0.0,0.0,0.0,0.1514423856974614,0.1514423856974614,0.3028847713949228,0.025360999999999998,0.0,0.0,0.0,0.0,0.1514423856974614,0.3028847713949228,0.3028847713949228,overnight_abort,True
510095__921754,510095,921754,2025-08-25,2025-08-26,1,5.9008471620838,5.27446673,0.0,0.0,0.0,0.10615093305731421,0.10615093305731421,0.21230186611462842,0.025360999999999998,0.0,0.0,0.0,0.0,0.10615093305731421,0.21230186611462842,0.21230186611462842,overnight_abort,True
510095__921754,510095,921754,2025-11-04,2025-11-07,2,5.80990925,5.343737103125701,5.368095268105902,5.443743337427004,0.014092162218237576,0.08023742313604963,0.0943295853542872,0.17456700849033685,0.025360999999999998,5.5e-05,0.7651403876,0.7684622479,0.004342,0.09427479083373926,0.17451221396978892,0.17885371829217808,convergence,False
510095__921754,510095,921754,2026-02-24,2026-02-25,1,8.2854356989581,7.7286281047905,0.0,0.0,0.0,0.06720317607891382,0.06720317607891382,0.13440635215782765,0.025360999999999998,0.0,0.0,0.0,0.0,0.06720317607891382,0.13440635215782765,0.13440635215782765,overnight_abort,True
266613__755996,266613,755996,2024-04-15,2024-04-18,2,5.5057415866442,4.6117251249999995,0.9412620710674239,0.9364472941750961,-0.005115235214851124,0.16237893616600194,0.1572637009511508,0.31964263711715274,0.0629,5.5e-05,0.2086811396,0.2090519581,0.001777,0.15720890643060287,0.3195878425966048,0.3213648048113539,convergence,False
266613__755996,266613,755996,2024-08-07,2024-09-17,40,5.35137449708895,4.737940954177899,0.9698613737459643,0.9721274649031926,0.002336510370008682,0.11463102484132769,0.11696753521133636,0.23159856005266405,0.0629,0.001096,0.2234636672,0.2347969062,0.050716,0.11587164480037745,0.23050266964170515,0.2812189186946519,convergence,False
266613__755996,266613,755996,2024-10-04,2024-10-17,10,5.55719639126685,4.650560705,0.9829151997275009,0.9235881053856847,-0.06035830390888628,0.16314623821674373,0.10278793430785746,0.26593417252460116,0.0629,0.000274,0.2334812048,0.2320185346,-0.006265,0.10251396170511773,0.26566019992186146,0.2593955834562537,convergence,False
266613__755996,266613,755996,2024-10-24,2024-10-29,4,5.299918766266851,4.563180552911049,0.9215055805960475,0.9100744305272853,-0.012404862552615553,0.13900934067990328,0.12660447812728773,0.26561381880719104,0.0629,0.00011,0.2304147359,0.2286237063,-0.007773,0.12649488908619183,0.26550422976609517,0.25773116094302606,convergence,False
266613__755996,266613,755996,2025-02-05,2025-02-14,8,4.58983293291105,4.1262803749999994,0.810565920170831,0.8660637861856852,0.06846804761191765,0.1009955187229544,0.16946356633487203,0.27045908505782645,0.0629,0.000219,0.2258865998,0.2254791178,-0.001804,0.16924438825268026,0.27023990697563466,0.2684359841207119,convergence,False
266613__755996,266613,755996,2025-08-01,2025-08-27,23,3.9517845258221,3.26218842873315,0.7261786005167741,0.66903334603598,-0.07869311274131122,0.17450245391238572,0.09580934117107451,0.27031179508346026,0.0629,0.00063,0.2359881895,0.2361275256,0.00059,0.09517920418477314,0.2696816580971589,0.2702720948486557,convergence,False
266613__755996,266613,755996,2025-10-06,2025-10-08,1,3.7963888403221002,3.2816067041779,0.6801970173694102,0.6696820245553669,-0.015458745842063455,0.13559784252777546,0.120139096685712,0.25573693921348745,0.0629,2.7e-05,0.2372760426,0.2371916677,-0.000356,0.12011169942543803,0.2557095419532135,0.25535394389503857,convergence,False
266613__755996,266613,755996,2025-10-17,2025-10-21,1,4.67216167,3.9199667446057997,0.0,0.0,0.0,0.1609950550778352,0.1609950550778352,0.3219901101556704,0.0629,0.0,0.0,0.0,0.0,0.1609950550778352,0.3219901101556704,0.3219901101556704,overnight_abort,True
266613__755996,266613,755996,2026-01-08,2026-01-26,17,4.0546949583558005,3.4757844099999997,0.7283479167589753,0.7295965763410385,0.001714372421932007,0.14277536394268042,0.14448973636461243,0.28726510030729285,0.0629,0.000466,0.2454891552,0.2521750158,0.027235,0.1440239829399549,0.2867993468826353,0.31403419802933075,convergence,False
266613__755996,266613,755996,2026-01-29,2026-02-04,5,4.1061506891779,3.4757844099999997,0.7272172445669927,0.7282007604520452,0.0013524375176748415,0.15351757080890452,0.15487000832657935,0.30838757913548387,0.0629,0.000137,0.2536783101,0.2543234866,0.002543,0.1547330220252095,0.308250592834114,0.31079387885547555,convergence,False
266613__755996,266613,755996,2026-02-12,2026-02-13,1,4.0546949583558005,3.50491080373315,0.0,0.0,0.0,0.13559198910627565,0.13559198910627565,0.2711839782125513,0.0629,0.0,0.0,0.0,0.0,0.13559198910627565,0.2711839782125513,0.2711839782125513,overnight_abort,True
266613__755996,266613,755996,2026-03-02,2026-03-25,22,4.0135306412668506,2.92237768626685,0.6782175614620359,0.5912994845285368,-0.1281566297783997,0.2718685996266827,0.143711969848283,0.4155805694749657,0.0629,0.000603,0.2534211796,0.2522067969,-0.004792,0.1431092301222556,0.41497782974893827,0.41018587549350943,convergence,False
29573D__929164,29573D,929164,2024-06-05,2024-06-07,1,123.78513388934499,120.65839434250002,122.63342793194607,120.86420906573412,-0.014426889112108683,0.02525941079192962,0.010832521679820935,0.036091932471750555,0.017197999999999998,2.7e-05,0.0064261153,0.0063810101,-0.007019,0.010805124419546962,0.03606453521147658,0.029045489039055707,convergence,False
29573D__929164,29573D,929164,2024-08-05,2024-08-06,1,116.978457979345,125.65366282500001,0.0,0.0,0.0,-0.07416070441949925,-0.07416070441949925,-0.1483214088389985,0.017197999999999998,0.0,0.0,0.0,0.0,-0.07416070441949925,-0.1483214088389985,-0.1483214088389985,overnight_abort,True
29573D__929164,29573D,929164,2024-08-15,2024-08-16,1,135.350459329345,132.31734102000001,0.0,0.0,0.0,0.02240936842308434,0.02240936842308434,0.04481873684616868,0.017197999999999998,0.0,0.0,0.0,0.0,0.02240936842308434,0.04481873684616868,0.04481873684616868,overnight_abort,True
29573D__929164,29573D,929164,2024-09-11,2024-09-13,1,135.892583959345,134.3443343125,137.04638785612167,134.8810786843005,-0.015799826655004078,0.011393187190466435,-0.004406639464537643,0.006986547725928792,0.017197999999999998,2.7e-05,0.0070514398,0.0071005072,0.006958,-0.004434036724811616,0.006959150465654819,0.01391764424730775,convergence,False
29573D__929164,29573D,929164,2024-11-06,2024-11-08,1,145.65082729934497,138.692170180655,137.52223034631365,139.0235384803823,0.010916839628676869,0.04777629655606667,0.05869313618474353,0.10646943274081021,0.017197999999999998,2.7e-05,0.0065385114,0.0065513627,0.001965,0.05866573892446956,0.10644203548053624,0.10840751343320908,convergence,False
29573D__929164,29573D,929164,2025-04-07,2025-04-08,1,101.95055240949999,97.1525444237155,0.0,0.0,0.0,0.047062108761437224,0.047062108761437224,0.09412421752287445,0.017197999999999998,0.0,0.0,0.0,0.0,0.047062108761437224,0.09412421752287445,0.09412421752287445,overnight_abort,True
29573D__929164,29573D,929164,2025-04-09,2025-04-10,1,108.84657849,104.5984318598,0.0,0.0,0.0,0.03902875670630552,0.03902875670630552,0.07805751341261104,0.017197999999999998,0.0,0.0,0.0,0.0,0.03902875670630552,0.07805751341261104,0.07805751341261104,overnight_abort,True
29573D__929164,29573D,929164,2025-05-12,2025-05-14,1,126.716622629345,120.42431895000001,124.15249840485146,121.67433885926054,-0.019960609552212398,0.04965649769367995,0.02969588814146755,0.0793523858351475,0.017197999999999998,2.7e-05,0.0067805804,0.0068140774,0.00494,0.02966849088119358,0.07932498857487354,0.08426512614775747,convergence,False
29573D__929164,29573D,929164,2025-07-23,2025-07-24,1,131.736295129345,131.38103945,0.0,0.0,0.0,0.0026967183113521245,0.0026967183113521245,0.005393436622704249,0.017197999999999998,0.0,0.0,0.0,0.0,0.0026967183113521245,0.005393436622704249,0.005393436622704249,overnight_abort,True
29573D__929164,29573D,929164,2025-09-18,2025-09-30,11,145.319518875,137.14826865565502,139.19252661139876,137.77841661509427,-0.010159381618615472,0.056229543578200786,0.04607016195958531,0.1022997055377861,0.017197999999999998,0.000301,0.006758355,0.0067606396,0.000338,0.045768792096571614,0.1019983356747724,0.10233637651459218,convergence,False
29573D__929164,29573D,929164,2026-01-09,2026-01-14,1,164.896241625,162.647535495,156.2853526152673,163.16718064896156,0.044033736486076724,0.013637097533817052,0.05767083401989378,0.07130793155371083,0.017197999999999998,2.7e-05,0.0062839727,0.0063111392,0.004323,0.057643436759619804,0.07128053429343686,0.075603675289896,convergence,False
29573D__929164,29573D,929164,2026-02-06,2026-02-12,3,176.425425423,183.76413405565503,176.49380830202247,185.45450350722032,0.05077059241570668,-0.041596661110832746,0.009173931304873935,-0.03242272980595881,0.017197999999999998,8.2e-05,0.0064149854,0.0065468591,0.020557,0.009091739524052017,-0.03250492158678073,-0.011947789843347604,convergence,False
29573D__929164,29573D,929164,2026-03-04,2026-03-05,1,181.119833184345,175.80556075,0.0,0.0,0.0,0.029341195499755585,0.029341195499755585,0.05868239099951117,0.017197999999999998,0.0,0.0,0.0,0.0,0.029341195499755585,0.05868239099951117,0.05868239099951117,overnight_abort,True
29573D__929164,29573D,929164,2026-03-09,2026-03-11,1,175.258863573345,173.843311715,174.45754871703215,173.9254083212482,-0.0030502572098332053,0.008076920216663369,0.005026663006830164,0.013103583223493533,0.017197999999999998,2.7e-05,0.0063271113,0.0062912866,-0.005662,0.004999265746556191,0.01307618596321956,0.007414091793957819,convergence,False
29573D__929164,29573D,929164,2026-03-31,2026-04-01,1,173.309222774345,173.12614455500002,0.0,0.0,0.0,0.001056367436275092,0.001056367436275092,0.002112734872550184,0.017197999999999998,0.0,0.0,0.0,0.0,0.001056367436275092,0.002112734872550184,0.002112734872550184,overnight_abort,True
133345__997914,133345,997914,2024-04-11,2024-04-15,3,3.32290910809,2.97113689191,1.5177376586812237,1.4900772881549529,-0.018224737567825226,0.10586272592397145,0.08763798835614622,0.19350071428011767,0.041683,8.2e-05,0.1275925189,0.1277351268,0.001118,0.08755579657532431,0.19341852249929575,0.1945362047993979,convergence,False
133345__997914,133345,997914,2024-07-10,2024-07-15,4,3.04854,2.888987036472,1.4463245272861711,1.4560737357400326,0.006740678367775841,0.05233750041921713,0.059078178786992966,0.1114156792062101,0.041683,0.00011,0.1280795167,0.1280992017,0.000154,0.058968589745897075,0.11130609016511421,0.1114597837494373,convergence,False
133345__997914,133345,997914,2024-07-22,2024-07-29,6,3.04854,2.810281534854,1.4254075679722176,1.3942028976066552,-0.021891752974171532,0.07815494142966797,0.05626318845549644,0.1344181298851644,0.041683,0.000164,0.1280499874,0.1280376976,-9.6e-05,0.056098804893852605,0.13425374632352058,0.1341577697424248,convergence,False
133345__997914,133345,997914,2024-09-24,2024-09-25,1,3.5261449048540006,3.206760896472,0.0,0.0,0.0,0.09057597376169792,0.09057597376169792,0.18115194752339583,0.041683,0.0,0.0,0.0,0.0,0.09057597376169792,0.18115194752339583,0.18115194752339583,overnight_abort,True
133345__997914,133345,997914,2024-10-23,2024-10-24,1,3.5363059935280003,3.177738206472,0.0,0.0,0.0,0.10139614267324039,0.10139614267324039,0.20279228534648078,0.041683,0.0,0.0,0.0,0.0,0.10139614267324039,0.20279228534648078,0.20279228534648078,overnight_abort,True
133345__997914,133345,997914,2024-12-09,2024-12-10,1,3.4956587935280004,3.1580622983819997,0.0,0.0,0.0,0.0965759289124671,0.0965759289124671,0.1931518578249342,0.041683,0.0,0.0,0.0,0.0,0.0965759289124671,0.1931518578249342,0.1931518578249342,overnight_abort,True
133345__997914,133345,997914,2025-02-26,2025-02-28,1,3.698895606472,3.104148962382,0.0,0.0,0.0,0.1607903296998609,0.1607903296998609,0.3215806593997218,0.041683,0.0,0.0,0.0,0.0,0.1607903296998609,0.3215806593997218,0.3215806593997218,overnight_abort,True
133345__997914,133345,997914,2025-03-03,2025-03-06,1,3.5048052264720004,3.2072534951460003,0.0,0.0,0.0,0.08489822175525599,0.08489822175525599,0.16979644351051199,0.041683,0.0,0.0,0.0,0.0,0.08489822175525599,0.16979644351051199,0.16979644351051199,overnight_abort,True
133345__997914,133345,997914,2025-03-17,2025-03-18,1,3.4448506064720004,3.1187094983820005,0.0,0.0,0.0,0.09467496427196681,0.09467496427196681,0.18934992854393362,0.041683,0.0,0.0,0.0,0.0,0.09467496427196681,0.18934992854393362,0.18934992854393362,overnight_abort,True
133345__997914,133345,997914,2025-04-09,2025-04-25,15,3.3432322,3.099032704854,1.530552581659276,1.601297412349537,0.046221757774284555,0.07304293585889735,0.1192646936331819,0.19230762949207925,0.041683,0.000411,0.1288875647,0.1289100015,0.000174,0.1188537347290723,0.19189667058796966,0.1920707509971404,convergence,False
133345__997914,133345,997914,2025-05-15,2025-05-27,8,3.5972772,2.91653488191,1.6570094668499993,1.625374306095327,-0.019091719985650565,0.1892382155286782,0.17014649554302763,0.35938471107170583,0.041683,0.000219,0.1278543532,0.1275770582,-0.002169,0.16992731746083586,0.35916553298951404,0.35699669795918687,convergence,False
27604J__315206,27604J,315206,2024-08-05,2024-08-07,1,39.689878080955495,38.653030963089,38.78809459986216,38.907218586666,0.0030711481972166403,0.02612371637301669,0.02919486457023333,0.05531858094325002,0.014228000000000001,2.7e-05,0.0007268684,0.00072676,-0.000149,0.02916746730995936,0.055291183682976044,0.05514205077253449,convergence,False
27604J__315206,27604J,315206,2024-09-26,2024-10-11,14,44.961111705955496,42.427711271688494,43.02258890553501,42.4832511581775,-0.012536152776434136,0.05634648117322753,0.0438103283967934,0.10015680957002093,0.014228000000000001,0.000384,0.0007631839,0.000741114,-0.028918,0.043426766752957785,0.09977324792618532,0.07085505402822694,convergence,False
27604J__315206,27604J,315206,2025-02-20,2025-02-24,3,34.298164136178,33.065719612133506,33.330727858687425,32.91384684362628,-0.012507408083873761,0.035933250513093866,0.023425842429220106,0.05935909294231397,0.014228000000000001,8.2e-05,0.0006973501,0.0006994743,0.003046,0.02334365064839819,0.059276901161492056,0.062323003829291214,convergence,False
27604J__315206,27604J,315206,2025-04-09,2025-04-10,1,31.5470771859555,30.605708531178,0.0,0.0,0.0,0.029840122722893384,0.029840122722893384,0.05968024544578677,0.014228000000000001,0.0,0.0,0.0,0.0,0.029840122722893384,0.05968024544578677,0.05968024544578677,overnight_abort,True
27604J__315206,27604J,315206,2025-08-22,2025-09-12,18,49.178095593822,49.170319051178,48.11316909561667,49.59496980607555,0.030798235458446992,0.00015813021122719793,0.03095636566967419,0.03111449588090139,0.014228000000000001,0.000493,0.0007191295,0.0007178596,-0.001766,0.030463214984742686,0.03062134519596988,0.02885546019194779,convergence,False
27604J__315206,27604J,315206,2025-10-14,2025-11-04,20,49.137940842133496,52.825473744267,50.17852336066385,52.75385607055931,0.051323405660723784,-0.07504451425794419,-0.023721108597220403,-0.09876562285516459,0.014228000000000001,0.000548,0.0007035861,0.0006926215,-0.015584,-0.024269053802699853,-0.09931356806064404,-0.1148974461389631,convergence,False
27604J__315206,27604J,315206,2025-11-24,2025-12-05,10,53.615970275733,54.030585875,53.042402176279126,54.24975038550235,0.022761944400835604,-0.007733061569803577,0.015028882831032027,0.0072958212612284495,0.014228000000000001,0.000274,0.0006823237,0.0006785135,-0.005584,0.014754910228292301,0.007021848658488723,0.0014376955651695363,convergence,False
27604J__315206,27604J,315206,2026-01-21,2026-01-23,1,57.521703380733,58.014407874999996,56.79445566141922,57.82962515706877,0.018226594191178138,-0.008565540749129266,0.009661053442048873,0.001095512692919607,0.014228000000000001,2.7e-05,0.0006829995,0.0006913907,0.012286,0.0096336561817749,0.0010681154326456343,0.013353922376867442,convergence,False
27604J__315206,27604J,315206,2026-02-02,2026-02-03,1,58.786809491178005,60.1756303140445,0.0,0.0,0.0,-0.0236247014404636,-0.0236247014404636,-0.0472494028809272,0.014228000000000001,0.0,0.0,0.0,0.0,-0.0236247014404636,-0.0472494028809272,-0.0472494028809272,overnight_abort,True
27604J__315206,27604J,315206,2026-03-04,2026-03-05,1,64.319088661911,60.623807301178,0.0,0.0,0.0,0.05745232772430901,0.05745232772430901,0.11490465544861803,0.014228000000000001,0.0,0.0,0.0,0.0,0.05745232772430901,0.11490465544861803,0.11490465544861803,overnight_abort,True
27604J__315206,27604J,315206,2026-03-31,2026-04-15,14,61.568016772356,65.812741431911,61.85443271262133,67.44532204904984,0.09038785243418275,-0.068943663968414,0.021444188465768746,-0.04749947550264526,0.014228000000000001,0.000384,0.0006609341,0.0006778856,0.025648,0.021060626821933128,-0.04788303714648087,-0.022235245634437493,convergence,False
510421__916570,510421,916570,2024-04-26,2024-04-30,1,22.9315700999865,22.828226740722002,0.0,0.0,0.0,0.00450659762126626,0.00450659762126626,0.00901319524253252,0.011527,0.0,0.0,0.0,0.0,0.00450659762126626,0.00901319524253252,0.00901319524253252,overnight_abort,True
510421__916570,510421,916570,2024-07-01,2024-07-09,7,22.5301322642915,22.1008215149865,22.177870414504326,22.123986175446973,-0.002429639909074102,0.019054959121807886,0.016625319212733785,0.03568027833454167,0.011527,0.000192,0.0061934841,0.0061986673,0.000837,0.016433538390815978,0.03548849751262386,0.0363253770325052,convergence,False
510421__916570,510421,916570,2024-08-05,2024-08-06,1,21.6771082249865,22.320037221417,0.0,0.0,0.0,-0.02965935261094536,-0.02965935261094536,-0.05931870522189072,0.011527,0.0,0.0,0.0,0.0,-0.02965935261094536,-0.05931870522189072,-0.05931870522189072,overnight_abort,True
510421__916570,510421,916570,2024-10-04,2024-10-07,1,28.079870595722,26.245976380708502,0.0,0.0,0.0,0.06530992401698936,0.06530992401698936,0.13061984803397872,0.011527,0.0,0.0,0.0,0.0,0.06530992401698936,0.13061984803397872,0.13061984803397872,overnight_abort,True
510421__916570,510421,916570,2025-03-24,2025-03-26,1,22.918721399678,22.5492271971525,22.71666315139474,22.665212503587973,-0.002264885800519008,0.01612193787262013,0.01385705207210112,0.02997898994472125,0.011527,2.7e-05,0.0066706686,0.0066398858,-0.004615,0.013829654811827147,0.02995159268444728,0.025336942812618925,convergence,False
510421__916570,510421,916570,2025-04-07,2025-04-08,1,21.0222670834025,20.9250405,0.0,0.0,0.0,0.0046249333155538265,0.0046249333155538265,0.009249866631107653,0.011527,0.0,0.0,0.0,0.0,0.0046249333155538265,0.009249866631107653,0.009249866631107653,overnight_abort,True
510421__916570,510421,916570,2025-04-09,2025-04-10,1,22.316880770528,21.7620391307085,0.0,0.0,0.0,0.024861970878664735,0.024861970878664735,0.04972394175732947,0.011527,0.0,0.0,0.0,0.0,0.024861970878664735,0.04972394175732947,0.04972394175732947,overnight_abort,True
510421__916570,510421,916570,2025-07-30,2025-07-31,1,21.807561220722,20.994798606444,0.0,0.0,0.0,0.037269761898258306,0.037269761898258306,0.07453952379651661,0.011527,0.0,0.0,0.0,0.0,0.037269761898258306,0.07453952379651661,0.07453952379651661,overnight_abort,True
510421__916570,510421,916570,2025-11-25,2025-12-04,8,22.329421375,21.732147212139,22.15996430520532,21.931851041034097,-0.010293936444547467,0.026748304527483446,0.01645436808293598,0.04320267261041943,0.011527,0.000219,0.006390593,0.0064476607,0.00893,0.0162351900007442,0.042983494528227646,0.051913448289952084,convergence,False
510421__916570,510421,916570,2026-01-09,2026-01-14,1,22.9315700999865,22.469511760722,22.627850731820953,22.538010074370224,-0.003970357526019409,0.020149441893853298,0.016179084367833888,0.036328526261687186,0.011527,2.7e-05,0.0062839727,0.0063111392,0.004323,0.016151687107559917,0.03630112900141321,0.04062426999787236,convergence,False
510421__916570,510421,916570,2026-01-29,2026-02-04,5,22.9415997735695,22.250295057861,22.26162488863963,22.300681153349945,0.001754421112820269,0.030133239291574496,0.031887660404394766,0.06202089969596926,0.011527,0.000137,0.0064609918,0.0063747052,-0.013355,0.0317506741030249,0.061883913394599394,0.048528904957659304,convergence,False
510421__916570,510421,916570,2026-03-04,2026-03-05,1,23.684247224986503,22.469511760722,0.0,0.0,0.0,0.05128875124149932,0.05128875124149932,0.10257750248299864,0.011527,0.0,0.0,0.0,0.0,0.05128875124149932,0.10257750248299864,0.10257750248299864,overnight_abort,True
25552J__938939,25552J,938939,2024-06-05,2024-06-06,1,35.053098348995995,34.577470266255006,0.0,0.0,0.0,0.01356878864189227,0.01356878864189227,0.02713757728378454,0.017765,0.0,0.0,0.0,0.0,0.01356878864189227,0.02713757728378454,0.02713757728378454,overnight_abort,True
25552J__938939,25552J,938939,2024-06-25,2024-07-09,13,37.78738207424699,42.306673975250995,38.83092240351173,42.60930603709065,0.09730347361609971,-0.11959790948534667,-0.022294435869246954,-0.1418923453545936,0.017765,0.000356,0.006218325,0.0061986673,-0.003161,-0.022650600252808597,-0.14224850973815525,-0.14540976296953187,convergence,False
25552J__938939,25552J,938939,2024-07-10,2024-07-11,1,44.351670098995996,40.784709,0.0,0.0,0.0,0.08042450466993221,0.08042450466993221,0.16084900933986443,0.017765,0.0,0.0,0.0,0.0,0.08042450466993221,0.16084900933986443,0.16084900933986443,overnight_abort,True
25552J__938939,25552J,938939,2024-07-31,2024-08-01,1,44.080263386757,42.823948428996,0.0,0.0,0.0,0.028500622755771303,0.028500622755771303,0.057001245511542606,0.017765,0.0,0.0,0.0,0.0,0.028500622755771303,0.057001245511542606,0.057001245511542606,overnight_abort,True
25552J__938939,25552J,938939,2024-08-05,2024-08-06,1,40.752869508493994,41.242300503242994,0.0,0.0,0.0,-0.012009730864399364,-0.012009730864399364,-0.02401946172879873,0.017765,0.0,0.0,0.0,0.0,-0.012009730864399364,-0.02401946172879873,-0.02401946172879873,overnight_abort,True
25552J__938939,25552J,938939,2024-09-11,2024-09-13,1,43.235840483745,45.01239225,44.535857423166874,45.1013508891579,0.01269748689506232,-0.041089793707674335,-0.028392306812612015,-0.06948210052028635,0.017765,2.7e-05,0.0070514398,0.0071005072,0.006958,-0.028419704072885986,-0.06950949778056031,-0.06255100399890738,convergence,False
25552J__938939,25552J,938939,2024-10-30,2024-10-31,1,61.08910829625499,57.476596225250994,0.0,0.0,0.0,0.05913512525808892,0.05913512525808892,0.11827025051617784,0.017765,0.0,0.0,0.0,0.0,0.05913512525808892,0.11827025051617784,0.11827025051617784,overnight_abort,True
25552J__938939,25552J,938939,2025-04-09,2025-04-10,1,41.888808164748994,38.775312041004,0.0,0.0,0.0,0.0743276369072042,0.0743276369072042,0.1486552738144084,0.017765,0.0,0.0,0.0,0.0,0.0743276369072042,0.1486552738144084,0.1486552738144084,overnight_abort,True
25552J__938939,25552J,938939,2025-07-29,2025-07-30,1,73.785417368494,67.831937294247,0.0,0.0,0.0,0.08068640507262487,0.08068640507262487,0.16137281014524973,0.017765,0.0,0.0,0.0,0.0,0.08068640507262487,0.16137281014524973,0.16137281014524973,overnight_abort,True
25552J__938939,25552J,938939,2025-09-18,2025-09-24,5,103.23927769999999,101.76283264749,101.87912745206114,103.07952529390792,0.011782568931124998,0.014301195101348405,0.0260837640324734,0.040384959133821806,0.017765,0.000137,0.006758355,0.0067156912,-0.006313,0.02594677773110354,0.04024797283245194,0.0339352236501436,convergence,False
25552J__938939,25552J,938939,2025-10-06,2025-10-07,1,123.53529538999999,116.77358511,0.0,0.0,0.0,0.05473504765300735,0.05473504765300735,0.1094700953060147,0.017765,0.0,0.0,0.0,0.0,0.05473504765300735,0.1094700953060147,0.1094700953060147,overnight_abort,True
25552J__938939,25552J,938939,2025-10-28,2025-10-29,1,127.04363143250998,141.01561823999998,0.0,0.0,0.0,-0.10997786075496752,-0.10997786075496752,-0.21995572150993503,0.017765,0.0,0.0,0.0,0.0,-0.10997786075496752,-0.21995572150993503,-0.21995572150993503,overnight_abort,True
25552J__938939,25552J,938939,2025-11-05,2025-11-06,1,139.11668588999999,132.97804632,0.0,0.0,0.0,0.044125832431444086,0.044125832431444086,0.08825166486288817,0.017765,0.0,0.0,0.0,0.0,0.044125832431444086,0.08825166486288817,0.08825166486288817,overnight_abort,True
25552J__938939,25552J,938939,2026-01-09,2026-01-14,1,136.28590912650998,143.02501122,138.6548429367182,145.0063600717693,0.04580811604214875,-0.049448267518502835,-0.0036401514763540824,-0.05308841899485692,0.017765,2.7e-05,0.0062839727,0.0063111392,0.004323,-0.003667548736628055,-0.05311581625513089,-0.048792675258671744,convergence,False
25552J__938939,25552J,938939,2026-01-28,2026-01-29,1,191.00774250999996,173.61354297,0.0,0.0,0.0,0.0910654160476731,0.0910654160476731,0.1821308320953462,0.017765,0.0,0.0,0.0,0.0,0.0910654160476731,0.1821308320953462,0.1821308320953462,overnight_abort,True
25552J__938939,25552J,938939,2026-02-06,2026-02-10,1,171.89792099999997,178.13966086749,176.11918822987815,178.6086614171355,0.014135161604356144,-0.03631073506403854,-0.0221755734596824,-0.05848630852372094,0.017765,2.7e-05,0.0064149854,0.0064773132,0.009716,-0.02220297071995637,-0.05851370578399492,-0.04879773667204646,convergence,False
25552J__938939,25552J,938939,2026-03-09,2026-03-11,1,158.32703249999997,153.81804781749,152.87837352781426,155.99012424164061,0.020354420589516607,0.028478931306376732,0.04883335189589334,0.07731228320227007,0.017765,2.7e-05,0.0063271113,0.0062912866,-0.005662,0.04880595463561937,0.0772848859419961,0.07162279177273437,convergence,False
151516__951410,151516,951410,2024-07-05,2024-07-09,1,1.3480168449999999,1.14566699625465,1.2608604828099317,1.25612141661801,-0.0037585968126785684,0.1501092879483638,0.14635069113568525,0.29645997908404903,0.028568,2.7e-05,0.1280417945,0.1280090151,-0.000256,0.14632329387541126,0.2964325818237751,0.2961765763520618,convergence,False
151516__951410,151516,951410,2024-08-12,2024-08-13,1,1.2770688940639499,1.15415069364535,0.0,0.0,0.0,0.09625025007651984,0.09625025007651984,0.19250050015303968,0.028568,0.0,0.0,0.0,0.0,0.09625025007651984,0.19250050015303968,0.19250050015303968,overnight_abort,True
151516__951410,151516,951410,2024-09-05,2024-09-09,1,1.2965283787360498,1.04564120322675,0.0,0.0,0.0,0.1935068908818509,0.1935068908818509,0.3870137817637018,0.028568,0.0,0.0,0.0,0.0,0.1935068908818509,0.3870137817637018,0.3870137817637018,overnight_abort,True
151516__951410,151516,951410,2025-05-16,2025-05-22,1,1.4797779913546498,1.29353677048605,0.0,0.0,0.0,0.1258575421155621,0.1258575421155621,0.2517150842311242,0.028568,0.0,0.0,0.0,0.0,0.1258575421155621,0.2517150842311242,0.2517150842311242,overnight_abort,True
151516__951410,151516,951410,2025-09-03,2025-09-11,7,1.6915073484313998,1.47968025,1.5445498247765796,1.5805513709616708,0.0233087632445258,0.12522978314450445,0.14853854638903025,0.2737683295335347,0.028568,0.000192,0.1281903288,0.1283861922,0.001528,0.14834676556711243,0.2735765487116169,0.2751044596065611,convergence,False
151516__951410,151516,951410,2025-12-05,2026-01-05,28,1.8649257627092999,1.67203838656395,1.6926009689287935,1.737847915036699,0.026732199105700134,0.1034289836101195,0.13016118271581964,0.23359016632593912,0.028568,0.000767,0.1285223097,0.1284439087,-0.00061,0.1293940594281484,0.2328230430382679,0.2322130244338481,convergence,False
891264__771566,891264,771566,2024-04-03,2024-04-10,5,9.458338854634802,8.5695408088413,4.555664234092989,4.42042922696864,-0.029685025097393625,0.09396978258586819,0.06428475748847456,0.15825454007434275,0.026834,0.000137,0.1277343175,0.1276234532,-0.000868,0.0641477711871047,0.1581175537729729,0.1572496249174403,convergence,False
891264__771566,891264,771566,2024-05-13,2024-05-14,1,10.217029711587001,9.429460019999999,0.0,0.0,0.0,0.07708401696178192,0.07708401696178192,0.15416803392356385,0.026834,0.0,0.0,0.0,0.0,0.07708401696178192,0.15416803392356385,0.15416803392356385,overnight_abort,True
891264__771566,891264,771566,2024-08-08,2024-08-09,1,6.4640413346348,6.0985083088413,0.0,0.0,0.0,0.056548683226226845,0.056548683226226845,0.11309736645245369,0.026834,0.0,0.0,0.0,0.0,0.056548683226226845,0.11309736645245369,0.11309736645245369,overnight_abort,True
891264__771566,891264,771566,2024-08-19,2024-08-20,1,6.474156496523901,5.7426800242065,0.0,0.0,0.0,0.11298405787845023,0.11298405787845023,0.22596811575690046,0.026834,0.0,0.0,0.0,0.0,0.11298405787845023,0.22596811575690046,0.22596811575690046,overnight_abort,True
891264__771566,891264,771566,2024-09-24,2024-09-27,2,6.9967429476761,8.1741760042065,3.3524102261951114,4.148259436583961,0.23739612896125656,-0.16828302330607595,0.06911310565518061,-0.09916991765089533,0.026834,5.5e-05,0.1284562767,0.1286645249,0.001621,0.06905831113463266,-0.09922471217144328,-0.09760355199655879,convergence,False
891264__771566,891264,771566,2024-10-25,2024-10-29,1,8.1129282457935,7.6107800011587,3.9832393146604685,3.8533430141651994,-0.03261071962640575,0.06189482137909456,0.029284101752688807,0.09117892313178336,0.026834,2.7e-05,0.1286719765,0.128680252,6.4e-05,0.029256704492414836,0.09115152587150939,0.0912158405748744,convergence,False
891264__771566,891264,771566,2024-12-31,2025-01-03,1,6.82821225,6.0886239811587,3.123975753657064,3.086217971150172,-0.012086451843517441,0.10831360270637454,0.0962271508628571,0.20454075356923163,0.026834,2.7e-05,0.1285884256,0.1285603156,-0.000219,0.09619975360258314,0.20451335630895764,0.2042947518749362,convergence,False
891264__771566,891264,771566,2025-03-17,2025-03-20,2,7.4250487823174005,7.3340245588413,3.6749968684031957,3.7048694979058108,0.008128613594055891,0.012259074134687577,0.02038768772874347,0.032646761863431045,0.026834,5.5e-05,0.1287117161,0.1286537587,-0.00045,0.020332893208195525,0.0325919673428831,0.03214167888619767,convergence,False
891264__771566,891264,771566,2025-03-27,2025-03-28,1,7.781127608634801,7.2154150976826,0.0,0.0,0.0,0.072703152988318,0.072703152988318,0.145406305976636,0.026834,0.0,0.0,0.0,0.0,0.072703152988318,0.145406305976636,0.145406305976636,overnight_abort,True
891264__771566,891264,771566,2025-04-01,2025-04-02,1,7.5970186734761,7.3043724653652,0.0,0.0,0.0,0.03852119109995513,0.03852119109995513,0.07704238219991026,0.026834,0.0,0.0,0.0,0.0,0.03852119109995513,0.07704238219991026,0.07704238219991026,overnight_abort,True
891264__771566,891264,771566,2025-04-09,2025-04-16,6,7.566670355365201,6.8497024853652,3.5315266854660208,3.4462229492525447,-0.024154917635067906,0.09475341680394855,0.07059849916888064,0.1653519159728292,0.026834,0.000164,0.1288875647,0.1288261412,-0.000477,0.07043411560723681,0.16518753241118536,0.16471096587706713,convergence,False
891264__771566,891264,771566,2025-07-25,2025-08-04,7,7.2834262988413,6.4839897742065,3.4586139486178786,3.2476106499520188,-0.06100805172262155,0.10976105088919205,0.048752999166570506,0.15851405005576255,0.026834,0.000192,0.1273909725,0.1273909725,0.0,0.0485612183446527,0.15832226923384474,0.15832226923384474,convergence,False
891264__771566,891264,771566,2025-08-12,2025-08-19,6,7.2227315846348,7.1758786765239,3.4892869948184932,3.619423600066005,0.03729604513494064,0.006486868238406053,0.043782913373346694,0.050269781611752745,0.026834,0.000164,0.1273925986,0.1282199228,0.006494,0.04361852981170286,0.05010539805010891,0.056599685858757215,convergence,False
891264__771566,891264,771566,2025-08-27,2025-09-05,8,7.5767864276826,6.976713457023901,3.555515448107509,3.492400900209596,-0.017751166833350943,0.07919887624999807,0.06144770941664712,0.14064658566664517,0.026834,0.000219,0.1283087573,0.1282552727,-0.000417,0.06122853133445534,0.1404274075844534,0.1400105646414972,convergence,False
891264__771566,891264,771566,2025-11-28,2025-12-02,1,7.4958595688413,7.1956464423174,3.6169649440432203,3.603039623467662,-0.003850001531945207,0.040050527063209995,0.036200525531264786,0.07625105259447479,0.026834,2.7e-05,0.1283911274,0.1284570952,0.000514,0.03617312827099081,0.07622365533420082,0.07673745875142987,convergence,False
951742__905323,951742,905323,2024-05-23,2024-05-29,5,31.494158445243,31.414715130648002,32.032739162453794,31.581793963888266,-0.014077634643686334,0.0025224777710164876,-0.011555156872669847,-0.009032679101653358,0.014342,0.000137,0.0063692235,0.0063445734,-0.00387,-0.01169214317403971,-0.009169665403023221,-0.013039854602695645,convergence,False
951742__905323,951742,905323,2024-08-05,2024-08-06,1,30.650029499999995,30.306180965514,0.0,0.0,0.0,0.011218538451520784,0.011218538451520784,0.02243707690304157,0.014342,0.0,0.0,0.0,0.0,0.011218538451520784,0.02243707690304157,0.02243707690304157,overnight_abort,True
951742__905323,951742,905323,2024-09-26,2024-09-27,1,27.705624869351997,27.464242565567,0.0,0.0,0.0,0.008712393419143295,0.008712393419143295,0.01742478683828659,0.014342,0.0,0.0,0.0,0.0,0.008712393419143295,0.01742478683828659,0.01742478683828659,overnight_abort,True
951742__905323,951742,905323,2025-03-11,2025-03-13,1,18.892481219676,18.050769340000002,18.330620269817707,18.089328006165758,-0.013163344180406681,0.044552744019635604,0.03138939983922892,0.07594214385886452,0.014342,2.7e-05,0.0067451346,0.006764984,0.002943,0.031362002578954946,0.07591474659859056,0.07885751960122268,convergence,False
951742__905323,951742,905323,2025-04-09,2025-04-10,1,16.32993375,17.105445375243,0.0,0.0,0.0,-0.04749018808744415,-0.04749018808744415,-0.0949803761748883,0.014342,0.0,0.0,0.0,0.0,-0.04749018808744415,-0.0949803761748883,-0.0949803761748883,overnight_abort,True
951742__905323,951742,905323,2025-04-17,2025-04-23,2,16.772101124757,15.961093269514,15.772796402635453,15.972452137497898,0.012658233186163768,0.048354576997266356,0.061012810183430126,0.10936738718069648,0.014342,5.5e-05,0.0070984916,0.0069708266,-0.017985,0.060958015662882184,0.10931259266014853,0.09132778585978538,convergence,False
951742__905323,951742,905323,2025-05-12,2025-05-13,1,17.33485275,16.388986060162,0.0,0.0,0.0,0.05456444905988595,0.05456444905988595,0.1091288981197719,0.014342,0.0,0.0,0.0,0.0,0.05456444905988595,0.1091288981197719,0.1091288981197719,overnight_abort,True
951742__905323,951742,905323,2025-06-30,2025-07-02,1,18.420167279837997,18.428905095405,18.23673696778123,18.45714010834084,0.012085667570300352,-0.0004743613580842149,0.011611306212216137,0.011136944854131922,0.014342,2.7e-05,0.0069715556,0.0069596687,-0.001705,0.011583908951942164,0.01110954759385795,0.009404490547479393,convergence,False
951742__905323,951742,905323,2025-07-03,2025-07-15,8,19.384881480485998,16.503425350567,17.805079277597745,16.52022716941249,-0.07216211105568338,0.14864450591661588,0.0764823948609325,0.22512690077754838,0.014342,0.000219,0.0068472046,0.0067170445,-0.019009,0.07626321677874072,0.2249077226953566,0.20589849081115086,convergence,False
951742__905323,951742,905323,2025-08-06,2025-08-07,1,17.206218093404996,17.961216030324,0.0,0.0,0.0,-0.04387936575140755,-0.04387936575140755,-0.0877587315028151,0.014342,0.0,0.0,0.0,0.0,-0.04387936575140755,-0.0877587315028151,-0.0877587315028151,overnight_abort,True
951742__905323,951742,905323,2025-12-10,2025-12-12,1,15.22452285,15.413804690000001,14.915576292023239,15.607320763646623,0.04637732113598082,-0.012432694401322494,0.033944626734658326,0.021511932333335836,0.014342,2.7e-05,0.0064271483,0.0064174555,-0.001508,0.03391722947438435,0.021484535073061865,0.01997643232708965,convergence,False
951742__905323,951742,905323,2026-02-10,2026-02-12,1,20.088336839514,20.896701,0.0,0.0,0.0,-0.04024047221748784,-0.04024047221748784,-0.08048094443497568,0.014342,0.0,0.0,0.0,0.0,-0.04024047221748784,-0.08048094443497568,-0.08048094443497568,overnight_abort,True
951742__905323,951742,905323,2026-03-23,2026-03-25,1,19.585877339514,19.095607375243002,18.855182428257006,19.05775505498477,0.010743604709131993,0.025031810205504042,0.03577541491463604,0.06080722512014008,0.014342,2.7e-05,0.0063013954,0.0062707715,-0.00486,0.035748017654362065,0.060779827859866103,0.055919967772368746,convergence,False
26133J__932252,26133J,932252,2024-04-26,2024-04-30,1,25.289791090519998,26.247643304740002,0.0,0.0,0.0,-0.037875054435663566,-0.037875054435663566,-0.07575010887132713,0.009628000000000001,0.0,0.0,0.0,0.0,-0.037875054435663566,-0.07575010887132713,-0.07575010887132713,overnight_abort,True
26133J__932252,26133J,932252,2024-06-27,2024-07-11,13,25.05925,25.180187185780003,25.033835171919645,25.508136457740235,0.01894640923227827,-0.0048260496934267524,0.014120359538851518,0.009294309845424766,0.009628000000000001,0.000356,0.0062167791,0.0062966341,0.012845,0.013764195155289875,0.008938145461863122,0.02178322145949672,convergence,False
26133J__932252,26133J,932252,2024-07-22,2024-07-23,1,25.61055750948,25.28992748341,0.0,0.0,0.0,0.012519447339298048,0.012519447339298048,0.025038894678596095,0.009628000000000001,0.0,0.0,0.0,0.0,0.012519447339298048,0.025038894678596095,0.025038894678596095,overnight_abort,True
26133J__932252,26133J,932252,2024-08-05,2024-08-06,1,20.94952698578,20.13216641659,0.0,0.0,0.0,0.03901570521113933,0.03901570521113933,0.07803141042227867,0.009628000000000001,0.0,0.0,0.0,0.0,0.03901570521113933,0.07803141042227867,0.07803141042227867,overnight_abort,True
26133J__932252,26133J,932252,2025-01-24,2025-01-27,1,21.47578125948,21.27944989526,0.0,0.0,0.0,0.009141989380867556,0.009141989380867556,0.018283978761735112,0.009628000000000001,0.0,0.0,0.0,0.0,0.009141989380867556,0.018283978761735112,0.018283978761735112,overnight_abort,True
26133J__932252,26133J,932252,2025-03-14,2025-03-26,9,23.42538289052,24.222455402370002,23.547004117013202,24.156480430975204,0.025883390979731587,-0.03402601851056903,-0.008142627530837443,-0.04216864604140647,0.009628000000000001,0.000247,0.0067017391,0.0066398858,-0.009229,-0.008389202873303196,-0.04241522138387223,-0.05164466154515816,convergence,False
26133J__932252,26133J,932252,2025-04-07,2025-04-08,1,20.33808128578,20.32171910948,0.0,0.0,0.0,0.0008045093374388074,0.0008045093374388074,0.0016090186748776148,0.009628000000000001,0.0,0.0,0.0,0.0,0.0008045093374388074,0.0016090186748776148,0.0016090186748776148,overnight_abort,True
26133J__932252,26133J,932252,2025-04-09,2025-04-10,1,22.14235029289,21.01008580474,0.0,0.0,0.0,0.05113569576729054,0.05113569576729054,0.10227139153458108,0.009628000000000001,0.0,0.0,0.0,0.0,0.05113569576729054,0.10227139153458108,0.10227139153458108,overnight_abort,True
26133J__932252,26133J,932252,2025-09-29,2025-09-30,1,29.43960289052,28.851458602370002,0.0,0.0,0.0,0.019977996657671943,0.019977996657671943,0.039955993315343885,0.009628000000000001,0.0,0.0,0.0,0.0,0.019977996657671943,0.039955993315343885,0.039955993315343885,overnight_abort,True
26133J__932252,26133J,932252,2025-10-06,2025-10-09,2,29.84055991185,29.370230192890002,29.15504824782718,29.385116250163836,0.007891189216392421,0.015761424060050086,0.023652613276442507,0.0394140373364926,0.009628000000000001,5.5e-05,0.0065830618,0.0065329584,-0.007611,0.023597818755894562,0.039359242815944655,0.03174828585971505,convergence,False
26133J__932252,26133J,932252,2026-01-09,2026-01-14,1,36.756906897629996,37.56076351422,37.48101783920886,37.654670074031095,0.004633071480801081,-0.021869539208747582,-0.0172364677279465,-0.03910600693669408,0.009628000000000001,2.7e-05,0.0062839727,0.0063111392,0.004323,-0.01726386498822047,-0.03913340419696806,-0.03481026320050891,convergence,False
26133J__932252,26133J,932252,2026-01-15,2026-01-16,1,39.44326651659,39.62586559526,0.0,0.0,0.0,-0.004629410664890036,-0.004629410664890036,-0.009258821329780072,0.009628000000000001,0.0,0.0,0.0,0.0,-0.004629410664890036,-0.009258821329780072,-0.009258821329780072,overnight_abort,True
26133J__932252,26133J,932252,2026-02-02,2026-02-03,1,39.91938224289,40.52372660948,0.0,0.0,0.0,-0.015139121214673548,-0.015139121214673548,-0.030278242429347096,0.009628000000000001,0.0,0.0,0.0,0.0,-0.015139121214673548,-0.030278242429347096,-0.030278242429347096,overnight_abort,True
26133J__932252,26133J,932252,2026-02-06,2026-02-12,3,40.28525330711,43.54654351422,40.72539273280336,44.011455946087345,0.08068831244534913,-0.08095493857883752,-0.0002666261334883929,-0.08122156471232592,0.009628000000000001,8.2e-05,0.0064149854,0.0065468591,0.020557,-0.0003488179143103107,-0.08130375649314783,-0.060746624749714706,convergence,False
26133J__932252,26133J,932252,2026-03-04,2026-03-05,1,39.062360904740004,37.411125,0.0,0.0,0.0,0.0422717896843669,0.0422717896843669,0.0845435793687338,0.009628000000000001,0.0,0.0,0.0,0.0,0.0422717896843669,0.0845435793687338,0.0845435793687338,overnight_abort,True
267768__148375,267768,148375,2024-06-20,2024-06-27,6,5.9121114615016,5.997401418123,5.895241567202573,6.095414664604648,0.03395502883473205,-0.014426310663591197,0.019528718171140855,0.005102407507549658,0.015964,0.000164,0.0119670183,0.011983741,0.001397,0.01936433460949702,0.004938023945905823,0.006335422995592177,convergence,False
267768__148375,267768,148375,2024-07-11,2024-07-19,7,6.5143632592492,6.0671383392492,6.735292771031111,6.626665710944505,-0.01612803834657604,0.06865213102217207,0.05252409267559603,0.1211762236977681,0.015964,0.000192,0.0119734659,0.0119432927,-0.00252,0.052332311853678225,0.12098444287585029,0.11846443736934105,convergence,False
267768__148375,267768,148375,2024-10-18,2024-10-30,9,6.7151138584984,6.6549236784984,6.546354094070268,6.693544346492571,0.02248430963360639,0.008963389343551597,0.03144769897715799,0.04041108832070958,0.015964,0.000247,0.0118934345,0.0118920209,-0.000119,0.031201123634692237,0.040164512978243826,0.04004565748700622,convergence,False
267768__148375,267768,148375,2024-11-11,2024-12-11,29,7.0262780000000005,3.6064104203753997,6.790646004805816,3.627499391621874,-0.4658093811612839,0.48672534443194543,0.02091596327066153,0.507641307702607,0.015964,0.000795,0.0118497452,0.0117893255,-0.005099,0.020121442722716324,0.5068467871546618,0.5017479686585476,convergence,False
267768__148375,267768,148375,2025-04-09,2025-04-15,4,2.9008494615016,2.8094134211262,2.7930820398610954,2.834822402876093,0.014944195129002844,0.03152043619942591,0.046464631328428756,0.07798506752785467,0.015964,0.00011,0.0116009285,0.0116674546,0.005735,0.046355042287332865,0.07787547848675878,0.08361002809630085,convergence,False
267768__148375,267768,148375,2025-12-09,2025-12-12,2,2.8707361388738,2.7695636807508,2.8851996242942604,2.8647253761580522,-0.007096302094249812,0.03524268801753767,0.028146385923287855,0.06338907394082552,0.015964,5.5e-05,0.0111367256,0.0110394772,-0.008732,0.02809159140273991,0.06333427942027757,0.0546020538548026,convergence,False
267768__148375,267768,148375,2025-12-19,2025-12-24,2,3.071487741877,2.8990757603754,3.055921243849723,2.971994492556729,-0.027463649942518327,0.05613305212028571,0.02866940217776738,0.08480245429805308,0.015964,5.5e-05,0.0111602156,0.0111341221,-0.002338,0.028614607657219435,0.08474765977750513,0.08240957770676081,convergence,False
267768__148375,267768,148375,2026-01-14,2026-01-16,1,3.0413744192492,2.7396765,0.0,0.0,0.0,0.09919788807971824,0.09919788807971824,0.1983957761594365,0.015964,0.0,0.0,0.0,0.0,0.09919788807971824,0.1983957761594365,0.1983957761594365,overnight_abort,True
267768__148375,267768,148375,2026-01-27,2026-01-29,1,2.6197976388738,2.5205021807508,2.5895888544236727,2.601666354234051,0.004663867698436632,0.03790195725410488,0.04256582495254151,0.0804677822066464,0.015964,2.7e-05,0.0108644873,0.0108953828,0.002844,0.04253842769226754,0.08044038494637243,0.08328409943992253,convergence,False
267768__148375,267768,148375,2026-03-04,2026-04-10,36,2.2082586996246,2.1618539196246003,2.1409058932609057,2.191575731180947,0.023667475567019914,0.02101419548709955,0.044681671054119465,0.06569586654121902,0.015964,0.000986,0.0108947887,0.0107422928,-0.013997,0.043695369684256455,0.06470956517135601,0.0507124235838373,convergence,False
29235P__29235V,29235P,29235V,2024-04-04,2024-05-07,32,4.118979896417101,3.9617286564171,7.636663555980614,7.796194077394359,0.020890081151841464,0.03817722930300921,0.05906731045485067,0.09724453975785988,0.02571,0.000877,0.0007400445,0.0007355943,-0.006013,0.05819059812608354,0.09636782742909275,0.09035440526326355,convergence,False
29235P__29235V,29235P,29235V,2024-12-20,2025-03-10,77,3.23274455570855,3.13760972070855,6.64385841477792,6.211087867495584,-0.06513843617132566,0.029428503663243667,-0.03570993250808199,-0.006281428844838323,0.02571,0.00211,0.0006880986,0.0006849924,-0.004514,-0.037819521549177885,-0.008391017885934214,-0.012905196522542507,convergence,False
29235P__29235V,29235P,29235V,2025-04-09,2025-04-10,1,2.6889183857085506,2.64115247070855,0.0,0.0,0.0,0.01776398839543582,0.01776398839543582,0.03552797679087164,0.02571,0.0,0.0,0.0,0.0,0.01776398839543582,0.03552797679087164,0.03552797679087164,overnight_abort,True
29235P__29235V,29235P,29235V,2025-07-24,2025-07-29,4,3.6154371464171002,3.7532166114171,7.305357048063615,7.411668811932691,0.01455257603011406,-0.03810866000990764,-0.023556083979793578,-0.06166474398970122,0.02571,0.00011,0.0007227314,0.0007202588,-0.003421,-0.02366567302088947,-0.06177433303079711,-0.0651955210406165,convergence,False
29235P__29235V,29235P,29235V,2026-02-19,2026-02-23,3,4.4815303742914505,4.83549351570855,9.256623997241148,9.61048216537072,0.03822756203936093,-0.07898264919671837,-0.040755087157357435,-0.11973773635407581,0.02571,8.2e-05,0.0006914744,0.0006924249,0.001375,-0.04083727893817935,-0.11981992813489772,-0.11844532916203633,convergence,False
29235P__29235V,29235P,29235V,2026-02-24,2026-02-26,1,5.15627765929145,5.5404629100000005,10.44761206373317,11.003501328616116,0.053207303400229285,-0.07450825500373523,-0.021300951603505945,-0.09580920660724118,0.02571,2.7e-05,0.0007009231,0.0006982558,-0.003805,-0.021328348863779916,-0.09583660386751515,-0.09964201418998851,convergence,False
29235P__29235V,29235P,29235V,2026-03-04,2026-03-05,1,4.320396795000001,3.93194151929145,0.0,0.0,0.0,0.08991194423579572,0.08991194423579572,0.17982388847159145,0.02571,0.0,0.0,0.0,0.0,0.08991194423579572,0.17982388847159145,0.17982388847159145,overnight_abort,True
29235P__29235V,29235P,29235V,2026-03-23,2026-03-26,2,4.320396795000001,3.8227212221658,7.696563445938075,7.603968907268765,-0.01203063410309151,0.11519209842257105,0.10316146431947955,0.2183535627420506,0.02571,5.5e-05,0.000668333,0.0006633213,-0.007499,0.1031066697989316,0.21829876822150265,0.21079996148893074,convergence,False
516496__916822,516496,916822,2024-04-11,2024-04-12,1,19.002743817381,19.448682280555502,0.0,0.0,0.0,-0.023467056518786632,-0.023467056518786632,-0.046934113037573263,0.01295,0.0,0.0,0.0,0.0,-0.023467056518786632,-0.046934113037573263,-0.046934113037573263,overnight_abort,True
516496__916822,516496,916822,2024-04-19,2024-04-24,2,18.419604723492004,17.941919572619,18.05935540519961,18.166442684218822,0.005929739828276422,0.025933518012130504,0.031863257840406924,0.05779677585253743,0.01295,5.5e-05,0.0064580706,0.0064372843,-0.003219,0.03180846331985898,0.05774198133198949,0.05452332652199102,convergence,False
516496__916822,516496,916822,2024-04-26,2024-04-30,1,18.198407688055504,18.250247186944502,0.0,0.0,0.0,-0.0028485733355134977,-0.0028485733355134977,-0.005697146671026995,0.01295,0.0,0.0,0.0,0.0,-0.0028485733355134977,-0.005697146671026995,-0.005697146671026995,overnight_abort,True
516496__916822,516496,916822,2024-05-10,2024-05-13,1,19.455203313055502,17.782800352817503,0.0,0.0,0.0,0.08596173133362867,0.08596173133362867,0.17192346266725733,0.01295,0.0,0.0,0.0,0.0,0.08596173133362867,0.17192346266725733,0.17192346266725733,overnight_abort,True
516496__916822,516496,916822,2024-08-05,2024-08-06,1,15.58426575,15.286440995,0.0,0.0,0.0,0.01911060551569461,0.01911060551569461,0.03822121103138922,0.01295,0.0,0.0,0.0,0.0,0.01911060551569461,0.03822121103138922,0.03822121103138922,overnight_abort,True
516496__916822,516496,916822,2024-09-11,2024-09-13,1,16.388618971746002,16.1119257163095,16.295153739656264,16.282287543572714,-0.0007895719358718682,0.016883256356958542,0.016093684421086673,0.032976940778045215,0.01295,2.7e-05,0.0070514398,0.0071005072,0.006958,0.016066287160812702,0.03294954351777124,0.03990803729942417,convergence,False
516496__916822,516496,916822,2024-10-09,2024-10-15,5,16.670139180873,15.3361701645635,16.362804298327205,15.677401898102143,-0.041887832166710666,0.08002146843741242,0.03813363627070176,0.11815510470811419,0.01295,0.000137,0.0067308335,0.0067024129,-0.004222,0.03799664996933189,0.11801811840674432,0.11379566958224144,convergence,False
516496__916822,516496,916822,2025-03-24,2025-03-26,1,16.660090848492004,16.8379530930555,17.31500665966147,17.030202540297026,-0.016448397910694947,-0.010675946858932955,-0.0271243447696279,-0.037800291628560856,0.01295,2.7e-05,0.0066706686,0.0066398858,-0.004615,-0.027151742029901872,-0.03782768888883483,-0.04244233876066319,convergence,False
516496__916822,516496,916822,2025-04-07,2025-04-08,1,15.654646305000002,15.107419565,0.0,0.0,0.0,0.03495618676643113,0.03495618676643113,0.06991237353286225,0.01295,0.0,0.0,0.0,0.0,0.03495618676643113,0.06991237353286225,0.06991237353286225,overnight_abort,True
516496__916822,516496,916822,2025-04-09,2025-04-10,1,16.318230373254,15.783722745,0.0,0.0,0.0,0.032755244657537826,0.032755244657537826,0.06551048931507565,0.01295,0.0,0.0,0.0,0.0,0.032755244657537826,0.06551048931507565,0.06551048931507565,overnight_abort,True
516496__916822,516496,916822,2025-05-12,2025-05-13,1,18.067695915873003,17.375026334127,0.0,0.0,0.0,0.03833746067961396,0.03833746067961396,0.07667492135922792,0.01295,0.0,0.0,0.0,0.0,0.03833746067961396,0.07667492135922792,0.07667492135922792,overnight_abort,True
516496__916822,516496,916822,2025-09-29,2025-09-30,1,23.1250395,22.7257829369445,0.0,0.0,0.0,0.017265119181980145,0.017265119181980145,0.03453023836396029,0.01295,0.0,0.0,0.0,0.0,0.017265119181980145,0.03453023836396029,0.03453023836396029,overnight_abort,True
516496__916822,516496,916822,2025-10-17,2025-10-21,1,22.5821108280555,21.621816457381,22.351546307302026,21.835331704426206,-0.023095252372189477,0.04252456194136875,0.019429309569179272,0.06195387151054802,0.01295,2.7e-05,0.0066334992,0.0065817619,-0.007799,0.0194019123089053,0.06192647425027405,0.054127076309591377,convergence,False
516496__916822,516496,916822,2026-01-09,2026-01-14,1,25.930201302381,26.007829557619,25.916854255273677,26.208160185627904,0.011240018849700892,-0.0029937390123875446,0.008246279837313348,0.005252540824925803,0.01295,2.7e-05,0.0062839727,0.0063111392,0.004323,0.008218882577039375,0.00522514356465183,0.009548284561110978,convergence,False
516496__916822,516496,916822,2026-02-04,2026-02-12,7,27.106575078055503,32.641582026508004,26.657813419883826,32.85072231842022,0.2323112102629226,-0.2041942566522704,0.028116953610652196,-0.1760773030416182,0.01295,0.000192,0.0063678044,0.0065468591,0.028119,0.02792517278873439,-0.176269083863536,-0.14815033385921736,convergence,False
516496__916822,516496,916822,2026-03-04,2026-03-05,1,32.1337575780555,30.697208394881002,0.0,0.0,0.0,0.04470529721539738,0.04470529721539738,0.08941059443079476,0.01295,0.0,0.0,0.0,0.0,0.04470529721539738,0.08941059443079476,0.08941059443079476,overnight_abort,True
516496__916822,516496,916822,2026-03-09,2026-03-11,1,31.329405361746,31.318810582381,31.11737969098285,31.536891050109084,0.01348157728228634,0.0003381736500475301,0.01381975093233387,0.0141579245823814,0.01295,2.7e-05,0.0063271113,0.0062912866,-0.005662,0.013792353672059898,0.014130527322107428,0.008468433152845687,convergence,False
516895__916116,516895,916116,2024-07-26,2024-07-29,1,46.184457310098004,42.259896250000004,0.0,0.0,0.0,0.08497579680859245,0.08497579680859245,0.1699515936171849,0.018708,0.0,0.0,0.0,0.0,0.08497579680859245,0.1699515936171849,0.1699515936171849,overnight_abort,True
516895__916116,516895,916116,2024-08-05,2024-08-06,1,33.9004516845465,35.4684813406495,0.0,0.0,0.0,-0.046253945838066184,-0.046253945838066184,-0.09250789167613237,0.018708,0.0,0.0,0.0,0.0,-0.046253945838066184,-0.09250789167613237,-0.09250789167613237,overnight_abort,True
516895__916116,516895,916116,2024-09-26,2024-12-10,74,45.24417703889701,16.098537578051502,18.33836711533972,16.21373132384422,-0.11585741402887953,0.6441854260226375,0.528328011993758,1.1725134380163955,0.018708,0.002027,0.0070325956,0.0065806787,-0.06426,0.526300614733484,1.1704860407561215,1.106225712748636,convergence,False
516895__916116,516895,916116,2025-01-21,2025-04-01,69,17.427907846299004,18.266214707598,17.552885128154067,18.245827643128937,0.03947741410689349,-0.048101405440758,-0.00862399133386451,-0.05672539677462251,0.018708,0.00189,0.0063883472,0.0066838214,0.046252,-0.01051440229276862,-0.05861580773352662,-0.012363750550410522,convergence,False
516895__916116,516895,916116,2025-07-18,2025-10-20,90,19.509594266103,24.7891510045465,19.449170289804457,24.65790067565894,0.267812472626916,-0.2706133539443452,-0.002800881317429227,-0.27341423526177444,0.018708,0.002466,0.0068194217,0.0066334992,-0.027264,-0.005266634742086761,-0.275879988686432,-0.3031436641385601,force_close,False
516895__916116,516895,916116,2025-10-24,2025-11-18,22,26.021180812500003,23.446786778701,26.708552103251563,23.575651531688376,-0.11729952860985603,0.09893455844103433,-0.0183649701688217,0.08056958827221262,0.018708,0.000603,0.0065412919,0.0064302479,-0.016976,-0.018967709894849097,0.07996684854618523,0.06299099703281671,convergence,False
906640__906433,906640,906433,2024-04-26,2024-04-30,1,28.042755131028,29.713202462243,0.0,0.0,0.0,-0.059567874961284725,-0.059567874961284725,-0.11913574992256945,0.013393,0.0,0.0,0.0,0.0,-0.059567874961284725,-0.11913574992256945,-0.11913574992256945,overnight_abort,True
906640__906433,906640,906433,2024-08-05,2024-08-06,1,26.048301583458002,24.455019081215,0.0,0.0,0.0,0.06116646404519589,0.06116646404519589,0.12233292809039178,0.013393,0.0,0.0,0.0,0.0,0.06116646404519589,0.12233292809039178,0.12233292809039178,overnight_abort,True
906640__906433,906640,906433,2025-04-07,2025-04-08,1,25.667444232243,25.742134591028,0.0,0.0,0.0,-0.002909925823124117,-0.002909925823124117,-0.005819851646248234,0.013393,0.0,0.0,0.0,0.0,-0.002909925823124117,-0.005819851646248234,-0.005819851646248234,overnight_abort,True
906640__906433,906640,906433,2025-04-09,2025-04-10,1,27.932508401028,26.869589025701,0.0,0.0,0.0,0.038053130068614965,0.038053130068614965,0.07610626013722993,0.013393,0.0,0.0,0.0,0.0,0.038053130068614965,0.07610626013722993,0.07610626013722993,overnight_abort,True
906640__906433,906640,906433,2025-09-18,2025-09-24,5,35.509462474299006,35.589991192243,35.428937950106864,35.494821252799404,0.0018595901120525122,-0.002267810108426071,-0.0004082199963735588,-0.0026760301047996297,0.013393,0.000137,0.006758355,0.0067156912,-0.006313,-0.0005452062977434218,-0.002813016406169493,-0.009125765588477833,convergence,False
906640__906433,906640,906433,2026-01-09,2026-01-14,1,33.865784956542,33.923738,33.33345216474712,33.92209269195155,0.017659152862269743,-0.0017112564652603543,0.015947896397009387,0.014236639931749034,0.013393,2.7e-05,0.0062839727,0.0063111392,0.004323,0.015920499136735416,0.014209242671475062,0.018532383667934207,convergence,False
906640__906433,906640,906433,2026-02-02,2026-02-03,1,40.681040363270995,44.400186500000004,0.0,0.0,0.0,-0.0914220999148009,-0.0914220999148009,-0.1828441998296018,0.013393,0.0,0.0,0.0,0.0,-0.0914220999148009,-0.1828441998296018,-0.1828441998296018,overnight_abort,True
906640__906433,906640,906433,2026-02-06,2026-02-12,3,46.38380503775699,50.426632793458,48.1591266131173,50.831563068722566,0.05549179654095642,-0.08716033004213632,-0.031668533501179895,-0.1188288635433162,0.013393,8.2e-05,0.0064149854,0.0065468591,0.020557,-0.03175072528200181,-0.11891105532413812,-0.098353923580705,convergence,False
906640__906433,906640,906433,2026-03-04,2026-03-05,1,46.694498363270995,44.599734906729005,0.0,0.0,0.0,0.04486103352573312,0.04486103352573312,0.08972206705146624,0.013393,0.0,0.0,0.0,0.0,0.04486103352573312,0.08972206705146624,0.08972206705146624,overnight_abort,True
906640__906433,906640,906433,2026-03-23,2026-03-25,1,38.912081468271005,40.289432648784995,39.603422863237775,40.12900521173389,0.013271134424696204,-0.035396492003057854,-0.02212535757836165,-0.0575218495814195,0.013393,2.7e-05,0.0063013954,0.0062707715,-0.00486,-0.02215275483863562,-0.05754924684169348,-0.062409106929190834,convergence,False
906640__906433,906640,906433,2026-03-31,2026-04-15,14,39.348055168785,45.258273484112,41.062385128418576,45.10438736741678,0.09843564192282635,-0.15020356889241135,-0.051767926969585,-0.20197149586199636,0.013393,0.000384,0.0062970309,0.0062899012,-0.001132,-0.052151488613420616,-0.202355057505832,-0.20348728952330558,convergence,False
510265__932173,510265,932173,2024-04-26,2024-04-30,1,12.545330184,12.50559024,0.0,0.0,0.0,0.0031677080967294213,0.0031677080967294213,0.006335416193458843,0.012586,0.0,0.0,0.0,0.0,0.0031677080967294213,0.006335416193458843,0.006335416193458843,overnight_abort,True
510265__932173,510265,932173,2024-06-27,2024-07-11,13,13.557099882744001,13.642463077256002,13.294973258874194,13.913232188821656,0.04650320974017632,-0.006296567499709427,0.04020664224046689,0.03391007474075747,0.012586,0.000356,0.0062167791,0.0062966341,0.012845,0.03985047785690524,0.03355391035719582,0.04639898635482942,convergence,False
510265__932173,510265,932173,2024-08-05,2024-08-06,1,12.464108922744002,12.241317400000002,0.0,0.0,0.0,0.017874645040806655,0.017874645040806655,0.03574929008161331,0.012586,0.0,0.0,0.0,0.0,0.017874645040806655,0.03574929008161331,0.03574929008161331,overnight_abort,True
510265__932173,510265,932173,2024-08-07,2024-08-16,8,13.085810202744002,14.230844117256002,13.705663690398382,14.460690379538226,0.05508866306626107,-0.08750195033945202,-0.03241328727319095,-0.11991523761264297,0.012586,0.000219,0.0067895572,0.0067750673,-0.002134,-0.03263246535538273,-0.12013441569483475,-0.12226856076102555,convergence,False
510265__932173,510265,932173,2024-11-22,2024-11-26,1,13.306413882744001,13.423066757256,13.450933928249592,13.494929216329897,0.003270798021534138,-0.008766665124047928,-0.005495867102513791,-0.014262532226561719,0.012586,2.7e-05,0.0064844535,0.0065314653,0.00725,-0.005523264362787763,-0.014289929486835691,-0.0070400047244791025,convergence,False
510265__932173,510265,932173,2024-12-12,2024-12-18,5,14.15874528,13.512819797256,13.901624076086215,13.67734546572175,-0.016133266813787045,0.0456202488264553,0.029486982012668257,0.07510723083912356,0.012586,0.000137,0.0065080863,0.006459322,-0.007493,0.029349995711298395,0.0749702445377537,0.06747736602444937,convergence,False
510265__932173,510265,932173,2025-01-06,2025-01-07,1,13.963211202744,13.592600277256,0.0,0.0,0.0,0.02654195514962697,0.02654195514962697,0.05308391029925394,0.012586,0.0,0.0,0.0,0.0,0.02654195514962697,0.05308391029925394,0.05308391029925394,overnight_abort,True
510265__932173,510265,932173,2025-03-17,2025-03-18,1,13.582168482744,13.273478357256,0.0,0.0,0.0,0.02272760243551597,0.02272760243551597,0.04545520487103194,0.012586,0.0,0.0,0.0,0.0,0.02272760243551597,0.04545520487103194,0.04545520487103194,overnight_abort,True
510265__932173,510265,932173,2025-04-09,2025-04-10,1,12.544328442744002,11.897265077256002,0.0,0.0,0.0,0.051582144747037456,0.051582144747037456,0.10316428949407491,0.012586,0.0,0.0,0.0,0.0,0.051582144747037456,0.10316428949407491,0.10316428949407491,overnight_abort,True
510265__932173,510265,932173,2025-05-02,2025-05-08,1,13.930120650744001,12.969315277256001,13.410889388471249,13.070224923488421,-0.025402078498662578,0.06897322697895542,0.04357114848029284,0.11254437545924825,0.012586,2.7e-05,0.0069528941,0.0068530702,-0.014357,0.04354375122001886,0.11251697819897429,0.0981598056943622,convergence,False
510265__932173,510265,932173,2025-09-29,2025-09-30,1,12.915343722744002,12.49561768,0.0,0.0,0.0,0.03249824795641024,0.03249824795641024,0.06499649591282047,0.012586,0.0,0.0,0.0,0.0,0.03249824795641024,0.06499649591282047,0.06499649591282047,overnight_abort,True
510265__932173,510265,932173,2025-11-12,2025-11-13,1,13.39665984,14.350514837256,0.0,0.0,0.0,-0.07120095670474232,-0.07120095670474232,-0.14240191340948463,0.012586,0.0,0.0,0.0,0.0,-0.07120095670474232,-0.14240191340948463,-0.14240191340948463,overnight_abort,True
510265__932173,510265,932173,2025-11-28,2025-12-04,3,15.783190560000001,15.201174205256,15.28774720127298,15.294183915154253,0.00042103743583208394,0.03687570979590331,0.03729674723173539,0.0741724570276387,0.012586,8.2e-05,0.0064331431,0.0064476607,0.002257,0.03721455545091348,0.07409026524681678,0.07634695373863654,convergence,False
510265__932173,510265,932173,2026-01-08,2026-01-14,5,16.134147951768,16.449733730976,16.373577089047952,16.567688077506702,0.01185513632134714,-0.019560114370552655,-0.007704978049205514,-0.02726509241975817,0.012586,0.000137,0.0063337239,0.0063111392,-0.003566,-0.007841964350575378,-0.027402078721128032,-0.03096786408793251,convergence,False
510265__932173,510265,932173,2026-02-06,2026-02-10,1,17.768625685488,17.751160789024002,17.642659858017396,17.781665968573567,0.007878976961231939,0.0009829064314333805,0.00886188339266532,0.0098447898240987,0.012586,2.7e-05,0.0064149854,0.0064773132,0.009716,0.008834486132391347,0.009817392563824728,0.019533361675773186,convergence,False
510265__932173,510265,932173,2026-03-04,2026-03-05,1,16.986486368232,16.544474048232,0.0,0.0,0.0,0.02602140963222671,0.02602140963222671,0.05204281926445342,0.012586,0.0,0.0,0.0,0.0,0.02602140963222671,0.05204281926445342,0.05204281926445342,overnight_abort,True
510265__932173,510265,932173,2026-03-23,2026-03-26,2,14.82055632,14.240815679999999,14.762815507535054,14.368171655949084,-0.026732289066712295,0.039117333214924874,0.012385044148212579,0.05150237736313745,0.012586,5.5e-05,0.0063013954,0.0062570388,-0.007039,0.012330249627664634,0.05144758284258951,0.044408411804377886,convergence,False
29072L__141024,29072L,141024,2024-04-01,2024-04-02,1,15.97988574,15.29351581,0.0,0.0,0.0,0.042952117503688714,0.042952117503688714,0.08590423500737743,0.025526,0.0,0.0,0.0,0.0,0.042952117503688714,0.08590423500737743,0.08590423500737743,overnight_abort,True
29072L__141024,29072L,141024,2024-06-03,2024-06-04,1,17.521451010000003,16.692865559528002,0.0,0.0,0.0,0.047289773546671646,0.047289773546671646,0.09457954709334329,0.025526,0.0,0.0,0.0,0.0,0.047289773546671646,0.09457954709334329,0.09457954709334329,overnight_abort,True
29072L__141024,29072L,141024,2024-06-05,2024-06-06,1,17.914398012441,17.199004514882002,0.0,0.0,0.0,0.039933995943496406,0.039933995943496406,0.07986799188699281,0.025526,0.0,0.0,0.0,0.0,0.039933995943496406,0.07986799188699281,0.07986799188699281,overnight_abort,True
29072L__141024,29072L,141024,2024-06-13,2024-06-21,7,16.826232277323,16.143536564295,3.2367571815612,3.2430352584388,0.0019396193552497854,0.04057329661067859,0.04251291596592838,0.08308621257660698,0.025526,0.000192,1.0,1.0,0.0,0.04232113514401057,0.08289443175468916,0.08289443175468916,convergence,False
29072L__141024,29072L,141024,2024-06-28,2024-07-01,1,16.714401288795003,15.963420432087002,0.0,0.0,0.0,0.04493016792719002,0.04493016792719002,0.08986033585438004,0.025526,0.0,0.0,0.0,0.0,0.04493016792719002,0.08986033585438004,0.08986033585438004,overnight_abort,True
29072L__141024,29072L,141024,2024-07-03,2024-07-08,3,16.534047220236,15.7993629877,3.2367571815612,3.1833471005204,-0.016501108376328285,0.044434627695802247,0.02793351931947396,0.0723681470152762,0.025526,8.2e-05,1.0,1.0,0.0,0.027851327538652045,0.07228595523445429,0.07228595523445429,convergence,False
29072L__141024,29072L,141024,2024-07-30,2024-08-01,1,17.017671510000003,16.107313460236,3.2468085179184003,3.2231388410408,-0.007290136374526724,0.053494865571300655,0.04620472919677393,0.09969959476807459,0.025526,2.7e-05,1.0,1.0,0.0,0.046177331936499956,0.09967219750780063,0.09967219750780063,convergence,False
29072L__141024,29072L,141024,2024-08-05,2024-08-06,1,17.168799314646,16.137085697795,0.0,0.0,0.0,0.060092356951885834,0.060092356951885834,0.12018471390377167,0.025526,0.0,0.0,0.0,0.0,0.060092356951885834,0.12018471390377167,0.12018471390377167,overnight_abort,True
29072L__141024,29072L,141024,2024-08-13,2024-08-23,9,17.924468564646002,17.665453769764003,3.4579013579184,3.5315259989592,0.021291712348070264,0.014450347241695997,0.03574205958976626,0.050192406831462255,0.025526,0.000247,1.0,1.0,0.0,0.03549548424730051,0.0499458314889965,0.0499458314889965,convergence,False
29072L__141024,29072L,141024,2024-08-30,2024-09-03,1,19.627245289764,18.017765362559,0.0,0.0,0.0,0.08200233417597205,0.08200233417597205,0.1640046683519441,0.025526,0.0,0.0,0.0,0.0,0.08200233417597205,0.1640046683519441,0.1640046683519441,overnight_abort,True
29072L__141024,29072L,141024,2024-09-10,2024-09-13,2,19.28467926,18.062423222677,3.7293069405203996,3.6111096789592,-0.031694162868960866,0.06337964043084632,0.03168547756188545,0.09506511799273176,0.025526,5.5e-05,1.0,1.0,0.0,0.03163068304133751,0.09501032347218381,0.09501032347218381,convergence,False
29072L__141024,29072L,141024,2024-10-03,2024-10-04,1,20.201561980236004,19.392291185354,0.0,0.0,0.0,0.040059812982468655,0.040059812982468655,0.08011962596493731,0.025526,0.0,0.0,0.0,0.0,0.040059812982468655,0.08011962596493731,0.08011962596493731,overnight_abort,True
29072L__141024,29072L,141024,2024-10-08,2024-10-09,1,21.6625185,19.888511685354,0.0,0.0,0.0,0.08189291631284702,0.08189291631284702,0.16378583262569404,0.025526,0.0,0.0,0.0,0.0,0.08189291631284702,0.16378583262569404,0.16378583262569404,overnight_abort,True
29072L__141024,29072L,141024,2024-11-11,2024-11-15,3,23.869075732677004,23.104025487559,4.5133657589592,4.645697419479601,0.02931995047326211,0.03205194259242485,0.06137189306568697,0.09342383565811181,0.025526,8.2e-05,1.0,1.0,0.0,0.06128970128486505,0.0933416438772899,0.0933416438772899,convergence,False
29072L__141024,29072L,141024,2024-12-10,2024-12-11,1,24.644900192913003,21.823783544646002,0.0,0.0,0.0,0.11447060552828912,0.11447060552828912,0.22894121105657825,0.025526,0.0,0.0,0.0,0.0,0.11447060552828912,0.22894121105657825,0.22894121105657825,overnight_abort,True
29072L__141024,29072L,141024,2024-12-17,2024-12-18,1,23.073095054646,21.059600004882,0.0,0.0,0.0,0.08726592791280346,0.08726592791280346,0.17453185582560693,0.025526,0.0,0.0,0.0,0.0,0.08726592791280346,0.17453185582560693,0.17453185582560693,overnight_abort,True
29072L__141024,29072L,141024,2025-01-08,2025-01-10,1,22.559246010000003,21.253118060354,0.0,0.0,0.0,0.057897677478539133,0.057897677478539133,0.11579535495707827,0.025526,0.0,0.0,0.0,0.0,0.057897677478539133,0.11579535495707827,0.11579535495707827,overnight_abort,True
29072L__141024,29072L,141024,2025-01-13,2025-01-16,2,22.448413512441004,20.672548014882,4.2620647589592,4.1582476779184,-0.024358400660752125,0.07910873062699114,0.05475032996623902,0.13385906059323016,0.025526,5.5e-05,1.0,1.0,0.0,0.05469553544569108,0.13380426607268223,0.13380426607268223,convergence,False
29072L__141024,29072L,141024,2025-03-11,2025-03-14,2,23.294760049764,21.734451945354,4.3927413794796,4.3671548379184,-0.0058247320638373625,0.06698107647714573,0.06115634441330836,0.1281374208904541,0.025526,5.5e-05,1.0,1.0,0.0,0.06110154989276042,0.12808262636990617,0.12808262636990617,convergence,False
29072L__141024,29072L,141024,2025-03-18,2025-03-21,2,23.738088024882003,21.292823639882002,4.4631053579184,4.26767484,-0.04378801355689925,0.10301016587506552,0.05922215231816627,0.1622323181932318,0.025526,5.5e-05,1.0,1.0,0.0,0.05916735779761833,0.16217752367268387,0.16217752367268387,convergence,False
29072L__141024,29072L,141024,2025-04-11,2025-04-14,1,21.712900480236005,20.017533977559,0.0,0.0,0.0,0.07808107001734742,0.07808107001734742,0.15616214003469484,0.025526,0.0,0.0,0.0,0.0,0.07808107001734742,0.15616214003469484,0.15616214003469484,overnight_abort,True
29072L__141024,29072L,141024,2025-05-30,2025-06-05,3,27.496279064646004,26.795907,5.31752916,5.3619508379184,0.008353819336347459,0.025471521546583515,0.033825340882930974,0.059296862429514485,0.025526,8.2e-05,1.0,1.0,0.0,0.03374314910210906,0.05921467064869257,0.05921467064869257,convergence,False
29072L__141024,29072L,141024,2025-06-12,2025-06-18,5,29.461031205354004,27.837974019764,5.639194138438801,5.6305452605204,-0.0015337081338355023,0.05509166241591171,0.05355795428207621,0.10864961669798791,0.025526,0.000137,1.0,1.0,0.0,0.05342096798070634,0.10851263039661804,0.10851263039661804,convergence,False
29072L__141024,29072L,141024,2025-06-23,2025-06-24,1,30.126008054646004,27.123414514882,0.0,0.0,0.0,0.09966781972299667,0.09966781972299667,0.19933563944599333,0.025526,0.0,0.0,0.0,0.0,0.09966781972299667,0.19933563944599333,0.19933563944599333,overnight_abort,True
29072L__141024,29072L,141024,2025-07-03,2025-07-08,1,34.448445232677,30.765671,6.2423169405204,6.1478396779184,-0.01513496727292476,0.10690683448272453,0.09177186720979977,0.1986787016925243,0.025526,2.7e-05,1.0,1.0,0.0,0.0917444699495258,0.19865130443225032,0.19865130443225032,convergence,False
29072L__141024,29072L,141024,2025-08-01,2025-08-04,1,31.989998250000003,29.793083782205002,0.0,0.0,0.0,0.06867504182483038,0.06867504182483038,0.13735008364966075,0.025526,0.0,0.0,0.0,0.0,0.06867504182483038,0.13735008364966075,0.13735008364966075,overnight_abort,True
29072L__141024,29072L,141024,2025-09-04,2025-09-05,1,33.954735277323,31.698568517323,0.0,0.0,0.0,0.06644630687216123,0.06644630687216123,0.13289261374432246,0.025526,0.0,0.0,0.0,0.0,0.06644630687216123,0.13289261374432246,0.13289261374432246,overnight_abort,True
29072L__141024,29072L,141024,2025-11-04,2025-11-05,1,32.573369873205,30.319076519764003,0.0,0.0,0.0,0.06920663604091486,0.06920663604091486,0.1384132720818297,0.025526,0.0,0.0,0.0,0.0,0.06920663604091486,0.1384132720818297,0.1384132720818297,overnight_abort,True
29072L__141024,29072L,141024,2025-11-28,2025-12-01,1,33.904354304646006,32.383354792205,0.0,0.0,0.0,0.044861479996762,0.044861479996762,0.089722959993524,0.025526,0.0,0.0,0.0,0.0,0.044861479996762,0.089722959993524,0.089722959993524,overnight_abort,True
29072L__141024,29072L,141024,2025-12-17,2025-12-22,4,36.574395730236006,34.318611764882,6.9459595394796,6.8939366779184,-0.0074896580185230665,0.06167658878063574,0.05418693076211267,0.11586351954274841,0.025526,0.00011,1.0,1.0,0.0,0.05407734172101678,0.11575393050165253,0.11575393050165253,convergence,False
29072L__141024,29072L,141024,2026-02-23,2026-02-24,1,44.806150745118,43.280353002441,0.0,0.0,0.0,0.0340533100322896,0.0340533100322896,0.0681066200645792,0.025526,0.0,0.0,0.0,0.0,0.0340533100322896,0.0681066200645792,0.0681066200645792,overnight_abort,True
29072L__141024,29072L,141024,2026-03-05,2026-03-06,1,43.355262762441,41.290503835236,0.0,0.0,0.0,0.04762418206339912,0.04762418206339912,0.09524836412679824,0.025526,0.0,0.0,0.0,0.0,0.04762418206339912,0.09524836412679824,0.09524836412679824,overnight_abort,True
29072L__141024,29072L,141024,2026-03-19,2026-03-20,1,43.939648997559004,39.667868754882,0.0,0.0,0.0,0.09721926187699668,0.09721926187699668,0.19443852375399337,0.025526,0.0,0.0,0.0,0.0,0.09721926187699668,0.19443852375399337,0.19443852375399337,overnight_abort,True
518085__912002,518085,912002,2024-08-05,2024-08-08,1,8.348680294696349,7.825546626565449,0.0,0.0,0.0,0.06266064212127391,0.06266064212127391,0.12532128424254782,0.035128999999999994,0.0,0.0,0.0,0.0,0.06266064212127391,0.12532128424254782,0.12532128424254782,overnight_abort,True
518085__912002,518085,912002,2024-10-07,2024-11-20,42,12.187853999999998,9.55799490343455,10.851228149265506,10.511617852884143,-0.03129694553554751,0.2157770429942342,0.18448009745868668,0.4002571404529209,0.035128999999999994,0.001151,0.0066979232,0.0064335574,-0.03947,0.18332941252717982,0.39910645552141405,0.3596366389669334,convergence,False
518085__912002,518085,912002,2024-11-21,2024-11-26,1,11.222983240654498,10.099385814345501,0.0,0.0,0.0,0.10011575373638994,0.10011575373638994,0.20023150747277987,0.035128999999999994,0.0,0.0,0.0,0.0,0.10011575373638994,0.20023150747277987,0.20023150747277987,overnight_abort,True
518085__912002,518085,912002,2024-12-19,2024-12-20,1,12.390984899999998,10.8376449393455,0.0,0.0,0.0,0.12536049177612169,0.12536049177612169,0.25072098355224337,0.035128999999999994,0.0,0.0,0.0,0.0,0.12536049177612169,0.25072098355224337,0.25072098355224337,overnight_abort,True
518085__912002,518085,912002,2025-01-15,2025-02-07,1,11.4768968656545,10.2962549143455,0.0,0.0,0.0,0.10287118243975525,0.10287118243975525,0.2057423648795105,0.035128999999999994,0.0,0.0,0.0,0.0,0.10287118243975525,0.2057423648795105,0.2057423648795105,overnight_abort,True
518085__912002,518085,912002,2025-05-19,2025-06-10,19,11.629244024999998,8.485058111565449,10.188502492892315,9.057259389946637,-0.1110313418222996,0.27036889987649476,0.15933755805419517,0.42970645793068996,0.035128999999999994,0.000521,0.0069437211,0.0069034552,-0.005799,0.1588170101089897,0.4291859099854845,0.42338701636344656,convergence,False
518085__912002,518085,912002,2026-03-23,2026-03-24,1,9.336404194380899,8.51458827969635,0.0,0.0,0.0,0.08802274382884559,0.08802274382884559,0.17604548765769118,0.035128999999999994,0.0,0.0,0.0,0.0,0.08802274382884559,0.17604548765769118,0.17604548765769118,overnight_abort,True
874567__929751,874567,929751,2024-06-12,2024-06-26,13,15.696960036678,14.697864953322,3.922198519913973,3.8292340572734864,-0.023702130875957204,0.06364895374782656,0.039946822871869354,0.1035957766196959,0.022495,0.000356,0.7402745323,0.7361330929,-0.005594,0.03959065848830771,0.10323961223613426,0.09764514799442553,convergence,False
874567__929751,874567,929751,2024-07-03,2024-07-10,5,15.75602519,15.239074936,3.913888625185882,3.915849739222928,0.0005010653661491317,0.0328096869461784,0.03331075231232753,0.06612043925850593,0.022495,0.000137,0.7415094938,0.7413998727,-0.000148,0.033173766010957666,0.06598345295713606,0.0658356178978191,convergence,False
874567__929751,874567,929751,2024-08-06,2024-08-22,15,16.356780570966002,16.0927325,3.997979552577286,4.074761148285699,0.01920509965062622,0.016143034371610916,0.03534813402223713,0.051491168393848055,0.022495,0.000411,0.7531536615,0.7628348101,0.012854,0.03493717511812754,0.051080209489738466,0.06393435744769807,convergence,False
874567__929751,874567,929751,2024-09-11,2024-09-12,1,17.467433438712003,16.863989331668,0.0,0.0,0.0,0.034546810163113346,0.034546810163113346,0.06909362032622669,0.022495,0.0,0.0,0.0,0.0,0.034546810163113346,0.06909362032622669,0.06909362032622669,overnight_abort,True
874567__929751,874567,929751,2024-12-19,2024-12-24,4,15.246138809678001,14.47850764,3.76068711343208,3.7980165297087343,0.009926222296804324,0.050349218202757104,0.060275440499561427,0.11062465870231854,0.022495,0.00011,0.7376805141,0.735780815,-0.002575,0.060165851458465536,0.11051506966122265,0.1079398368013474,convergence,False
874567__929751,874567,929751,2024-12-31,2025-02-19,48,16.154848,15.091517948322,3.770683841860833,3.7995075925650164,0.007644170636687158,0.06582111151265559,0.07346528214934274,0.13928639366199833,0.022495,0.001315,0.7296075776,0.74471243,0.020703,0.07215021365619205,0.13797132516884764,0.15867403284862056,convergence,False
874567__929751,874567,929751,2025-05-22,2025-05-23,1,19.173791278068002,18.004047027746,0.0,0.0,0.0,0.06100745717723633,0.06100745717723633,0.12201491435447266,0.022495,0.0,0.0,0.0,0.0,0.06100745717723633,0.12201491435447266,0.12201491435447266,overnight_abort,True
874567__929751,874567,929751,2025-05-28,2025-05-29,1,19.183882,17.657443240644,0.0,0.0,0.0,0.07956881507903359,0.07956881507903359,0.15913763015806717,0.022495,0.0,0.0,0.0,0.0,0.07956881507903359,0.15913763015806717,0.15913763015806717,overnight_abort,True
547123__912005,547123,912005,2024-04-26,2024-04-30,1,21.72868108281,21.939447547372,0.0,0.0,0.0,-0.009699919832168013,-0.009699919832168013,-0.019399839664336026,0.012862,0.0,0.0,0.0,0.0,-0.009699919832168013,-0.019399839664336026,-0.019399839664336026,overnight_abort,True
547123__912005,547123,912005,2024-08-05,2024-08-06,1,18.594437597189998,19.361266113686,0.0,0.0,0.0,-0.041239672482048365,-0.041239672482048365,-0.08247934496409673,0.012862,0.0,0.0,0.0,0.0,-0.041239672482048365,-0.08247934496409673,-0.08247934496409673,overnight_abort,True
547123__912005,547123,912005,2025-03-14,2025-03-26,9,20.372516355437998,20.28703141719,40.94358583800444,41.0307030086458,0.0021277367103616006,0.004196091280848539,0.006323827991210139,0.010519919272058679,0.012862,0.000247,0.0067017391,0.0066398858,-0.009229,0.0060772526487443855,0.010273343929592924,0.001043903768306988,convergence,False
547123__912005,547123,912005,2025-04-07,2025-04-08,1,18.323216907372,18.087107464562003,0.0,0.0,0.0,0.012885807334137014,0.012885807334137014,0.025771614668274028,0.012862,0.0,0.0,0.0,0.0,0.012885807334137014,0.025771614668274028,0.025771614668274028,overnight_abort,True
547123__912005,547123,912005,2025-04-09,2025-04-10,1,19.307683649124,18.425552402810002,0.0,0.0,0.0,0.045688093007159994,0.045688093007159994,0.09137618601431999,0.012862,0.0,0.0,0.0,0.0,0.045688093007159994,0.09137618601431999,0.09137618601431999,overnight_abort,True
547123__912005,547123,912005,2025-04-15,2025-04-16,1,20.73415968,20.197431047372,0.0,0.0,0.0,0.025886201365841976,0.025886201365841976,0.05177240273168395,0.012862,0.0,0.0,0.0,0.0,0.025886201365841976,0.05177240273168395,0.05177240273168395,overnight_abort,True
547123__912005,547123,912005,2025-09-18,2025-09-24,5,23.928674876496,23.173795644562002,47.5255532994094,46.566710614653594,-0.02017530819084065,0.031547055398185885,0.011371747207345236,0.04291880260553112,0.012862,0.000137,0.006758355,0.0067156912,-0.006313,0.011234760905975373,0.04278181630416125,0.03646906712185291,convergence,False
547123__912005,547123,912005,2025-10-06,2025-10-10,3,23.808116386313998,21.859825448066,47.35472459518015,45.055369551543805,-0.04855597964707367,0.08183305670363591,0.03327707705656224,0.11511013376019816,0.012862,8.2e-05,0.0065830618,0.0066148499,0.004829,0.03319488527574033,0.11502794197937624,0.11985671329669853,convergence,False
547123__912005,547123,912005,2025-12-29,2026-01-08,9,23.104926,11.158860975438001,22.508582849720394,22.008192084880758,-0.022231109269762506,0.5170354159351992,0.4948043066654367,1.011839722600636,0.012862,0.000247,0.0063934527,0.006374502,-0.002964,0.49455773132297093,1.01159314725817,1.008629068083861,convergence,False
547520__936485,547520,936485,2024-08-05,2024-08-07,1,23.383347944765,22.916218000953002,23.497229597083244,23.35861856886848,-0.005899037060606108,0.019977034294465824,0.014077997233859716,0.03405503152832554,0.027961999999999997,2.7e-05,0.0069288065,0.0068168645,-0.016156,0.014050599973585744,0.03402763426805157,0.017871605087557144,convergence,False
547520__936485,547520,936485,2024-08-29,2024-09-03,4,26.436414884281998,24.518469195718,25.03796120580545,25.01424689858262,-0.0009471341147908634,0.07254938678180331,0.07160225266701245,0.14415163944881576,0.027961999999999997,0.00011,0.0068408811,0.0068740329,0.004846,0.07149266362591657,0.14404205040771986,0.14888818053560654,convergence,False
547520__936485,547520,936485,2024-09-11,2024-09-13,1,27.760776456671,27.653761043329002,27.67583337316245,27.99039314104047,0.011365864349474362,0.0038549142711850003,0.015220778620659363,0.019075692891844364,0.027961999999999997,2.7e-05,0.0070514398,0.0071005072,0.006958,0.01519338136038539,0.019048295631570393,0.026006789413223326,convergence,False
547520__936485,547520,936485,2024-09-20,2024-09-24,1,28.761609817141,27.070212433812,0.0,0.0,0.0,0.058807465718451614,0.058807465718451614,0.11761493143690323,0.027961999999999997,0.0,0.0,0.0,0.0,0.058807465718451614,0.11761493143690323,0.11761493143690323,overnight_abort,True
547520__936485,547520,936485,2024-11-01,2024-11-08,3,25.243498431906,24.953651853812,24.94008431538416,25.218218695827126,0.011152102652331521,0.01148202888263912,0.02263413153497064,0.03411616041760976,0.027961999999999997,8.2e-05,0.006595436,0.0065513627,-0.006682,0.022551939754148723,0.03403396863678784,0.027351574933020564,convergence,False
547520__936485,547520,936485,2024-11-21,2024-11-26,4,24.222440956671,22.975557853812,23.38486489781133,23.16207429806568,-0.009527127940196141,0.05147636049931635,0.04194923255912021,0.09342559305843656,0.027961999999999997,0.00011,0.0064618263,0.0065314653,0.010777,0.04183964351802432,0.09331600401734068,0.10409298822689762,convergence,False
547520__936485,547520,936485,2025-01-06,2025-01-07,1,23.777619614765,22.50081925,0.0,0.0,0.0,0.05369756878321652,0.05369756878321652,0.10739513756643304,0.027961999999999997,0.0,0.0,0.0,0.0,0.05369756878321652,0.10739513756643304,0.10739513756643304,overnight_abort,True
547520__936485,547520,936485,2025-01-29,2025-01-31,1,24.744083606094,23.905265000953,24.506111671206984,24.184783671501776,-0.013112157653421053,0.03389976442426888,0.02078760677084783,0.05468737119511671,0.027961999999999997,2.7e-05,0.0064806714,0.006443091,-0.005799,0.02076020951057386,0.05465997393484274,0.04886113031502892,convergence,False
547520__936485,547520,936485,2025-04-02,2025-04-03,1,25.192947749047,25.102017805235,0.0,0.0,0.0,0.003609341182213973,0.003609341182213973,0.007218682364427946,0.027961999999999997,0.0,0.0,0.0,0.0,0.003609341182213973,0.007218682364427946,0.007218682364427946,overnight_abort,True
547520__936485,547520,936485,2025-04-07,2025-04-08,1,25.748974931906,25.1331678405,0.0,0.0,0.0,0.02391579055222676,0.02391579055222676,0.04783158110445352,0.027961999999999997,0.0,0.0,0.0,0.0,0.02391579055222676,0.04783158110445352,0.04783158110445352,overnight_abort,True
547520__936485,547520,936485,2025-04-09,2025-04-10,1,26.972218963329,26.358096615718,0.0,0.0,0.0,0.022768699469848917,0.022768699469848917,0.04553739893969783,0.027961999999999997,0.0,0.0,0.0,0.0,0.022768699469848917,0.04553739893969783,0.04553739893969783,overnight_abort,True
547520__936485,547520,936485,2025-04-11,2025-04-14,1,30.763292713329,26.773510202376002,0.0,0.0,0.0,0.12969296063760827,0.12969296063760827,0.25938592127521654,0.027961999999999997,0.0,0.0,0.0,0.0,0.12969296063760827,0.25938592127521654,0.25938592127521654,overnight_abort,True
547520__936485,547520,936485,2025-06-12,2025-06-18,5,31.238441634281997,30.373640293329,30.968952953500725,30.799194878764386,-0.005481556802751066,0.02768388228444592,0.022202325481694856,0.04988620776614078,0.027961999999999997,0.000137,0.0069398656,0.0068910859,-0.007029,0.022065339180324994,0.04974922146477091,0.04272031012677607,convergence,False
547520__936485,547520,936485,2025-07-07,2025-07-08,1,32.593130785718,30.789038055235,0.0,0.0,0.0,0.05535193112757179,0.05535193112757179,0.11070386225514359,0.027961999999999997,0.0,0.0,0.0,0.0,0.05535193112757179,0.11070386225514359,0.11070386225514359,overnight_abort,True
547520__936485,547520,936485,2025-07-31,2025-08-01,1,33.806271352859,34.062781647140994,0.0,0.0,0.0,-0.007587654125017892,-0.007587654125017892,-0.015175308250035784,0.027961999999999997,0.0,0.0,0.0,0.0,-0.007587654125017892,-0.015175308250035784,-0.015175308250035784,overnight_abort,True
547520__936485,547520,936485,2025-08-18,2025-08-19,1,38.325232273812,37.207944183812,0.0,0.0,0.0,0.029152806746678195,0.029152806746678195,0.05830561349335639,0.027961999999999997,0.0,0.0,0.0,0.0,0.029152806746678195,0.05830561349335639,0.05830561349335639,overnight_abort,True
547520__936485,547520,936485,2025-08-26,2025-09-08,12,38.608298102858996,12.091100564047,36.59374668208229,12.144102217354076,-0.6681372278477214,0.6868263777948908,0.018689149947169303,0.7055155277420601,0.027961999999999997,0.000329,0.0067837998,0.0067785121,-0.000779,0.01836038282388163,0.7051867606187724,0.704407300706055,convergence,False
547520__936485,547520,936485,2026-02-09,2026-02-12,2,14.719476690953,14.77636218,14.423176839700513,15.01218098448396,0.04083733780218123,-0.0038646407234003803,0.036972697078780856,0.03310805635538047,0.027961999999999997,5.5e-05,0.0064773132,0.0065468591,0.010737,0.036917902558232914,0.03305326183483253,0.0437901056237047,convergence,False
547520__936485,547520,936485,2026-02-18,2026-03-02,11,16.013496530953002,13.332353560000001,15.110131476315901,13.560947055683883,-0.1025262038957278,0.16743020275244283,0.06490399885671504,0.23233420160915785,0.027961999999999997,0.000301,0.0064516129,0.0063546528,-0.015029,0.06460262899370134,0.23203283174614414,0.21700401623862978,convergence,False
921505__916933,921505,916933,2024-04-26,2024-05-01,1,14.637242635097998,14.54720622,14.635981770924566,14.82860817874423,0.013161153849093292,0.0061511868965063035,0.019312340745599597,0.0254635276421059,0.016598,2.7e-05,0.006336734,0.0064731199,0.021523,0.019284943485325626,0.02543613038183193,0.04695918942139395,convergence,False
921505__916933,921505,916933,2024-05-09,2024-05-23,13,14.873654384297998,13.8900429,14.808425420388618,14.00053401194723,-0.05455619929240158,0.06613112412618583,0.011574924833784243,0.07770604895997008,0.016598,0.000356,0.0064211637,0.0063720649,-0.007646,0.0112187604502226,0.07734988457640843,0.06970348241413366,convergence,False
921505__916933,921505,916933,2024-08-05,2024-08-06,1,13.819141484298,13.67098846,0.0,0.0,0.0,0.010720855884306404,0.010720855884306404,0.021441711768612808,0.016598,0.0,0.0,0.0,0.0,0.010720855884306404,0.021441711768612808,0.021441711768612808,overnight_abort,True
921505__916933,921505,916933,2024-09-05,2024-09-06,1,15.817693499999999,15.50308014,0.0,0.0,0.0,0.0198899643617446,0.0198899643617446,0.0397799287234892,0.016598,0.0,0.0,0.0,0.0,0.0198899643617446,0.0397799287234892,0.0397799287234892,overnight_abort,True
921505__916933,921505,916933,2024-09-12,2024-09-27,14,15.795598943999998,15.433380999999999,15.394894813138896,15.67947964713235,0.018485662776375273,0.022931573869668855,0.04141723664604413,0.06434881051571298,0.016598,0.000384,0.0071005072,0.0070325956,-0.009564,0.04103367500220852,0.06396524887187736,0.054400918030835514,convergence,False
921505__916933,921505,916933,2024-10-16,2024-10-22,5,15.235201664297998,14.51733516,14.764916107549492,14.50403980337642,-0.01766866145888108,0.047118936796238034,0.029450275337356953,0.076569212133595,0.016598,0.000137,0.0066573459,0.0066192289,-0.005726,0.02931328903598709,0.07643222583222513,0.07070667084791826,convergence,False
921505__916933,921505,916933,2024-11-01,2024-11-07,2,14.893739339999998,14.3381088,14.683895472699328,14.584409652182517,-0.006775165398158683,0.037306315581053906,0.030531150182895223,0.06783746576394913,0.016598,5.5e-05,0.006595436,0.0065385114,-0.008631,0.030476355662347278,0.06778267124340118,0.0591517634459485,convergence,False
921505__916933,921505,916933,2024-11-12,2024-11-15,2,14.180687759999998,13.631160379999999,13.620468066756139,13.64178777173378,0.0015652696275303786,0.03875181439013639,0.04031708401766677,0.07906889840780316,0.016598,5.5e-05,0.0064325224,0.0064789914,0.007224,0.040262289497118825,0.07901410388725522,0.086238175116296,convergence,False
921505__916933,921505,916933,2025-02-14,2025-02-20,2,13.055874,13.352363819999999,12.994041535680356,13.321473201025078,0.025198600792957847,-0.022709304639428943,0.0024892961535289033,-0.02022000848590004,0.016598,5.5e-05,0.0065763514,0.0066824814,0.016138,0.002434501632980958,-0.020274803006447985,-0.004136675107747286,convergence,False
921505__916933,921505,916933,2025-03-18,2025-03-19,1,14.050129019999998,13.931862384,0.0,0.0,0.0,0.008417476866699818,0.008417476866699818,0.016834953733399636,0.016598,0.0,0.0,0.0,0.0,0.008417476866699818,0.016834953733399636,0.016834953733399636,overnight_abort,True
921505__916933,921505,916933,2025-03-25,2025-03-27,1,14.190731744297999,14.00952714,13.869553350810007,14.001548372338194,0.009516890572433491,0.012769222022029235,0.022286112594462726,0.03505533461649196,0.016598,2.7e-05,0.0066398858,0.0066201053,-0.002979,0.022258715334188755,0.03502793735621799,0.0320488951564259,convergence,False
921505__916933,921505,916933,2025-04-07,2025-04-08,1,13.992381884999999,13.72077356,0.0,0.0,0.0,0.019411157244869536,0.019411157244869536,0.03882231448973907,0.016598,0.0,0.0,0.0,0.0,0.019411157244869536,0.03882231448973907,0.03882231448973907,overnight_abort,True
921505__916933,921505,916933,2025-04-09,2025-04-10,1,14.120430884297999,14.218624559999999,0.0,0.0,0.0,-0.006954014116608253,-0.006954014116608253,-0.013908028233216506,0.016598,0.0,0.0,0.0,0.0,-0.006954014116608253,-0.013908028233216506,-0.013908028233216506,overnight_abort,True
921505__916933,921505,916933,2025-05-02,2025-05-07,1,15.466189199999999,14.888235150702,0.0,0.0,0.0,0.037368872307471754,0.037368872307471754,0.07473774461494351,0.016598,0.0,0.0,0.0,0.0,0.037368872307471754,0.07473774461494351,0.07473774461494351,overnight_abort,True
921505__916933,921505,916933,2025-09-29,2025-10-10,10,14.873654384297998,14.059312239999999,14.71231573201833,14.181496313646589,-0.03607993656746521,0.05475064320155872,0.018670706634093516,0.07342134983565224,0.016598,0.000274,0.0067606396,0.0066148499,-0.021564,0.01839673403135379,0.07314737723291251,0.051582893896158374,convergence,False
921505__916933,921505,916933,2025-11-11,2025-11-13,1,14.773224584298,15.224283579999998,15.145308810091908,15.246229666630727,0.006663506027131741,-0.030532196483455305,-0.023868690456323564,-0.05440088693977887,0.016598,2.7e-05,0.0064603657,0.0064697696,0.001456,-0.023896087716597535,-0.05442828420005284,-0.05297265452880984,convergence,False
921505__916933,921505,916933,2025-12-11,2025-12-12,1,15.315544499999998,14.8359598,0.0,0.0,0.0,0.031313591234056255,0.031313591234056255,0.06262718246811251,0.016598,0.0,0.0,0.0,0.0,0.031313591234056255,0.06262718246811251,0.06262718246811251,overnight_abort,True
921505__916933,921505,916933,2025-12-29,2025-12-30,1,15.415975304298,14.982327994,0.0,0.0,0.0,0.028129735663049344,0.028129735663049344,0.05625947132609869,0.016598,0.0,0.0,0.0,0.0,0.028129735663049344,0.05625947132609869,0.05625947132609869,overnight_abort,True
921505__916933,921505,916933,2026-02-13,2026-02-17,1,17.856417435702,16.747715605616,0.0,0.0,0.0,0.06208982479706524,0.06208982479706524,0.12417964959413048,0.016598,0.0,0.0,0.0,0.0,0.06208982479706524,0.12417964959413048,0.12417964959413048,overnight_abort,True
151426__315299,151426,315299,2024-11-21,2024-12-23,31,8.75707724600435,6.8109009179913,8.248427000375885,7.40205220486433,-0.10261044869197308,0.2222403974911886,0.11962994879921551,0.34187034629040414,0.027509,0.000849,0.6501526591,0.624863155,-0.038898,0.11878063373072237,0.34102103122191096,0.3021232373791418,convergence,False
151426__315299,151426,315299,2025-01-16,2025-01-28,7,8.8277799879913,7.7711589209826,8.463703703686852,8.379242456056518,-0.00997923020314869,0.11969272778049006,0.10971349757734138,0.22940622535783142,0.027509,0.000192,0.6274115347,0.625312539,-0.003345,0.10952171675542356,0.2292144445359136,0.22586895981988317,convergence,False
151426__315299,151426,315299,2025-02-10,2025-02-20,8,9.2317979940174,8.696767753504352,8.49768981897466,8.946735357687768,0.0528432489628446,0.05795515032497147,0.11079839928781607,0.16875354961278755,0.027509,0.000219,0.6280616829,0.640061323,0.019106,0.11057922120562429,0.16853437153059578,0.18764020209900917,convergence,False
151426__315299,151426,315299,2025-07-17,2025-07-18,1,11.716505610043502,10.39454325,0.0,0.0,0.0,0.11282906389003074,0.11282906389003074,0.22565812778006147,0.027509,0.0,0.0,0.0,0.0,0.11282906389003074,0.22565812778006147,0.22565812778006147,overnight_abort,True
151426__315299,151426,315299,2025-07-24,2025-07-25,1,11.767006775000002,10.414343369956502,0.0,0.0,0.0,0.11495390721770876,0.11495390721770876,0.22990781443541752,0.027509,0.0,0.0,0.0,0.0,0.11495390721770876,0.22990781443541752,0.22990781443541752,overnight_abort,True
151426__315299,151426,315299,2025-12-23,2026-01-02,9,13.0093612900435,11.948774955000001,12.121527343373526,12.150188418167023,0.002364477180275914,0.08152485824613093,0.08388933542640684,0.16541419367253776,0.027509,0.000247,0.6705560257,0.6693438188,-0.001808,0.08364276008394109,0.165167618330072,0.1633598545436912,convergence,False
151426__315299,151426,315299,2026-01-06,2026-01-09,2,13.0093612900435,12.37445625,12.783334226269218,12.484844420705107,-0.02334991796981474,0.048803705723002314,0.025453787753187573,0.07425749347618989,0.027509,5.5e-05,0.6720882683,0.6686949969,-0.005049,0.025398993232639628,0.07420269895564194,0.0691538511181651,convergence,False
151426__315299,151426,315299,2026-03-10,2026-03-11,1,14.090106825000001,12.96021351105,0.0,0.0,0.0,0.0801905427675848,0.0801905427675848,0.1603810855351696,0.027509,0.0,0.0,0.0,0.0,0.0801905427675848,0.1603810855351696,0.1603810855351696,overnight_abort,True
151426__315299,151426,315299,2026-03-16,2026-03-18,1,14.292115525000002,14.1167806799565,13.420849040156536,14.472637434320733,0.07836973585032805,0.012267942050762374,0.09063767790109042,0.1029056199518528,0.027509,2.7e-05,0.7104794223,0.7024444082,-0.011309,0.09061028064081646,0.10287822269157883,0.09156893793567596,convergence,False
151426__315299,151426,315299,2026-03-23,2026-03-26,2,15.403062370650002,13.5822041699565,14.359787154166384,13.996481663149599,-0.025300200282660504,0.11821403801902951,0.092913837736369,0.21112787575539851,0.027509,5.5e-05,0.6995939906,0.6886578534,-0.015632,0.09285904321582106,0.21107308123485058,0.1954409612524865,convergence,False
151427__997310,151427,997310,2024-06-06,2024-06-13,6,5.724848071025751,5.21498686382475,1.0915236445845307,1.049185279118118,-0.03878831729983095,0.08906108963510828,0.050272772335277334,0.1393338619703856,0.037563,0.000164,0.1280090151,0.1280368697,0.000218,0.0501083887736335,0.13916947840874178,0.13938707714566065,convergence,False
151427__997310,151427,997310,2024-09-12,2024-09-16,3,5.4173281640490005,5.081775078974251,1.018529874775245,1.0260120415554257,0.007346045477391447,0.06194069750132176,0.0692867429787132,0.13122744048003496,0.037563,8.2e-05,0.1282182772,0.1283235807,0.000821,0.06920455119789129,0.13114524869921304,0.13196653176664758,convergence,False
151427__997310,151427,997310,2024-10-16,2024-10-21,4,5.826173125,5.39753647102575,1.0969014168633409,1.087449299446345,-0.00861710749177884,0.07357087487410542,0.06495376738232658,0.138524642256432,0.037563,0.00011,0.1286396962,0.128647145,5.8e-05,0.0648441783412307,0.1384150532153361,0.1384729575809405,convergence,False
151427__997310,151427,997310,2024-10-25,2024-11-08,11,5.370211952649501,4.88442477632475,1.027309283156912,1.0143305307858386,-0.012633734147899249,0.09045959090778116,0.0778258567598819,0.16828544766766307,0.037563,0.000301,0.1286719765,0.128622323,-0.000386,0.07752448689686821,0.16798407780464936,0.1675981856986087,convergence,False
151427__997310,151427,997310,2024-11-26,2024-12-02,5,5.147297300000001,4.8005507151495,0.9859380740567784,0.9878653210898332,0.0019547343629046374,0.06736478673001865,0.06931952109292329,0.13668430782294194,0.037563,0.000137,0.1285074568,0.1285074568,0.0,0.06918253479155342,0.1365473215215721,0.1365473215215721,convergence,False
151427__997310,151427,997310,2024-12-10,2024-12-12,1,5.5221987736752505,5.081775078974251,1.034672951483856,1.027128177884286,-0.00729194050037721,0.07975513246653375,0.07246319196615654,0.1522183244326903,0.037563,2.7e-05,0.128622323,0.1286231584,6e-06,0.07243579470588257,0.1521909271724163,0.15219742215696097,convergence,False
151427__997310,151427,997310,2025-02-04,2025-02-18,13,5.218224321025751,4.8498885375,0.960781468080092,0.9810737553759058,0.021120606475022258,0.07058642190632138,0.09170702838134363,0.162293450287665,0.037563,0.000356,0.1284265883,0.128622323,0.001524,0.09135086399778199,0.16193728590410336,0.1634613838544653,convergence,False
151427__997310,151427,997310,2025-02-19,2025-02-21,1,5.370211952649501,4.90416022102575,0.0,0.0,0.0,0.08678460659151735,0.08678460659151735,0.1735692131830347,0.037563,0.0,0.0,0.0,0.0,0.08678460659151735,0.1735692131830347,0.1735692131830347,overnight_abort,True
151427__997310,151427,997310,2025-02-26,2025-02-27,1,5.501934330299,4.687074375,0.0,0.0,0.0,0.14810426776844443,0.14810426776844443,0.29620853553688886,0.037563,0.0,0.0,0.0,0.0,0.14810426776844443,0.29620853553688886,0.29620853553688886,overnight_abort,True
151427__997310,151427,997310,2025-03-14,2025-03-18,1,5.5120659947010004,5.0225704223505,0.0,0.0,0.0,0.08880437440717771,0.08880437440717771,0.17760874881435543,0.037563,0.0,0.0,0.0,0.0,0.08880437440717771,0.17760874881435543,0.17760874881435543,overnight_abort,True
151427__997310,151427,997310,2025-05-27,2025-05-29,1,5.5627285723505,4.914027055299,1.0095619470580302,0.9967676202674345,-0.012673146831533897,0.11661570551471201,0.10394255868317812,0.22055826419789012,0.037563,2.7e-05,0.1275737982,0.1275209245,-0.000414,0.10391516142290415,0.22053086693761614,0.22011641114225666,convergence,False
151427__997310,151427,997310,2025-06-23,2025-06-25,1,5.73042174287375,5.15953137332475,0.0,0.0,0.0,0.09962449452502319,0.09962449452502319,0.19924898905004637,0.037563,0.0,0.0,0.0,0.0,0.09962449452502319,0.19924898905004637,0.19924898905004637,overnight_abort,True
151427__997310,151427,997310,2025-09-05,2025-09-11,3,6.68236756647425,6.2165409473505004,1.2632239258844964,1.2831409429499732,0.015766814305334727,0.06970981684108839,0.08547663114642312,0.1551864479875115,0.037563,8.2e-05,0.1283219324,0.1283861922,0.000501,0.0853944393656012,0.15510425620668958,0.15560502640861956,convergence,False
151427__997310,151427,997310,2026-04-16,2026-04-23,6,8.3491591973505,7.89402,1.5099092977675663,1.589672927534462,0.05282676905482205,0.05451317750593772,0.10733994656075976,0.1618531240666975,0.037563,0.000164,0.1276870169,0.1276772368,-7.7e-05,0.10717556299911593,0.16168874050505366,0.16161214618687286,convergence,False
151643__932197,151643,932197,2024-04-26,2024-04-30,1,89.24680154034851,89.4005523308535,0.0,0.0,0.0,-0.0017227596715101955,-0.0017227596715101955,-0.003445519343020391,0.009351,0.0,0.0,0.0,0.0,-0.0017227596715101955,-0.003445519343020391,-0.003445519343020391,overnight_abort,True
151643__932197,151643,932197,2024-07-10,2024-07-11,1,102.58264238500001,99.99387717,0.0,0.0,0.0,0.025235899123013304,0.025235899123013304,0.05047179824602661,0.009351,0.0,0.0,0.0,0.0,0.025235899123013304,0.05047179824602661,0.05047179824602661,overnight_abort,True
151643__932197,151643,932197,2024-08-05,2024-08-06,1,86.54751937500001,85.9026501103485,0.0,0.0,0.0,0.007451042725527038,0.007451042725527038,0.014902085451054077,0.009351,0.0,0.0,0.0,0.0,0.007451042725527038,0.014902085451054077,0.014902085451054077,overnight_abort,True
151643__932197,151643,932197,2024-08-15,2024-08-16,1,97.7660777608535,95.33998533844951,0.0,0.0,0.0,0.024815278243425942,0.024815278243425942,0.049630556486851884,0.009351,0.0,0.0,0.0,0.0,0.024815278243425942,0.049630556486851884,0.049630556486851884,overnight_abort,True
151643__932197,151643,932197,2025-02-26,2025-02-27,1,88.80528075000001,89.1314797096515,0.0,0.0,0.0,-0.0036731932706771183,-0.0036731932706771183,-0.0073463865413542365,0.009351,0.0,0.0,0.0,0.0,-0.0036731932706771183,-0.0073463865413542365,-0.0073463865413542365,overnight_abort,True
151643__932197,151643,932197,2025-03-17,2025-03-18,1,98.13736511379801,94.7819190515505,0.0,0.0,0.0,0.034191320078306615,0.034191320078306615,0.06838264015661323,0.009351,0.0,0.0,0.0,0.0,0.034191320078306615,0.06838264015661323,0.06838264015661323,overnight_abort,True
151643__932197,151643,932197,2025-04-07,2025-04-08,1,85.75480129414652,83.869694066202,0.0,0.0,0.0,0.021982526919728174,0.021982526919728174,0.04396505383945635,0.009351,0.0,0.0,0.0,0.0,0.021982526919728174,0.04396505383945635,0.04396505383945635,overnight_abort,True
151643__932197,151643,932197,2025-04-09,2025-04-10,1,93.24052653655052,88.6232289891465,0.0,0.0,0.0,0.04952028606996368,0.04952028606996368,0.09904057213992735,0.009351,0.0,0.0,0.0,0.0,0.04952028606996368,0.09904057213992735,0.09904057213992735,overnight_abort,True
151643__932197,151643,932197,2025-09-29,2025-10-01,1,115.83822031449502,113.19817129500001,57.03498854260452,56.73516722363735,-0.005256796339026396,0.022790828556649156,0.01753403221762276,0.040324860774271915,0.009351,2.7e-05,0.0067606396,0.0067997139,0.00578,0.01750663495734879,0.04029746351399794,0.04607713856131147,convergence,False
151643__932197,151643,932197,2025-12-29,2026-01-06,7,129.14395065,13.03488054,12.642549869195145,13.036219686483172,0.031138482454970817,0.8990670451508291,0.9302055276058,1.829272572756629,0.009351,0.000192,0.0063934527,0.0063840654,-0.001468,0.9300137467838822,1.8290807919347112,1.827612524248927,convergence,False
696046__147535,696046,147535,2024-07-18,2024-07-31,12,22.323959000000002,22.05644486338,21.467807013110647,22.262234433728082,0.03700552274073773,0.011983274858191634,0.048988797598929365,0.060972072457120996,0.011699000000000001,0.000329,0.0119432927,0.0119462599,0.000248,0.04866003047564169,0.060643305333833324,0.06089174603394281,convergence,False
696046__147535,696046,147535,2024-11-25,2024-11-27,1,22.915917150028,22.664418220056,22.876159802823995,22.739157808778707,-0.005988854564146556,0.010974857708092827,0.004986003143946271,0.0159608608520391,0.011699000000000001,2.7e-05,0.0118590191,0.0118455344,-0.001137,0.004958605883672298,0.01593346359176513,0.014796379665489974,convergence,False
696046__147535,696046,147535,2024-12-09,2024-12-12,2,23.236987853296004,23.172717,23.01315048765697,23.36416114499485,0.015252612089168064,0.002765885737935205,0.01801849782710327,0.020784383565038474,0.011699000000000001,5.5e-05,0.0117806451,0.0117882822,0.000648,0.017963703306555324,0.02072958904449053,0.02137786423953899,convergence,False
696046__147535,696046,147535,2024-12-19,2024-12-30,10,23.497847076676003,22.026546576732002,22.683450446783194,22.235709165528416,-0.019738676102438985,0.06261426824095792,0.042875592138518936,0.10548986037947686,0.011699000000000001,0.000274,0.0117713538,0.0116957018,-0.006427,0.04260161953577921,0.10521588777673713,0.09878909938133602,convergence,False
696046__147535,696046,147535,2025-02-03,2025-02-18,14,22.063100779944005,21.338837146704,21.8603063535058,21.25880095385525,-0.027515872372670728,0.032826919500743054,0.005311047128072326,0.038137966628815384,0.011699000000000001,0.000384,0.0114836929,0.0115082081,0.002135,0.00492748548423671,0.03775440498497977,0.03988918864851715,convergence,False
696046__147535,696046,147535,2025-02-28,2025-03-06,3,20.166819423268002,19.684351,19.627765294532246,19.66390467783099,0.0018412377953597133,0.02392387283000819,0.025765110625367904,0.04968898345537609,0.011699000000000001,8.2e-05,0.0114586908,0.0114891689,0.00266,0.025682918844545988,0.049606791674554174,0.05226661560487613,convergence,False
696046__147535,696046,147535,2025-04-09,2025-04-16,5,17.718705853296,16.524890073352,16.39222294469201,16.463698165519823,0.004360312879404725,0.06737601435614603,0.07173632723555075,0.13911234159169678,0.011699000000000001,0.000137,0.0116009285,0.0116802642,0.006839,0.07159934093418088,0.13897535529032692,0.1458140923793453,convergence,False
696046__147535,696046,147535,2025-08-22,2025-08-26,1,17.397635150028,17.162762713352002,17.53219513826606,17.410231915131913,-0.006956528955575538,0.013500250732388851,0.006543721776813313,0.020043972509202163,0.011699000000000001,2.7e-05,0.0114144168,0.0114110301,-0.000297,0.00651632451653934,0.020016575248928192,0.01971987152246185,convergence,False
696046__147535,696046,147535,2025-09-08,2025-09-10,1,16.845803940056,16.923554493296,17.0893297773817,17.361371747242654,0.01591882030511288,-0.004615425509917179,0.0113033947951957,0.0066879692852785215,0.011699000000000001,2.7e-05,0.0113317013,0.0113567322,0.002209,0.011275997534921728,0.006660572025004549,0.008869498940506673,convergence,False
696046__147535,696046,147535,2025-09-17,2025-09-19,1,17.738761296732,16.913593713352,17.510044529616046,17.43825315961973,-0.004100010703849977,0.046517768043477806,0.042417757339627826,0.08893552538310563,0.011699000000000001,2.7e-05,0.011337098,0.0113507369,0.001203,0.04239036007935385,0.08890812812283166,0.09011116085660531,convergence,False
696046__147535,696046,147535,2025-10-21,2025-10-28,5,17.467874853296003,16.83385764,17.457023897571666,16.959577292997526,-0.028495498860108492,0.036296184774667596,0.007800685914559104,0.0440968706892267,0.011699000000000001,0.000137,0.0113922455,0.0113335003,-0.005157,0.007663699613189241,0.043959884387856835,0.03880328905289852,convergence,False
696046__147535,696046,147535,2025-11-21,2025-11-24,1,17.758831790028,17.21259950338,0.0,0.0,0.0,0.03075834565620029,0.03075834565620029,0.06151669131240058,0.011699000000000001,0.0,0.0,0.0,0.0,0.03075834565620029,0.06151669131240058,0.06151669131240058,overnight_abort,True
696046__147535,696046,147535,2025-12-04,2025-12-08,3,18.350789940056004,17.661100713352003,18.014137187314027,17.82682725764461,-0.010397940668583662,0.03758362604317927,0.027185685374595606,0.06476931141777487,0.011699000000000001,8.2e-05,0.0111179044,0.0110950843,-0.002053,0.02710349359377369,0.06468711963695295,0.06263456556030525,convergence,False
696046__147535,696046,147535,2025-12-17,2025-12-23,5,18.280565286648002,18.508281293408,18.06760616703281,18.6064528056936,0.029823908805583773,-0.012456726758133684,0.017367182047450087,0.004910455289316405,0.011699000000000001,0.000137,0.0110782458,0.0111811792,0.009291,0.017230195746080226,0.004773468987946543,0.014064958079116521,convergence,False
696046__147535,696046,147535,2026-01-14,2026-01-16,1,19.414326423268005,18.568078863380002,0.0,0.0,0.0,0.043588818969983824,0.043588818969983824,0.08717763793996765,0.011699000000000001,0.0,0.0,0.0,0.0,0.043588818969983824,0.08717763793996765,0.08717763793996765,overnight_abort,True
905168__922020,905168,922020,2024-04-26,2024-05-01,1,976.1928247168399,963.40579749474,48.51215142505835,48.81686822759352,0.006281246936778203,0.013098874421463827,0.01938012135824203,0.03247899577970586,0.013145,2.7e-05,0.006336734,0.0064731199,0.021523,0.01935272409796806,0.032451598519431885,0.05397465755899391,convergence,False
905168__922020,905168,922020,2024-06-27,2024-07-10,12,915.71878383228,467.59999159088,22.74708849147035,23.031449804576418,0.012500998236002685,0.48936289191974897,0.5018638901557516,0.9912267820755006,0.013145,0.000329,0.0062167791,0.0061848656,-0.005133,0.501535123032464,0.990898014952213,0.9857645689206497,convergence,False
905168__922020,905168,922020,2025-03-17,2025-03-18,1,396.73247,385.302618,0.0,0.0,0.0,0.02880997363286142,0.02880997363286142,0.05761994726572284,0.013145,0.0,0.0,0.0,0.0,0.02880997363286142,0.05761994726572284,0.05761994726572284,overnight_abort,True
905168__922020,905168,922020,2025-04-07,2025-04-08,1,353.4835586207,339.7532775,0.0,0.0,0.0,0.03884277156843117,0.03884277156843117,0.07768554313686234,0.013145,0.0,0.0,0.0,0.0,0.03884277156843117,0.07768554313686234,0.07768554313686234,overnight_abort,True
905168__922020,905168,922020,2025-04-09,2025-04-10,1,375.12812714,349.63966478316,0.0,0.0,0.0,0.06794601767445592,0.06794601767445592,0.13589203534891184,0.013145,0.0,0.0,0.0,0.0,0.06794601767445592,0.13589203534891184,0.13589203534891184,overnight_abort,True
905168__922020,905168,922020,2025-09-29,2025-09-30,1,511.71456923614,494.31239486,0.0,0.0,0.0,0.03400758044102016,0.03400758044102016,0.06801516088204032,0.013145,0.0,0.0,0.0,0.0,0.03400758044102016,0.06801516088204032,0.06801516088204032,overnight_abort,True
905168__922020,905168,922020,2025-10-06,2025-10-10,3,503.2476555193,475.1567815,24.390793592121213,24.513835574996218,0.005044607606156386,0.05581918506965139,0.06086379267580778,0.11668297774545916,0.013145,8.2e-05,0.0065830618,0.0066148499,0.004829,0.06078160089498586,0.11660078596463724,0.12142955728195953,convergence,False
905168__922020,905168,922020,2025-10-17,2025-10-22,2,495.52398744246,484.864018,24.723924443776976,24.480862574044963,-0.009831039173604669,0.021512519499770615,0.011681480326165946,0.03319399982593656,0.013145,5.5e-05,0.0066334992,0.0065793798,-0.008158,0.011626685805618,0.033139205305388615,0.024980705791285987,convergence,False
905168__922020,905168,922020,2026-01-09,2026-01-14,1,622.7293739038599,631.219276,31.488563031542753,31.788971785614685,0.009540249701804601,-0.013633373423381844,-0.004093123721577243,-0.017726497144959087,0.013145,2.7e-05,0.0062839727,0.0063111392,0.004323,-0.004120520981851216,-0.017753894405233058,-0.01343075340877391,convergence,False
905168__922020,905168,922020,2026-02-02,2026-02-03,1,655.7034466347401,657.10524,0.0,0.0,0.0,-0.0021378465714253915,-0.0021378465714253915,-0.004275693142850783,0.013145,0.0,0.0,0.0,0.0,-0.0021378465714253915,-0.004275693142850783,-0.004275693142850783,overnight_abort,True
905168__922020,905168,922020,2026-02-06,2026-02-10,1,679.16577302456,709.374975,34.48521911055557,35.51501229801166,0.029861871666080963,-0.04447986511585805,-0.01461799344977709,-0.05909785856563514,0.013145,2.7e-05,0.0064149854,0.0064773132,0.009716,-0.014645390710051063,-0.059125255825909113,-0.04940928671396066,convergence,False
905168__922020,905168,922020,2026-03-04,2026-03-05,1,748.26757,738.745588,0.0,0.0,0.0,0.012725370417964232,0.012725370417964232,0.025450740835928465,0.013145,0.0,0.0,0.0,0.0,0.012725370417964232,0.025450740835928465,0.025450740835928465,overnight_abort,True
905168__922020,905168,922020,2026-03-09,2026-03-11,1,766.2560429091201,743.7734884807,37.360851056028096,37.46430322863543,0.0027689993585047587,0.029340785807135904,0.03210978516564066,0.06145057097277657,0.013145,2.7e-05,0.0063271113,0.0062912866,-0.005662,0.03208238790536669,0.061423173712502596,0.05576107954324085,convergence,False
905168__922020,905168,922020,2026-03-23,2026-03-26,2,770.73580534632,792.19810247586,38.81937089620579,39.89505624400169,0.027710014947744416,-0.02784650327734045,-0.00013648832959603507,-0.027982991606936486,0.013145,5.5e-05,0.0063013954,0.0062570388,-0.007039,-0.00019128285014398028,-0.02803778612748443,-0.03507695716569605,convergence,False
905168__922020,905168,922020,2026-03-31,2026-04-15,14,778.71056992316,742.02119788456,39.91580593974753,37.04182744971663,-0.07200101369289999,0.04711554389485221,-0.02488546979804778,0.022230074096804428,0.013145,0.000384,0.0062970309,0.0062899012,-0.001132,-0.0252690314418834,0.02184651245296881,0.02071428043549523,convergence,False
512142__929143,512142,929143,2024-08-05,2024-08-07,1,78.94553525410498,75.11647746393,0.0,0.0,0.0,0.04850252490974002,0.04850252490974002,0.09700504981948004,0.021276999999999997,0.0,0.0,0.0,0.0,0.04850252490974002,0.09700504981948004,0.09700504981948004,overnight_abort,True
512142__929143,512142,929143,2024-12-19,2024-12-23,3,86.52325062499999,81.656952054105,8.241448844955656,8.22534467693381,-0.0019540457418118352,0.05624266929112482,0.054288623549312985,0.1105312928404378,0.021276999999999997,8.2e-05,0.0063932487,0.0063619302,-0.004899,0.05420643176849107,0.11044910105961589,0.10555041785963346,convergence,False
512142__929143,512142,929143,2025-03-18,2025-03-24,5,87.8854313131225,77.2570026368775,8.319614850090181,8.181533383847167,-0.016597098391101232,0.12093504597340497,0.10433794758230375,0.2252729935557087,0.021276999999999997,0.000137,0.006725628,0.0066354795,-0.013404,0.10420096128093388,0.22513600725433885,0.21173227752084783,convergence,False
512142__929143,512142,929143,2025-09-22,2025-09-26,2,89.60075803606999,81.30019835410499,8.270326833917581,8.300625540821192,0.003663544078977968,0.09263939127192983,0.0963029353509078,0.18894232662283764,0.021276999999999997,5.5e-05,0.0067156912,0.0066887391,-0.004013,0.09624814083035985,0.1888875321022897,0.1848742296443088,convergence,False
512142__929143,512142,929143,2026-01-29,2026-02-02,3,96.86568,99.09825,9.758969322103363,10.00496117914802,0.025206745602479114,-0.023048101247005084,0.00215864435547403,-0.020889456891531055,0.021276999999999997,8.2e-05,0.0064609918,0.0064259093,-0.00543,0.0020764525746521123,-0.02097164867235297,-0.026401542578115278,convergence,False
512142__929143,512142,929143,2026-02-09,2026-02-10,1,108.67118475,103.65677940982499,0.0,0.0,0.0,0.046142915913825105,0.046142915913825105,0.09228583182765021,0.021276999999999997,0.0,0.0,0.0,0.0,0.046142915913825105,0.09228583182765021,0.09228583182765021,overnight_abort,True
512142__929143,512142,929143,2026-02-12,2026-02-13,1,112.152295125,98.82077688196499,0.0,0.0,0.0,0.118869776389117,0.118869776389117,0.237739552778234,0.021276999999999997,0.0,0.0,0.0,0.0,0.118869776389117,0.237739552778234,0.237739552778234,overnight_abort,True
512142__929143,512142,929143,2026-03-26,2026-03-30,3,97.4710975631225,88.92085576107,9.13688262714591,8.98837949166222,-0.016253151270925085,0.08772079124804501,0.07146763997711993,0.15918843122516493,0.021276999999999997,8.2e-05,0.0062373304,0.0062607603,0.003756,0.07138544819629801,0.15910623944434302,0.1628626381754412,convergence,False
512142__929143,512142,929143,2026-04-02,2026-04-06,1,100.18534152089498,95.60998763607,0.0,0.0,0.0,0.04566889542289704,0.04566889542289704,0.09133779084579408,0.021276999999999997,0.0,0.0,0.0,0.0,0.04566889542289704,0.09133779084579408,0.09133779084579408,overnight_abort,True
151663__929587,151663,929587,2024-08-06,2024-08-07,1,45.0603298580325,44.68005198929,0.0,0.0,0.0,0.008439305037060542,0.008439305037060542,0.016878610074121083,0.00856,0.0,0.0,0.0,0.0,0.008439305037060542,0.016878610074121083,0.016878610074121083,overnight_abort,True
151663__929587,151663,929587,2024-08-08,2024-08-14,2,45.601768689290004,44.779774266065,22.149436768868267,22.475699874490154,0.014730085872001057,0.018025494336101486,0.03275558020810254,0.05078107454420403,0.00856,5.5e-05,0.7550018305,0.7597627808,0.006306,0.0327007856875546,0.05072628002365609,0.05703215917211732,convergence,False
151663__929587,151663,929587,2024-08-15,2024-08-20,4,46.0640020141125,46.67469698929,23.167184401571365,23.561474201930196,0.017019323260192416,-0.013257531879023404,0.0037617913811690117,-0.009495740497854392,0.00856,0.00011,0.7601092247,0.7664597813,0.008355,0.0036522023400731214,-0.009605329538950283,-0.001250534736260583,convergence,False
151663__929587,151663,929587,2024-11-12,2024-11-15,2,53.831753630710004,53.795578641967495,26.478678964469005,27.042803127342033,0.021304845443007592,0.0006720009344423804,0.021976846377449972,0.022648847311892352,0.00856,5.5e-05,0.7446849231,0.7447404937,7.5e-05,0.021922051856902026,0.022594052791344407,0.02266867576043664,convergence,False
151663__929587,151663,929587,2025-01-15,2025-01-16,1,54.139567601790006,54.0648597062575,0.0,0.0,0.0,0.0013799130440420265,0.0013799130440420265,0.002759826088084053,0.00856,0.0,0.0,0.0,0.0,0.0013799130440420265,0.002759826088084053,0.002759826088084053,overnight_abort,True
151663__929587,151663,929587,2025-02-28,2025-03-03,1,57.192718583935005,56.5581659562575,0.0,0.0,0.0,0.011094989771228475,0.011094989771228475,0.02218997954245695,0.00856,0.0,0.0,0.0,0.0,0.011094989771228475,0.02218997954245695,0.02218997954245695,overnight_abort,True
151663__929587,151663,929587,2025-03-05,2025-03-06,1,58.0500188758875,57.286207391967494,0.0,0.0,0.0,0.013157816288622714,0.013157816288622714,0.026315632577245427,0.00856,0.0,0.0,0.0,0.0,0.013157816288622714,0.026315632577245427,0.026315632577245427,overnight_abort,True
151663__929587,151663,929587,2025-04-07,2025-04-08,1,49.952895721960004,46.899084578565,0.0,0.0,0.0,0.06113381615337473,0.06113381615337473,0.12226763230674946,0.00856,0.0,0.0,0.0,0.0,0.06113381615337473,0.12226763230674946,0.12226763230674946,overnight_abort,True
151663__929587,151663,929587,2025-04-09,2025-04-10,1,48.589758668742505,49.36746375,0.0,0.0,0.0,-0.01600553496384799,-0.01600553496384799,-0.03201106992769598,0.00856,0.0,0.0,0.0,0.0,-0.01600553496384799,-0.03201106992769598,-0.03201106992769598,overnight_abort,True
151663__929587,151663,929587,2025-04-11,2025-04-15,1,50.434682260710005,51.2224845973225,25.06100427408048,25.675465154067446,0.024518605610010406,-0.015620249822139023,0.008898355787871383,-0.00672189403426764,0.00856,2.7e-05,0.7600519146,0.7583802151,-0.002199,0.00887095852759741,-0.006749291294541613,-0.00894874565797124,convergence,False
151663__929587,151663,929587,2025-04-28,2025-05-05,6,54.8364354830325,54.2344025366125,26.29913629216282,27.074923068480906,0.02949856480835346,0.010978703139927545,0.04047726794828101,0.05145597108820855,0.00856,0.000164,0.7641751627,0.7752539558,0.014498,0.040312884386637174,0.051291587526564715,0.06578930171666769,convergence,False
151663__929587,151663,929587,2025-08-15,2025-08-18,1,56.901948125000004,54.05487650803251,0.0,0.0,0.0,0.050034694958301956,0.050034694958301956,0.10006938991660391,0.00856,0.0,0.0,0.0,0.0,0.050034694958301956,0.10006938991660391,0.10006938991660391,overnight_abort,True
151663__929587,151663,929587,2025-12-11,2025-12-12,1,53.65326801161251,53.35675375,0.0,0.0,0.0,0.005526490232586231,0.005526490232586231,0.011052980465172462,0.00856,0.0,0.0,0.0,0.0,0.005526490232586231,0.011052980465172462,0.011052980465172462,overnight_abort,True
151663__929587,151663,929587,2026-03-09,2026-03-10,1,56.19004108393501,56.69579745858,0.0,0.0,0.0,-0.009000818737425588,-0.009000818737425588,-0.018001637474851177,0.00856,0.0,0.0,0.0,0.0,-0.009000818737425588,-0.018001637474851177,-0.018001637474851177,overnight_abort,True
151663__929587,151663,929587,2026-04-13,2026-04-16,2,59.35850499196751,58.57274643571,29.617596701880885,29.42877525441871,-0.006375312938547224,0.013237505836170158,0.006862192897622934,0.02009969873379309,0.00856,5.5e-05,0.7864416206,0.7856078527,-0.00106,0.0068073983770749885,0.020044904213245146,0.018984726473206544,convergence,False
151663__929587,151663,929587,2026-04-24,2026-04-27,1,57.57374104732251,55.8799786776775,0.0,0.0,0.0,0.029419008367943752,0.029419008367943752,0.058838016735887504,0.00856,0.0,0.0,0.0,0.0,0.029419008367943752,0.058838016735887504,0.058838016735887504,overnight_abort,True
151293__937357,151293,937357,2024-06-11,2024-08-05,54,2.37876523761455,2.1081030625,0.4710108873390055,0.4317741255387154,-0.08330330116562633,0.11378263429894936,0.03047933313332303,0.14426196743227238,0.025897,0.001479,0.1280516288,0.1283853582,0.002606,0.02899988107852851,0.14278251537747785,0.14538872510028603,convergence,False
151293__937357,151293,937357,2024-11-07,2024-11-12,4,2.8827409876145498,2.7430144993194,0.5700588520523118,0.5590263630331033,-0.019353245685931563,0.0484700113175178,0.029116765631586234,0.07758677694910403,0.025897,0.00011,0.128622323,0.1285661006,-0.000437,0.029007176590490343,0.07747718790800814,0.07704007560363778,convergence,False
151293__937357,151293,937357,2024-12-27,2024-12-30,1,2.9633770068193996,2.8174179384097,0.0,0.0,0.0,0.04925430280177475,0.04925430280177475,0.0985086056035495,0.025897,0.0,0.0,0.0,0.0,0.04925430280177475,0.0985086056035495,0.0985086056035495,overnight_abort,True
151293__937357,151293,937357,2025-01-22,2025-01-23,1,2.8121846849999996,2.69847162087425,0.0,0.0,0.0,0.04043584503261378,0.04043584503261378,0.08087169006522756,0.025897,0.0,0.0,0.0,0.0,0.04043584503261378,0.08087169006522756,0.08087169006522756,overnight_abort,True
151293__937357,151293,937357,2025-02-10,2025-02-13,2,2.8222644015903,2.74797484102425,0.5546091971463682,0.5582942663055558,0.006644442930532582,0.026322679237348882,0.03296712216788146,0.059289801405230345,0.025897,5.5e-05,0.1283375742,0.1283977314,0.000469,0.03291232764733352,0.059235006884682403,0.059703748797368436,convergence,False
151293__937357,151293,937357,2025-03-27,2025-04-02,5,3.3161604349999996,3.0257481234097,0.6654111632348075,0.6188282843210956,-0.07000615782767378,0.08757486776730683,0.017568709939633054,0.10514357770693988,0.025897,0.000137,0.1285636262,0.1284991887,-0.000501,0.017431723638263192,0.10500659140557002,0.10450538043397085,convergence,False
151293__937357,151293,937357,2025-04-07,2025-04-08,1,2.9532982981805995,2.7826964393194,0.0,0.0,0.0,0.05776655171145427,0.05776655171145427,0.11553310342290854,0.025897,0.0,0.0,0.0,0.0,0.05776655171145427,0.11553310342290854,0.11553310342290854,overnight_abort,True
151293__937357,151293,937357,2025-05-14,2025-06-24,40,3.69918210579515,3.6507388768194,0.7029391575708446,0.7364289975901107,0.04764258706969375,0.013095659416133864,0.06073824648582762,0.07383390590196148,0.025897,0.001096,0.1281033009,0.1273885285,-0.00558,0.059642356074868716,0.07273801549100258,0.06715835911229635,convergence,False
151293__937357,151293,937357,2025-09-09,2025-09-10,1,4.4652255481806,4.24100703988545,0.0,0.0,0.0,0.050214374587753935,0.050214374587753935,0.10042874917550787,0.025897,0.0,0.0,0.0,0.0,0.050214374587753935,0.10042874917550787,0.10042874917550787,overnight_abort,True
151293__937357,151293,937357,2025-12-04,2025-12-08,3,4.193078139204849,3.8987510018194,0.7849017864635586,0.7762320698068396,-0.01104560698706159,0.07019357322095211,0.05914796623389052,0.12934153945484264,0.025897,8.2e-05,0.1284538049,0.1285223097,0.000533,0.059065774453068605,0.12925934767402072,0.1297926506777997,convergence,False
151293__937357,151293,937357,2025-12-11,2025-12-12,1,3.8806136781805995,3.67057935079515,0.0,0.0,0.0,0.05412399811050579,0.05412399811050579,0.10824799622101158,0.025897,0.0,0.0,0.0,0.0,0.05412399811050579,0.10824799622101158,0.10824799622101158,overnight_abort,True
151293__937357,151293,937357,2025-12-16,2025-12-19,2,4.0116465668194,3.7668081545,0.7581568747613904,0.7505934228784515,-0.009976104068592962,0.06103190005432561,0.05105579598573264,0.11208769604005825,0.025897,5.5e-05,0.1285157095,0.1285115822,-3.2e-05,0.0510010014651847,0.1120329015195103,0.1120007863795321,convergence,False
29057L__140891,29057L,140891,2024-05-16,2024-05-23,6,40.31165871,37.837493,39.52056758623,38.27351151377,-0.031554609374955044,0.06137593413853352,0.029821324763578475,0.091197258902112,0.017733,0.000164,1.0,1.0,0.0,0.02965694120193464,0.09103287534046817,0.09103287534046817,convergence,False
29057L__140891,29057L,140891,2024-06-24,2024-06-26,1,37.640279202894,35.846046,36.285786781640006,36.033839013770006,-0.006943428549204871,0.047667903663053804,0.04072447511384893,0.08839237877690273,0.017733,2.7e-05,1.0,1.0,0.0,0.04069707785357496,0.08836498151662876,0.08836498151662876,convergence,False
29057L__140891,29057L,140891,2024-07-22,2024-07-23,1,36.3347167400645,35.846046,0.0,0.0,0.0,0.013449141314638797,0.013449141314638797,0.026898282629277594,0.017733,0.0,0.0,0.0,0.0,0.013449141314638797,0.026898282629277594,0.026898282629277594,overnight_abort,True
29057L__140891,29057L,140891,2024-08-22,2024-08-27,4,37.559935074341,36.413616360788,36.818217472460006,36.38223948164,-0.011841366061410168,0.030519720315919985,0.018678354254509817,0.0491980745704298,0.017733,0.00011,1.0,1.0,0.0,0.018568765213413926,0.04908848552933391,0.04908848552933391,convergence,False
29057L__140891,29057L,140891,2024-10-25,2024-10-29,1,37.7608034299355,36.373778459276494,37.32051247246,36.45191021836,-0.02327412451104399,0.03673187127049895,0.01345774675945496,0.050189618029953906,0.017733,2.7e-05,1.0,1.0,0.0,0.013430349499180988,0.05016222076967993,0.05016222076967993,convergence,False
29057L__140891,29057L,140891,2024-12-11,2024-12-12,1,44.3187269663825,43.971153742894,0.0,0.0,0.0,0.007842581393462493,0.007842581393462493,0.015685162786924986,0.017733,0.0,0.0,0.0,0.0,0.007842581393462493,0.015685162786924986,0.015685162786924986,overnight_abort,True
29057L__140891,29057L,140891,2025-02-12,2025-02-18,5,39.699049040723494,40.740021028159,39.681305,40.79189781836,0.027987809835387144,-0.026221584964608854,0.00176622487077829,-0.024455360093830564,0.017733,0.000137,1.0,1.0,0.0,0.001629238569408427,-0.024592346395200426,-0.024592346395200426,convergence,False
29057L__140891,29057L,140891,2025-03-20,2025-03-24,3,44.3187269663825,42.758861377367495,42.43388762754,42.78271781836,0.008220556972809667,0.035196534191928024,0.04341709116473769,0.07861362535666572,0.017733,8.2e-05,1.0,1.0,0.0,0.04333489938391577,0.0785314335758438,0.0785314335758438,convergence,False
29057L__140891,29057L,140891,2025-04-09,2025-04-10,1,37.631238705841,39.537194010223494,0.0,0.0,0.0,-0.0506482212632203,-0.0506482212632203,-0.1012964425264406,0.017733,0.0,0.0,0.0,0.0,-0.0506482212632203,-0.1012964425264406,-0.1012964425264406,overnight_abort,True
29057L__140891,29057L,140891,2025-06-02,2025-06-03,1,44.2886006799355,44.23003687427649,0.0,0.0,0.0,0.0013223223303493847,0.0013223223303493847,0.0026446446606987694,0.017733,0.0,0.0,0.0,0.0,0.0013223223303493847,0.0026446446606987694,0.0026446446606987694,overnight_abort,True
29057L__140891,29057L,140891,2025-07-14,2025-07-15,1,50.334334162894,50.871510627829494,0.0,0.0,0.0,-0.010672167892338843,-0.010672167892338843,-0.021344335784677686,0.017733,0.0,0.0,0.0,0.0,-0.010672167892338843,-0.021344335784677686,-0.021344335784677686,overnight_abort,True
29057L__140891,29057L,140891,2025-07-17,2025-07-18,1,53.7167484619355,53.340915860788,0.0,0.0,0.0,0.006996562746418303,0.006996562746418303,0.013993125492836605,0.017733,0.0,0.0,0.0,0.0,0.006996562746418303,0.013993125492836605,0.013993125492836605,overnight_abort,True
29057L__140891,29057L,140891,2025-07-28,2025-07-29,1,56.490553125,56.0811459370645,0.0,0.0,0.0,0.007247356686870818,0.007247356686870818,0.014494713373741636,0.017733,0.0,0.0,0.0,0.0,0.007247356686870818,0.014494713373741636,0.014494713373741636,overnight_abort,True
29057L__140891,29057L,140891,2025-08-21,2025-08-25,3,58.2681275513825,56.562066447435505,57.85433508623,56.827953913769996,-0.017740782448371732,0.02927949078924048,0.011538708340868748,0.04081819913010923,0.017733,8.2e-05,1.0,1.0,0.0,0.01145651656004683,0.04073600734928731,0.04073600734928731,convergence,False
29057L__140891,29057L,140891,2025-10-30,2025-11-03,3,60.76876599361751,60.091920195064496,59.0196625,60.471157500000004,0.024593414101614038,0.011138054023083158,0.0357314681246972,0.046869522147780354,0.017733,8.2e-05,1.0,1.0,0.0,0.03564927634387528,0.04678733036695844,0.04678733036695844,convergence,False
29057L__140891,29057L,140891,2025-11-21,2025-11-24,1,63.018350375000004,66.63381562427651,0.0,0.0,0.0,-0.05737162632411264,-0.05737162632411264,-0.11474325264822528,0.017733,0.0,0.0,0.0,0.0,-0.05737162632411264,-0.11474325264822528,-0.11474325264822528,overnight_abort,True
29057L__140891,29057L,140891,2025-12-24,2025-12-30,4,69.229997365694,68.23693045927651,66.95591747246002,68.55388271836,0.02386593009583137,0.014344459688071538,0.03821038978390291,0.052554849471974446,0.017733,0.00011,1.0,1.0,0.0,0.03810080074280702,0.052445260430878556,0.052445260430878556,convergence,False
29057L__140891,29057L,140891,2026-03-10,2026-03-12,1,81.82343486743551,75.44597457361749,75.00269341836001,75.95973510917999,0.012760097633849799,0.07794173275847346,0.09070183039232327,0.16864356315079673,0.017733,2.7e-05,1.0,1.0,0.0,0.0906744331320493,0.16861616589052275,0.16861616589052275,convergence,False
29057L__140891,29057L,140891,2026-03-19,2026-03-24,4,77.0179677978295,74.908274922106,74.04833593213002,74.87474219082,0.011160362326675903,0.027392216855960085,0.038552579182635986,0.06594479603859607,0.017733,0.00011,1.0,1.0,0.0,0.038442990141540095,0.06583520699750019,0.06583520699750019,convergence,False
30913C__755998,30913C,755998,2024-07-02,2024-07-09,4,6.4707472549554,4.3679487798216,2.1397407565607773,2.129344570038149,-0.004858619667243429,0.3249699597714072,0.32011134010416376,0.645081299875571,0.108071,0.00011,0.2123593255,0.2124269557,0.000318,0.3200017510630679,0.644971710834475,0.6452901814259632,convergence,False
30913C__755998,30913C,755998,2024-07-12,2024-07-17,2,6.2921713299108,4.3679487798216,2.1784004881772754,2.1537081711431085,-0.011335067710541859,0.30581216708803094,0.29447709937748906,0.60028926646552,0.108071,5.5e-05,0.2140639914,0.2144312258,0.001716,0.2944223048569411,0.6002344719449721,0.6019500075546667,convergence,False
30913C__755998,30913C,755998,2024-07-24,2024-07-26,1,6.2501535949554,4.6907963801784005,2.1823714552488216,2.1693189088044296,-0.0059809004617428175,0.24949102307430998,0.24351012261256716,0.49300114568687714,0.108071,2.7e-05,0.2144542048,0.2147074473,0.001181,0.24348272535229318,0.4929737484266032,0.49415461825490137,convergence,False
30913C__755998,30913C,755998,2024-11-26,2024-12-03,6,5.9140111900892,4.4456218222446,2.299728003567834,2.269230247163471,-0.013261462380354739,0.2482899204359559,0.23502845805560116,0.48331837849155707,0.108071,0.000164,0.2250984705,0.2237136315,-0.006152,0.23486407449395733,0.48315399492991323,0.477001847396774,convergence,False
30913C__755998,30913C,755998,2024-12-04,2024-12-31,26,6.533774435133799,4.4818951648661995,2.316586370545827,2.2818388922070016,-0.014999431396394777,0.3140419508873941,0.29904251949099936,0.6130844703783934,0.108071,0.000712,0.2258611056,0.22363858,-0.00984,0.29833019072387607,0.6123721416112702,0.6025319099605135,convergence,False
30913C__755998,30913C,755998,2025-12-16,2026-01-08,22,5.692366558866199,4.529373054777,2.528304415005184,2.6096759922211294,0.03218424835752175,0.204307556806539,0.23649180516406076,0.44079936197059977,0.108071,0.000603,0.2445884739,0.2461538462,0.0064,0.23588906543803337,0.44019662224457234,0.446596647049666,convergence,False
30913C__755998,30913C,755998,2026-02-09,2026-04-07,56,6.8541598348662,5.6023683151338,3.069472076426017,2.7586059604240494,-0.10127673693123437,0.18263237944418848,0.0813556425129541,0.26398802195714255,0.108071,0.001534,0.2548744678,0.2480773878,-0.026668,0.07982139593761163,0.2624537753818001,0.23578543131944513,convergence,False
32601M__257189,32601M,257189,2025-03-07,2025-06-16,94,0.9204546478948651,0.724497290534595,0.1950233104252944,0.1765603924669463,-0.09467031360551381,0.21289192010539174,0.11822160649987792,0.33111352660526966,0.077704,0.002575,0.2248959907,0.2358212197,0.048579,0.1156462640341245,0.32853818413951624,0.37711721378782026,force_close,False
32601M__257189,32601M,257189,2026-03-09,2026-03-25,6,0.6493265769602701,0.45323491936027,0.1420555633685025,0.13880759514188507,-0.02286406916842792,0.301992348007647,0.2791282788392191,0.5811206268468662,0.077704,0.000164,0.2538393262,0.2522067969,-0.006431,0.27896389527757526,0.5809562432852223,0.574524894272289,convergence,False
32601M__257189,32601M,257189,2026-03-27,2026-03-31,1,0.64613194388973,0.57122146518973,0.0,0.0,0.0,0.11593681353848116,0.11593681353848116,0.23187362707696232,0.077704,0.0,0.0,0.0,0.0,0.11593681353848116,0.23187362707696232,0.23187362707696232,overnight_abort,True
53401V__932034,53401V,932034,2024-04-26,2024-04-30,1,95.070357266347,93.5366132015715,0.0,0.0,0.0,0.016132726423638034,0.016132726423638034,0.03226545284727607,0.02609,0.0,0.0,0.0,0.0,0.016132726423638034,0.03226545284727607,0.03226545284727607,overnight_abort,True
53401V__932034,53401V,932034,2024-05-10,2024-05-16,3,100.2505106302245,94.140651136796,98.04050901877044,95.4459742861427,-0.02646390516119206,0.06094591892868067,0.034482013767488606,0.09542793269616928,0.02609,8.2e-05,0.0064016384,0.0064354206,0.005277,0.03439982198666669,0.09534574091534737,0.1006228587231885,convergence,False
53401V__932034,53401V,932034,2024-07-05,2024-07-09,1,90.80910364657149,83.1887552938775,86.70922884470187,84.18071031770361,-0.029160892798699514,0.08391612786260211,0.05475523506390259,0.1386713629265047,0.02609,2.7e-05,0.0062177451,0.0061986673,-0.003068,0.054727837803628616,0.13864396566623072,0.13557568292173552,convergence,False
53401V__932034,53401V,932034,2024-08-05,2024-08-06,1,69.98753788544899,70.22176447615298,0.0,0.0,0.0,-0.003346689964824367,-0.003346689964824367,-0.006693379929648734,0.02609,0.0,0.0,0.0,0.0,-0.003346689964824367,-0.006693379929648734,-0.006693379929648734,overnight_abort,True
53401V__932034,53401V,932034,2024-10-02,2024-10-07,4,80.8830246184285,77.9554306940715,78.08062815069917,78.56269067397393,0.0061739068280081,0.03619540612097697,0.04236931294898507,0.07856471906996204,0.02609,0.00011,0.006805962,0.0067483214,-0.008469,0.04225972390788918,0.07845513002886616,0.0699859966425793,convergence,False
53401V__932034,53401V,932034,2024-12-24,2024-12-27,1,78.4494616243265,81.04988225657151,80.69327804829184,81.71629709032983,0.01267787189691004,-0.03314771801363945,-0.02046984611672941,-0.05361756413036886,0.02609,2.7e-05,0.0063281126,0.0063357299,0.001204,-0.02049724337700338,-0.053644961390642835,-0.05244123755045702,convergence,False
53401V__932034,53401V,932034,2025-03-13,2025-03-18,4,87.84037680365299,89.367761125,85.38607482557035,90.47830982877046,0.05963776896411636,-0.017388180435076363,0.04224958852904,0.02486140809396363,0.02609,0.00011,0.0067278905,0.0066992693,-0.004254,0.042139999487944106,0.02475181905286774,0.020497707009873047,convergence,False
53401V__932034,53401V,932034,2025-04-07,2025-04-08,1,78.883658020898,74.25694119634699,0.0,0.0,0.0,0.058652412180546856,0.058652412180546856,0.11730482436109371,0.02609,0.0,0.0,0.0,0.0,0.058652412180546856,0.11730482436109371,0.11730482436109371,overnight_abort,True
53401V__932034,53401V,932034,2025-04-09,2025-04-10,1,81.370131231649,78.4356895765715,0.0,0.0,0.0,0.036062884631752175,0.036062884631752175,0.07212576926350435,0.02609,0.0,0.0,0.0,0.0,0.036062884631752175,0.07212576926350435,0.07212576926350435,overnight_abort,True
53401V__932034,53401V,932034,2025-04-17,2025-04-21,1,92.4954428684285,89.120205,0.0,0.0,0.0,0.03649085580604934,0.03649085580604934,0.07298171161209868,0.02609,0.0,0.0,0.0,0.0,0.03649085580604934,0.07298171161209868,0.07298171161209868,overnight_abort,True
53401V__932034,53401V,932034,2025-04-25,2025-05-02,4,118.80008757499999,113.79659954,114.62203033651835,114.38453776154968,-0.0020719627306497374,0.042116871604503024,0.040044908873853285,0.08216178047835632,0.02609,0.00011,0.0070415097,0.0068986922,-0.020282,0.039935319832757395,0.08205219143726043,0.0617699641756832,convergence,False
53401V__932034,53401V,932034,2025-05-19,2025-05-20,1,127.33270064775499,123.83747597,0.0,0.0,0.0,0.027449544853556163,0.027449544853556163,0.054899089707112325,0.02609,0.0,0.0,0.0,0.0,0.027449544853556163,0.054899089707112325,0.054899089707112325,overnight_abort,True
53401V__932034,53401V,932034,2025-09-29,2025-09-30,1,116.8798984842,109.885222667245,0.0,0.0,0.0,0.0598449853881465,0.0598449853881465,0.119689970776293,0.02609,0.0,0.0,0.0,0.0,0.0598449853881465,0.119689970776293,0.119689970776293,overnight_abort,True
53401V__932034,53401V,932034,2025-10-24,2025-10-27,1,114.559030475,106.949603114545,0.0,0.0,0.0,0.06642363617170793,0.06642363617170793,0.13284727234341587,0.02609,0.0,0.0,0.0,0.0,0.06642363617170793,0.13284727234341587,0.13284727234341587,overnight_abort,True
53401V__932034,53401V,932034,2026-01-14,2026-01-15,1,118.860684202755,118.718015305,0.0,0.0,0.0,0.0012003035209828838,0.0012003035209828838,0.0024006070419657676,0.02609,0.0,0.0,0.0,0.0,0.0012003035209828838,0.0024006070419657676,0.0024006070419657676,overnight_abort,True
53401V__932034,53401V,932034,2026-01-16,2026-01-20,1,130.210550725,120.010268179745,0.0,0.0,0.0,0.0783368359050844,0.0783368359050844,0.1566736718101688,0.02609,0.0,0.0,0.0,0.0,0.0783368359050844,0.1566736718101688,0.1566736718101688,overnight_abort,True
53401V__932034,53401V,932034,2026-01-22,2026-01-23,1,128.2414885,124.01819194125,0.0,0.0,0.0,0.03293237319800766,0.03293237319800766,0.06586474639601532,0.02609,0.0,0.0,0.0,0.0,0.03293237319800766,0.06586474639601532,0.06586474639601532,overnight_abort,True
53401V__932034,53401V,932034,2026-02-06,2026-02-10,1,129.544098895,122.009531445245,127.04583450466703,126.99218773376944,-0.00042226312343688515,0.05816218194440503,0.05773991882096814,0.11590210076537316,0.02609,2.7e-05,0.0064149854,0.0064773132,0.009716,0.05771252156069417,0.1158747035050992,0.12559067261704765,convergence,False
54184D__31722D,54184D,31722D,2024-07-10,2024-08-07,14,29.901867871386,27.664962930593997,5.660160165884053,5.699357073086572,0.006925052658187045,0.07480820095966526,0.0817332536178523,0.15654145457751756,0.025723000000000003,0.000384,0.0064983592,0.0068168645,0.049013,0.08134969197401669,0.15615789293368193,0.20517108075500162,convergence,False
54184D__31722D,54184D,31722D,2024-09-24,2024-09-25,1,34.175000360396,32.663466,0.0,0.0,0.0,0.04422924197383926,0.04422924197383926,0.08845848394767852,0.025723000000000003,0.0,0.0,0.0,0.0,0.04422924197383926,0.08845848394767852,0.08845848394767852,overnight_abort,True
54184D__31722D,54184D,31722D,2024-10-01,2024-10-02,1,33.69060334801,29.718799111187998,0.0,0.0,0.0,0.11789056419663689,0.11789056419663689,0.23578112839327378,0.025723000000000003,0.0,0.0,0.0,0.0,0.11789056419663689,0.23578112839327378,0.23578112839327378,overnight_abort,True
54184D__31722D,54184D,31722D,2024-10-04,2024-10-21,5,31.649505360396,26.23292531541,5.725101810297487,5.478607260525976,-0.04305505088628334,0.17114264451551056,0.12808759362922723,0.29923023814473776,0.025723000000000003,0.000137,0.0066829285,0.0066295412,-0.007989,0.12795060732785737,0.2990932518433679,0.2911046432565784,convergence,False
54184D__31722D,54184D,31722D,2024-12-10,2024-12-17,6,27.578409440792,25.116225749999998,5.221965644867492,5.077810194478228,-0.0276055914942585,0.0892793943058267,0.061673802811568194,0.15095319711739488,0.025723000000000003,0.000164,0.0065593122,0.0065148702,-0.006775,0.06150941924992436,0.15078881355575105,0.14401340804905777,convergence,False
54184D__31722D,54184D,31722D,2025-04-10,2025-04-17,3,24.345778871386,22.993096500792,4.584366203580971,4.634816699873424,0.011004901016206948,0.055561269070090416,0.06656617008629737,0.12212743915638778,0.025723000000000003,8.2e-05,0.0069932515,0.0070209928,0.003967,0.06648397830547545,0.12204524737556587,0.12601211457603753,convergence,False
54184D__31722D,54184D,31722D,2025-09-22,2025-11-06,43,31.972668710793997,26.556389639604,5.922182241068101,5.383981652645847,-0.09087876166492069,0.16940340889847139,0.0785246472335507,0.24792805613202207,0.025723000000000003,0.001178,0.0067156912,0.0065331718,-0.027178,0.07734656504176987,0.24674997394024126,0.21957192263258135,convergence,False
54184D__31722D,54184D,31722D,2026-02-24,2026-02-26,1,39.135076581187995,35.187465059208,0.0,0.0,0.0,0.10087143981411263,0.10087143981411263,0.20174287962822526,0.025723000000000003,0.0,0.0,0.0,0.0,0.10087143981411263,0.20174287962822526,0.20174287962822526,overnight_abort,True
54190K__315775,54190K,315775,2024-04-19,2024-04-23,1,7.6282368499999995,7.372699448829751,1.4877472394518154,1.4986685618074844,0.007340845317039972,0.033498881352936556,0.040839726669976525,0.07433860802291309,0.033312999999999995,2.7e-05,0.1276218228,0.1276381188,0.000128,0.04081232940970255,0.07431121076263912,0.07443890052323388,convergence,False
54190K__315775,54190K,315775,2024-04-25,2024-04-26,1,8.275726854681,8.92926781367025,0.0,0.0,0.0,-0.07897082280085015,-0.07897082280085015,-0.1579416456017003,0.033312999999999995,0.0,0.0,0.0,0.0,-0.07897082280085015,-0.1579416456017003,-0.1579416456017003,overnight_abort,True
54190K__315775,54190K,315775,2024-05-30,2024-06-03,3,9.6010565226595,8.8847943273405,1.8456857688961743,1.8222118975213868,-0.012718238266975549,0.07460243501624482,0.061884196749269274,0.1364866317655141,0.033312999999999995,8.2e-05,0.1278960526,0.1278829664,-0.000102,0.06180200496844736,0.13640443998469218,0.1363021209550272,convergence,False
54190K__315775,54190K,315775,2024-08-16,2024-08-20,1,8.832162420319,8.27204997617025,1.654170949781283,1.689009128052528,0.021060808906027007,0.06341736230531411,0.08447817121134112,0.14789553351665524,0.033312999999999995,2.7e-05,0.1283944293,0.1283977314,2.6e-05,0.08445077395106715,0.14786813625638126,0.14789385466190705,convergence,False
54190K__315775,54190K,315775,2024-09-11,2024-09-12,1,8.74788800675,8.380762404681,0.0,0.0,0.0,0.04196734134978857,0.04196734134978857,0.08393468269957714,0.033312999999999995,0.0,0.0,0.0,0.0,0.04196734134978857,0.08393468269957714,0.08393468269957714,overnight_abort,True
54190K__315775,54190K,315775,2024-09-24,2024-09-30,5,9.5985276710905,9.112103246489252,1.8434430290733412,1.8997759657343778,0.030558544946926787,0.05067698310297049,0.08123552804989728,0.13191251115286776,0.033312999999999995,0.000137,0.1284562767,0.1286545946,0.001544,0.08109854174852742,0.1317755248514979,0.13331938012346062,convergence,False
54190K__315775,54190K,315775,2024-10-04,2024-10-07,1,9.469535096489249,8.8946775,0.0,0.0,0.0,0.06070599988613723,0.06070599988613723,0.12141199977227446,0.033312999999999995,0.0,0.0,0.0,0.0,0.06070599988613723,0.12141199977227446,0.12141199977227446,overnight_abort,True
54190K__315775,54190K,315775,2024-12-02,2024-12-04,1,11.67504685,11.068932,2.275196428591924,2.2650563645918886,-0.004456786180132501,0.05191541051503353,0.04745862433490103,0.09937403484993457,0.033312999999999995,2.7e-05,0.1284892839,0.1284612338,-0.000218,0.047431227074627054,0.0993466375896606,0.09912833066826908,convergence,False
54190K__315775,54190K,315775,2024-12-09,2024-12-16,6,12.01750814625,11.2665915,2.2673568984815633,2.296216107870155,0.012728128248322266,0.06248522048926749,0.07521334873758975,0.13769856922685725,0.033312999999999995,0.000164,0.1286305904,0.1286314276,7e-06,0.07504896517594592,0.13753418566521342,0.13754069422587065,convergence,False
54190K__315775,54190K,315775,2025-01-06,2025-01-15,8,11.4727073617025,9.616134279680999,2.152868845976113,1.9422886220911553,-0.09781377266829294,0.1618251929112218,0.06401142024292886,0.22583661315415066,0.033312999999999995,0.000219,0.1285867704,0.1284183306,-0.00131,0.06379224216073708,0.2256174350719589,0.22430750404658178,convergence,False
54190K__315775,54190K,315775,2025-01-28,2025-02-03,1,11.5334085,10.861389525000002,0.0,0.0,0.0,0.05826716143800842,0.05826716143800842,0.11653432287601684,0.033312999999999995,0.0,0.0,0.0,0.0,0.05826716143800842,0.11653432287601684,0.11653432287601684,overnight_abort,True
54190K__315775,54190K,315775,2025-05-19,2025-05-20,1,8.278458249090498,7.53082685117025,0.0,0.0,0.0,0.0903104630626585,0.0903104630626585,0.180620926125317,0.033312999999999995,0.0,0.0,0.0,0.0,0.0903104630626585,0.180620926125317,0.180620926125317,overnight_abort,True
54190K__315775,54190K,315775,2025-05-22,2025-05-23,1,8.01268390117025,7.313401203510751,0.0,0.0,0.0,0.08727196857938814,0.08727196857938814,0.17454393715877628,0.033312999999999995,0.0,0.0,0.0,0.0,0.08727196857938814,0.17454393715877628,0.17454393715877628,overnight_abort,True
54190K__315775,54190K,315775,2025-06-05,2025-06-06,1,7.274140570319,6.720423197659501,0.0,0.0,0.0,0.07612134619983248,0.07612134619983248,0.15224269239966495,0.033312999999999995,0.0,0.0,0.0,0.0,0.07612134619983248,0.15224269239966495,0.15224269239966495,overnight_abort,True
54190K__315775,54190K,315775,2025-06-24,2025-06-25,1,7.779991820319,6.967497572659501,0.0,0.0,0.0,0.10443381772426912,0.10443381772426912,0.20886763544853823,0.033312999999999995,0.0,0.0,0.0,0.0,0.10443381772426912,0.20886763544853823,0.20886763544853823,overnight_abort,True
54190K__315775,54190K,315775,2025-09-08,2025-09-10,1,9.06485450117025,8.22263490351075,0.0,0.0,0.0,0.09291043750903802,0.09291043750903802,0.18582087501807604,0.033312999999999995,0.0,0.0,0.0,0.0,0.09291043750903802,0.18582087501807604,0.18582087501807604,overnight_abort,True
54190K__315775,54190K,315775,2025-10-16,2025-10-22,5,9.085088045318999,8.4232593948405,1.687019569360146,1.743740513869976,0.033621983727991474,0.07284779709091536,0.10646978081890685,0.1793175779098222,0.033312999999999995,0.000137,0.1287349136,0.128665346,-0.00054,0.10633279451753698,0.17918059160845234,0.1786401974134778,convergence,False
54190K__315775,54190K,315775,2025-11-19,2025-11-21,1,10.7240475117025,10.02924303,2.074786529056002,2.01756828761169,-0.02757789326420284,0.06478938860950605,0.03721149534530321,0.10200088395480925,0.033312999999999995,2.7e-05,0.1284727864,0.1284925908,0.000154,0.03718409808502923,0.10197348669453528,0.10212763918515169,convergence,False
54190K__315775,54190K,315775,2025-11-24,2025-11-28,2,11.138845536702501,10.179465238297501,2.1266142668624917,2.102340084966896,-0.011414473359763831,0.08612923980710938,0.07471476644734554,0.1608440062544549,0.033312999999999995,5.5e-05,0.1285619717,0.1284381347,-0.000963,0.07465997192679759,0.16078921173390698,0.15982596421706768,convergence,False
54190K__315775,54190K,315775,2025-12-10,2025-12-11,1,11.2298987617025,10.7230288632975,0.0,0.0,0.0,0.04513574958784015,0.04513574958784015,0.0902714991756803,0.033312999999999995,0.0,0.0,0.0,0.0,0.04513574958784015,0.0902714991756803,0.0902714991756803,overnight_abort,True
54190K__315775,54190K,315775,2026-01-02,2026-01-05,1,10.971610101749999,9.69519896914875,0.0,0.0,0.0,0.11633763146556383,0.11633763146556383,0.23267526293112767,0.033312999999999995,0.0,0.0,0.0,0.0,0.11633763146556383,0.23267526293112767,0.23267526293112767,overnight_abort,True
54186D__29730F,54186D,29730F,2024-06-27,2024-07-02,4,14.965751189999999,15.191118542883501,14.760887498421432,15.367631757322599,0.041104863035237756,-0.015058873425217108,0.026045989610020647,0.010987116184803539,0.020454,0.00011,0.0062167791,0.0061934841,-0.003747,0.025936400568924756,0.010877527143707648,0.007130409926690812,convergence,False
54186D__29730F,54186D,29730F,2024-08-05,2024-08-06,1,13.2234406521165,13.473429095,0.0,0.0,0.0,-0.018904946863696048,-0.018904946863696048,-0.037809893727392095,0.020454,0.0,0.0,0.0,0.0,-0.018904946863696048,-0.037809893727392095,-0.037809893727392095,overnight_abort,True
54186D__29730F,54186D,29730F,2024-08-08,2024-08-14,5,14.593118085,14.2975224,14.010571891376436,14.456351498107306,0.031817374064883754,0.020255827663303687,0.05207320172818744,0.07232902939149113,0.020454,0.000137,0.0068198863,0.0067874834,-0.004751,0.051936215426817575,0.07219204309012127,0.06744080552183503,convergence,False
54186D__29730F,54186D,29730F,2025-01-15,2025-01-16,1,13.042158675,12.5897637728835,0.0,0.0,0.0,0.03468711839733071,0.03468711839733071,0.06937423679466143,0.020454,0.0,0.0,0.0,0.0,0.03468711839733071,0.06937423679466143,0.06937423679466143,overnight_abort,True
54186D__29730F,54186D,29730F,2025-02-13,2025-02-14,1,13.0522308471165,12.27204006,0.0,0.0,0.0,0.05977451642213784,0.05977451642213784,0.11954903284427568,0.020454,0.0,0.0,0.0,0.0,0.05977451642213784,0.11954903284427568,0.11954903284427568,overnight_abort,True
54186D__29730F,54186D,29730F,2025-04-07,2025-04-08,1,12.115611495,11.6266667778835,0.0,0.0,0.0,0.04035658598976061,0.04035658598976061,0.08071317197952121,0.020454,0.0,0.0,0.0,0.0,0.04035658598976061,0.08071317197952121,0.08071317197952121,overnight_abort,True
54186D__29730F,54186D,29730F,2025-04-09,2025-04-10,1,12.24653664,11.61673695,0.0,0.0,0.0,0.051426759133102996,0.051426759133102996,0.10285351826620599,0.020454,0.0,0.0,0.0,0.0,0.051426759133102996,0.10285351826620599,0.10285351826620599,overnight_abort,True
54186D__29730F,54186D,29730F,2025-08-08,2025-08-12,1,15.640519244999998,15.9754925363495,0.0,0.0,0.0,-0.021417018585018373,-0.021417018585018373,-0.04283403717003675,0.020454,0.0,0.0,0.0,0.0,-0.021417018585018373,-0.04283403717003675,-0.04283403717003675,overnight_abort,True
54186D__29730F,54186D,29730F,2025-11-13,2025-11-17,3,20.434387742301,20.2111395046505,20.608080843721115,20.39880174167467,-0.01015519609193536,0.01092512486627405,0.00076992877433869,0.01169505364061274,0.020454,8.2e-05,0.0064706073,0.006440809,-0.004605,0.0006877369935167722,0.011612861859790822,0.007007683610138632,convergence,False
54186D__29730F,54186D,29730F,2025-12-29,2026-01-06,7,20.3437502786505,19.917241024233,20.054512724767214,20.295458561224255,0.012014544544853173,0.02096512435394445,0.03297966889879762,0.05394479325274207,0.020454,0.000192,0.0063934527,0.0063840654,-0.001468,0.032787888076879816,0.05375301243082426,0.05228474474504,convergence,False
54186D__29730F,54186D,29730F,2026-01-08,2026-01-14,5,19.9811883386505,20.264756206534003,19.822685838355763,20.548066439359093,0.036593456957268636,-0.014191741906310132,0.022401715050958504,0.008209973144648372,0.020454,0.000137,0.0063337239,0.0063111392,-0.003566,0.022264728749588642,0.008072986843278509,0.004507201476474033,convergence,False
54181K__916020,54181K,916020,2024-04-25,2024-05-01,5,9.587762009999999,9.65143685050065,9.547427794402525,9.833571642842058,0.029970778999480214,-0.006641262104153031,0.023329516895327182,0.016688254791174154,0.017699,0.000137,0.0063153237,0.0064731199,0.024986,0.02319253059395732,0.016551268489804292,0.04153750949594623,convergence,False
54181K__916020,54181K,916020,2024-08-01,2024-08-02,1,12.361580955006499,11.661324814993499,0.0,0.0,0.0,0.05664778174909681,0.05664778174909681,0.11329556349819361,0.017699,0.0,0.0,0.0,0.0,0.05664778174909681,0.11329556349819361,0.11329556349819361,overnight_abort,True
54181K__916020,54181K,916020,2024-08-05,2024-08-06,1,11.748525984999999,11.06432772,0.0,0.0,0.0,0.05823694528773681,0.05823694528773681,0.11647389057547362,0.017699,0.0,0.0,0.0,0.0,0.05823694528773681,0.11647389057547362,0.11647389057547362,overnight_abort,True
54181K__916020,54181K,916020,2024-10-30,2024-10-31,1,12.356555922506498,11.621525074993501,0.0,0.0,0.0,0.05948509051573146,0.05948509051573146,0.11897018103146292,0.017699,0.0,0.0,0.0,0.0,0.05948509051573146,0.11897018103146292,0.11897018103146292,overnight_abort,True
54181K__916020,54181K,916020,2025-04-09,2025-04-10,1,9.055108866501948,8.895241492002599,0.0,0.0,0.0,0.017654936771743856,0.017654936771743856,0.03530987354348771,0.017699,0.0,0.0,0.0,0.0,0.017654936771743856,0.03530987354348771,0.03530987354348771,overnight_abort,True
54181K__916020,54181K,916020,2025-04-25,2025-04-28,1,10.120415455,10.0126195905,0.0,0.0,0.0,0.010651327999261459,0.010651327999261459,0.021302655998522917,0.017699,0.0,0.0,0.0,0.0,0.010651327999261459,0.021302655998522917,0.021302655998522917,overnight_abort,True
54181K__916020,54181K,916020,2025-05-12,2025-05-13,1,9.4872609579974,9.183789607002598,0.0,0.0,0.0,0.03198724609118994,0.03198724609118994,0.06397449218237988,0.017699,0.0,0.0,0.0,0.0,0.03198724609118994,0.06397449218237988,0.06397449218237988,overnight_abort,True
54181K__916020,54181K,916020,2025-07-30,2025-07-31,1,10.4018182800065,10.288233784993501,0.0,0.0,0.0,0.0109196769214207,0.0109196769214207,0.0218393538428414,0.017699,0.0,0.0,0.0,0.0,0.0109196769214207,0.0218393538428414,0.0218393538428414,overnight_abort,True
54181K__916020,54181K,916020,2025-09-18,2025-09-24,5,11.617876145006498,11.133977264999999,11.245022596324237,11.172104273859727,-0.006484497637945634,0.04165123418142869,0.035166736543483054,0.07681797072491174,0.017699,0.000137,0.006758355,0.0067156912,-0.006313,0.03502975024211319,0.07668098442354188,0.07036823524123353,convergence,False
54181K__916020,54181K,916020,2025-10-30,2025-10-31,1,10.95457085,10.387732139999999,0.0,0.0,0.0,0.051744492574074756,0.051744492574074756,0.10348898514814951,0.017699,0.0,0.0,0.0,0.0,0.051744492574074756,0.10348898514814951,0.10348898514814951,overnight_abort,True
54181K__916020,54181K,916020,2026-02-04,2026-02-10,5,15.446949904999999,16.2979985049675,15.475699886860571,16.33430347132023,0.055480759560906416,-0.05509492846170399,0.0003858310992024272,-0.05470909736250156,0.017699,0.000137,0.0063678044,0.0064773132,0.017197,0.0002488447978325642,-0.05484608366387143,-0.03764882176305038,convergence,False
54186Q__317701,54186Q,317701,2024-05-10,2024-05-16,3,14.013132465,13.7472323033465,28.70055638679675,27.711970334574627,-0.03444483928809508,0.0189750694441537,-0.01546976984394138,0.0035052996002123207,0.009713,8.2e-05,0.0064016384,0.0064354206,0.005277,-0.015551961624763298,0.003423107819390403,0.008700225627231538,convergence,False
54186Q__317701,54186Q,317701,2024-07-05,2024-07-09,1,13.86538857375,13.7471324686965,27.607885539219758,27.58839990496912,-0.0007057995884167879,0.00852887060643809,0.007823071018021302,0.016351941624459392,0.009713,2.7e-05,0.0062177451,0.0061986673,-0.003068,0.00779567375774733,0.01632454436418542,0.013256261619690225,convergence,False
54186Q__317701,54186Q,317701,2024-08-05,2024-08-06,1,15.175050525,14.885346315000001,0.0,0.0,0.0,0.019090823422480713,0.019090823422480713,0.03818164684496143,0.009713,0.0,0.0,0.0,0.0,0.019090823422480713,0.03818164684496143,0.03818164684496143,overnight_abort,True
54186Q__317701,54186Q,317701,2024-08-15,2024-08-16,1,15.485564111653499,15.584188865,0.0,0.0,0.0,-0.006368818897096668,-0.006368818897096668,-0.012737637794193336,0.009713,0.0,0.0,0.0,0.0,-0.006368818897096668,-0.012737637794193336,-0.012737637794193336,overnight_abort,True
54186Q__317701,54186Q,317701,2024-11-01,2024-11-08,3,16.0565046033465,15.963560535000001,31.706561181786338,32.03150745125867,0.010248549743672453,0.005788561747562906,0.016037111491235358,0.021825673238798263,0.009713,8.2e-05,0.006595436,0.0065513627,-0.006682,0.01595491971041344,0.021743481457976346,0.015061087754209068,convergence,False
54186Q__317701,54186Q,317701,2024-12-06,2024-12-10,1,16.8077447283465,16.2331090982675,32.87950338221524,32.45690468974106,-0.012852952417242667,0.03418874092666737,0.021335788509424705,0.055524529436092075,0.009713,2.7e-05,0.0066131006,0.0065806787,-0.004903,0.021308391249150734,0.0554971321758181,0.05059445460275952,convergence,False
54186Q__317701,54186Q,317701,2025-03-25,2025-03-26,1,16.176698015078998,15.963560535000001,0.0,0.0,0.0,0.013175586258723632,0.013175586258723632,0.026351172517447265,0.009713,0.0,0.0,0.0,0.0,0.013175586258723632,0.026351172517447265,0.026351172517447265,overnight_abort,True
54186Q__317701,54186Q,317701,2025-03-28,2025-06-27,88,16.266858849921,16.772225193386003,15.784591423687194,16.81597529915898,0.0653411829161466,-0.031067236036627744,0.03427394687951886,0.0032067108428911126,0.009713,0.002411,0.0066684445,0.006912522,0.036602,0.03186298797540927,0.0007957519387815234,0.0373976161366466,convergence,False
54186Q__317701,54186Q,317701,2025-08-12,2025-09-09,27,17.903547647425498,16.662406080039503,17.956030276463814,16.836987637377007,-0.06232127156488547,0.06932377827164714,0.007002506706761669,0.0763262849784088,0.009713,0.00074,0.006784951,0.0067835702,-0.000204,0.006262780679364408,0.07558655895101155,0.07538304974364957,convergence,False
54187L__946076,54187L,946076,2024-08-05,2024-08-06,1,7.833895748614499,8.093540577078251,0.0,0.0,0.0,-0.03314376866831197,-0.03314376866831197,-0.06628753733662394,0.022413,0.0,0.0,0.0,0.0,-0.03314376866831197,-0.06628753733662394,-0.06628753733662394,overnight_abort,True
54187L__946076,54187L,946076,2024-08-07,2024-08-16,8,8.976758662499998,8.848275875692751,16.746505460675614,18.07611275082893,0.07939610405738193,0.01431282622579327,0.0937089302831752,0.10802175650896848,0.022413,0.000219,0.0067895572,0.0067750673,-0.002134,0.09348975220098342,0.1078025784267767,0.1056684333605859,convergence,False
54187L__946076,54187L,946076,2024-11-12,2024-11-15,2,10.3914918,10.5563616680725,19.896945263116766,21.540783170174198,0.0826176021152672,-0.015865851722319475,0.06675175039294773,0.050885898670628246,0.022413,5.5e-05,0.0064325224,0.0064789914,0.007224,0.06669695587239978,0.050831104150080304,0.05805517537912109,convergence,False
54187L__946076,54187L,946076,2025-04-07,2025-04-08,1,10.592878306927501,10.2485082,0.0,0.0,0.0,0.03250958775787039,0.03250958775787039,0.06501917551574078,0.022413,0.0,0.0,0.0,0.0,0.03250958775787039,0.06501917551574078,0.06501917551574078,overnight_abort,True
54187L__946076,54187L,946076,2025-04-09,2025-04-10,1,11.01578685,11.2961996875,0.0,0.0,0.0,-0.025455543150782745,-0.025455543150782745,-0.05091108630156549,0.022413,0.0,0.0,0.0,0.0,-0.025455543150782745,-0.05091108630156549,-0.05091108630156549,overnight_abort,True
54187L__946076,54187L,946076,2025-06-27,2025-06-30,1,13.94342855625,13.232691062499999,0.0,0.0,0.0,0.05097293616722553,0.05097293616722553,0.10194587233445106,0.022413,0.0,0.0,0.0,0.0,0.05097293616722553,0.10194587233445106,0.10194587233445106,overnight_abort,True
54187L__946076,54187L,946076,2025-09-04,2025-09-05,1,13.875460949999999,13.5355791680725,0.0,0.0,0.0,0.024495170513776615,0.024495170513776615,0.04899034102755323,0.022413,0.0,0.0,0.0,0.0,0.024495170513776615,0.04899034102755323,0.04899034102755323,overnight_abort,True
54187L__946076,54187L,946076,2025-09-19,2025-09-25,3,13.9811893444275,13.505786993072501,27.819587062340887,27.306798220260095,-0.018432654695114032,0.0340029978597265,0.015570343164612466,0.04957334102433897,0.022413,8.2e-05,0.0067695636,0.0066757902,-0.013852,0.015488151383790548,0.04949114924351705,0.03563894169501271,convergence,False
54187L__946076,54187L,946076,2026-02-02,2026-02-03,1,15.078740319427501,14.965602575,0.0,0.0,0.0,0.007503129706513611,0.007503129706513611,0.015006259413027223,0.022413,0.0,0.0,0.0,0.0,0.007503129706513611,0.015006259413027223,0.015006259413027223,overnight_abort,True
54187L__946076,54187L,946076,2026-02-06,2026-02-12,3,16.4934774846375,15.144455925322502,32.746897727802704,33.897994467537714,0.03515132179246733,0.08179121477393195,0.11694253656639927,0.19873375134033122,0.022413,8.2e-05,0.0064149854,0.0065468591,0.020557,0.11686034478557736,0.1986515595595093,0.21920869130294243,convergence,False
54185K__140271,54185K,140271,2024-04-22,2024-04-24,1,27.297223632603004,27.367397779098003,273.4232838707372,276.29587407152036,0.010506018946583996,-0.002570742997144407,0.007935275949439588,0.005364532952295182,0.011574000000000001,2.7e-05,0.0064584877,0.0064372843,-0.003283,0.007907878689165615,0.005337135692021209,0.002054107065985403,convergence,False
54185K__140271,54185K,140271,2024-07-02,2024-07-09,6,26.124768051804004,26.821548748397,260.3954713201154,269.3273319658668,0.03430113665368267,-0.02667126824671962,0.007629868406963055,-0.019041399839756563,0.011574000000000001,0.000164,0.0061844827,0.0061986673,0.002294,0.00746548484531922,-0.0192057834014004,-0.016912204344254583,convergence,False
54185K__140271,54185K,140271,2024-07-10,2024-07-17,6,27.928536926598003,26.414401760799002,285.65706820075616,270.3618610876941,-0.053543947676144316,0.054214625341043196,0.0006706776648988805,0.05488530300594208,0.011574000000000001,0.000164,0.0062966341,0.0064030731,0.016904,0.0005062941032550449,0.054720919444298244,0.07162503016592964,convergence,False
54185K__140271,54185K,140271,2024-07-25,2024-07-29,3,26.5857252628995,26.574068674497504,266.71387935277244,266.24420392002617,-0.0017609710971398277,0.00043845290232741936,-0.0013225181948124084,-0.000884065292484989,0.011574000000000001,8.2e-05,0.0065051224,0.0064924525,-0.001948,-0.0014047099756343262,-0.0009662570733069068,-0.002913937565836878,convergence,False
54185K__140271,54185K,140271,2024-08-05,2024-08-06,1,26.525602239201003,26.324593799497503,0.0,0.0,0.0,0.007577902959218725,0.007577902959218725,0.01515580591843745,0.011574000000000001,0.0,0.0,0.0,0.0,0.007577902959218725,0.01515580591843745,0.01515580591843745,overnight_abort,True
54185K__140271,54185K,140271,2024-08-15,2024-08-16,1,28.409556189703505,29.288357310296504,0.0,0.0,0.0,-0.0309332928231911,-0.0309332928231911,-0.0618665856463822,0.011574000000000001,0.0,0.0,0.0,0.0,-0.0309332928231911,-0.0618665856463822,-0.0618665856463822,overnight_abort,True
54185K__140271,54185K,140271,2024-09-11,2024-09-13,1,31.045069481598002,30.914922518402,315.0874032092666,310.56313881109605,-0.014358759988782336,0.004192194295881534,-0.010166565692900802,-0.005974371397019267,0.011574000000000001,2.7e-05,0.0070514398,0.0071005072,0.006958,-0.010193962953174774,-0.00600176865729324,0.0009567251243596921,convergence,False
54185K__140271,54185K,140271,2024-10-02,2024-10-07,4,32.9089774136985,33.5294301852965,331.23772015549133,339.1977353288665,0.024031125349004704,-0.01885360227995812,0.005177523069046584,-0.013676079210911535,0.011574000000000001,0.00011,0.006805962,0.0067483214,-0.008469,0.0050679340279506935,-0.013785668252007426,-0.022254801638294276,convergence,False
54185K__140271,54185K,140271,2024-10-10,2024-10-15,4,35.875201908402005,34.906520518402004,366.695994193736,357.3907424232589,-0.02537592970148684,0.02700141987976197,0.001625490178275131,0.0286269100580371,0.011574000000000001,0.00011,0.0067048841,0.0067024129,-0.000369,0.0015159011371792407,0.02851732101694121,0.028148753870493502,convergence,False
54185K__140271,54185K,140271,2025-03-04,2025-03-06,1,31.876814900799,31.43383425,318.12449626044923,321.4544410817239,0.010467426622024293,0.013896640934094623,0.024364067556118918,0.03826070849021354,0.011574000000000001,2.7e-05,0.0067165933,0.006758355,0.006218,0.024336670295844947,0.038233311229939566,0.04445100197503788,convergence,False
54185K__140271,54185K,140271,2025-04-07,2025-04-08,1,29.121038525799,28.490034716598004,0.0,0.0,0.0,0.021668314083028894,0.021668314083028894,0.04333662816605779,0.011574000000000001,0.0,0.0,0.0,0.0,0.021668314083028894,0.04333662816605779,0.04333662816605779,overnight_abort,True
54185K__140271,54185K,140271,2025-04-09,2025-04-16,6,31.616274783402,32.162296893402,322.9472537149055,322.1187489731451,-0.002565449101145809,-0.017270286070724918,-0.019835735171870726,-0.03710602124259565,0.011574000000000001,0.000164,0.0069225706,0.0070499484,0.0184,-0.020000118733514562,-0.03727040480423948,-0.01887004352803957,convergence,False
54185K__140271,54185K,140271,2025-10-09,2025-10-10,1,32.367850158402,32.441707755502506,0.0,0.0,0.0,-0.0022818196679440066,-0.0022818196679440066,-0.004563639335888013,0.011574000000000001,0.0,0.0,0.0,0.0,-0.0022818196679440066,-0.004563639335888013,-0.004563639335888013,overnight_abort,True
54185K__140271,54185K,140271,2025-10-17,2025-10-22,2,34.893147426804006,36.06408793,356.53341500158285,363.6127791108941,0.019856102714186908,-0.03355789286857245,-0.013701790154385541,-0.04725968302295799,0.011574000000000001,5.5e-05,0.0066334992,0.0065793798,-0.008158,-0.013756584674933486,-0.047314477543505935,-0.05547297705760856,convergence,False
54185K__140271,54185K,140271,2025-11-04,2025-11-06,1,36.7670703513015,36.672806625,365.5393434311742,368.2841572929732,0.007508942364546901,0.0025638084677628366,0.010072750832309737,0.012636559300072573,0.011574000000000001,2.7e-05,0.0064884506,0.0065331718,0.006892,0.010045353572035764,0.0126091620397986,0.019501593339190822,convergence,False
54185K__140271,54185K,140271,2026-01-08,2026-01-14,5,37.899448926804006,40.804110555,398.90634161562366,409.7178167567023,0.027102790838798706,-0.0766412628797276,-0.04953847204092889,-0.12617973492065648,0.011574000000000001,0.000137,0.0063337239,0.0063111392,-0.003566,-0.04967545834229876,-0.12631672122202633,-0.1298825065888308,convergence,False
54185K__140271,54185K,140271,2026-02-06,2026-02-12,3,41.7775728513015,44.306731812603005,436.8613334334912,445.5020562982721,0.019779097401158293,-0.06053867634444718,-0.04075957894328888,-0.10129825528773606,0.011574000000000001,8.2e-05,0.0064149854,0.0065468591,0.020557,-0.0408417707241108,-0.10138044706855798,-0.08082331532512485,convergence,False
54185K__140271,54185K,140271,2026-03-04,2026-03-05,1,42.3688081378995,40.3750207552965,0.0,0.0,0.0,0.04705790580923922,0.04705790580923922,0.09411581161847844,0.011574000000000001,0.0,0.0,0.0,0.0,0.04705790580923922,0.09411581161847844,0.09411581161847844,overnight_abort,True
54185K__140271,54185K,140271,2026-04-02,2026-04-07,1,40.995935463402006,40.7741745678995,409.36908389066406,406.2649724549787,-0.007582671867117382,0.0054093385843207945,-0.0021733332827965877,0.0032360053015242068,0.011574000000000001,2.7e-05,0.006262329,0.0062646829,0.000376,-0.0022007305430705604,0.003208608041250234,0.003584490560357734,convergence,False
54185K__140271,54185K,140271,2026-04-09,2026-04-10,1,44.54336421869851,47.4401512110955,0.0,0.0,0.0,-0.06503296379174187,-0.06503296379174187,-0.13006592758348373,0.011574000000000001,0.0,0.0,0.0,0.0,-0.06503296379174187,-0.13006592758348373,-0.13006592758348373,overnight_abort,True
54190Q__982367,54190Q,982367,2024-08-19,2024-11-11,83,14.979118999999999,14.29767406,13.362351421691072,14.324616175808927,0.07201313030548002,0.0454929919443192,0.11750612224979923,0.16299911419411844,0.018844,0.002274,0.0068844441,0.006505546,-0.055037,0.1152321496470595,0.1607251415913787,0.10568829409921889,convergence,False
54190Q__982367,54190Q,982367,2024-11-19,2024-12-20,30,17.45218260531,15.25854559469,16.77665165231079,15.38257454181097,-0.08309626613173447,0.1256941358127071,0.042597869680972636,0.16829200549367973,0.018844,0.000822,0.0064335574,0.0063932487,-0.006265,0.04177595187275346,0.16747008768546054,0.1612047048663067,convergence,False
54190Q__982367,54190Q,982367,2025-11-26,2025-12-08,10,13.91349140531,13.100068294689999,13.810356648589305,13.208249097715091,-0.043598262245871676,0.058462903876848805,0.01486464163097713,0.07332754550782594,0.018844,0.000274,0.0064030731,0.0064133393,0.001603,0.014590669028237404,0.07305357290508621,0.07465689678405305,convergence,False
54190Q__982367,54190Q,982367,2025-12-15,2026-02-27,73,14.275401999999998,13.94555479469,14.280948242038171,14.01090712031011,-0.01890918706176343,0.023105983657062512,0.0041967965952990835,0.027302780252361596,0.018844,0.002,0.0064632881,0.0064079972,-0.008555,0.0021967965952990835,0.025302780252361594,0.016748171646874956,convergence,False
54444M__932127,54444M,932127,2024-06-12,2024-08-01,49,10.03495,10.199228674999999,20.42025256392568,21.325765654359973,0.04434387320135153,-0.01637065207101166,0.02797322113033987,0.011602569059328209,0.010548,0.001342,0.0063680067,0.0066950084,0.051351,0.026630755376915213,0.010260103305903552,0.06161081875034556,convergence,False
54444M__932127,54444M,932127,2025-02-13,2025-03-03,17,8.941140349650501,8.310851899301,17.701853697263985,17.14889058571134,-0.031237582289933445,0.07049307199099487,0.03925548970106143,0.1097485616920563,0.010548,0.000466,0.0065640483,0.0066885158,0.018962,0.03878973627640389,0.10928280826739876,0.12824481072554647,convergence,False
54444M__932127,54444M,932127,2025-07-23,2025-10-22,90,7.676736448951501,9.506657699999998,15.390230970309208,19.374641495840613,0.2588921851282232,-0.2383722905191607,0.020519894609062506,-0.2178523959100982,0.010548,0.002466,0.0068022583,0.0065793798,-0.032765,0.018054141184404973,-0.22031814933475574,-0.2530835178594999,force_close,False
54444M__932127,54444M,932127,2025-10-28,2025-11-20,22,10.407247648495,9.4269373996505,19.99884867391326,19.510567932357823,-0.024415442584570114,0.09419495739454833,0.06977951480997822,0.16397447220452654,0.010548,0.000603,0.0065475021,0.0063500127,-0.030163,0.06917677508395083,0.16337173247849915,0.13320917628779558,convergence,False
54444M__932127,54444M,932127,2026-02-17,2026-03-27,37,11.4799828,11.230612346505,23.356618232122067,23.31724703862291,-0.0016856547085660916,0.021722197484041573,0.02003654277547548,0.041758740259517056,0.010548,0.001014,0.0064584877,0.0062373304,-0.034243,0.019022844145338495,0.04074504162938007,0.006502149133045344,convergence,False
54633R__871051,54633R,871051,2024-05-15,2024-05-16,1,113.9000600032,111.71651237868,0.0,0.0,0.0,0.019170732872824267,0.019170732872824267,0.038341465745648534,0.035597000000000004,0.0,0.0,0.0,0.0,0.019170732872824267,0.038341465745648534,0.038341465745648534,overnight_abort,True
54633R__871051,54633R,871051,2024-06-20,2024-06-21,1,108.084124,106.57908756,0.0,0.0,0.0,0.013924676301211431,0.013924676301211431,0.027849352602422862,0.035597000000000004,0.0,0.0,0.0,0.0,0.013924676301211431,0.027849352602422862,0.027849352602422862,overnight_abort,True
54633R__871051,54633R,871051,2024-07-15,2024-07-17,1,116.89348517200001,112.41931865868,226.531678780395,225.4280035669076,-0.004872056832975376,0.038275584877434474,0.0334035280444591,0.07167911292189358,0.035597000000000004,2.7e-05,0.6734008094,0.6730152645,-0.000573,0.03337613078418512,0.07165171566161961,0.07107918160074805,convergence,False
54633R__871051,54633R,871051,2024-07-26,2024-07-29,1,114.64998200000001,110.63853622799999,0.0,0.0,0.0,0.03498862975835457,0.03498862975835457,0.06997725951670913,0.035597000000000004,0.0,0.0,0.0,0.0,0.03498862975835457,0.06997725951670913,0.06997725951670913,overnight_abort,True
54633R__871051,54633R,871051,2024-08-08,2024-08-15,6,113.82167376000001,101.03336198868,224.17686549672143,205.38283916200757,-0.08383570843972178,0.11235392477433562,0.028518216334613836,0.14087214110894947,0.035597000000000004,0.000164,0.6572462683,0.661244637,0.006084,0.02835383277297,0.14070775754730563,0.14679127432457392,convergence,False
54633R__871051,54633R,871051,2024-10-02,2024-10-07,4,104.19511580000001,97.51189173066,198.30744333685516,195.48255834959852,-0.014244977090739575,0.0641414332910604,0.04989645620032082,0.11403788949138122,0.035597000000000004,0.00011,0.6840414097,0.6757668585,-0.012097,0.04978686715922493,0.11392830045028533,0.10183173570630433,convergence,False
54633R__871051,54633R,871051,2025-01-22,2025-02-03,11,101.04350396000001,96.39335078933999,197.56198773082818,192.83135070529036,-0.023945077086302436,0.04602129764324949,0.022076220556947055,0.06809751820019655,0.035597000000000004,0.000301,0.6285552262,0.6226842373,-0.00934,0.021774850693933357,0.06779614833718285,0.05845569795942726,convergence,False
54633R__871051,54633R,871051,2025-04-09,2025-04-10,1,82.891429899736,77.387873310924,0.0,0.0,0.0,0.06639475993439863,0.06639475993439863,0.13278951986879725,0.035597000000000004,0.0,0.0,0.0,0.0,0.06639475993439863,0.13278951986879725,0.13278951986879725,overnight_abort,True
54633R__871051,54633R,871051,2025-05-08,2025-05-09,1,88.10877077092401,82.822254570132,0.0,0.0,0.0,0.05999988598792896,0.05999988598792896,0.11999977197585791,0.035597000000000004,0.0,0.0,0.0,0.0,0.05999988598792896,0.11999977197585791,0.11999977197585791,overnight_abort,True
54633R__871051,54633R,871051,2025-09-18,2025-09-19,1,100.86168727092401,95.571759359472,0.0,0.0,0.0,0.05244734700147109,0.05244734700147109,0.10489469400294218,0.035597000000000004,0.0,0.0,0.0,0.0,0.05244734700147109,0.10489469400294218,0.10489469400294218,overnight_abort,True
54633R__871051,54633R,871051,2025-10-30,2025-10-31,1,96.689837060264,92.69123952,0.0,0.0,0.0,0.04135488963304168,0.04135488963304168,0.08270977926608336,0.035597000000000004,0.0,0.0,0.0,0.0,0.04135488963304168,0.08270977926608336,0.08270977926608336,overnight_abort,True
54633R__871051,54633R,871051,2026-02-06,2026-02-10,1,90.93208769066,89.899819678944,180.9197168622516,180.39224080049098,-0.002915525576254456,0.011352076455427377,0.008436550879172921,0.0197886273346003,0.035597000000000004,2.7e-05,0.7093206722,0.7076137256,-0.002406,0.008409153618898949,0.019761230074326327,0.017354777440278978,convergence,False
54633R__871051,54633R,871051,2026-04-02,2026-04-16,9,61.203894849604,60.005794200528,121.67913827664738,120.65472655313869,-0.008418959387924073,0.01957556217655891,0.011156602788634838,0.03073216496519375,0.035597000000000004,0.000247,0.6975931571,0.7161014919,0.026532,0.010910027446169084,0.030485589622727998,0.057017293111537956,convergence,False
51655V__32146V,51655V,32146V,2024-05-09,2024-05-16,3,32.333555461586,31.926779312224497,16.45570991957402,15.926283029201613,-0.03217283805803202,0.012580619222181646,-0.019592218835850373,-0.007011599613668727,0.039638,8.2e-05,0.0064016384,0.0064354206,0.005277,-0.01967441061667229,-0.007093791394490645,-0.0018166735866495106,convergence,False
51655V__32146V,51655V,32146V,2024-09-17,2024-09-24,6,20.7535926161105,20.3296985238105,10.402322353216135,10.163359461857027,-0.02297207135531874,0.020425094591619813,-0.0025469767636989264,0.017878117827920887,0.039638,0.000164,0.0070283947,0.0069817776,-0.006633,-0.002711360325342762,0.01771373426627705,0.011081053264454525,convergence,False
51655V__32146V,51655V,32146V,2024-12-26,2024-12-30,3,15.92799405125,14.9389455646035,7.548637129784989,7.433696321679446,-0.01522669670423237,0.062094980916249196,0.046868284212016824,0.10896326512826603,0.039638,8.2e-05,0.0063357299,0.0063757208,0.006312,0.04678609243119491,0.10888107334744411,0.11519303749856741,convergence,False
51655V__32146V,51655V,32146V,2025-04-09,2025-04-10,1,12.00443421,11.935241999999999,0.0,0.0,0.0,0.005763887642648062,0.005763887642648062,0.011527775285296124,0.039638,0.0,0.0,0.0,0.0,0.005763887642648062,0.011527775285296124,0.011527775285296124,overnight_abort,True
51655V__32146V,51655V,32146V,2025-09-18,2025-09-30,11,21.350593036224502,20.4092687930175,10.057498759106663,10.507762752256912,0.0447689832168812,0.0440889038355939,0.0888578870524751,0.132946790888069,0.039638,0.000301,0.006758355,0.0067606396,0.000338,0.0885565171894614,0.13264542102505528,0.13298346186487506,convergence,False
51655V__32146V,51655V,32146V,2025-10-01,2025-10-08,1,21.585864865793003,20.8071042253965,11.005353902519705,10.734619466834664,-0.024600248032283233,0.03607734252198529,0.011477094489702053,0.04755443701168734,0.039638,2.7e-05,0.0065830618,0.0065494318,-0.005109,0.01144969722942808,0.04752703975141336,0.04241847461535467,convergence,False
51655V__32146V,51655V,32146V,2025-10-16,2025-10-27,10,23.707251480793,21.781810682379,11.168849951735636,10.782524071639589,-0.034589584582610675,0.0812173777282425,0.04662779314563183,0.12784517087387431,0.039638,0.000274,0.0066385634,0.0065412919,-0.014652,0.0463538205428921,0.12757119827113458,0.11291870583579834,convergence,False
51655V__32146V,51655V,32146V,2025-11-04,2025-11-06,1,23.3151478511895,19.156058436982498,9.724949736895233,9.58759227614489,-0.01412423348875785,0.17838571905066486,0.164261485561907,0.34264720461257187,0.039638,2.7e-05,0.0064884506,0.0065331718,0.006892,0.16423408830163302,0.3426198073522979,0.3495122386516901,convergence,False
51655V__32146V,51655V,32146V,2026-03-12,2026-03-18,5,22.267026021525503,21.3044059753965,9.951794007102471,10.902228618233337,0.09550384688957117,0.04323074150981997,0.13873458839939112,0.1819653299092111,0.039638,0.000137,0.0062605647,0.0062548866,-0.000907,0.13859760209802127,0.18182834360784125,0.18092138069441577,convergence,False
54339N__297127,54339N,297127,2024-06-13,2024-06-24,10,23.608381644198,23.062332309198002,2.280201185801706,2.3168686117988875,0.01608078542608488,0.023129469153350308,0.03921025457943519,0.0623397237327855,0.030321,0.000274,0.7390708239,0.7391802491,0.000148,0.038936281976695464,0.062065751130045775,0.06221380892973348,convergence,False
54339N__297127,54339N,297127,2024-07-31,2024-08-07,6,24.982254324198003,22.785189438997502,2.3831853842319237,2.3007130945452015,-0.03460590612563791,0.0879450211613772,0.05333911503573929,0.1412841361971165,0.030321,0.000164,0.7480829813,0.7531536615,0.006778,0.05317473147409546,0.14111975263547266,0.14789798489947673,convergence,False
54339N__297127,54339N,297127,2024-08-13,2024-08-28,14,23.537675690802004,23.8442669856015,2.3593115736618944,2.4045839819671864,0.0191888213539446,-0.01302555523438132,0.006163266119563282,-0.006862289114818038,0.030321,0.000384,0.7597627808,0.7671652064,0.009743,0.005779704475727666,-0.007245850758653654,0.0024972240366205618,convergence,False
54339N__297127,54339N,297127,2024-09-11,2024-09-13,1,24.820634366604004,23.8442669856015,2.409402407014941,2.392235410913697,-0.007125001639934558,0.03933692292394427,0.032211921284009716,0.07154884420795399,0.030321,2.7e-05,0.7684329585,0.7705641416,0.002773,0.03218452402373574,0.07152144694768002,0.07429486143547093,convergence,False
54339N__297127,54339N,297127,2024-09-19,2024-09-23,3,25.810626815802003,24.258998914898502,2.444949307682341,2.428619203888569,-0.006679117535263794,0.060115855069182204,0.05343673753391841,0.11355259260310062,0.030321,8.2e-05,0.7748031535,0.7748334709,3.9e-05,0.05335454575309649,0.1134704008222787,0.11350952998671625,convergence,False
54339N__297127,54339N,297127,2024-09-25,2024-09-27,1,25.856083817901002,26.021822916203,2.4594332142623396,2.60953231082018,0.061029954254260874,-0.006410061920794495,0.054619892333466376,0.048209830412671885,0.030321,2.7e-05,0.7793930959,0.7805179595,0.001443,0.0545924950731924,0.04818243315239791,0.04962568894452299,convergence,False
54339N__297127,54339N,297127,2024-10-09,2024-10-10,1,26.578373134599,25.3388741285965,0.0,0.0,0.0,0.04663562362246146,0.04663562362246146,0.09327124724492292,0.030321,0.0,0.0,0.0,0.0,0.04663562362246146,0.09327124724492292,0.09327124724492292,overnight_abort,True
54339N__297127,54339N,297127,2024-11-05,2024-11-06,1,25.4570495693985,23.1909953564035,0.0,0.0,0.0,0.08901480145283547,0.08901480145283547,0.17802960290567094,0.030321,0.0,0.0,0.0,0.0,0.08901480145283547,0.17802960290567094,0.17802960290567094,overnight_abort,True
54339N__297127,54339N,297127,2025-01-17,2025-01-22,1,23.564943022698003,22.260596693797,2.288982489130593,2.246356244276286,-0.018622355154188065,0.0553511344222068,0.036728779268018735,0.09207991369022553,0.030321,2.7e-05,0.7395081723,0.73776253,-0.002361,0.03670138200774476,0.09205251642995156,0.089691971455079,convergence,False
54339N__297127,54339N,297127,2025-02-04,2025-02-10,5,24.598389246403503,23.626510105802,2.4215900023315,2.3786699762376577,-0.017723902911937605,0.039509869157127786,0.02178596624519018,0.061295835402317964,0.030321,0.000137,0.7414271375,0.7378170178,-0.004869,0.02164897994382032,0.0611588491009481,0.056289699433493386,convergence,False
54339N__297127,54339N,297127,2025-03-04,2025-03-10,5,24.964573795047002,24.086279891948,2.430502855370064,2.4238345076697962,-0.0027436082560175702,0.03518161016124607,0.0324380019052285,0.06761961206647456,0.030321,0.000137,0.7510890792,0.7495128167,-0.002099,0.03230101560385863,0.06748262576510469,0.06538398987270311,convergence,False
54339N__297127,54339N,297127,2025-04-02,2025-04-03,1,26.0884248818985,24.68312503125,0.0,0.0,0.0,0.05386679560035724,0.05386679560035724,0.10773359120071448,0.030321,0.0,0.0,0.0,0.0,0.05386679560035724,0.10773359120071448,0.10773359120071448,overnight_abort,True
54339N__297127,54339N,297127,2025-07-25,2025-07-29,1,23.961957880401002,23.002946318797,2.3350275471538886,2.341087909885363,0.0025954138052294946,0.040022253873853816,0.04261766767908331,0.08263992155293713,0.030321,2.7e-05,0.7770913471,0.7764877039,-0.000777,0.042590270418809334,0.08261252429266316,0.08183572604075523,convergence,False
54339N__297127,54339N,297127,2025-08-01,2025-08-07,3,23.153794449799502,22.721348361047,2.293841610414985,2.287358361802141,-0.002826371526005661,0.018677115307821502,0.01585074378181584,0.03452785908963734,0.030321,8.2e-05,0.7763675579,0.7792407764,0.003701,0.015768552000993925,0.034445667308815424,0.03814651553561637,convergence,False
54339N__297127,54339N,297127,2025-08-12,2025-08-15,2,23.5982846902005,22.4684456806015,2.3075455372743563,2.2642738622685883,-0.01875225182202903,0.04787801420448919,0.029125762382460164,0.07700377658694936,0.030321,5.5e-05,0.7810057527,0.7793015634,-0.002182,0.02907096786191222,0.07694898206640141,0.07476693757555287,convergence,False
54339N__297127,54339N,297127,2025-08-18,2025-08-25,6,23.174002500601503,22.552585566698003,2.2520996785799468,2.275437731349106,0.010362797433493196,0.026815261363994883,0.037178058797488076,0.06399332016148296,0.030321,0.000164,0.7781195279,0.7778164871,-0.000389,0.03701367523584424,0.06382893659983913,0.06343948383694813,convergence,False
54339N__297127,54339N,297127,2025-09-23,2025-09-25,1,23.123489445,22.042839813997503,2.2691129879561593,2.221191654888325,-0.02111897174014156,0.046733847569713,0.02561487582957144,0.07234872339928444,0.030321,2.7e-05,0.7759153998,0.7724094719,-0.004518,0.02558747856929747,0.07232132613901048,0.06780288520987861,convergence,False
54339N__297127,54339N,297127,2025-09-26,2025-09-29,1,22.72951125,21.8646679856015,0.0,0.0,0.0,0.038049355962218576,0.038049355962218576,0.07609871192443715,0.030321,0.0,0.0,0.0,0.0,0.038049355962218576,0.07609871192443715,0.07609871192443715,overnight_abort,True
54339N__297127,54339N,297127,2025-11-05,2025-11-06,1,25.153986388797,24.784573541203002,0.0,0.0,0.0,0.014686055795852975,0.014686055795852975,0.02937211159170595,0.030321,0.0,0.0,0.0,0.0,0.014686055795852975,0.02937211159170595,0.02937211159170595,overnight_abort,True
54339N__297127,54339N,297127,2026-02-05,2026-02-19,13,27.760305699198,27.773771990401002,2.719526002362988,2.801050702899909,0.02997754037508164,-0.00048509160341816406,0.029492448771663477,0.02900735716824531,0.030321,0.000356,0.7866581519,0.788519161,0.002366,0.029136284388101834,0.028651192784683668,0.031016907924741797,convergence,False
54339N__297127,54339N,297127,2026-03-23,2026-03-24,1,29.9009245995,28.189485800802,0.0,0.0,0.0,0.05723698586653805,0.05723698586653805,0.1144739717330761,0.030321,0.0,0.0,0.0,0.0,0.05723698586653805,0.1144739717330761,0.1144739717330761,overnight_abort,True
54187R__937334,54187R,937334,2024-04-08,2024-04-09,1,35.5479855444075,17.2231781521185,0.0,0.0,0.0,0.5154949601686194,0.5154949601686194,1.0309899203372388,0.027692,0.0,0.0,0.0,0.0,0.5154949601686194,1.0309899203372388,1.0309899203372388,overnight_abort,True
54187R__937334,54187R,937334,2024-07-10,2024-07-11,1,17.839499526355503,17.1438066878815,0.0,0.0,0.0,0.038997329350310986,0.038997329350310986,0.07799465870062197,0.027692,0.0,0.0,0.0,0.0,0.038997329350310986,0.07799465870062197,0.07799465870062197,overnight_abort,True
54187R__937334,54187R,937334,2024-08-05,2024-08-06,1,15.5919278128815,16.439411481948003,0.0,0.0,0.0,-0.05435400158576549,-0.05435400158576549,-0.10870800317153098,0.027692,0.0,0.0,0.0,0.0,-0.05435400158576549,-0.10870800317153098,-0.10870800317153098,overnight_abort,True
54187R__937334,54187R,937334,2024-08-08,2024-08-14,5,17.789102427711,18.006944822289,17.91293132940471,18.183163531927583,0.015085872744863229,-0.012245833957235268,0.0028400387876279607,-0.009405795169607307,0.027692,0.000137,0.0068198863,0.0067874834,-0.004751,0.0027030524862580976,-0.00954278147097717,-0.014294019039263417,convergence,False
54187R__937334,54187R,937334,2024-11-07,2024-11-08,1,20.459998481526004,19.683628063644502,0.0,0.0,0.0,0.037945771041112825,0.037945771041112825,0.07589154208222565,0.027692,0.0,0.0,0.0,0.0,0.037945771041112825,0.07589154208222565,0.07589154208222565,overnight_abort,True
54187R__937334,54187R,937334,2025-04-07,2025-04-08,1,18.8373082586445,18.1954503136445,0.0,0.0,0.0,0.034073761292590786,0.034073761292590786,0.06814752258518157,0.027692,0.0,0.0,0.0,0.0,0.034073761292590786,0.06814752258518157,0.06814752258518157,overnight_abort,True
54187R__937334,54187R,937334,2025-04-09,2025-04-10,1,19.190057712711003,18.9593855271185,0.0,0.0,0.0,0.01202040082660679,0.01202040082660679,0.02404080165321358,0.027692,0.0,0.0,0.0,0.0,0.01202040082660679,0.02404080165321358,0.02404080165321358,overnight_abort,True
54187R__937334,54187R,937334,2025-05-14,2025-05-15,1,19.270690248474,18.1954503136445,0.0,0.0,0.0,0.05579664874301254,0.05579664874301254,0.11159329748602508,0.027692,0.0,0.0,0.0,0.0,0.05579664874301254,0.11159329748602508,0.11159329748602508,overnight_abort,True
54187R__937334,54187R,937334,2025-08-07,2025-08-13,5,18.8171465971185,18.711355902118502,18.62796224013287,18.854199877610476,0.012145055619137455,0.005622037031703813,0.017767092650841268,0.02338912968254508,0.027692,0.000137,0.0067693345,0.006784951,0.002307,0.017630106349471406,0.02325214338117522,0.02555909098437021,convergence,False
54187R__937334,54187R,937334,2026-01-09,2026-01-14,1,14.795701427881502,14.1872955421185,14.34969934323397,14.291024822530366,-0.004088902443190923,0.0411204489850344,0.03703154654184347,0.07815199552687788,0.027692,2.7e-05,0.0062839727,0.0063111392,0.004323,0.0370041492815695,0.07812459826660391,0.08244773926306306,convergence,False
54187R__937334,54187R,937334,2026-02-13,2026-02-17,1,14.765463975000001,12.4610093521185,0.0,0.0,0.0,0.15607058652428837,0.15607058652428837,0.31214117304857675,0.027692,0.0,0.0,0.0,0.0,0.15607058652428837,0.31214117304857675,0.31214117304857675,overnight_abort,True
54184F__912392,54184F,912392,2024-07-30,2024-08-01,1,31.272216489639,28.3395610362545,10.515314270623831,9.661929796118162,-0.08115634516884875,0.09377830491663856,0.012621959747789818,0.10640026466442838,0.022838999999999998,2.7e-05,0.006667333,0.0066950084,0.004151,0.012594562487515846,0.10637286740415441,0.11052376252218732,convergence,False
54184F__912392,54184F,912392,2024-08-05,2024-08-06,1,29.1430007655325,29.280906888574002,0.0,0.0,0.0,-0.004732049528839364,-0.004732049528839364,-0.009464099057678728,0.022838999999999998,0.0,0.0,0.0,0.0,-0.004732049528839364,-0.009464099057678728,-0.009464099057678728,overnight_abort,True
54184F__912392,54184F,912392,2024-08-13,2024-09-06,23,31.272216489639,29.142181798574,10.194569499382643,10.114298295411048,-0.00787391796941067,0.06811268692037595,0.06023876895096528,0.12835145587134122,0.022838999999999998,0.00063,0.0067874834,0.0070279008,0.035421,0.059608631964663907,0.12772131888503985,0.16314201693050406,convergence,False
54184F__912392,54184F,912392,2025-01-27,2025-02-20,23,27.245875499999997,25.000239041426,9.14826102858994,8.45045396001138,-0.0762775642712631,0.08242115246302134,0.00614358819175824,0.08856474065477958,0.022838999999999998,0.00063,0.0064298344,0.0066824814,0.039293,0.005513451205456869,0.08793460366847822,0.12722752853758526,convergence,False
54184F__912392,54184F,912392,2025-03-24,2025-04-03,9,28.262049781925995,26.39740284,9.43408407548171,9.121728664145927,-0.033109246094972324,0.0659770595662337,0.03286781347126138,0.09884487303749509,0.022838999999999998,0.000247,0.0066706686,0.0068460323,0.026289,0.032621238128795624,0.09859829769502934,0.12488707180681781,convergence,False
54184F__912392,54184F,912392,2025-04-07,2025-04-08,1,27.407336576425998,26.318129378213,0.0,0.0,0.0,0.03974144642532909,0.03974144642532909,0.07948289285065818,0.022838999999999998,0.0,0.0,0.0,0.0,0.03974144642532909,0.07948289285065818,0.07948289285065818,overnight_abort,True
54184F__912392,54184F,912392,2025-04-09,2025-04-10,1,29.254003489638997,26.962219071254502,0.0,0.0,0.0,0.07834088141803172,0.07834088141803172,0.15668176283606344,0.022838999999999998,0.0,0.0,0.0,0.0,0.07834088141803172,0.15668176283606344,0.15668176283606344,overnight_abort,True
54184F__912392,54184F,912392,2025-04-11,2025-05-14,30,29.546637310893498,27.764840824467502,9.701046816755788,9.436063217295635,-0.027314949042661043,0.06030454388693054,0.0329895948442695,0.09329413873120003,0.022838999999999998,0.000822,0.0069932515,0.0068140774,-0.025621,0.03216767703605032,0.09247222092298085,0.0668512204484519,convergence,False
54184F__912392,54184F,912392,2025-08-05,2025-10-10,65,30.078444509245497,30.757328294639,10.151338927418188,10.65497307489671,0.04961258323453615,-0.02257044193840633,0.02704214129612982,0.004471699357723492,0.022838999999999998,0.001781,0.0067858714,0.0066148499,-0.025203,0.0252613193783216,0.002690877439915273,-0.02251170744844558,convergence,False
54184F__912392,54184F,912392,2025-11-25,2026-01-20,55,35.13204582481949,33.730008794639,11.766672849235732,11.452693608128959,-0.02668377417556629,0.03990763979904658,0.01322386562348029,0.05313150542252687,0.022838999999999998,0.001507,0.006390593,0.0063229111,-0.010591,0.011717016308411796,0.05162465610745838,0.04103379231750964,convergence,False
54184F__912392,54184F,912392,2026-02-04,2026-03-06,29,35.954469640532494,37.128781426787,11.98958848766777,12.756003149279469,0.06392335002990432,-0.032661079359398236,0.03126227067050608,-0.001398808688892153,0.022838999999999998,0.000795,0.0063678044,0.0063373364,-0.004785,0.030467750122560876,-0.0021933292368373587,-0.0069780239425980516,convergence,False
54188K__141076,54188K,141076,2024-05-09,2024-05-13,3,16.410327799999997,14.36446003734,14.845707865482614,14.87001896018166,0.001637584069370719,0.12466952443570305,0.12630710850507376,0.2509766329407768,0.082878,8.2e-05,0.0064211637,0.0064016384,-0.003041,0.12622491672425185,0.2508944411599549,0.24785366834801117,convergence,False
54188K__141076,54188K,141076,2024-06-27,2024-07-01,3,15.643200436659999,14.0021469,14.754207224247244,14.543238244403518,-0.014298903128933728,0.10490522980285887,0.09060632667392514,0.195511556476784,0.082878,8.2e-05,0.0062167791,0.0061932927,-0.003778,0.09052413489310322,0.1954293646959621,0.19165145983201096,convergence,False
54188K__141076,54188K,141076,2024-08-05,2024-08-06,1,14.658373436659998,13.82392996334,0.0,0.0,0.0,0.05692606188030994,0.05692606188030994,0.11385212376061989,0.082878,0.0,0.0,0.0,0.0,0.05692606188030994,0.11385212376061989,0.11385212376061989,overnight_abort,True
54188K__141076,54188K,141076,2024-10-15,2024-10-22,6,18.10630770664,15.26893996334,16.673012812593626,15.88598680166706,-0.04720358700450954,0.15670603798804722,0.10950245098353768,0.2662084889715849,0.082878,0.000164,0.0066829285,0.0066192289,-0.009532,0.10933806742189385,0.26604410540994106,0.2565124158220606,convergence,False
54188K__141076,54188K,141076,2024-11-07,2024-11-12,4,18.8050124,16.65614281996,18.099055735612904,17.369058691562277,-0.04033343256765802,0.11427110678427416,0.07393767421661614,0.18820878100089028,0.082878,0.00011,0.0065513627,0.0064674686,-0.012806,0.07382808517552025,0.18809919195979438,0.17529359656816695,convergence,False
54188K__141076,54188K,141076,2024-12-02,2024-12-03,1,20.65026616334,18.21242726002,0.0,0.0,0.0,0.11805363107851102,0.11805363107851102,0.23610726215702205,0.082878,0.0,0.0,0.0,0.0,0.11805363107851102,0.23610726215702205,0.23610726215702205,overnight_abort,True
54188K__141076,54188K,141076,2024-12-19,2024-12-26,6,20.42219889002,18.399800743380002,19.0562087384214,19.03216480175126,-0.0012617376835121331,0.09902940214867413,0.097767664465162,0.19679706661383614,0.082878,0.000164,0.0063932487,0.0063281126,-0.010188,0.09760328090351816,0.1966326830521923,0.1864444199239333,convergence,False
54188K__141076,54188K,141076,2025-02-26,2025-02-27,1,20.608805983299998,18.37090150672,0.0,0.0,0.0,0.10858972025809974,0.10858972025809974,0.21717944051619947,0.082878,0.0,0.0,0.0,0.0,0.10858972025809974,0.21717944051619947,0.21717944051619947,overnight_abort,True
54188K__141076,54188K,141076,2025-04-09,2025-04-10,1,17.296670026679998,16.64651423666,0.0,0.0,0.0,0.03758849472280715,0.03758849472280715,0.0751769894456143,0.082878,0.0,0.0,0.0,0.0,0.03758849472280715,0.0751769894456143,0.0751769894456143,overnight_abort,True
54188K__141076,54188K,141076,2025-04-17,2025-04-21,1,19.41663765336,17.55205672668,0.0,0.0,0.0,0.09603006246332962,0.09603006246332962,0.19206012492665925,0.082878,0.0,0.0,0.0,0.0,0.09603006246332962,0.19206012492665925,0.19206012492665925,overnight_abort,True
54188K__141076,54188K,141076,2025-04-23,2025-04-24,1,20.0904759833,18.12042347332,0.0,0.0,0.0,0.09805902615834419,0.09805902615834419,0.19611805231668838,0.082878,0.0,0.0,0.0,0.0,0.09805902615834419,0.19611805231668838,0.19611805231668838,overnight_abort,True
54188K__141076,54188K,141076,2025-04-25,2025-05-09,11,20.76637104668,26.29436433666,20.12175809689132,27.31791088646945,0.3576304195153746,-0.2661992929604222,0.09143112655495239,-0.17476816640546983,0.082878,0.000301,0.0070415097,0.0068794712,-0.023012,0.0911297566919387,-0.17506953626848354,-0.19808143384493654,convergence,False
53562J__2556P4,53562J,2556P4,2024-06-05,2024-08-05,60,82.89827458197601,80.69685923098801,67.8081939381597,67.19780863787028,-0.009001645152886494,0.02655562328756404,0.017553978134677545,0.04410960142224159,0.007567000000000001,0.001644,0.6665556185,0.6498359587,-0.025084,0.01591014251823919,0.04246576580580323,0.0173820978627957,convergence,False
53562J__2556P4,53562J,2556P4,2024-08-19,2024-10-01,42,94.23222279098799,91.942973113992,69.78731333432764,70.78971097881514,0.01436360846398185,0.024293703461433454,0.0386573119254153,0.06295101538684876,0.007567000000000001,0.001151,0.6743999661,0.6883495395,0.020684,0.03750662699390845,0.06180033045534191,0.08248475231358914,convergence,False
53562J__2556P4,53562J,2556P4,2024-11-07,2025-01-13,66,99.39770342102801,94.255995858024,68.00767176868823,63.349072397161144,-0.06850108598588979,0.05172863543159357,-0.01677245055429622,0.03495618487729735,0.007567000000000001,0.001808,0.6582844239,0.6177985921,-0.061502,-0.018580669732378412,0.03314796569921515,-0.02835406948512363,convergence,False
53562J__2556P4,53562J,2556P4,2025-02-12,2025-02-21,8,104.7136176,98.115171962808,64.741812073916,65.09846145746234,0.005508795199293347,0.06301420759234662,0.06852300279163996,0.13153721038398658,0.007567000000000001,0.000219,0.631751808,0.6357884155,0.00639,0.06830382470944818,0.1313180323017948,0.13770757871683256,convergence,False
53562J__2556P4,53562J,2556P4,2025-04-22,2025-07-22,90,108.98642467004,113.408295,64.71384080329322,66.60598074704313,0.029238566591980448,-0.04057267080140815,-0.011334104209427705,-0.05190677501083586,0.007567000000000001,0.002466,0.63595039,0.6554369775,0.030642,-0.01379985763408524,-0.054372528435493395,-0.02373084976618715,force_close,False
53562J__2556P4,53562J,2556P4,2025-11-03,2025-11-11,7,115.5460608,107.3266194,66.17958900238983,66.54731999716294,0.005556562080792501,0.07113562628696735,0.07669218836775984,0.1478278146547272,0.007567000000000001,0.000192,0.648950365,0.6527416848,0.005842,0.07650040754584203,0.14763603383280938,0.15347826769918532,convergence,False
53562J__2556P4,53562J,2556P4,2026-02-10,2026-04-29,77,114.843958,121.68337176996,72.51817782227143,71.80563543438019,-0.00982570728180101,-0.059553971223806165,-0.06937967850560718,-0.12893364972941335,0.007567000000000001,0.00211,0.7127075253,0.7116424202,-0.001494,-0.07148926754670307,-0.13104323877050925,-0.13253768784280112,convergence,False
53562J__314054,53562J,314054,2024-07-03,2024-07-09,4,85.789154979255,85.99122717074499,86.09558242733318,86.43423418601215,0.003933439430121682,-0.0023554514733109713,0.0015779879568107104,-0.0007774635165002609,0.02092,0.00011,0.6749916993,0.6740362646,-0.001415,0.00146839891571482,-0.0008870525575961513,-0.002302528778993938,convergence,False
53562J__314054,53562J,314054,2024-08-21,2024-08-27,5,94.81112042766,92.17815764468,91.82846394317505,93.01913696976942,0.012966274022956277,0.027770611412496995,0.04073688543545327,0.06850749684795027,0.02092,0.000137,0.6705560257,0.6792553514,0.012973,0.040599899134083406,0.0683705105465804,0.08134381235371692,convergence,False
53562J__314054,53562J,314054,2024-09-25,2024-09-30,4,95.284371484575,92.89316494149,92.97081194463918,93.25688988565913,0.0030770726321106387,0.025095474796431885,0.028172547428542524,0.05326802222497441,0.02092,0.00011,0.6895600131,0.6912523945,0.002454,0.028062958387446633,0.05315843318387852,0.0556127248595104,convergence,False
53562J__314054,53562J,314054,2024-11-21,2024-11-25,3,105.70593670000001,103.21132405,103.7603083174733,103.7868372010667,0.0002556746796880193,0.023599551055300448,0.023855225734988467,0.047454776790288915,0.02092,8.2e-05,0.6501526591,0.6504063349,0.00039,0.02377303395416655,0.047372585009467,0.04776276383354684,convergence,False
53562J__314054,53562J,314054,2025-01-15,2025-01-21,5,96.56314245851,97.4613619,97.10918281679923,97.6542657584421,0.005613093693427361,-0.00930188702046368,-0.0036887933270363183,-0.012990680347499999,0.02092,0.000137,0.6212914724,0.6274115347,0.009851,-0.0038257796284061813,-0.013127666648869862,-0.0032771173143383067,convergence,False
53562J__314054,53562J,314054,2025-01-28,2025-01-31,2,102.18476501414999,98.25206014934,99.48839626484848,99.38862226010157,-0.001002870771796304,0.03848621528136227,0.03748334450956597,0.07596955979092823,0.02092,5.5e-05,0.6231501399,0.6212145515,-0.003106,0.037428549989018026,0.07591476527038028,0.07280863036634162,convergence,False
53562J__314054,53562J,314054,2025-02-20,2025-02-24,3,102.37304805000001,97.56067635851,96.8101559687411,98.85458737204446,0.02111794349307202,0.047008189979257084,0.0681261334723291,0.1151343234515862,0.02092,8.2e-05,0.6357884155,0.6350014313,-0.001238,0.06804394169150718,0.11505213167076428,0.11381432333576795,convergence,False
53562J__314054,53562J,314054,2025-04-09,2025-04-10,1,98.04330952234,92.446279670745,0.0,0.0,0.0,0.057087320683719536,0.057087320683719536,0.11417464136743907,0.02092,0.0,0.0,0.0,0.0,0.057087320683719536,0.11417464136743907,0.11417464136743907,overnight_abort,True
53562J__314054,53562J,314054,2025-05-12,2025-05-14,1,110.50892125,107.05457293085,107.89074028531364,107.29377156384274,-0.005533085785603438,0.031258547093545176,0.02572546130794174,0.056984008401486916,0.02092,2.7e-05,0.6471025562,0.6428386934,-0.006589,0.02569806404766777,0.05695661114121294,0.05036745033641126,convergence,False
53562J__314054,53562J,314054,2025-08-20,2025-08-25,4,113.44911305000001,109.48762125,111.9846820187299,110.00669613767967,-0.017663003951910176,0.0349186669996624,0.017255663047752227,0.05217433004741463,0.02092,0.00011,0.6420546159,0.6482563169,0.009659,0.017146074006656336,0.05206474100631874,0.061723889693080715,convergence,False
53562J__314054,53562J,314054,2026-02-02,2026-02-03,1,107.5787986,106.20051983085,0.0,0.0,0.0,0.01281180666717355,0.01281180666717355,0.0256236133343471,0.02092,0.0,0.0,0.0,0.0,0.01281180666717355,0.0256236133343471,0.0256236133343471,overnight_abort,True
53562J__314054,53562J,314054,2026-02-10,2026-02-12,1,115.2917675,124.66196005,121.27508949879207,126.28968218310575,0.04134890936826421,-0.0812737349178032,-0.03992482554953899,-0.12119856046734218,0.02092,2.7e-05,0.7127075253,0.7090688416,-0.005105,-0.03995222280981296,-0.12122595772761614,-0.12633139519085654,convergence,False
53562J__314054,53562J,314054,2026-02-18,2026-02-26,7,128.1601412,125.36706033085,126.22407220051666,125.50021326463622,-0.005734713856565629,0.021793678151393946,0.016058964294828316,0.037852642446222266,0.02092,0.000192,0.705865545,0.7104794223,0.006536,0.01586718347291051,0.03766086162430446,0.04419734344110722,convergence,False
53562J__314054,53562J,314054,2026-03-23,2026-03-26,2,125.53209305,117.581264,120.13891165788736,118.83898408761333,-0.010820204314616774,0.06333702288253208,0.052516818567915305,0.11585384145044739,0.02092,5.5e-05,0.6995939906,0.6886578534,-0.015632,0.05246202404736736,0.11579904692989944,0.10016692694753537,convergence,False
54761N__502586,54761N,502586,2024-04-22,2024-04-25,2,32.819176847061,29.818180506385,1.549966924659648,1.4866349044107627,-0.04086023981627353,0.0914403293739143,0.050580089557640776,0.1420204189315551,0.028713,5.5e-05,6.16523e-05,6.17761e-05,0.002008,0.050525295037092834,0.14196562441100716,0.14397365979654833,convergence,False
54761N__502586,54761N,502586,2024-06-14,2024-06-24,4,27.181521,26.371508323108,1.3523024133308026,1.3150636207218538,-0.027537326149723717,0.02980012328566899,0.002262797135945273,0.032062920421614266,0.028713,0.00011,6.08643e-05,6.09979e-05,0.002195,0.0021532080948493825,0.031953331380518375,0.034148378394942294,convergence,False
54761N__502586,54761N,502586,2024-08-01,2024-08-02,1,32.896689484446,31.486877920169,0.0,0.0,0.0,0.04285572762400842,0.04285572762400842,0.08571145524801684,0.028713,0.0,0.0,0.0,0.0,0.04285572762400842,0.08571145524801684,0.08571145524801684,overnight_abort,True
54761N__502586,54761N,502586,2024-08-05,2024-08-08,2,31.842546810977,30.791587,1.5053714993845502,1.537450544402175,0.021309719913483145,0.03300489176370487,0.05431461167718801,0.08731950344089288,0.028713,5.5e-05,6.1862e-05,6.29148e-05,0.017019,0.05425981715664007,0.08726470892034494,0.10428323402460934,convergence,False
54761N__502586,54761N,502586,2024-08-15,2024-08-16,1,33.254579510946,31.874255950168994,0.0,0.0,0.0,0.04150777369843644,0.04150777369843644,0.08301554739687288,0.028713,0.0,0.0,0.0,0.0,0.04150777369843644,0.08301554739687288,0.08301554739687288,overnight_abort,True
54761N__502586,54761N,502586,2024-08-23,2024-08-28,2,36.604341567362,35.757971999999995,1.75992980942086,1.78207733169109,0.012584321347178145,0.023122108775114895,0.03570643012229304,0.05882853889740793,0.028713,5.5e-05,6.48088e-05,6.48298e-05,0.000324,0.0356516356017451,0.05877374437685999,0.05909777444685057,convergence,False
54761N__502586,54761N,502586,2024-09-09,2024-09-10,1,37.4404310592,34.168722840338,0.0,0.0,0.0,0.08738436300823696,0.08738436300823696,0.17476872601647392,0.028713,0.0,0.0,0.0,0.0,0.08738436300823696,0.17476872601647392,0.17476872601647392,overnight_abort,True
54761N__502586,54761N,502586,2024-09-12,2024-09-17,4,36.694251998492,34.689201974892,1.7241011079621475,1.7262063956417915,0.00122109293354165,0.05464207374175114,0.055863166675292786,0.11050524041704393,0.028713,0.00011,6.49351e-05,6.52103e-05,0.004238,0.055753577634196895,0.11039565137594805,0.1146337290873862,convergence,False
54761N__502586,54761N,502586,2024-12-16,2024-12-17,1,36.242028000000005,32.380837152938994,0.0,0.0,0.0,0.10653903934572893,0.10653903934572893,0.21307807869145787,0.028713,0.0,0.0,0.0,0.0,0.10653903934572893,0.21307807869145787,0.21307807869145787,overnight_abort,True
54761N__502586,54761N,502586,2024-12-27,2025-01-07,8,33.493279574584,31.531574391892,1.672104163713559,1.5903708746561076,-0.048880500886936816,0.05857011339613988,0.009689612509203062,0.06825972590534293,0.028713,0.000219,6.19771e-05,6.19963e-05,0.00031,0.00947043442701128,0.06804054782315115,0.06835033966562203,convergence,False
54761N__502586,54761N,502586,2025-01-21,2025-01-22,1,33.886300206892,31.326374289738997,0.0,0.0,0.0,0.07554456820377081,0.07554456820377081,0.15108913640754162,0.028713,0.0,0.0,0.0,0.0,0.07554456820377081,0.15108913640754162,0.15108913640754162,overnight_abort,True
54761N__502586,54761N,502586,2025-02-19,2025-02-20,1,32.71144741883101,29.112946883446,0.0,0.0,0.0,0.11000737721295259,0.11000737721295259,0.22001475442590518,0.028713,0.0,0.0,0.0,0.0,0.11000737721295259,0.22001475442590518,0.22001475442590518,overnight_abort,True
54761N__502586,54761N,502586,2025-05-07,2025-05-14,6,27.594281456892002,26.07352125,1.3119271763139915,1.316160654597525,0.0032269156093160875,0.05511142623038569,0.058338341839701775,0.11344976807008747,0.028713,0.000164,6.06281e-05,6.0423e-05,-0.003383,0.05817395827805794,0.11328538450844364,0.10990246470722931,convergence,False
54761N__502586,54761N,502586,2025-06-04,2025-06-11,6,27.473372011146,26.277145021554,1.3264845683281763,1.3202038906422189,-0.004734829063162954,0.04354132390835354,0.03880649484519058,0.08234781875354412,0.028713,0.000164,6.14439e-05,6.15195e-05,0.00123,0.03864211128354675,0.08218343519190029,0.0834138258409314,convergence,False
54761N__502586,54761N,502586,2025-07-29,2025-08-06,7,30.725190993615,29.237106508446,1.4985394419645002,1.4588274156913275,-0.02650048784909692,0.048432066231199,0.02193157838210208,0.07036364461330108,0.028713,0.000192,6.10128e-05,6.11247e-05,0.001834,0.021739797560184272,0.07017186379138327,0.0720059051728639,convergence,False
54761N__502586,54761N,502586,2025-08-08,2025-08-12,1,31.057303877700004,29.599658573108,1.5033987242892453,1.47468642968966,-0.019098256594011292,0.04693405809892699,0.0278358015049157,0.07476985960384269,0.028713,2.7e-05,6.14628e-05,6.14062e-05,-0.000921,0.02780840424464173,0.07474246234356872,0.07382158011887342,convergence,False
54761N__502586,54761N,502586,2025-08-25,2025-09-02,7,32.215136,31.1631719257,1.5212362253306402,1.5672126974166602,0.03022309837252732,0.032654342179402954,0.06287744055193027,0.09553178273133323,0.028713,0.000192,6.13704e-05,6.09756e-05,-0.006433,0.06268565973001246,0.09534000190941541,0.08890693319876655,convergence,False
54761N__502586,54761N,502586,2025-09-26,2025-10-01,2,32.85943872,30.980312609831,1.6275063528661502,1.55682847512401,-0.04342709791434706,0.05718679878196655,0.01375970086761949,0.07094649964958605,0.028713,5.5e-05,5.9988e-05,6.02228e-05,0.003914,0.013704906347071544,0.0708917051290381,0.07480582128560274,convergence,False
54761N__502586,54761N,502586,2025-10-17,2025-10-20,1,35.023887129662,31.874255950168994,0.0,0.0,0.0,0.08992808730318114,0.08992808730318114,0.17985617460636227,0.028713,0.0,0.0,0.0,0.0,0.08992808730318114,0.17985617460636227,0.17985617460636227,overnight_abort,True
54761N__502586,54761N,502586,2025-10-21,2025-10-30,8,34.067503299830996,33.37411415293899,1.6337942126236877,1.6683578220129676,0.021155424056604165,0.020353388999171013,0.04150881305577518,0.06186220205494619,0.028713,0.000219,6.03318e-05,6.00962e-05,-0.003905,0.0412896349735834,0.06164302397275441,0.05773795235214977,convergence,False
54761N__502586,54761N,502586,2025-12-01,2025-12-02,1,35.195043127061,34.01973725,0.0,0.0,0.0,0.0333940740694056,0.0333940740694056,0.0667881481388112,0.028713,0.0,0.0,0.0,0.0,0.0333940740694056,0.0667881481388112,0.0667881481388112,overnight_abort,True
54761N__502586,54761N,502586,2026-02-12,2026-03-03,18,36.342707347061,34.949449488385,1.76021519138073,1.73391903582788,-0.014939170893203728,0.03833665569740976,0.02339748480420603,0.06173414050161579,0.028713,0.000493,5.94177e-05,5.93296e-05,-0.001483,0.022904334119274526,0.061240989816684285,0.05975826665506752,convergence,False
54761N__502586,54761N,502586,2026-03-09,2026-03-10,1,36.624587773615,35.385493124999996,0.0,0.0,0.0,0.033832316592179286,0.033832316592179286,0.06766463318435857,0.028713,0.0,0.0,0.0,0.0,0.033832316592179286,0.06766463318435857,0.06766463318435857,overnight_abort,True
54339E__898285,54339E,898285,2024-11-19,2024-11-29,1,36.172180841584,32.300674560000004,0.0,0.0,0.0,0.10702993824285165,0.10702993824285165,0.2140598764857033,0.027967000000000002,0.0,0.0,0.0,0.0,0.10702993824285165,0.2140598764857033,0.2140598764857033,overnight_abort,True
54339E__898285,54339E,898285,2024-12-02,2024-12-06,3,35.666982841584,31.914729,3.3956658323232634,3.3999400932351174,0.0012587401478577254,0.10520244614605477,0.10646118629391249,0.21166363243996728,0.027967000000000002,8.2e-05,0.743632369,0.7450177497,0.001863,0.10637899451309057,0.21158144065914536,0.21344443204810687,convergence,False
54339E__898285,54339E,898285,2024-12-10,2024-12-23,11,36.061036271188,32.934020130396,3.3753442531262694,3.339725038923498,-0.010552764853475553,0.08671453912960402,0.07616177427612847,0.16287631340573247,0.027967000000000002,0.000301,0.7424456159,0.7366481962,-0.007809,0.07586040441311477,0.16257494354271876,0.15476639894922373,convergence,False
54339E__898285,54339E,898285,2025-03-18,2025-03-20,1,50.752495209196,48.93591483118801,4.95496323310468,5.155530742454318,0.04047810244274343,0.035792927431848504,0.07627102987459193,0.11206395730644043,0.027967000000000002,2.7e-05,0.7514841813,0.7487833394,-0.003594,0.07624363261431796,0.11203656004616647,0.1084425497300373,convergence,False
54339E__898285,54339E,898285,2025-04-10,2025-04-11,1,52.68335792361201,47.817673196832004,0.0,0.0,0.0,0.09235714879516564,0.09235714879516564,0.18471429759033128,0.027967000000000002,0.0,0.0,0.0,0.0,0.09235714879516564,0.18471429759033128,0.18471429759033128,overnight_abort,True
54339E__898285,54339E,898285,2025-08-22,2025-09-03,9,65.423141,60.365844,6.104345753123154,6.096537541031487,-0.0012791234978249224,0.07730134815752729,0.07602222465970236,0.15332357281722966,0.027967000000000002,0.000247,0.7778164871,0.7764577995,-0.001747,0.07577564931723661,0.15307699747476392,0.15133020035419165,convergence,False
54339E__898285,54339E,898285,2026-04-20,2026-04-21,1,95.63397533762401,86.61014702802,0.0,0.0,0.0,0.09435797558081734,0.09435797558081734,0.18871595116163467,0.027967000000000002,0.0,0.0,0.0,0.0,0.09435797558081734,0.18871595116163467,0.18871595116163467,overnight_abort,True
54188U__362347,54188U,362347,2024-07-11,2024-07-19,7,19.560890004442502,18.4470739875,0.372317368978625,0.3715568455429125,-0.0020426751451290506,0.056940968263179244,0.054898293118050195,0.11183926138122943,0.053471,0.000192,6.19675e-05,6.17665e-05,-0.003244,0.05470651229613239,0.11164748055931162,0.10840384478249301,convergence,False
54188U__362347,54188U,362347,2024-07-26,2024-08-09,11,20.186315743597504,18.58962125723,0.37681181372612244,0.3901754552611275,0.03546502802780529,0.07909786543757633,0.11456289346538162,0.19366075890295795,0.053471,0.000301,6.14251e-05,6.27943e-05,0.022291,0.11426152360236792,0.19335938903994423,0.21564995104147142,convergence,False
54188U__362347,54188U,362347,2024-10-07,2024-10-10,1,24.030356359712503,22.217106381402502,0.4476836103387624,0.444060423437805,-0.00809318638718034,0.07545664122359667,0.06736345483641633,0.142820096060013,0.053471,2.7e-05,6.40205e-05,6.38366e-05,-0.002873,0.06733605757614236,0.14279269879973902,0.13992018140296783,convergence,False
54188U__362347,54188U,362347,2025-07-11,2025-07-15,1,28.281168891115,23.39677243223,0.5190379340119698,0.506978552496465,-0.023234104340486967,0.17270843640481615,0.14947433206432917,0.32218276846914534,0.053471,2.7e-05,6.15574e-05,6.15006e-05,-0.000923,0.1494469348040552,0.3221553712088714,0.3212326551747311,convergence,False
54188U__362347,54188U,362347,2025-11-06,2025-11-11,1,23.979506183885004,20.968618441115,0.43060270677102996,0.41839751577883494,-0.028344436298875966,0.12556087350928916,0.09721643721041319,0.22277731071970236,0.053471,2.7e-05,6.00601e-05,5.99341e-05,-0.002098,0.09718903995013922,0.22274991345942838,0.22065201485453098,convergence,False
54188U__362347,54188U,362347,2026-04-02,2026-04-06,1,21.345629176655002,19.140131491115003,0.0,0.0,0.0,0.10332315188685456,0.10332315188685456,0.20664630377370913,0.053471,0.0,0.0,0.0,0.0,0.10332315188685456,0.20664630377370913,0.20664630377370913,overnight_abort,True
54188U__362347,54188U,362347,2026-04-07,2026-04-20,12,21.610028125000003,20.3050516794425,0.39477472098970495,0.3993699084858225,0.0116400246819182,0.060387540358997266,0.07202756504091547,0.13241510539991272,0.053471,0.000329,5.87889e-05,5.82411e-05,-0.009318,0.0716987979176278,0.13208633827662505,0.12276825271965763,convergence,False
54238F__932322,54238F,932322,2024-12-10,2024-12-17,1,9.2236252593054,8.6892225,0.0,0.0,0.0,0.0579384725941961,0.0579384725941961,0.1158769451883922,0.026862999999999998,0.0,0.0,0.0,0.0,0.0579384725941961,0.1158769451883922,0.1158769451883922,overnight_abort,True
54238F__932322,54238F,932322,2025-04-22,2025-05-28,33,6.051745762083799,5.804897157,3.1302289440136915,3.1046689804261276,-0.008165525284163385,0.04078965224057952,0.03262412695641613,0.07341377919699565,0.026862999999999998,0.000904,0.0069591839,0.006904408,-0.007871,0.031720017367375036,0.07250966960795456,0.0646386461105011,convergence,False
54238F__932322,54238F,932322,2025-06-25,2025-07-15,1,6.706260259305399,5.5611027972216,3.0300515365842893,3.0204182167815006,-0.003179259390963405,0.17075947216555068,0.16758021277458726,0.33833968494013794,0.026862999999999998,2.7e-05,0.0067697932,0.0067170445,-0.007792,0.16755281551431328,0.338312287679864,0.3305205134791395,convergence,False
54394H__932153,54394H,932153,2025-04-08,2025-04-11,2,10.9898617063975,9.041783147441,9.38289990422354,9.955173277259352,0.06099109858117668,0.17726142612171994,0.23825252470289662,0.41551395082461656,0.028328,5.5e-05,0.0067688762,0.0069674273,0.029333,0.2381977301823487,0.4154591563040686,0.4447921052506012,convergence,False
54394H__932153,54394H,932153,2025-07-01,2025-07-11,9,13.5259824,12.4314586723525,12.849136811468064,12.701181131052689,-0.01151483423254723,0.08092009107209101,0.06940525683954378,0.1503253479116348,0.028328,0.000247,0.0069596687,0.0067835702,-0.025303,0.06915868149707803,0.15007877256916904,0.12477605952479667,convergence,False
54394H__932153,54394H,932153,2025-10-31,2025-12-01,27,19.514047525000002,16.5310586129425,17.955194441570338,17.57289479909543,-0.02129186869677102,0.15286366953016342,0.1315718008333924,0.2844354703635558,0.028328,0.00074,0.0065072389,0.0064331431,-0.011387,0.13083207480599515,0.2836957443361586,0.2723090715647009,convergence,False
54394H__932153,54394H,932153,2026-04-08,2026-04-14,5,16.243255650000002,13.328183934999998,14.412965939228249,14.368468358174214,-0.003087329925128342,0.17946351259945867,0.17637618267433033,0.355839695273789,0.028328,0.000137,0.0062906929,0.0062974275,0.001071,0.17623919637296048,0.3557027089724191,0.35677327466479297,convergence,False
54338Q__675705,54338Q,675705,2024-05-07,2024-05-08,1,43.912134038967004,42.525070711011004,0.0,0.0,0.0,0.031587244808579315,0.031587244808579315,0.06317448961715863,0.017999,0.0,0.0,0.0,0.0,0.031587244808579315,0.06317448961715863,0.06317448961715863,overnight_abort,True
54338Q__675705,54338Q,675705,2024-08-08,2024-08-28,19,42.604339967038506,40.8879587875275,42.61818525821993,41.2008386350179,-0.0332568506757021,0.04028653373902537,0.007029683063323265,0.04731621680234863,0.017999,0.000521,0.6572462683,0.6785643424,0.032435,0.006509135118117786,0.046795668857143154,0.07923111220342524,convergence,False
54338Q__675705,54338Q,675705,2024-11-22,2024-11-25,1,45.189766053994504,44.6104781299725,0.0,0.0,0.0,0.012819006925812554,0.012819006925812554,0.02563801385162511,0.017999,0.0,0.0,0.0,0.0,0.012819006925812554,0.02563801385162511,0.02563801385162511,overnight_abort,True
54338Q__675705,54338Q,675705,2024-12-02,2024-12-03,1,44.4352619289945,42.980328143967,0.0,0.0,0.0,0.032742775036465784,0.032742775036465784,0.06548555007293157,0.017999,0.0,0.0,0.0,0.0,0.032742775036465784,0.06548555007293157,0.06548555007293157,overnight_abort,True
54338Q__675705,54338Q,675705,2025-02-28,2025-03-03,1,42.311176886267006,41.121548489022004,0.0,0.0,0.0,0.02811617366358631,0.02811617366358631,0.05623234732717262,0.017999,0.0,0.0,0.0,0.0,0.02811617366358631,0.05623234732717262,0.05623234732717262,overnight_abort,True
54338Q__675705,54338Q,675705,2025-03-12,2025-03-18,5,40.612438010978,40.902867711033,40.33282677400169,41.28954329396334,0.02372054221050399,-0.007151250067195835,0.016569292143308156,0.00941804207611232,0.017999,0.000137,0.628515681,0.6361525494,0.012151,0.016432305841938295,0.009281055774742456,0.021431696770444195,convergence,False
54338Q__675705,54338Q,675705,2025-04-09,2025-04-10,1,42.584214827011,40.3860015049725,0.0,0.0,0.0,0.05162037931116642,0.05162037931116642,0.10324075862233284,0.017999,0.0,0.0,0.0,0.0,0.05162037931116642,0.10324075862233284,0.10324075862233284,overnight_abort,True
54338Q__675705,54338Q,675705,2025-04-15,2025-04-17,1,44.6867633039945,43.000197100027506,43.48064982409899,43.203806919159035,-0.00636703697069668,0.03774196382256749,0.03137492685187081,0.0691168906744383,0.017999,2.7e-05,0.6370441559,0.6388551715,0.002843,0.03134752959159683,0.06908949341416433,0.07193233497110714,convergence,False
54338Q__675705,54338Q,675705,2025-07-11,2025-07-15,1,48.422058707478,45.759526826022,46.08297991415052,46.024658476188606,-0.0012655743632587113,0.0549859289862209,0.05372035462296219,0.1087062836091831,0.017999,2.7e-05,0.6544931808,0.6514658405,-0.004625,0.05369295736268821,0.10867888634890913,0.10405341371021856,convergence,False
54338Q__675705,54338Q,675705,2025-08-22,2025-08-25,1,42.252231,40.45557316801651,0.0,0.0,0.0,0.042522200353952794,0.042522200353952794,0.08504440070790559,0.017999,0.0,0.0,0.0,0.0,0.042522200353952794,0.08504440070790559,0.08504440070790559,overnight_abort,True
54338Q__675705,54338Q,675705,2025-11-03,2025-11-07,3,37.513939058967004,38.4675841680165,36.697368770973235,38.63972658365073,0.052929075781963215,-0.025421087013829474,0.02750798876813374,0.002086901754304267,0.017999,8.2e-05,0.648950365,0.6493928599,0.000682,0.027425796987311825,0.0020047099734823493,0.0026865724453524796,convergence,False
54338Q__675705,54338Q,675705,2025-12-10,2025-12-12,1,38.79157006798901,37.334431432011,38.18128683922734,37.732628016659646,-0.011750751734924325,0.03756328071857146,0.02581252898364713,0.0633758097022186,0.017999,2.7e-05,0.6664446073,0.6652476491,-0.001796,0.02578513172337316,0.06334841244194463,0.06155237690217294,convergence,False
54338Q__675705,54338Q,675705,2026-01-07,2026-01-14,6,34.908387831983504,34.7997424750275,35.035744249249305,34.96900297963463,-0.001904947962282951,0.0031122994702282207,0.0012073515079452698,0.0043196509781734905,0.017999,0.000164,0.6699493739,0.6682036687,-0.002606,0.0010429679463014342,0.004155267416529655,0.0015495403750405172,convergence,False
54338Q__675705,54338Q,675705,2026-02-06,2026-02-10,1,40.018897783994504,38.7657855,39.88357042419253,39.754655519913854,-0.0032322809344189555,0.03131301343575946,0.0280807325013405,0.05939374593709996,0.017999,2.7e-05,0.7093206722,0.7076137256,-0.002406,0.02805333524106653,0.059366348676825983,0.05695989604277864,convergence,False
54338Q__675705,54338Q,675705,2026-02-20,2026-03-02,7,38.540068692989,37.423886961033,37.20977588718215,37.66891549496202,0.012339219918226842,0.028961591657958148,0.04130081157618499,0.07026240323414314,0.017999,0.000192,0.7055667737,0.7095217823,0.005605,0.04110903075426718,0.07007062241222532,0.07567605728731144,convergence,False
54338Q__675705,54338Q,675705,2026-03-09,2026-03-12,2,36.467699375,34.581062691033,35.69675989032745,34.75055806597449,-0.02650665851074479,0.051734458611347615,0.025227800100602826,0.07696225871195045,0.017999,5.5e-05,0.7119463603,0.7077139833,-0.005945,0.02517300558005488,0.0769074641914025,0.07096266661112333,convergence,False
68923D__68039H,68923D,68039H,2024-05-30,2024-06-07,7,9.387808931465699,8.8593231195343,0.9578323489920029,0.9003943542532497,-0.059966647398367184,0.056294904997484546,-0.0036717424008826383,0.05262316259660191,0.023294999999999996,0.000192,0.1278960526,0.1280090151,0.000883,-0.0038635232228004463,0.0524313817746841,0.05331461857287757,convergence,False
68923D__68039H,68923D,68039H,2024-08-07,2024-08-12,4,7.286928696164249,6.7243057104657,0.6901481789500562,0.6751912795636452,-0.021672011667357258,0.07720989310554219,0.05553788143818493,0.1327477745437271,0.023294999999999996,0.00011,0.1282881932,0.1283507553,0.000488,0.05542829239708904,0.1326381855026312,0.13312585391887014,convergence,False
68923D__68039H,68923D,68039H,2024-08-29,2024-09-05,6,7.056392639999999,6.60458523023285,0.6912301824022957,0.6584879433499007,-0.04736806911209075,0.06402809945779174,0.016660030345700988,0.08068812980349273,0.023294999999999996,0.000164,0.1282486999,0.1283170009,0.000533,0.016495646784057152,0.0805237462418489,0.08105631304411083,convergence,False
68923D__68039H,68923D,68039H,2024-09-24,2024-09-30,5,7.1967190309313995,8.43032407523285,0.6858662783281811,0.8616003162832555,0.25622201223164254,-0.17141214475644148,0.08480986747520106,-0.08660227728124043,0.023294999999999996,0.000137,0.1284562767,0.1286545946,0.001544,0.08467288117383119,-0.08673926358261029,-0.08519540831064759,convergence,False
68923D__68039H,68923D,68039H,2024-12-09,2024-12-11,1,7.8983487804656995,7.482536250000001,0.764694622287432,0.7505255943283388,-0.01852900170359433,0.05264550123363656,0.03411649953004223,0.08676200076367879,0.023294999999999996,2.7e-05,0.1286305904,0.128622323,-6.4e-05,0.03408910226976825,0.08673460350340483,0.0866703310782043,convergence,False
68923D__68039H,68923D,68039H,2025-01-17,2025-02-10,20,7.108513822232849,6.5646784700000005,0.7195345667904026,0.6614079666536996,-0.08078361043304129,0.07650478930376829,-0.004278821129272997,0.0722259681744953,0.023294999999999996,0.000548,0.1284488484,0.1283903115,-0.000456,-0.004826766334752449,0.07167802296901585,0.07122230148354385,convergence,False
68923D__68039H,68923D,68039H,2025-03-14,2025-03-19,2,7.266881625,7.283002149534301,0.7235773432188315,0.7317837622961442,0.01134145389462645,-0.0022183551853717227,0.009123098709254727,0.006904743523883005,0.023294999999999996,5.5e-05,0.1287067545,0.1286877055,-0.000148,0.009068304188706782,0.00684994900333506,0.0067019458929000655,convergence,False
68923D__68039H,68923D,68039H,2025-03-27,2025-03-28,1,7.78809294616425,7.422675560931401,0.0,0.0,0.0,0.04692000824320189,0.04692000824320189,0.09384001648640378,0.023294999999999996,0.0,0.0,0.0,0.0,0.04692000824320189,0.09384001648640378,0.09384001648640378,overnight_abort,True
68923D__68039H,68923D,68039H,2025-05-27,2025-05-28,1,6.9762064602328495,6.7342826250000005,0.0,0.0,0.0,0.03467842252260036,0.03467842252260036,0.06935684504520072,0.023294999999999996,0.0,0.0,0.0,0.0,0.03467842252260036,0.06935684504520072,0.06935684504520072,overnight_abort,True
68923D__68039H,68923D,68039H,2025-08-28,2025-09-05,7,9.6975284379657,8.450277904301451,0.9281243411044474,0.853843653506141,-0.08003312089618729,0.1286153004492648,0.04858217955307752,0.1771974800023423,0.023294999999999996,0.000192,0.128250348,0.1282552727,3.8e-05,0.04839039873115971,0.1770056991804245,0.17704409829650347,convergence,False
68923D__68039H,68923D,68039H,2025-10-02,2025-10-09,6,9.482027710232849,8.40039412976715,0.9002337526098602,0.847878380129361,-0.058157531117574886,0.11407196999629282,0.055914438878717936,0.16998640887501076,0.023294999999999996,0.000164,0.1285190178,0.1285066212,-9.6e-05,0.0557500553170741,0.16982202531336693,0.16972556799356944,convergence,False
68923D__68039H,68923D,68039H,2025-12-22,2025-12-23,1,8.1900257725686,7.961418170931401,0.0,0.0,0.0,0.027912928235572794,0.027912928235572794,0.05582585647114559,0.023294999999999996,0.0,0.0,0.0,0.0,0.027912928235572794,0.05582585647114559,0.05582585647114559,overnight_abort,True
68923D__68039H,68923D,68039H,2026-02-13,2026-02-20,1,7.6678127243014504,7.33587824019855,0.0,0.0,0.0,0.04328933113492807,0.04328933113492807,0.08657866226985614,0.023294999999999996,0.0,0.0,0.0,0.0,0.04328933113492807,0.08657866226985614,0.08657866226985614,overnight_abort,True
68923D__68039H,68923D,68039H,2026-03-09,2026-03-11,1,7.256858139534299,7.11938352469855,0.7327414411144927,0.7279345915319283,-0.006560089702655845,0.018944095666802014,0.01238400596414617,0.03132810163094818,0.023294999999999996,2.7e-05,0.1278126794,0.1277881783,-0.000192,0.012356608703872196,0.031300704370674205,0.031109008991819714,convergence,False
68923D__68039H,68923D,68039H,2026-03-31,2026-04-01,1,7.1065092654657,7.023607360000001,0.0,0.0,0.0,0.011665629688061306,0.011665629688061306,0.023331259376122612,0.023294999999999996,0.0,0.0,0.0,0.0,0.011665629688061306,0.023331259376122612,0.023331259376122612,overnight_abort,True
54319F__771681,54319F,771681,2024-10-09,2024-10-15,1,34.307454977883005,29.441822851922,0.6632054604998382,0.6362218961452565,-0.040686583512513606,0.14182433902770494,0.10113775551519133,0.24296209454289627,0.035404000000000005,2.7e-05,0.1288004107,0.1287440342,-0.000438,0.10111035825491736,0.2429346972826223,0.24249699293297297,convergence,False
54319F__771681,54319F,771681,2024-11-01,2024-11-04,1,34.813464727883,31.022581772117,0.0,0.0,0.0,0.10889128632835517,0.10889128632835517,0.21778257265671033,0.035404000000000005,0.0,0.0,0.0,0.0,0.10889128632835517,0.21778257265671033,0.21778257265671033,overnight_abort,True
54319F__771681,54319F,771681,2024-11-15,2024-12-10,20,33.194243648078,35.745127574136504,0.627937806473496,0.7226329675758997,0.15080340779959173,-0.0768471772727439,0.07395623052684783,-0.0028909467458960725,0.035404000000000005,0.000548,0.1284752573,0.1286305904,0.001209,0.07340828532136838,-0.0034388919513755247,-0.0022298412495950813,convergence,False
54189X__930759,54189X,930759,2024-04-26,2024-04-30,1,11.3762941074405,10.542976100559502,0.0,0.0,0.0,0.07325039235193291,0.07325039235193291,0.14650078470386582,0.012517,0.0,0.0,0.0,0.0,0.07325039235193291,0.14650078470386582,0.14650078470386582,overnight_abort,True
54189X__930759,54189X,930759,2024-05-15,2024-05-23,7,11.062907667,10.03523976,2.034711778143812,2.0334453569587527,-0.0006224081457938931,0.09289311073846096,0.09227070259266706,0.18516381333112802,0.012517,0.000192,0.0064354206,0.0063720649,-0.009845,0.09207892177074925,0.1849720325092102,0.17512719035545884,convergence,False
54189X__930759,54189X,930759,2024-07-08,2024-07-09,1,11.722625191840502,11.239866755,0.0,0.0,0.0,0.041181768498111206,0.041181768498111206,0.08236353699622241,0.012517,0.0,0.0,0.0,0.0,0.041181768498111206,0.08236353699622241,0.08236353699622241,overnight_abort,True
54189X__930759,54189X,930759,2024-08-02,2024-08-06,1,13.283726616940502,12.92236231,2.480314843413671,2.6447580546901253,0.06629932958435646,0.02720353386975459,0.09350286345411105,0.12070639732386564,0.012517,2.7e-05,0.0069350527,0.0069288065,-0.000901,0.09347546619383708,0.12067900006359167,0.1197783291862095,convergence,False
54189X__930759,54189X,930759,2025-02-05,2025-02-07,1,11.548555653190501,10.807793932000001,2.250957002009499,2.2241878003603466,-0.011892364725427724,0.06414323517468187,0.05225087044925415,0.11639410562393603,0.012517,2.7e-05,0.0066026208,0.0066041474,0.000231,0.05222347318898018,0.11636670836366206,0.11659791958209206,convergence,False
54189X__930759,54189X,930759,2025-04-02,2025-04-03,1,12.143686649440502,11.44893425,0.0,0.0,0.0,0.057210995268270594,0.057210995268270594,0.11442199053654119,0.012517,0.0,0.0,0.0,0.0,0.057210995268270594,0.11442199053654119,0.11442199053654119,overnight_abort,True
54189X__930759,54189X,930759,2025-04-07,2025-04-08,1,10.2000932775,10.1746190855595,0.0,0.0,0.0,0.0024974469593030575,0.0024974469593030575,0.004994893918606115,0.012517,0.0,0.0,0.0,0.0,0.0024974469593030575,0.004994893918606115,0.004994893918606115,overnight_abort,True
54189X__930759,54189X,930759,2025-04-09,2025-04-10,1,10.777646565000001,10.159684697500001,0.0,0.0,0.0,0.05733736616552335,0.05733736616552335,0.1146747323310467,0.012517,0.0,0.0,0.0,0.0,0.05733736616552335,0.1146747323310467,0.1146747323310467,overnight_abort,True
54189X__930759,54189X,930759,2025-05-14,2025-05-21,6,12.899527121250001,11.563423592500001,2.3953680311508045,2.342615046194626,-0.022022914337232212,0.10357771383332132,0.0815547994960891,0.18513251332941041,0.012517,0.000164,0.0068648315,0.0069599109,0.01385,0.08139041593444526,0.18496812976776658,0.1988183459019863,convergence,False
54189X__930759,54189X,930759,2025-07-14,2025-07-15,1,12.967326855000001,12.020386398559502,0.0,0.0,0.0,0.07302510895492494,0.07302510895492494,0.14605021790984987,0.012517,0.0,0.0,0.0,0.0,0.07302510895492494,0.14605021790984987,0.14605021790984987,overnight_abort,True
54189X__930759,54189X,930759,2025-09-11,2025-09-12,1,16.924829456083504,16.297305032762,0.0,0.0,0.0,0.03707714898692491,0.03707714898692491,0.07415429797384981,0.012517,0.0,0.0,0.0,0.0,0.03707714898692491,0.07415429797384981,0.07415429797384981,overnight_abort,True
54189X__930759,54189X,930759,2025-10-14,2025-10-16,1,15.498517919440502,15.1106030865595,0.0,0.0,0.0,0.02502915665209655,0.02502915665209655,0.0500583133041931,0.012517,0.0,0.0,0.0,0.0,0.02502915665209655,0.0500583133041931,0.0500583133041931,overnight_abort,True
54189X__930759,54189X,930759,2025-11-04,2025-11-07,2,14.413722179440501,13.947789590559502,2.8185075771681913,2.809288000311395,-0.0032710846447535557,0.0323256257530479,0.029054541108294342,0.06138016686134224,0.012517,5.5e-05,0.0064884506,0.0065178422,0.00453,0.028999746587746397,0.0613253723407943,0.06585520570347728,convergence,False
54189X__930759,54189X,930759,2026-01-30,2026-02-03,1,15.729538230000001,16.078279951643,2.947129757782148,3.2460942494201634,0.10144259540950788,-0.02217113538513584,0.07927146002437205,0.0571003246392362,0.012517,2.7e-05,0.0064259093,0.0064205457,-0.000835,0.07924406276409808,0.057072927378962225,0.05623824395135771,convergence,False
54189X__930759,54189X,930759,2026-02-19,2026-02-20,1,20.591030250000003,18.114213066976003,0.0,0.0,0.0,0.12028621943401786,0.12028621943401786,0.24057243886803573,0.012517,0.0,0.0,0.0,0.0,0.12028621943401786,0.24057243886803573,0.24057243886803573,overnight_abort,True
69311L__912087,69311L,912087,2024-05-09,2024-05-17,7,13.402522525,13.187843347567501,26.584755567471134,26.459512789276644,-0.004711075032329286,0.016017818812246256,0.011306743779916969,0.027324562592163225,0.010279,0.000192,0.0064211637,0.0064240516,0.00045,0.01111496295799916,0.027132781770245418,0.02758252890875863,convergence,False
69311L__912087,69311L,912087,2024-08-05,2024-08-06,1,13.853617150000002,13.2776244225675,0.0,0.0,0.0,0.04157706404009447,0.04157706404009447,0.08315412808018895,0.010279,0.0,0.0,0.0,0.0,0.04157706404009447,0.08315412808018895,0.08315412808018895,overnight_abort,True
69311L__912087,69311L,912087,2024-10-02,2024-10-07,4,14.3548334,14.295142275000002,28.6624201043628,28.723869165864816,0.0021438894998494556,0.00415825968415619,0.006302149184005646,0.010460408868161835,0.010279,0.00011,0.006805962,0.0067483214,-0.008469,0.006192560142909755,0.010350819827065944,0.0018816864407790925,convergence,False
69311L__912087,69311L,912087,2025-01-30,2025-01-31,1,13.73332525,13.3574298225675,0.0,0.0,0.0,0.027371042379739745,0.027371042379739745,0.05474208475947949,0.010279,0.0,0.0,0.0,0.0,0.027371042379739745,0.05474208475947949,0.05474208475947949,overnight_abort,True
69311L__912087,69311L,912087,2025-03-17,2025-03-19,1,15.216926352432502,15.093197272567501,30.329080062307877,30.43827978806815,0.0036004958124656017,0.008131016540355543,0.011731512352821145,0.019862528893176686,0.010279,2.7e-05,0.0066992693,0.006725628,0.003935,0.011704115092547172,0.019835131632902715,0.02376969506357411,convergence,False
69311L__912087,69311L,912087,2025-04-07,2025-04-08,1,14.4149803524325,14.0258000475675,0.0,0.0,0.0,0.026998323643176315,0.026998323643176315,0.05399664728635263,0.010279,0.0,0.0,0.0,0.0,0.026998323643176315,0.05399664728635263,0.05399664728635263,overnight_abort,True
69311L__912087,69311L,912087,2025-04-09,2025-04-10,1,14.374883052432502,13.836261225,0.0,0.0,0.0,0.0374696493507373,0.0374696493507373,0.0749392987014746,0.010279,0.0,0.0,0.0,0.0,0.0374696493507373,0.0749392987014746,0.0749392987014746,overnight_abort,True
69311L__912087,69311L,912087,2025-05-12,2025-05-13,1,14.224517175,13.6866270975675,0.0,0.0,0.0,0.037814294208724196,0.037814294208724196,0.07562858841744839,0.010279,0.0,0.0,0.0,0.0,0.037814294208724196,0.07562858841744839,0.07562858841744839,overnight_abort,True
69311L__912087,69311L,912087,2025-09-29,2025-10-02,2,14.65556315,14.4048747,29.251128910778917,29.10167882267695,-0.005109207530342411,0.017105344054963875,0.011996136524621465,0.02910148057958534,0.010279,5.5e-05,0.0067606396,0.0067909404,0.004482,0.01194134200407352,0.029046686059037395,0.03352862886220056,convergence,False
69311L__912087,69311L,912087,2025-11-11,2025-11-14,2,14.044080327432502,14.255239575,27.938983913613917,28.67108493931083,0.026203566599291392,-0.015035462817386278,0.011168103781905114,-0.003867359035481164,0.010279,5.5e-05,0.0064603657,0.0064706073,0.001585,0.011113309261357169,-0.003922153556029109,-0.0023368563026552876,convergence,False
69311L__912087,69311L,912087,2025-12-18,2025-12-24,5,14.866073975,15.542101650000001,29.261642486193665,31.082463894395428,0.06222553669230527,-0.045474526504903946,0.01675101018740132,-0.028723516317502626,0.010279,0.000137,0.0063385415,0.0064129285,0.011736,0.01661402388603146,-0.028860502618872488,-0.017124837560909302,convergence,False
69311L__912087,69311L,912087,2026-01-21,2026-01-23,1,16.119116604865003,16.250368589595002,31.820009999132385,32.76595701106004,0.02972805514371134,-0.008142628901287658,0.021585426242423683,0.013442797341136025,0.010279,2.7e-05,0.0063127324,0.0064219889,0.017307,0.021558028982149712,0.013415400080862052,0.03072272329323203,convergence,False
69311L__912087,69311L,912087,2026-03-04,2026-03-05,1,18.264322154865003,17.7167938121625,0.0,0.0,0.0,0.02997802700039757,0.02997802700039757,0.05995605400079514,0.010279,0.0,0.0,0.0,0.0,0.02997802700039757,0.05995605400079514,0.05995605400079514,overnight_abort,True
69311L__912087,69311L,912087,2026-03-31,2026-04-10,9,18.565054912162502,18.036022395135003,37.177285156061416,35.88614480278129,-0.03472928020053715,0.028496146094397736,-0.0062331341061394145,0.02226301198825832,0.010279,0.000247,0.0062970309,0.0062776609,-0.003076,-0.006479709448605168,0.02201643664579257,0.01894038377141326,convergence,False
53401R__14790N,53401R,14790N,2024-04-08,2024-04-15,6,27.886309112418004,27.155439401373002,27.4651792491725,27.339985925319347,-0.004558256209339157,0.026208908037942544,0.021650651828603387,0.04785955986654593,0.011405,0.000164,0.0065882659,0.0064817215,-0.016172,0.02148626826695955,0.047695176304902095,0.031523333574632176,convergence,False
53401R__14790N,53401R,14790N,2024-04-19,2024-04-30,8,27.344623654477502,26.826461892582003,27.27206258716799,26.981237603675293,-0.010663842625146226,0.018949310418125035,0.008285467792978809,0.027234778211103844,0.011405,0.000219,0.0064580706,0.006336734,-0.018788,0.008066289710787027,0.027015600128912062,0.008227233213257738,convergence,False
53401R__14790N,53401R,14790N,2024-06-12,2024-06-13,1,26.8631375068955,26.0129861925225,0.0,0.0,0.0,0.03164750633297304,0.03164750633297304,0.06329501266594607,0.011405,0.0,0.0,0.0,0.0,0.03164750633297304,0.06329501266594607,0.06329501266594607,overnight_abort,True
53401R__14790N,53401R,14790N,2024-08-05,2024-08-06,1,26.632428487418004,26.9286367030635,0.0,0.0,0.0,-0.011122088088415753,-0.011122088088415753,-0.022244176176831505,0.011405,0.0,0.0,0.0,0.0,-0.011122088088415753,-0.022244176176831505,-0.022244176176831505,overnight_abort,True
53401R__14790N,53401R,14790N,2024-08-16,2024-08-20,1,29.491266281373,29.388475352418002,29.087274514140695,29.59486633432354,0.017450649078038626,0.0034854701718902694,0.020936119249928897,0.024421589421819163,0.011405,2.7e-05,0.0068215146,0.0068844441,0.009225,0.020908721989654926,0.024394192161545192,0.03361934283409517,convergence,False
53401R__14790N,53401R,14790N,2024-10-23,2024-10-30,6,31.688068145686504,31.103136609313502,30.613475711691535,31.140370035996902,0.017211189257551104,0.0184590469095108,0.0356702361670619,0.05412928307657271,0.011405,0.000164,0.0065863132,0.006518055,-0.010364,0.03550585260541807,0.053964899514928874,0.043601256316181516,convergence,False
53401R__14790N,53401R,14790N,2025-03-05,2025-03-06,1,21.767364640686502,21.6924410955225,0.0,0.0,0.0,0.0034420126827828146,0.0034420126827828146,0.006884025365565629,0.011405,0.0,0.0,0.0,0.0,0.0034420126827828146,0.006884025365565629,0.006884025365565629,overnight_abort,True
53401R__14790N,53401R,14790N,2025-03-17,2025-03-18,1,23.194787359709,22.410206852418,0.0,0.0,0.0,0.03382572537198046,0.03382572537198046,0.06765145074396092,0.011405,0.0,0.0,0.0,0.0,0.03382572537198046,0.06765145074396092,0.06765145074396092,overnight_abort,True
53401R__14790N,53401R,14790N,2025-04-04,2025-04-08,1,21.70718138,19.439462250000002,19.147318353503064,19.822593475989233,0.035267347104124686,0.10446861295816931,0.139735960062294,0.2442045730204633,0.011405,2.7e-05,0.0067638401,0.0068355036,0.010595,0.13970856280202001,0.24417717576018932,0.25477226655779706,convergence,False
53401R__14790N,53401R,14790N,2025-04-09,2025-04-10,1,20.0019067393135,19.2141668576865,0.0,0.0,0.0,0.03938323940280693,0.03938323940280693,0.07876647880561385,0.011405,0.0,0.0,0.0,0.0,0.03938323940280693,0.07876647880561385,0.07876647880561385,overnight_abort,True
53401R__14790N,53401R,14790N,2025-11-28,2025-12-04,3,23.633140013791003,21.911759102418,22.542248138179435,22.14162201963732,-0.017772234432269423,0.07283758782660706,0.05506535339433763,0.1279029412209447,0.011405,8.2e-05,0.0064331431,0.0064476607,0.002257,0.05498316161351571,0.12782074944012278,0.13007743793194254,convergence,False
53401R__14790N,53401R,14790N,2025-12-29,2026-01-06,7,21.973003069395503,21.790143832791,21.307049046740932,21.999642011403715,0.03250534427097121,0.00832199567928856,0.04082733995025977,0.04914933562954833,0.011405,0.000192,0.0063934527,0.0063840654,-0.001468,0.040635559128341964,0.048957554807630525,0.04748928712184627,convergence,False
69368T__68341V,69368T,68341V,2024-05-02,2024-05-07,4,25.194597197493003,25.28414909,2.6092877958386063,2.5378370795911587,-0.0273832255535016,-0.003554408582325236,-0.030937634135826834,-0.03449204271815207,0.021394,0.00011,0.1280180167,0.1278535261,-0.001285,-0.031047223176922725,-0.034601631759247964,-0.03588653371477079,convergence,False
69368T__68341V,69368T,68341V,2024-07-26,2024-07-31,2,19.320217585014003,18.552336509155,1.925370503687596,1.8642421502069106,-0.031748878132083366,0.03974494968703766,0.007996071554954291,0.04774102124199195,0.021394,5.5e-05,0.1280376976,0.128000811,-0.000288,0.007941277034406346,0.04768622672144401,0.04739813500555542,convergence,False
69368T__68341V,69368T,68341V,2024-08-08,2024-08-14,5,18.085078669155003,17.735748118338,1.8019816674952946,1.7899822105741852,-0.006659033850099265,0.01931595417457606,0.012656920324476796,0.03197287449905286,0.021394,0.000137,0.1282445914,0.1283293444,0.000661,0.012519934023106933,0.031835888197682995,0.03249675817336598,convergence,False
69368T__68341V,69368T,68341V,2024-08-15,2024-08-20,4,18.647426363352004,18.870994462507,1.9060415376287065,1.9031886286201092,-0.0014967716874348103,-0.011989220109986674,-0.013485991797421484,-0.02547521190740816,0.021394,0.00011,0.128298067,0.1283977314,0.000777,-0.013595580838517375,-0.02558480094850405,-0.024807981762288215,convergence,False
69368T__68341V,69368T,68341V,2024-09-24,2024-09-30,5,21.127709734986002,24.955522868338,2.0247571830355007,2.546069441321771,0.2574690252510786,-0.18117501524613475,0.07629401000494387,-0.10488100524119087,0.021394,0.000137,0.1284562767,0.1286545946,0.001544,0.07615702370357401,-0.10501799154256074,-0.10347413627059804,convergence,False
69368T__68341V,69368T,68341V,2024-10-09,2024-10-10,1,25.661531765817003,25.3936905,0.0,0.0,0.0,0.010437462122732081,0.010437462122732081,0.020874924245464162,0.021394,0.0,0.0,0.0,0.0,0.010437462122732081,0.020874924245464162,0.020874924245464162,overnight_abort,True
69368T__68341V,69368T,68341V,2024-11-07,2024-11-08,1,27.672888297831,25.971274471662,0.0,0.0,0.0,0.061490286371819525,0.061490286371819525,0.12298057274363905,0.021394,0.0,0.0,0.0,0.0,0.061490286371819525,0.12298057274363905,0.12298057274363905,overnight_abort,True
69368T__68341V,69368T,68341V,2024-12-09,2024-12-11,1,27.393729315831003,26.912326800014,2.7318240441582047,2.689825850939055,-0.015373681664805407,0.01757345669393021,0.0021997750291248026,0.019773231723055014,0.021394,2.7e-05,0.1286305904,0.128622323,-6.4e-05,0.00217237776885083,0.019745834462781043,0.019681562037580515,convergence,False
69368T__68341V,69368T,68341V,2025-02-21,2025-02-24,1,22.780582954845002,22.874240061662,0.0,0.0,0.0,-0.004111269101525742,-0.004111269101525742,-0.008222538203051483,0.021394,0.0,0.0,0.0,0.0,-0.004111269101525742,-0.008222538203051483,-0.008222538203051483,overnight_abort,True
69368T__68341V,69368T,68341V,2025-04-25,2025-04-30,2,18.667298867862,17.526632570817004,1.8140900313572548,1.7908013000633196,-0.012837693218848208,0.061105053554844614,0.048267360335996407,0.10937241389084101,0.021394,5.5e-05,0.128921635,0.1289390892,0.000135,0.048212565815448465,0.10931761937029306,0.10945300549070636,convergence,False
69368T__68341V,69368T,68341V,2025-05-15,2025-05-20,4,20.755176090183003,19.625830377183,2.0067831410898376,1.964946323808129,-0.020847702188183576,0.05441272616011061,0.03356502397192703,0.08797775013203764,0.021394,0.00011,0.1279696935,0.1277685904,-0.001571,0.03345543493083114,0.08786816109094175,0.08629667104122919,convergence,False
69368T__68341V,69368T,68341V,2025-07-25,2025-07-28,1,24.210515594169003,23.740608052507,0.0,0.0,0.0,0.019409233142278826,0.019409233142278826,0.03881846628455765,0.021394,0.0,0.0,0.0,0.0,0.019409233142278826,0.03881846628455765,0.03881846628455765,overnight_abort,True
69368T__68341V,69368T,68341V,2025-08-15,2025-08-18,1,26.459860179183003,25.456431836324,0.0,0.0,0.0,0.03792266232942678,0.03792266232942678,0.07584532465885356,0.021394,0.0,0.0,0.0,0.0,0.03792266232942678,0.07584532465885356,0.07584532465885356,overnight_abort,True
69368T__68341V,69368T,68341V,2025-08-28,2025-08-29,1,26.520107306676003,25.971274471662,0.0,0.0,0.0,0.020694970373511423,0.020694970373511423,0.041389940747022846,0.021394,0.0,0.0,0.0,0.0,0.020694970373511423,0.041389940747022846,0.041389940747022846,overnight_abort,True
69368T__68341V,69368T,68341V,2025-10-14,2025-10-15,1,24.331010853324003,23.65098625,0.0,0.0,0.0,0.02794888413898765,0.02794888413898765,0.0558977682779753,0.021394,0.0,0.0,0.0,0.0,0.02794888413898765,0.0558977682779753,0.0558977682779753,overnight_abort,True
69368T__68341V,69368T,68341V,2026-02-06,2026-02-11,2,23.678307028338004,23.551397175014,2.39950106924816,2.3522320050941543,-0.019699538691523306,0.005359751994605022,-0.014339786696918284,-0.008980034702313263,0.021394,5.5e-05,0.127962323,0.1279140418,-0.000377,-0.014394581217466229,-0.009034829222861208,-0.009412137159041765,convergence,False
69368T__68341V,69368T,68341V,2026-03-23,2026-03-24,1,21.387791514324,21.231124886648,0.0,0.0,0.0,0.0073250493194248496,0.0073250493194248496,0.014650098638849699,0.021394,0.0,0.0,0.0,0.0,0.0073250493194248496,0.014650098638849699,0.014650098638849699,overnight_abort,True
69368T__68341V,69368T,68341V,2026-03-31,2026-04-10,9,21.529386372507002,21.820348131038003,2.1946363674822,2.1833023443407997,-0.0051644196320336485,-0.013514633138943462,-0.01867905277097711,-0.032193685909920576,0.021394,0.000247,0.1275835624,0.1276959733,0.000881,-0.018925628113442863,-0.03244026125238633,-0.031559184584785786,convergence,False
54189H__140292,54189H,140292,2024-06-05,2024-06-14,8,31.2549650150835,31.704264125,61.616696664265326,63.921991328758544,0.03741347377082251,-0.01437528756470125,0.02303818620612126,0.008662898641420013,0.01073,0.000219,0.0064261153,0.0063538457,-0.011246,0.02281900812392948,0.008443720559228231,-0.002802514004910387,convergence,False
54189H__140292,54189H,140292,2024-06-18,2024-06-20,1,33.117645346524,31.854042058643,0.0,0.0,0.0,0.038154985798639435,0.038154985798639435,0.07630997159727887,0.01073,0.0,0.0,0.0,0.0,0.038154985798639435,0.07630997159727887,0.07630997159727887,overnight_abort,True
54189H__140292,54189H,140292,2024-08-05,2024-08-06,1,24.2348570956785,24.674412234916502,0.0,0.0,0.0,-0.018137310960929215,-0.018137310960929215,-0.03627462192185843,0.01073,0.0,0.0,0.0,0.0,-0.018137310960929215,-0.03627462192185843,-0.03627462192185843,overnight_abort,True
54189H__140292,54189H,140292,2024-09-11,2024-09-12,1,29.1719667722025,29.846943455,0.0,0.0,0.0,-0.023137853133737885,-0.023137853133737885,-0.04627570626747577,0.01073,0.0,0.0,0.0,0.0,-0.023137853133737885,-0.04627570626747577,-0.04627570626747577,overnight_abort,True
54189H__140292,54189H,140292,2025-01-21,2025-01-23,1,30.774262559238,33.351881308643,65.60926888763888,68.6475411562024,0.046308582919386006,-0.0837589119948298,-0.03745032907544379,-0.12120924107027359,0.01073,2.7e-05,0.0063883472,0.0064079972,0.003076,-0.03747772633571776,-0.12123663833054756,-0.11816072536201003,convergence,False
54189H__140292,54189H,140292,2025-04-07,2025-04-08,1,21.080326530762,20.989725682797502,0.0,0.0,0.0,0.004297886364914095,0.004297886364914095,0.00859577272982819,0.01073,0.0,0.0,0.0,0.0,0.004297886364914095,0.00859577272982819,0.00859577272982819,overnight_abort,True
54189H__140292,54189H,140292,2025-04-09,2025-04-10,1,23.774203478643,21.948333815762002,0.0,0.0,0.0,0.07680045577641433,0.07680045577641433,0.15360091155282865,0.01073,0.0,0.0,0.0,0.0,0.07680045577641433,0.15360091155282865,0.15360091155282865,overnight_abort,True
54189H__140292,54189H,140292,2025-08-18,2025-08-19,1,57.5127209049165,53.173293375,0.0,0.0,0.0,0.0754516124717991,0.0754516124717991,0.1509032249435982,0.01073,0.0,0.0,0.0,0.0,0.0754516124717991,0.1509032249435982,0.1509032249435982,overnight_abort,True
54189H__140292,54189H,140292,2025-08-22,2025-08-25,1,51.904663117881,51.678455794857,0.0,0.0,0.0,0.00435813103170053,0.00435813103170053,0.00871626206340106,0.01073,0.0,0.0,0.0,0.0,0.00435813103170053,0.00871626206340106,0.00871626206340106,overnight_abort,True
54189H__140292,54189H,140292,2025-09-10,2025-09-12,1,56.321019728643,61.061907433643,122.11043838455795,122.96645531775472,0.007010186389643014,-0.08417616953389323,-0.07716598314425022,-0.16134215267814345,0.01073,2.7e-05,0.0067932471,0.0067718562,-0.003149,-0.07719338040452418,-0.16136954993841743,-0.16451839756387776,convergence,False
54189H__140292,54189H,140292,2025-09-22,2025-09-24,1,62.17943764067849,63.278711520762,0.0,0.0,0.0,-0.01767905792966437,-0.01767905792966437,-0.03535811585932874,0.01073,0.0,0.0,0.0,0.0,-0.01767905792966437,-0.03535811585932874,-0.03535811585932874,overnight_abort,True
54189H__140292,54189H,140292,2025-10-01,2025-10-03,1,64.4527115814405,66.943422888643,131.54542694284817,134.9671917496523,0.02601203923486272,-0.0386440111841581,-0.012631971949295377,-0.051275983133453475,0.01073,2.7e-05,0.0067909404,0.0067817296,-0.001356,-0.01265936920956935,-0.05130338039372745,-0.05265971684456719,convergence,False
54189H__140292,54189H,140292,2025-10-06,2025-10-07,1,71.6130051477975,68.67892529100001,0.0,0.0,0.0,0.04097132707588547,0.04097132707588547,0.08194265415177095,0.01073,0.0,0.0,0.0,0.0,0.04097132707588547,0.08194265415177095,0.08194265415177095,overnight_abort,True
54189H__140292,54189H,140292,2025-10-08,2025-10-09,1,69.2295867722025,74.69225459423801,0.0,0.0,0.0,-0.07890654959432632,-0.07890654959432632,-0.15781309918865263,0.01073,0.0,0.0,0.0,0.0,-0.07890654959432632,-0.15781309918865263,-0.15781309918865263,overnight_abort,True
54189H__140292,54189H,140292,2025-11-05,2025-11-06,1,76.3698475227975,72.685140013643,0.0,0.0,0.0,0.048248197798935875,0.048248197798935875,0.09649639559787175,0.01073,0.0,0.0,0.0,0.0,0.048248197798935875,0.09649639559787175,0.09649639559787175,overnight_abort,True
54189H__140292,54189H,140292,2025-12-11,2025-12-12,1,59.135065530762,54.8708415293215,0.0,0.0,0.0,0.072109905741497,0.072109905741497,0.144219811482994,0.01073,0.0,0.0,0.0,0.0,0.072109905741497,0.144219811482994,0.144219811482994,overnight_abort,True
54189H__140292,54189H,140292,2025-12-29,2026-01-08,9,57.442628081440496,13.87997705,28.24159274253306,27.3027866476743,-0.03324196703130272,0.7583680010197066,0.7251260339884038,1.4834940350081105,0.01073,0.000247,0.0063934527,0.006374502,-0.002964,0.7248794586459381,1.4832474596656446,1.4802833804913356,convergence,False
54233V__28557J,54233V,28557J,2024-04-30,2024-05-01,1,8.51943777417825,8.216917913321751,0.0,0.0,0.0,0.035509369147975145,0.035509369147975145,0.07101873829595029,0.026683000000000002,0.0,0.0,0.0,0.0,0.035509369147975145,0.07101873829595029,0.07101873829595029,overnight_abort,True
54233V__28557J,54233V,28557J,2024-07-03,2024-07-11,6,9.59823110410875,9.29300192582175,18.86620174369336,18.937190953992847,0.0037627717154682487,0.03180056564342772,0.03556333735889597,0.06736390300232369,0.026683000000000002,0.000164,0.00622142,0.0062966341,0.01209,0.035398953797252136,0.06719951944067985,0.07928905848482093,convergence,False
54233V__28557J,54233V,28557J,2024-08-05,2024-08-06,1,7.6523710266435,7.16066994753475,0.0,0.0,0.0,0.06425473587163763,0.06425473587163763,0.12850947174327526,0.026683000000000002,0.0,0.0,0.0,0.0,0.06425473587163763,0.12850947174327526,0.12850947174327526,overnight_abort,True
54233V__28557J,54233V,28557J,2024-09-13,2024-09-19,2,8.88663119260875,8.534288015787,16.699130797170564,17.389228649795772,0.04132537561428856,0.039648677793087984,0.08097405340737654,0.12062273120046453,0.026683000000000002,5.5e-05,0.0070219783,0.0070111472,-0.001542,0.08091925888682859,0.12056793667991658,0.1190254796204865,convergence,False
54233V__28557J,54233V,28557J,2024-09-26,2024-09-27,1,9.1243685766435,8.15245244753475,0.0,0.0,0.0,0.10651872739957628,0.10651872739957628,0.21303745479915256,0.026683000000000002,0.0,0.0,0.0,0.0,0.10651872739957628,0.21303745479915256,0.21303745479915256,overnight_abort,True
54233V__28557J,54233V,28557J,2024-12-13,2024-12-17,1,9.44699787417825,8.8070287983565,18.17451335786279,17.995851446146823,-0.009830354639931675,0.06774311631539533,0.05791276167546365,0.12565587799085898,0.026683000000000002,2.7e-05,0.0064867666,0.0065148702,0.004332,0.057885364415189676,0.125628480730585,0.12996093197062192,convergence,False
54233V__28557J,54233V,28557J,2025-02-12,2025-02-14,1,10.078646339571751,9.917825,20.19457122386749,20.139797135319306,-0.0027123174808212597,0.015956640817955718,0.013244323337134458,0.029200964155090176,0.026683000000000002,2.7e-05,0.0065445022,0.0065640483,0.002987,0.013216926076860485,0.029173566894816205,0.03216021116548359,convergence,False
54233V__28557J,54233V,28557J,2025-02-25,2025-03-04,6,11.2617904832175,10.354209299999999,21.324080927065893,21.03913194536609,-0.013362779041891872,0.08058942177711372,0.06722664273522184,0.14781606451233556,0.026683000000000002,0.000164,0.006707358,0.0066753446,-0.004773,0.06706225917357801,0.14765168095069173,0.14287880316483326,convergence,False
54233V__28557J,54233V,28557J,2025-03-27,2025-04-01,4,11.4432696332175,10.483141025,21.92241464243176,21.119045433288967,-0.03664601834452299,0.08390334572126493,0.04725732737674194,0.13116067309800686,0.026683000000000002,0.00011,0.0066740076,0.0066838214,0.00147,0.04714773833564605,0.13105108405691096,0.13252153488468638,convergence,False
54233V__28557J,54233V,28557J,2025-04-07,2025-04-08,1,9.0739575,8.9161244766435,0.0,0.0,0.0,0.017394066850820147,0.017394066850820147,0.03478813370164029,0.026683000000000002,0.0,0.0,0.0,0.0,0.017394066850820147,0.03478813370164029,0.03478813370164029,overnight_abort,True
54233V__28557J,54233V,28557J,2025-04-09,2025-04-10,1,9.4167516516435,8.9161244766435,0.0,0.0,0.0,0.05316346798979517,0.05316346798979517,0.10632693597959034,0.026683000000000002,0.0,0.0,0.0,0.0,0.05316346798979517,0.10632693597959034,0.10632693597959034,overnight_abort,True
54233V__28557J,54233V,28557J,2025-05-12,2025-05-13,1,11.160967725,10.2252785667825,0.0,0.0,0.0,0.08383584481851024,0.08383584481851024,0.16767168963702048,0.026683000000000002,0.0,0.0,0.0,0.0,0.08383584481851024,0.16767168963702048,0.16767168963702048,overnight_abort,True
54233V__28557J,54233V,28557J,2025-08-08,2025-08-12,1,13.7823342332175,12.5353383657825,0.0,0.0,0.0,0.09047784260154937,0.09047784260154937,0.18095568520309874,0.026683000000000002,0.0,0.0,0.0,0.0,0.09047784260154937,0.18095568520309874,0.18095568520309874,overnight_abort,True
54233V__28557J,54233V,28557J,2025-08-14,2025-08-20,5,13.8327451082175,12.585719925,27.245793055836934,26.3287942023927,-0.03365653007658674,0.09015023218180251,0.05649370210521577,0.14664393428701827,0.026683000000000002,0.000137,0.0067937086,0.0067874834,-0.000916,0.05635671580384591,0.14650694798564842,0.14559062961426575,convergence,False
54233V__28557J,54233V,28557J,2025-08-21,2025-08-22,1,13.802497574999999,13.141118125,0.0,0.0,0.0,0.047917374837865054,0.047917374837865054,0.09583474967573011,0.026683000000000002,0.0,0.0,0.0,0.0,0.047917374837865054,0.09583474967573011,0.09583474967573011,overnight_abort,True
54233V__28557J,54233V,28557J,2025-09-03,2025-09-05,1,13.5000333332175,12.8634200167825,26.542014120956665,26.551624357058394,0.0003620763691079803,0.047156425522934156,0.04751850189204214,0.0946749274149763,0.026683000000000002,2.7e-05,0.0067346866,0.0067840304,0.007327,0.047491104631768165,0.09464753015470233,0.1019743447387692,convergence,False
54233V__28557J,54233V,28557J,2025-09-26,2025-10-02,3,12.794280075,11.7922949167825,24.0466744343914,23.801893978158375,-0.01017938912513158,0.07831508708140415,0.06813569795627257,0.14645078503767672,0.026683000000000002,8.2e-05,0.0067297011,0.0067909404,0.0091,0.06805350617545065,0.1463685932568548,0.15546844763225937,convergence,False
54233V__28557J,54233V,28557J,2025-11-04,2025-11-05,1,11.987707083217499,10.393880600000001,0.0,0.0,0.0,0.13295507407324098,0.13295507407324098,0.26591014814648195,0.026683000000000002,0.0,0.0,0.0,0.0,0.13295507407324098,0.26591014814648195,0.26591014814648195,overnight_abort,True
54233V__28557J,54233V,28557J,2025-11-19,2025-11-20,1,11.6449131332175,10.512895491782501,0.0,0.0,0.0,0.09721134271116896,0.09721134271116896,0.19442268542233793,0.026683000000000002,0.0,0.0,0.0,0.0,0.09721134271116896,0.19442268542233793,0.19442268542233793,overnight_abort,True
54233V__28557J,54233V,28557J,2025-12-26,2026-01-08,3,12.451487133217501,11.603855249999999,23.56075545740008,24.175090465278622,0.026074503807372085,0.06807475076260003,0.09414925456997211,0.16222400533257214,0.026683000000000002,8.2e-05,0.0063940659,0.006374502,-0.00306,0.0940670627891502,0.16214181355175022,0.15908211721674684,convergence,False
54235U__906764,54235U,906764,2024-11-11,2024-11-22,4,46.9063103669125,42.94981521765,22.03830095905904,21.650964423101335,-0.017575607878178388,0.08434888863169666,0.06677328075351828,0.15112216938521494,0.031812999999999994,0.00011,0.0064657955,0.0064618263,-0.000614,0.0666636917124224,0.15101258034411905,0.15039870383039391,convergence,False
54235U__906764,54235U,906764,2025-04-09,2025-04-30,20,51.0092345566125,58.8253638691125,27.00679865292734,29.430831321752773,0.08975638690010693,-0.15322969223984897,-0.06347330533974205,-0.21670299757959102,0.031812999999999994,0.000548,0.0069225706,0.0069893413,0.009645,-0.0640212505452215,-0.21725094278507048,-0.2076055806994891,convergence,False
54235U__906764,54235U,906764,2026-04-08,2026-04-22,1,76.100531423525,66.7358720080875,0.0,0.0,0.0,0.12305642602309869,0.12305642602309869,0.24611285204619737,0.031812999999999994,0.0,0.0,0.0,0.0,0.12305642602309869,0.24611285204619737,0.24611285204619737,overnight_abort,True
54297Q__503004,54297Q,503004,2024-05-14,2024-08-02,79,4.413813499058151,4.6094825532558,23.372975519204147,23.5219085203393,0.00637201716199047,-0.04433106524310616,-0.03795904808111569,-0.08229011332422186,0.026372,0.002164,0.0064566112,0.0068238425,0.056877,-0.04012343164275953,-0.08445449688586569,-0.02757770988032327,convergence,False
54297Q__503004,54297Q,503004,2024-08-15,2024-09-10,25,4.9454781362558,4.864679439372099,25.12798442604734,24.190290795020776,-0.03731670694823277,0.016337893861335117,-0.02097881308689765,-0.004640919225562534,0.026372,0.000685,0.0067750673,0.0070197601,0.036117,-0.021663744593746967,-0.005325850732411849,0.030790808950068447,convergence,False
54297Q__503004,54297Q,503004,2024-12-03,2024-12-18,14,5.206293603744201,4.74505627905815,25.15979711079932,23.633807445963793,-0.06065190661575441,0.08859226155711691,0.027940354941362502,0.11653261649847942,0.026372,0.000384,0.0066390041,0.006459322,-0.027065,0.027556793297526885,0.1161490548546438,0.08908443834085071,convergence,False
54297Q__503004,54297Q,503004,2025-02-18,2025-03-10,19,5.246419183744201,5.02417692,26.132179934136392,25.126949883535715,-0.038467133363319125,0.04236075234567764,0.0038936189823585154,0.046254371328036156,0.026372,0.000521,0.006601749,0.0067902487,0.028553,0.003373071037153036,0.04573382338283068,0.07428681744546478,convergence,False
54297Q__503004,54297Q,503004,2025-03-25,2025-04-01,6,5.472125972500001,5.00224568994185,26.947092332187218,24.607404612105924,-0.08682523855409183,0.08586795788684685,-0.0009572806672449724,0.08491067721960188,0.026372,0.000164,0.0066398858,0.0066838214,0.006617,-0.001121664228888808,0.08474629365795805,0.0913632146899432,convergence,False
54297Q__503004,54297Q,503004,2025-08-08,2025-10-07,56,5.607550005627901,5.5824191987442005,28.381187751192716,27.31894989187345,-0.037427533640646306,0.004481601922136791,-0.032945931718509514,-0.02846432979637272,0.026372,0.001534,0.0067642976,0.0065830618,-0.026793,-0.03448017829385198,-0.029998576371715185,-0.05679157258761207,convergence,False
54297Q__503004,54297Q,503004,2025-12-11,2026-03-06,84,6.02886869594185,6.4596556412558,30.341907152532592,32.56033873575991,0.07311444109544553,-0.07145402679012089,0.0016604143053246395,-0.06979361248479625,0.026372,0.002301,0.0064174555,0.0063373364,-0.012485,-0.0006409555576890593,-0.07209498234780995,-0.0845795410642669,convergence,False
54350L__904660,54350L,904660,2025-02-20,2025-02-24,1,11.9692890350665,9.60235485100665,0.0,0.0,0.0,0.1977506080039866,0.1977506080039866,0.3955012160079732,0.029418,0.0,0.0,0.0,0.0,0.1977506080039866,0.3955012160079732,0.3955012160079732,overnight_abort,True
54350L__904660,54350L,904660,2025-11-06,2025-11-17,1,15.504521785066501,15.076687205,0.0,0.0,0.0,0.02759418097490618,0.02759418097490618,0.05518836194981236,0.029418,0.0,0.0,0.0,0.0,0.02759418097490618,0.05518836194981236,0.05518836194981236,overnight_abort,True
54350L__904660,54350L,904660,2026-01-21,2026-01-28,1,19.191263499999998,17.055070294683503,0.0,0.0,0.0,0.11131071204959982,0.11131071204959982,0.22262142409919963,0.029418,0.0,0.0,0.0,0.0,0.11131071204959982,0.22262142409919963,0.22262142409919963,overnight_abort,True
54350L__904660,54350L,904660,2026-02-25,2026-03-06,1,18.68623025,14.423331095,16.70062520912616,16.157757036759268,-0.032505859245930344,0.22813050561656228,0.19562464637063193,0.4237551519871942,0.029418,2.7e-05,0.7008199594,0.7030368732,0.003163,0.19559724911035795,0.42372775472692026,0.4268910690279256,convergence,False
75750Q__865082,75750Q,865082,2024-08-08,2024-10-23,75,17.9034449493305,18.304663109226002,17.95197579567192,18.401949172482524,0.025065395694165823,-0.022410109396879326,0.0026552862972864973,-0.019754823099592828,0.013438,0.002055,0.0068198863,0.0065462163,-0.040128,0.0006004917767385523,-0.021809617620140772,-0.06193785260259205,convergence,False
75750Q__865082,75750Q,865082,2024-11-08,2024-12-12,31,20.5126978706695,19.470500011339002,20.622538533950998,19.652639210294648,-0.047031034615820894,0.05080744941018726,0.003776414794366363,0.05458386420455362,0.013438,0.000849,0.006505546,0.0065520066,0.007142,0.0029270997258732125,0.05373454913606047,0.06087624024085015,convergence,False
75750Q__865082,75750Q,865082,2025-04-09,2025-04-10,1,18.816684374999998,18.543814531443502,0.0,0.0,0.0,0.014501483795893017,0.014501483795893017,0.029002967591786034,0.013438,0.0,0.0,0.0,0.0,0.014501483795893017,0.029002967591786034,0.029002967591786034,overnight_abort,True
54468C__906299,54468C,906299,2025-08-07,2025-08-25,6,8.199999501721999,8.113238045583,8.388217483833849,8.291965846116275,-0.011474623530335737,0.010580666025745446,-0.0008939575045902905,0.009686708521155156,0.043272,0.000164,0.6453902998,0.6482563169,0.004441,-0.001058341066234126,0.00952232495951132,0.013963075154994824,convergence,False
54468C__906299,54468C,906299,2025-10-03,2025-10-30,21,8.502582703444,8.164096352583,8.142727881418153,8.1517316393857,0.001105742215467265,0.039809827515573035,0.0409155697310403,0.08072539724661333,0.043272,0.000575,0.6556300096,0.6555013376,-0.000196,0.040340227265286875,0.0801500547808599,0.07995379774851555,convergence,False
54468C__906299,54468C,906299,2026-03-25,2026-03-27,1,9.067403698278,8.518518376722,8.62268591899608,8.452313582300915,-0.019758615621128954,0.06053390141438605,0.04077528579325709,0.10130918720764315,0.043272,2.7e-05,0.6886578534,0.6873086533,-0.001959,0.04074788853298312,0.10128178994736918,0.09932261661718968,convergence,False
54468C__906299,54468C,906299,2026-04-07,2026-04-09,1,9.480933697417,8.689533746556,8.606615801412177,8.630693309745379,0.0027975581678980938,0.08347278613251044,0.08627034430040853,0.16974313043291897,0.043272,2.7e-05,0.7044732076,0.7080647585,0.005098,0.08624294704013456,0.169715733172645,0.1748139411119301,convergence,False
54468C__906299,54468C,906299,2026-04-22,2026-04-28,5,9.501106300861,8.213666050861,8.990715993987882,8.26435679737953,-0.08078991674234509,0.13550424647741605,0.054714329735070955,0.190218576212487,0.043272,0.000137,0.7128601467,0.7181328546,0.007397,0.05457734343370109,0.19008158991111715,0.19747814297192245,convergence,False
75986N__75858Q,75986N,75858Q,2024-06-12,2024-06-13,1,8.1159812356423,7.91948433346345,0.0,0.0,0.0,0.024211108487524592,0.024211108487524592,0.048422216975049184,0.015311,0.0,0.0,0.0,0.0,0.024211108487524592,0.048422216975049184,0.048422216975049184,overnight_abort,True
75986N__75858Q,75986N,75858Q,2024-07-03,2024-07-17,12,8.46630299240575,8.2733447493577,8.305394189543193,8.274801820631728,-0.003683433707455124,0.022791322637653426,0.019107888930198304,0.04189921156785173,0.015311,0.000329,0.6749916993,0.6730152645,-0.002928,0.01877912180691063,0.04157044444456406,0.03864235688133973,convergence,False
75986N__75858Q,75986N,75858Q,2024-11-11,2024-11-12,1,7.493990205963449,7.1270374759634505,0.0,0.0,0.0,0.048966267624421335,0.048966267624421335,0.09793253524884267,0.015311,0.0,0.0,0.0,0.0,0.048966267624421335,0.09793253524884267,0.09793253524884267,overnight_abort,True
75986N__75858Q,75986N,75858Q,2024-11-13,2024-11-18,4,7.243187330963449,7.2167485406423,7.026667911615777,7.236519388663849,0.029865005673765578,0.0036501596759934765,0.033515165349759055,0.03716532502575253,0.015311,0.00011,0.645348608,0.6507449761,0.008362,0.033405576308663164,0.03705573598465664,0.04541767871313618,convergence,False
75986N__75858Q,75986N,75858Q,2024-12-04,2024-12-05,1,7.554182394357699,7.43604230967885,0.0,0.0,0.0,0.015639029945462964,0.015639029945462964,0.03127805989092593,0.015311,0.0,0.0,0.0,0.0,0.015639029945462964,0.03127805989092593,0.03127805989092593,overnight_abort,True
75986N__75858Q,75986N,75858Q,2024-12-06,2024-12-09,1,7.5740461827,7.4161060412846,0.0,0.0,0.0,0.02085280939745969,0.02085280939745969,0.04170561879491938,0.015311,0.0,0.0,0.0,0.0,0.02085280939745969,0.04170561879491938,0.04170561879491938,overnight_abort,True
75986N__75858Q,75986N,75858Q,2025-02-13,2025-02-18,4,6.83187081660575,6.8579050793577,6.909819736488579,6.849112904330164,-0.008785588405127435,-0.003810707703762552,-0.012596296108889987,-0.01640700381265254,0.015311,0.00011,0.6352029877,0.6352434192,6.4e-05,-0.012705885149985878,-0.01651659285374843,-0.016452941547342597,convergence,False
75986N__75858Q,75986N,75858Q,2025-03-04,2025-03-06,1,6.932191364678849,6.33957456096345,6.344595086166409,6.342806323248475,-0.0002819349215578277,0.08548765787611144,0.08520572295455361,0.17069338083066504,0.015311,2.7e-05,0.6335530854,0.6333120224,-0.00038,0.08517832569427965,0.17066598357039106,0.17028548980348304,convergence,False
75986N__75858Q,75986N,75858Q,2025-05-14,2025-05-21,6,6.1095582356423,5.382657600963451,5.5668362918262515,5.472833695105784,-0.016886179472978356,0.11897760961475315,0.1020914301417748,0.22106903975652795,0.015311,0.000164,0.6407175627,0.6437076738,0.004667,0.10192704658013096,0.2209046561948841,0.22557147239295994,convergence,False
75986N__75858Q,75986N,75858Q,2025-08-26,2025-09-15,19,5.23275088303655,5.0238140399999995,5.00571838125949,5.012635208876531,0.0013817852084800463,0.03992868143482208,0.04131046664330213,0.08123914807812421,0.015311,0.000521,0.6505967957,0.6668888296,0.025042,0.04078991869809665,0.08071860013291873,0.10576027572628041,convergence,False
75986N__75858Q,75986N,75858Q,2025-11-21,2025-12-17,23,3.7520108093577,3.1797549162846,3.6686980621894203,3.274465460987508,-0.10745844834301808,0.15251978796166185,0.04506133961864377,0.1975811275803056,0.015311,0.00063,0.6464542823,0.6604583145,0.021663,0.0444312026323424,0.19695099059400423,0.21861382520339917,convergence,False
75986N__75858Q,75986N,75858Q,2026-04-01,2026-04-08,6,2.6384464456423,2.741168375,2.5892917641914965,2.798356549106542,0.08074207310520133,-0.03893273237641686,0.04180934072878447,0.00287660835236761,0.015311,0.000164,0.6911088842,0.7044732076,0.019338,0.04164495716714064,0.0027122247907237743,0.022049732534485365,convergence,False
70162L__952259,70162L,952259,2024-04-30,2024-05-07,5,9.9993612776112,9.734516502208399,9.974513943235443,9.848218980762917,-0.012661766096199352,0.026486169271210867,0.013824403175011515,0.04031057244622238,0.016567,0.000137,0.0065085095,0.0064643326,-0.006788,0.013687416873641651,0.040173586144852516,0.033386025951539465,convergence,False
70162L__952259,70162L,952259,2024-05-09,2024-05-14,4,10.37660118,10.18381686,10.503562150864642,10.284625863914167,-0.020844003568108803,0.01857875393453249,-0.0022652496335763134,0.016313504300956176,0.016567,0.00011,0.0064211637,0.0063928396,-0.004411,-0.0023748386746722037,0.016203915259860285,0.011792861232379227,convergence,False
70162L__952259,70162L,952259,2024-07-29,2024-07-30,1,12.001246965972001,11.47108312,0.0,0.0,0.0,0.04417573002832234,0.04417573002832234,0.08835146005664468,0.016567,0.0,0.0,0.0,0.0,0.04417573002832234,0.08835146005664468,0.08835146005664468,overnight_abort,True
70162L__952259,70162L,952259,2024-08-22,2024-08-23,1,12.987098520000002,12.2513951,0.0,0.0,0.0,0.05664879024880161,0.05664879024880161,0.11329758049760322,0.016567,0.0,0.0,0.0,0.0,0.05664879024880161,0.11329758049760322,0.11329758049760322,overnight_abort,True
70162L__952259,70162L,952259,2024-09-20,2024-10-01,7,12.810550434000001,12.080422284,12.351321702798035,12.279135399703318,-0.005844419312498738,0.056994284028748274,0.051149864716249535,0.10814414874499781,0.016567,0.000192,0.0069817776,0.006965243,-0.002368,0.05095808389433173,0.10795236792308,0.10558411717845592,convergence,False
70162L__952259,70162L,952259,2024-10-18,2024-10-21,1,12.675248205972002,11.550605359999999,0.0,0.0,0.0,0.08872748112673033,0.08872748112673033,0.17745496225346066,0.016567,0.0,0.0,0.0,0.0,0.08872748112673033,0.17745496225346066,0.17745496225346066,overnight_abort,True
70162L__952259,70162L,952259,2024-12-03,2024-12-06,2,12.574650000000002,11.165916524,11.891323732305167,11.337746336049566,-0.0465530506710281,0.11202963708731468,0.06547658641628659,0.17750622350360126,0.016567,5.5e-05,0.0066390041,0.006665111,0.003932,0.06542179189573864,0.17745142898305333,0.18138378082480014,convergence,False
70162L__952259,70162L,952259,2024-12-24,2024-12-27,1,10.995274965972001,10.01980224,9.945416370607044,10.173786082711034,0.022962307820406678,0.08871744717534376,0.11167975499575043,0.2003972021710942,0.016567,2.7e-05,0.0063281126,0.0063357299,0.001204,0.11165235773547647,0.2003698049108202,0.201573528751006,convergence,False
70162L__952259,70162L,952259,2025-01-24,2025-01-27,1,10.804139280000001,9.9005189794028,0.0,0.0,0.0,0.08363649127237098,0.08363649127237098,0.16727298254474196,0.016567,0.0,0.0,0.0,0.0,0.08363649127237098,0.16727298254474196,0.16727298254474196,overnight_abort,True
70162L__952259,70162L,952259,2025-05-01,2025-05-08,6,10.482229245972,9.9104594582084,10.192177188827921,9.948168672578579,-0.02394076473835354,0.054546583016519455,0.030605818278165914,0.08515240129468538,0.016567,0.000164,0.0068986922,0.0068530702,-0.006613,0.030441434716522078,0.08498801773304154,0.07837488024591036,convergence,False
70162L__952259,70162L,952259,2025-05-13,2025-05-16,2,10.150258485972001,10.675860720000001,9.951059599849016,10.752399947696897,0.08052814273768798,-0.051782152617531836,0.02874599012015614,-0.023036162497375695,0.016567,5.5e-05,0.0068140774,0.0068667166,0.007725,0.028691195599608196,-0.02309095701792364,-0.01536589067218471,convergence,False
70162L__952259,70162L,952259,2025-07-14,2025-07-16,1,11.669276205972002,11.09832262,0.0,0.0,0.0,0.04892793485167529,0.04892793485167529,0.09785586970335058,0.016567,0.0,0.0,0.0,0.0,0.04892793485167529,0.09785586970335058,0.09785586970335058,overnight_abort,True
70162L__952259,70162L,952259,2025-07-17,2025-07-18,1,11.900648760000001,11.242457674028,0.0,0.0,0.0,0.055307160075532005,0.055307160075532005,0.11061432015106401,0.016567,0.0,0.0,0.0,0.0,0.055307160075532005,0.11061432015106401,0.11061432015106401,overnight_abort,True
70162L__952259,70162L,952259,2025-09-10,2025-09-12,1,11.659216485972001,10.815025634028,11.275620687752253,10.941670846590597,-0.029616980777332963,0.07240545305593257,0.04278847227859961,0.11519392533453218,0.016567,2.7e-05,0.0067932471,0.0067718562,-0.003149,0.042761075018325635,0.11516652807425821,0.11201768044879787,convergence,False
70162L__952259,70162L,952259,2025-09-24,2025-09-25,1,11.478140520000002,10.685801,0.0,0.0,0.0,0.06903030317666839,0.06903030317666839,0.13806060635333678,0.016567,0.0,0.0,0.0,0.0,0.06903030317666839,0.13806060635333678,0.13806060635333678,overnight_abort,True
70162L__952259,70162L,952259,2025-10-02,2025-10-03,1,11.870470605972,11.033711794028001,0.0,0.0,0.0,0.07049078673620814,0.07049078673620814,0.14098157347241627,0.016567,0.0,0.0,0.0,0.0,0.07049078673620814,0.14098157347241627,0.14098157347241627,overnight_abort,True
70162L__952259,70162L,952259,2025-11-17,2025-11-18,1,10.743781965972001,10.119206034028,0.0,0.0,0.0,0.05813371249734731,0.05813371249734731,0.11626742499469463,0.016567,0.0,0.0,0.0,0.0,0.05813371249734731,0.11626742499469463,0.11626742499469463,overnight_abort,True
70162L__952259,70162L,952259,2026-01-09,2026-01-13,1,11.09587116,10.705682554028002,0.0,0.0,0.0,0.035165206980647574,0.035165206980647574,0.07033041396129515,0.016567,0.0,0.0,0.0,0.0,0.035165206980647574,0.07033041396129515,0.07033041396129515,overnight_abort,True
70162L__952259,70162L,952259,2026-01-22,2026-01-27,4,11.508319680000001,11.272278514028,11.33526348944988,11.471827409588787,0.012047705839922707,0.020510480464164576,0.032558186304087286,0.05306866676825186,0.016567,0.00011,0.0064219889,0.0065705177,0.023128,0.032448597262991395,0.05295907772715597,0.07608723978299516,convergence,False
70162L__952259,70162L,952259,2026-01-28,2026-01-29,1,11.7698724,11.182815,0.0,0.0,0.0,0.04987797488781619,0.04987797488781619,0.09975594977563237,0.016567,0.0,0.0,0.0,0.0,0.04987797488781619,0.09975594977563237,0.09975594977563237,overnight_abort,True
70162L__952259,70162L,952259,2026-02-20,2026-02-27,3,11.548558560000002,11.033711794028001,11.08464326668877,11.178484172654644,0.008465848084428747,0.04458104128728605,0.0530468893717148,0.09762793065900086,0.016567,8.2e-05,0.0064147797,0.0064079972,-0.001057,0.05296469759089288,0.09754573887817894,0.09648841496103816,convergence,False
70162L__952259,70162L,952259,2026-04-06,2026-04-09,2,12.292978845972002,11.87366446,11.873898584163655,11.90586027449705,0.0026917604278701222,0.034110071385130246,0.03680183181300037,0.07091190319813061,0.016567,5.5e-05,0.0062646829,0.0062906929,0.004152,0.03674703729245243,0.07085710867758266,0.0750089548947313,convergence,False
86981X__725535,86981X,725535,2024-04-19,2024-04-24,2,20.262495790718,20.31694926453,40.89788097811793,40.858123016891696,-0.0009721276573597631,-0.002687402103592017,-0.0036595297609517802,-0.006346931864543798,0.009615,5.5e-05,0.0064580706,0.0064372843,-0.003219,-0.0037143242814997256,-0.006401726385091743,-0.009620381195090219,convergence,False
86981X__725535,86981X,725535,2024-04-26,2024-04-30,1,20.533336186188,21.1842525,0.0,0.0,0.0,-0.03170046542411592,-0.03170046542411592,-0.06340093084823184,0.009615,0.0,0.0,0.0,0.0,-0.03170046542411592,-0.06340093084823184,-0.06340093084823184,overnight_abort,True
86981X__725535,86981X,725535,2024-05-29,2024-05-31,1,19.69074023547,20.447039516093998,39.95995346164017,41.08258193197967,0.028093838282799165,-0.03840888009185333,-0.010315041809054164,-0.04872392190090749,0.009615,2.7e-05,0.0063765344,0.0063566725,-0.003115,-0.010342439069328137,-0.048751319161181465,-0.05186616160600545,convergence,False
86981X__725535,86981X,725535,2024-06-20,2024-06-26,5,19.94151373547,20.835329418563997,40.04221304793351,41.90797949565949,0.04659498828130504,-0.04482185730485275,0.0017731309764522918,-0.043048726328400455,0.009615,0.000137,0.0062576265,0.006218325,-0.006281,0.0016361446750824287,-0.04318571262977032,-0.04946628881948059,convergence,False
86981X__725535,86981X,725535,2024-07-10,2024-07-11,1,22.188435267623998,22.141289238342,0.0,0.0,0.0,0.00212480189402042,0.00212480189402042,0.00424960378804084,0.009615,0.0,0.0,0.0,0.0,0.00212480189402042,0.00424960378804084,0.00424960378804084,overnight_abort,True
86981X__725535,86981X,725535,2024-07-26,2024-07-29,1,24.992080991435998,24.583705947624,0.0,0.0,0.0,0.016340177672756997,0.016340177672756997,0.032680355345513994,0.009615,0.0,0.0,0.0,0.0,0.016340177672756997,0.032680355345513994,0.032680355345513994,overnight_abort,True
86981X__725535,86981X,725535,2024-08-05,2024-08-06,1,25.797574501281996,25.341349523094,0.0,0.0,0.0,0.017684801265534678,0.017684801265534678,0.035369602531069355,0.009615,0.0,0.0,0.0,0.0,0.017684801265534678,0.035369602531069355,0.035369602531069355,overnight_abort,True
86981X__725535,86981X,725535,2024-08-30,2024-09-03,1,29.883174357094,28.785660749999998,0.0,0.0,0.0,0.036726808001689454,0.036726808001689454,0.07345361600337891,0.009615,0.0,0.0,0.0,0.0,0.036726808001689454,0.07345361600337891,0.07345361600337891,overnight_abort,True
86981X__725535,86981X,725535,2024-10-22,2024-10-24,1,30.579321593093997,30.126501313812,59.698872231799974,60.4573783436909,0.01270553502159607,0.014808055106894915,0.027513590128490986,0.0423216452353859,0.009615,2.7e-05,0.0065462163,0.0065863132,0.006125,0.027486192868217015,0.04229424797511193,0.04841945040693499,convergence,False
86981X__725535,86981X,725535,2025-02-07,2025-02-10,1,26.697352828564,26.272967152247997,0.0,0.0,0.0,0.015896170644377334,0.015896170644377334,0.03179234128875467,0.009615,0.0,0.0,0.0,0.0,0.015896170644377334,0.03179234128875467,0.03179234128875467,overnight_abort,True
86981X__725535,86981X,725535,2025-02-14,2025-02-19,1,24.555737107623997,23.786178156906,49.29516029630114,47.760896236682356,-0.031124030237384345,0.03133927307272996,0.0002152428353456165,0.03155451590807558,0.009615,2.7e-05,0.0065763514,0.006601749,0.003862,0.0001878455750716439,0.031527118647801604,0.03538907772742123,convergence,False
86981X__725535,86981X,725535,2025-04-07,2025-04-08,1,24.934408101905998,24.204876683094,0.0,0.0,0.0,0.029258020315959792,0.029258020315959792,0.058516040631919584,0.009615,0.0,0.0,0.0,0.0,0.029258020315959792,0.058516040631919584,0.058516040631919584,overnight_abort,True
86981X__725535,86981X,725535,2025-04-09,2025-04-10,1,24.555737107623997,23.845990523094,0.0,0.0,0.0,0.028903493363660358,0.028903493363660358,0.057806986727320715,0.009615,0.0,0.0,0.0,0.0,0.028903493363660358,0.057806986727320715,0.057806986727320715,overnight_abort,True
86981X__725535,86981X,725535,2025-05-12,2025-05-14,1,23.753258898341997,22.425396482375998,46.49260163830791,45.44004187554567,-0.02263929583787755,0.05590232572502653,0.03326302988714898,0.0891653556121755,0.009615,2.7e-05,0.0067805804,0.0068140774,0.00494,0.033235632626875004,0.08913795835190154,0.09407809592478547,convergence,False
86981X__725535,86981X,725535,2025-06-06,2025-06-10,1,25.859762316906,25.112065130718,49.42585541010343,50.30197911932853,0.01772602015596081,0.02891353667621247,0.04663955683217328,0.07555309350838575,0.009615,2.7e-05,0.0069153902,0.0069034552,-0.001726,0.046612159571899306,0.07552569624811178,0.07379983557288924,convergence,False
86981X__725535,86981X,725535,2025-10-01,2025-10-02,1,28.507930476905997,27.739911340529996,0.0,0.0,0.0,0.026940543334008967,0.026940543334008967,0.053881086668017934,0.009615,0.0,0.0,0.0,0.0,0.026940543334008967,0.053881086668017934,0.053881086668017934,overnight_abort,True
86981X__725535,86981X,725535,2026-01-09,2026-01-14,1,29.220133235469998,28.770708156906,57.880136941001226,57.69837692677817,-0.00314028307169231,0.015380664932028632,0.012240381860336321,0.027621046792364955,0.009615,2.7e-05,0.0062839727,0.0063111392,0.004323,0.012212984600062348,0.027593649532090984,0.031916790528550135,convergence,False
86981X__725535,86981X,725535,2026-02-06,2026-02-10,1,30.203161343094,31.801295418564,61.760069536088146,63.73747459001005,0.032017532829467635,-0.05291280794470264,-0.020895275115235007,-0.07380808305993765,0.009615,2.7e-05,0.0064149854,0.0064773132,0.009716,-0.020922672375508978,-0.07383548032021162,-0.06411951120826316,convergence,False
86981X__725535,86981X,725535,2026-02-25,2026-02-26,1,33.683898526187996,33.1471245,0.0,0.0,0.0,0.015935626506257183,0.015935626506257183,0.03187125301251437,0.009615,0.0,0.0,0.0,0.0,0.015935626506257183,0.03187125301251437,0.03187125301251437,overnight_abort,True
86981X__725535,86981X,725535,2026-03-04,2026-03-05,1,32.901487212376,31.821238523094,0.0,0.0,0.0,0.03283282248942409,0.03283282248942409,0.06566564497884818,0.009615,0.0,0.0,0.0,0.0,0.03283282248942409,0.06566564497884818,0.06566564497884818,overnight_abort,True
86981X__725535,86981X,725535,2026-03-23,2026-03-26,2,33.77417397690599,34.482975549281996,66.97236604319991,69.27165956693966,0.03433197391080092,-0.020986496157113007,0.013345477753687916,-0.007641018403425091,0.009615,5.5e-05,0.0063013954,0.0062570388,-0.007039,0.01329068323313997,-0.007695812923973037,-0.014734983962184658,convergence,False
86981X__725535,86981X,725535,2026-03-31,2026-04-16,15,35.479430767623995,33.346502709282,72.53993991814222,67.13356740874232,-0.07452959728806956,0.0601173133896036,-0.01441228389846596,0.04570502949113764,0.009615,0.000411,0.0062970309,0.0062819989,-0.002387,-0.014823242802575548,0.04529407058702805,0.042906913808108654,convergence,False
74116U__30185X,74116U,30185X,2024-05-02,2024-05-06,3,22.728490023624,24.557405325788,1.135771380122291,1.263264510349404,0.1122524589529501,-0.08046796334745615,0.03178449560549394,-0.04868346774196221,0.023909,8.2e-05,0.1280180167,0.127904227,-0.000889,0.031702303824672026,-0.048765659522784124,-0.04965451644256155,convergence,False
74116U__30185X,74116U,30185X,2024-06-04,2024-06-07,2,25.325734218792,23.092499671812,1.2215968078279038,1.1786492392403325,-0.035156909638570114,0.08818044632731371,0.0530235366887436,0.1412039830160573,0.023909,5.5e-05,0.1280114682,0.1280090151,-1.9e-05,0.05296874216819566,0.14114918849550936,0.14113002536868574,convergence,False
74116U__30185X,74116U,30185X,2024-08-13,2024-08-14,1,19.049892474228002,17.739863354228,0.0,0.0,0.0,0.06876832096413667,0.06876832096413667,0.13753664192827333,0.023909,0.0,0.0,0.0,0.0,0.06876832096413667,0.13753664192827333,0.13753664192827333,overnight_abort,True
74116U__30185X,74116U,30185X,2024-09-24,2024-10-02,7,20.333348437584,25.877651390604,0.953146485778498,1.3172537729131295,0.38200559155106245,-0.2726704344854463,0.10933515706561614,-0.16333527741983017,0.023909,0.000192,0.1284562767,0.1288120244,0.002769,0.10914337624369833,-0.16352705824174799,-0.1607576513342847,convergence,False
74116U__30185X,74116U,30185X,2024-10-09,2024-10-17,7,23.739094023624002,20.144103549396,1.1559918111713174,1.023873805813337,-0.11428974157188095,0.15143755994438712,0.03714781837250618,0.18858537831689332,0.023909,0.000192,0.1286992989,0.1286396962,-0.000463,0.03695603755058837,0.1883935974949755,0.18793048153001338,convergence,False
74116U__30185X,74116U,30185X,2025-02-07,2025-02-10,1,20.009963242416003,18.276319801804,0.0,0.0,0.0,0.08663901175675937,0.08663901175675937,0.17327802351351873,0.023909,0.0,0.0,0.0,0.0,0.08663901175675937,0.17327802351351873,0.17327802351351873,overnight_abort,True
74116U__30185X,74116U,30185X,2025-02-13,2025-02-14,1,19.161058914228,17.828920866980003,0.0,0.0,0.0,0.06952319562353738,0.06952319562353738,0.13904639124707477,0.023909,0.0,0.0,0.0,0.0,0.06952319562353738,0.13904639124707477,0.13904639124707477,overnight_abort,True
74116U__30185X,74116U,30185X,2025-04-01,2025-04-02,1,20.535481364832002,19.540571,0.0,0.0,0.0,0.04844835858271303,0.04844835858271303,0.09689671716542606,0.023909,0.0,0.0,0.0,0.0,0.04844835858271303,0.09689671716542606,0.09689671716542606,overnight_abort,True
74116U__30185X,74116U,30185X,2025-05-08,2025-05-14,5,19.89626625,18.745488416816002,0.9616116612821094,0.9759456909578516,0.014906256083282833,0.0578388838752094,0.07274513995849223,0.13058402383370163,0.023909,0.000137,0.1285561871,0.1280819741,-0.003689,0.07260815365712237,0.13044703753233178,0.12675827691569086,convergence,False
74116U__30185X,74116U,30185X,2025-05-27,2025-05-29,1,19.974588060000002,18.581852212376003,0.0,0.0,0.0,0.06972538524651804,0.06972538524651804,0.13945077049303609,0.023909,0.0,0.0,0.0,0.0,0.06972538524651804,0.13945077049303609,0.13945077049303609,overnight_abort,True
74116U__30185X,74116U,30185X,2025-09-23,2025-09-24,1,22.731003395772,22.419717317584002,0.0,0.0,0.0,0.013694339522464592,0.013694339522464592,0.027388679044929184,0.023909,0.0,0.0,0.0,0.0,0.013694339522464592,0.027388679044929184,0.027388679044929184,overnight_abort,True
74116U__30185X,74116U,30185X,2025-12-22,2025-12-23,1,22.592048377584,20.743287703372,0.0,0.0,0.0,0.08183236169263663,0.08183236169263663,0.16366472338527327,0.023909,0.0,0.0,0.0,0.0,0.08183236169263663,0.16366472338527327,0.16366472338527327,overnight_abort,True
74116U__30185X,74116U,30185X,2026-03-23,2026-04-22,22,27.508642901208002,23.161764317584,1.2504587730332988,1.227730208610612,-0.018176180544963418,0.15801864887464565,0.13984246832968222,0.2978611172043279,0.023909,0.000603,0.1275559046,0.1276625623,0.000836,0.13923972860365483,0.2972583774783005,0.2980945418278418,convergence,False
54310V__981800,54310V,981800,2025-11-17,2026-01-23,64,9.069630073663351,9.12142660883665,4.174143814454125,4.652624661259759,0.11462969846624876,-0.005710986528955267,0.1089187119372935,0.10320772540833822,0.036535,0.001753,0.6439978563,0.6896076133,0.070823,0.10716528727975924,0.10145430075080397,0.17227714053794946,convergence,False
86615F__410120,86615F,410120,2024-06-04,2024-06-25,13,48.894862990787004,36.07787555946749,42.82012074426021,37.09764536603512,-0.13363987020032297,0.26213361992106504,0.12849374972074207,0.3906273696418071,0.027825999999999997,0.000356,0.666400151,0.6646062985,-0.002692,0.12813758533718042,0.3902712052582455,0.3875793503759976,convergence,False
86615F__410120,86615F,410120,2024-10-11,2024-10-17,3,35.656507946574,31.098883428426,34.14262290028283,31.58416063753553,-0.07493455526892481,0.12782027126652248,0.05288571599759767,0.18070598726412015,0.027825999999999997,8.2e-05,0.6726081734,0.6696575806,-0.004387,0.052803524216775755,0.18062379548329824,0.17623700252316382,convergence,False
86615F__410120,86615F,410120,2024-10-18,2024-10-21,1,32.2254679236805,25.819089581356497,0.0,0.0,0.0,0.19879861349092623,0.19879861349092623,0.39759722698185246,0.027825999999999997,0.0,0.0,0.0,0.0,0.19879861349092623,0.39759722698185246,0.39759722698185246,overnight_abort,True
86615F__410120,86615F,410120,2024-12-31,2025-01-02,1,22.144895280532502,21.184886112323998,0.0,0.0,0.0,0.04335126249399991,0.04335126249399991,0.08670252498799982,0.027825999999999997,0.0,0.0,0.0,0.0,0.04335126249399991,0.08670252498799982,0.08670252498799982,overnight_abort,True
86615F__410120,86615F,410120,2025-04-09,2025-04-10,1,9.82755421621065,9.8097828501574,0.0,0.0,0.0,0.0018083203269370566,0.0018083203269370566,0.0036166406538741132,0.027825999999999997,0.0,0.0,0.0,0.0,0.0018083203269370566,0.0036166406538741132,0.0036166406538741132,overnight_abort,True
86615F__410120,86615F,410120,2025-07-17,2025-07-18,1,18.511421812361,18.5328771205325,0.0,0.0,0.0,-0.0011590308075187148,-0.0011590308075187148,-0.0023180616150374296,0.027825999999999997,0.0,0.0,0.0,0.0,-0.0011590308075187148,-0.0023180616150374296,-0.0023180616150374296,overnight_abort,True
86615F__410120,86615F,410120,2025-08-26,2025-08-27,1,23.430259402361,23.857622097639,0.0,0.0,0.0,-0.018239776518860697,-0.018239776518860697,-0.03647955303772139,0.027825999999999997,0.0,0.0,0.0,0.0,-0.018239776518860697,-0.03647955303772139,-0.03647955303772139,overnight_abort,True
86615F__410120,86615F,410120,2025-10-13,2025-10-15,1,28.865282440532503,27.6116203613195,28.27215554338463,28.039650533141845,-0.008223816181472216,0.04343148492642558,0.03520766874495337,0.07863915367137894,0.027825999999999997,2.7e-05,0.6486135885,0.6512959095,0.004135,0.03518027148467939,0.07861175641110497,0.08274722481256616,convergence,False
86615F__410120,86615F,410120,2025-11-19,2025-11-20,1,32.4177701828935,31.197678705787,0.0,0.0,0.0,0.03763650214752676,0.03763650214752676,0.07527300429505351,0.027825999999999997,0.0,0.0,0.0,0.0,0.03763650214752676,0.07527300429505351,0.07527300429505351,overnight_abort,True
86615F__410120,86615F,410120,2025-12-01,2025-12-08,6,31.88135475,33.4648923125,31.02512505109046,34.032399052706474,0.0969302781749889,-0.049669707417311,0.047260570757677894,-0.0024091366596331043,0.027825999999999997,0.000164,0.6564049136,0.6624050616,0.009141,0.04709618719603406,-0.00257352022127694,0.006567404649459796,convergence,False
86615F__410120,86615F,410120,2026-02-02,2026-02-04,1,40.264020565067504,38.152443018426,39.087341959668684,38.87296171262339,-0.005484646340661745,0.052443286015840175,0.04695863967517843,0.0994019256910186,0.027825999999999997,2.7e-05,0.7022472896,0.699790063,-0.003499,0.046931242414904456,0.09937452843074464,0.09587543824358327,convergence,False
86615F__410120,86615F,410120,2026-02-06,2026-02-10,1,37.4783026828935,36.275451295787,37.05789316509191,36.835387988242765,-0.006004258684051257,0.03209460677245465,0.026090348088403388,0.058184954860858035,0.027825999999999997,2.7e-05,0.7093206722,0.7076137256,-0.002406,0.026062950828129417,0.05815755760058406,0.055751104966536714,convergence,False
86615F__410120,86615F,410120,2026-03-09,2026-03-11,1,40.494376004467505,41.768136192106496,40.975204491225746,43.07038445702341,0.051132873937122514,-0.03145523683334361,0.019677637103778907,-0.0117775997295647,0.027825999999999997,2.7e-05,0.7119463603,0.7152052128,0.004577,0.019650239843504936,-0.011804996989838673,-0.007227612116873236,convergence,False
86615F__410120,86615F,410120,2026-03-23,2026-03-26,2,37.0431049847455,36.779271053426,37.09639882612827,38.055228267220215,0.02584696820804629,0.007122349258469129,0.03296931746651542,0.04009166672498455,0.027825999999999997,5.5e-05,0.6995939906,0.6886578534,-0.015632,0.03291452294596748,0.04003687220443661,0.024404752222072536,convergence,False
54184M__916983,54184M,916983,2024-05-08,2024-05-16,7,5.5631018,4.989108598749,10.92496873603663,10.117603929201849,-0.07390088029923995,0.10317862622089721,0.02927774592165726,0.13245637214255446,0.011294,0.000192,0.0064321087,0.0064354206,0.000515,0.02908596509973945,0.13226459132063664,0.13277949244474227,convergence,False
54184M__916983,54184M,916983,2024-08-05,2024-08-06,1,3.906221701668,3.843903501251,0.0,0.0,0.0,0.01595357488039904,0.01595357488039904,0.03190714976079808,0.011294,0.0,0.0,0.0,0.0,0.01595357488039904,0.03190714976079808,0.03190714976079808,overnight_abort,True
54184M__916983,54184M,916983,2025-02-03,2025-02-05,1,3.2133438995829997,3.345988501251,6.706145429024062,6.830862596577601,0.01859744451913704,-0.041279304616357364,-0.022681860097220324,-0.06396116471357768,0.011294,2.7e-05,0.0064792018,0.0065526501,0.011336,-0.022709257357494295,-0.06398856197385165,-0.05265255141773655,convergence,False
54184M__916983,54184M,916983,2025-04-07,2025-04-08,1,2.711258899583,2.619033099166,0.0,0.0,0.0,0.034015858991254894,0.034015858991254894,0.06803171798250979,0.011294,0.0,0.0,0.0,0.0,0.034015858991254894,0.06803171798250979,0.06803171798250979,overnight_abort,True
54184M__916983,54184M,916983,2025-04-09,2025-04-10,1,2.962301399583,2.609074500417,0.0,0.0,0.0,0.11924070225120358,0.11924070225120358,0.23848140450240715,0.011294,0.0,0.0,0.0,0.0,0.11924070225120358,0.23848140450240715,0.23848140450240715,overnight_abort,True
54184M__916983,54184M,916983,2025-09-05,2025-09-09,1,3.740533651668,3.804070301251,7.983304179749119,7.941988391340119,-0.005175274232166195,-0.016985985289737267,-0.02216125952190346,-0.03914724481164073,0.011294,2.7e-05,0.0067785121,0.0067835702,0.000746,-0.02218865678217743,-0.039174642071914706,-0.038428445867588375,convergence,False
54184M__916983,54184M,916983,2025-09-29,2025-09-30,1,3.6953460016679998,3.5650714,0.0,0.0,0.0,0.035253695218038235,0.035253695218038235,0.07050739043607647,0.011294,0.0,0.0,0.0,0.0,0.035253695218038235,0.07050739043607647,0.07050739043607647,overnight_abort,True
54184M__916983,54184M,916983,2025-10-03,2025-10-09,3,3.5848865987489997,3.520258950417,7.226913226866925,7.165855178656856,-0.00844870365719602,0.018027808286753797,0.009579104629557777,0.027606912916311573,0.011294,8.2e-05,0.0066509261,0.0065329584,-0.017737,0.009496912848735859,0.027524721135489656,0.00978768749140814,convergence,False
54184M__916983,54184M,916983,2025-11-19,2025-11-20,1,3.444303501668,3.385821701251,0.0,0.0,0.0,0.016979281990881116,0.016979281990881116,0.03395856398176223,0.011294,0.0,0.0,0.0,0.0,0.016979281990881116,0.03395856398176223,0.03395856398176223,overnight_abort,True
54184M__916983,54184M,916983,2025-12-18,2025-12-22,3,3.8459711000000003,3.953445398749,7.677789314449657,8.023021953030952,0.044965109674416866,-0.027944645436623172,0.017020464237793693,-0.010924181198829479,0.011294,8.2e-05,0.0063385415,0.0063667904,0.004457,0.016938272456971777,-0.011006372979651397,-0.006549685270026133,convergence,False
54184M__916983,54184M,916983,2026-02-06,2026-02-10,1,4.066888700834,4.306964650417,7.786445924124189,8.779965477907888,0.12759602564060046,-0.059031846515437525,0.06856417912516294,0.009532332609725414,0.011294,2.7e-05,0.0064149854,0.0064773132,0.009716,0.06853678186488897,0.00950493534945144,0.019220904461399898,convergence,False
54184M__916983,54184M,916983,2026-03-04,2026-03-05,1,3.846071617417,3.704487898749,0.0,0.0,0.0,0.03681255388662961,0.03681255388662961,0.07362510777325922,0.011294,0.0,0.0,0.0,0.0,0.03681255388662961,0.07362510777325922,0.07362510777325922,overnight_abort,True
54184M__916983,54184M,916983,2026-03-31,2026-04-16,15,3.3438861,3.3957802004169997,6.823450807039722,6.96585599045723,0.020869965570879355,-0.015519099294978822,0.005350866275900533,-0.01016823301907829,0.011294,0.000411,0.0062970309,0.0062819989,-0.002387,0.004939907371790944,-0.010579191923187879,-0.012966348702107272,convergence,False
87527P__691252,87527P,691252,2025-02-28,2025-03-03,1,6.228092396190601,5.6769865,0.0,0.0,0.0,0.08848710987776677,0.08848710987776677,0.17697421975553354,0.047825,0.0,0.0,0.0,0.0,0.08848710987776677,0.17697421975553354,0.17697421975553354,overnight_abort,True
51133P__41345T,51133P,41345T,2025-07-29,2025-09-10,1,4.076835501325201,3.6595899153374,0.0,0.0,0.0,0.1023454554033815,0.1023454554033815,0.204690910806763,0.035788,0.0,0.0,0.0,0.0,0.1023454554033815,0.204690910806763,0.204690910806763,overnight_abort,True
54188Q__930854,54188Q,930854,2024-04-16,2024-07-16,90,5.088549022821,4.6436519594358,15.092676142306095,13.984934298754284,-0.07339598578191928,0.08743102628862098,0.014035040506701707,0.10146606679532269,0.014364,0.002466,0.0064773132,0.0063149253,-0.02507,0.011569287082044173,0.09900031337066516,0.0739300573886015,force_close,False
54188Q__930854,54188Q,930854,2024-10-16,2025-01-15,90,4.3745431022567995,3.4305350005641997,13.235182452181713,10.397766128386175,-0.21438437543623073,0.21579581675754708,0.001411441321316348,0.21720725807886343,0.014364,0.002466,0.0066573459,0.0063907968,-0.040038,-0.0010543121033411863,0.21474150465420588,0.17470316144599132,force_close,False
54188Q__930854,54188Q,930854,2025-02-14,2025-02-26,8,3.4091267822567994,3.6294064016926,9.985102135432497,11.050097303322,0.10665841505119202,-0.06461467510750016,0.04204373994369186,-0.0225709351638083,0.014364,0.000219,0.0065763514,0.006707358,0.019921,0.041824561861500076,-0.022790113246000082,-0.002869249528164128,convergence,False
54188Q__930854,54188Q,930854,2025-05-12,2025-06-12,30,3.4895780416926,3.6095197388716,10.505711797933353,10.986921721875726,0.04580459974516291,-0.03437140414857239,0.01143319559659052,-0.02293820855198187,0.014364,0.000822,0.0067805804,0.0069688839,0.027771,0.010611277788371343,-0.02376012636020105,0.004010873892225795,convergence,False
87734F__932076,87734F,932076,2024-08-05,2024-08-06,1,61.403386515990995,59.9822902102815,0.0,0.0,0.0,0.023143614486790687,0.023143614486790687,0.046287228973581375,0.013599,0.0,0.0,0.0,0.0,0.023143614486790687,0.046287228973581375,0.046287228973581375,overnight_abort,True
87734F__932076,87734F,932076,2025-04-09,2025-04-10,1,40.52101218202699,40.183772855272494,0.0,0.0,0.0,0.008322579042190883,0.008322579042190883,0.016645158084381766,0.013599,0.0,0.0,0.0,0.0,0.008322579042190883,0.016645158084381766,0.016645158084381766,overnight_abort,True
87734F__932076,87734F,932076,2025-08-22,2025-08-25,1,42.0756582160135,41.415560947973,0.0,0.0,0.0,0.015688340860922693,0.015688340860922693,0.031376681721845386,0.013599,0.0,0.0,0.0,0.0,0.015688340860922693,0.031376681721845386,0.031376681721845386,overnight_abort,True
87734F__932076,87734F,932076,2025-09-19,2025-09-25,3,42.37305540872299,42.043678767995495,21.799370583949553,21.12830648468962,-0.030783645641311513,0.007773256791382804,-0.02301038884992871,-0.015237132058545905,0.013599,8.2e-05,0.0067695636,0.0066757902,-0.013852,-0.023092580630750627,-0.015319323839367823,-0.02917153138787217,convergence,False
87734F__932076,87734F,932076,2025-10-03,2025-10-07,1,48.5650411070045,47.5660876905,25.302897384731875,23.81872803313929,-0.05865610285753887,0.02056939299821617,-0.0380867098593227,-0.01751731686110653,0.013599,2.7e-05,0.0066509261,0.0065830618,-0.010204,-0.038114107119596674,-0.017544714121380502,-0.02774845101149577,convergence,False
87734F__932076,87734F,932076,2026-02-02,2026-02-03,1,63.06836205497749,65.38355710400899,0.0,0.0,0.0,-0.03670929406749631,-0.03670929406749631,-0.07341858813499262,0.013599,0.0,0.0,0.0,0.0,-0.03670929406749631,-0.07341858813499262,-0.07341858813499262,overnight_abort,True
87734F__932076,87734F,932076,2026-02-06,2026-02-12,3,69.76836497400899,69.2519395490315,33.78746885941001,34.925068210952176,0.03366926822117768,0.007401999819973848,0.04107126804115153,0.04847326786112538,0.013599,8.2e-05,0.0064149854,0.0065468591,0.020557,0.04098907626032961,0.04839107608030346,0.06894820782373659,convergence,False
87734F__932076,87734F,932076,2026-03-04,2026-03-05,1,61.46356323700449,58.574014375,0.0,0.0,0.0,0.04701238766230244,0.04701238766230244,0.09402477532460488,0.013599,0.0,0.0,0.0,0.0,0.04701238766230244,0.09402477532460488,0.09402477532460488,overnight_abort,True
87734F__932076,87734F,932076,2026-03-23,2026-03-25,1,55.8668463410135,56.435435734482,27.749380238841717,28.17359785831514,0.01528746284861645,-0.010177581709155498,0.005109881139460952,-0.005067700569694546,0.013599,2.7e-05,0.0063013954,0.0062707715,-0.00486,0.005082483879186979,-0.005095097829968519,-0.009954957917465878,convergence,False
87734F__932076,87734F,932076,2026-04-10,2026-04-16,3,65.6560924509685,65.5729909500225,32.98064531427298,33.092844307663114,0.003401964768153925,0.0012657089059642094,0.004667673674118134,0.005933382580082344,0.013599,8.2e-05,0.0062713614,0.0062819989,0.001696,0.004585481893296216,0.005851190799260426,0.007547393477039541,convergence,False
87137P__317614,87137P,317614,2024-12-12,2024-12-23,7,19.7647076764585,17.2906247610415,4.400445313757175,4.549790983045512,0.03393876270236458,0.12517680281018523,0.1591155655125498,0.284292368322735,0.045856,0.000192,0.016994374,0.0170794181,0.005004,0.15892378469063198,0.28410058750081724,0.2891048377309228,convergence,False
87137P__317614,87137P,317614,2025-02-03,2025-02-21,17,16.919399227916998,17.5365796360415,4.078360342735263,4.437565700079698,0.0880759244298468,-0.03647767865812596,0.051598245771720834,0.015120567113594871,0.045856,0.000466,0.0172384087,0.0172765269,0.002211,0.051132492347063296,0.014654813688937337,0.01686605027482936,convergence,False
87137P__317614,87137P,317614,2025-07-01,2025-09-16,62,18.281093292083,15.1508203,3.86870817929008,3.84260586735597,-0.006747035631645859,0.1712300759079124,0.16448304027626653,0.33571311618417893,0.045856,0.001699,0.0175469362,0.0175850454,0.002172,0.16278441013928024,0.33401448604719264,0.33618632958532557,convergence,False
87137P__317614,87137P,317614,2025-11-07,2025-11-18,8,14.0741009411805,12.5486187063195,3.2449817961082243,3.2103832774113505,-0.01066216110622517,0.10838932030091342,0.09772715919468825,0.20611647949560166,0.045856,0.000219,0.0169733177,0.0169936514,0.001198,0.09750798111249646,0.2058973014134099,0.20709528169984498,convergence,False
87137P__317614,87137P,317614,2025-11-26,2026-01-06,39,14.251931512499999,13.714443829999999,3.2451911136824596,3.5218451990087103,0.08525047543727533,0.03771332201734085,0.12296379745461619,0.16067711947195704,0.045856,0.001068,0.0170552431,0.0168846204,-0.010004,0.12189530430393127,0.1596086263212721,0.1496045062392782,convergence,False
89661R__41345R,89661R,41345R,2024-05-20,2024-05-23,2,10.867450139999999,10.04514336,10.768890844987931,10.164424431170707,-0.05613079587472612,0.07566694757340733,0.01953615169868121,0.09520309927208855,0.017946,5.5e-05,0.0064034835,0.0063720649,-0.004906,0.019481357178133266,0.0951483047515406,0.09024181908635534,convergence,False
89661R__41345R,89661R,41345R,2024-08-05,2024-08-06,1,15.3027345,15.1474384,0.0,0.0,0.0,0.010148258143013542,0.010148258143013542,0.020296516286027085,0.017946,0.0,0.0,0.0,0.0,0.010148258143013542,0.020296516286027085,0.020296516286027085,overnight_abort,True
89661R__41345R,89661R,41345R,2024-08-08,2024-08-13,4,16.0051551,16.044333175794,16.163122722230188,16.109118446825708,-0.003341203078920197,-0.0024478410580352264,-0.005789044136955423,-0.00823688519499065,0.017946,0.00011,0.0068198863,0.0068103649,-0.001396,-0.005898633178051314,-0.00834647423608654,-0.009742597218371497,convergence,False
89661R__41345R,89661R,41345R,2024-12-06,2024-12-09,1,18.684383946168,17.795245511290002,0.0,0.0,0.0,0.047587249193750035,0.047587249193750035,0.09517449838750007,0.017946,0.0,0.0,0.0,0.0,0.047587249193750035,0.09517449838750007,0.09517449838750007,overnight_abort,True
89661R__41345R,89661R,41345R,2025-01-31,2025-02-05,2,17.359827413832,19.472424700748,17.694698984678443,19.50392111845261,0.10224656182853088,-0.12169460194245478,-0.019448040113923898,-0.14114264205637866,0.017946,5.5e-05,0.0064614092,0.0065526501,0.014121,-0.019502834634471843,-0.1411974365769266,-0.1270765386155345,convergence,False
89661R__41345R,89661R,41345R,2025-04-07,2025-04-08,1,17.083866429251998,17.499275526916,0.0,0.0,0.0,-0.024315871315448573,-0.024315871315448573,-0.048631742630897146,0.017946,0.0,0.0,0.0,0.0,-0.024315871315448573,-0.048631742630897146,-0.048631742630897146,overnight_abort,True
89661R__41345R,89661R,41345R,2025-04-09,2025-04-10,1,18.664325824206,18.784823675794,0.0,0.0,0.0,-0.006456051652919979,-0.006456051652919979,-0.012912103305839959,0.017946,0.0,0.0,0.0,0.0,-0.006456051652919979,-0.012912103305839959,-0.012912103305839959,overnight_abort,True
89661R__41345R,89661R,41345R,2025-05-01,2025-05-07,5,19.868472413832002,20.349386643458,19.034410409653347,20.394461948219053,0.07145225459024214,-0.02420489203242401,0.047247362557818126,0.02304247052539412,0.017946,0.000137,0.0068986922,0.0069528941,0.007857,0.04711037625644826,0.022905484224024258,0.03076232120538721,convergence,False
89661R__41345R,89661R,41345R,2025-08-15,2025-08-21,3,19.356698799251998,17.907861733084,19.059090856573963,17.878946933075124,-0.06192026326857967,0.07484938837938544,0.012929125110805774,0.08777851349019122,0.017946,8.2e-05,0.0067622392,0.0067396799,-0.003336,0.012846933329983856,0.08769632170936931,0.08436025220150573,convergence,False
89661R__41345R,89661R,41345R,2025-09-12,2025-09-19,3,16.155680824206,15.576948002,16.08535709825003,15.602993423454262,-0.02998775046456661,0.03582224905922183,0.005834498594655218,0.041656747653877044,0.017946,8.2e-05,0.0068261715,0.006758355,-0.009935,0.0057523068138333,0.04157455587305513,0.031639777644878374,convergence,False
89661R__41345R,89661R,41345R,2025-10-30,2025-11-04,4,13.4463372,13.513110516542,14.053900285254874,13.606016481373317,-0.03186900396265585,-0.004965911203089511,-0.036834915165745365,-0.04180082636883487,0.017946,0.00011,0.0064932953,0.0065072389,0.002147,-0.036944504206841255,-0.04191041540993076,-0.039763031168835186,convergence,False
89661R__41345R,89661R,41345R,2025-11-10,2025-11-12,1,15.563634583458,14.98300897,14.731637831995316,14.956787231206956,0.015283392232372345,0.03730655653372416,0.0525899487660965,0.08989650529982067,0.017946,2.7e-05,0.0064869774,0.0064603657,-0.004102,0.05256255150582253,0.0898691080395467,0.08576678143054696,convergence,False
89661R__41345R,89661R,41345R,2025-12-10,2025-12-17,6,14.339414819999998,15.10757672,14.637775461810742,15.164642675403096,0.03599366686331029,-0.05356996151116317,-0.017576294647852875,-0.07114625615901604,0.017946,0.000164,0.0064271483,0.0064232264,-0.00061,-0.01774067820949671,-0.07131063972065987,-0.07192084813922092,convergence,False
89661R__41345R,89661R,41345R,2026-01-09,2026-01-15,2,15.433185043458,14.19075808,14.722405125996366,14.201554648952223,-0.035378083444018306,0.08050360051794067,0.045125517073922365,0.12562911759186304,0.017946,5.5e-05,0.0062839727,0.0063033814,0.003089,0.04507072255337442,0.1255743230713151,0.12866292655936018,convergence,False
89661R__41345R,89661R,41345R,2026-02-03,2026-02-04,1,14.540106419999999,13.453317,0.0,0.0,0.0,0.07474425486357608,0.07474425486357608,0.14948850972715216,0.017946,0.0,0.0,0.0,0.0,0.07474425486357608,0.14948850972715216,0.14948850972715216,overnight_abort,True
93324N__2557WX,93324N,2557WX,2024-05-31,2024-06-03,1,28.621300953245,28.387057567207503,0.0,0.0,0.0,0.008184232660148885,0.008184232660148885,0.01636846532029777,0.022488,0.0,0.0,0.0,0.0,0.008184232660148885,0.01636846532029777,0.01636846532029777,overnight_abort,True
93324N__2557WX,93324N,2557WX,2024-06-21,2024-06-27,3,26.555339429547505,26.9781249016225,6.535155830028255,6.936029742696398,0.06134114060848804,-0.015920921410048774,0.04542021919843926,0.029499297788390492,0.022488,8.2e-05,0.1280762326,0.1280598246,-0.000128,0.045338027417617346,0.029417106007568576,0.02928899480639638,convergence,False
93324N__2557WX,93324N,2557WX,2024-12-20,2024-12-24,1,26.565411307792502,26.2438853983775,6.605731646607452,6.735732893712831,0.019680067865328034,0.012103178290361623,0.03178324615568966,0.04388642444605128,0.022488,2.7e-05,0.1287001204,0.1287440342,0.000341,0.03175584889541568,0.043859027185777305,0.044200237433782555,convergence,False
93324N__2557WX,93324N,2557WX,2024-12-30,2025-01-21,21,26.3739287172075,26.7896025,6.452337213808292,6.905896729409852,0.07029383316031936,-0.015760783584786726,0.05453304957553263,0.0387722659907459,0.022488,0.000575,0.1287316108,0.1284488484,-0.002197,0.05395770710977921,0.03819692352499248,0.03600039698234475,convergence,False
93324N__2557WX,93324N,2557WX,2025-04-09,2025-04-16,6,25.69870875,25.3112083639625,6.0915578934293135,6.476846177536058,0.06324954812008557,0.015078593629242234,0.0783281417493278,0.09340673537857004,0.022488,0.000164,0.1288875647,0.1288261412,-0.000477,0.07816375818768397,0.09324235181692621,0.09276578528280797,convergence,False
93324N__2557WX,93324N,2557WX,2025-09-03,2025-09-04,1,29.236055386037503,28.387057567207503,0.0,0.0,0.0,0.029039410673556965,0.029039410673556965,0.05807882134711393,0.022488,0.0,0.0,0.0,0.0,0.029039410673556965,0.05807882134711393,0.05807882134711393,overnight_abort,True
93324N__2557WX,93324N,2557WX,2025-11-21,2025-12-15,21,23.66296386883,23.118438718830003,5.8569543040911345,6.028900500778587,0.029357612806940686,0.02301170525460985,0.05236931806155054,0.0753810233161604,0.022488,0.000575,0.1285074568,0.1285000226,-5.8e-05,0.05179397559579712,0.07480568085040697,0.07474783051093943,convergence,False
93324N__2557WX,93324N,2557WX,2025-12-30,2026-01-15,15,23.421103746755005,23.058908253245,5.544037573455572,5.873966930227432,0.05951066391604857,0.015464492938774776,0.07497515685482334,0.09043964979359811,0.022488,0.000411,0.1284876313,0.1282486999,-0.00186,0.07456419795071374,0.09002869088948852,0.08816912357096503,convergence,False
93324N__2557WX,93324N,2557WX,2026-02-11,2026-02-23,11,21.939647763962505,20.657768087660003,5.29196652593112,5.296640944176704,0.000883304575468966,0.058427541321246015,0.05931084589671498,0.117738387217961,0.022488,0.000301,0.1279418698,0.1278870518,-0.000428,0.05900947603370128,0.1174370173549473,0.11700855714809183,convergence,False
93642Z__280340,93642Z,280340,2024-08-05,2024-08-06,1,4.808311400346301,4.9314459906926,0.0,0.0,0.0,-0.025608697127526087,-0.025608697127526087,-0.05121739425505217,0.006797,0.0,0.0,0.0,0.0,-0.025608697127526087,-0.05121739425505217,-0.05121739425505217,overnight_abort,True
93642Z__280340,93642Z,280340,2024-08-15,2024-08-16,1,5.9903539693074,5.9396974751731495,0.0,0.0,0.0,0.008456344048080976,0.008456344048080976,0.016912688096161952,0.006797,0.0,0.0,0.0,0.0,0.008456344048080976,0.016912688096161952,0.016912688096161952,overnight_abort,True
93642Z__280340,93642Z,280340,2024-08-22,2024-08-28,5,6.59139327,7.0178273553462995,6.565396233424859,7.101849635202688,0.08170921947508825,-0.06469559133835438,0.017013628136733863,-0.04768196320162052,0.006797,0.000137,0.0069256874,0.0069165855,-0.001314,0.016876641835364,-0.047818949502990385,-0.04913317283914615,convergence,False
93642Z__280340,93642Z,280340,2024-09-09,2024-09-27,17,6.8618611756926,6.47926219838425,6.663716294131685,6.780056063674386,0.017458691878157198,0.05575731824241299,0.07321601012057019,0.1289733283629832,0.006797,0.000466,0.0070197601,0.0070325956,0.001828,0.07275025669591266,0.12850757493832565,0.13033605622787853,convergence,False
93642Z__280340,93642Z,280340,2024-11-13,2024-11-14,1,6.66151417448055,5.989611,0.0,0.0,0.0,0.10086343087800212,0.10086343087800212,0.20172686175600424,0.006797,0.0,0.0,0.0,0.0,0.10086343087800212,0.20172686175600424,0.20172686175600424,overnight_abort,True
93642Z__280340,93642Z,280340,2025-02-14,2025-02-19,1,7.0622072753463,6.6684339793074,6.216448126082006,6.679718926856629,0.07452339203650772,0.05575782197919014,0.13028121401569787,0.186039035994888,0.006797,2.7e-05,0.0065763514,0.006601749,0.003862,0.13025381675542388,0.18601163873461402,0.18987359781423363,convergence,False
93642Z__280340,93642Z,280340,2025-03-13,2025-03-18,4,6.310908650346301,6.05150394648055,6.053739161053558,6.07480303410433,0.0034794814395515045,0.041104176630969956,0.04458365807052146,0.08568783470149141,0.006797,0.00011,0.0067278905,0.0066992693,-0.004254,0.04447406902942557,0.08557824566039553,0.08132413361740083,convergence,False
93642Z__280340,93642Z,280340,2025-04-09,2025-04-10,1,5.3492464103463,5.19099610017315,0.0,0.0,0.0,0.029583664320841266,0.029583664320841266,0.05916732864168253,0.006797,0.0,0.0,0.0,0.0,0.029583664320841266,0.05916732864168253,0.05916732864168253,overnight_abort,True
93642Z__280340,93642Z,280340,2025-07-25,2025-07-31,3,5.52955838086575,5.0612209955194505,5.306710708432882,5.112354630842281,-0.036624585033766734,0.08469706857005338,0.048072483536286646,0.13276955210634003,0.006797,8.2e-05,0.0067317397,0.0066332787,-0.014626,0.04799029175546473,0.13268736032551812,0.11806097778728655,convergence,False
93642Z__280340,93642Z,280340,2025-08-25,2025-08-28,2,6.1666593143463,6.04950760913425,6.307433739474232,6.0825403844122805,-0.035655286183109015,0.018997596468399852,-0.016657689714709163,0.002339906753690689,0.006797,5.5e-05,0.0067840304,0.006805962,0.003233,-0.01671248423525711,0.0022851122331427436,0.005517939727547772,convergence,False
93642Z__280340,93642Z,280340,2025-09-04,2025-09-05,1,6.1506318106926,6.04950760913425,0.0,0.0,0.0,0.016441270534605906,0.016441270534605906,0.03288254106921181,0.006797,0.0,0.0,0.0,0.0,0.016441270534605906,0.03288254106921181,0.03288254106921181,overnight_abort,True
93642Z__280340,93642Z,280340,2025-11-13,2025-11-17,3,7.05218976,6.0894382493074,6.169638177149705,6.134932501737095,-0.005625236750697694,0.13651809486938707,0.13089285811868936,0.26741095298807643,0.006797,8.2e-05,0.0064706073,0.006440809,-0.004605,0.13081066633786745,0.2673287612072545,0.26272358295760234,convergence,False
93642Z__280340,93642Z,280340,2026-01-09,2026-01-14,1,6.53128988086575,6.29907473413425,6.35739256331581,6.332121623608368,-0.003975047860543166,0.035554255126817126,0.03157920726627396,0.06713346239309109,0.006797,2.7e-05,0.0062839727,0.0063111392,0.004323,0.031551810005999985,0.06710606513281712,0.07142920612927628,convergence,False
93642Z__280340,93642Z,280340,2026-02-06,2026-02-12,3,6.1406142953463,6.2890917496537,6.111464111295357,6.430716175322534,0.05223822936915028,-0.02417957669478196,0.028058652674368318,0.003879075979586359,0.006797,8.2e-05,0.0064149854,0.0065468591,0.020557,0.0279764608935464,0.0037968841987644415,0.024354015942197566,convergence,False
93642Z__280340,93642Z,280340,2026-03-04,2026-03-05,1,5.15891692448055,4.91148111982685,0.0,0.0,0.0,0.04796274262133318,0.04796274262133318,0.09592548524266636,0.006797,0.0,0.0,0.0,0.0,0.04796274262133318,0.09592548524266636,0.09592548524266636,overnight_abort,True
93642Z__280340,93642Z,280340,2026-03-31,2026-04-21,20,4.7281729805194495,5.05123910913425,4.762183678135277,5.065887308347991,0.06377402694631773,-0.06832789958105712,-0.0045538726347393865,-0.0728817722157965,0.006797,0.000548,0.0062970309,0.0062739193,-0.00367,-0.005101817840218839,-0.07342971742127595,-0.07709995508836448,convergence,False
73097V__912082,73097V,912082,2024-12-30,2025-01-16,10,45.172876635312,41.930795444688,21.607265801486403,21.56870604298948,-0.0017845737101207263,0.07177052762873282,0.06998595391861209,0.1417564815473449,0.013472000000000001,0.000274,0.0063441713,0.0064455827,0.015985,0.06971198131587236,0.14148250894460518,0.1574674808510227,convergence,False
73097V__912082,73097V,912082,2025-01-17,2025-01-31,10,45.603388604688,42.490137127032,22.092989365221666,21.938395381098623,-0.006997422646950689,0.06826798562368147,0.06127056297673078,0.12953854860041225,0.013472000000000001,0.000274,0.0064298344,0.006443091,0.002062,0.06099659037399106,0.12926457599767252,0.13132630872285747,convergence,False
73097V__912082,73097V,912082,2025-04-07,2025-04-08,1,36.57281215882799,37.306232791796,0.0,0.0,0.0,-0.020053711751311737,-0.020053711751311737,-0.040107423502623474,0.013472000000000001,0.0,0.0,0.0,0.0,-0.020053711751311737,-0.040107423502623474,-0.040107423502623474,overnight_abort,True
73097V__912082,73097V,912082,2025-04-09,2025-04-10,1,39.596356604688,38.504823395312,0.0,0.0,0.0,0.027566506188267937,0.027566506188267937,0.055133012376535874,0.013472000000000001,0.0,0.0,0.0,0.0,0.027566506188267937,0.055133012376535874,0.055133012376535874,overnight_abort,True
73097V__912082,73097V,912082,2025-05-07,2025-05-28,20,45.503264396484,48.118542895312004,22.49977022866549,24.49785900603238,0.08880485254117206,-0.05747452481739058,0.03133032772378148,-0.0261441970936091,0.013472000000000001,0.000548,0.0068530702,0.006904408,0.007491,0.030782382518302027,-0.02669214229908855,-0.019200930549937104,convergence,False
73097V__912082,73097V,912082,2025-09-18,2025-10-14,20,62.172788208204,53.297463078828,29.17996061852081,28.023256465723318,-0.03964036031163524,0.14275256724299284,0.10311220693135761,0.24586477417435046,0.013472000000000001,0.000548,0.0067156912,0.0065856626,-0.019362,0.10256426172587817,0.245316828968871,0.2259549202497804,convergence,False
73097V__912082,73097V,912082,2026-02-06,2026-02-13,1,66.007262951796,62.926164,33.27850984048378,32.45649248506416,-0.024701146756866566,0.046678180763926984,0.021977034007060418,0.0686552147709874,0.013472000000000001,2.7e-05,0.0065468591,0.0065485736,0.000262,0.021949636746786447,0.06862781751071344,0.06888969881498645,convergence,False
87417L__86521D,87417L,86521D,2024-09-17,2024-09-30,11,8.3292925578327,10.3566417505135,0.8103426602701375,1.1209923291683823,0.3833559358638308,-0.24339992605666394,0.13995600980716688,-0.10344391624949706,0.030086,0.000301,0.128290657,0.1286545946,0.002837,0.13965463994415317,-0.10374528611251076,-0.10090846534543024,convergence,False
87417L__86521D,87417L,86521D,2024-12-17,2025-01-06,14,9.05709514108365,8.407889749999999,0.8646255662871358,0.8516637479265319,-0.01499125039323603,0.07167920629858547,0.05668795590534944,0.1283671622039349,0.030086,0.000384,0.1287001204,0.1286107434,-0.000694,0.056304394261513825,0.12798360056009928,0.12728914122531218,convergence,False
87417L__86521D,87417L,86521D,2025-04-30,2025-05-02,1,14.1795100145865,12.8591255,0.0,0.0,0.0,0.09311919193457441,0.09311919193457441,0.18623838386914882,0.030086,0.0,0.0,0.0,0.0,0.09311919193457441,0.18623838386914882,0.18623838386914882,overnight_abort,True
87417L__86521D,87417L,86521D,2025-06-02,2025-06-06,1,15.566882099999999,14.5476275945,0.0,0.0,0.0,0.06547582868248224,0.06547582868248224,0.13095165736496447,0.030086,0.0,0.0,0.0,0.0,0.06547582868248224,0.13095165736496447,0.13095165736496447,overnight_abort,True
87417L__86521D,87417L,86521D,2025-06-09,2025-06-16,6,15.819591225,16.706971515,1.5073237639241177,1.740485345816744,0.1546857997419353,-0.056093755987680356,0.09859204375425495,0.04249828776657459,0.030086,0.000164,0.1274201839,0.1273934036,-0.00021,0.09842766019261112,0.04233390420493076,0.04212373106610513,convergence,False
54390R__26568P,54390R,26568P,2024-08-07,2024-08-15,7,9.86170315403975,9.30621120879205,9.196789060697249,9.388633257939645,0.020859910559680898,0.056328195705236644,0.07718810626491754,0.13351630197015418,0.029998,0.000192,0.6592391945,0.661244637,0.003042,0.07699632544299972,0.13332452114823637,0.13636657707684516,convergence,False
54390R__26568P,54390R,26568P,2024-08-30,2024-09-12,6,11.1328745,9.790292056207951,9.773972560310206,9.893389234023003,0.012217823712511712,0.12059620754658185,0.13281403125909355,0.2534102388056754,0.029998,0.000164,0.6670445252,0.6722464014,0.007798,0.13264964769744972,0.2532458552440316,0.26104424950930244,convergence,False
87241F__540515,87241F,540515,2024-08-05,2024-08-06,1,8.530476130833051,9.431768316999149,0.0,0.0,0.0,-0.10565555454852213,-0.10565555454852213,-0.21131110909704426,0.026295,0.0,0.0,0.0,0.0,-0.10565555454852213,-0.21131110909704426,-0.21131110909704426,overnight_abort,True
87241F__540515,87241F,540515,2024-08-15,2024-08-16,1,10.24463788,10.15469568,0.0,0.0,0.0,0.008779441601893027,0.008779441601893027,0.017558883203786055,0.026295,0.0,0.0,0.0,0.0,0.008779441601893027,0.017558883203786055,0.017558883203786055,overnight_abort,True
87241F__540515,87241F,540515,2024-09-26,2024-09-27,1,12.2814664983305,11.6719510066695,0.0,0.0,0.0,0.04962888525925266,0.04962888525925266,0.09925777051850532,0.026295,0.0,0.0,0.0,0.0,0.04962888525925266,0.09925777051850532,0.09925777051850532,overnight_abort,True
87241F__540515,87241F,540515,2024-10-04,2024-10-07,1,11.3941356583305,11.071989967499999,0.0,0.0,0.0,0.028272937982353533,0.028272937982353533,0.05654587596470707,0.026295,0.0,0.0,0.0,0.0,0.028272937982353533,0.05654587596470707,0.05654587596470707,overnight_abort,True
87241F__540515,87241F,540515,2025-02-25,2025-02-27,1,13.61246175,12.266951715,25.09178151979838,24.791555599296043,-0.011965109781680855,0.0988439901401376,0.08687888035845674,0.18572287049859434,0.026295,2.7e-05,0.006707358,0.0066751218,-0.004806,0.08685148309818277,0.18569547323832036,0.1808893782006021,convergence,False
87241F__540515,87241F,540515,2025-02-28,2025-03-03,1,12.644464469999999,12.5247867766695,0.0,0.0,0.0,0.00946482894664656,0.00946482894664656,0.01892965789329312,0.026295,0.0,0.0,0.0,0.0,0.00946482894664656,0.01892965789329312,0.01892965789329312,overnight_abort,True
87241F__540515,87241F,540515,2025-03-18,2025-03-21,2,12.1907167533305,12.048784425000001,23.963957891369496,24.43385203968776,0.019608369804701355,0.011642656555999756,0.03125102636070111,0.04289368291670087,0.026295,5.5e-05,0.006725628,0.0066972503,-0.004219,0.031196231840153164,0.04283888839615293,0.03861955006819304,convergence,False
87241F__540515,87241F,540515,2025-03-24,2025-03-26,1,12.6142155633305,12.5347034716695,25.2293437568723,25.30826263048836,0.003128058913326437,0.00630337187927416,0.009431430792600597,0.015734802671874756,0.026295,2.7e-05,0.0066706686,0.0066398858,-0.004615,0.009404033532326625,0.015707405411600785,0.01109275553977243,convergence,False
87241F__540515,87241F,540515,2025-04-07,2025-04-08,1,12.059633788330501,11.9198683816695,0.0,0.0,0.0,0.011589523290188504,0.011589523290188504,0.02317904658037701,0.026295,0.0,0.0,0.0,0.0,0.011589523290188504,0.02317904658037701,0.02317904658037701,overnight_abort,True
87241F__540515,87241F,540515,2025-04-09,2025-04-10,1,12.906631408330501,12.63386943,0.0,0.0,0.0,0.021133475474820466,0.021133475474820466,0.04226695094964093,0.026295,0.0,0.0,0.0,0.0,0.021133475474820466,0.04226695094964093,0.04226695094964093,overnight_abort,True
87241F__540515,87241F,540515,2025-07-10,2025-07-11,1,15.316540295,14.289957495,0.0,0.0,0.0,0.06702445723562796,0.06702445723562796,0.13404891447125591,0.026295,0.0,0.0,0.0,0.0,0.06702445723562796,0.13404891447125591,0.13404891447125591,overnight_abort,True
87241F__540515,87241F,540515,2025-09-26,2025-09-30,1,13.904877594999999,13.36770486,26.50074071710871,27.06704008896528,0.021369190314403937,0.03863196431108164,0.060001154625485574,0.0986331189365672,0.026295,2.7e-05,0.0067297011,0.0067606396,0.004597,0.0599737573652116,0.09860572167629324,0.10320302838282736,convergence,False
87241F__540515,87241F,540515,2025-10-02,2025-10-08,5,14.227543355,14.131290374999999,29.07021841886733,28.385381279469488,-0.02355803212518573,0.00676525648865267,-0.01679277563653306,-0.010027519147880389,0.026295,0.000137,0.0067817296,0.0065494318,-0.034253,-0.01692976193790292,-0.010164505449250252,-0.04441797966621102,convergence,False
87241F__540515,87241F,540515,2025-11-05,2025-11-06,1,13.249463778330501,12.6537038116695,0.0,0.0,0.0,0.04496483605890275,0.04496483605890275,0.0899296721178055,0.026295,0.0,0.0,0.0,0.0,0.04496483605890275,0.0899296721178055,0.0899296721178055,overnight_abort,True
87241F__540515,87241F,540515,2025-12-22,2025-12-23,1,11.4848854033305,11.433949335,0.0,0.0,0.0,0.004435052378992786,0.004435052378992786,0.008870104757985572,0.026295,0.0,0.0,0.0,0.0,0.004435052378992786,0.008870104757985572,0.008870104757985572,overnight_abort,True
87241F__540515,87241F,540515,2026-01-13,2026-01-14,1,11.7369680283305,11.493450496669501,0.0,0.0,0.0,0.020747907898632758,0.020747907898632758,0.041495815797265516,0.026295,0.0,0.0,0.0,0.0,0.020747907898632758,0.041495815797265516,0.041495815797265516,overnight_abort,True
87241F__540515,87241F,540515,2026-01-23,2026-01-28,2,11.8983009083305,12.5247867766695,23.750101347627837,25.325560258506144,0.06633482896845257,-0.05265338918268326,0.013681439785769307,-0.03897194939691395,0.026295,5.5e-05,0.0064863462,0.0065184795,0.004954,0.013626645265221362,-0.039026743917461894,-0.03407275302502376,convergence,False
86969D__916526,86969D,916526,2024-05-13,2024-05-14,1,14.896457208213,13.848105635,0.0,0.0,0.0,0.0703758993537741,0.0703758993537741,0.1407517987075482,0.043825,0.0,0.0,0.0,0.0,0.0703758993537741,0.1407517987075482,0.1407517987075482,overnight_abort,True
86969D__916526,86969D,916526,2024-05-28,2024-05-29,1,15.487020748213,14.118098041787,0.0,0.0,0.0,0.08839161054161794,0.08839161054161794,0.17678322108323588,0.043825,0.0,0.0,0.0,0.0,0.08839161054161794,0.17678322108323588,0.17678322108323588,overnight_abort,True
86969D__916526,86969D,916526,2024-06-27,2024-09-19,83,14.237164290713,13.205035149999999,14.501244244627765,14.344127628027149,-0.010834699005833427,0.07249541549409994,0.06166071648826651,0.13415613198236645,0.043825,0.002274,0.0062167791,0.0070111472,0.127778,0.05938674388552678,0.13188215937962672,0.2596602398328955,convergence,False
86969D__916526,86969D,916526,2024-10-16,2024-10-21,4,16.352498743574,14.138715568787001,13.895166495031086,14.600386126856792,0.05075287381967627,0.1353788928225384,0.18613176664221467,0.32151065946475305,0.043825,0.00011,0.0066573459,0.0066295412,-0.004177,0.18602217760111878,0.3214010704236572,0.31722452613443824,convergence,False
86969D__916526,86969D,916526,2024-10-29,2024-11-07,8,16.209951978213,14.285001831787,14.83763825886363,14.797282825227452,-0.002719801691625029,0.11875113195975104,0.11603133026812601,0.23478246222787705,0.043825,0.000219,0.006518055,0.0065385114,0.003138,0.11581215218593423,0.23456328414568528,0.23770170503964821,convergence,False
86969D__916526,86969D,916526,2024-11-14,2024-11-18,3,16.159040309999998,13.656657169999999,14.247986299247302,14.143137198202083,-0.0073588715516070624,0.15485963844346642,0.14750076689185937,0.30236040533532577,0.043825,8.2e-05,0.0064789914,0.0064657955,-0.002037,0.14741857511103745,0.30227821355450385,0.3002414922216124,convergence,False
86969D__916526,86969D,916526,2025-01-07,2025-01-08,1,15.914670208213,11.96798353,0.0,0.0,0.0,0.2479904783811514,0.2479904783811514,0.4959809567623028,0.043825,0.0,0.0,0.0,0.0,0.2479904783811514,0.4959809567623028,0.4959809567623028,overnight_abort,True
86969D__916526,86969D,916526,2025-01-27,2025-02-04,7,16.963432652852003,13.754836851787001,14.494834051526848,14.007853424681752,-0.03359684044080508,0.18914779023369138,0.1555509497928863,0.3446987400265777,0.043825,0.000192,0.0064298344,0.0064792018,0.007678,0.1553591689709685,0.3445069592046599,0.35218482412758856,convergence,False
86969D__916526,86969D,916526,2025-03-06,2025-03-10,3,17.167072198213003,13.99046475,14.556980997928347,14.605911729683264,0.003361324148316198,0.18504072281723558,0.18840204696555177,0.37344276978278734,0.043825,8.2e-05,0.0067551588,0.0067902487,0.005195,0.18831985518472985,0.3733605780019654,0.3785551116967174,convergence,False
86969D__916526,86969D,916526,2025-03-13,2025-03-26,12,16.953240340722,13.313032701787,14.194344255561784,13.624254716743534,-0.040163147275709556,0.21472046439353273,0.17455731711782319,0.3892777815113559,0.043825,0.000329,0.0067278905,0.0066398858,-0.013081,0.17422854999453552,0.3889490143880682,0.37586843586200575,convergence,False
86969D__916526,86969D,916526,2025-07-03,2025-07-07,1,13.969883378213,10.721115021786998,0.0,0.0,0.0,0.23255515228514226,0.23255515228514226,0.4651103045702845,0.043825,0.0,0.0,0.0,0.0,0.23255515228514226,0.4651103045702845,0.4651103045702845,overnight_abort,True
86969D__916526,86969D,916526,2025-10-15,2025-10-21,5,12.727662500000001,11.594905451787,11.60629717752976,11.714817738261722,0.009350144931844637,0.08899961388927474,0.09834975882111938,0.18734937271039412,0.043825,0.000137,0.0066476102,0.0065817619,-0.009906,0.09821277251974951,0.18721238640902427,0.17730682666365893,convergence,False
86969D__916526,86969D,916526,2025-10-23,2025-10-28,4,13.314154206213,11.565450859999999,11.860948252245691,11.691514534732102,-0.014285006047599092,0.1313416773704616,0.1170566713228625,0.2483983486933241,0.043825,0.00011,0.0065415059,0.0065741893,0.004996,0.11694708228176662,0.2482887596522282,0.2532850709755887,convergence,False
86969D__916526,86969D,916526,2026-02-05,2026-02-20,14,12.218556,10.672024689999999,10.556353521653671,10.578163999318582,0.0020660995882879423,0.12657234701056333,0.12863844659885126,0.2552107936094146,0.043825,0.000384,0.0063607162,0.0064484927,0.0138,0.12825488495501564,0.254827231965579,0.268627014449193,convergence,False
93053R__87406E,93053R,87406E,2024-08-05,2024-08-06,1,7.561877309999999,7.7574261305803,0.0,0.0,0.0,-0.02585982455992811,-0.02585982455992811,-0.05171964911985622,0.011753,0.0,0.0,0.0,0.0,-0.02585982455992811,-0.05171964911985622,-0.05171964911985622,overnight_abort,True
93053R__87406E,93053R,87406E,2025-02-04,2025-02-07,2,8.273937375,8.42548222529015,16.105039445533397,16.938626408170162,0.05175938658554196,-0.018315929094175752,0.03344345749136621,0.015127528397190455,0.011753,5.5e-05,0.0065526501,0.0066041474,0.007859,0.033388662970818266,0.01507273387664251,0.022931737365933028,convergence,False
93053R__87406E,93053R,87406E,2025-03-14,2025-03-18,1,8.775388125,8.62240937845985,17.382256137104985,17.34958298452992,-0.001879684220353817,0.017432704327268688,0.015553020106914872,0.03298572443418356,0.011753,2.7e-05,0.0067017391,0.0066992693,-0.000369,0.015525622846640899,0.032958327173909584,0.032589795966838274,convergence,False
93053R__87406E,93053R,87406E,2025-04-07,2025-04-08,1,7.812602684999999,7.8172524394197005,0.0,0.0,0.0,-0.0005951607431194362,-0.0005951607431194362,-0.0011903214862388723,0.011753,0.0,0.0,0.0,0.0,-0.0005951607431194362,-0.0011903214862388723,-0.0011903214862388723,overnight_abort,True
93053R__87406E,93053R,87406E,2025-04-09,2025-04-10,1,8.30903882720985,8.18617878470985,0.0,0.0,0.0,0.014786312238386216,0.014786312238386216,0.029572624476772433,0.011753,0.0,0.0,0.0,0.0,0.014786312238386216,0.029572624476772433,0.029572624476772433,overnight_abort,True
93053R__87406E,93053R,87406E,2025-08-12,2025-08-13,1,10.8814822779015,10.82848971,0.0,0.0,0.0,0.00486997695241566,0.00486997695241566,0.00973995390483132,0.011753,0.0,0.0,0.0,0.0,0.00486997695241566,0.00973995390483132,0.00973995390483132,overnight_abort,True
93053R__87406E,93053R,87406E,2025-09-08,2025-09-10,1,10.8714532629015,10.698866905000001,21.52706918073558,21.480001424754597,-0.002186445148933859,0.015875187403918214,0.013688742254984355,0.029563929658902567,0.011753,2.7e-05,0.0067835702,0.0067812701,-0.000339,0.013661344994710382,0.029536532398628596,0.02919746315747888,convergence,False
93053R__87406E,93053R,87406E,2025-09-29,2025-09-30,1,10.279740375,10.000897955,0.0,0.0,0.0,0.02712543408957448,0.02712543408957448,0.05425086817914896,0.011753,0.0,0.0,0.0,0.0,0.02712543408957448,0.05425086817914896,0.05425086817914896,overnight_abort,True
93053R__87406E,93053R,87406E,2025-11-05,2025-11-06,1,9.7181151338394,9.53226215854925,0.0,0.0,0.0,0.01912438499961705,0.01912438499961705,0.0382487699992341,0.011753,0.0,0.0,0.0,0.0,0.01912438499961705,0.0382487699992341,0.0382487699992341,overnight_abort,True
93053R__87406E,93053R,87406E,2026-01-09,2026-01-14,1,9.6278548011606,9.304923002580301,18.56135584281446,18.751243411422404,0.010230263899684542,0.03354140722410678,0.04377167112379132,0.07731307834789809,0.011753,2.7e-05,0.0062839727,0.0063111392,0.004323,0.04374427386351735,0.07728568108762413,0.08160882208408327,convergence,False
93053R__87406E,93053R,87406E,2026-02-02,2026-02-03,1,9.577709525580298,9.47243575,0.0,0.0,0.0,0.010991539814308462,0.010991539814308462,0.021983079628616925,0.011753,0.0,0.0,0.0,0.0,0.010991539814308462,0.021983079628616925,0.021983079628616925,overnight_abort,True
93053R__87406E,93053R,87406E,2026-02-06,2026-02-12,3,10.0565957941515,9.9610138155803,20.222281952058793,20.110864540260877,-0.005509635958100806,0.00950440691141099,0.003994770953310184,0.013499177864721174,0.011753,8.2e-05,0.0064149854,0.0065468591,0.020557,0.003912579172488266,0.013416986083899256,0.03397411782733238,convergence,False
93053R__87406E,93053R,87406E,2026-03-04,2026-03-05,1,8.9157947361606,8.5052500055803,0.0,0.0,0.0,0.046046902461225885,0.046046902461225885,0.09209380492245177,0.011753,0.0,0.0,0.0,0.0,0.046046902461225885,0.09209380492245177,0.09209380492245177,overnight_abort,True
93053R__87406E,93053R,87406E,2026-03-23,2026-03-26,2,8.3040242194197,8.265946564999998,16.580892671624902,16.69402291720932,0.006822928525315154,0.004585445973369624,0.011408374498684778,0.0159938204720544,0.011753,5.5e-05,0.0063013954,0.0062570388,-0.007039,0.011353579978136833,0.015939025951506456,0.008899854913294834,convergence,False
93053R__87406E,93053R,87406E,2026-03-30,2026-04-15,15,8.223792199709848,7.976788,16.173855462475636,16.026022835113114,-0.009140221866425302,0.03003531627642087,0.020895094409995568,0.05093041068641644,0.011753,0.000411,0.0063004028,0.0062899012,-0.001667,0.02048413550588598,0.05051945178230685,0.048852637717656786,convergence,False
93053R__87406E,93053R,87406E,2026-04-17,2026-04-21,1,8.392279852290148,7.81226684720985,16.27154200998198,15.93838818593021,-0.020474631343937445,0.06911268633660016,0.048638054992662716,0.11775074132926287,0.011753,2.7e-05,0.0062966341,0.0062739193,-0.003607,0.04861065773238874,0.1177233440689889,0.11411589290710539,convergence,False
8748D0__887921,8748D0,887921,2025-01-14,2025-01-31,1,13.391298,12.861368,0.0,0.0,0.0,0.03957271356368891,0.03957271356368891,0.07914542712737782,0.032371,0.0,0.0,0.0,0.0,0.03957271356368891,0.07914542712737782,0.07914542712737782,overnight_abort,True
90534M__88801L,90534M,88801L,2024-05-13,2024-05-16,2,17.948118133869002,17.991493476131,36.44927566659748,36.10659676597586,-0.009401528407755325,-0.002416706973871979,-0.011818235381627304,-0.014234942355499283,0.012975,5.5e-05,0.0063928396,0.0064354206,0.006661,-0.01187302990217525,-0.014289736876047229,-0.007629003514302963,convergence,False
90534M__88801L,90534M,88801L,2024-06-17,2024-06-21,3,18.584835358254,17.673351107631003,36.24803230359419,35.38958789161174,-0.02368251067513332,0.04904451575989798,0.02536200508476466,0.07440652084466265,0.012975,8.2e-05,0.0063341251,0.0062576265,-0.012077,0.025279813303942744,0.07432432906384073,0.06224711259080333,convergence,False
90534M__88801L,90534M,88801L,2024-06-27,2024-07-01,3,18.950806633869,17.5826067315575,35.61394364617174,35.155317443124325,-0.012877714627841144,0.07219744936166694,0.0593197347338258,0.13151718409549273,0.012975,8.2e-05,0.0062167791,0.0061932927,-0.003778,0.05923754295300388,0.13143499231467082,0.1276570874507197,convergence,False
90534M__88801L,90534M,88801L,2024-07-26,2024-07-30,1,18.365237552557502,17.363197204246003,35.759422773509634,35.090220646341166,-0.018714008092552574,0.05456179618934239,0.03584778809678982,0.09040958428613222,0.012975,2.7e-05,0.0064924525,0.006546002,0.008248,0.03582039083651584,0.09038218702585825,0.09863014879377269,convergence,False
90534M__88801L,90534M,88801L,2024-08-20,2024-08-21,1,18.308994749215504,17.552689381180503,0.0,0.0,0.0,0.04130785869974684,0.04130785869974684,0.08261571739949368,0.012975,0.0,0.0,0.0,0.0,0.04130785869974684,0.08261571739949368,0.08261571739949368,overnight_abort,True
90534M__88801L,90534M,88801L,2025-02-13,2025-02-20,6,15.280972740000001,15.288785295,29.894225487133845,30.709177635033537,0.027261189564868945,-0.0005112603191515948,0.02674992924571735,0.026238668926565754,0.012975,0.000164,0.0065640483,0.0066824814,0.018043,0.026585545684073515,0.026074285364921918,0.04411697709831454,convergence,False
90534M__88801L,90534M,88801L,2025-02-28,2025-03-06,3,16.307320677846,16.076657390754,32.0992776793572,32.69389412542788,0.01852429366200581,0.014144769189788669,0.03266906285179448,0.046813832041583146,0.012975,8.2e-05,0.0066885158,0.006758355,0.010442,0.032586871070972565,0.04673164026076123,0.057173299081392195,convergence,False
90534M__88801L,90534M,88801L,2025-03-24,2025-03-26,1,16.644636118819502,16.1564433080655,32.837235344935905,32.41183828184442,-0.01295471615143422,0.029330338450716757,0.016375622299282536,0.04570596074999929,0.012975,2.7e-05,0.0066706686,0.0066398858,-0.004615,0.016348225039008565,0.045678563489725314,0.041063913617896956,convergence,False
90534M__88801L,90534M,88801L,2025-04-07,2025-04-08,1,16.143291868819503,16.076657390754,0.0,0.0,0.0,0.004127688367835667,0.004127688367835667,0.008255376735671335,0.012975,0.0,0.0,0.0,0.0,0.004127688367835667,0.008255376735671335,0.008255376735671335,overnight_abort,True
90534M__88801L,90534M,88801L,2025-04-09,2025-04-10,1,16.579458358254,16.226263091557502,0.0,0.0,0.0,0.021303184884846525,0.021303184884846525,0.04260636976969305,0.012975,0.0,0.0,0.0,0.0,0.021303184884846525,0.04260636976969305,0.04260636976969305,overnight_abort,True
90534M__88801L,90534M,88801L,2025-09-19,2025-09-26,4,15.932721267688501,15.65779055,31.978593195979784,31.497554198412065,-0.015042531565403357,0.017255728828072848,0.0022131972626694904,0.019468926090742338,0.012975,0.00011,0.0067695636,0.0066887391,-0.011939,0.0021036082215736,0.019359337049646447,0.007419941133490083,convergence,False
90534M__88801L,90534M,88801L,2025-10-14,2025-10-22,7,15.672022257688502,15.850271669500001,31.47961323171962,31.72322212291663,0.00773862402323123,-0.011373733962383361,-0.003635109939152131,-0.015008843901535493,0.012975,0.000192,0.006620324,0.0065793798,-0.006185,-0.003826890761069939,-0.015200624723453302,-0.02138524650329373,convergence,False
90534M__88801L,90534M,88801L,2025-12-30,2026-01-05,1,15.5015652126885,15.0992971073115,0.0,0.0,0.0,0.025950160506871402,0.025950160506871402,0.051900321013742805,0.012975,0.0,0.0,0.0,0.0,0.025950160506871402,0.051900321013742805,0.051900321013742805,overnight_abort,True
90534M__88801L,90534M,88801L,2026-03-04,2026-03-05,1,15.230838315000002,14.640533817311502,0.0,0.0,0.0,0.038757190213695725,0.038757190213695725,0.07751438042739145,0.012975,0.0,0.0,0.0,0.0,0.038757190213695725,0.07751438042739145,0.07751438042739145,overnight_abort,True
90534M__88801L,90534M,88801L,2026-04-13,2026-04-20,6,14.799683262688502,14.54080167,29.621852787261737,29.155570893427456,-0.015741145470643772,0.017492373863241262,0.0017512283925974897,0.01924360225583875,0.012975,0.000164,0.0062974275,0.0062966341,-0.000126,0.0015868448309536542,0.019079218694194915,0.018953230741177603,convergence,False
86965N__932147,86965N,932147,2024-08-05,2024-08-06,1,13.270395917622999,13.38716573,0.0,0.0,0.0,-0.008799271182401676,-0.008799271182401676,-0.017598542364803352,0.028520999999999998,0.0,0.0,0.0,0.0,-0.008799271182401676,-0.017598542364803352,-0.017598542364803352,overnight_abort,True
86965N__932147,86965N,932147,2024-12-30,2025-01-07,1,13.68352034,12.321353824376999,12.657608420741434,12.586341821524819,-0.005630336857303487,0.09954795854989759,0.0939176216925941,0.1934655802424917,0.028520999999999998,2.7e-05,0.0063441713,0.0063273118,-0.002657,0.09389022443232013,0.1934381829822177,0.19078070429780705,convergence,False
86965N__932147,86965N,932147,2025-01-29,2025-02-06,7,13.794358869999998,12.721281755377,13.409438333366172,13.209414951542161,-0.014916611482995544,0.07779101042214649,0.06287439893915095,0.14066540936129743,0.028520999999999998,0.000192,0.0064806714,0.0066026208,0.018817,0.06268261811723314,0.1404736285393796,0.15929103069928555,convergence,False
86965N__932147,86965N,932147,2025-02-13,2025-02-14,1,13.643215419999999,12.816548954999998,0.0,0.0,0.0,0.060591762246029295,0.060591762246029295,0.12118352449205859,0.028520999999999998,0.0,0.0,0.0,0.0,0.060591762246029295,0.12118352449205859,0.12118352449205859,overnight_abort,True
86965N__932147,86965N,932147,2025-02-27,2025-03-03,3,13.713749029999999,12.64288298,12.67444318374213,12.746745709480235,0.005704591885413203,0.07808703861047685,0.08379163049589006,0.1618786691063669,0.028520999999999998,8.2e-05,0.0066390041,0.0066885158,0.007458,0.08370943871506814,0.16179647732554497,0.16925417719351163,convergence,False
86965N__932147,86965N,932147,2025-04-09,2025-04-10,1,11.446597279999999,11.184089782377,0.0,0.0,0.0,0.022933234322977614,0.022933234322977614,0.04586646864595523,0.028520999999999998,0.0,0.0,0.0,0.0,0.022933234322977614,0.04586646864595523,0.04586646864595523,overnight_abort,True
86965N__932147,86965N,932147,2025-05-28,2025-05-30,1,12.625516189999999,12.116924162377,12.324249335879374,12.601485218853496,0.022495153694027388,0.040282870020461256,0.06277802371448865,0.1030608937349499,0.028520999999999998,2.7e-05,0.0069345718,0.0069415521,0.001007,0.06275062645421468,0.10303349647467593,0.10404009071024212,convergence,False
86965N__932147,86965N,932147,2025-07-24,2025-07-30,5,13.612987737623,12.573417582377,12.733790610845372,12.963112401330536,0.01800891796429028,0.07636605389519895,0.09437497185948923,0.17074102575468816,0.028520999999999998,0.000137,0.0067718562,0.0066887391,-0.012274,0.09423798555811937,0.1706040394533183,0.15833013735835058,convergence,False
86965N__932147,86965N,932147,2025-09-17,2025-09-19,1,16.121968,14.784036587576999,15.283205925515222,15.081869704581468,-0.013173690252882396,0.08298809502803876,0.06981440477515637,0.15280249980319513,0.028520999999999998,2.7e-05,0.0067567568,0.006758355,0.000237,0.0697870075148824,0.15277510254292115,0.15301163614140725,convergence,False
86965N__932147,86965N,932147,2026-01-09,2026-01-21,7,15.628233737622999,15.13374925,15.472803070674622,15.122934176209503,-0.022611862431586232,0.03164045892355646,0.009028596491970225,0.04066905541552668,0.028520999999999998,0.000192,0.0063111392,0.0063183164,0.001137,0.008836815670052416,0.04047727459360887,0.04161450192651254,convergence,False
86965N__932147,86965N,932147,2026-04-27,2026-04-30,1,17.270658219999998,15.624975864999998,0.0,0.0,0.0,0.0952877611285391,0.0952877611285391,0.1905755222570782,0.028520999999999998,0.0,0.0,0.0,0.0,0.0952877611285391,0.1905755222570782,0.1905755222570782,overnight_abort,True
91091C__140619,91091C,140619,2024-04-26,2024-04-30,1,13.38362716,13.386284415,0.0,0.0,0.0,-0.0001985452051400991,-0.0001985452051400991,-0.0003970904102801982,0.004004000000000001,0.0,0.0,0.0,0.0,-0.0001985452051400991,-0.0003970904102801982,-0.0003970904102801982,overnight_abort,True
91091C__140619,91091C,140619,2024-05-09,2024-05-10,1,14.1549899067685,14.065082833231502,0.0,0.0,0.0,0.006351616930083996,0.006351616930083996,0.012703233860167992,0.004004000000000001,0.0,0.0,0.0,0.0,0.006351616930083996,0.012703233860167992,0.012703233860167992,overnight_abort,True
91091C__140619,91091C,140619,2024-06-27,2024-07-01,3,13.894529095,13.585930715,27.03686716151551,27.33700258957234,0.011100969142018243,0.022210063967626634,0.03331103310964488,0.055521097077271514,0.004004000000000001,8.2e-05,0.0062167791,0.0061932927,-0.003778,0.033228841328822964,0.0554389052964496,0.05166100043249846,convergence,False
91091C__140619,91091C,140619,2024-08-05,2024-08-06,1,12.492054196768501,12.727451625,0.0,0.0,0.0,-0.018843772571239134,-0.018843772571239134,-0.03768754514247827,0.004004000000000001,0.0,0.0,0.0,0.0,-0.018843772571239134,-0.03768754514247827,-0.03768754514247827,overnight_abort,True
91091C__140619,91091C,140619,2024-12-27,2025-01-06,7,13.2233442,12.787346513231501,26.019014885691746,25.68155155086987,-0.012969873621443398,0.032971817126903384,0.020001943505459988,0.05297376063236337,0.004004000000000001,0.000192,0.0063757208,0.0063441713,-0.004948,0.01981016268354218,0.052781979810445565,0.04783359813099683,convergence,False
91091C__140619,91091C,140619,2025-03-24,2025-03-26,1,13.72422845,13.67577155,27.58965534162334,27.54245351927599,-0.0017108521930732168,0.0035307558582646364,0.0018199036651914196,0.005350659523456056,0.004004000000000001,2.7e-05,0.0066706686,0.0066398858,-0.004615,0.001792506404917447,0.005323262263182083,0.0007086123913537272,convergence,False
91091C__140619,91091C,140619,2025-04-07,2025-04-08,1,13.2233442,13.5360201382315,0.0,0.0,0.0,-0.023645753562967838,-0.023645753562967838,-0.047291507125935675,0.004004000000000001,0.0,0.0,0.0,0.0,-0.023645753562967838,-0.047291507125935675,-0.047291507125935675,overnight_abort,True
91091C__140619,91091C,140619,2025-04-09,2025-04-10,1,14.014741315,13.83548859,0.0,0.0,0.0,0.012790298512905484,0.012790298512905484,0.025580597025810968,0.004004000000000001,0.0,0.0,0.0,0.0,0.012790298512905484,0.025580597025810968,0.025580597025810968,overnight_abort,True
91091C__140619,91091C,140619,2025-06-27,2025-06-30,1,14.96642139,14.67400305,0.0,0.0,0.0,0.019538293916766505,0.019538293916766505,0.03907658783353301,0.004004000000000001,0.0,0.0,0.0,0.0,0.019538293916766505,0.03907658783353301,0.03907658783353301,overnight_abort,True
91091C__140619,91091C,140619,2025-07-31,2025-08-01,1,14.926350650000002,15.32295334815,0.0,0.0,0.0,-0.026570640570473123,-0.026570640570473123,-0.053141281140946246,0.004004000000000001,0.0,0.0,0.0,0.0,-0.026570640570473123,-0.053141281140946246,-0.053141281140946246,overnight_abort,True
91091C__140619,91091C,140619,2025-10-02,2025-10-09,6,16.428997389389,15.831951590000001,33.434950436803824,31.80154705406602,-0.04885317194727527,0.036340975973044656,-0.012512195974230617,0.02382877999881404,0.004004000000000001,0.000164,0.0067817296,0.0065329584,-0.036683,-0.012676579535874453,0.023664396437170204,-0.013018163126985716,convergence,False
91091C__140619,91091C,140619,2025-10-30,2025-10-31,1,16.829714807074,17.329299838231503,0.0,0.0,0.0,-0.02968469976374832,-0.02968469976374832,-0.05936939952749664,0.004004000000000001,0.0,0.0,0.0,0.0,-0.02968469976374832,-0.05936939952749664,-0.05936939952749664,overnight_abort,True
91091C__140619,91091C,140619,2025-11-25,2025-12-01,5,18.903367587926002,18.8266470882315,37.37452218466278,37.72157423677027,0.009285792347866091,0.004058562546469532,0.013344354894335622,0.017402917440805153,0.004004000000000001,0.000137,0.006390593,0.0064331431,0.006658,0.013207368592965759,0.01726593113943529,0.023924170836439964,convergence,False
91091C__140619,91091C,140619,2025-12-29,2026-01-05,6,18.602849059148003,17.968167,36.067493021598736,36.0285407833112,-0.00107998186245463,0.03411746540167164,0.03303748353921701,0.06715494894088865,0.004004000000000001,0.000164,0.0063934527,0.0063940659,9.6e-05,0.03287309997757318,0.06699056537924482,0.0670864759973057,convergence,False
8751Q5__951907,8751Q5,951907,2024-04-26,2024-05-01,1,43.285748489999996,42.25376572198601,43.292121722538525,43.08134042564514,-0.004868814197749315,0.023841167220486004,0.01897235302273669,0.04281352024322269,0.028038,2.7e-05,0.006336734,0.0064731199,0.021523,0.018944955762462717,0.04278612298294872,0.06430918202251074,convergence,False
8751Q5__951907,8751Q5,951907,2024-05-10,2024-05-16,3,52.67737125,52.691374718514005,56.61035654220801,52.629163295735715,-0.07032623515635278,-0.00026583461136559915,-0.07059206976771838,-0.07085790437908397,0.028038,8.2e-05,0.0064016384,0.0064354206,0.005277,-0.0706742615485403,-0.07094009615990589,-0.06566297835206475,convergence,False
8751Q5__951907,8751Q5,951907,2024-06-27,2024-07-09,11,61.7178065181075,15.547296396621501,15.462287624251347,15.577084366709649,0.007424305202954042,0.7480905872430827,0.7555148924460368,1.5036054796891196,0.028038,0.000301,0.0062167791,0.0061986673,-0.002913,0.7552135225830231,1.503304109826106,1.5003907362433129,convergence,False
8751Q5__951907,8751Q5,951907,2025-02-14,2025-02-18,1,23.57939475,24.317558620271,0.0,0.0,0.0,-0.03130546301537286,-0.03130546301537286,-0.06261092603074572,0.028038,0.0,0.0,0.0,0.0,-0.03130546301537286,-0.06261092603074572,-0.06261092603074572,overnight_abort,True
8751Q5__951907,8751Q5,951907,2025-04-07,2025-04-08,1,18.951308408614498,19.184963875,0.0,0.0,0.0,-0.012329252489991296,-0.012329252489991296,-0.024658504979982593,0.028038,0.0,0.0,0.0,0.0,-0.012329252489991296,-0.024658504979982593,-0.024658504979982593,overnight_abort,True
8751Q5__951907,8751Q5,951907,2025-04-09,2025-04-10,1,20.468915379728998,20.1217910748645,0.0,0.0,0.0,0.016958607646024332,0.016958607646024332,0.033917215292048664,0.028038,0.0,0.0,0.0,0.0,0.016958607646024332,0.033917215292048664,0.033917215292048664,overnight_abort,True
8751Q5__951907,8751Q5,951907,2025-07-30,2025-07-31,1,25.204863906486,23.5900299083785,0.0,0.0,0.0,0.0640683482401963,0.0640683482401963,0.1281366964803926,0.028038,0.0,0.0,0.0,0.0,0.0640683482401963,0.1281366964803926,0.1281366964803926,overnight_abort,True
8751Q5__951907,8751Q5,951907,2026-02-06,2026-02-10,1,24.6730743048645,25.732775102972003,25.27816855932778,25.56307309074375,0.011270774255156109,-0.04294968616450745,-0.03167891190935134,-0.0746285980738588,0.028038,2.7e-05,0.0064149854,0.0064773132,0.009716,-0.031706309169625316,-0.07465599533413277,-0.06494002622218431,convergence,False
8751Q5__951907,8751Q5,951907,2026-02-24,2026-02-27,2,32.057940064864496,30.446790811486004,30.185738503470887,30.393063070373557,0.006868295333534124,0.050257416731036696,0.057125712064570816,0.10738312879560752,0.028038,5.5e-05,0.0063957021,0.0064079972,0.001922,0.057070917544022874,0.10732833427505957,0.10925073463201183,convergence,False
8751Q5__951907,8751Q5,951907,2026-03-04,2026-03-05,1,30.653217188514,28.5382516693925,0.0,0.0,0.0,0.0689965267304468,0.0689965267304468,0.1379930534608936,0.028038,0.0,0.0,0.0,0.0,0.0689965267304468,0.1379930534608936,0.1379930534608936,overnight_abort,True
8751Q5__951907,8751Q5,951907,2026-03-10,2026-03-11,1,28.306309860121498,28.114699491350503,0.0,0.0,0.0,0.006769175131546888,0.006769175131546888,0.013538350263093775,0.028038,0.0,0.0,0.0,0.0,0.006769175131546888,0.013538350263093775,0.013538350263093775,overnight_abort,True
8751Q5__951907,8751Q5,951907,2026-03-23,2026-03-25,1,27.7032813883785,27.098141574864503,27.51168411829598,26.863525050848903,-0.02355941078198249,0.021843615022726245,-0.0017157957592562438,0.02012781926347,0.028038,2.7e-05,0.0063013954,0.0062707715,-0.00486,-0.0017431930195302165,0.02010042200319603,0.01524056191569867,convergence,False
8748DZ__28545H,8748DZ,28545H,2024-04-26,2024-04-30,1,12.199592959999999,11.592133716744,0.0,0.0,0.0,0.0497934025543094,0.0497934025543094,0.0995868051086188,0.008069,0.0,0.0,0.0,0.0,0.0497934025543094,0.0995868051086188,0.0995868051086188,overnight_abort,True
8748DZ__28545H,8748DZ,28545H,2024-07-26,2024-07-30,1,11.898616159999998,11.511396456,23.68991006359298,23.292166043234523,-0.016789596047040924,0.03254325534945216,0.015753659302411238,0.0482969146518634,0.008069,2.7e-05,0.0064924525,0.006546002,0.008248,0.015726262042137267,0.048269517391589425,0.05651747915950387,convergence,False
8748DZ__28545H,8748DZ,28545H,2024-08-05,2024-08-06,1,10.373668043256,10.69506312,0.0,0.0,0.0,-0.030981816210413803,-0.030981816210413803,-0.061963632420827607,0.008069,0.0,0.0,0.0,0.0,-0.030981816210413803,-0.061963632420827607,-0.061963632420827607,overnight_abort,True
8748DZ__28545H,8748DZ,28545H,2024-08-15,2024-08-16,1,11.657834719999999,11.632003476743998,0.0,0.0,0.0,0.0022157839664414453,0.0022157839664414453,0.004431567932882891,0.008069,0.0,0.0,0.0,0.0,0.0022157839664414453,0.004431567932882891,0.004431567932882891,overnight_abort,True
8748DZ__28545H,8748DZ,28545H,2024-09-27,2024-12-20,81,12.821611679999998,11.273175636744,12.9286665755976,11.272105160362699,-0.1281308792015413,0.12076766025220931,-0.007363218949331979,0.11340444130287733,0.008069,0.002219,0.0069623333,0.0063932487,-0.081738,-0.009582397031523759,0.11118526322068555,0.02944763655463664,convergence,False
8748DZ__28545H,8748DZ,28545H,2025-05-12,2025-05-21,8,11.567541679999998,10.754867759999998,11.4409584119846,10.897689918873935,-0.047484526518476074,0.07025467834752597,0.022770151829049894,0.09302483017657587,0.008069,0.000219,0.0067805804,0.0069599109,0.026448,0.022550973746858112,0.09280565209438409,0.11925331430335957,convergence,False
8748DZ__28545H,8748DZ,28545H,2025-08-15,2025-08-29,11,11.407020719999998,10.37610504,11.609652431319105,10.522591736069215,-0.09363421529462422,0.09037554198463821,-0.0032586733099860127,0.0871168686746522,0.008069,0.000301,0.0067622392,0.0068006393,0.005679,-0.0035600431729997115,0.0868154988116385,0.09249410598069584,convergence,False
8748DZ__28545H,8748DZ,28545H,2025-10-06,2025-10-29,22,11.707998523255998,10.914346799999999,11.17685875964157,11.03376581260595,-0.01280260850681177,0.06778713899557999,0.054984530488768224,0.12277166948434821,0.008069,0.000603,0.0065830618,0.0065475021,-0.005402,0.05438179076274083,0.12216892975832082,0.11676723354456206,convergence,False
8748DZ__28545H,8748DZ,28545H,2026-02-10,2026-03-12,28,11.838421803255999,11.50242576,11.84921211821021,11.673103646721678,-0.014862462561361568,0.028381827311102246,0.013519364749740678,0.041901192060842925,0.008069,0.000767,0.0065468591,0.0062756907,-0.04142,0.012752241462069446,0.04113406877317169,-0.0002855487652597896,convergence,False
9518JQ__9374RF,9518JQ,9374RF,2024-04-17,2024-04-18,1,10.744539130000001,10.406809055,0.0,0.0,0.0,0.03143271860372492,0.03143271860372492,0.06286543720744985,0.027402,0.0,0.0,0.0,0.0,0.03143271860372492,0.06286543720744985,0.06286543720744985,overnight_abort,True
9518JQ__9374RF,9518JQ,9374RF,2024-04-19,2024-04-24,2,10.4723989029305,10.545699777069501,2.1862457168169858,2.138266927210296,-0.021945744358755567,-0.006999434878143253,-0.02894517923689882,-0.03594461411504207,0.027402,5.5e-05,0.6450155584,0.6497513856,0.007342,-0.028999973757446767,-0.035999408635590015,-0.028657217988673697,convergence,False
9518JQ__9374RF,9518JQ,9374RF,2024-04-29,2024-04-30,1,11.79278685,11.2996725970695,0.0,0.0,0.0,0.0418149042463614,0.0418149042463614,0.0836298084927228,0.027402,0.0,0.0,0.0,0.0,0.0418149042463614,0.0836298084927228,0.0836298084927228,overnight_abort,True
9518JQ__9374RF,9518JQ,9374RF,2024-05-03,2024-05-08,2,12.095166,11.8502701775,2.412063406774263,2.387694742586752,-0.01010282902143946,0.02024741309875368,0.010144584077314221,0.0303919971760679,0.027402,5.5e-05,0.662492961,0.6579597537,-0.006843,0.010089789556766275,0.030337202655519955,0.023494552896408095,convergence,False
9518JQ__9374RF,9518JQ,9374RF,2024-05-17,2024-05-22,2,12.877321075930501,12.500076692069502,2.608820891320651,2.5667729265938326,-0.016117612698790085,0.029295253386678474,0.01317764068788839,0.042472894074566864,0.027402,5.5e-05,0.6668002045,0.6619668345,-0.007249,0.013122846167340444,0.04241809955401892,0.03516949649813916,convergence,False
9518JQ__9374RF,9518JQ,9374RF,2024-07-03,2024-07-08,3,13.002303450000001,12.301661800000002,2.593347138935075,2.4785406562530063,-0.04426961626479845,0.05388596356747847,0.009616347302680017,0.06350231087015848,0.027402,8.2e-05,0.6749916993,0.6737638253,-0.001819,0.0095341555218581,0.06342011908933656,0.06160102412672682,convergence,False
9518JQ__9374RF,9518JQ,9374RF,2024-10-11,2024-10-15,1,12.437863377930501,12.18261346,2.523305410969192,2.465996007205921,-0.022712036170547817,0.020522006889335268,-0.0021900292812125494,0.018331977608122718,0.027402,2.7e-05,0.6726081734,0.6703537014,-0.003352,-0.002217426541486522,0.018304580347848747,0.014952744778257284,convergence,False
9518JQ__9374RF,9518JQ,9374RF,2024-11-07,2024-11-08,1,13.093017195000002,12.172693757069501,0.0,0.0,0.0,0.07029116545283055,0.07029116545283055,0.1405823309056611,0.027402,0.0,0.0,0.0,0.0,0.07029116545283055,0.1405823309056611,0.1405823309056611,overnight_abort,True
9518JQ__9374RF,9518JQ,9374RF,2025-01-06,2025-01-07,1,10.925967627930502,10.436572132069502,0.0,0.0,0.0,0.044791959167986034,0.044791959167986034,0.08958391833597207,0.027402,0.0,0.0,0.0,0.0,0.044791959167986034,0.08958391833597207,0.08958391833597207,overnight_abort,True
9518JQ__9374RF,9518JQ,9374RF,2025-01-15,2025-01-24,8,10.94612523,11.0516552220695,2.1808193306214525,2.2213910539135746,0.01860389016295113,-0.00964085371326425,0.00896303644968688,-0.000677817263577369,0.027402,0.000219,0.6212914724,0.6311536694,0.015874,0.008743858367495099,-0.0008969953457691498,0.014976708765930654,convergence,False
9518JQ__9374RF,9518JQ,9374RF,2025-01-30,2025-01-31,1,10.7143022229305,10.208395155,0.0,0.0,0.0,0.047217920253151933,0.047217920253151933,0.09443584050630387,0.027402,0.0,0.0,0.0,0.0,0.047217920253151933,0.09443584050630387,0.09443584050630387,overnight_abort,True
9518JQ__9374RF,9518JQ,9374RF,2025-02-05,2025-02-11,5,11.167869940000001,10.6250653370695,2.192983992824302,2.146539270334956,-0.021178778614581027,0.048604130048679674,0.027425351434098647,0.07602948148277833,0.027402,0.000137,0.6283578659,0.6294453397,0.001731,0.027288365132728785,0.07589249518140846,0.07762315514289789,convergence,False
9518JQ__9374RF,9518JQ,9374RF,2025-02-13,2025-02-19,5,11.6516775879305,11.458403717069501,2.3318695652123806,2.3088608240354227,-0.009867078982551226,0.01658764323012194,0.006720564247570716,0.023308207477692657,0.027402,0.000137,0.6352029877,0.6344976768,-0.00111,0.006583577946200853,0.023171221176322795,0.02206085029700139,convergence,False
9518JQ__9374RF,9518JQ,9374RF,2025-04-09,2025-04-10,1,8.466615897620851,8.333383502379151,0.0,0.0,0.0,0.015736204033909115,0.015736204033909115,0.03147240806781823,0.027402,0.0,0.0,0.0,0.0,0.015736204033909115,0.03147240806781823,0.03147240806781823,overnight_abort,True
9518JQ__9374RF,9518JQ,9374RF,2025-10-03,2025-10-09,3,9.403991565,10.27784002,1.8702411141095305,2.072872756020817,0.1083451969816012,-0.09292314321636667,0.01542205376523452,-0.07750108945113215,0.027402,8.2e-05,0.6617475004,0.6556300096,-0.009244,0.015339861984412602,-0.07758328123195407,-0.08682772990203176,convergence,False
9518JQ__9374RF,9518JQ,9374RF,2025-10-13,2025-10-15,1,10.2204162779305,10.3373651820695,2.0679698951190733,2.0785957814718397,0.005138317718186397,-0.011442675225620034,-0.006304357507433637,-0.01774703273305367,0.027402,2.7e-05,0.6486135885,0.6512959095,0.004135,-0.0063317547677076095,-0.01777442999332764,-0.013638961591866453,convergence,False
9518JQ__9374RF,9518JQ,9374RF,2025-10-20,2025-10-21,1,10.482477200000002,10.426651437069502,0.0,0.0,0.0,0.005325626935825787,0.005325626935825787,0.010651253871651573,0.027402,0.0,0.0,0.0,0.0,0.005325626935825787,0.010651253871651573,0.010651253871651573,overnight_abort,True
9518JQ__9374RF,9518JQ,9374RF,2025-11-10,2025-11-13,2,10.70422191,10.426651437069502,2.0942613123045892,2.128985139323021,0.016580465300302192,0.025930934099113546,0.04251139939941574,0.06844233349852928,0.027402,5.5e-05,0.6527416848,0.6528481349,0.000163,0.0424566048788678,0.06838753897798133,0.06855062048859852,convergence,False
9518JQ__9374RF,9518JQ,9374RF,2025-11-21,2025-12-02,8,10.250654192930499,10.9127645,2.0415800508249364,2.1797413415373037,0.06767370726244154,-0.06459200501819035,0.0030817022442511943,-0.06151030277393915,0.027402,0.000219,0.6464542823,0.6564049136,0.015393,0.0028625241620594136,-0.06172948085613093,-0.04633685128827208,convergence,False
9518JQ__9374RF,9518JQ,9374RF,2026-03-09,2026-03-11,1,15.733795105,15.377077250000001,3.050393010065587,3.100300394757748,0.01636096874320069,0.022672079598051904,0.039033048341252596,0.061705127939304494,0.027402,2.7e-05,0.7119463603,0.7152052128,0.004577,0.03900565108097862,0.06167773067903052,0.06625511555199595,convergence,False
9518JQ__9374RF,9518JQ,9374RF,2026-03-31,2026-04-08,7,15.249989472930501,15.919737282361,3.1219084742119287,3.200864555324424,0.025290966011560053,-0.04391791945950748,-0.018626953447947427,-0.0625448729074549,0.027402,0.000192,0.6928565039,0.7044732076,0.016766,-0.018818734269865234,-0.06273665372937272,-0.04597026179307555,convergence,False
94542N__932145,94542N,932145,2024-04-23,2024-04-25,1,16.189533660000002,16.080502014655,162.12718812330422,162.33698423571525,0.0012940217790705694,0.006734699567930741,0.00802872134700131,0.014763420914932051,0.012563000000000001,2.7e-05,0.0064372843,0.0064244644,-0.001992,0.008001324086727338,0.014736023654658079,0.012744516148922998,convergence,False
94542N__932145,94542N,932145,2024-08-05,2024-08-06,1,17.202627331586,17.705489575345002,0.0,0.0,0.0,-0.029231711765079514,-0.029231711765079514,-0.05846342353015903,0.012563000000000001,0.0,0.0,0.0,0.0,-0.029231711765079514,-0.05846342353015903,-0.05846342353015903,overnight_abort,True
94542N__932145,94542N,932145,2024-11-14,2024-11-15,1,13.7420453,13.406728088000001,0.0,0.0,0.0,0.024400822779997524,0.024400822779997524,0.04880164555999505,0.012563000000000001,0.0,0.0,0.0,0.0,0.024400822779997524,0.04880164555999505,0.04880164555999505,overnight_abort,True
94542N__932145,94542N,932145,2025-02-12,2025-02-19,6,14.153303589999998,13.428661566931,136.3331559725379,134.73657454538534,-0.011710881448927676,0.051199496885023614,0.03948861543609594,0.09068811232111955,0.012563000000000001,0.000164,0.0065445022,0.006601749,0.008747,0.03932423187445211,0.09052372875947572,0.09927104035790406,convergence,False
94542N__932145,94542N,932145,2025-04-07,2025-04-08,1,14.273671870000001,14.216237056931002,0.0,0.0,0.0,0.004023828878238003,0.004023828878238003,0.008047657756476007,0.012563000000000001,0.0,0.0,0.0,0.0,0.004023828878238003,0.008047657756476007,0.008047657756476007,overnight_abort,True
94542N__932145,94542N,932145,2025-04-09,2025-04-10,1,14.293733249999999,14.06669641,0.0,0.0,0.0,0.015883662863234033,0.015883662863234033,0.031767325726468065,0.012563000000000001,0.0,0.0,0.0,0.0,0.015883662863234033,0.031767325726468065,0.031767325726468065,overnight_abort,True
94542N__932145,94542N,932145,2026-02-04,2026-02-10,5,11.61553902,11.803664036931002,116.84129317120414,121.382290829286,0.03886466449346869,-0.01619597821565424,0.02266868627781445,0.006472708062160208,0.012563000000000001,0.000137,0.0063678044,0.0064773132,0.017197,0.022531699976444587,0.0063357217607903455,0.023532983661611395,convergence,False
94542N__932145,94542N,932145,2026-03-04,2026-03-05,1,10.502133433069,10.069004096931002,0.0,0.0,0.0,0.04124203324004298,0.04124203324004298,0.08248406648008597,0.012563000000000001,0.0,0.0,0.0,0.0,0.04124203324004298,0.08248406648008597,0.08248406648008597,overnight_abort,True
8674W2__8745RP,8674W2,8745RP,2025-08-08,2025-08-15,1,1.5050848532202,1.2278296812798002,0.0,0.0,0.0,0.1842123195560697,0.1842123195560697,0.3684246391121394,0.053043,0.0,0.0,0.0,0.0,0.1842123195560697,0.3684246391121394,0.3684246391121394,overnight_abort,True
8674W2__8745RP,8674W2,8745RP,2026-04-10,2026-04-17,1,2.033899,1.7458977863050502,0.0,0.0,0.0,0.1416005483531629,0.1416005483531629,0.2832010967063258,0.053043,0.0,0.0,0.0,0.0,0.1416005483531629,0.2832010967063258,0.2832010967063258,overnight_abort,True
8711AE__30877L,8711AE,30877L,2024-11-27,2024-12-02,3,11.611624198050501,10.248200255,21.389487406677066,21.003174779369438,-0.01806086419757,0.11741888299135696,0.09935801879378696,0.21677690178514392,0.06124,8.2e-05,0.6511899226,0.6473958083,-0.005826,0.09927582701296504,0.216694710004322,0.21086827724127913,convergence,False
8711AE__30877L,8711AE,30877L,2024-12-09,2024-12-10,1,11.391668340550503,9.6522612553899,0.0,0.0,0.0,0.15269116280087777,0.15269116280087777,0.30538232560175554,0.06124,0.0,0.0,0.0,0.0,0.15269116280087777,0.30538232560175554,0.30538232560175554,overnight_abort,True
8711AE__30877L,8711AE,30877L,2025-02-14,2025-02-18,1,12.123149448050501,10.2188927469495,0.0,0.0,0.0,0.15707607245633856,0.15707607245633856,0.3141521449126771,0.06124,0.0,0.0,0.0,0.0,0.15707607245633856,0.3141521449126771,0.3141521449126771,overnight_abort,True
8711AE__30877L,8711AE,30877L,2025-02-25,2025-02-27,1,10.9159498580505,8.5971557953899,17.67130006228146,17.347114530450693,-0.018345313060623435,0.21242256448718397,0.19407725142656054,0.4064998159137445,0.06124,2.7e-05,0.6306559989,0.6235970625,-0.011193,0.19404985416628656,0.40647241865347056,0.39527941262116084,convergence,False
8711AE__30877L,8711AE,30877L,2025-03-07,2025-03-18,8,10.03612591652525,7.816377754989901,16.928307364204922,17.00190617943979,0.004347677157049512,0.22117579831081674,0.22552347546786625,0.446699273778683,0.06124,0.000219,0.62784508,0.6361525494,0.013232,0.22530429738567448,0.4464800956964912,0.45971181425993035,convergence,False
8711AE__30877L,8711AE,30877L,2025-10-20,2025-10-23,1,5.8109272492202,4.7430894317202,0.0,0.0,0.0,0.18376375605860476,0.18376375605860476,0.3675275121172095,0.06124,0.0,0.0,0.0,0.0,0.18376375605860476,0.3675275121172095,0.3675275121172095,overnight_abort,True
8711AE__30877L,8711AE,30877L,2026-02-26,2026-02-27,1,8.941461165389901,7.082883875,0.0,0.0,0.0,0.2078605784906807,0.2078605784906807,0.4157211569813614,0.06124,0.0,0.0,0.0,0.0,0.2078605784906807,0.4157211569813614,0.4157211569813614,overnight_abort,True
8711AE__30877L,8711AE,30877L,2026-03-02,2026-03-31,27,8.818695207694951,5.0215208207798,12.532246770212561,11.093965257140349,-0.11476645325009167,0.4305823364438132,0.31581588319372156,0.7463982196375347,0.06124,0.00074,0.7075139467,0.6900360247,-0.024703,0.3150761571663243,0.7456584936101375,0.7209552038990006,convergence,False
9289GW__2559M8,9289GW,2559M8,2024-05-02,2024-05-06,3,14.8014982855365,14.6882268894635,14.899642447005142,14.604944424144165,-0.019778865426412454,0.0076526979828578715,-0.012126167443554582,-0.004473469460696711,0.044035,8.2e-05,0.1280180167,0.127904227,-0.000889,-0.0122083592243765,-0.004555661241518629,-0.00544451816129606,convergence,False
9289GW__2559M8,9289GW,2559M8,2024-05-13,2024-05-20,6,15.8975330705365,16.0108693112445,15.640472156689643,16.143005843632935,0.03213033992252918,-0.00712917156423796,0.02500116835829122,0.01787199679405326,0.044035,0.000164,0.128010657,0.1282306017,0.001718,0.024836784796647384,0.017707613232409422,0.019425788149674335,convergence,False
9289GW__2559M8,9289GW,2559M8,2024-08-23,2024-08-26,1,15.02271531,14.1810505044635,0.0,0.0,0.0,0.056026143621069606,0.056026143621069606,0.11205228724213921,0.044035,0.0,0.0,0.0,0.0,0.056026143621069606,0.11205228724213921,0.11205228724213921,overnight_abort,True
9289GW__2559M8,9289GW,2559M8,2024-09-24,2024-09-30,5,18.7331500226825,23.2505616023175,17.823264267393956,24.5223366336182,0.37586113664260634,-0.2411453265556097,0.13471581008699665,-0.10642951646861304,0.044035,0.000137,0.1284562767,0.1286545946,0.001544,0.1345788237856268,-0.1065665027699829,-0.1050226474980202,convergence,False
9289GW__2559M8,9289GW,2559M8,2024-12-09,2024-12-10,1,23.338509203755503,20.4958937294635,0.0,0.0,0.0,0.12179935956811609,0.12179935956811609,0.24359871913623218,0.044035,0.0,0.0,0.0,0.0,0.12179935956811609,0.24359871913623218,0.24359871913623218,overnight_abort,True
9289GW__2559M8,9289GW,2559M8,2025-02-20,2025-02-21,1,22.2324130205365,22.693665025708,0.0,0.0,0.0,-0.0207468260303293,-0.0207468260303293,-0.0414936520606586,0.044035,0.0,0.0,0.0,0.0,-0.0207468260303293,-0.0414936520606586,-0.0414936520606586,overnight_abort,True
9289GW__2559M8,9289GW,2559M8,2025-03-17,2025-03-18,1,22.403352214463503,21.4804185612445,0.0,0.0,0.0,0.041196230116989335,0.041196230116989335,0.08239246023397867,0.044035,0.0,0.0,0.0,0.0,0.041196230116989335,0.08239246023397867,0.08239246023397867,overnight_abort,True
9289GW__2559M8,9289GW,2559M8,2025-07-14,2025-07-18,3,22.443582724292003,25.0604772166095,23.941877820798215,25.028990316011388,0.04540631705457968,-0.11659878569588078,-0.0711924686413011,-0.18779125433718188,0.044035,8.2e-05,0.1273860977,0.1274331772,0.00037,-0.07127466042212302,-0.1878734461180038,-0.18750386497178748,convergence,False
9289GW__2559M8,9289GW,2559M8,2026-01-12,2026-01-13,1,31.955948964463502,31.226147933218996,0.0,0.0,0.0,0.022837720515077754,0.022837720515077754,0.04567544103015551,0.044035,0.0,0.0,0.0,0.0,0.022837720515077754,0.04567544103015551,0.04567544103015551,overnight_abort,True
9289GW__2559M8,9289GW,2559M8,2026-02-06,2026-02-11,2,31.7045648394635,31.6637148566095,31.26913331890526,31.803730370668315,0.017096637962774542,0.0012884574527626154,0.018385095415537157,0.019673552868299773,0.044035,5.5e-05,0.127962323,0.1279140418,-0.000377,0.018330300894989212,0.019618758347751827,0.01924145041157127,convergence,False
87275J__77933E,87275J,77933E,2024-05-14,2024-05-16,1,18.559565173722,16.646433927444,17.472372797134447,16.916017719862488,-0.03184198756125466,0.10308060713549211,0.07123861957423744,0.17431922670972955,0.027403,2.7e-05,0.0064566112,0.0064354206,-0.003282,0.07121122231396347,0.17429182944945557,0.17100982913325252,convergence,False
87275J__77933E,87275J,77933E,2024-06-24,2024-06-26,1,18.963702066597502,18.165581618778,18.54030920716949,18.464839334740574,-0.004070583267280725,0.04208674261052147,0.03801615934324074,0.08010290195376221,0.027403,2.7e-05,0.0062615443,0.006218325,-0.006902,0.03798876208296677,0.08007550469348824,0.07317316592060766,convergence,False
87275J__77933E,87275J,77933E,2024-08-05,2024-08-06,1,19.327417086597503,20.2389632559585,0.0,0.0,0.0,-0.04716337238839342,-0.04716337238839342,-0.09432674477678683,0.027403,0.0,0.0,0.0,0.0,-0.04716337238839342,-0.09432674477678683,-0.09432674477678683,overnight_abort,True
87275J__77933E,87275J,77933E,2025-02-28,2025-03-03,1,13.669622835,13.1726484446805,0.0,0.0,0.0,0.036356115769854085,0.036356115769854085,0.07271223153970817,0.027403,0.0,0.0,0.0,0.0,0.036356115769854085,0.07271223153970817,0.07271223153970817,overnight_abort,True
87275J__77933E,87275J,77933E,2025-03-05,2025-03-06,1,13.9121005253195,13.271615505,0.0,0.0,0.0,0.046037981047782256,0.046037981047782256,0.09207596209556451,0.027403,0.0,0.0,0.0,0.0,0.046037981047782256,0.09207596209556451,0.09207596209556451,overnight_abort,True
87275J__77933E,87275J,77933E,2025-04-09,2025-04-10,1,14.397052875,14.38995447,0.0,0.0,0.0,0.0004930456991185215,0.0004930456991185215,0.000986091398237043,0.027403,0.0,0.0,0.0,0.0,0.0004930456991185215,0.000986091398237043,0.000986091398237043,overnight_abort,True
87275J__77933E,87275J,77933E,2025-04-22,2025-04-25,2,15.612468243819501,15.3103583246805,15.293259832104564,15.587868745262824,0.01926397095142521,0.019350554596554402,0.03861452554797962,0.05796508014453401,0.027403,5.5e-05,0.0069708266,0.0069591839,-0.00167,0.038559731027431675,0.05791028562398607,0.05624008197840982,convergence,False
87275J__77933E,87275J,77933E,2025-05-13,2025-05-14,1,16.235842447556003,17.6954922884025,0.0,0.0,0.0,-0.08990293208137293,-0.08990293208137293,-0.17980586416274585,0.027403,0.0,0.0,0.0,0.0,-0.08990293208137293,-0.17980586416274585,-0.17980586416274585,overnight_abort,True
87275J__77933E,87275J,77933E,2025-06-12,2025-06-13,1,20.9843410665975,19.556081731597498,0.0,0.0,0.0,0.06806310145585086,0.06806310145585086,0.13612620291170172,0.027403,0.0,0.0,0.0,0.0,0.06806310145585086,0.13612620291170172,0.13612620291170172,overnight_abort,True
87275J__77933E,87275J,77933E,2025-08-13,2025-08-14,1,21.9845472684025,21.763080133083,0.0,0.0,0.0,0.010073763749404377,0.010073763749404377,0.020147527498808753,0.027403,0.0,0.0,0.0,0.0,0.010073763749404377,0.020147527498808753,0.020147527498808753,overnight_abort,True
87275J__77933E,87275J,77933E,2025-09-04,2025-09-05,1,24.156743286278,22.911097636917,0.0,0.0,0.0,0.051565131714943487,0.051565131714943487,0.10313026342988697,0.027403,0.0,0.0,0.0,0.0,0.051565131714943487,0.10313026342988697,0.10313026342988697,overnight_abort,True
87275J__77933E,87275J,77933E,2025-10-06,2025-10-09,2,23.2170461296475,21.179156761917,21.949497350970255,21.41423148119936,-0.024386247266260756,0.08777556612286583,0.06338931885660506,0.1511648849794709,0.027403,5.5e-05,0.0065830618,0.0065329584,-0.007611,0.06333452433605712,0.15111009045892296,0.14349913350269336,convergence,False
87275J__77933E,87275J,77933E,2025-11-11,2025-11-13,1,23.6818921109585,23.2772903084025,24.029569732747962,23.85074081624815,-0.007442035728842141,0.017084859632849066,0.009642823904006925,0.026727683536855992,0.027403,2.7e-05,0.0064603657,0.0064697696,0.001456,0.009615426643732952,0.02670028627658202,0.028155915947825027,convergence,False
87275J__77933E,87275J,77933E,2025-11-28,2025-12-01,1,25.520665518402502,24.237281383083,0.0,0.0,0.0,0.05028803556843279,0.05028803556843279,0.10057607113686558,0.027403,0.0,0.0,0.0,0.0,0.05028803556843279,0.10057607113686558,0.10057607113686558,overnight_abort,True
87275J__77933E,87275J,77933E,2025-12-29,2026-01-05,6,25.520665518402502,25.332852748180496,24.550493391359165,25.47064735299742,0.03748005984931102,0.007359242653236365,0.04483930250254738,0.05219854515578375,0.027403,0.000164,0.0063934527,0.0063940659,9.6e-05,0.04467491894090355,0.05203416159413992,0.05213007221220081,convergence,False
8785V9__50631X,8785V9,50631X,2024-05-02,2024-05-07,4,53.11653512429949,52.593300875934,5.312837239784258,5.305769824544545,-0.0013302525412956156,0.009850684860016853,0.008520432318721238,0.01837111717873809,0.015332000000000002,0.00011,0.1280180167,0.1278535261,-0.001285,0.008410843277625348,0.0182615281376422,0.016976626182119377,convergence,False
8785V9__50631X,8785V9,50631X,2024-05-16,2024-05-20,3,56.79569274999999,55.907862853934,5.6466923464790755,5.64121471700695,-0.0009700598396405557,0.01563199343256527,0.014661933592924713,0.03029392702548998,0.015332000000000002,8.2e-05,0.1281681566,0.1282306017,0.000487,0.014579741812102795,0.030211735244668064,0.030698947526224766,convergence,False
8785V9__50631X,8785V9,50631X,2024-05-30,2024-06-03,3,59.40930688663449,54.970791816167505,5.5064971265529525,5.606784230436324,0.01821250453392144,0.07471077013129623,0.09292327466521767,0.1676340447965139,0.015332000000000002,8.2e-05,0.1278960526,0.1278829664,-0.000102,0.09284108288439576,0.16755185301569198,0.167449533986027,convergence,False
8785V9__50631X,8785V9,50631X,2024-06-05,2024-06-06,1,61.51024088070049,62.162964553599004,0.0,0.0,0.0,-0.010611626024428548,-0.010611626024428548,-0.021223252048857097,0.015332000000000002,0.0,0.0,0.0,0.0,-0.010611626024428548,-0.021223252048857097,-0.021223252048857097,overnight_abort,True
8785V9__50631X,8785V9,50631X,2024-07-03,2024-07-05,1,61.85201624976649,56.448021063434,0.0,0.0,0.0,0.08736974983176714,0.08736974983176714,0.17473949966353428,0.015332000000000002,0.0,0.0,0.0,0.0,0.08736974983176714,0.17473949966353428,0.17473949966353428,overnight_abort,True
8785V9__50631X,8785V9,50631X,2024-09-24,2024-09-30,5,66.20971050890098,71.42423867906601,6.1744610128316,7.379644432171542,0.19518844103726013,-0.07875775517042932,0.11643068586683081,0.037672930696401485,0.015332000000000002,0.000137,0.1284562767,0.1286545946,0.001544,0.11629369956546094,0.03753594439503162,0.03907979966699432,convergence,False
8785V9__50631X,8785V9,50631X,2024-11-07,2024-11-08,1,71.5072799963325,70.03653443773351,0.0,0.0,0.0,0.020567773780158106,0.020567773780158106,0.04113554756031621,0.015332000000000002,0.0,0.0,0.0,0.0,0.020567773780158106,0.04113554756031621,0.04113554756031621,overnight_abort,True
8785V9__50631X,8785V9,50631X,2024-11-26,2024-12-04,7,75.7503786417005,81.978711244066,7.793613096914293,8.316853226093409,0.06713704191785977,-0.08222180158102632,-0.015084759663166553,-0.09730656124419287,0.015332000000000002,0.000192,0.1285074568,0.1284612338,-0.00036,-0.015276540485084361,-0.09749834206611069,-0.09785803325564181,convergence,False
8785V9__50631X,8785V9,50631X,2024-12-09,2024-12-10,1,90.38556412109898,83.112745054066,0.0,0.0,0.0,0.08046438762376731,0.08046438762376731,0.16092877524753463,0.015332000000000002,0.0,0.0,0.0,0.0,0.08046438762376731,0.16092877524753463,0.16092877524753463,overnight_abort,True
8785V9__50631X,8785V9,50631X,2025-02-12,2025-02-13,1,116.70259323483499,109.260188475165,0.0,0.0,0.0,0.06377240259515062,0.06377240259515062,0.12754480519030123,0.015332000000000002,0.0,0.0,0.0,0.0,0.06377240259515062,0.12754480519030123,0.12754480519030123,overnight_abort,True
8785V9__50631X,8785V9,50631X,2025-03-03,2025-03-05,1,113.53108154233499,113.373547952665,11.138067842142132,11.444528247389028,0.027514682940551816,0.001387581158655993,0.02890226409920781,0.030289845257863802,0.015332000000000002,2.7e-05,0.1286744567,0.1286868841,9.7e-05,0.028874866838933838,0.03026244799758983,0.030359028160574227,convergence,False
8785V9__50631X,8785V9,50631X,2025-03-17,2025-03-18,1,116.50656264999999,112.657306125,0.0,0.0,0.0,0.033038967397601676,0.033038967397601676,0.06607793479520335,0.015332000000000002,0.0,0.0,0.0,0.0,0.033038967397601676,0.06607793479520335,0.06607793479520335,overnight_abort,True
8785V9__50631X,8785V9,50631X,2025-07-18,2025-07-22,1,100.1212636366345,93.9457512442995,9.660568615016757,9.467541499974836,-0.019980926872345057,0.061680328114390344,0.041699401242045284,0.10337972935643563,0.015332000000000002,2.7e-05,0.1273909725,0.1273909725,0.0,0.04167200398177131,0.10335233209616167,0.10335233209616167,convergence,False
8785V9__50631X,8785V9,50631X,2025-08-14,2025-08-20,5,104.671757660135,100.78228103125,9.901549384238647,10.50225593863505,0.06066793499536668,0.03715879732825335,0.09782673232362002,0.13498552965187338,0.015332000000000002,0.000137,0.1277816533,0.1279983583,0.001696,0.09768974602225015,0.13484854335050353,0.13654444408745237,convergence,False
8785V9__50631X,8785V9,50631X,2025-08-22,2025-08-27,2,106.444175315,105.40964630696499,10.734000441572773,10.710759070639025,-0.0021652105438466746,0.009718981851036273,0.0075537713071895975,0.01727275315822587,0.015332000000000002,5.5e-05,0.1280090151,0.1284315266,0.003301,0.007498976786641652,0.017217958637677926,0.020518597265902168,convergence,False
8785V9__50631X,8785V9,50631X,2025-09-18,2025-09-24,5,109.98260728733499,106.752372181,10.51473410742963,11.048174530705005,0.05073265931645856,0.029370417614267307,0.08010307693072587,0.10947349454499317,0.015332000000000002,0.000137,0.1286231584,0.1285561871,-0.000521,0.079966090629356,0.1093365082436233,0.10881582984610079,convergence,False
8785V9__50631X,8785V9,50631X,2025-10-06,2025-10-08,1,120.30634527999999,110.755312577,0.0,0.0,0.0,0.0793892681285513,0.0793892681285513,0.1587785362571026,0.015332000000000002,0.0,0.0,0.0,0.0,0.0793892681285513,0.1587785362571026,0.1587785362571026,overnight_abort,True
8785V9__50631X,8785V9,50631X,2025-10-13,2025-10-14,1,107.347890283835,97.1687847566345,0.0,0.0,0.0,0.09482352657594173,0.09482352657594173,0.18964705315188346,0.015332000000000002,0.0,0.0,0.0,0.0,0.09482352657594173,0.18964705315188346,0.18964705315188346,overnight_abort,True
8785V9__50631X,8785V9,50631X,2026-01-29,2026-01-30,1,83.3941781966345,79.322686678599,0.0,0.0,0.0,0.04882225121800903,0.04882225121800903,0.09764450243601806,0.015332000000000002,0.0,0.0,0.0,0.0,0.04882225121800903,0.09764450243601806,0.09764450243601806,overnight_abort,True
8785V9__50631X,8785V9,50631X,2026-03-23,2026-03-24,1,70.366345,65.2485223304005,0.0,0.0,0.0,0.07273111413701382,0.07273111413701382,0.14546222827402763,0.015332000000000002,0.0,0.0,0.0,0.0,0.07273111413701382,0.14546222827402763,0.14546222827402763,overnight_abort,True
9326MM__9313M7,9326MM,9313M7,2024-08-08,2024-08-09,1,10.429214528628002,10.310268800000001,0.0,0.0,0.0,0.011405051483167486,0.011405051483167486,0.022810102966334973,0.022456,0.0,0.0,0.0,0.0,0.011405051483167486,0.022810102966334973,0.022810102966334973,overnight_abort,True
9326MM__9313M7,9326MM,9313M7,2024-08-21,2024-08-22,1,11.780776048628002,11.896464,0.0,0.0,0.0,-0.00982006201412093,-0.00982006201412093,-0.01964012402824186,0.022456,0.0,0.0,0.0,0.0,-0.00982006201412093,-0.01964012402824186,-0.01964012402824186,overnight_abort,True
9326MM__9313M7,9326MM,9313M7,2024-09-24,2024-09-30,5,14.302346048628001,13.889122711372002,2.646640420210133,2.8872020847159,0.09089321793349896,0.02889199686897796,0.11978521480247692,0.14867721167145487,0.022456,0.000137,0.1284562767,0.1286545946,0.001544,0.11964822850110705,0.14854022537008502,0.15008408064204773,convergence,False
9326MM__9313M7,9326MM,9313M7,2024-10-07,2024-10-10,2,17.086161345884,15.098595560000001,3.0560385702383295,3.048661167167925,-0.0024140412173623968,0.11632605742440782,0.11391201620704543,0.23023807363145327,0.022456,5.5e-05,0.1286123992,0.1286992989,0.000676,0.11385722168649748,0.23018327911090533,0.2308589503567614,convergence,False
9326MM__9313M7,9326MM,9313M7,2024-11-18,2024-11-19,1,19.274882088628,17.943840139604003,0.0,0.0,0.0,0.06905577647135389,0.06905577647135389,0.13811155294270777,0.022456,0.0,0.0,0.0,0.0,0.06905577647135389,0.13811155294270777,0.13811155294270777,overnight_abort,True
9326MM__9313M7,9326MM,9313M7,2024-12-09,2024-12-12,2,20.81808192,19.896843970976,3.991467289594398,4.053925024767023,0.015647813358122632,0.044251816885155205,0.05989963024327784,0.10415144712843305,0.022456,5.5e-05,0.1286305904,0.1286231584,-5.8e-05,0.059844835722729896,0.1040966526078851,0.10403887474978081,convergence,False
9326MM__9313M7,9326MM,9313M7,2025-01-28,2025-02-06,3,25.790626029024004,25.765764228232,4.882541189301002,5.194191740437228,0.0638295795269763,0.000963985936751757,0.06479356546372805,0.06575755140047981,0.022456,8.2e-05,0.1283235807,0.1284274064,0.000809,0.06471137368290614,0.0656753596196579,0.06648445253487768,convergence,False
9326MM__9313M7,9326MM,9313M7,2025-02-13,2025-02-14,1,27.535548434512002,28.204530425884002,0.0,0.0,0.0,-0.024295212167756344,-0.024295212167756344,-0.04859042433551269,0.022456,0.0,0.0,0.0,0.0,-0.024295212167756344,-0.04859042433551269,-0.04859042433551269,overnight_abort,True
9326MM__9313M7,9326MM,9313M7,2025-02-20,2025-02-24,3,32.80058760314,31.763552931768,6.6713110434784575,6.619444023857063,-0.007774636691853465,0.03161634431429291,0.023841707622439444,0.05545805193673235,0.022456,8.2e-05,0.1287042747,0.1286181888,-0.000669,0.023759515841617528,0.055375860155910436,0.054706994260036626,convergence,False
9326MM__9313M7,9326MM,9313M7,2025-02-27,2025-03-03,3,36.361043434512005,31.079519139604002,6.683012480103974,6.5343775746405806,-0.022240704458639748,0.1452522754034901,0.12301157094485034,0.26826384634834044,0.022456,8.2e-05,0.1285570069,0.1285851154,0.000219,0.12292937916402842,0.2681816545675185,0.2684003007594128,convergence,False
9326MM__9313M7,9326MM,9313M7,2025-03-17,2025-03-19,1,37.288979177256,36.879035425884005,7.43952225801303,7.470151051444388,0.004117037676494361,0.010993697344818662,0.015110735021313023,0.026104432366131684,0.022456,2.7e-05,0.1287117161,0.1286877055,-0.000187,0.01508333776103905,0.026077035105857713,0.025890489539319245,convergence,False
9326MM__9313M7,9326MM,9313M7,2025-06-26,2025-07-02,5,39.820629405488006,37.910071228232,7.529174224936209,7.6426435593271895,0.01507062142554449,0.04797910544810971,0.0630497268736542,0.11102883232176392,0.022456,0.000137,0.127390153,0.1273909725,6e-06,0.06291274057228434,0.11089184602039405,0.11089827901368828,convergence,False
9326MM__9313M7,9326MM,9313M7,2025-10-17,2025-10-21,1,30.541254831372,29.443745425884,6.084146364598176,5.962289353920676,-0.020028612622889796,0.03593530821008174,0.015906695587191946,0.05184200379727369,0.022456,2.7e-05,0.1287307723,0.128666182,-0.000502,0.015879298326917975,0.051814606536999715,0.05131285937238645,convergence,False
9326MM__9313M7,9326MM,9313M7,2025-11-24,2025-12-02,7,26.022606434512003,25.765764228232,5.201579246541913,5.214610060456617,0.0025051649310865068,0.00986996467576628,0.012375129606852787,0.022245094282619067,0.022456,0.000192,0.1286090877,0.1284570952,-0.001182,0.012183348784934978,0.02205331346070126,0.020871495731346484,convergence,False
9326MM__9313M7,9326MM,9313M7,2026-03-04,2026-03-05,1,21.080319148232,20.342958396860002,0.0,0.0,0.0,0.03497863320697592,0.03497863320697592,0.06995726641395184,0.022456,0.0,0.0,0.0,0.0,0.03497863320697592,0.06995726641395184,0.06995726641395184,overnight_abort,True
9326MM__9313M7,9326MM,9313M7,2026-03-31,2026-04-08,7,20.878596574116003,20.670113139604002,4.095847894361322,4.171803706608932,0.01854458813086712,0.009985509982527547,0.028530098113394665,0.038515608095922214,0.022456,0.000192,0.1275835624,0.1276764136,0.000728,0.02833831729147686,0.03832382727400441,0.03905159500719338,convergence,False
9320A0__70177J,9320A0,70177J,2024-06-05,2024-06-11,1,30.000872843984002,23.939650921328,0.0,0.0,0.0,0.20203485259167864,0.20203485259167864,0.4040697051833573,0.202011,0.0,0.0,0.0,0.0,0.20203485259167864,0.4040697051833573,0.4040697051833573,overnight_abort,True
9320A0__70177J,9320A0,70177J,2024-06-25,2024-07-02,6,31.682872314688005,24.002690196016,2.7513454566207325,2.721465743542536,-0.010860036861708987,0.2424080128338463,0.2315479759721373,0.4739559888059836,0.202011,0.000164,0.1280540851,0.1279819867,-0.000563,0.23138359241049347,0.4737916052443398,0.4732285743973059,convergence,False
9320A0__70177J,9320A0,70177J,2024-08-09,2024-08-23,11,25.009894000000003,19.814608,2.147035730300644,2.2537564205719316,0.0497060616016593,0.20772922908029928,0.2574352906819586,0.46516451976225787,0.202011,0.000301,0.1283507553,0.1282684353,-0.000641,0.25713392081894487,0.46486314989924415,0.4642217824230062,convergence,False
9320A0__70177J,9320A0,70177J,2024-09-26,2024-10-02,1,30.781408000000003,25.038462802656003,0.0,0.0,0.0,0.186571881225966,0.186571881225966,0.373143762451932,0.202011,0.0,0.0,0.0,0.0,0.186571881225966,0.373143762451932,0.373143762451932,overnight_abort,True
9320A0__70177J,9320A0,70177J,2024-10-08,2024-10-10,1,29.429230216680004,22.066268,0.0,0.0,0.0,0.25019214442472226,0.25019214442472226,0.5003842888494445,0.202011,0.0,0.0,0.0,0.0,0.25019214442472226,0.5003842888494445,0.5003842888494445,overnight_abort,True
9320A0__70177J,9320A0,70177J,2024-11-05,2024-11-06,1,35.145774118672,24.565165671984,0.0,0.0,0.0,0.30104923598956407,0.30104923598956407,0.6020984719791281,0.202011,0.0,0.0,0.0,0.0,0.30104923598956407,0.6020984719791281,0.6020984719791281,overnight_abort,True
9320A0__70177J,9320A0,70177J,2024-12-17,2024-12-24,6,30.550540843984002,21.525864196016,2.616823432077666,2.6477002780226764,0.011799361610154581,0.2954015345932947,0.3072008962034493,0.602602430796744,0.202011,0.000164,0.1286926804,0.1287440342,0.000399,0.3070365126418055,0.6024380472351002,0.6028370893549813,convergence,False
9320A0__70177J,9320A0,70177J,2025-04-28,2025-04-29,1,33.633968350808004,23.431680928648,0.0,0.0,0.0,0.30333284837960284,0.30333284837960284,0.6066656967592057,0.202011,0.0,0.0,0.0,0.0,0.30333284837960284,0.6066656967592057,0.6066656967592057,overnight_abort,True
9320A0__70177J,9320A0,70177J,2025-05-02,2025-05-07,1,31.561944255352003,23.930649685312,0.0,0.0,0.0,0.24178784767817185,0.24178784767817185,0.4835756953563437,0.202011,0.0,0.0,0.0,0.0,0.24178784767817185,0.4835756953563437,0.4835756953563437,overnight_abort,True
9291FF__140134,9291FF,140134,2024-08-05,2024-09-27,52,3.06477043295475,2.6786384886365,0.757871687527373,0.7185385745255721,-0.0518994358136386,0.12599049513342492,0.07409105931978632,0.20008155445321124,0.136789,0.001425,0.128287362,0.1286645249,0.00294,0.07266640178553975,0.19865689691896465,0.2015968817633019,convergence,False
9291FF__140134,9291FF,140134,2025-10-17,2025-12-23,64,4.93533783068175,4.19716203068175,1.1745942829378162,1.1285369610172336,-0.039211260083258,0.14956945711212452,0.11035819702886651,0.25992765414099106,0.136789,0.001753,0.1287307723,0.1285760173,-0.001202,0.10860477237133226,0.2581742294834568,0.25697206936870715,convergence,False
9291FF__140134,9291FF,140134,2026-03-23,2026-03-27,3,4.66415803745475,4.39287277670475,1.0765719763197594,1.1722700489215456,0.08889147656334899,0.05816382261739173,0.14705529918074073,0.20521912179813245,0.136789,8.2e-05,0.1277612414,0.1276641954,-0.00076,0.1469731073999188,0.20513693001731054,0.20437734128025253,convergence,False
7086Q0__503359,7086Q0,503359,2025-04-09,2025-07-01,82,13.856652600000002,14.87265,26.523019963861437,31.519922882839026,0.1883987165030999,-0.07332199408679684,0.11507672241630305,0.04175472832950622,0.031377,0.002247,0.0069225706,0.0069715556,0.007076,0.1128301470738373,0.03950815298704047,0.04658428161475003,convergence,False
7086Q0__503359,7086Q0,503359,2025-11-17,2025-12-08,18,17.19475853396,14.09431564151,29.081353692416062,28.76051988563011,-0.01103228584815226,0.18031325571258025,0.16928096986442798,0.34959422557700826,0.031377,0.000493,0.0063500127,0.0064133393,0.009973,0.16878781917949648,0.34910107489207676,0.35907374786011664,convergence,False
7018KV__68923Q,7018KV,68923Q,2024-08-05,2024-08-06,1,9.5134670963787,9.513756467585798,0.0,0.0,0.0,-3.0417008243967548e-05,-3.0417008243967548e-05,-6.0834016487935096e-05,0.046083,0.0,0.0,0.0,0.0,-3.0417008243967548e-05,-6.0834016487935096e-05,-6.0834016487935096e-05,overnight_abort,True
7018KV__68923Q,7018KV,68923Q,2024-11-19,2024-11-20,1,12.357387922071,12.615854317929,0.0,0.0,0.0,-0.02091594093249783,-0.02091594093249783,-0.04183188186499566,0.046083,0.0,0.0,0.0,0.0,-0.02091594093249783,-0.04183188186499566,-0.04183188186499566,overnight_abort,True
7018KV__68923Q,7018KV,68923Q,2025-02-14,2025-02-18,1,14.725634062070998,14.364487659999998,0.0,0.0,0.0,0.02452501539483516,0.02452501539483516,0.04905003078967032,0.046083,0.0,0.0,0.0,0.0,0.02452501539483516,0.04905003078967032,0.04905003078967032,overnight_abort,True
7018KV__68923Q,7018KV,68923Q,2025-02-28,2025-03-03,1,15.130461449999999,14.809055709999999,0.0,0.0,0.0,0.02124229595125795,0.02124229595125795,0.0424845919025159,0.046083,0.0,0.0,0.0,0.0,0.02124229595125795,0.0424845919025159,0.0424845919025159,overnight_abort,True
7018KV__68923Q,7018KV,68923Q,2025-03-14,2025-03-18,1,15.635485891071,15.530244867929,31.50496145890396,31.074884591217003,-0.013651083758599804,0.006730908388469083,-0.006920175370130721,-0.00018926698166163783,0.046083,2.7e-05,0.0067017391,0.0066992693,-0.000369,-0.006947572630404694,-0.00021666424193561042,-0.0005851954490069224,convergence,False
7018KV__68923Q,7018KV,68923Q,2025-04-07,2025-04-08,1,13.804649452070999,13.969317047929,0.0,0.0,0.0,-0.011928415598651591,-0.011928415598651591,-0.023856831197303183,0.046083,0.0,0.0,0.0,0.0,-0.011928415598651591,-0.023856831197303183,-0.023856831197303183,overnight_abort,True
7018KV__68923Q,7018KV,68923Q,2025-04-09,2025-04-10,1,15.575773702070999,14.43364269,0.0,0.0,0.0,0.07332740150937982,0.07332740150937982,0.14665480301875963,0.046083,0.0,0.0,0.0,0.0,0.07332740150937982,0.14665480301875963,0.14665480301875963,overnight_abort,True
7018KV__68923Q,7018KV,68923Q,2025-09-18,2025-09-25,6,16.223497117929,15.026401077929,32.017083442109865,30.20668200451987,-0.05654485802441639,0.07378779256397552,0.017242934539559135,0.09103072710353466,0.046083,0.000164,0.006758355,0.0066757902,-0.012217,0.0170785509779153,0.09086634354189083,0.07864964288026538,convergence,False
7018KV__68923Q,7018KV,68923Q,2025-09-29,2025-09-30,1,15.494808022070998,15.125193977929,0.0,0.0,0.0,0.023854057669866962,0.023854057669866962,0.047708115339733924,0.046083,0.0,0.0,0.0,0.0,0.023854057669866962,0.047708115339733924,0.047708115339733924,overnight_abort,True
7018KV__68923Q,7018KV,68923Q,2025-10-06,2025-10-08,1,15.741752334,15.441331257928999,30.967023793406014,30.962838415334115,-0.00013515596783924706,0.019084347771253674,0.018949191803414426,0.0380335395746681,0.046083,2.7e-05,0.0065830618,0.0065494318,-0.005109,0.018921794543140455,0.03800614231439413,0.03289757717833544,convergence,False
7018KV__68923Q,7018KV,68923Q,2025-11-19,2025-11-20,1,15.33287565,15.38205453,0.0,0.0,0.0,-0.0032074139986910727,-0.0032074139986910727,-0.006414827997382145,0.046083,0.0,0.0,0.0,0.0,-0.0032074139986910727,-0.006414827997382145,-0.006414827997382145,overnight_abort,True
7018KV__68923Q,7018KV,68923Q,2026-02-06,2026-02-10,1,19.107905540355,19.037396769645,38.28308596724312,38.16846035214375,-0.002994158182479073,0.0036900313622070173,0.0006958731797279444,0.004385904541934962,0.046083,2.7e-05,0.0064149854,0.0064773132,0.009716,0.0006684759194539718,0.004358507281660989,0.014074476393609446,convergence,False
7018KV__68923Q,7018KV,68923Q,2026-03-04,2026-03-05,1,18.935855494496998,18.424869922425998,0.0,0.0,0.0,0.0269850798248592,0.0269850798248592,0.0539701596497184,0.046083,0.0,0.0,0.0,0.0,0.0269850798248592,0.0539701596497184,0.0539701596497184,overnight_abort,True
7018KV__68923Q,7018KV,68923Q,2026-03-23,2026-03-26,2,18.551263454142,18.513795387574,36.66237055914645,37.59450543175594,0.02542483910323527,0.0020197042999588258,0.027444543403194094,0.02946424770315292,0.046083,5.5e-05,0.0063013954,0.0062570388,-0.007039,0.02738974888264615,0.029409453182604975,0.022370282144393353,convergence,False
7018KV__68923Q,7018KV,68923Q,2026-03-31,2026-04-16,15,19.725269862426,18.494032855858,39.864596334032676,37.11695324839755,-0.06892439252644443,0.0624192731027393,-0.00650511942370513,0.05591415367903417,0.046083,0.000411,0.0062970309,0.0062819989,-0.002387,-0.006916078327814719,0.05550319477492458,0.053116037996005186,convergence,False
2721ME__32307F,2721ME,32307F,2024-05-02,2024-05-07,4,10.632072554999999,10.47744277,10.705638185049658,10.576214948021557,-0.01208925939686994,0.014543710476023848,0.002454451079153909,0.016998161555177756,0.034472,0.00011,0.1280180167,0.1278535261,-0.001285,0.0023448620380580186,0.016888572514081865,0.015603670558559041,convergence,False
2721ME__32307F,2721ME,32307F,2024-09-09,2024-09-13,3,7.78473698596935,7.03315706009195,7.584834113798322,7.126066687276264,-0.060484833239459836,0.0965453203148666,0.03606048707540676,0.13260580739027336,0.034472,8.2e-05,0.1282462377,0.1282182772,-0.000218,0.03597829529458484,0.13252361560945145,0.13230559361908797,convergence,False
2721ME__32307F,2721ME,32307F,2024-09-24,2024-09-30,5,8.6126853530613,8.665181875,8.444991570397386,9.00812204267906,0.06668218287578181,-0.00609525598424892,0.060586926891532895,0.054491670907283976,0.034472,0.000137,0.1284562767,0.1286545946,0.001544,0.06044994059016303,0.05435468460591411,0.05589853987787681,convergence,False
2721ME__32307F,2721ME,32307F,2024-10-09,2024-10-15,5,8.370359115,7.9105683220000005,8.551736992210776,8.081641131869441,-0.05497080426695941,0.0549308323194923,-3.997194746711147e-05,0.05489086037202519,0.034472,0.000137,0.1286992989,0.1287440342,0.000348,-0.00017695824883697447,0.05475387407065532,0.05510146959279369,convergence,False
2721ME__32307F,2721ME,32307F,2024-11-11,2024-11-13,1,8.0674508630613,7.3688706664999994,7.636135635284635,7.52567172714092,-0.014465943694516053,0.08659243277946845,0.0721264890849524,0.15871892186442083,0.034472,2.7e-05,0.1285661006,0.1285231439,-0.000334,0.07209909182467843,0.15869152460414684,0.15835740309155885,convergence,False
2721ME__32307F,2721ME,32307F,2024-12-09,2024-12-11,1,8.28958373596935,7.5631691979226,7.892687128046083,7.639984412922358,-0.03201732325430263,0.08762979676467501,0.055612473510372386,0.1432422702750474,0.034472,2.7e-05,0.1286305904,0.128622323,-6.4e-05,0.05558507625009841,0.14321487301477343,0.1431506005895729,convergence,False
2721ME__32307F,2721ME,32307F,2025-01-13,2025-01-16,2,7.7655527085,7.3579776911226,7.530560365595892,7.481202916947554,-0.006554286301698352,0.052484997871597355,0.045930711569899,0.09841570944149636,0.034472,5.5e-05,0.1284224519,0.1284166799,-4.5e-05,0.04587591704935106,0.09836091492094841,0.09831596950903158,convergence,False
2721ME__32307F,2721ME,32307F,2025-06-04,2025-06-05,1,7.12843661484675,6.64495671403065,0.0,0.0,0.0,0.0678241144501632,0.0678241144501632,0.1356482289003264,0.034472,0.0,0.0,0.0,0.0,0.0678241144501632,0.1356482289003264,0.1356482289003264,overnight_abort,True
2721ME__32307F,2721ME,32307F,2025-08-22,2025-08-27,2,8.1239934971226,7.258946645,8.112496728915904,7.56491996020009,-0.06749793399164651,0.1064804953904735,0.038982561398826984,0.1454630567893005,0.034472,5.5e-05,0.1280090151,0.1284315266,0.003301,0.03892776687827904,0.14540826226875256,0.1487089008969768,convergence,False
2721ME__32307F,2721ME,32307F,2025-09-04,2025-09-12,7,7.8049303511226,7.37778332596935,7.643518267944368,7.679081281302371,0.004652702081860365,0.054727845853462666,0.05938054793532303,0.11410839378878569,0.034472,0.000192,0.1282552727,0.1285289255,0.002134,0.059188767113405226,0.11391661296686788,0.11605027027575757,convergence,False
2721ME__32307F,2721ME,32307F,2025-09-18,2025-09-23,4,8.319874238061299,7.5387084293113,8.034784511478383,7.670566032471614,-0.045330211219286834,0.09389154047261497,0.04856132925332814,0.14245286972594312,0.034472,0.00011,0.1286231584,0.1286000011,-0.00018,0.048451740212232246,0.14234328068484722,0.14216324078932563,convergence,False
2721ME__32307F,2721ME,32307F,2025-10-06,2025-10-10,1,8.80452762290805,7.62535995096935,0.0,0.0,0.0,0.13392742035026214,0.13392742035026214,0.2678548407005243,0.034472,0.0,0.0,0.0,0.0,0.13392742035026214,0.2678548407005243,0.2678548407005243,overnight_abort,True
2721ME__32307F,2721ME,32307F,2025-10-15,2025-10-16,1,8.319874238061299,8.051192043061299,0.0,0.0,0.0,0.03229402119696086,0.03229402119696086,0.06458804239392173,0.034472,0.0,0.0,0.0,0.0,0.03229402119696086,0.06458804239392173,0.06458804239392173,overnight_abort,True
2721ME__32307F,2721ME,32307F,2025-11-25,2025-12-01,5,9.050488858538701,8.87314633903065,8.976543888874826,8.919591612510985,-0.006344566134681906,0.01959480004671086,0.013250233912028954,0.03284503395873981,0.034472,0.000137,0.1285619717,0.1283911274,-0.001329,0.01311324761065909,0.03270804765736995,0.03137916091317263,convergence,False
9602KM__503745,9602KM,503745,2024-07-31,2024-08-01,1,12.29364324,11.680226035673002,0.0,0.0,0.0,0.049897104735487516,0.049897104735487516,0.09979420947097503,0.034090999999999996,0.0,0.0,0.0,0.0,0.049897104735487516,0.09979420947097503,0.09979420947097503,overnight_abort,True
9602KM__503745,9602KM,503745,2024-08-07,2024-08-08,1,13.33840005,13.198162455673,0.0,0.0,0.0,0.010513824281871115,0.010513824281871115,0.02102764856374223,0.034090999999999996,0.0,0.0,0.0,0.0,0.010513824281871115,0.02102764856374223,0.02102764856374223,overnight_abort,True
9602KM__503745,9602KM,503745,2024-08-23,2024-08-26,1,15.37719732,15.026584885,0.0,0.0,0.0,0.022800802233576358,0.022800802233576358,0.045601604467152716,0.034090999999999996,0.0,0.0,0.0,0.0,0.022800802233576358,0.045601604467152716,0.045601604467152716,overnight_abort,True
9602KM__503745,9602KM,503745,2024-09-03,2024-09-05,1,15.194618460000001,14.883663285673,153.47019200999642,152.31561209682388,-0.007523154158152977,0.020464822801940938,0.01294166864378796,0.0334064914457289,0.034090999999999996,2.7e-05,0.0069570052,0.0069708266,0.001987,0.012914271383513988,0.03337909418545493,0.03536578236559312,convergence,False
9602KM__503745,9602KM,503745,2024-12-20,2024-12-27,4,12.090778854326999,11.680226035673002,117.25015747123112,119.41976752524347,0.018504112069484383,0.033955862033409875,0.052459974102894255,0.08641583613630413,0.034090999999999996,0.00011,0.0063619302,0.0063357299,-0.004118,0.052350385061798364,0.08630624709520825,0.08218795293347723,convergence,False
9602KM__503745,9602KM,503745,2025-01-06,2025-01-07,1,11.98934514,11.5323741,0.0,0.0,0.0,0.038114762288009266,0.038114762288009266,0.07622952457601853,0.034090999999999996,0.0,0.0,0.0,0.0,0.038114762288009266,0.07622952457601853,0.07622952457601853,overnight_abort,True
9602KM__503745,9602KM,503745,2025-01-21,2025-01-24,2,12.62837115,11.77879235,120.8758217055586,119.86171458217031,-0.008389660637497456,0.06727540629814319,0.05888574566064573,0.1261611519587889,0.034090999999999996,5.5e-05,0.0063883472,0.0064100505,0.003397,0.05883095114009779,0.12610635743824097,0.12950368374511423,convergence,False
9602KM__503745,9602KM,503745,2025-04-09,2025-04-16,6,11.117024934327,11.877360635673,113.94291041821069,120.78885392041762,0.060082224309348495,-0.06839381091952444,-0.008311586610175947,-0.07670539752970039,0.034090999999999996,0.000164,0.0069225706,0.0070499484,0.0184,-0.008475970171819783,-0.07686978109134422,-0.05846941981514431,convergence,False
9602KM__503745,9602KM,503745,2025-04-17,2025-04-22,1,12.354503874327001,12.281486565673001,126.6966415195799,124.9155129950808,-0.01405821419681308,0.005910177324540909,-0.00814803687227217,-0.0022378595477312614,0.034090999999999996,2.7e-05,0.0070984916,0.0070626457,-0.00505,-0.008175434132546143,-0.002265256808005234,-0.007315047949548652,convergence,False
9602KM__503745,9602KM,503745,2025-05-02,2025-05-07,1,12.04006149,11.719652955673,0.0,0.0,0.0,0.026611868601594587,0.026611868601594587,0.053223737203189174,0.034090999999999996,0.0,0.0,0.0,0.0,0.026611868601594587,0.053223737203189174,0.053223737203189174,overnight_abort,True
9602KM__503745,9602KM,503745,2025-08-04,2025-08-05,1,8.8246447985673,7.983951694269201,0.0,0.0,0.0,0.09526650913298948,0.09526650913298948,0.19053301826597896,0.034090999999999996,0.0,0.0,0.0,0.0,0.09526650913298948,0.19053301826597896,0.19053301826597896,overnight_abort,True
9602KM__503745,9602KM,503745,2025-08-07,2025-08-14,6,8.8855048242981,9.028764581432702,90.51447203940307,92.53023015946091,0.022270009144839648,-0.016122860767893314,0.006147148376946333,-0.00997571239094698,0.034090999999999996,0.000164,0.0067693345,0.0067675025,-0.000271,0.005982764815302498,-0.010140095952590817,-0.010410728169096032,convergence,False
9602KM__503745,9602KM,503745,2025-09-16,2025-09-17,1,10.0012639157019,9.659595597134599,0.0,0.0,0.0,0.034162514002943616,0.034162514002943616,0.06832502800588723,0.034090999999999996,0.0,0.0,0.0,0.0,0.034162514002943616,0.06832502800588723,0.06832502800588723,overnight_abort,True
9602KM__503745,9602KM,503745,2025-09-19,2025-09-24,2,10.183843079999999,9.3047527257308,96.93216388547346,95.37146861105268,-0.01610090203149453,0.08632206401487469,0.07022116198338016,0.15654322599825485,0.034090999999999996,5.5e-05,0.0067695636,0.0067156912,-0.007958,0.07016636746283221,0.1564884314777069,0.1485304000323712,convergence,False
9602KM__503745,9602KM,503745,2025-09-26,2025-12-29,91,10.0519804685673,8.5162151142692,18.86064823987078,17.295542677908777,-0.08298259646523826,0.1527823655348778,0.06979976906963956,0.22258213460451737,0.034090999999999996,0.002493,0.0067297011,0.0064077919,-0.047834,0.06730661838470806,0.22008898391958587,0.1722548832341929,force_close,False
9602KM__503745,9602KM,503745,2026-02-09,2026-03-05,23,9.4332413028654,8.7527764371346,19.08208017769468,17.839561818831594,-0.06511440824546398,0.07213478844478459,0.007020380199320608,0.0791551686441052,0.034090999999999996,0.00063,0.0064773132,0.0063455803,-0.020338,0.006390243213019238,0.07852503165780383,0.05818744785839754,convergence,False
9816EQ__2593G1,9816EQ,2593G1,2025-03-12,2025-03-14,1,29.877902730099997,27.323393465175002,14.245754589600924,14.548164439706206,0.021228068208196813,0.0854982790459217,0.1067263472541185,0.1922246263000402,0.012045,2.7e-05,0.1286694981,0.1286521168,-0.000135,0.10669894999384454,0.19219722903976622,0.1920621441886036,convergence,False
9816EQ__2593G1,9816EQ,2593G1,2025-04-07,2025-04-08,1,21.617007225125,19.691538779850003,0.0,0.0,0.0,0.08907192495347208,0.08907192495347208,0.17814384990694415,0.012045,0.0,0.0,0.0,0.0,0.08907192495347208,0.17814384990694415,0.17814384990694415,overnight_abort,True
9816EQ__2593G1,9816EQ,2593G1,2025-06-23,2025-06-25,1,28.21970000995,27.970153745025,14.244203823768538,14.214484896553548,-0.002086387388349474,0.008842980784239745,0.00675659339589027,0.015599574180130015,0.012045,2.7e-05,0.1273885285,0.1273893481,6e-06,0.0067291961356162975,0.015572176919856042,0.015578610780185994,convergence,False
9816EQ__2593G1,9816EQ,2593G1,2025-07-16,2025-07-17,1,29.54625897015,31.203984995025003,0.0,0.0,0.0,-0.05610612248913717,-0.05610612248913717,-0.11221224497827434,0.012045,0.0,0.0,0.0,0.0,-0.05610612248913717,-0.11221224497827434,-0.11221224497827434,overnight_abort,True
9816EQ__2593G1,9816EQ,2593G1,2025-08-26,2025-08-27,1,24.77262772015,22.487571965175004,0.0,0.0,0.0,0.09224115345326629,0.09224115345326629,0.18448230690653258,0.012045,0.0,0.0,0.0,0.0,0.09224115345326629,0.18448230690653258,0.18448230690653258,overnight_abort,True
9816EQ__2593G1,9816EQ,2593G1,2025-09-02,2025-09-05,2,24.521383970149998,23.53233527985,11.884002939626292,11.934463423141475,0.004246084738579636,0.040334130059868266,0.0445802147984479,0.08491434485831617,0.012045,5.5e-05,0.1282026628,0.1282552727,0.00041,0.044525420277899956,0.08485955033776822,0.08526991544915498,convergence,False
9816EQ__2593G1,9816EQ,2593G1,2025-09-15,2025-09-17,1,26.300194745025,26.557220235075,12.878064958746902,13.420653167120324,0.04213274355359505,-0.009772759956411371,0.03235998359718368,0.02258722364077231,0.012045,2.7e-05,0.1285173628,0.1285619717,0.000347,0.032332586336909705,0.02255982638049834,0.022906930452882814,convergence,False
9816EQ__2593G1,9816EQ,2593G1,2026-02-06,2026-02-12,3,19.06437775995,18.706473980100004,9.216532971934901,9.451390175204331,0.02548216384453775,0.018773430969348005,0.04425559481388576,0.06302902578323376,0.012045,8.2e-05,0.127962323,0.1279418698,-0.00016,0.04417340303306384,0.06294683400241184,0.06278699632894297,convergence,False
9816EQ__2593G1,9816EQ,2593G1,2026-03-23,2026-03-26,2,17.215226774875,17.49254149005,8.645707715170277,8.808092268080468,0.018782100697813556,-0.016108687895981317,0.0026734128018322395,-0.013435275094149077,0.012045,5.5e-05,0.1277612414,0.1277873684,0.000204,0.002618618281284294,-0.013490069614697023,-0.013285570975566026,convergence,False
9816EQ__2593G1,9816EQ,2593G1,2026-03-31,2026-04-08,7,17.91870625995,18.537320725125003,9.093464696979298,9.34887840858076,0.02808761238016413,-0.03452338892108886,-0.006435776540924729,-0.040959165462013586,0.012045,0.000192,0.1275835624,0.1276764136,0.000728,-0.006627557362842537,-0.04115094628393139,-0.04042317855074242,convergence,False
98215C__539910,98215C,539910,2024-04-30,2024-05-01,1,47.726516249999996,49.0007925,0.0,0.0,0.0,-0.026699544616353744,-0.026699544616353744,-0.05339908923270749,0.026859,0.0,0.0,0.0,0.0,-0.026699544616353744,-0.05339908923270749,-0.05339908923270749,overnight_abort,True
98215C__539910,98215C,539910,2024-06-05,2024-06-07,1,47.625501689489994,45.28861125,222.57140891927176,230.2200109842839,0.034364710643433743,0.04906804876778226,0.083432759411216,0.13250080817899826,0.026859,2.7e-05,0.0064261153,0.0063810101,-0.007019,0.08340536215094203,0.13247341091872428,0.1254543647463034,convergence,False
98215C__539910,98215C,539910,2024-08-05,2024-08-06,1,29.978005649159996,29.954822950425,0.0,0.0,0.0,0.0007733235828396427,0.0007733235828396427,0.0015466471656792853,0.026859,0.0,0.0,0.0,0.0,0.0007733235828396427,0.0015466471656792853,0.0015466471656792853,overnight_abort,True
98215C__539910,98215C,539910,2024-08-07,2024-08-14,6,35.10045375,36.93422558733,185.08923662808525,186.87712103136033,0.009659580620928416,-0.05224353651923938,-0.04258395589831097,-0.09482749241755034,0.026859,0.000164,0.0067895572,0.0067874834,-0.000305,-0.0427483394599548,-0.09499187597919417,-0.09529731563290242,convergence,False
98215C__539910,98215C,539910,2025-04-07,2025-04-08,1,15.184103772584999,14.987314089915,0.0,0.0,0.0,0.01296024352950647,0.01296024352950647,0.02592048705901294,0.026859,0.0,0.0,0.0,0.0,0.01296024352950647,0.02592048705901294,0.02592048705901294,overnight_abort,True
98215C__539910,98215C,539910,2025-04-09,2025-04-10,1,16.343168229405,15.511969039915,0.0,0.0,0.0,0.05085912216179028,0.05085912216179028,0.10171824432358056,0.026859,0.0,0.0,0.0,0.0,0.05085912216179028,0.10171824432358056,0.10171824432358056,overnight_abort,True
98215C__539910,98215C,539910,2025-09-18,2025-09-24,5,25.05011204034,28.301666880255,130.09268533653756,144.03832188322005,0.10719769916814648,-0.12980200785843934,-0.022604308690292868,-0.1524063165487322,0.026859,0.000137,0.006758355,0.0067156912,-0.006313,-0.02274129499166273,-0.15254330285010206,-0.1588560520324104,convergence,False
98215C__539910,98215C,539910,2025-10-31,2025-11-04,1,40.51451036008499,38.774969560085,0.0,0.0,0.0,0.042936241473469555,0.042936241473469555,0.08587248294693911,0.026859,0.0,0.0,0.0,0.0,0.042936241473469555,0.08587248294693911,0.08587248294693911,overnight_abort,True
98215C__539910,98215C,539910,2026-01-09,2026-01-14,1,41.31247043948999,42.96230506051,208.56905089667558,218.8930995041069,0.04949942747040565,-0.039935511081006486,0.009563916389399164,-0.030371594691607322,0.026859,2.7e-05,0.0062839727,0.0063111392,0.004323,0.009536519129125192,-0.030398991951881293,-0.026075850955422145,convergence,False
98215C__539910,98215C,539910,2026-02-06,2026-02-12,3,41.383184470169994,39.062052829405,201.4605819743804,203.25260149140257,0.008895137199842194,0.056088763358414916,0.0649839005582571,0.12107266391667203,0.026859,8.2e-05,0.0064149854,0.0065468591,0.020557,0.06490170877743519,0.12099047213585011,0.14154760387928322,convergence,False
98215C__539910,98215C,539910,2026-03-04,2026-03-05,1,44.282123369744994,41.041882829405,0.0,0.0,0.0,0.0731726550979675,0.0731726550979675,0.146345310195935,0.026859,0.0,0.0,0.0,0.0,0.0731726550979675,0.146345310195935,0.146345310195935,overnight_abort,True
98215C__539910,98215C,539910,2026-03-09,2026-03-12,2,41.969035790339994,44.0512175,220.72942869653892,227.35840506669746,0.030032136672052574,-0.049612331340222526,-0.019580194668169952,-0.06919252600839249,0.026859,5.5e-05,0.0063271113,0.0062756907,-0.008127,-0.019634989188717897,-0.06924732052894043,-0.07737434683871945,convergence,False
98215C__539910,98215C,539910,2026-03-23,2026-03-25,1,42.82961709940499,41.427949679404996,201.4971321870906,208.80578140663675,0.03627172823859369,0.03272659236590439,0.06899832060449808,0.10172491297040247,0.026859,2.7e-05,0.0063013954,0.0062707715,-0.00486,0.06897092334422411,0.1016975157101285,0.09683765562263114,convergence,False
9112YH__362017,9112YH,362017,2024-04-26,2024-05-01,1,8.36046190046925,8.5059292956246,16.434482641482152,17.40620322830025,0.05912693499492251,-0.01739944477794768,0.04172749021697483,0.024328045439027154,0.030026999999999998,2.7e-05,0.006336734,0.0064731199,0.021523,0.04170009295670086,0.024300648178753183,0.045823707218315204,convergence,False
9112YH__362017,9112YH,362017,2024-08-05,2024-08-06,1,7.895430190469249,7.952054459999999,0.0,0.0,0.0,-0.0071717776187930045,-0.0071717776187930045,-0.014343555237586009,0.030026999999999998,0.0,0.0,0.0,0.0,-0.0071717776187930045,-0.014343555237586009,-0.014343555237586009,overnight_abort,True
9112YH__362017,9112YH,362017,2024-08-26,2024-08-28,1,10.00829084671845,9.148818875,18.868030715200643,18.695118723833474,-0.00916428396673458,0.08587599869764546,0.07671171473091089,0.16258771342855635,0.030026999999999998,2.7e-05,0.0069456498,0.0069165855,-0.004185,0.07668431747063692,0.16256031616828237,0.15837578328267674,convergence,False
9112YH__362017,9112YH,362017,2024-09-19,2024-09-20,1,9.450252693624599,8.72352213328155,0.0,0.0,0.0,0.07690064846978333,0.07690064846978333,0.15380129693956665,0.030026999999999998,0.0,0.0,0.0,0.0,0.07690064846978333,0.15380129693956665,0.15380129693956665,overnight_abort,True
9112YH__362017,9112YH,362017,2025-03-12,2025-03-28,15,8.795164848906149,8.199319834999999,16.9813782745,16.806461661617355,-0.01030049564029243,0.06774688412807348,0.057446388487781046,0.12519327261585453,0.030026999999999998,0.000411,0.006764984,0.0066740076,-0.013448,0.05703542958367146,0.12478231371174493,0.1113341813880026,convergence,False
9112YH__362017,9112YH,362017,2025-04-07,2025-04-08,1,6.98558493390615,6.942717001437701,0.0,0.0,0.0,0.006136627479880735,0.006136627479880735,0.01227325495976147,0.030026999999999998,0.0,0.0,0.0,0.0,0.006136627479880735,0.01227325495976147,0.01227325495976147,overnight_abort,True
9112YH__362017,9112YH,362017,2025-04-09,2025-04-10,1,7.75389839609385,7.279492343281551,0.0,0.0,0.0,0.06118290807773394,0.06118290807773394,0.12236581615546788,0.030026999999999998,0.0,0.0,0.0,0.0,0.06118290807773394,0.12236581615546788,0.12236581615546788,overnight_abort,True
9112YH__362017,9112YH,362017,2025-08-07,2025-08-14,6,7.7235705443753995,7.32894561609385,14.722127719497525,14.959263376170092,0.016107431017495677,0.05109358761135816,0.06720101862885383,0.118294606240212,0.030026999999999998,0.000164,0.0067693345,0.0067675025,-0.000271,0.06703663506721,0.11813022267856817,0.11785959046206296,convergence,False
9112YH__362017,9112YH,362017,2025-09-08,2025-09-09,1,8.17343787359385,7.7938048178123,0.0,0.0,0.0,0.04644716967973051,0.04644716967973051,0.09289433935946102,0.030026999999999998,0.0,0.0,0.0,0.0,0.04644716967973051,0.09289433935946102,0.09289433935946102,overnight_abort,True
9112YH__362017,9112YH,362017,2025-09-25,2025-09-26,1,8.087508,7.700833135718451,0.0,0.0,0.0,0.047811373328044776,0.047811373328044776,0.09562274665608955,0.030026999999999998,0.0,0.0,0.0,0.0,0.047811373328044776,0.09562274665608955,0.09562274665608955,overnight_abort,True
9112YH__362017,9112YH,362017,2026-01-09,2026-01-14,1,8.4049428911877,8.159757375,0.0,0.0,0.0,0.029171586215626603,0.029171586215626603,0.058343172431253205,0.030026999999999998,0.0,0.0,0.0,0.0,0.029171586215626603,0.058343172431253205,0.058343172431253205,overnight_abort,True
9112YH__362017,9112YH,362017,2026-03-09,2026-03-11,1,9.108556188281549,9.247725420624601,18.15974829522803,18.787550346904343,0.03457107672804497,-0.01527895634240012,0.019292120385644852,0.00401316404324473,0.030026999999999998,2.7e-05,0.0063271113,0.0062912866,-0.005662,0.01926472312537088,0.003985766782970758,-0.0016763273862909836,convergence,False
9077LA__87834U,9077LA,87834U,2024-12-11,2024-12-20,8,12.540567825,10.5302579278545,35.82198962848944,34.22280166501034,-0.04464263375832312,0.16030453526497318,0.11566190150665007,0.27596643677162325,0.076929,0.000219,0.0065520066,0.0063932487,-0.02423,0.11544272342445829,0.27574725868943145,0.25151683437941924,convergence,False
9077LA__87834U,9077LA,87834U,2025-03-28,2025-07-15,104,14.109430017145499,9.678545,20.45607611613604,21.165155001196073,0.03466348487531794,0.3140371376987714,0.34870062257408935,0.6627377602728607,0.076929,0.002849,0.0066999426,0.0067170445,0.002553,0.3458513075055962,0.6598884452043675,0.6624409894604929,force_close,False
9077LA__87834U,9077LA,87834U,2025-11-17,2026-03-17,98,12.7366765021455,9.378509717858199,19.801801025237094,19.9354874733729,0.006751226717480068,0.2636611508286024,0.2704123775460825,0.5340735283746849,0.076929,0.002685,0.0063742984,0.00628911,-0.013364,0.26772744603923315,0.5313885968678356,0.5180242397803168,force_close,False
9103NM__9091D9,9103NM,9091D9,2024-05-15,2024-05-16,1,9.29908213126615,9.66901904457795,0.0,0.0,0.0,-0.03978208903736506,-0.03978208903736506,-0.07956417807473012,0.020734000000000002,0.0,0.0,0.0,0.0,-0.03978208903736506,-0.07956417807473012,-0.07956417807473012,overnight_abort,True
9103NM__9091D9,9103NM,9091D9,2024-07-09,2024-07-11,1,12.020520389220499,11.65062015,59.01780223187623,59.081134487319574,0.0010731042676668068,0.030772398136124784,0.03184550240379159,0.06261790053991638,0.020734000000000002,2.7e-05,0.0061848656,0.0062966341,0.018071,0.031818105143517614,0.06259050327964241,0.08066179330088402,convergence,False
9103NM__9091D9,9103NM,9091D9,2024-08-05,2024-08-06,1,10.48406202,10.07728854,0.0,0.0,0.0,0.03879922488287608,0.03879922488287608,0.07759844976575216,0.020734000000000002,0.0,0.0,0.0,0.0,0.03879922488287608,0.07759844976575216,0.07759844976575216,overnight_abort,True
9103NM__9091D9,9103NM,9091D9,2024-08-08,2024-08-14,5,11.327607239999999,11.43154866,56.96670287794878,57.25130019916348,0.004995853838064921,-0.009175937847929987,-0.004180084009865066,-0.013356021857795053,0.020734000000000002,0.000137,0.0068198863,0.0067874834,-0.004751,-0.0043170703112349286,-0.013493008159164916,-0.018244245727451164,convergence,False
9103NM__9091D9,9103NM,9091D9,2024-11-11,2024-11-12,1,13.707609825,13.104458220000001,0.0,0.0,0.0,0.04400122360500577,0.04400122360500577,0.08800244721001153,0.020734000000000002,0.0,0.0,0.0,0.0,0.04400122360500577,0.08800244721001153,0.08800244721001153,overnight_abort,True
9103NM__9091D9,9103NM,9091D9,2025-04-07,2025-04-08,1,9.3794196708441,9.768597392889749,0.0,0.0,0.0,-0.04149272936953723,-0.04149272936953723,-0.08298545873907447,0.020734000000000002,0.0,0.0,0.0,0.0,-0.04149272936953723,-0.08298545873907447,-0.08298545873907447,overnight_abort,True
9103NM__9091D9,9103NM,9091D9,2025-04-09,2025-04-10,1,10.654779504999999,10.146993105,0.0,0.0,0.0,0.04765808619143253,0.04765808619143253,0.09531617238286506,0.020734000000000002,0.0,0.0,0.0,0.0,0.04765808619143253,0.09531617238286506,0.09531617238286506,overnight_abort,True
9103NM__9091D9,9103NM,9091D9,2025-08-05,2025-08-06,1,12.161110254999999,11.2249254095295,0.0,0.0,0.0,0.07698185657724703,0.07698185657724703,0.15396371315449406,0.020734000000000002,0.0,0.0,0.0,0.0,0.07698185657724703,0.15396371315449406,0.15396371315449406,overnight_abort,True
9103NM__9091D9,9103NM,9091D9,2025-11-06,2025-11-13,6,10.092417029220499,10.3361922057795,55.65693224167749,52.84819598152144,-0.05046516484163646,-0.0241542908753375,-0.07461945571697395,-0.09877374659231146,0.020734000000000002,0.000164,0.0065178422,0.0064697696,-0.007376,-0.07478383927861779,-0.09893813015395529,-0.10631366925491725,convergence,False
9103NM__9091D9,9103NM,9091D9,2026-01-09,2026-01-14,1,12.171152459999998,11.322012915,58.00350614585185,57.0595477811068,-0.0162741604338785,0.06976656876090091,0.053492408327022414,0.12325897708792333,0.020734000000000002,2.7e-05,0.0062839727,0.0063111392,0.004323,0.05346501106674844,0.12323157982764936,0.12755472082410851,convergence,False
9103NM__9091D9,9103NM,9091D9,2026-02-09,2026-02-10,1,9.62043239,9.37028499542205,0.0,0.0,0.0,0.026001678972139123,0.026001678972139123,0.052003357944278246,0.020734000000000002,0.0,0.0,0.0,0.0,0.026001678972139123,0.052003357944278246,0.052003357944278246,overnight_abort,True
9103NM__9091D9,9103NM,9091D9,2026-02-13,2026-02-18,1,8.68650702373385,8.10962834757795,40.13033953027274,40.61168816006179,0.011994631379232065,0.06641089157928658,0.07840552295851864,0.14481641453780522,0.020734000000000002,2.7e-05,0.0065235828,0.0064584877,-0.009978,0.07837812569824468,0.14478901727753124,0.13481058947249136,convergence,False
9103NM__9091D9,9103NM,9091D9,2026-03-31,2026-04-01,1,8.967689466688201,8.9420995116882,0.0,0.0,0.0,0.002853572828882912,0.002853572828882912,0.005707145657765824,0.020734000000000002,0.0,0.0,0.0,0.0,0.002853572828882912,0.005707145657765824,0.005707145657765824,overnight_abort,True
7731LX__314060,7731LX,314060,2024-05-02,2024-05-07,4,24.172055792553,23.11815882,4.8313303404614185,4.725780386506738,-0.021846975163490864,0.043599807215308754,0.02175283205181789,0.06535263926712664,0.05692,0.00011,0.1280180167,0.1278535261,-0.001285,0.021643243010722,0.06524305022603076,0.06395814827050794,convergence,False
7731LX__314060,7731LX,314060,2024-06-12,2024-06-13,1,25.3065595096275,24.048169882202,0.0,0.0,0.0,0.04972582807816154,0.04972582807816154,0.09945165615632308,0.05692,0.0,0.0,0.0,0.0,0.04972582807816154,0.09945165615632308,0.09945165615632308,overnight_abort,True
7731LX__314060,7731LX,314060,2024-08-08,2024-08-14,5,20.1961870096275,18.2187569546275,3.975156231196238,3.7296644981115135,-0.06175649931898373,0.09791105885766262,0.03615455953867889,0.1340656183963415,0.05692,0.000137,0.1282445914,0.1283293444,0.000661,0.036017573237309024,0.13392863209497166,0.13458950207065465,convergence,False
7731LX__314060,7731LX,314060,2024-08-15,2024-08-20,4,20.421044421702,19.538947578298,4.028459819021106,4.012322926995726,-0.0040057224721931906,0.043195481347005515,0.039189758874812325,0.08238524022181784,0.05692,0.00011,0.128298067,0.1283977314,0.000777,0.039080169833716434,0.08227565118072196,0.08305247036693779,convergence,False
7731LX__314060,7731LX,314060,2024-09-24,2024-09-30,5,21.6679763337765,24.056974145478502,4.085139387389564,4.991881921627678,0.22196122292354145,-0.1102547729839441,0.11170644993959736,0.0014516769556532638,0.05692,0.000137,0.1284562767,0.1286545946,0.001544,0.11156946363822749,0.0013146906542834008,0.002858545926246103,convergence,False
7731LX__314060,7731LX,314060,2024-10-09,2024-10-15,5,25.6642917170745,22.384714695,5.051323222651912,4.579605933960005,-0.0933848949868344,0.1277875523793471,0.034402657392512706,0.16219020977185983,0.05692,0.000137,0.1286992989,0.1287440342,0.000348,0.03426567109114284,0.16205322347048998,0.16240081899262834,convergence,False
7731LX__314060,7731LX,314060,2024-12-09,2024-12-10,1,24.5609643384735,22.8345672704785,0.0,0.0,0.0,0.07029028030836254,0.07029028030836254,0.14058056061672508,0.05692,0.0,0.0,0.0,0.0,0.07029028030836254,0.14058056061672508,0.14058056061672508,overnight_abort,True
7731LX__314060,7731LX,314060,2025-03-17,2025-03-18,1,21.964387137447,20.638636538154,0.0,0.0,0.0,0.060359098161802786,0.060359098161802786,0.12071819632360557,0.05692,0.0,0.0,0.0,0.0,0.060359098161802786,0.12071819632360557,0.12071819632360557,overnight_abort,True
7731LX__314060,7731LX,314060,2025-03-28,2025-04-02,2,21.087960297846003,19.06954725,3.9322284912970376,3.8941990424819624,-0.009671220504923217,0.09571400075388851,0.08604278024896529,0.1817567810028538,0.05692,5.5e-05,0.1285289255,0.1284991887,-0.000231,0.08598798572841734,0.18170198648230587,0.18147062377632875,convergence,False
7731LX__314060,7731LX,314060,2025-07-17,2025-07-23,5,24.938611667553,22.965596574446998,4.7900226782032576,4.664382403894603,-0.026229578177233693,0.07911487292907501,0.052885294751841325,0.13200016768091632,0.05692,0.000137,0.1274331772,0.1273909725,-0.000331,0.05274830845047146,0.13186318137954647,0.13153199054739956,convergence,False
7731LX__314060,7731LX,314060,2025-08-13,2025-08-14,1,25.909595729521502,24.7806292362235,0.0,0.0,0.0,0.04357329636029992,0.04357329636029992,0.08714659272059984,0.05692,0.0,0.0,0.0,0.0,0.04357329636029992,0.08714659272059984,0.08714659272059984,overnight_abort,True
7731LX__314060,7731LX,314060,2025-08-22,2025-08-25,1,26.573937,26.394215112553002,0.0,0.0,0.0,0.006763088489560217,0.006763088489560217,0.013526176979120433,0.05692,0.0,0.0,0.0,0.0,0.006763088489560217,0.013526176979120433,0.013526176979120433,overnight_abort,True
7731LX__314060,7731LX,314060,2025-10-17,2025-10-21,1,24.849701406797998,23.895607636649,4.948915908438779,4.875992437377159,-0.014735241497490953,0.0383945768413938,0.023659335343902847,0.06205391218529665,0.05692,2.7e-05,0.1287307723,0.128666182,-0.000502,0.023631938083628876,0.062026514925022674,0.06152476776040941,convergence,False
7731LX__314060,7731LX,314060,2026-02-02,2026-02-03,1,26.737473008298,26.149733737553,0.0,0.0,0.0,0.021981855598791823,0.021981855598791823,0.043963711197583646,0.05692,0.0,0.0,0.0,0.0,0.021981855598791823,0.043963711197583646,0.043963711197583646,overnight_abort,True
7731LX__314060,7731LX,314060,2026-02-06,2026-02-12,3,28.383013975372503,26.628907453298,5.653416046876814,5.463827564147464,-0.033535207944599625,0.061801277468154434,0.02826606952355481,0.09006734699170924,0.05692,8.2e-05,0.127962323,0.1279418698,-0.00016,0.028183877742732892,0.08998515521088732,0.08982531753741844,convergence,False
7731LX__314060,7731LX,314060,2026-03-23,2026-03-24,1,22.955800424521502,21.8859775796275,0.0,0.0,0.0,0.046603595828059736,0.046603595828059736,0.09320719165611947,0.05692,0.0,0.0,0.0,0.0,0.046603595828059736,0.09320719165611947,0.09320719165611947,overnight_abort,True
7731LX__314060,7731LX,314060,2026-03-31,2026-04-16,15,23.244023389372497,21.817515949149,4.6172018694556085,4.4672802519745884,-0.03247023234413976,0.061370934641018976,0.028900702296879216,0.09027163693789819,0.05692,0.000411,0.1275835624,0.1277996102,0.001693,0.028489743392769627,0.0898606780337886,0.09155406075438276,convergence,False
9331D3__9301C6,9331D3,9301C6,2024-05-09,2024-05-10,1,5.979761795944301,5.987939374055701,0.0,0.0,0.0,-0.0013675424524346017,-0.0013675424524346017,-0.0027350849048692035,0.040694,0.0,0.0,0.0,0.0,-0.0013675424524346017,-0.0027350849048692035,-0.0027350849048692035,overnight_abort,True
9331D3__9301C6,9331D3,9301C6,2024-07-26,2024-07-29,1,7.38855351,7.3788774854076005,0.0,0.0,0.0,0.0013095966049787614,0.0013095966049787614,0.002619193209957523,0.040694,0.0,0.0,0.0,0.0,0.0013095966049787614,0.002619193209957523,0.002619193209957523,overnight_abort,True
9331D3__9301C6,9331D3,9301C6,2024-08-26,2024-08-29,1,8.2804503313519,7.5650271406443,0.0,0.0,0.0,0.0863990679346056,0.0863990679346056,0.1727981358692112,0.040694,0.0,0.0,0.0,0.0,0.0863990679346056,0.1727981358692112,0.1727981358692112,overnight_abort,True
9331D3__9301C6,9331D3,9301C6,2024-09-30,2024-10-07,4,9.2574824446481,8.5007039745519,16.850133013890023,17.781052964508564,0.055247038694066025,0.08174776183709696,0.13699480053116297,0.21874256236825995,0.040694,0.00011,0.006805962,0.0067483214,-0.008469,0.13688521149006708,0.21863297332716405,0.2101638399408772,convergence,False
9331D3__9301C6,9331D3,9301C6,2024-10-22,2024-10-29,6,7.8851776172962005,6.3036139845924,14.275919431365603,13.609486346344303,-0.0466823232104463,0.2005742558334549,0.1538919326230086,0.3544661884564635,0.040694,0.000164,0.0065462163,0.0065206047,-0.003912,0.15372754906136477,0.35430180489481966,0.35038937688659755,convergence,False
9331D3__9301C6,9331D3,9301C6,2024-11-25,2024-12-02,6,6.9628754286481005,6.214830497296201,12.570142790298247,12.782250835389066,0.016873956694789957,0.10743333541113471,0.12430729210592467,0.23174062751705937,0.040694,0.000164,0.0065314653,0.0066840447,0.023361,0.12414290854428084,0.23157624395541554,0.25493691311490724,convergence,False
9331D3__9301C6,9331D3,9301C6,2025-02-06,2025-02-07,1,6.800712591351901,6.954691247296201,0.0,0.0,0.0,-0.022641547319630372,-0.022641547319630372,-0.045283094639260744,0.040694,0.0,0.0,0.0,0.0,-0.022641547319630372,-0.045283094639260744,-0.045283094639260744,overnight_abort,True
9331D3__9301C6,9331D3,9301C6,2025-04-07,2025-04-10,2,7.4696349286481,7.334486728240501,14.992821327878273,15.287236860741706,0.01963710007775414,0.01809301280431639,0.03773011288207053,0.05582312568638692,0.040694,5.5e-05,0.0068355036,0.0069225706,0.012737,0.03767531836152259,0.05576833116583898,0.06850579794151293,convergence,False
9331D3__9301C6,9331D3,9301C6,2025-05-07,2025-05-14,6,8.736533678648101,6.7573952445924,16.54587138605479,15.56536702287944,-0.059259759748993376,0.22653589018865367,0.16727613043966028,0.39381202062831394,0.040694,0.000164,0.0068530702,0.0068140774,-0.00569,0.16711174687801644,0.3936476370666701,0.3879578077110624,convergence,False
9331D3__9301C6,9331D3,9301C6,2025-11-07,2025-11-11,1,8.2804503313519,8.286440104055702,0.0,0.0,0.0,-0.0007233631582961324,-0.0007233631582961324,-0.0014467263165922647,0.040694,0.0,0.0,0.0,0.0,-0.0007233631582961324,-0.0014467263165922647,-0.0014467263165922647,overnight_abort,True
98208H__2584JD,98208H,2584JD,2024-04-09,2024-04-12,2,8.073183314881652,7.457057129960551,4.146926599878592,3.881555526633183,-0.0639922281848871,0.07631762600823999,0.012325397823352888,0.08864302383159288,0.022155,5.5e-05,0.1276234532,0.1275925189,-0.000242,0.012270603302804942,0.08858822931104493,0.08834584204425078,convergence,False
98208H__2584JD,98208H,2584JD,2024-05-02,2024-05-03,1,9.403707999881652,9.056426329802749,0.0,0.0,0.0,0.03693029069844298,0.03693029069844298,0.07386058139688596,0.022155,0.0,0.0,0.0,0.0,0.03693029069844298,0.07386058139688596,0.07386058139688596,overnight_abort,True
98208H__2584JD,98208H,2584JD,2024-05-21,2024-05-22,1,8.77346026519725,8.746548125,0.0,0.0,0.0,0.0030674488039805882,0.0030674488039805882,0.0061348976079611765,0.022155,0.0,0.0,0.0,0.0,0.0030674488039805882,0.0061348976079611765,0.0061348976079611765,overnight_abort,True
98208H__2584JD,98208H,2584JD,2024-07-03,2024-07-08,3,8.323281939881651,7.44706087503945,3.9324919143474966,3.755881086833876,-0.044910665135575956,0.10527350523159859,0.060362840096022635,0.16563634532762123,0.022155,8.2e-05,0.1279909845,0.1280417945,0.000397,0.06028064831520072,0.1655541535467993,0.16595113463260394,convergence,False
98208H__2584JD,98208H,2584JD,2024-09-24,2024-09-30,5,10.70422115,12.175195989605502,5.063314429055458,6.739485020273248,0.331042169058119,-0.13742007185693295,0.19362209720118606,0.056202025344253115,0.022155,0.000137,0.1284562767,0.1286545946,0.001544,0.1934851108998162,0.05606503904288325,0.05760889431484595,convergence,False
98208H__2584JD,98208H,2584JD,2024-11-07,2024-11-08,1,14.225610790394501,14.484283695,0.0,0.0,0.0,-0.018183606202705992,-0.018183606202705992,-0.036367212405411985,0.022155,0.0,0.0,0.0,0.0,-0.018183606202705992,-0.036367212405411985,-0.036367212405411985,overnight_abort,True
98208H__2584JD,98208H,2584JD,2025-02-03,2025-02-05,1,15.696189705,16.543475023422,8.527272602321768,8.239492157041093,-0.03374824034619448,-0.05398031843053601,-0.0877285587767305,-0.1417088772072665,0.022155,2.7e-05,0.1284191634,0.1284265883,5.8e-05,-0.08775595603700447,-0.14173627446754047,-0.14167845677270882,convergence,False
98208H__2584JD,98208H,2584JD,2025-02-26,2025-02-27,1,21.998681057367,22.251213431972502,0.0,0.0,0.0,-0.011479432514474855,-0.011479432514474855,-0.02295886502894971,0.022155,0.0,0.0,0.0,0.0,-0.011479432514474855,-0.02295886502894971,-0.02295886502894971,overnight_abort,True
98208H__2584JD,98208H,2584JD,2025-02-28,2025-03-03,1,21.498483807367002,20.242011375,0.0,0.0,0.0,0.058444699804199175,0.058444699804199175,0.11688939960839835,0.022155,0.0,0.0,0.0,0.0,0.058444699804199175,0.11688939960839835,0.11688939960839835,overnight_abort,True
98208H__2584JD,98208H,2584JD,2025-03-11,2025-03-14,2,26.3503881288165,23.720634516578002,12.390523561796662,11.72227947730046,-0.05393186826717952,0.09979942607990008,0.04586755781272056,0.14566698389262064,0.022155,5.5e-05,0.1287092361,0.1286521168,-0.000444,0.04581276329217262,0.1456121893720727,0.14516840381533425,convergence,False
98208H__2584JD,98208H,2584JD,2025-05-21,2025-05-22,1,22.258777625,20.49191275,0.0,0.0,0.0,0.07937834254723589,0.07937834254723589,0.15875668509447177,0.022155,0.0,0.0,0.0,0.0,0.07937834254723589,0.15875668509447177,0.15875668509447177,overnight_abort,True
98208H__2584JD,98208H,2584JD,2025-08-19,2025-08-20,1,20.748187932367003,20.361960036578,0.0,0.0,0.0,0.018615018190889315,0.018615018190889315,0.03723003638177863,0.022155,0.0,0.0,0.0,0.0,0.018615018190889315,0.03723003638177863,0.03723003638177863,overnight_abort,True
98208H__2584JD,98208H,2584JD,2025-08-21,2025-08-25,3,22.758974875000003,23.060906881844,11.885898316502765,11.587696773439333,-0.02508868367562918,-0.013266502929165789,-0.03835518660479497,-0.05162168953396076,0.022155,8.2e-05,0.1279680543,0.1280090151,0.00032,-0.03843737838561689,-0.05170388131478268,-0.05138379517903515,convergence,False
98208H__2584JD,98208H,2584JD,2025-10-27,2025-11-04,7,23.029086391972502,22.6810517938165,11.310751795450292,11.312805829893488,0.00018160016949733625,0.015112826980288699,0.015294427149786035,0.030407254130074734,0.022155,0.000192,0.1287084144,0.1286272929,-0.00063,0.015102646327868226,0.030215473308156927,0.02958519983009283,convergence,False
98208H__2584JD,98208H,2584JD,2025-11-10,2025-11-13,2,26.050266777633002,26.3695980880275,14.108329631927603,13.48174650347102,-0.04441228301319276,-0.012258274094477998,-0.05667055710767076,-0.06892883120214877,0.022155,5.5e-05,0.1286562531,0.1286810882,0.000193,-0.0567253516282187,-0.06898362572269671,-0.06879059118763468,convergence,False
98208H__2584JD,98208H,2584JD,2026-04-14,2026-04-21,6,17.877045713422003,17.2032176522385,8.727630937834299,8.629178933478293,-0.011280495824956997,0.037692361030189456,0.02641186520523246,0.06410422623542192,0.022155,0.000164,0.1276478928,0.1277065797,0.00046,0.026247481643588623,0.06393984267377809,0.06439959879440552,convergence,False
9387PK__93766U,9387PK,93766U,2024-04-25,2024-04-30,4,12.148400685,11.931990038504502,11.898112938674775,12.07399967863717,0.01478274251294727,0.017813920705028068,0.03259666321797534,0.050410583923003405,0.018854000000000003,0.00011,0.0063153237,0.006336734,0.00339,0.032487074176879446,0.050300994881907514,0.053691209068394904,convergence,False
9387PK__93766U,9387PK,93766U,2024-05-09,2024-05-10,1,12.6717793514955,12.39893616,0.0,0.0,0.0,0.02153156111128938,0.02153156111128938,0.04306312222257876,0.018854000000000003,0.0,0.0,0.0,0.0,0.02153156111128938,0.04306312222257876,0.04306312222257876,overnight_abort,True
9387PK__93766U,9387PK,93766U,2024-08-05,2024-08-07,1,12.913337265,12.5578978735045,12.411125277110985,12.710167211413129,0.02409466729448354,0.027524983217070777,0.051619650511554316,0.0791446337286251,0.018854000000000003,2.7e-05,0.0069288065,0.0068168645,-0.016156,0.05159225325128034,0.07911723646835113,0.0629612072878567,convergence,False
9387PK__93766U,9387PK,93766U,2024-08-15,2024-08-16,1,12.9234032264955,12.826143095,0.0,0.0,0.0,0.007525891577544916,0.007525891577544916,0.015051783155089832,0.018854000000000003,0.0,0.0,0.0,0.0,0.007525891577544916,0.015051783155089832,0.015051783155089832,overnight_abort,True
9387PK__93766U,9387PK,93766U,2024-09-27,2024-12-26,87,13.4266509764955,12.369131025,1.3071695607489076,1.2417218131169154,-0.050068292283745965,0.07876274979864892,0.028694457514902953,0.10745720731355188,0.018854000000000003,0.002384,0.0069623333,0.0063281126,-0.091093,0.026310895871067337,0.10507364566971626,0.013980520323361431,convergence,False
9387PK__93766U,9387PK,93766U,2025-02-10,2025-05-13,90,13.6883398064955,14.7038675935045,1.354865274329591,1.4792419121353904,0.09180000414974314,-0.07418925898720768,0.017610745162535454,-0.05657851382467223,0.018854000000000003,0.002466,0.0064760548,0.0067805804,0.047023,0.01514499173787792,-0.05904426724932976,-0.012020946816649024,force_close,False
9387PK__93766U,9387PK,93766U,2025-08-08,2025-09-22,41,15.958992647999999,15.2403600235045,1.6153007394977401,1.524761437230861,-0.05605104984662559,0.04502994896645675,-0.01102110088016884,0.03400884808628791,0.018854000000000003,0.001123,0.0067642976,0.0067695636,0.000778,-0.012144388551401717,0.03288556041505503,0.03366405957511569,convergence,False
9344KQ__9330CR,9344KQ,9330CR,2024-05-02,2024-05-06,3,31.785984513013503,30.322605985982,15.42446432735856,15.285757213181173,-0.008992669776632774,0.046038483610044534,0.03704581383341176,0.0830842974434563,0.035153000000000004,8.2e-05,0.1280180167,0.127904227,-0.000889,0.036963622052589844,0.08300210566263438,0.08211324874285696,convergence,False
9344KQ__9330CR,9344KQ,9330CR,2024-05-16,2024-05-20,3,33.25193800500001,31.1632432600225,16.1263097156469,15.796095903017823,-0.02047671280359203,0.06281422588552385,0.042337513081931816,0.10515173896745567,0.035153000000000004,8.2e-05,0.1281681566,0.1282306017,0.000487,0.0422553213011099,0.10506954718663375,0.10555675946819044,convergence,False
9344KQ__9330CR,9344KQ,9330CR,2024-06-06,2024-06-07,1,30.411017382009003,27.414957237991,0.0,0.0,0.0,0.09851890538165474,0.09851890538165474,0.19703781076330948,0.035153000000000004,0.0,0.0,0.0,0.0,0.09851890538165474,0.19703781076330948,0.19703781076330948,overnight_abort,True
9344KQ__9330CR,9344KQ,9330CR,2024-08-28,2024-08-29,1,28.368784247991,29.244604846964002,0.0,0.0,0.0,-0.030872687081577116,-0.030872687081577116,-0.06174537416315423,0.035153000000000004,0.0,0.0,0.0,0.0,-0.030872687081577116,-0.06174537416315423,-0.06174537416315423,overnight_abort,True
9344KQ__9330CR,9344KQ,9330CR,2024-09-24,2024-09-30,5,38.660818146027005,42.03230875,18.270160720826667,21.983161175937674,0.2032275748334526,-0.08720691298457342,0.11602066184887919,0.028813748864305766,0.035153000000000004,0.000137,0.1284562767,0.1286545946,0.001544,0.11588367554750932,0.028676762562935904,0.030220617834898607,convergence,False
9344KQ__9330CR,9344KQ,9330CR,2024-10-07,2024-10-10,2,57.374505375000005,49.350869516027004,23.328266707735143,24.765220452747776,0.061597107192544714,0.1398467107738966,0.2014438179664413,0.34129052874033794,0.035153000000000004,5.5e-05,0.1286123992,0.1286992989,0.000676,0.20138902344589338,0.34123573421979,0.3419114054656461,convergence,False
9344KQ__9330CR,9344KQ,9330CR,2024-12-09,2024-12-10,1,46.688180732968505,43.565255730982,0.0,0.0,0.0,0.06688898459864966,0.06688898459864966,0.1337779691972993,0.035153000000000004,0.0,0.0,0.0,0.0,0.06688898459864966,0.1337779691972993,0.1337779691972993,overnight_abort,True
9344KQ__9330CR,9344KQ,9330CR,2025-02-20,2025-02-21,1,42.017344997991,40.974076642031505,0.0,0.0,0.0,0.02482946878269867,0.02482946878269867,0.04965893756539734,0.035153000000000004,0.0,0.0,0.0,0.0,0.02482946878269867,0.04965893756539734,0.04965893756539734,overnight_abort,True
9344KQ__9330CR,9344KQ,9330CR,2025-03-05,2025-03-06,1,45.899598233973,44.9201746210045,0.0,0.0,0.0,0.021338391852057083,0.021338391852057083,0.042676783704114166,0.035153000000000004,0.0,0.0,0.0,0.0,0.021338391852057083,0.042676783704114166,0.042676783704114166,overnight_abort,True
9344KQ__9330CR,9344KQ,9330CR,2025-03-17,2025-03-18,1,47.092591632009004,44.3465552530135,0.0,0.0,0.0,0.05831143039341701,0.05831143039341701,0.11662286078683402,0.035153000000000004,0.0,0.0,0.0,0.0,0.05831143039341701,0.11662286078683402,0.11662286078683402,overnight_abort,True
9344KQ__9330CR,9344KQ,9330CR,2025-07-18,2025-07-23,2,34.455035382009,33.418152011027004,16.772248007323977,16.856960702626832,0.0050507657211998815,0.030093812398852286,0.035144578120052165,0.06523839051890445,0.035153000000000004,5.5e-05,0.1273909725,0.1273909725,0.0,0.03508978359950422,0.0651835959983565,0.0651835959983565,convergence,False
9344KQ__9330CR,9344KQ,9330CR,2025-11-25,2025-11-26,1,26.872501632009,26.0600383479685,0.0,0.0,0.0,0.030234002593667736,0.030234002593667736,0.06046800518733547,0.035153000000000004,0.0,0.0,0.0,0.0,0.030234002593667736,0.06046800518733547,0.06046800518733547,overnight_abort,True
9344KQ__9330CR,9344KQ,9330CR,2026-03-31,2026-04-16,15,22.120783515022502,22.232614884018002,10.524185921566879,11.267674365606696,0.07064569645393762,-0.005055488605073749,0.06559020784886387,0.06053471924379012,0.035153000000000004,0.000411,0.1275835624,0.1277996102,0.001693,0.06517924894475427,0.06012376033968053,0.0618171430602747,convergence,False
9602NL__29375R,9602NL,29375R,2024-07-10,2024-07-11,1,4.7751777085157,4.754451015,0.0,0.0,0.0,0.004340507260858025,0.004340507260858025,0.00868101452171605,0.026659000000000002,0.0,0.0,0.0,0.0,0.004340507260858025,0.00868101452171605,0.00868101452171605,overnight_abort,True
9602NL__29375R,9602NL,29375R,2024-07-26,2024-07-30,1,5.15799797925785,4.5757865872264505,9.312934930761621,9.334762331853948,0.002343772532999146,0.11287545950438117,0.11521923203738033,0.22809469154176149,0.026659000000000002,2.7e-05,0.0064924525,0.006546002,0.008248,0.11519183477710636,0.2280672942814875,0.23631525604940196,convergence,False
9602NL__29375R,9602NL,29375R,2024-08-05,2024-08-06,1,4.2210956820314,4.04972028,0.0,0.0,0.0,0.040599743512311506,0.040599743512311506,0.08119948702462301,0.026659000000000002,0.0,0.0,0.0,0.0,0.040599743512311506,0.08119948702462301,0.08119948702462301,overnight_abort,True
9602NL__29375R,9602NL,29375R,2024-10-04,2024-10-07,1,5.832970485,5.57829107074215,0.0,0.0,0.0,0.04366204404990225,0.04366204404990225,0.0873240880998045,0.026659000000000002,0.0,0.0,0.0,0.0,0.04366204404990225,0.0873240880998045,0.0873240880998045,overnight_abort,True
9602NL__29375R,9602NL,29375R,2025-02-10,2025-02-18,6,4.825548985,5.90584197574215,10.807249135387185,11.911321931622274,0.10216039090094817,-0.22386944865759137,-0.1217090577566432,-0.3455785064142346,0.026659000000000002,0.000164,0.0064760548,0.0065763514,0.015487,-0.12187344131828703,-0.34574288997587843,-0.33025559051695463,convergence,False
9602NL__29375R,9602NL,29375R,2025-04-07,2025-04-08,1,5.288962875,5.2011111414843,0.0,0.0,0.0,0.016610389520970176,0.016610389520970176,0.03322077904194035,0.026659000000000002,0.0,0.0,0.0,0.0,0.016610389520970176,0.03322077904194035,0.03322077904194035,overnight_abort,True
9602NL__29375R,9602NL,29375R,2025-04-09,2025-04-10,1,5.782599208515699,5.4889589064843,0.0,0.0,0.0,0.05077998516635423,0.05077998516635423,0.10155997033270846,0.026659000000000002,0.0,0.0,0.0,0.0,0.05077998516635423,0.10155997033270846,0.10155997033270846,overnight_abort,True
9602NL__29375R,9602NL,29375R,2025-08-06,2025-08-15,8,7.0519505,7.50389395628925,15.109985982838554,15.151637367677857,0.0027565468880387943,-0.06408772385586795,-0.06133117696782915,-0.12541890082369708,0.026659000000000002,0.000219,0.0067969414,0.0067937086,-0.000476,-0.06155035505002093,-0.12563807890588885,-0.12611370460423604,convergence,False
9602NL__29375R,9602NL,29375R,2025-09-25,2025-10-07,11,8.3413488748814,7.6726314079686,14.886266777458696,15.3820694011166,0.03330604180818973,0.08016898429060218,0.11347502609879191,0.1936440103893941,0.026659000000000002,0.000301,0.0066887391,0.0065830618,-0.015799,0.11317365623577821,0.1933426405263804,0.1775433548284228,convergence,False
9602NL__29375R,9602NL,29375R,2025-11-12,2025-11-13,1,7.7873677920314,8.20862469128925,0.0,0.0,0.0,-0.054094902219580625,-0.054094902219580625,-0.10818980443916125,0.026659000000000002,0.0,0.0,0.0,0.0,-0.054094902219580625,-0.10818980443916125,-0.10818980443916125,overnight_abort,True
9602NL__29375R,9602NL,29375R,2026-03-16,2026-03-18,1,5.4300022879686,4.9926696564843,10.54588552515396,10.262697970810864,-0.02685289477755463,0.08054004552692538,0.05368715074937075,0.13422719627629615,0.026659000000000002,2.7e-05,0.00628911,0.0062548866,-0.005442,0.053659753489096775,0.13419979901602216,0.1287581069483051,convergence,False
95296E__93369K,95296E,93369K,2024-05-02,2024-05-06,3,14.889342780000002,14.59140586,0.7288730437615535,0.7336724365465911,0.006584675926919993,0.020010078644989156,0.02659475457190915,0.0466048332168983,0.017654,8.2e-05,0.1280180167,0.127904227,-0.000889,0.026512562791087234,0.04652264143607639,0.04563378451629896,convergence,False
95296E__93369K,95296E,93369K,2024-05-22,2024-05-23,1,14.346816120000002,13.471669735,0.0,0.0,0.0,0.06099934491946361,0.06099934491946361,0.12199868983892723,0.017654,0.0,0.0,0.0,0.0,0.06099934491946361,0.12199868983892723,0.12199868983892723,overnight_abort,True
95296E__93369K,95296E,93369K,2024-08-08,2024-08-16,7,9.484169358128401,8.29102393,0.4532935202655227,0.41907208255413814,-0.07549509574136185,0.12580389310591727,0.05030879736455543,0.1761126904704727,0.017654,0.000192,0.1282445914,0.128298067,0.000417,0.05011701654263762,0.1759209096485549,0.17633789097631475,convergence,False
95296E__93369K,95296E,93369K,2024-09-24,2024-09-30,5,8.348882992339501,10.520542970000001,0.39986630293647535,0.5406703855778292,0.3521279027698482,-0.2601138355457972,0.09201406722405098,-0.16809976832174622,0.017654,0.000137,0.1284562767,0.1286545946,0.001544,0.09187708092268111,-0.16823675462311607,-0.16669289935115336,convergence,False
95296E__93369K,95296E,93369K,2024-10-02,2024-10-04,1,11.91549294,10.963461810321,0.5225054099999689,0.5564852118794568,0.06503244029471375,0.07989859374454045,0.1449310340392542,0.22482962778379464,0.017654,2.7e-05,0.128798765,0.128756475,-0.000328,0.14490363677898022,0.22480223052352066,0.22447388886589684,convergence,False
95296E__93369K,95296E,93369K,2024-12-09,2024-12-10,1,9.1626723795321,8.2561877945321,0.0,0.0,0.0,0.0989323362717779,0.0989323362717779,0.1978646725435558,0.017654,0.0,0.0,0.0,0.0,0.0989323362717779,0.1978646725435558,0.1978646725435558,overnight_abort,True
95296E__93369K,95296E,93369K,2025-01-21,2025-02-06,15,8.6703799709358,8.4204157595321,0.41514500892271405,0.4258893160957818,0.02588085353825839,0.028829672083762366,0.05471052562202076,0.08354019770578312,0.017654,0.000411,0.1283944293,0.1284274064,0.000257,0.05429956671791117,0.08312923880167353,0.08338608094178651,convergence,False
95296E__93369K,95296E,93369K,2025-03-17,2025-03-18,1,8.971783871871601,8.748871589999998,0.0,0.0,0.0,0.024845926412748152,0.024845926412748152,0.049691852825496305,0.017654,0.0,0.0,0.0,0.0,0.024845926412748152,0.049691852825496305,0.049691852825496305,overnight_abort,True
95296E__93369K,95296E,93369K,2025-07-22,2025-07-31,8,8.037432,7.6241587604679,0.3875957268855299,0.38693326211007284,-0.0017091642902779198,0.05141856746434695,0.04970940317406903,0.10112797063841597,0.017654,0.000219,0.1273909725,0.1273917774,6e-06,0.04949022509187725,0.10090879255622419,0.10091511090032808,convergence,False
95296E__93369K,95296E,93369K,2026-01-06,2026-01-30,3,8.4895374495321,8.4900879309358,0.44160450919583916,0.4307764941186794,-0.024519711306566,-6.484233174917681e-05,-0.024584553638315177,-0.024649395970064356,0.017654,8.2e-05,0.1282158161,0.1279795184,-0.001843,-0.024666745419137093,-0.024731587750886273,-0.02657455617075502,convergence,False
95296E__93369K,95296E,93369K,2026-02-24,2026-04-13,34,9.675058970935801,7.2857494214037,0.41968117188029763,0.3789700315111779,-0.09700492444471975,0.24695555414283943,0.14995062969811968,0.3969061838409591,0.017654,0.000932,0.1278126794,0.1277008718,-0.000875,0.1490191228488046,0.395974676991644,0.39509989993098893,convergence,False
86734L__32361L,86734L,32361L,2024-05-30,2024-06-04,4,41.7031254031645,38.668857821171,1.9934733423607498,1.9446674735042169,-0.02448282995283754,0.07275875735115171,0.04827592739831417,0.12103468474946588,0.024854,0.00011,0.1278960526,0.1279844387,0.000691,0.04816633835721828,0.12092509570837,0.12161617333119887,convergence,False
86734L__32361L,86734L,32361L,2024-09-12,2024-09-27,14,33.5427277030065,39.220072063987004,1.6684216134787115,1.9703544970189335,0.18096917535770973,-0.1692570864018204,0.011712088955889322,-0.1575449974459311,0.024854,0.000384,0.1282182772,0.1286645249,0.00348,0.011328527312053705,-0.15792855908976672,-0.15444818398455523,convergence,False
86734L__32361L,86734L,32361L,2025-02-05,2025-02-11,5,39.397478149177495,37.42243140784851,2.022418659083588,1.898985350469422,-0.06103252067012527,0.050131298603695564,-0.010901222066429704,0.03923007653726586,0.024854,0.000137,0.1284274064,0.1283375742,-0.000699,-0.011038208367799568,0.039093090235895994,0.038393611810549545,convergence,False
86734L__32361L,86734L,32361L,2025-02-20,2025-02-21,1,55.574397763379,55.860533329842,0.0,0.0,0.0,-0.005148693966622754,-0.005148693966622754,-0.010297387933245509,0.024854,0.0,0.0,0.0,0.0,-0.005148693966622754,-0.010297387933245509,-0.010297387933245509,overnight_abort,True
86734L__32361L,86734L,32361L,2025-02-28,2025-03-06,3,53.654257753987,57.7475548183225,2.599013296491152,2.917223910215033,0.12243516189528061,-0.07629025608934704,0.04614490580593357,-0.030145350283413475,0.024854,8.2e-05,0.1285851154,0.1286678409,0.000643,0.046062714025111653,-0.03022754206423539,-0.029584189995509158,convergence,False
86734L__32361L,86734L,32361L,2025-03-17,2025-03-18,1,62.8960018153225,64.756307756342,0.0,0.0,0.0,-0.029577491212904032,-0.029577491212904032,-0.059154982425808064,0.024854,0.0,0.0,0.0,0.0,-0.029577491212904032,-0.059154982425808064,-0.059154982425808064,overnight_abort,True
86734L__32361L,86734L,32361L,2025-03-24,2025-03-25,1,61.4270288208225,54.3712861415855,0.0,0.0,0.0,0.11486381182163327,0.11486381182163327,0.22972762364326654,0.024854,0.0,0.0,0.0,0.0,0.11486381182163327,0.22972762364326654,0.22972762364326654,overnight_abort,True
86734L__32361L,86734L,32361L,2025-05-20,2025-05-22,1,55.718273549493496,54.594254551329,2.7091229758478783,2.744335878060191,0.012997897299694285,0.020173256035401915,0.033171153335096196,0.053344409370498114,0.024854,2.7e-05,0.1276804858,0.1277669547,0.000677,0.03314375607482222,0.05331701211022414,0.053994240893136536,convergence,False
86734L__32361L,86734L,32361L,2025-05-23,2025-06-05,8,59.04083372,50.684654551762996,2.764588101994799,2.5727736394717025,-0.06938265500914664,0.14153220138905934,0.0721495463799127,0.21368174776897203,0.024854,0.000219,0.1275737982,0.1274502307,-0.000969,0.07193036829772091,0.21346256968678026,0.21249397345664933,convergence,False
86734L__32361L,86734L,32361L,2026-02-13,2026-02-23,3,113.85044125125,112.605000941645,5.8599122858987265,5.888062782186418,0.004803910863210907,0.010939266426350609,0.015743177289561518,0.026682443715912125,0.024854,8.2e-05,0.1279606839,0.1278870518,-0.000575,0.0156609855087396,0.02660025193509021,0.026024824407229065,convergence,False
86734L__32361L,86734L,32361L,2026-03-04,2026-03-05,1,105.77310345250001,97.7671163594935,0.0,0.0,0.0,0.07569019752362464,0.07569019752362464,0.1513803950472493,0.024854,0.0,0.0,0.0,0.0,0.07569019752362464,0.1513803950472493,0.1513803950472493,overnight_abort,True
2573X6__68528P,2573X6,68528P,2024-05-06,2024-05-21,14,24.192267085024,25.199930090604003,0.5789231336964027,0.6172431603597841,0.06619190775588715,-0.04165227682211675,0.0245396309337704,-0.01711264588834635,0.043364,0.000384,0.0308546707,0.0309726976,0.003825,0.024156069289934783,-0.01749620753218197,-0.013670955234156248,convergence,False
2573X6__68528P,2573X6,68528P,2024-08-27,2024-08-28,1,27.929769999999998,25.150708537488,0.0,0.0,0.0,0.09950176684276302,0.09950176684276302,0.19900353368552604,0.043364,0.0,0.0,0.0,0.0,0.09950176684276302,0.19900353368552604,0.19900353368552604,overnight_abort,True
2573X6__68528P,2573X6,68528P,2024-12-09,2024-12-10,1,27.44227363814,25.800397010604,0.0,0.0,0.0,0.05983019662241383,0.05983019662241383,0.11966039324482766,0.043364,0.0,0.0,0.0,0.0,0.05983019662241383,0.11966039324482766,0.11966039324482766,overnight_abort,True
2573X6__68528P,2573X6,68528P,2025-03-24,2025-03-25,1,34.267294813768,32.169270069396006,0.0,0.0,0.0,0.06122528071661615,0.06122528071661615,0.1224505614332323,0.043364,0.0,0.0,0.0,0.0,0.06122528071661615,0.1224505614332323,0.1224505614332323,overnight_abort,True
2573X6__68528P,2573X6,68528P,2025-06-27,2025-07-29,29,31.037589648744,28.715121518232,0.7443065298106301,0.7356480156349494,-0.01163299504826806,0.07482759314739454,0.06319459809912648,0.13802219124652101,0.043364,0.000795,0.0342512673,0.0337188545,-0.015544,0.06240007755118127,0.1372276706985758,0.12168334659118724,convergence,False
2573X6__68528P,2573X6,68528P,2026-01-12,2026-01-13,1,33.190715930604,30.111936526884,0.0,0.0,0.0,0.09276025892774321,0.09276025892774321,0.18552051785548643,0.043364,0.0,0.0,0.0,0.0,0.09276025892774321,0.18552051785548643,0.18552051785548643,overnight_abort,True
2573X6__68528P,2573X6,68528P,2026-01-27,2026-02-03,6,31.088374095628,29.432716893768,0.7457848090425923,0.7566123011182827,0.014518252375762836,0.053256474486803075,0.06777472686256591,0.12103120134936898,0.043364,0.000164,0.0319524609,0.0316515844,-0.009416,0.06761034330092208,0.12086681778772515,0.1114504382186636,convergence,False
2573X6__68528P,2573X6,68528P,2026-03-03,2026-03-04,1,34.039283280884,32.169270069396006,0.0,0.0,0.0,0.05493691497723654,0.05493691497723654,0.10987382995447308,0.043364,0.0,0.0,0.0,0.0,0.05493691497723654,0.10987382995447308,0.10987382995447308,overnight_abort,True
25611Z__9307L8,25611Z,9307L8,2024-09-26,2024-09-27,1,0.6816603314109401,0.67622804994453,0.0,0.0,0.0,0.007969191129497018,0.007969191129497018,0.015938382258994035,0.02691,0.0,0.0,0.0,0.0,0.007969191129497018,0.015938382258994035,0.015938382258994035,overnight_abort,True
25611Z__9307L8,25611Z,9307L8,2024-10-25,2024-11-06,9,0.75436133928906,0.68617257,0.7651680965851015,0.7540108110855108,-0.014581482878579233,0.09039271465492098,0.07581123177634175,0.1662039464312627,0.02691,0.000247,0.1286719765,0.1285991659,-0.000566,0.075564656433876,0.16595737108879696,0.16539150894864402,convergence,False
