date,rolling_sharpe_252d
2011-09-15,
2011-09-16,
2011-09-19,
2011-09-20,
2011-09-21,
2011-09-22,
2011-09-23,
2011-09-26,
2011-09-27,
2011-09-28,
2011-09-29,
2011-09-30,
2011-10-03,
2011-10-04,
2011-10-05,
2011-10-06,
2011-10-07,
2011-10-10,
2011-10-11,
2011-10-12,
2011-10-13,
2011-10-14,
2011-10-17,
2011-10-18,
2011-10-19,
2011-10-20,
2011-10-21,
2011-10-24,
2011-10-25,
2011-10-26,
2011-10-27,
2011-10-28,
2011-10-31,
2011-11-01,
2011-11-02,
2011-11-03,
2011-11-04,
2011-11-07,
2011-11-08,
2011-11-09,
2011-11-10,
2011-11-11,
2011-11-14,
2011-11-15,
2011-11-16,
2011-11-17,
2011-11-18,
2011-11-21,
2011-11-22,
2011-11-23,
2011-11-25,
2011-11-28,
2011-11-29,
2011-11-30,
2011-12-01,
2011-12-02,
2011-12-05,
2011-12-06,
2011-12-07,
2011-12-08,
2011-12-09,
2011-12-12,
2011-12-13,1.9160506592063613
2011-12-14,1.8985516065103518
2011-12-15,1.8162660184449018
2011-12-16,2.0124896623012467
2011-12-19,2.045578573785617
2011-12-20,1.8632084166844292
2011-12-21,1.998142091125226
2011-12-22,1.9373666129932365
2011-12-23,1.9236664409417474
2011-12-27,1.9440662161397417
2011-12-28,1.9398619814628717
2011-12-29,1.9130847082145264
2011-12-30,1.9006411995504822
2012-01-03,1.8880829669776622
2012-01-04,2.123900716186984
2012-01-05,2.119279353306724
2012-01-06,2.0841412046006433
2012-01-09,2.0433392560435215
2012-01-10,2.107988654286668
2012-01-11,2.086277034737272
2012-01-12,2.031629145069333
2012-01-13,2.1351571514126477
2012-01-17,2.1537521563628235
2012-01-18,2.2768975341511215
2012-01-19,2.2967491267630744
2012-01-20,2.349249980886439
2012-01-23,2.3219694196691645
2012-01-24,2.332482512606822
2012-01-25,2.3245065467907233
2012-01-26,2.545122315495916
2012-01-27,2.4238506711630126
2012-01-30,2.432981650969012
2012-01-31,2.4380672693515963
2012-02-01,2.2441497005959286
2012-02-02,2.552749999585049
2012-02-03,2.4098070965700074
2012-02-06,2.536001930110671
2012-02-07,2.4561105083066597
2012-02-08,2.456145143623156
2012-02-09,2.5695852964904207
2012-02-10,2.723694264510036
2012-02-13,2.5378625589149477
2012-02-14,2.550334049340893
2012-02-15,2.6360353829874077
2012-02-16,2.4171180391452034
2012-02-17,2.4895770402973367
2012-02-21,2.580296978118358
2012-02-22,2.6683682037983005
2012-02-23,2.4318409338141276
2012-02-24,2.3260284085370633
2012-02-27,2.3607793046804915
2012-02-28,2.589501466800074
2012-02-29,2.441187918734528
2012-03-01,2.4277116028048993
2012-03-02,2.2232370014361704
2012-03-05,2.25654477942591
2012-03-06,2.4619711389071472
2012-03-07,2.29294459043122
2012-03-08,2.5292573963371967
2012-03-09,2.607482263109937
2012-03-12,2.6255593996605198
2012-03-13,2.5421782080994753
2012-03-14,2.6235498128724406
2012-03-15,2.697794272344789
2012-03-16,2.713849763979073
2012-03-19,2.6975182786588614
2012-03-20,2.6962922697770284
2012-03-21,2.6902936009000302
2012-03-22,2.745229535869174
2012-03-23,2.6752711094505575
2012-03-26,2.6416520264149264
2012-03-27,2.7244041185242125
2012-03-28,2.689351798434352
2012-03-29,2.7060479382000064
2012-03-30,2.600859088969467
2012-04-02,2.5947745387674375
2012-04-03,2.620712664338851
2012-04-04,2.635547886332984
2012-04-05,2.6237107567733955
2012-04-09,2.6180099531851146
2012-04-10,2.642658492766909
2012-04-11,2.6009639205740775
2012-04-12,2.6405947414689543
2012-04-13,2.799837518063627
2012-04-16,2.8170836764655665
2012-04-17,2.8045698255789313
2012-04-18,2.7846127600408286
2012-04-19,2.827010849964003
2012-04-20,2.8025975897285607
2012-04-23,2.801261983500976
2012-04-24,2.75259081178098
2012-04-25,2.738050347802331
2012-04-26,2.6747877376143676
2012-04-27,2.739177882468327
2012-04-30,2.77917565858072
2012-05-01,2.7875826524488443
2012-05-02,2.745885059100107
2012-05-03,2.7856579092622002
2012-05-04,2.764687790287041
2012-05-07,2.713186129759728
2012-05-08,2.797327825525069
2012-05-09,2.7914132453528606
2012-05-10,2.83653651290489
2012-05-11,2.7786110482507964
2012-05-14,2.8132331662863206
2012-05-15,2.8560775081427514
2012-05-16,2.808859101827296
2012-05-17,2.9650618589079807
2012-05-18,2.864718278087776
2012-05-21,2.913658131544018
2012-05-22,2.89804490894478
2012-05-23,2.8960851591604047
2012-05-24,2.942210898324058
2012-05-25,2.99315965379002
2012-05-29,2.9207816161353906
2012-05-30,3.0108671976025394
2012-05-31,2.9503959668310635
2012-06-01,2.976353265079199
2012-06-04,2.8423741494395083
2012-06-05,2.7833256950785477
2012-06-06,2.6985068090906417
2012-06-07,2.8471692487708884
2012-06-08,2.8179159963398956
2012-06-11,2.990475565475744
2012-06-12,2.846004920288052
2012-06-13,2.9192142593651362
2012-06-14,2.8788373318364178
2012-06-15,2.870398760963578
2012-06-18,2.900174909231947
2012-06-19,2.80337205705641
2012-06-20,2.8336147224599806
2012-06-21,2.920801374780659
2012-06-22,2.8217559202191254
2012-06-25,2.8149290838270535
2012-06-26,2.8104539604086067
2012-06-27,2.7516074989355146
2012-06-28,2.7768989256260537
2012-06-29,2.7411518340547674
2012-07-02,2.741812618367872
2012-07-03,2.71719411930794
2012-07-05,2.8034767117776753
2012-07-06,2.814271415700857
2012-07-09,2.7715998801876505
2012-07-10,2.787063843430201
2012-07-11,2.7420726904800574
2012-07-12,2.744952972013757
2012-07-13,2.7206683191038756
2012-07-16,2.7253360686991277
2012-07-17,2.748886378123166
2012-07-18,2.729566842017096
2012-07-19,2.8057614862981777
2012-07-20,2.8011305828193023
2012-07-23,2.8721541463782323
2012-07-24,2.8633177862285586
2012-07-25,2.805852520203518
2012-07-26,2.867678854045542
2012-07-27,2.682782885031468
2012-07-30,2.853444047471179
2012-07-31,2.9993820388788053
2012-08-01,2.910313234032028
2012-08-02,2.9852830059907083
2012-08-03,2.8769600414649292
2012-08-06,3.0054532903800784
2012-08-07,3.1128093001257007
2012-08-08,3.219268829856811
2012-08-09,3.2504604519598144
2012-08-10,3.2113838932982204
2012-08-13,3.2134746416883764
2012-08-14,3.2045727352466407
2012-08-15,3.1922316547195444
2012-08-16,3.1894093173664917
2012-08-17,3.1991171163901675
2012-08-20,3.217739128002722
2012-08-21,3.193251154120785
2012-08-22,3.18210957730846
2012-08-23,3.2444388115397564
2012-08-24,3.205796455441609
2012-08-27,3.2824331959551776
2012-08-28,3.2944301828130986
2012-08-29,3.3332444857418717
2012-08-30,3.3949085769050145
2012-08-31,3.3876545519586148
2012-09-04,3.5087179472626056
2012-09-05,3.545899459221963
2012-09-06,3.4951439353727674
2012-09-07,3.5256052664560076
2012-09-10,3.5604350229924764
2012-09-11,3.550932552620025
2012-09-12,3.6071862678133
2012-09-13,3.6138981168949518
2012-09-14,3.6320640938169393
2012-09-17,3.6591106662460566
2012-09-18,3.69371656919037
2012-09-19,3.6690537539815535
2012-09-20,3.6553355655771744
2012-09-21,3.6741290848048296
2012-09-24,3.7515329574697494
2012-09-25,3.806493310598449
2012-09-26,3.810543480073167
2012-09-27,3.7086048134195013
2012-09-28,3.7207276359081765
2012-10-01,3.588409808808275
2012-10-02,3.615185284960756
2012-10-03,3.7093132224063514
2012-10-04,3.7174474648440183
2012-10-05,3.7049533727996704
2012-10-08,3.617276618466955
2012-10-09,3.6417321497444273
2012-10-10,3.5873179657476113
2012-10-11,3.654249118778336
2012-10-12,3.560109040139899
2012-10-15,3.652795824404627
2012-10-16,3.5409119567844556
2012-10-17,3.7843152091598564
2012-10-18,3.6857705543885606
2012-10-19,3.7844995135717645
2012-10-22,3.7509800784143286
2012-10-23,3.7652587906405457
2012-10-24,3.655323004303431
2012-10-25,3.726366954891395
2012-10-26,3.7656429053042038
2012-10-31,3.728274911660207
2012-11-01,3.6190063643522454
2012-11-02,3.7418193530012336
2012-11-05,3.792609495267244
2012-11-06,3.82514691116786
2012-11-07,3.8250608412057368
2012-11-08,3.797880407806568
2012-11-09,3.831338633913582
2012-11-12,3.788017979604482
2012-11-13,3.9156337199634015
2012-11-14,3.959059129557134
2012-11-15,3.935555020090873
2012-11-16,4.031676060024077
2012-11-19,4.002162505894867
2012-11-20,3.9563776359081104
2012-11-21,3.969077024580398
2012-11-23,3.955638503737701
2012-11-26,3.994625847865059
2012-11-27,4.005492021614767
2012-11-28,4.012788860579786
2012-11-29,4.047427915257705
2012-11-30,4.019561317516135
2012-12-03,4.171033854504144
2012-12-04,4.090672795667789
2012-12-05,4.084623082687759
2012-12-06,4.104679470635762
2012-12-07,4.139631169532337
2012-12-10,4.137804344520857
2012-12-11,4.073437999439146
2012-12-12,4.200304744541094
2012-12-13,4.137526269914373
2012-12-14,4.151574435045894
2012-12-17,4.149795709035295
2012-12-18,4.156941009636252
2012-12-19,4.174754450852969
2012-12-20,4.138401463682634
2012-12-21,4.216370826638965
2012-12-24,4.204525835544203
2012-12-26,4.2279635725480755
2012-12-27,4.2462542162283565
2012-12-28,4.250324970981032
2012-12-31,4.142016945821652
2013-01-02,4.118695294945202
2013-01-03,4.198356682995504
2013-01-04,4.224893448227167
2013-01-07,4.195469339993829
2013-01-08,4.199890043504858
2013-01-09,4.229049479618779
2013-01-10,4.218114648287448
2013-01-11,4.002712422758071
2013-01-14,4.067455307824513
2013-01-15,4.075357799406336
2013-01-16,4.030606474625252
2013-01-17,4.0702746565813825
2013-01-18,3.991682881046598
2013-01-22,4.111996739705191
2013-01-23,4.085907960998696
2013-01-24,4.070628554960379
2013-01-25,4.096050631925651
2013-01-28,4.2009628153126375
2013-01-29,4.107098661859437
2013-01-30,4.166706566786243
2013-01-31,4.209418375492643
2013-02-01,4.178210993490156
2013-02-04,4.292924687685131
2013-02-05,4.142138993393249
2013-02-06,4.226925465718077
2013-02-07,4.169939961297353
2013-02-08,4.191660923529257
2013-02-11,4.186716490116825
2013-02-12,4.145423931370467
2013-02-13,4.086994925366082
2013-02-14,4.179350332046105
2013-02-15,4.148622322299458
2013-02-19,4.108428673133043
2013-02-20,4.248149692580153
2013-02-21,4.259613919864496
2013-02-22,4.217156817559633
2013-02-25,4.287100242625216
2013-02-26,4.248738862965939
2013-02-27,4.311425098322424
2013-02-28,4.29059722711807
2013-03-01,4.17038722285843
2013-03-04,4.243321807455865
2013-03-05,4.257792327684804
2013-03-06,4.395533223969902
2013-03-07,4.396444103483358
2013-03-08,4.334144617753484
2013-03-11,4.4532173779827655
2013-03-12,4.446465687737879
2013-03-13,4.374343671918825
2013-03-14,4.393516640516167
2013-03-15,4.4852012578319105
2013-03-18,4.386061538066837
2013-03-19,4.381534886585058
2013-03-20,4.367925267557075
2013-03-21,4.372314203355288
2013-03-22,4.368389377376529
2013-03-25,4.383205698705236
2013-03-26,4.342138839688566
2013-03-27,4.371806631394797
2013-03-28,4.34185516857596
2013-04-01,4.326999871122246
2013-04-02,4.321822872924631
2013-04-03,4.320994738236925
2013-04-04,4.327045722946779
2013-04-05,4.2472712195082565
2013-04-08,4.1983793232444935
2013-04-09,4.297832173156354
2013-04-10,4.375461439327578
2013-04-11,4.493363840313392
2013-04-12,4.601324971926435
2013-04-15,4.643243777725728
2013-04-16,4.546942926548706
2013-04-17,4.5105782356887625
2013-04-18,4.488506400354931
2013-04-19,4.46433126999085
2013-04-22,4.514632472029738
2013-04-23,4.4905424087507395
2013-04-24,4.535369429084741
2013-04-25,4.547406411663427
2013-04-26,4.604079965722723
2013-04-29,4.613055040939603
2013-04-30,4.663736349297749
2013-05-01,4.624926471406094
2013-05-02,4.599167623148041
2013-05-03,4.601541931741319
2013-05-06,4.630269944450325
2013-05-07,4.616058685573141
2013-05-08,4.607648833106968
2013-05-09,4.610098745217057
2013-05-10,4.515269659646588
2013-05-13,4.474015978102811
2013-05-14,4.375918925064292
2013-05-15,4.512296571434433
2013-05-16,4.615901848712899
2013-05-17,4.591922988703469
2013-05-20,4.671707574191228
2013-05-21,4.512346106649674
2013-05-22,4.586546154355577
2013-05-23,4.428072266075222
2013-05-24,4.46103119383488
2013-05-28,4.381330949387042
2013-05-29,4.41161629287531
2013-05-30,4.341835054331371
2013-05-31,4.463567645128254
2013-06-03,4.368403700710216
2013-06-04,4.409297073831344
2013-06-05,4.3187065501277715
2013-06-06,4.39911462119261
2013-06-07,4.3021806481334695
2013-06-10,4.393124412392641
2013-06-11,4.4371733155414415
2013-06-12,4.4666719676046815
2013-06-13,4.389521252034746
2013-06-14,4.588969461372651
2013-06-17,4.5724947769168915
2013-06-18,4.5615317481715945
2013-06-19,4.651017407081533
2013-06-20,4.679359384435224
2013-06-21,4.64034942816834
2013-06-24,4.651197939567701
2013-06-25,4.555072904192704
2013-06-26,4.612945909854944
2013-06-27,4.589239840619875
2013-06-28,4.633853914987084
2013-07-01,4.6498512958556395
2013-07-02,4.68730992677792
2013-07-03,4.669407551860571
2013-07-05,4.686627908328431
2013-07-08,4.672596653832154
2013-07-09,4.606032192854223
2013-07-10,4.632566864523164
2013-07-11,4.626103501422726
2013-07-12,4.606043577057868
2013-07-15,4.652567743299303
2013-07-16,4.668333729085262
2013-07-17,4.6511648831984616
2013-07-18,4.624037337736365
2013-07-19,4.589642243870771
2013-07-22,4.639482877785066
2013-07-23,4.579961784628345
2013-07-24,4.597344993321982
2013-07-25,4.544438676672623
2013-07-26,4.549709449636903
2013-07-29,4.617291653687222
2013-07-30,4.57963138422731
2013-07-31,4.6055420710074895
2013-08-01,4.4963038843153305
2013-08-02,4.457705135530026
2013-08-05,4.542528803506429
2013-08-06,4.4860914050908685
2013-08-07,4.5489761306703915
2013-08-08,4.459156991682226
2013-08-09,4.394392585626327
2013-08-12,4.310805695151038
2013-08-13,4.271453847389933
2013-08-14,4.3026880716709055
2013-08-15,4.319222167446425
2013-08-16,4.332880129973136
2013-08-19,4.344657021225661
2013-08-20,4.332420010883429
2013-08-21,4.329493494670018
2013-08-22,4.301233115595533
2013-08-23,4.478185951254879
2013-08-26,4.5623131604573475
2013-08-27,4.562503207822103
2013-08-28,4.526980411217777
2013-08-29,4.475681993336959
2013-08-30,4.479349877744315
2013-09-03,4.466065821061154
2013-09-04,4.358778694210638
2013-09-05,4.322526318393811
2013-09-06,4.128520422086967
2013-09-09,4.141409558337671
2013-09-10,4.167944142103778
2013-09-11,4.086500269635808
2013-09-12,4.060375907068032
2013-09-13,4.064084281816696
2013-09-16,3.9981306476920064
2013-09-17,4.060326742991637
2013-09-18,4.007154437941916
2013-09-19,3.954981384653508
2013-09-20,4.00467189286146
2013-09-23,4.121149552869415
2013-09-24,4.086096520177946
2013-09-25,4.155645613510342
2013-09-26,4.137087336979813
2013-09-27,4.209730720125184
2013-09-30,4.200685253081689
2013-10-01,4.247593610781141
2013-10-02,4.238688458752874
2013-10-03,4.2111234745185255
2013-10-04,4.201223347095459
2013-10-07,4.210036850354451
2013-10-08,4.26702392167702
2013-10-09,4.271922671954291
2013-10-10,4.230050252540309
2013-10-11,4.251044378697189
2013-10-14,4.243936929777983
2013-10-15,4.331068437803998
2013-10-16,4.30380511030707
2013-10-17,4.29584664480849
2013-10-18,4.309268121830841
2013-10-21,4.334093745534536
2013-10-22,4.320476825939008
2013-10-23,4.328727809499768
2013-10-24,4.412403345163943
2013-10-25,4.38172463617956
2013-10-28,4.428528179588249
2013-10-29,4.412390154805975
2013-10-30,4.39275168574876
2013-10-31,4.363732982403949
2013-11-01,4.241782506814838
2013-11-04,4.149179296892522
2013-11-05,4.186132685546685
2013-11-06,4.186770737627319
2013-11-07,4.171407787486469
2013-11-08,4.16880403690435
2013-11-11,4.186462747922774
2013-11-12,4.142917037838915
2013-11-13,4.13086244448514
2013-11-14,4.069015613675328
2013-11-15,4.040449582032304
2013-11-18,3.9941124131592556
2013-11-19,4.039034139430274
2013-11-20,4.07600299414816
2013-11-21,4.121721075971032
2013-11-22,4.058411079801936
2013-11-25,4.122550165906986
2013-11-26,4.0991412945139
2013-11-27,4.128023963768935
2013-11-29,4.141698401373725
2013-12-02,4.203371343248835
2013-12-03,4.183258525184202
2013-12-04,4.2334242480548525
2013-12-05,4.222039973742598
2013-12-06,4.104181058237637
2013-12-09,4.135658623728185
2013-12-10,4.166536145289104
2013-12-11,4.160584299282645
2013-12-12,4.172014464854704
2013-12-13,4.205191799805593
2013-12-16,4.004625476971295
2013-12-17,4.0392866466606385
2013-12-18,4.058546118557588
2013-12-19,3.977267359201564
2013-12-20,4.018881171548631
2013-12-23,4.0362803255515685
2013-12-24,3.980369514558243
2013-12-26,3.9766689094545526
2013-12-27,3.875646421083173
2013-12-30,3.912046715088054
2013-12-31,4.0350044766196556
2014-01-02,4.198095559479573
2014-01-03,4.105510933243965
2014-01-06,4.100768919751826
2014-01-07,4.028347008398697
2014-01-08,4.036743227641279
2014-01-09,4.014052799599864
2014-01-10,4.033723775387548
2014-01-13,4.043815265901103
2014-01-14,4.076650477428621
2014-01-15,4.185188285787821
2014-01-16,4.168109488754842
2014-01-17,4.203708120774741
2014-01-21,3.915641010342467
2014-01-22,3.7194910118956215
2014-01-23,3.733349784708817
2014-01-24,3.7904261793066296
2014-01-27,3.7647076335997864
2014-01-28,3.6543594241602966
2014-01-29,3.80009484526017
2014-01-30,3.6607782070685513
2014-01-31,3.6300988541092267
2014-02-03,3.6997641986445133
2014-02-04,3.517908954814446
2014-02-05,3.6323872224244353
2014-02-06,3.421537449678218
2014-02-07,3.5041568866129853
2014-02-10,3.630844223543864
2014-02-11,3.6178497927374234
2014-02-12,3.5961205429015966
2014-02-13,3.56022699930075
2014-02-14,3.4979211124223055
2014-02-18,3.5871042020197534
2014-02-19,3.6197029627269925
2014-02-20,3.5399108660404917
2014-02-21,3.550887904069931
2014-02-24,3.4678410458377593
2014-02-25,3.4488173172160907
2014-02-26,3.5514500536266596
2014-02-27,3.5284349960158865
2014-02-28,3.5318240952147737
2014-03-03,3.581517150104566
2014-03-04,3.530373302441753
2014-03-05,3.5556322886479803
2014-03-06,3.5220096870157565
2014-03-07,3.547321905822491
2014-03-10,3.512419619536927
2014-03-11,3.5160235342932973
2014-03-12,3.4019051693789772
2014-03-13,3.483011276439956
2014-03-14,3.415991156468829
2014-03-17,3.4706962754605595
2014-03-18,3.542835585462947
2014-03-19,3.611078033471441
2014-03-20,3.5922326158292543
2014-03-21,3.571275600427892
2014-03-24,3.616510870392786
2014-03-25,3.5913030324365707
2014-03-26,3.6342094951173185
2014-03-27,3.6093496191757986
2014-03-28,3.6730935794532393
2014-03-31,3.74458340889699
2014-04-01,3.7821925748569174
2014-04-02,3.9067898690012313
2014-04-03,4.018040564355734
2014-04-04,4.116956383975413
2014-04-07,4.119817592865861
2014-04-08,4.026156868536443
2014-04-09,3.848099264405561
2014-04-10,3.7792761450509715
2014-04-11,3.605507575902232
2014-04-14,3.530857184056901
2014-04-15,3.6199787078361685
2014-04-16,3.590209379986115
2014-04-17,3.6022330094069424
2014-04-21,3.6163548519043442
2014-04-22,3.575599977537757
2014-04-23,3.610875916763362
2014-04-24,3.551347925100257
2014-04-25,3.5811589725851967
2014-04-28,3.4949289852993135
2014-04-29,3.471919663956025
2014-04-30,3.45196247373757
2014-05-01,3.4587764705416566
2014-05-02,3.500057296521741
2014-05-05,3.4934958855493643
2014-05-06,3.482000526206087
2014-05-07,3.4224485773852313
2014-05-08,3.46444002868452
2014-05-09,3.495224438283906
2014-05-12,3.5195549020988004
2014-05-13,3.5952474334756768
2014-05-14,3.6896948449602136
2014-05-15,3.5858979682187258
2014-05-16,3.380190769306895
2014-05-19,3.367120523634364
2014-05-20,3.326634663194744
2014-05-21,3.3612000913354425
2014-05-22,3.338993587307778
2014-05-23,3.5133916037784982
2014-05-27,3.4577857189208645
2014-05-28,3.5626364282470724
2014-05-29,3.538682048308612
2014-05-30,3.5847711935306146
2014-06-02,3.5156418893067074
2014-06-03,3.6030184015355133
2014-06-04,3.593203140261241
2014-06-05,3.670458160455777
2014-06-06,3.654723965698108
2014-06-09,3.7828516286142504
2014-06-10,3.699588226495351
2014-06-11,3.588125864497385
2014-06-12,3.575845246352084
2014-06-13,3.5566544130341025
2014-06-16,3.406994788809496
2014-06-17,3.364944876747982
2014-06-18,3.4076938199993903
2014-06-19,3.308258040162307
2014-06-20,3.2486464291788657
2014-06-23,3.3530392810189884
2014-06-24,3.3135662940957937
2014-06-25,3.377441572712908
2014-06-26,3.3892043350221557
2014-06-27,3.4147080505703387
2014-06-30,3.361235542394863
2014-07-01,3.3791737981398047
2014-07-02,3.3203760872939614
2014-07-03,3.361079849865014
2014-07-07,3.3388052888611863
2014-07-08,3.36884228660528
2014-07-09,3.3778051320385662
2014-07-10,3.3319968384872527
2014-07-11,3.370463526459557
2014-07-14,3.377352944562018
2014-07-15,3.354159565891799
2014-07-16,3.332394811577037
2014-07-17,3.394766580529887
2014-07-18,3.419554986135519
2014-07-21,3.4477496517957573
2014-07-22,3.3958421344335443
2014-07-23,3.40684951985317
2014-07-24,3.3967765437890263
2014-07-25,3.4061895336063546
2014-07-28,3.3996088721872595
2014-07-29,3.359081519125449
2014-07-30,3.3870973308751346
2014-07-31,3.6041141618499726
2014-08-01,3.4839271443472986
2014-08-04,3.4458506112003495
2014-08-05,3.4142180967431814
2014-08-06,3.3854949336245896
2014-08-07,3.427409131011812
2014-08-08,3.3994282932277136
2014-08-11,3.392508057057835
2014-08-12,3.419057427240032
2014-08-13,3.4148704973177866
2014-08-14,3.420450264792784
2014-08-15,3.4073267029659737
2014-08-18,3.3529990283608084
2014-08-19,3.3732601593602505
2014-08-20,3.3511377371380373
2014-08-21,3.372105528679863
2014-08-22,3.3962281035366972
2014-08-25,3.3819948106480178
2014-08-26,3.30055401072613
2014-08-27,3.239033222696876
2014-08-28,3.3127964332222057
2014-08-29,3.2699773073142544
2014-09-02,3.256918060644295
2014-09-03,3.218476161610626
2014-09-04,3.2765173299068464
2014-09-05,3.3507867583951354
2014-09-08,3.4199924992250064
2014-09-09,3.354112807098543
2014-09-10,3.356411599003259
2014-09-11,3.3929813751555264
2014-09-12,3.398780798271061
2014-09-15,3.3880889923065176
2014-09-16,3.367834036300074
2014-09-17,3.303580677638885
2014-09-18,3.3099104580828067
2014-09-19,3.351540467490333
2014-09-22,3.291269946142074
2014-09-23,3.0214788741893184
2014-09-24,3.007999317832899
2014-09-25,3.003763535522552
2014-09-26,2.9827138206208446
2014-09-29,2.99303530054524
2014-09-30,2.979582355514969
2014-10-01,2.980534273890537
2014-10-02,2.979850457280346
2014-10-03,2.968514715687123
2014-10-06,3.029500992575884
2014-10-07,3.093827333767105
2014-10-08,3.0211294630576155
2014-10-09,3.0400526411902455
2014-10-10,3.093538419642196
2014-10-13,3.075570883657625
2014-10-14,3.069236664013347
2014-10-15,3.0731297532717905
2014-10-16,3.023365461771242
2014-10-17,3.0050987105109725
2014-10-20,3.0070096318909405
2014-10-21,2.9162556663085493
2014-10-22,3.091225746164679
2014-10-23,2.9363566021722027
2014-10-24,2.973424611364882
2014-10-27,3.011749581797007
2014-10-28,2.9659065428944076
2014-10-29,2.984828835737226
2014-10-30,3.0019078802169683
2014-10-31,2.8472931902294567
2014-11-03,2.9265333055529337
2014-11-04,3.097240105694352
2014-11-05,3.0164524092125573
2014-11-06,2.9693394313994714
2014-11-07,3.0457905131522
2014-11-10,3.0479719283459183
2014-11-11,3.0403231451002055
2014-11-12,3.089322686250107
2014-11-13,3.0885631968555023
2014-11-14,3.1039109166208436
2014-11-17,3.0859706237903697
2014-11-18,3.081019963679051
2014-11-19,3.049967494112718
2014-11-20,3.055377414357922
2014-11-21,3.0341519107870383
2014-11-24,3.097514367040102
2014-11-25,3.039359505885478
2014-11-26,3.0279402844512937
2014-11-28,3.020227543198884
2014-12-01,3.0060172221184533
2014-12-02,2.9444378980753734
2014-12-03,2.933294515506463
2014-12-04,2.917736076553447
2014-12-05,2.927088788237276
2014-12-08,3.1632619488365066
2014-12-09,3.195601428349794
2014-12-10,3.2140490254974643
2014-12-11,3.1911519769273258
2014-12-12,3.1974186264250126
2014-12-15,3.2219326673694497
2014-12-16,3.332896633082659
2014-12-17,3.2853639920896955
2014-12-18,3.2321813708649105
2014-12-19,3.3101026210132276
2014-12-22,3.324418905939768
2014-12-23,3.282889459211876
2014-12-24,3.365103455269962
2014-12-26,3.3609635529336788
2014-12-29,3.4506432286481052
2014-12-30,3.4174421865666402
2014-12-31,3.4532013795585508
2015-01-02,3.356189027142646
2015-01-05,3.467953461217469
2015-01-06,3.447963353779498
2015-01-07,3.436235518792406
2015-01-08,3.4100437676735926
2015-01-09,3.4305411807832744
2015-01-12,3.4595270070585706
2015-01-13,3.5517555825012637
2015-01-14,3.4829056681402366
2015-01-15,3.3798714241258123
2015-01-16,3.3978659945188716
2015-01-20,3.3410827878059
2015-01-21,3.5392998554615613
2015-01-22,3.5989668853410737
2015-01-23,3.646177724139561
2015-01-26,3.632998208660843
2015-01-27,3.658364593593389
2015-01-28,3.6679248687416823
2015-01-29,3.534059541664541
2015-01-30,3.6350191009809323
2015-02-02,3.6288215804890513
2015-02-03,3.546391693601758
2015-02-04,3.6849572666581274
2015-02-05,3.605801767690517
2015-02-06,3.7870929136865388
2015-02-09,3.737771487413098
2015-02-10,3.6004396811517583
2015-02-11,3.604409463810964
2015-02-12,3.620159736369018
2015-02-13,3.66689384029415
2015-02-17,3.73017398307937
2015-02-18,3.6612891689623432
2015-02-19,3.7468854501429045
2015-02-20,3.7523419192178302
2015-02-23,3.72111316267341
2015-02-24,3.776366538909788
2015-02-25,3.693521365341018
2015-02-26,3.7375203095413676
2015-02-27,3.7497048683654595
2015-03-02,3.7367037008416597
2015-03-03,3.7519212569152813
2015-03-04,3.839848113534837
2015-03-05,3.8381432902254593
2015-03-06,3.889395302602388
2015-03-09,3.8264012185886562
2015-03-10,3.882360790840475
2015-03-11,3.95612442985952
2015-03-12,3.997450805622687
2015-03-13,3.9821293975813803
2015-03-16,3.9897797160612503
2015-03-17,3.883654875229735
2015-03-18,3.926027402552542
2015-03-19,3.8618322952278157
2015-03-20,3.8219061593940387
2015-03-23,3.8850129468413126
2015-03-24,3.83301310081551
2015-03-25,3.764929246893976
2015-03-26,3.784018028251499
2015-03-27,3.819862822137062
2015-03-30,3.8384037668932898
2015-03-31,3.830989602163453
2015-04-01,3.8961584957983195
2015-04-02,3.5818550769891515
2015-04-06,3.523225794235585
2015-04-07,3.4867404009155782
2015-04-08,3.501458125674433
2015-04-09,3.633627220936964
2015-04-10,3.766799268878473
2015-04-13,3.765404718841873
2015-04-14,3.8996652413478845
2015-04-15,3.916717869278781
2015-04-16,3.946398278872003
2015-04-17,4.03385495952004
2015-04-20,3.9111212148036723
2015-04-21,3.9345445611203016
2015-04-22,3.9384543822482705
2015-04-23,3.9550756648229703
2015-04-24,3.9122628844602207
2015-04-27,3.8954323299961175
2015-04-28,3.9980846173389173
2015-04-29,4.02412208599457
2015-04-30,4.005468270293159
2015-05-01,4.007352733133987
2015-05-04,3.9775773362661897
2015-05-05,3.9906415370874666
2015-05-06,4.021900822932857
2015-05-07,4.056263980773021
2015-05-08,4.01931901128377
2015-05-11,4.068256140742325
2015-05-12,4.127242558461362
2015-05-13,4.113344428872706
2015-05-14,4.03402347397026
2015-05-15,4.045257167871585
2015-05-18,4.089668141690683
2015-05-19,4.0756650193649255
2015-05-20,4.05958051532986
2015-05-21,4.1135539357965545
2015-05-22,4.101981886757821
2015-05-26,4.0918452461030155
2015-05-27,4.095491497365248
2015-05-28,4.085141257868742
2015-05-29,4.060877338365363
2015-06-01,4.0656558285665625
2015-06-02,4.052349642681747
2015-06-03,4.028064702131299
2015-06-04,4.028833559077951
2015-06-05,4.046249247348449
2015-06-08,4.056470886353064
2015-06-09,4.061740787839745
2015-06-10,4.077656616760544
2015-06-11,4.135310602073108
2015-06-12,4.141579972030469
2015-06-15,4.124348929381736
2015-06-16,4.1049952409367085
2015-06-17,4.108618623381549
2015-06-18,4.094606884590361
2015-06-19,4.1122190469398765
2015-06-22,4.108273292905765
2015-06-23,4.109688900684524
2015-06-24,4.165420736867186
2015-06-25,4.286572552650023
2015-06-26,4.263560928676462
2015-06-29,4.2890606593989595
2015-06-30,4.295337320030483
2015-07-01,4.2867822995916995
2015-07-02,4.302044298152039
2015-07-06,4.278586665882806
2015-07-07,4.328560633670165
2015-07-08,4.355972338664508
2015-07-09,4.383444926418337
2015-07-10,4.363310994501235
2015-07-13,4.295903727116838
2015-07-14,4.3385452437256244
2015-07-15,4.359788687888232
2015-07-16,4.350686757454902
2015-07-17,4.349876619062273
2015-07-20,4.35674753233096
2015-07-21,4.408871015985265
2015-07-22,4.431710691263952
2015-07-23,4.40277625165975
2015-07-24,4.432296160965106
2015-07-27,4.4258860652995695
2015-07-28,4.41002298060939
2015-07-29,4.4154372547040985
2015-07-30,4.430653889452553
2015-07-31,4.379388054655026
2015-08-03,4.444804971439825
2015-08-04,4.432461702144599
2015-08-05,4.429723451880061
2015-08-06,4.501761118285213
2015-08-07,4.505962262077334
2015-08-10,4.448685415276932
2015-08-11,4.495381524400528
2015-08-12,4.475808433737469
2015-08-13,4.486752148054724
2015-08-14,4.4587351670332716
2015-08-17,4.447661648622896
2015-08-18,4.470911678693143
2015-08-19,4.511148536163766
2015-08-20,4.584085391679618
2015-08-21,4.574839077935581
2015-08-24,4.5544911746536005
2015-08-25,4.577758459388137
2015-08-26,4.524865921811695
2015-08-27,4.4551642291799185
2015-08-28,4.4948359219998535
2015-08-31,4.57556551032542
2015-09-01,4.672561657503504
2015-09-02,4.611342722768818
2015-09-03,4.640936419535426
2015-09-04,4.685564510908653
2015-09-08,4.60681221636568
2015-09-09,4.713305430845044
2015-09-10,4.5953681019333805
2015-09-11,4.644365035862849
2015-09-14,4.603184342555777
2015-09-15,4.5290652438831875
2015-09-16,4.569771732671437
2015-09-17,4.627465362882437
2015-09-18,4.69536629393151
2015-09-21,4.526362765712854
2015-09-22,4.622207085428578
2015-09-23,4.700845751212697
2015-09-24,4.490615486215323
2015-09-25,4.4095669057224285
2015-09-28,4.528964555827764
2015-09-29,4.309196744836718
2015-09-30,4.261698849972818
2015-10-01,4.330608079497356
2015-10-02,4.304385701003629
2015-10-05,4.091414089737138
2015-10-06,4.1634131155748335
2015-10-07,4.166254043879322
2015-10-08,4.162511800665727
2015-10-09,4.263663618586351
2015-10-12,4.3693932293163815
2015-10-13,4.366501701880296
2015-10-14,4.402649861642201
2015-10-15,4.333732701960094
2015-10-16,4.176443363352975
2015-10-19,4.193718343314565
2015-10-20,4.161487255093621
2015-10-21,4.197506768356146
2015-10-22,3.9981257075987493
2015-10-23,4.058630370340222
2015-10-26,4.120615709870861
2015-10-27,4.093703164221848
2015-10-28,4.110206758306071
2015-10-29,4.1441215831561
2015-10-30,4.128961617300882
2015-11-02,4.235681186781693
2015-11-03,4.2366911584138025
2015-11-04,4.248525051755952
2015-11-05,4.306829885516776
2015-11-06,4.337068535646269
2015-11-09,4.312513736683901
2015-11-10,4.324571681924597
2015-11-11,4.309728035232114
2015-11-12,4.277142139073855
2015-11-13,4.285859536845885
2015-11-16,4.244872238987163
2015-11-17,4.258383164261289
2015-11-18,4.280042863183577
2015-11-19,4.289771261684397
2015-11-20,4.275789854267083
2015-11-23,4.283939982794764
2015-11-24,4.257102652091617
2015-11-25,4.26999985765794
2015-11-27,4.238849090967112
2015-11-30,4.211959464661828
2015-12-01,4.27229434684243
2015-12-02,4.283604713987378
2015-12-03,4.313675821013001
2015-12-04,4.28273601522672
2015-12-07,4.288283742039948
2015-12-08,4.16104628831904
2015-12-09,4.149012774746698
2015-12-10,4.078792170343414
2015-12-11,4.114894480730639
2015-12-14,4.102042728241205
2015-12-15,4.048092269655909
2015-12-16,4.0472329017983
2015-12-17,4.094015046222859
2015-12-18,4.12180051851434
2015-12-21,4.064866732766686
2015-12-22,4.0609803445779145
2015-12-23,4.0871892199595345
2015-12-24,4.048958635395236
2015-12-28,4.050138729754441
2015-12-29,4.0179117599861485
2015-12-30,4.018783770634249
2015-12-31,3.9763956744268962
2016-01-04,3.954889638486359
2016-01-05,3.8810373991781626
2016-01-06,3.8706170429681963
2016-01-07,3.8986430997830674
2016-01-08,3.934256423540574
2016-01-11,3.9292902054914918
2016-01-12,3.900886380198267
2016-01-13,3.9254068613949924
2016-01-14,3.8927044224846337
2016-01-15,3.9344769065497136
2016-01-19,3.9135973719149475
2016-01-20,3.9025489531888047
2016-01-21,3.893980398247577
2016-01-22,3.603127112170092
2016-01-25,3.707471812254815
2016-01-26,3.6451409369803573
2016-01-27,3.6916206003208933
2016-01-28,3.681076223793872
2016-01-29,3.64226275074606
2016-02-01,3.7249611916475356
2016-02-02,3.7854895623766653
2016-02-03,3.7589659144081407
2016-02-04,3.8860888494516015
2016-02-05,3.90793577142684
2016-02-08,3.9297086866450557
2016-02-09,3.7570680709313677
2016-02-10,3.79548471795529
2016-02-11,3.8894807050118176
2016-02-12,3.2960419309543507
2016-02-16,3.437296679699877
2016-02-17,3.3219744882381756
2016-02-18,3.423514116941082
2016-02-19,3.364554969642577
2016-02-22,3.3452251804144915
2016-02-23,3.359252021179382
2016-02-24,3.34634992463361
2016-02-25,3.3517019915232695
2016-02-26,3.463601780465592
2016-02-29,3.4273895252091466
2016-03-01,3.4561399932318
2016-03-02,3.476080494987788
2016-03-03,3.4717958263770012
2016-03-04,3.4390724931036813
2016-03-07,3.404128320665193
2016-03-08,3.507502660375449
2016-03-09,3.453598949418532
2016-03-10,3.4079011463351248
2016-03-11,3.3682204942782494
2016-03-14,3.3882638720056413
2016-03-15,3.41246057926157
2016-03-16,3.4114294234789093
2016-03-17,3.356748278929925
2016-03-18,3.350859672493585
2016-03-21,3.3900838101447954
2016-03-22,3.357734992438664
2016-03-23,3.3844578739017033
2016-03-24,3.401632404687267
2016-03-28,3.40446175187364
2016-03-29,3.3960586893521887
2016-03-30,3.3823630779543525
2016-03-31,3.3673111837760064
2016-04-01,3.3416892037674693
2016-04-04,3.370890584095303
2016-04-05,3.374214702324517
2016-04-06,3.379258283318788
2016-04-07,3.4317477875828852
2016-04-08,3.3063913130350864
2016-04-11,3.229381242305545
2016-04-12,3.1990529938863497
2016-04-13,3.1232828500242302
2016-04-14,3.1264884373152917
2016-04-15,3.096002454175494
2016-04-18,3.007097378074686
2016-04-19,3.09183655433563
2016-04-20,3.056907158637876
2016-04-21,3.0769994491095387
2016-04-22,3.0705133496866077
2016-04-25,3.133616106979023
2016-04-26,3.107984258643305
2016-04-27,3.045517070679523
2016-04-28,3.061348066446756
2016-04-29,3.0877204089119576
2016-05-02,3.0861456453354155
2016-05-03,3.107081021561354
2016-05-04,3.085791849123531
2016-05-05,3.0584629683348163
2016-05-06,3.0534703758200314
2016-05-09,3.080893854031519
2016-05-10,3.042895299600546
2016-05-11,3.023012779325101
2016-05-12,3.010138071182299
2016-05-13,3.0668585614413164
2016-05-16,3.0173505225009634
2016-05-17,3.0167483267450437
2016-05-18,3.0226358511875784
2016-05-19,3.029554979477615
2016-05-20,3.007561145118066
2016-05-23,3.015930984220665
2016-05-24,2.9996264796803533
2016-05-25,2.98798370312587
2016-05-26,3.004093873789575
2016-05-27,3.0358302561988517
2016-05-31,3.017045221674223
2016-06-01,3.002078875855895
2016-06-02,3.0021197266113075
2016-06-03,3.013026659187249
2016-06-06,2.981837928658143
2016-06-07,2.9908387060592223
2016-06-08,3.017795649635158
2016-06-09,3.0211159381793156
2016-06-10,3.0179366629933075
2016-06-13,3.0012513717805605
2016-06-14,3.013605383989077
2016-06-15,3.0268705801306233
2016-06-16,3.01916866773633
2016-06-17,3.015573736874276
2016-06-20,3.004114996392306
2016-06-21,3.013315347640847
2016-06-22,3.016057985457005
2016-06-23,2.9094988609827563
2016-06-24,2.7364416921104953
2016-06-27,2.7646946258479113
2016-06-28,2.7502255657234165
2016-06-29,2.740533485453948
2016-06-30,2.7411438083402477
2016-07-01,2.7279937358050703
2016-07-05,2.7515174377613065
2016-07-06,2.784953692723391
2016-07-07,2.8018508027415487
2016-07-08,2.7930085685069965
2016-07-11,2.802524140821442
2016-07-12,2.8377555492119866
2016-07-13,2.8485863367750026
2016-07-14,2.815174692999517
2016-07-15,2.8469094586270622
2016-07-18,2.832580521585441
2016-07-19,2.8458765339711696
2016-07-20,2.8019767144143928
2016-07-21,2.80169689287668
2016-07-22,2.834299314232001
2016-07-25,2.8584143389901566
2016-07-26,2.858517877115491
2016-07-27,2.872986705361393
2016-07-28,2.8689709972243844
2016-07-29,2.864132961608759
2016-08-01,2.8646520578459627
2016-08-02,2.913538194314129
2016-08-03,2.912363565322023
2016-08-04,2.955559156466963
2016-08-05,2.9248155498750057
2016-08-08,2.9220378417780575
2016-08-09,2.811626752676779
2016-08-10,2.8935787105486166
2016-08-11,2.899894216077766
2016-08-12,2.8933573596658126
2016-08-15,2.9109008667855805
2016-08-16,2.9240929578982584
2016-08-17,2.9205378425487973
2016-08-18,2.921300260025875
2016-08-19,2.881059655509913
2016-08-22,2.846916001065717
2016-08-23,2.879059531041125
2016-08-24,2.8698144870654496
2016-08-25,2.90192341218066
2016-08-26,2.938372516603054
2016-08-29,2.913103322935639
2016-08-30,2.8576782015413764
2016-08-31,2.688509784610451
2016-09-01,2.803354083110227
2016-09-02,2.7959623997711303
2016-09-06,2.7781199579956217
2016-09-07,2.83358322213836
2016-09-08,2.713262583989759
2016-09-09,2.84179626883661
2016-09-12,2.7818526260312786
2016-09-13,2.8232486275923994
2016-09-14,2.8931568332164685
2016-09-15,2.846859350585429
2016-09-16,2.8083834863180255
2016-09-19,2.758010553053675
2016-09-20,2.855857703381758
2016-09-21,2.7535410385366825
2016-09-22,2.646681972769225
2016-09-23,2.8081261384470877
2016-09-26,2.839713977688361
2016-09-27,2.768856149263534
2016-09-28,2.875849154258851
2016-09-29,2.9294001334504145
2016-09-30,2.845442520491693
2016-10-03,2.887072326680226
2016-10-04,3.076376149088705
2016-10-05,2.965626314994788
2016-10-06,2.9301975914294585
2016-10-07,2.942761670385549
2016-10-10,2.7635243569949743
2016-10-11,2.624214584953365
2016-10-12,2.6115896994216876
2016-10-13,2.589021499264345
2016-10-14,2.638644241779226
2016-10-17,2.8151456516184954
2016-10-18,2.810785572241065
2016-10-19,2.8300281137606156
2016-10-20,2.8306142878418497
2016-10-21,2.905557098481497
2016-10-24,2.905051972122399
2016-10-25,2.8290624262867095
2016-10-26,2.830040163939188
2016-10-27,2.829769077389265
2016-10-28,2.805777472701861
2016-10-31,2.8037440779936293
2016-11-01,2.8200590211034315
2016-11-02,2.8162405709081173
2016-11-03,2.645252960141535
2016-11-04,2.63332008577796
2016-11-07,2.6300070609553146
2016-11-08,2.587118023499231
2016-11-09,2.551817090742546
2016-11-10,2.5914037650797725
2016-11-11,2.776865686977337
2016-11-14,2.7644188399976706
2016-11-15,2.790143380552257
2016-11-16,2.9468444425616522
2016-11-17,2.8915635074195776
2016-11-18,2.9196847495319305
2016-11-21,2.9462334157913497
2016-11-22,2.9567713997693064
2016-11-23,2.996617971443141
2016-11-25,3.00771758694718
2016-11-28,3.1108700580160256
2016-11-29,3.152917144693347
2016-11-30,3.039026889714407
2016-12-01,3.098515421469696
2016-12-02,3.090730349234764
2016-12-05,3.08930845426341
2016-12-06,3.0776821536716357
2016-12-07,3.0594524776340895
2016-12-08,3.035681210220857
2016-12-09,3.013549029096775
2016-12-12,3.113833109951723
2016-12-13,3.075777847133489
2016-12-14,3.115740390855692
2016-12-15,3.079947812347286
2016-12-16,3.1118928536376202
2016-12-19,3.128440469151678
2016-12-20,3.143347066726764
2016-12-21,3.129804656893499
2016-12-22,3.13731224723991
2016-12-23,3.123542869232918
2016-12-27,3.1020473308717493
2016-12-28,3.1112003623519193
2016-12-29,3.11684187209841
2016-12-30,3.1242405386143246
2017-01-03,3.102465439449105
2017-01-04,3.114895293983626
2017-01-05,3.1914188570299444
2017-01-06,3.1682430470847947
2017-01-09,3.1492514805674237
2017-01-10,3.149372738891986
2017-01-11,3.1616223407248336
2017-01-12,3.135252703812255
2017-01-13,3.1981335279905196
2017-01-17,3.251209867975429
2017-01-18,3.2548673806948374
2017-01-19,3.287575485362581
2017-01-20,3.2891881964357146
2017-01-23,3.5679306865802407
2017-01-24,3.399244950279875
2017-01-25,3.446473500545744
2017-01-26,3.268641287010122
2017-01-27,3.3666235912671096
2017-01-30,3.4111751361459746
2017-01-31,3.3164402660959156
2017-02-01,3.245044951802727
2017-02-02,3.2951969454033825
2017-02-03,3.1333871749567406
2017-02-06,3.1794252459665096
2017-02-07,3.11394997406785
2017-02-08,3.3217950537652987
2017-02-09,3.2965187064145804
2017-02-10,3.1467901063460157
2017-02-13,4.0735831125140525
2017-02-14,3.974118954299238
2017-02-15,4.255012818379047
2017-02-16,4.131212436965359
2017-02-17,4.111439597458212
2017-02-21,4.230379789734426
2017-02-22,4.187370010944323
2017-02-23,4.2322333696734
2017-02-24,4.238081442218156
2017-02-27,4.111021877758361
2017-02-28,4.1814904438217955
2017-03-01,4.17582311639468
2017-03-02,4.140594706262668
2017-03-03,4.102558561148279
2017-03-06,4.127107621660313
2017-03-07,4.134179540297694
2017-03-08,4.002569637498429
2017-03-09,4.068780968590072
2017-03-10,4.033269156348616
2017-03-13,4.0931088304696175
2017-03-14,4.035738444030421
2017-03-15,4.011422228066706
2017-03-16,4.040852594444499
2017-03-17,4.075089997079557
2017-03-20,4.06578356557627
2017-03-21,4.074756471955604
2017-03-22,4.078839459856447
2017-03-23,4.057070685578655
2017-03-24,4.096472538375407
2017-03-27,4.076576613989048
2017-03-28,4.098617746133601
2017-03-29,4.060492527842585
2017-03-30,4.02095376569358
2017-03-31,4.015515374397905
2017-04-03,4.119363678400097
2017-04-04,4.075148992129257
2017-04-05,4.127629749281624
2017-04-06,4.054690594796487
2017-04-07,4.093222272058289
2017-04-10,4.100541934631871
2017-04-11,4.1116522806466875
2017-04-12,4.1037763755198196
2017-04-13,4.118850117703356
2017-04-17,4.110212939816182
2017-04-18,4.129420809335927
2017-04-19,4.150024844364123
2017-04-20,4.188904798283553
2017-04-21,4.147772931115589
2017-04-24,4.103370338173423
2017-04-25,4.058505842538054
2017-04-26,4.101201138429623
2017-04-27,4.10453348331228
2017-04-28,4.065070045895858
2017-05-01,4.067870685860907
2017-05-02,4.066390071616033
2017-05-03,4.035861794877507
2017-05-04,4.05486648089433
2017-05-05,4.0592931590116255
2017-05-08,4.084775132945381
2017-05-09,4.037332884512867
2017-05-10,4.061259536586845
2017-05-11,4.068310871370137
2017-05-12,4.077151309294806
2017-05-15,4.0199175208264135
2017-05-16,4.1038060621871395
2017-05-17,4.112954905718629
2017-05-18,4.10062556880693
2017-05-19,4.098768475352593
2017-05-22,4.110525546759712
2017-05-23,4.092121490726438
2017-05-24,4.13213847149157
2017-05-25,4.162169269490072
2017-05-26,4.128630192991988
2017-05-30,4.080411959995567
2017-05-31,4.103282674959238
2017-06-01,4.121600499234203
2017-06-02,4.162367071773214
2017-06-05,4.133200853816607
2017-06-06,4.175684230463016
2017-06-07,4.234922000369722
2017-06-08,4.183925718191492
2017-06-09,4.188763604117844
2017-06-12,4.114825765205069
2017-06-13,4.111418625897143
2017-06-14,4.114302936982803
2017-06-15,4.134370957957198
2017-06-16,4.154471214099878
2017-06-19,4.165003402934032
2017-06-20,4.206151135142983
2017-06-21,4.189591093926298
2017-06-22,4.197217143593665
2017-06-23,4.320291271040937
2017-06-26,4.310890132641709
2017-06-27,4.284211553762775
2017-06-28,4.279887705970999
2017-06-29,4.311294081313202
2017-06-30,4.319109220486746
2017-07-03,4.236986415007505
2017-07-05,2.344914472657264
2017-07-06,2.297246534356772
2017-07-07,2.2885350559710753
2017-07-10,2.280713320609775
2017-07-11,2.302306048896259
2017-07-12,2.276503913288978
2017-07-13,2.268956661409893
2017-07-14,2.3136283695604796
2017-07-17,2.290406386232059
2017-07-18,2.2904559048814104
2017-07-19,2.2668555554731036
2017-07-20,2.278576320180118
2017-07-21,2.2397589237005873
2017-07-24,2.2244041825610146
2017-07-25,2.1144598655563613
2017-07-26,2.2553760498765074
2017-07-27,2.2854201895271036
2017-07-28,2.333473182340604
2017-07-31,2.2969207065658703
2017-08-01,2.360799554086512
2017-08-02,2.308729975445703
2017-08-03,2.3685423689782765
2017-08-04,2.3551420878704836
2017-08-07,2.348288906896074
2017-08-08,2.3359215294958444
2017-08-09,2.477064503006767
2017-08-10,2.3790177652617843
2017-08-11,2.3762952624825213
2017-08-14,2.374922748509414
2017-08-15,2.39462016271084
2017-08-16,2.402900051603551
2017-08-17,2.4398351374267553
2017-08-18,2.386875646850036
2017-08-21,2.3827482626422394
2017-08-22,2.407056045747003
2017-08-23,2.381303053700952
2017-08-24,2.3671258199764567
2017-08-25,2.3757823496888215
2017-08-28,2.3914680295428554
2017-08-29,2.3793568917504997
2017-08-30,2.3804381933471523
2017-08-31,2.4432390800882526
2017-09-01,2.3750940520136203
2017-09-05,2.3594010232491773
2017-09-06,2.3219249812805436
2017-09-07,2.328610634109375
2017-09-08,2.367953595900777
2017-09-11,2.3391345024632813
2017-09-12,2.3583333940549402
2017-09-13,2.3556341097915965
2017-09-14,2.3511771980005887
2017-09-15,2.370314657574477
2017-09-18,2.3613962867258937
2017-09-19,2.371940795089943
2017-09-20,2.4191400809679684
2017-09-21,2.3988592429296656
2017-09-22,2.3828454039124547
2017-09-25,2.3635590157047943
2017-09-26,2.383073560713363
2017-09-27,2.2632084557732077
2017-09-28,2.3501247491636774
2017-09-29,2.373954242214429
2017-10-02,2.3764924712331226
2017-10-03,2.3506539912703457
2017-10-04,2.3749966754210563
2017-10-05,2.3942880187458186
2017-10-06,2.4107002049829247
2017-10-09,2.414203394565363
2017-10-10,2.4164586577454092
2017-10-11,2.4098345449154572
2017-10-12,2.4335858937748798
2017-10-13,2.4128323050220404
2017-10-16,2.4090836682124626
2017-10-17,2.410609424931297
2017-10-18,2.408025318054131
2017-10-19,2.4267571524343907
2017-10-20,2.4280020325368055
2017-10-23,2.431372355582814
2017-10-24,2.435170827706719
2017-10-25,2.4361415090375385
2017-10-26,2.435378075815445
2017-10-27,2.467926988846734
2017-10-30,2.466863008673084
2017-10-31,2.4827690563322933
2017-11-01,2.4836813283587404
2017-11-02,2.4856071278040583
2017-11-03,2.4907465488121834
2017-11-06,2.483084502322571
2017-11-07,2.5118678473225544
2017-11-08,2.5026287307684623
2017-11-09,2.553135640609721
2017-11-10,2.431840497911713
2017-11-13,2.2722537684041715
2017-11-14,2.3493499273777525
2017-11-15,2.354458288451932
2017-11-16,2.1717174924335345
2017-11-17,2.207800611864044
2017-11-20,2.230203431655879
2017-11-21,2.2364380564010564
2017-11-22,2.23288542771185
2017-11-24,2.205203241228181
2017-11-27,2.1824974660441736
2017-11-28,2.155412215494549
2017-11-29,2.1566897953673485
2017-11-30,2.208076759789934
2017-12-01,2.1781303672810677
2017-12-04,2.172092634861875
2017-12-05,2.189695223327376
2017-12-06,2.1753123577733184
2017-12-07,2.1897162864348294
2017-12-08,2.1667755721108732
2017-12-11,2.225691185699578
2017-12-12,2.1428352310097365
2017-12-13,2.1898147794502703
2017-12-14,2.162007465389661
2017-12-15,2.1899845185717264
2017-12-18,2.143988717150122
2017-12-19,2.140650222562681
2017-12-20,2.077305630383334
2017-12-21,2.087065860330955
2017-12-22,2.0907296063282184
2017-12-26,2.090930096671874
2017-12-27,2.1068305275984422
2017-12-28,2.126001022877771
2017-12-29,2.119796339938761
2018-01-02,2.1050423615512313
2018-01-03,2.132697131156182
2018-01-04,2.122987079059676
2018-01-05,2.0734004521123883
2018-01-08,2.0838794576993367
2018-01-09,2.109992573382787
2018-01-10,2.1274964492102817
2018-01-11,2.125718940472203
2018-01-12,2.1330973336685997
2018-01-16,2.1192020224531225
2018-01-17,2.0574807287497934
2018-01-18,2.1066513486745753
2018-01-19,2.079567971309123
2018-01-22,2.089936959252392
2018-01-23,2.0860560528348056
2018-01-24,2.1136022570004345
2018-01-25,2.1061751422795836
2018-01-26,2.1737492861170713
2018-01-29,2.117793811267415
2018-01-30,2.098552703368101
2018-01-31,2.105248881981833
2018-02-01,2.1305275208836836
2018-02-02,2.1399127920695857
2018-02-05,2.157287159182302
2018-02-06,2.082917498567832
2018-02-07,2.0744273560755415
2018-02-08,2.2935102120246347
2018-02-09,2.3331570142020857
2018-02-12,2.3781714364565665
2018-02-13,2.3355706593575736
2018-02-14,2.3117454348079187
2018-02-15,2.264516891712044
2018-02-16,2.253619280772959
2018-02-20,2.29295147509805
2018-02-21,2.2612093383314646
2018-02-22,2.2698505339406663
2018-02-23,2.264162279393747
2018-02-26,2.2519404448964977
2018-02-27,2.2692983774701183
2018-02-28,2.2725050203321833
2018-03-01,2.2652629617898667
2018-03-02,2.2340380957805093
2018-03-05,2.2191114313345333
2018-03-06,2.22615741020182
2018-03-07,2.227465342586527
2018-03-08,2.2525557530268707
2018-03-09,2.235663853970314
2018-03-12,2.252516021953438
2018-03-13,2.266351940932388
2018-03-14,2.2586622923788857
2018-03-15,2.257826767857762
2018-03-16,2.2603922965404277
2018-03-19,2.2732688146560815
2018-03-20,2.265308322528329
2018-03-21,2.2507690628458783
2018-03-22,2.261888710221478
2018-03-23,2.25039596892625
2018-03-26,2.2467012066640817
2018-03-27,2.235981656713765
2018-03-28,2.2161311005228352
2018-03-29,2.1872141612099973
2018-04-02,2.1842685629402436
2018-04-03,2.1291478215703057
2018-04-04,2.152936146055611
2018-04-05,2.1475932749281035
2018-04-06,2.062489016471219
2018-04-09,2.206255466851994
2018-04-10,2.3031321073599798
2018-04-11,2.3792772019014596
2018-04-12,2.3860222357979266
2018-04-13,2.4852834092214455
2018-04-16,2.4845063153309552
2018-04-17,2.4953472516030373
2018-04-18,2.497064813854236
2018-04-19,2.4866538087685726
2018-04-20,2.4880775074905763
2018-04-23,2.4928327192471027
2018-04-24,2.500072847462436
2018-04-25,2.499203983093948
2018-04-26,2.4931058462090654
2018-04-27,2.5015327274065484
2018-04-30,2.500901578431353
2018-05-01,2.506077447678079
2018-05-02,2.5053178659845035
2018-05-03,2.5209933346890403
2018-05-04,2.5200292129892303
2018-05-07,2.5168422975319187
2018-05-08,2.505245833872375
2018-05-09,2.5136908932646196
2018-05-10,2.497608818184139
2018-05-11,2.481607251754377
2018-05-14,2.4678069423058173
2018-05-15,2.4959499756669423
2018-05-16,2.4883370529717825
2018-05-17,2.4868200899684467
2018-05-18,2.502235163076403
2018-05-21,2.4984648557718523
2018-05-22,2.4928856327024516
2018-05-23,2.501348539456653
2018-05-24,2.487224780251685
2018-05-25,2.4896826371154672
2018-05-29,2.4903865544098474
2018-05-30,2.48767907194089
2018-05-31,2.488453346702456
2018-06-01,2.497911850854877
2018-06-04,2.480038302088538
2018-06-05,2.4899136198245864
2018-06-06,2.4888710347720657
2018-06-07,2.4493578914825886
2018-06-08,2.4537420182789957
2018-06-11,2.4486571074724623
2018-06-12,2.4729986436101816
2018-06-13,2.526821829962989
2018-06-14,2.513087716421177
2018-06-15,2.5088056171316926
2018-06-18,2.5233641055465537
2018-06-19,2.537957984562241
2018-06-20,2.5212545077438766
2018-06-21,2.5236345833718405
2018-06-22,2.5128684726816406
2018-06-25,2.540435886647255
2018-06-26,2.5461487261970013
2018-06-27,2.53183232197507
2018-06-28,2.5310003157562933
2018-06-29,2.5338190776471095
2018-07-02,2.5438857600216194
2018-07-03,2.578151108279136
2018-07-05,3.45785624157194
2018-07-06,4.121422060761252
2018-07-09,4.121943671606403
2018-07-10,4.113735768971093
2018-07-11,4.086121586468751
2018-07-12,4.134205392010578
2018-07-13,4.114560890420126
2018-07-16,4.065667259541894
2018-07-17,4.001815515748238
2018-07-18,4.065807463517723
2018-07-19,4.107903604034775
2018-07-20,4.098173303481927
2018-07-23,4.125854620674406
2018-07-24,4.124311957539897
2018-07-25,4.252018462394031
2018-07-26,4.167222648421433
2018-07-27,4.107922138633173
2018-07-30,4.039896999952001
2018-07-31,4.033449773594095
2018-08-01,3.9556491843400567
2018-08-02,3.9599994706109776
2018-08-03,3.857436996409909
2018-08-06,3.8441425333563983
2018-08-07,3.813752853373375
2018-08-08,3.804007920429007
2018-08-09,3.7967336145864916
2018-08-10,3.7786478711644453
2018-08-13,3.7635719319325913
2018-08-14,3.7780412420109704
2018-08-15,3.761080163407697
2018-08-16,3.7278870582238053
2018-08-17,3.6818932916754297
2018-08-20,3.7360924329699174
2018-08-21,3.743725807985722
2018-08-22,3.7427248288510047
2018-08-23,3.7984311326845184
2018-08-24,3.8308905362827517
2018-08-27,3.8661438213096444
2018-08-28,3.856859277427542
2018-08-29,3.851725338543278
2018-08-30,3.8394495223398835
2018-08-31,3.8455861206743633
2018-09-04,3.164224497388798
2018-09-05,3.160556161534662
2018-09-06,3.1636571954097965
2018-09-07,3.158778265591166
2018-09-10,3.1341719357974567
2018-09-11,3.139284141051891
2018-09-12,3.288339588178373
2018-09-13,3.261792210223643
2018-09-14,3.274988847320184
2018-09-17,3.2795351551064873
2018-09-18,3.2312014196797487
2018-09-19,3.199230802529516
2018-09-20,3.1099896600237944
2018-09-21,3.2103466137975345
2018-09-24,3.2021374215151885
2018-09-25,3.2457827844045712
2018-09-26,3.236184156007535
2018-09-27,3.42121756341201
2018-09-28,3.343271626225338
2018-10-01,3.2931644551998738
2018-10-02,3.2882835324314446
2018-10-03,3.3067259228178054
2018-10-04,3.296557649024956
2018-10-05,3.260590698895599
2018-10-08,3.2272119902578655
2018-10-09,3.231412102878059
2018-10-10,3.2346892947608215
2018-10-11,3.2079114060339378
2018-10-12,3.225605041185175
2018-10-15,3.224408205069864
2018-10-16,3.2735239309023276
2018-10-17,3.438052424975531
2018-10-18,3.49644862516351
2018-10-19,3.4567036991721736
2018-10-22,3.4650359210916624
2018-10-23,3.4786549635668518
2018-10-24,3.5767118292381137
2018-10-25,3.4106143549884917
2018-10-26,3.4392794688199464
2018-10-29,3.525401953066681
2018-10-30,3.4098686133467004
2018-10-31,3.461478665772642
2018-11-01,3.367776798489293
2018-11-02,3.5282083203301395
2018-11-05,3.4930900831876044
2018-11-06,3.508535350186922
2018-11-07,3.482965065602808
2018-11-08,3.5142705549234767
2018-11-09,3.5075233808202593
2018-11-12,3.667493288222977
2018-11-13,3.62712038699972
2018-11-14,3.5299345698601607
2018-11-15,3.5305616449487216
2018-11-16,3.5940990281171037
2018-11-19,3.606137755221427
2018-11-20,3.555470161569675
2018-11-21,3.5042747578096445
2018-11-23,3.501243896386343
2018-11-26,3.484224279442335
2018-11-27,3.496573570786802
2018-11-28,3.4801153383218772
2018-11-29,3.472587947696981
2018-11-30,3.453598946118383
2018-12-03,3.480655825097584
2018-12-04,3.5193028928877537
2018-12-06,3.5538634060148118
2018-12-07,3.5761187189342
2018-12-10,3.537102489961995
2018-12-11,3.5581402396395343
2018-12-12,3.553473256753432
2018-12-13,3.5425117919572906
2018-12-14,3.5302933628982895
2018-12-17,3.5505215222212776
2018-12-18,3.530115336634376
2018-12-19,3.5362855405245024
2018-12-20,3.5104870677715247
2018-12-21,3.5899582481348435
2018-12-24,3.584593853502609
2018-12-26,3.5501800256989133
2018-12-27,3.53110039487707
2018-12-28,3.543573158715124
2018-12-31,3.5162525349062417
2019-01-02,3.504999045491453
2019-01-03,3.559955727088315
2019-01-04,3.4181019982039795
2019-01-07,3.3762747862375133
2019-01-08,3.4006985202686697
2019-01-09,3.503043791711214
2019-01-10,3.422677694842021
2019-01-11,3.449110040257554
2019-01-14,3.420924794030229
2019-01-15,3.4265013154659245
2019-01-16,3.404232411956324
2019-01-17,3.096360948353218
2019-01-18,3.210856120869641
2019-01-22,3.2895366405297786
2019-01-23,3.267113205097214
2019-01-24,3.279572383577151
2019-01-25,3.2650994326846092
2019-01-28,3.3329198908525366
2019-01-29,3.3166315076873594
2019-01-30,3.0707300848024595
2019-01-31,3.1706695572067622
2019-02-01,3.2116571863574195
2019-02-04,3.188390155313426
2019-02-05,3.2022906739595416
2019-02-06,3.185597125690727
2019-02-07,3.051134411749151
2019-02-08,3.0769088753873413
2019-02-11,2.9572100794691303
2019-02-12,2.8723419104236765
2019-02-13,2.942739187666438
2019-02-14,2.9623194182175783
2019-02-15,3.040900608150236
2019-02-19,3.0071996781475097
2019-02-20,3.0140502518594654
2019-02-21,3.004748660568695
2019-02-22,3.003068470152644
2019-02-25,3.0313603431802374
2019-02-26,3.032286635013897
2019-02-27,3.0107818433573943
2019-02-28,2.9789684420203675
2019-03-01,3.011077183208213
2019-03-04,2.9767448278458932
2019-03-05,3.020800578378993
2019-03-06,3.047178101407831
2019-03-07,3.029048913799436
2019-03-08,3.020820965631547
2019-03-11,2.9693960505129215
2019-03-12,3.0254362424805468
2019-03-13,3.0226224861124322
2019-03-14,3.012598839838888
2019-03-15,3.0051153846214094
2019-03-18,3.022488860238299
2019-03-19,3.023548467749918
2019-03-20,3.028384793176236
2019-03-21,3.0611288766441382
2019-03-22,3.0539408423025303
2019-03-25,3.0455050973210764
2019-03-26,3.051826352518817
2019-03-27,3.061061354103705
2019-03-28,3.062148651894707
2019-03-29,3.0858777413743272
2019-04-01,3.139079795658248
2019-04-02,3.136253543217434
2019-04-03,3.1960948742095434
2019-04-04,3.167726738793187
2019-04-05,3.203009815202561
2019-04-08,3.1025570106443703
2019-04-09,2.942430569614148
2019-04-10,2.7454524743542317
2019-04-11,2.6325859849372293
2019-04-12,2.613539816792898
2019-04-15,2.6676626692508267
2019-04-16,2.855509667490681
2019-04-17,2.852791955736963
2019-04-18,2.844906317104419
2019-04-22,2.8478420892570475
2019-04-23,2.851046920221668
2019-04-24,2.87001784273027
2019-04-25,2.868540575081034
2019-04-26,2.86515256993055
2019-04-29,2.88106695649552
2019-04-30,2.8660320028075876
2019-05-01,2.8569897048496924
2019-05-02,2.8335271179232002
2019-05-03,2.8318911537687805
2019-05-06,2.8022565480516417
2019-05-07,2.7827650586474832
2019-05-08,2.769994908018902
2019-05-09,2.7754403890792574
2019-05-10,2.7673059548190153
2019-05-13,2.791164075265105
2019-05-14,2.7940073932164378
2019-05-15,2.816678277988569
2019-05-16,2.7852037874196274
2019-05-17,2.803057357265268
2019-05-20,2.794118433309492
2019-05-21,2.759934823913439
2019-05-22,2.7678726743260595
2019-05-23,2.7950535163371995
2019-05-24,2.791922461858438
2019-05-28,2.820336981009802
2019-05-29,2.8102069602025486
2019-05-30,2.804784764999077
2019-05-31,2.8843744634597877
2019-06-03,2.844615354912369
2019-06-04,2.8322422845770556
2019-06-05,2.836845879070571
2019-06-06,2.8111904035410378
2019-06-07,2.809761095407936
2019-06-10,2.7947543701663413
2019-06-11,2.8027437964805633
2019-06-12,2.8262458593887683
2019-06-13,2.785247823155755
2019-06-14,2.742767985651255
2019-06-17,2.7300016297393563
2019-06-18,2.7260080318373876
2019-06-19,2.691829223205054
2019-06-20,2.6604563359252342
2019-06-21,2.658178092743188
2019-06-24,2.687200901307667
2019-06-25,2.6855493582008028
2019-06-26,2.607720328600335
2019-06-27,2.6477362984754063
2019-06-28,2.6799452866457396
2019-07-01,2.680289927736271
2019-07-02,2.6789964643498103
2019-07-03,2.6712107671125396
2019-07-05,2.6893032267811736
2019-07-08,2.6682338484105315
2019-07-09,2.6634318102252528
2019-07-10,2.617766306246075
2019-07-11,2.805844556235503
2019-07-12,2.813574196612277
2019-07-15,2.8427411724851055
2019-07-16,2.8364026715905624
2019-07-17,2.857334740406952
2019-07-18,2.892344920124094
2019-07-19,2.851614242096346
2019-07-22,2.818637449546451
2019-07-23,2.7996999050385396
2019-07-24,2.8353232230443672
2019-07-25,2.848164497050654
2019-07-26,2.837055235529614
2019-07-29,2.822530542846087
2019-07-30,2.8153070923639163
2019-07-31,2.829621617587935
2019-08-01,2.8404582195244683
2019-08-02,2.7976757991794035
2019-08-05,2.8118361335599182
2019-08-06,2.8313928296149373
2019-08-07,2.812106790480436
2019-08-08,2.8671144770129025
2019-08-09,2.901579656044139
2019-08-12,2.890072473770677
2019-08-13,2.8550922261746132
2019-08-14,2.9085078000975124
2019-08-15,2.909110613476205
2019-08-16,2.884934479984001
2019-08-19,2.8756502465596756
2019-08-20,2.909438203744788
2019-08-21,2.886769017277652
2019-08-22,2.860838703896298
2019-08-23,2.8762166884342406
2019-08-26,2.8254035582082477
2019-08-27,2.8097666981591716
2019-08-28,2.797301585115767
2019-08-29,2.8292529285835837
2019-08-30,2.872761565895799
2019-09-03,2.8899502538306066
2019-09-04,2.882502295712336
2019-09-05,3.368602915326772
2019-09-06,3.351224411777112
2019-09-09,3.336960971053741
2019-09-10,3.33740963555144
2019-09-11,3.3522331817338036
2019-09-12,3.374367793281947
2019-09-13,3.2163055301115895
2019-09-16,3.2192081997269395
2019-09-17,3.210920488379416
2019-09-18,3.1983030191162087
2019-09-19,3.230421015308352
2019-09-20,3.267354415052442
2019-09-23,3.3048696039438554
2019-09-24,3.232384710622211
2019-09-25,3.271692454217153
2019-09-26,3.2527258604328595
2019-09-27,3.2338603969523
2019-09-30,3.2339534623067454
2019-10-01,3.2306706116517603
2019-10-02,3.259842729249984
2019-10-03,3.2816046441319466
2019-10-04,3.2618231132906774
2019-10-07,3.253439303297931
2019-10-08,3.292612255680961
2019-10-09,3.2789875720545036
2019-10-10,3.310863838808729
2019-10-11,3.2934183771035297
2019-10-14,3.3273348804828924
2019-10-15,3.285478712111046
2019-10-16,3.3319775037735093
2019-10-17,3.293442013871076
2019-10-18,3.1351866202838883
2019-10-21,3.0890315477447157
2019-10-22,3.1060748254384483
2019-10-23,3.124536303941274
2019-10-24,3.102577452133654
2019-10-25,2.9936416887839736
2019-10-28,3.1592587658010096
2019-10-29,3.1416132110705846
2019-10-30,2.9809809396327798
2019-10-31,3.1132986852457676
2019-11-01,3.0409253475804356
2019-11-04,3.142031262009204
2019-11-05,2.9718616568641445
2019-11-06,2.9977581590749427
2019-11-07,2.943008805943165
2019-11-08,2.971617599391676
2019-11-11,2.928540746156765
2019-11-12,2.906075332629344
2019-11-13,2.8934772966497038
2019-11-14,2.943766038683531
2019-11-15,2.9440963895805425
2019-11-18,2.9771167092534077
2019-11-19,2.9693642528845556
2019-11-20,3.0411634522426754
2019-11-21,3.0144633299808152
2019-11-22,3.045316130438489
2019-11-25,3.046314717709467
2019-11-26,3.090041587490523
2019-11-27,3.0737760917761503
2019-11-29,3.052863316148856
2019-12-02,3.0549866082947057
2019-12-03,3.0765788076399625
2019-12-04,2.9813716804785946
2019-12-05,2.9312197441245655
2019-12-06,2.875999990140063
2019-12-09,2.9022702922855124
2019-12-10,2.9511258949584653
2019-12-11,2.9859713656999287
2019-12-12,2.9585996021738468
2019-12-13,2.9448359402393702
2019-12-16,2.95388210432321
2019-12-17,2.9353486909615953
2019-12-18,2.9786361418069176
2019-12-19,2.9789220944853247
2019-12-20,3.006121026104869
2019-12-23,2.9955093753434467
2019-12-24,2.981773808396579
2019-12-26,2.992350704697823
2019-12-27,3.018070607975225
2019-12-30,3.028366841475104
2019-12-31,3.026498114599359
2020-01-02,3.0325514407083243
2020-01-03,2.976916882687461
2020-01-06,3.1236100416827273
2020-01-07,3.1832636749600134
2020-01-08,3.132092608823176
2020-01-09,3.001370991225243
2020-01-10,3.1386864948429585
2020-01-13,3.0655880758649388
2020-01-14,3.1065531884397726
2020-01-15,3.1371985708054266
2020-01-16,3.13702900180596
2020-01-17,3.5918253866371685
2020-01-21,3.5292498048468977
2020-01-22,3.459466537757312
2020-01-23,3.503083240378883
2020-01-24,3.530050286704513
2020-01-27,3.5402531593886253
2020-01-28,3.4529506506957026
2020-01-29,3.515804453378315
2020-01-30,3.9442041246981874
2020-01-31,3.956072827963512
2020-02-03,3.8364299921628366
2020-02-04,3.8360203087067393
2020-02-05,3.8548060568105567
2020-02-06,3.8885574102273606
2020-02-07,4.331537469988092
2020-02-10,4.332532978839921
2020-02-11,4.335013018371202
2020-02-12,4.329694566427949
2020-02-13,4.284672653108505
2020-02-14,4.17001688865034
2020-02-18,4.147864312493283
2020-02-19,4.166835994132454
2020-02-20,4.164059405446825
2020-02-21,4.157683590909837
2020-02-24,4.185079899371417
2020-02-25,4.2108787525855185
2020-02-26,4.210007520045885
2020-02-27,4.320868281607309
2020-02-28,4.310253165954948
2020-03-02,4.32986803732522
2020-03-03,4.368708659124492
2020-03-04,4.383803391475957
2020-03-05,4.461165614232551
2020-03-06,4.521203236257688
2020-03-09,4.560062231901538
2020-03-10,4.49880255785955
2020-03-11,4.550288652887059
2020-03-12,4.650192336732716
2020-03-13,4.439611716797647
2020-03-16,4.020526613495939
2020-03-17,3.4464266774107446
2020-03-18,3.576978725870401
2020-03-19,3.493498494386524
2020-03-20,3.611905570532638
2020-03-23,3.7620151281760568
2020-03-24,3.6839447929240903
2020-03-25,3.7530092553950136
2020-03-26,3.741372740550948
2020-03-27,3.8632117242112054
2020-03-30,3.8071629139337038
2020-03-31,3.910723428991188
2020-04-01,3.9627407084691906
2020-04-02,3.9642266326113225
2020-04-03,3.953018563162528
2020-04-06,3.884677563535342
2020-04-07,3.9311548738809874
2020-04-08,3.9519012359568046
2020-04-09,4.049291439305196
2020-04-13,4.0892080426556765
2020-04-14,4.1251735014192565
2020-04-15,4.051456856525558
2020-04-16,3.8948558679002314
2020-04-17,3.8969283927459224
2020-04-20,3.909866772448272
2020-04-21,3.954738837085793
2020-04-22,3.892188329141302
2020-04-23,3.8775030106526835
2020-04-24,3.9208859846164406
2020-04-27,3.9925033646271686
2020-04-28,4.063434263777511
2020-04-29,4.098109969870651
2020-04-30,4.05550977912819
2020-05-01,4.076139864855326
2020-05-04,4.087988666833935
2020-05-05,4.130969900897095
2020-05-06,4.129955492829572
2020-05-07,4.246568866184582
2020-05-08,4.251561216099271
2020-05-11,4.336598513805966
2020-05-12,4.3301205808963585
2020-05-13,4.348623151946809
2020-05-14,4.388177208954799
2020-05-15,4.404521311637062
2020-05-18,4.3599054069213565
2020-05-19,4.374291383828327
2020-05-20,4.431228720055796
2020-05-21,4.436216777201585
2020-05-22,4.396178541934441
2020-05-26,4.3895424661013385
2020-05-27,4.401129151122486
2020-05-28,4.395959182973881
2020-05-29,4.408561724107358
2020-06-01,4.4099515362242
2020-06-02,4.424500615387161
2020-06-03,4.475378180239497
2020-06-04,4.496224465050877
2020-06-05,4.530973719907293
2020-06-08,4.607902025365831
2020-06-09,4.6305379963398865
2020-06-10,4.6176781742842135
2020-06-11,4.61681683580273
2020-06-12,4.613554499482344
2020-06-15,4.59871014038035
2020-06-16,4.600505814522298
2020-06-17,4.611877799402355
2020-06-18,4.647762038075097
2020-06-19,4.690265720209652
2020-06-22,4.759982123938115
2020-06-23,4.775842600059849
2020-06-24,4.602816884548355
2020-06-25,4.655622493413794
2020-06-26,4.714816598353826
2020-06-29,4.672458323773034
2020-06-30,4.707144591547939
2020-07-01,4.679255137223383
2020-07-02,4.777782862819544
2020-07-06,4.7227898379073805
2020-07-07,4.786572273422564
2020-07-08,4.717055391305507
2020-07-09,4.789380518815951
2020-07-10,4.718007288688722
2020-07-13,4.691651066479524
2020-07-14,4.726981272543481
2020-07-15,4.583702928766348
2020-07-16,4.596375988287505
2020-07-17,4.633779114193934
2020-07-20,4.691104759784612
2020-07-21,4.804313031254332
2020-07-22,4.861343845300044
2020-07-23,4.839848663355529
2020-07-24,4.840093474455037
2020-07-27,4.864407476718293
2020-07-28,4.837650668747587
2020-07-29,4.839120315988538
2020-07-30,4.827949653445533
2020-07-31,4.8641462565991125
2020-08-03,4.865839819319124
2020-08-04,4.875347353840001
2020-08-05,4.868774662711558
2020-08-06,4.88279755378594
2020-08-07,4.816016267780358
2020-08-10,4.77510068634309
2020-08-11,4.815653958145629
2020-08-12,4.861515023847891
2020-08-13,4.843952357745356
2020-08-14,4.859061002360298
2020-08-17,4.867101041560039
2020-08-18,4.8777155219818225
2020-08-19,4.844313346847695
2020-08-20,4.822760123251146
2020-08-21,4.864308499409519
2020-08-24,4.851396169048663
2020-08-25,4.8763200233139035
2020-08-26,4.869400456426954
2020-08-27,4.82915972893891
2020-08-28,4.801404056599809
2020-08-31,4.789659085867088
2020-09-01,4.773773461997514
2020-09-02,4.7954311192398285
2020-09-03,4.801001678431483
2020-09-04,4.795558525210381
2020-09-08,4.825627083562273
2020-09-09,4.828469691887836
2020-09-10,4.818196130186935
2020-09-11,4.80370006532938
2020-09-14,4.79612442222051
2020-09-15,4.791627239784898
2020-09-16,4.78390858179588
2020-09-17,4.909280729273595
2020-09-18,4.920056478356399
2020-09-21,4.9163360216563925
2020-09-22,4.91293703262002
2020-09-23,4.900328771463083
2020-09-24,4.9163053164951025
2020-09-25,4.9277238852815035
2020-09-28,4.927278372025512
2020-09-29,4.905499228315441
2020-09-30,4.881194214032395
2020-10-01,4.8717056672384125
2020-10-02,4.871074993137125
2020-10-05,4.877197898222135
2020-10-06,4.873034296645478
2020-10-07,4.866578141784091
2020-10-08,4.872260737994002
2020-10-09,4.841635007506031
2020-10-12,4.869968020528232
2020-10-13,4.887391798265272
2020-10-14,4.910509906844976
2020-10-15,4.894381030924334
2020-10-16,4.858534594561281
2020-10-19,4.879155228395247
2020-10-20,4.8743066577381455
2020-10-21,4.862348578494323
2020-10-22,4.843349262532717
2020-10-23,4.8401176573236375
2020-10-26,4.849568596276543
2020-10-27,4.845892725410494
2020-10-28,4.8482813851643325
2020-10-29,4.859271521726843
2020-10-30,4.81024535923161
2020-11-02,4.79360716262114
2020-11-03,4.780559946520956
2020-11-04,4.779410008457184
2020-11-05,4.788290170988636
2020-11-06,4.833004619990783
2020-11-09,4.719430737944138
2020-11-10,4.63878641873437
2020-11-11,4.752238575323736
2020-11-12,4.8753855894497375
2020-11-13,4.880037778117548
2020-11-16,4.898868246671711
2020-11-17,4.910333287477187
2020-11-18,4.918350176708201
2020-11-19,4.8562430944335855
2020-11-20,4.864744755620836
2020-11-23,4.868834254928788
2020-11-24,4.818333117550931
2020-11-25,4.833168749503937
2020-11-27,4.849583467772884
2020-11-30,4.930516707053042
2020-12-01,4.9433683052283515
2020-12-02,4.9495071605960534
2020-12-03,4.986800278067864
2020-12-04,4.984823118120075
2020-12-07,5.020152090581777
2020-12-08,5.123809791987471
2020-12-09,5.13910867897531
2020-12-10,5.11432577727494
2020-12-11,5.134325798441289
2020-12-14,5.1319193308762285
2020-12-15,5.106965226537975
2020-12-16,5.125267185390887
2020-12-17,5.119845223615249
2020-12-18,5.1216431499594
2020-12-21,5.143597963680064
2020-12-22,5.131717300351414
2020-12-23,5.168498190978243
2020-12-24,5.1438928346705985
2020-12-28,5.182150837737336
2020-12-29,5.169959181975471
2020-12-30,5.204555277909797
2020-12-31,5.217556210076553
2021-01-04,5.2306535355103385
2021-01-05,5.236147666688412
2021-01-06,5.2130856772408976
2021-01-07,5.2333131950589085
2021-01-08,5.239849197510937
2021-01-11,5.216035928976398
2021-01-12,5.229225044588133
2021-01-13,5.233864830213656
2021-01-14,5.208417815220464
2021-01-15,5.254743605483703
2021-01-19,5.266006408441086
2021-01-20,5.2218249495245965
2021-01-21,5.19038732436115
2021-01-22,5.178726957580226
2021-01-25,5.138584626939591
2021-01-26,5.165766598111853
2021-01-27,5.199909808673452
2021-01-28,5.170701837144309
2021-01-29,5.2149850241566345
2021-02-01,5.169717626862388
2021-02-02,5.206131624915708
2021-02-03,5.224549945521996
2021-02-04,5.205964389262405
2021-02-05,5.20775499763035
2021-02-08,5.174741352373824
2021-02-09,5.106309333521592
2021-02-10,5.158232084029993
2021-02-11,5.181293159366379
2021-02-12,5.1376078469031645
2021-02-16,5.203860683304863
2021-02-17,5.190229917427128
2021-02-18,5.179395629982279
2021-02-19,5.187148116987282
2021-02-22,5.16321273360503
2021-02-23,5.149398530642966
2021-02-24,5.107343049160805
2021-02-25,5.139899820119188
2021-02-26,5.115470426215754
2021-03-01,5.121411869434243
2021-03-02,5.08521533391776
2021-03-03,5.084701392018244
2021-03-04,5.077128650647214
2021-03-05,5.007807692124032
2021-03-08,4.982418529049849
2021-03-09,4.965646331715684
2021-03-10,5.013664453393347
2021-03-11,4.93855097415491
2021-03-12,4.8578026170167465
2021-03-15,4.972271313764508
2021-03-16,5.012496980499371
2021-03-17,5.4536962553183495
2021-03-18,5.458269593640616
2021-03-19,5.462664848230101
2021-03-22,5.363540246920878
2021-03-23,5.29496971083358
2021-03-24,5.387591916913904
2021-03-25,5.589014342151691
2021-03-26,5.581249900838582
2021-03-29,5.764961027155546
2021-03-30,5.890134901574719
2021-03-31,5.553510160854866
2021-04-01,5.560000663157195
2021-04-05,5.537946310449156
2021-04-06,5.597901337355602
2021-04-07,5.692314548244151
2021-04-08,5.6083303220027965
2021-04-09,5.660803507939633
2021-04-12,5.674329436986976
2021-04-13,5.631058696737456
2021-04-14,5.574759167650425
2021-04-15,5.416729160649862
2021-04-16,5.440693404679394
2021-04-19,5.496153860494227
2021-04-20,5.493147751866099
2021-04-21,5.40957332896992
2021-04-22,5.516072448952857
2021-04-23,5.490342310008823
2021-04-26,5.4425129417224065
2021-04-27,5.450641577571918
2021-04-28,5.4066754313659615
2021-04-29,5.3770588338175465
2021-04-30,5.457417665341012
2021-05-03,5.424703223039173
2021-05-04,5.44138537589906
2021-05-05,5.427656341119671
2021-05-06,5.476701767904953
2021-05-07,5.438412929873273
2021-05-10,5.457859504539073
2021-05-11,5.317277247055042
2021-05-12,5.330473741396541
2021-05-13,5.262832209113699
2021-05-14,5.217664633470019
2021-05-17,5.202619819995043
2021-05-18,5.295391864376279
2021-05-19,5.262785271140719
2021-05-20,5.226802994048101
2021-05-21,5.219883907072977
2021-05-24,5.2410738721535175
2021-05-25,5.268536682544712
2021-05-26,5.231390142377419
2021-05-27,5.242290623653604
2021-05-28,5.248275277921479
2021-06-01,5.148269733653221
2021-06-02,5.197382393904141
2021-06-03,5.130850874230108
2021-06-04,5.097368742842396
2021-06-07,5.086921979988444
2021-06-08,5.01655942967722
2021-06-09,4.989866402867934
2021-06-10,4.9876640669380405
2021-06-11,4.97805672309062
2021-06-14,5.007964226714656
2021-06-15,4.937819435925244
2021-06-16,5.019927145899267
2021-06-17,5.048843938738597
2021-06-18,5.051276128709045
2021-06-21,4.997783023301422
2021-06-22,4.920562537510418
2021-06-23,4.8860387039747275
2021-06-24,5.197307042739207
2021-06-25,4.985289575619065
2021-06-28,4.996631165830272
2021-06-29,5.051251390248412
2021-06-30,5.043538436548738
2021-07-01,5.022141000536234
2021-07-02,4.919710205151976
2021-07-06,4.961384020328346
2021-07-07,4.920443202547688
2021-07-08,5.136906049926223
2021-07-09,5.033910556405547
2021-07-12,4.9895468544428185
2021-07-13,5.100839080441931
2021-07-14,5.053870995135948
2021-07-15,5.22741914854827
2021-07-16,5.234916270382848
2021-07-19,5.271693353136157
2021-07-20,5.146724733807435
2021-07-21,5.071581586721162
2021-07-22,5.002490864023296
2021-07-23,4.994836001574452
2021-07-26,5.022720483057586
2021-07-27,5.020044896181444
2021-07-28,4.998423189101816
2021-07-29,5.015725292571613
2021-07-30,4.990952766703684
2021-08-02,5.013370646290774
2021-08-03,5.043571644060989
2021-08-04,5.069137908909597
2021-08-05,5.016980474704995
2021-08-06,4.939112934948176
2021-08-09,4.99101788128958
2021-08-10,5.076901625500548
2021-08-11,5.00335606829459
2021-08-12,5.017720789035869
2021-08-13,5.022991822086601
2021-08-16,4.98600270863558
2021-08-17,4.979317172861993
2021-08-18,5.0040563392985655
2021-08-19,5.019580278641669
2021-08-20,5.103557125439699
2021-08-23,4.746496132935033
2021-08-24,4.7719826528604345
2021-08-25,4.795421954153826
2021-08-26,4.8209079147682035
2021-08-27,4.8279959172965405
2021-08-30,4.846937834536243
2021-08-31,4.83714147478581
2021-09-01,4.790289023282108
2021-09-02,4.804640791789076
2021-09-03,4.7926582498994135
2021-09-07,4.827975742981828
2021-09-08,4.851076512105248
2021-09-09,4.821143523215894
2021-09-10,4.820221128484064
2021-09-13,4.8481603234584005
2021-09-14,4.835357232762884
2021-09-15,4.809157568041633
2021-09-16,4.828744420436877
2021-09-17,4.749665291241675
2021-09-20,4.851144768707726
2021-09-21,4.8351132765067355
2021-09-22,4.832056695085564
2021-09-23,4.843370239886416
2021-09-24,4.844678160332533
2021-09-27,4.901634241624787
2021-09-28,4.942741559820975
2021-09-29,4.957738513421777
2021-09-30,4.879864091722321
2021-10-01,4.875187715314872
2021-10-04,4.928517865999313
2021-10-05,4.858518892950955
2021-10-06,4.908963817222099
2021-10-07,4.883426489712535
2021-10-08,4.9507970716645815
2021-10-11,4.895553457065341
2021-10-12,4.892329497100894
2021-10-13,4.8520603620168465
2021-10-14,4.8166988069194066
2021-10-15,4.816172670311811
2021-10-18,4.865294646059041
2021-10-19,4.804605603156257
2021-10-20,4.850770657209641
2021-10-21,4.875642764313753
2021-10-22,4.890207766153656
2021-10-25,4.889514050786111
2021-10-26,4.867085619237393
2021-10-27,4.885073890729787
2021-10-28,4.857679917570163
2021-10-29,4.8829195436302495
2021-11-01,4.930261843805159
2021-11-02,4.964464134587416
2021-11-03,4.975981957844059
2021-11-04,4.991002336001618
2021-11-05,4.9757209616971965
2021-11-08,4.917385795321056
2021-11-09,5.109731814895334
2021-11-10,5.245388597590523
2021-11-11,5.174442619625267
2021-11-12,5.17167961367727
2021-11-15,5.171957789363377
2021-11-16,5.16385368816632
2021-11-17,5.120395366300355
2021-11-18,5.103427920071233
2021-11-19,5.135200506095591
2021-11-22,5.115982659142379
2021-11-23,5.0921086290746045
2021-11-24,5.1736198801128115
2021-11-26,5.178926645416137
2021-11-29,5.165274080212804
2021-11-30,5.064100188820409
2021-12-01,5.03505267708335
2021-12-02,4.991315944429467
2021-12-03,5.046603413194964
2021-12-06,5.06225764201391
2021-12-07,4.972636064141555
2021-12-08,5.010791999755348
2021-12-09,5.020745992779379
2021-12-10,5.026253240130281
2021-12-13,5.035944298573937
2021-12-14,5.031489701267639
2021-12-15,5.072028831817355
2021-12-16,5.051548868313874
2021-12-17,5.049558928447825
2021-12-20,5.036769325157629
2021-12-21,4.962604043664614
2021-12-22,5.030256517366749
2021-12-23,4.920052323669701
2021-12-27,4.968486336944958
2021-12-28,4.94380622617566
2021-12-29,4.97203525729267
2021-12-30,4.833344715780606
2021-12-31,4.84587237184532
2022-01-03,4.866774425370846
2022-01-04,4.87661806391183
2022-01-05,4.889497073329129
2022-01-06,4.84324587455435
2022-01-07,4.904163375324472
2022-01-10,4.843528271184165
2022-01-11,4.86670900080241
2022-01-12,4.814756076334051
2022-01-13,4.862898442582499
2022-01-14,4.750630792077304
2022-01-18,4.773885219332282
2022-01-19,4.762908968095486
2022-01-20,4.8603729462417204
2022-01-21,4.912039548959424
2022-01-24,4.9510025794242125
2022-01-25,4.878452184819292
2022-01-26,4.895188437768824
2022-01-27,4.892897590537804
2022-01-28,4.81773055368328
2022-01-31,4.67086712480569
2022-02-01,4.66766730578197
2022-02-02,4.634944745899911
2022-02-03,4.622162782646405
2022-02-04,4.620862187547568
2022-02-07,4.6626478712994155
2022-02-08,4.852791345080939
2022-02-09,4.599555374029663
2022-02-10,4.712026730141129
2022-02-11,4.626507474063632
2022-02-14,4.639949190551466
2022-02-15,4.556033480395968
2022-02-16,4.633494290576717
2022-02-17,4.7138448174341105
2022-02-18,4.787890757520112
2022-02-22,4.708666672788279
2022-02-23,4.606678393200655
2022-02-24,4.615025251436981
2022-02-25,4.723651413366997
2022-02-28,4.79504954273453
2022-03-01,4.887321071602286
2022-03-02,4.819353433118353
2022-03-03,4.835639947953692
2022-03-04,4.8751174839989355
2022-03-07,4.893254672140099
2022-03-08,4.915073914104561
2022-03-09,4.833890903692979
2022-03-10,4.931993428873637
2022-03-11,4.89320260653093
2022-03-14,4.699490010221063
2022-03-15,4.415081394588365
2022-03-16,3.949975203173256
2022-03-17,3.934933369012638
2022-03-18,3.906816302491813
2022-03-21,3.954591690892069
2022-03-22,3.955752477799469
2022-03-23,4.070662783516261
2022-03-24,4.0727071745248224
2022-03-25,4.172866026344141
2022-03-28,4.092266672112511
2022-03-29,4.092063775700443
2022-03-30,4.3809747997571105
2022-03-31,4.2587370763549135
2022-04-01,4.280842911076752
2022-04-04,4.302247928655829
2022-04-05,4.346237831139053
2022-04-06,4.347166029711584
2022-04-07,4.249755880323819
2022-04-08,4.202239539433577
2022-04-11,4.175727906165806
2022-04-12,4.1939734687206185
2022-04-13,4.243132779542417
2022-04-14,4.316048121728062
2022-04-18,4.18702835644832
2022-04-19,4.1674355105650225
2022-04-20,4.256564747644005
2022-04-21,4.247453921101042
2022-04-22,4.264804622507059
2022-04-25,4.221469125458241
2022-04-26,4.203840483895125
2022-04-27,4.102014762920956
2022-04-28,4.092372203469363
2022-04-29,4.080198102961224
2022-05-02,4.100209098949424
2022-05-03,4.059372338065311
2022-05-04,4.020151924041845
2022-05-05,4.010998185628384
2022-05-06,3.9619038932671775
2022-05-09,3.9411555320430938
2022-05-10,3.990402500644935
2022-05-11,4.063388377107615
2022-05-12,4.0440009961196886
2022-05-13,4.04297665120335
2022-05-16,4.087093928392123
2022-05-17,4.098121077458305
2022-05-18,4.174582066900887
2022-05-19,4.132836260288577
2022-05-20,4.143689551786119
2022-05-23,4.2025477346970375
2022-05-24,4.190815555161641
2022-05-25,4.19905265293758
2022-05-26,4.180305718122433
2022-05-27,3.507224103175193
2022-05-31,3.5075047059593984
2022-06-01,3.465517335729676
2022-06-02,3.5473613136671673
2022-06-03,3.5560144029437026
2022-06-06,3.6792267424662257
2022-06-07,3.6760685633557864
2022-06-08,3.678730968377017
2022-06-09,3.7049941148690584
2022-06-10,3.7163758153447435
2022-06-13,3.7393734066414934
2022-06-14,3.646839046094695
2022-06-15,3.557674276378022
2022-06-16,3.617076011682606
2022-06-17,2.7172531652209186
2022-06-21,2.734461572856604
2022-06-22,2.705780787589257
2022-06-23,2.878047994560462
2022-06-24,2.887365613182801
2022-06-27,3.0308040548688586
2022-06-28,2.9620410220707494
2022-06-29,3.119256494745456
2022-06-30,3.1117614221201557
2022-07-01,3.12570562400444
2022-07-05,3.194832452629459
2022-07-06,3.193913358816869
2022-07-07,3.106371697983137
2022-07-08,3.061400058393033
2022-07-11,3.115356811353966
2022-07-12,3.064287917718763
2022-07-13,3.0304367341433536
2022-07-14,2.876161307536957
2022-07-15,2.917025795847076
2022-07-18,2.8504431412676454
2022-07-19,2.800181981538932
2022-07-20,2.9039332854202278
2022-07-21,2.842220850630507
2022-07-22,2.895112420566055
2022-07-25,2.7919666245155628
2022-07-26,2.8284151734070164
2022-07-27,2.8287248832318976
2022-07-28,2.93634710644461
2022-07-29,2.858097130938837
2022-08-01,2.87162414859283
2022-08-02,2.9148594069133997
2022-08-03,2.900951016930187
2022-08-04,2.887967751336449
2022-08-05,2.935183223121498
2022-08-08,2.957856127322377
2022-08-09,2.9630430255183855
2022-08-10,2.916435933726658
2022-08-11,2.8942687962004805
2022-08-12,2.872655805897958
2022-08-15,2.8985626668462143
2022-08-16,2.9842286659951065
2022-08-17,3.0064916814520815
2022-08-18,2.984019929440276
2022-08-19,3.0233060500544755
2022-08-22,2.9891369965706636
2022-08-23,3.1354059110862744
2022-08-24,3.1187136404400175
2022-08-25,3.0940464843979405
2022-08-26,3.1029747133864807
2022-08-29,3.1059101120852115
2022-08-30,3.1099939275897563
2022-08-31,3.097407225578195
2022-09-01,3.1048962968095597
2022-09-02,3.0854241053397162
2022-09-06,3.077830813973641
2022-09-07,3.0603715097568545
2022-09-08,3.044903084495282
2022-09-09,3.072963288210067
2022-09-12,3.0194271290863446
2022-09-13,3.0093320945699
2022-09-14,3.00532963046477
2022-09-15,3.030890073609344
2022-09-16,3.018395467286498
2022-09-19,3.018375835375105
2022-09-20,2.9265503976470075
2022-09-21,2.919197175515182
2022-09-22,2.9250498735314907
2022-09-23,2.9395586488621133
2022-09-26,2.9257428237933953
2022-09-27,2.8789733032125726
2022-09-28,2.826038970027063
2022-09-29,2.8720401502641493
2022-09-30,2.9087422342691966
2022-10-03,2.930230302337576
2022-10-04,2.8500087234461544
2022-10-05,2.9367624550943026
2022-10-06,2.9066838259373884
2022-10-07,2.929679771909839
2022-10-10,2.883044202253354
2022-10-11,2.9021967620785953
2022-10-12,2.873940757178922
2022-10-13,3.0288015648615674
2022-10-14,3.0776288093590405
2022-10-17,3.0309077507528257
2022-10-18,3.0561078343933334
2022-10-19,3.0810616413516163
2022-10-20,3.0218517737113872
2022-10-21,3.0079093334633527
2022-10-24,3.012100063868124
2022-10-25,3.008861944879865
2022-10-26,2.994159790383751
2022-10-27,3.0046439059890555
2022-10-28,2.9851481637840203
2022-10-31,3.013533705605037
2022-11-01,3.0016995671814293
2022-11-02,3.0545743380836643
2022-11-03,2.9909132071808453
2022-11-04,2.946595038792489
2022-11-07,3.028113235334402
2022-11-08,3.016297680836355
2022-11-09,3.088349064351021
2022-11-10,2.914359477392597
2022-11-11,2.7467875154875303
2022-11-14,2.819269263324169
2022-11-15,2.8776009739540696
2022-11-16,2.9373888841649967
2022-11-17,2.902501776143024
2022-11-18,2.9301588747570015
2022-11-21,2.9169213498888764
2022-11-22,2.9135781125398
2022-11-23,2.9200030688272016
2022-11-25,2.95837276156885
2022-11-28,2.914700416432237
2022-11-29,2.933410028107736
2022-11-30,2.913508444644002
2022-12-01,2.95583917813435
2022-12-02,2.829037183574007
2022-12-05,2.9135941684075584
2022-12-06,2.8842668911465674
2022-12-07,2.906141960254741
2022-12-08,2.8351739908815037
2022-12-09,2.8903188015425596
2022-12-12,2.9125533095820164
2022-12-13,2.891168522537414
2022-12-14,2.898980990914936
2022-12-15,2.8991331230081947
2022-12-16,2.8873412093679605
2022-12-19,2.915061188877726
2022-12-20,2.8898674493001355
2022-12-21,2.886482542325756
2022-12-22,2.8894271151876385
2022-12-23,2.918341737845471
2022-12-27,2.923305979931062
2022-12-28,2.8912512461215076
2022-12-29,2.8827332399567918
2022-12-30,2.9052293143561934
2023-01-03,2.9017415729654825
2023-01-04,2.8747743509182313
2023-01-05,2.937366992590669
2023-01-06,2.9545692397976886
2023-01-09,3.0092633429394566
2023-01-10,2.957712697158827
2023-01-11,2.9615966808752336
2023-01-12,2.9790326221557737
2023-01-13,3.0124086126476377
2023-01-17,3.011638038760675
2023-01-18,3.0553929585747865
2023-01-19,3.011278416132847
2023-01-20,3.007669186339991
2023-01-23,2.978769055212767
2023-01-24,2.96955498870132
2023-01-25,2.95542227867096
2023-01-26,2.951308266281723
2023-01-27,2.938427236742515
2023-01-30,2.949100819913873
2023-01-31,2.937022360348814
2023-02-01,2.9659050316712667
2023-02-02,2.959356844301976
2023-02-03,2.967029627111942
2023-02-06,2.9825974316735606
2023-02-07,2.965781535153885
2023-02-08,2.931141325087249
2023-02-09,2.9002041756644337
2023-02-10,2.9645653176927715
2023-02-13,2.8287259966914653
2023-02-14,2.875906172865287
2023-02-15,2.8401024930421017
2023-02-16,2.873053907973809
2023-02-17,2.842103158758874
2023-02-21,2.801061579360828
2023-02-22,2.7468328248722447
2023-02-23,2.800222220773429
2023-02-24,2.8476463360384274
2023-02-27,2.809871105683354
2023-02-28,2.684675362054867
2023-03-01,2.64814337423594
2023-03-02,2.5611776845578067
2023-03-03,2.5801032345681727
2023-03-06,2.5642433549776924
2023-03-07,2.5634549643442566
2023-03-08,2.543941743790803
2023-03-09,2.715300492929646
2023-03-10,2.7470290915874394
2023-03-13,2.70258830904135
2023-03-14,2.703130568468386
2023-03-15,2.7684957554290603
2023-03-16,2.8731740654387172
2023-03-17,3.0599091402873446
2023-03-20,2.895852189735712
2023-03-21,2.965611494771144
2023-03-22,2.9211824352629634
2023-03-23,2.8875317152354674
2023-03-24,2.7873986954111185
2023-03-27,2.7860822948720454
2023-03-28,2.7398328760914503
2023-03-29,2.7680084411082215
2023-03-30,2.7473086171942156
2023-03-31,2.669480485648816
2023-04-03,2.699398597392787
2023-04-04,2.6892377859247056
2023-04-05,2.8054415177228913
2023-04-06,2.7953820627863792
2023-04-10,2.8044819824923426
2023-04-11,2.808466751943894
2023-04-12,2.766495256320843
2023-04-13,2.775251659218112
2023-04-14,2.767909314008933
2023-04-17,2.7728483107532442
2023-04-18,2.7229617366392627
2023-04-19,2.735424169900548
2023-04-20,2.7422246978160136
2023-04-21,2.7016057305761927
2023-04-24,2.6928059661316524
2023-04-25,2.7019798408338076
2023-04-26,2.712850273141147
2023-04-27,2.6656660225407567
2023-04-28,2.633707380482997
2023-05-01,2.645092022409168
2023-05-02,2.6996761008989574
2023-05-03,2.6903851488386565
2023-05-04,2.7191160386920687
2023-05-05,2.7285350065446443
2023-05-08,2.697385810002835
2023-05-09,2.684140808188494
2023-05-10,2.7074633697985604
2023-05-11,2.7020705509827043
2023-05-12,2.612813892397865
2023-05-15,2.646134331988337
2023-05-16,2.6796931522646306
2023-05-17,2.6209007864335065
2023-05-18,2.621038712210731
2023-05-19,2.6533888151587233
2023-05-22,2.6558882645510407
2023-05-23,2.669041446820763
2023-05-24,2.6402116034575402
2023-05-25,2.6204643873555296
2023-05-26,2.610936171535898
2023-05-30,2.6459268402518825
2023-05-31,2.934292572500414
2023-06-01,2.951531747124146
2023-06-02,2.949684071621556
2023-06-05,2.939263572277279
2023-06-06,2.9304605784901576
2023-06-07,2.75949541202432
2023-06-08,2.7543093524338307
2023-06-09,2.7663660239185064
2023-06-12,2.848007713187013
2023-06-13,2.84671382295561
2023-06-14,2.7886886374821085
2023-06-15,2.9214826457644225
2023-06-16,2.991176167494141
2023-06-20,2.982626676200627
2023-06-21,3.5623120784952995
2023-06-22,3.5256175119415127
2023-06-23,3.5344961159716397
2023-06-26,3.4174004655496275
2023-06-27,3.4552971678810596
2023-06-28,3.424815735841255
2023-06-29,3.384269323878627
2023-06-30,3.283312637108524
2023-07-03,3.329981150160543
2023-07-05,3.373304819197476
2023-07-06,3.2910514897065175
2023-07-07,3.2654082209558273
2023-07-10,3.342769536328353
2023-07-11,3.3221139840804064
2023-07-12,3.250413821757954
2023-07-13,3.28961059311855
2023-07-14,3.321471600924056
2023-07-17,3.499034525743325
2023-07-18,3.4769936115476137
2023-07-19,3.5344039860512524
2023-07-20,3.5483120277889317
2023-07-21,3.469993562728937
2023-07-24,3.5357763360102195
2023-07-25,3.4301668190368155
2023-07-26,3.567913133080404
2023-07-27,3.6167277328669902
2023-07-28,3.5933477461288725
2023-07-31,3.5816925693694186
2023-08-01,3.76615155235786
2023-08-02,3.7919582249041786
2023-08-03,3.6945818624668267
2023-08-04,3.744042607845229
2023-08-07,3.7280807299250647
2023-08-08,3.7281754947194137
2023-08-09,3.74031402693804
2023-08-10,3.7276725750329676
2023-08-11,3.7557999021856174
2023-08-14,3.7816599729489546
2023-08-15,3.834097463222886
2023-08-16,3.8626793874872343
2023-08-17,3.7288196025440103
2023-08-18,3.744399238080785
2023-08-21,3.789136002794815
2023-08-22,3.7081676546957816
2023-08-23,3.7472537672024355
2023-08-24,3.8269119243305796
2023-08-25,3.8181107944375072
2023-08-28,3.865162945174455
2023-08-29,3.857403694675707
2023-08-30,3.895094236859692
2023-08-31,3.8860320244629394
2023-09-01,3.8819290237109954
2023-09-05,3.863239710878482
2023-09-06,3.8554044072148352
2023-09-07,3.897353191514821
2023-09-08,3.9093533418564297
2023-09-11,3.8959610093550334
2023-09-12,3.8905686816299987
2023-09-13,3.9448256977710487
2023-09-14,3.94533748317431
2023-09-15,3.967635009941495
2023-09-18,3.9580830517008327
2023-09-19,3.958806845408014
2023-09-20,3.9355294598824906
2023-09-21,3.933119578297648
2023-09-22,3.952550450239065
2023-09-25,3.942578339046987
2023-09-26,3.9491567313931286
2023-09-27,3.9375198332750916
2023-09-28,3.935853306184756
2023-09-29,3.949559424436155
2023-10-02,3.988960827320042
2023-10-03,4.1089435198233355
2023-10-04,4.129046052597428
2023-10-05,4.189870584896525
2023-10-06,4.188722278509546
2023-10-09,4.169683370768587
2023-10-10,4.279150929357914
2023-10-11,4.393094126130479
2023-10-12,4.450811206800595
2023-10-13,4.453987475572831
2023-10-16,4.308548359571208
2023-10-17,4.270971431658109
2023-10-18,4.351523288375396
2023-10-19,4.311235193444789
2023-10-20,4.304264659734457
2023-10-23,4.331463134244135
2023-10-24,4.323027727638255
2023-10-25,4.382731230595147
2023-10-26,4.39449996177194
2023-10-27,4.463994901642469
2023-10-30,4.420886955196574
2023-10-31,4.406014400658993
2023-11-01,4.289598542350164
2023-11-02,4.273329224724456
2023-11-03,4.2283504344673615
2023-11-06,4.380539541941167
2023-11-07,4.40448911469187
2023-11-08,4.3569138518042205
2023-11-09,4.386245208393484
2023-11-10,4.279463675201878
2023-11-13,4.590570677329188
2023-11-14,4.7329913585353705
2023-11-15,4.660553413739998
2023-11-16,4.696754178515164
2023-11-17,4.586981354535625
2023-11-20,4.717657798985078
2023-11-21,4.6949547217939855
2023-11-22,4.710200719761976
2023-11-24,4.714442625503638
2023-11-27,4.740793128338078
2023-11-28,4.715434444128247
2023-11-29,4.740340822856456
2023-11-30,4.693403983850337
2023-12-01,4.743788384743439
2023-12-04,4.686933151849875
2023-12-05,4.889572475190179
2023-12-06,4.803301054165812
2023-12-07,4.835576252789485
2023-12-08,4.827155295410837
2023-12-11,4.894242265832293
2023-12-12,4.8248723081684615
2023-12-13,4.779839544805596
2023-12-14,4.794897076877908
2023-12-15,4.822992041653308
2023-12-18,4.8534251650694555
2023-12-19,4.861113500848221
2023-12-20,4.874713384506779
2023-12-21,4.86630823840396
2023-12-22,4.897226252101938
2023-12-26,4.86264591712123
2023-12-27,4.93458625704975
2023-12-28,4.941598573272889
2023-12-29,4.950281611867075
2024-01-02,4.958781951828219
2024-01-03,4.970047487764517
2024-01-04,4.974481383394813
2024-01-05,5.073378656156867
2024-01-08,4.994528495382658
2024-01-09,4.999080654277539
2024-01-10,4.964016444607189
2024-01-11,5.00347681926088
2024-01-12,5.033202194443185
2024-01-16,5.020601281165152
2024-01-17,5.019272676601865
2024-01-18,4.971164923764975
2024-01-19,4.922759415540097
2024-01-22,4.987498108872246
2024-01-23,4.96981457147
2024-01-24,4.9787417717274085
2024-01-25,5.008029137095497
2024-01-26,4.983312234704759
2024-01-29,5.005093943775728
2024-01-30,4.980966331829724
2024-01-31,5.031949360651286
2024-02-01,5.042499068126153
2024-02-02,5.066838910864883
2024-02-05,5.067415099151461
2024-02-06,5.073322624734243
2024-02-07,5.046252859421563
2024-02-08,5.0646437061780665
2024-02-09,5.058933025420456
2024-02-12,5.069503676090561
2024-02-13,5.108376379322958
2024-02-14,5.09103833797258
2024-02-15,4.996051781318906
2024-02-16,5.060374183503384
2024-02-20,5.014702801231988
2024-02-21,5.033217036320246
2024-02-22,5.040254033375859
2024-02-23,5.076512972640044
2024-02-26,5.06530583657578
2024-02-27,5.028870453841767
2024-02-28,5.100877195041151
2024-02-29,5.127177341594244
2024-03-01,5.130916346715341
2024-03-04,5.160588466269595
2024-03-05,5.218702549297075
2024-03-06,5.1924227027083685
2024-03-07,5.18161057745014
2024-03-08,5.248462064455066
2024-03-11,6.116942317784587
2024-03-12,6.036880003589592
2024-03-13,6.0709805269714385
2024-03-14,6.1187764760449666
2024-03-15,6.159657350200154
2024-03-18,6.149067136407439
2024-03-19,6.163298433789019
2024-03-20,6.110754748991139
2024-03-21,6.122080876557224
2024-03-22,6.230166351557608
2024-03-25,6.2426426619186435
2024-03-26,6.271926619652282
2024-03-27,6.282724200819666
2024-03-28,6.248924246189741
2024-04-01,6.115736924030703
2024-04-02,6.0509904765457305
2024-04-03,6.121225206740204
2024-04-04,6.144230484901748
2024-04-05,6.228671956596842
2024-04-08,6.174931619008741
2024-04-09,6.229758409980645
2024-04-10,6.24813186397696
2024-04-11,6.247327106300802
2024-04-12,6.2468943190887245
2024-04-15,6.2237781677003206
2024-04-16,6.219937916817458
2024-04-17,6.244593097902354
2024-04-18,6.293787675101566
2024-04-19,6.299629162102008
2024-04-22,6.364501302090892
2024-04-23,6.407586744185899
2024-04-24,6.437187500170712
2024-04-25,6.465523380467176
2024-04-26,6.455486847258038
2024-04-29,6.460985522220778
2024-04-30,6.60706807874667
2024-05-01,6.639403319596822
2024-05-02,6.524899518099691
2024-05-03,6.627291477993524
2024-05-06,6.650674391603421
2024-05-07,6.6780319376848425
2024-05-08,6.717364536236839
2024-05-09,6.679008126527615
2024-05-10,6.663891379185882
2024-05-13,6.695114518922609
2024-05-14,6.634113519018023
2024-05-15,6.627780725615993
2024-05-16,6.632159811455959
2024-05-17,6.644753791844618
2024-05-20,6.4610573117193475
2024-05-21,6.194964799530029
2024-05-22,6.325813114842696
2024-05-23,6.205779160140475
2024-05-24,6.1287054833088215
2024-05-28,6.160604204221294
2024-05-29,6.127086498959006
2024-05-30,6.173553143542351
2024-05-31,6.22758675257938
2024-06-03,6.283013844163912
2024-06-04,6.3112553375458305
2024-06-05,6.304142735492352
2024-06-06,6.384877705377313
2024-06-07,6.4404040146753365
2024-06-10,6.435842383149657
2024-06-11,6.310299595851078
2024-06-12,6.251271148450689
2024-06-13,6.287035945230833
2024-06-14,6.424189256496125
2024-06-17,6.368453995148412
2024-06-18,6.3421973914278285
2024-06-20,6.291790546422184
2024-06-21,6.308404775264744
2024-06-24,6.370137434212137
2024-06-25,6.394775391586873
2024-06-26,6.350792756878701
2024-06-27,6.281648321025134
2024-06-28,6.300452783185984
2024-07-01,6.3042764967081855
2024-07-02,6.258730138183023
2024-07-03,6.179078107907143
2024-07-05,6.172383097605596
2024-07-08,6.191750036436509
2024-07-09,6.020141806478743
2024-07-10,6.1036299887193355
2024-07-11,6.14451735260881
2024-07-12,6.176413902135792
2024-07-15,6.182493373248435
2024-07-16,6.113921425854603
2024-07-17,6.144894329873123
2024-07-18,6.139799190061369
2024-07-19,6.159826666095743
2024-07-22,6.125304340868745
2024-07-23,6.114346922501511
2024-07-24,6.100667579978068
2024-07-25,6.14330128441131
2024-07-26,6.17098133892543
2024-07-29,6.0796961031048244
2024-07-30,6.086649192849528
2024-07-31,6.105011736442178
2024-08-01,6.047511431915344
2024-08-02,6.006425774043596
2024-08-05,6.034790380436325
2024-08-06,5.978718935471396
2024-08-07,6.0124447760776185
2024-08-08,5.936523218506884
2024-08-09,6.021831605722742
2024-08-12,6.042608833634461
2024-08-13,6.041889501742757
2024-08-14,6.11523823757894
2024-08-15,6.063519833839704
2024-08-16,6.0157407653553046
2024-08-19,6.103849726229038
2024-08-20,6.1476658859425575
2024-08-21,6.045002835266955
2024-08-22,6.139393584465625
2024-08-23,6.119689989594408
2024-08-26,6.085214392119085
2024-08-27,6.124167730278803
2024-08-28,6.113080454363235
2024-08-29,6.156921109330828
2024-08-30,6.172971426256422
2024-09-03,6.265664156312508
2024-09-04,6.304948721872955
2024-09-05,6.369490325342996
2024-09-06,6.364224569731444
2024-09-09,6.266658925227075
2024-09-10,6.315202632688289
2024-09-11,6.311183483598705
2024-09-12,6.362488188870122
2024-09-13,6.454120986094429
2024-09-16,6.444157547478157
2024-09-17,6.49346238204446
2024-09-18,6.503130291260769
2024-09-19,6.497987045191283
2024-09-20,6.550606585534298
2024-09-23,6.5376753959043095
2024-09-24,6.557035394758531
2024-09-25,6.663426125787496
2024-09-26,6.544369451469039
2024-09-27,6.642154805039796
2024-09-30,6.7375406370137885
2024-10-01,6.818921154161295
2024-10-02,6.490383318414823
2024-10-03,6.417987808862084
2024-10-04,6.380609308241625
2024-10-07,6.431252855065598
2024-10-08,6.435193577280325
2024-10-09,6.43255112561086
2024-10-10,6.37997035227567
2024-10-11,6.304794156072447
2024-10-14,6.257934517833543
2024-10-15,6.348453604800024
2024-10-16,6.35573143993787
2024-10-17,6.3604448407905725
2024-10-18,6.420224907821458
2024-10-21,6.347612064539144
2024-10-22,6.381467105937058
2024-10-23,6.388104655754741
2024-10-24,6.421328509615254
2024-10-25,6.381760348104897
2024-10-28,6.386398376884181
2024-10-29,6.414058953153421
2024-10-30,6.479767769381638
2024-10-31,6.538232766510622
2024-11-01,6.568673447676793
2024-11-04,6.614087824217337
2024-11-05,6.622720996493625
2024-11-06,6.56904794142632
2024-11-07,6.615387948657595
2024-11-08,6.614563406354979
2024-11-11,6.608422715544995
2024-11-12,6.646552414258777
2024-11-13,6.551536101532152
2024-11-14,6.68821046408262
2024-11-15,6.704262078406854
2024-11-18,6.59404351528983
2024-11-19,6.610624061711086
2024-11-20,6.500394705266494
2024-11-21,6.468019656657824
2024-11-22,6.488101735847494
2024-11-25,6.533261527400413
2024-11-26,6.510624948427113
2024-11-27,6.511860241752183
2024-11-29,6.527408014905286
2024-12-02,6.545762353750002
2024-12-03,6.48828401451581
2024-12-04,6.460683796257563
2024-12-05,6.476739489661613
2024-12-06,6.446193913922674
2024-12-09,6.5277628659048785
2024-12-10,6.602350482614325
2024-12-11,6.514714988640252
2024-12-12,6.56836413836447
2024-12-13,6.547541919128784
2024-12-16,6.56163607812725
2024-12-17,6.483885538318808
2024-12-18,6.40325437103395
2024-12-19,6.4558200973313244
2024-12-20,6.393301590195834
2024-12-23,6.346902603793314
2024-12-24,6.445668566810571
2024-12-26,6.5245776603666705
2024-12-27,6.435974284367726
2024-12-30,6.460682999884971
2024-12-31,6.508586471239234
2025-01-02,6.514419820813782
2025-01-03,6.491179209493468
2025-01-06,6.445889651013708
2025-01-07,6.416363020831446
2025-01-08,6.403236073060667
2025-01-10,6.373336889785569
2025-01-13,6.420884264344297
2025-01-14,6.4054298443249875
2025-01-15,6.3898724438668255
2025-01-16,6.366913099106065
2025-01-17,6.33924832890918
2025-01-21,6.3696430558782
2025-01-22,6.389831085876169
2025-01-23,6.35654156302275
2025-01-24,6.36684701415302
2025-01-27,6.38621933095522
2025-01-28,6.3563073523771845
2025-01-29,6.386068941045237
2025-01-30,6.39417980531772
2025-01-31,6.418313070976026
2025-02-03,6.345247947685139
2025-02-04,6.432484843827082
2025-02-05,6.487248563037619
2025-02-06,6.506026549135241
2025-02-07,6.480306944718543
2025-02-10,6.497944921092825
2025-02-11,6.477327556953775
2025-02-12,6.423590232555292
2025-02-13,6.436028398647002
2025-02-14,6.440447564527826
2025-02-18,6.528925108181643
2025-02-19,6.611804720359003
2025-02-20,6.555260579036699
2025-02-21,6.610149051459013
2025-02-24,6.622804909633648
2025-02-25,6.608710908438522
2025-02-26,6.650110573333188
2025-02-27,6.646104466606118
2025-02-28,6.642798338348239
2025-03-03,6.677057170380045
2025-03-04,6.672704132920894
2025-03-05,6.6825976752675285
2025-03-06,6.74732814172057
2025-03-07,6.707143310415179
2025-03-10,6.777163564065888
2025-03-11,6.796721947529419
2025-03-12,6.769994328626204
2025-03-13,6.728428925242126
2025-03-14,6.821175610997709
2025-03-17,6.779011340611345
2025-03-18,6.861366137334679
2025-03-19,6.899350377648618
2025-03-20,6.944373184532464
2025-03-21,6.981620770983173
2025-03-24,7.018850342986611
2025-03-25,6.978023169761391
2025-03-26,6.935561168890338
2025-03-27,6.99982606760588
2025-03-28,6.984463936588907
2025-03-31,6.996662635707942
2025-04-01,7.031457055762566
2025-04-02,7.148054644026806
2025-04-03,7.157099248278324
2025-04-04,7.121389712515223
2025-04-07,7.167433015804264
2025-04-08,7.116359764850927
2025-04-09,7.014099310974407
2025-04-10,7.016002321912685
2025-04-11,7.002638909131699
2025-04-14,7.082643826116731
2025-04-15,7.092812887974838
2025-04-16,7.140837457348687
2025-04-17,7.160594147798941
2025-04-21,7.140786068929431
2025-04-22,7.159585677440265
2025-04-23,7.1497438143837515
2025-04-24,7.119495996454123
2025-04-25,7.112622483042155
2025-04-28,7.080992651945785
2025-04-29,7.055764341172943
2025-04-30,7.101287398288688
2025-05-01,7.091251064137889
2025-05-02,7.080110377125032
2025-05-05,7.080893873578894
2025-05-06,7.157430173625232
2025-05-07,7.014888208909176
2025-05-08,7.0083572166047805
2025-05-09,7.066848506219497
2025-05-12,7.063220064073483
2025-05-13,7.116399284800039
2025-05-14,7.158872780677765
2025-05-15,7.216450403496566
2025-05-16,7.284135773634279
2025-05-19,7.297587061065601
2025-05-20,7.277418721238738
2025-05-21,7.398436394386747
2025-05-22,7.536240661651619
2025-05-23,7.701011733699214
2025-05-27,7.64255204113302
2025-05-28,7.767159286153203
2025-05-29,7.896978844895123
2025-05-30,7.842625748706035
2025-06-02,7.939529887510862
2025-06-03,7.877730699541942
2025-06-04,7.8949109215815
2025-06-05,7.84254276541501
2025-06-06,7.824573559652127
2025-06-09,7.817801041106158
2025-06-10,7.736942651796331
2025-06-11,7.752786777205419
2025-06-12,7.75195175556013
2025-06-13,7.880321512084896
2025-06-16,7.9063584056062775
2025-06-17,7.9081647848087195
2025-06-18,7.857413744475997
2025-06-20,7.862340777071109
2025-06-23,7.8236591323084586
2025-06-24,7.815488540727427
2025-06-25,7.841361766195877
2025-06-26,7.826541760676817
2025-06-27,7.815789587573146
2025-06-30,7.8357212257689
2025-07-01,7.855948956823965
2025-07-02,7.849274594796745
2025-07-03,7.844600435178875
2025-07-07,7.90286868259577
2025-07-08,7.979892316451036
2025-07-09,7.962263209317408
2025-07-10,7.963183106834739
2025-07-11,8.313609788784861
2025-07-14,8.322579603793585
2025-07-15,8.353896402533284
2025-07-16,8.340996311205073
2025-07-17,8.339691050770602
2025-07-18,8.350750022929011
2025-07-21,8.315364568362892
2025-07-22,8.317983106671228
2025-07-23,8.28395588984527
2025-07-24,8.305719828085458
2025-07-25,8.298770270725683
2025-07-28,8.30636461997857
2025-07-29,8.282873069829241
2025-07-30,8.248431265458862
2025-07-31,8.239197319939972
2025-08-01,8.23112649908078
2025-08-04,8.15198690224759
2025-08-05,8.126046699516214
2025-08-06,8.132767563425599
2025-08-07,8.068449450629698
2025-08-08,8.113173567148037
2025-08-11,8.06101424728636
2025-08-12,8.171813221830728
2025-08-13,8.119431955180485
2025-08-14,8.14779668977201
2025-08-15,8.126216524828559
2025-08-18,8.108286135569275
2025-08-19,8.119972061789758
2025-08-20,8.074854103335584
2025-08-21,8.030474847409588
2025-08-22,7.924107290753183
2025-08-25,8.066951667486656
2025-08-26,8.022373818994856
2025-08-27,8.05935746846067
2025-08-28,7.340403699584625
2025-08-29,7.290214406671056
2025-09-02,7.296456834833467
2025-09-03,7.232032161344813
2025-09-04,7.245987246403585
2025-09-05,7.216421009734183
2025-09-08,7.198587590107665
2025-09-09,7.188134817526311
2025-09-10,7.2148760749191245
2025-09-11,7.27274542835027
2025-09-12,7.239925483822533
2025-09-15,7.267247201701586
2025-09-16,7.210865021567914
2025-09-17,7.11227494337788
2025-09-18,7.1367876608037495
2025-09-19,7.146712267762323
2025-09-22,7.177085633769833
2025-09-23,7.234990142720031
2025-09-24,7.2778550402473074
2025-09-25,7.287837634365347
2025-09-26,7.3171712700437554
2025-09-29,7.226708144187538
2025-09-30,7.397145767410519
2025-10-01,7.329777526343878
2025-10-02,7.232034800669614
2025-10-03,7.190063041986696
2025-10-06,7.952169781427991
2025-10-07,7.981443730146176
2025-10-08,7.9708933144090555
2025-10-09,7.944058100185643
2025-10-10,7.957838334646146
2025-10-13,7.891808466187824
2025-10-14,7.781171424857193
2025-10-15,7.869874159220066
2025-10-16,7.910708722757577
2025-10-17,7.826997844097444
2025-10-20,7.816866219860568
2025-10-21,7.880110583585228
2025-10-22,7.820330568783962
2025-10-23,7.957479319766139
2025-10-24,7.900166885613826
2025-10-27,7.912846150171059
2025-10-28,7.835412746945714
2025-10-29,7.832098797411205
2025-10-30,7.862031625005215
2025-10-31,7.753996570133996
2025-11-03,7.7049081859970965
2025-11-04,7.7335315153650335
2025-11-05,7.81727013705152
2025-11-06,7.875178845706058
2025-11-07,7.780014714733077
2025-11-10,7.757962988760447
2025-11-11,7.800334880234772
2025-11-12,7.770067366114403
2025-11-13,7.859961738566003
2025-11-14,7.8696342048969194
2025-11-17,7.89240245733296
2025-11-18,7.881809813925901
2025-11-19,7.851451959406454
2025-11-20,7.9527678748365185
2025-11-21,7.975184526959304
2025-11-24,7.974926983701806
2025-11-25,7.986178388073363
2025-11-26,7.996180758297812
2025-11-28,7.99355381853829
2025-12-01,8.078294822307686
2025-12-02,8.057855164630398
2025-12-03,8.063458895666491
2025-12-04,8.08404191230925
2025-12-05,8.184385262465508
2025-12-08,8.254013144533149
2025-12-09,8.2490716727318
2025-12-10,8.203664761907508
2025-12-11,8.141190106926038
2025-12-12,8.096615613571299
2025-12-15,8.272025155641197
2025-12-16,8.226702798795625
2025-12-17,8.345974838317822
2025-12-18,8.307990704123673
2025-12-19,8.364388923419359
2025-12-22,8.500183277588569
2025-12-23,8.4066006677872
2025-12-24,8.512729570443762
2025-12-26,8.712005292152073
2025-12-29,8.697291241617888
2025-12-30,8.629576848958997
2025-12-31,8.642155792592058
2026-01-02,8.58243243808129
2026-01-05,8.582771833336274
2026-01-06,8.247072058531947
2026-01-07,8.296969748170316
2026-01-08,8.22929144952758
2026-01-09,8.152983379594394
2026-01-12,8.131165577717503
2026-01-13,8.19383822079123
2026-01-14,8.191166264918833
2026-01-15,8.229596445432406
2026-01-16,8.29713371226194
2026-01-20,8.312743831826895
2026-01-21,8.297504099334983
2026-01-22,8.259461539914163
2026-01-23,8.295339354113771
2026-01-26,8.253988704127478
2026-01-27,8.275795997326238
2026-01-28,8.310689695359278
2026-01-29,8.291564262987057
2026-01-30,8.288021616091907
2026-02-02,8.313942834114485
2026-02-03,8.317901549771891
2026-02-04,8.416556626300093
2026-02-05,8.341742707879927
2026-02-06,8.171032116510373
2026-02-09,7.651280386220313
2026-02-10,7.752154036720096
2026-02-11,7.728829101803962
2026-02-12,7.821874949270625
2026-02-13,7.826394416553888
2026-02-17,7.8295871515346045
2026-02-18,7.776949775844322
2026-02-19,7.759735814825397
2026-02-20,7.794704288092178
2026-02-23,7.787322592530716
2026-02-24,7.764639776843862
2026-02-25,7.705459374042374
2026-02-26,7.8027316432562115
2026-02-27,7.724644005262366
2026-03-02,7.707493473347063
2026-03-03,7.764451950446134
2026-03-04,7.674498769455553
2026-03-05,7.7420416752940815
2026-03-06,7.7280123540716925
2026-03-09,7.5513276767683415
2026-03-10,7.585634024121646
2026-03-11,7.612248536883148
2026-03-12,7.594933801681825
2026-03-13,7.61991704509398
2026-03-16,7.647387294586264
2026-03-17,7.559710139619541
2026-03-18,7.657212572492895
2026-03-19,7.573986874780218
2026-03-20,7.531915619849139
2026-03-23,7.46449835156376
2026-03-24,7.456523667874443
2026-03-25,7.507819175353559
2026-03-26,7.604849884886735
2026-03-27,7.605881855356191
2026-03-30,7.421151728962612
2026-03-31,7.46849619130346
2026-04-01,7.411933046657669
2026-04-02,7.4035518194446635
2026-04-06,7.418127604972244
2026-04-07,7.391700167235661
2026-04-08,7.3538938118168975
2026-04-09,7.335313195355695
2026-04-10,7.339032830480262
2026-04-13,7.470916241240916
2026-04-14,7.426987647751683
2026-04-15,7.483704140334505
2026-04-16,7.45193677020318
2026-04-17,7.447287923471674
2026-04-20,7.470803769724204
2026-04-21,7.514979647704971
2026-04-22,7.562915287927853
2026-04-23,7.510213358423384
2026-04-24,7.515553414055862
2026-04-27,7.439287146125806
2026-04-28,7.448033611762692
