pair_id,open_date,close_date,ruce_net,vol_regime,vol_level,year
133142__912732,2022-03-09,2022-03-10,0.129107754752022,high,0.17309003007122534,2022
133142__912732,2022-09-06,2022-09-14,0.1376886336630478,high,0.1475785051446844,2022
133142__912732,2022-12-06,2022-12-07,0.1519254471766831,high,0.18493186359611688,2022
133142__912732,2023-02-14,2023-02-21,0.1422469713644268,low,0.09565642296980376,2023
133142__912732,2023-05-17,2023-05-31,0.0669726205688815,low,0.08744346644413653,2023
133142__912732,2023-06-15,2023-06-23,0.1877262221931519,medium,0.1249927677502076,2023
133142__912732,2023-07-18,2023-07-19,0.1405194711142952,medium,0.12089745282479913,2023
133142__912732,2023-10-31,2023-11-02,-0.0146914705830739,high,0.14527823978787935,2023
133142__912732,2023-11-14,2023-11-15,0.0580568047005994,high,0.1517317753873554,2023
133142__912732,2024-02-14,2024-02-16,-0.1935520362150714,low,0.09588086888362635,2024
133142__912732,2024-03-01,2024-03-05,0.0612866994670168,low,0.0987924575774583,2024
133142__912732,2024-03-12,2024-03-13,0.1238472513937376,low,0.09894585215862359,2024
133142__912732,2024-06-28,2024-07-17,1.840988318774491,low,0.10334753385781295,2024
133553__745287,2022-01-19,2022-01-20,-0.0319070809754147,medium,0.1106903055131513,2022
133553__745287,2022-01-25,2022-01-27,0.2106446858968312,medium,0.12620288123504203,2022
133553__745287,2022-02-11,2022-02-15,0.0626351996435114,high,0.1519658049167608,2022
133553__745287,2022-03-01,2022-03-03,0.0198357284776644,high,0.15915047097312035,2022
133553__745287,2022-09-07,2022-09-13,0.0695020140190054,high,0.14760377599137522,2022
133553__745287,2022-09-28,2022-10-05,-0.0303399102606729,high,0.166012560979196,2022
133553__745287,2022-10-21,2022-10-24,0.0605129824674144,high,0.22520101077654514,2022
133553__745287,2022-11-04,2022-11-09,-0.0470375487749589,high,0.20897372209000226,2022
133553__745287,2022-11-10,2022-11-15,0.0026175965933794,high,0.18856504412036043,2022
133553__745287,2023-03-13,2023-03-16,0.0158007745890477,medium,0.10988408541738226,2023
133553__745287,2023-03-17,2023-03-21,0.0360818701576973,high,0.1490902284357454,2023
133553__745287,2023-07-12,2023-07-13,-0.007252179599992,medium,0.11759307412916176,2023
133553__745287,2023-10-06,2023-10-09,0.014421561097642,high,0.15550083137606288,2023
134093__740847,2022-01-27,2022-02-01,-0.0224797150279599,medium,0.14143973941785626,2022
134093__740847,2022-02-02,2022-02-03,0.0474350313715027,high,0.15614680127733274,2022
134093__740847,2022-06-17,2022-06-23,-0.0208890948198717,high,0.16726843703245786,2022
134093__740847,2022-07-19,2022-07-22,0.0010298721868061,high,0.1596153483004379,2022
134093__740847,2022-08-29,2022-10-26,-0.0286591936294616,high,0.15167503101564123,2022
134093__740847,2023-05-12,2023-05-16,0.013446279919691,low,0.08052074747552071,2023
134093__740847,2023-05-26,2023-06-28,-0.0345094463499556,low,0.09115906283788683,2023
134093__740847,2023-06-29,2023-09-27,-0.0436919751930799,medium,0.1265940837458608,2023
134093__740847,2023-12-22,2024-02-08,0.0172185971452693,medium,0.10848438366717467,2023
134093__740847,2024-08-27,2024-09-27,0.0822474868754871,high,0.3300269224673922,2024
134517__314713,2022-02-25,2022-03-03,-0.0765719628637277,high,0.15884629040937046,2022
134517__314713,2022-07-06,2022-08-17,0.0553344116303056,high,0.17916362244139028,2022
134517__314713,2023-11-02,2023-12-12,-0.1726737532590234,medium,0.13798946396536213,2023
134517__314713,2024-02-06,2024-02-13,0.0188103409386464,medium,0.11219868118463404,2024
134517__314713,2024-02-23,2024-03-15,-0.0171653506141884,medium,0.1077670481867463,2024
134517__314713,2024-03-28,2024-04-01,0.051872790421707,low,0.10674289345677111,2024
134517__314713,2024-05-30,2024-06-07,0.0054511399250561,medium,0.11151610875847573,2024
134517__314713,2024-07-03,2024-07-15,0.0244564165314614,low,0.0944188117348802,2024
134517__314713,2024-07-17,2024-07-18,0.083271269255581,low,0.10068415034968989,2024
134517__314713,2024-08-08,2024-08-12,0.0333236589565646,high,0.32464545669788364,2024
134517__314713,2024-08-14,2024-08-16,0.0429665804538315,high,0.328404817835752,2024
134517__314713,2024-11-19,2024-11-27,0.0359569101329618,low,0.10206686251433951,2024
134517__314713,2024-11-29,2024-12-02,0.115441107693663,low,0.08886542722932413,2024
134517__314713,2024-12-06,2024-12-11,0.0831937923062064,low,0.08548518285817287,2024
14849F__998511,2022-03-16,2022-03-30,0.0709448767951011,high,0.2495708971126369,2022
14849F__998511,2022-11-10,2022-11-15,0.009167099370318,high,0.18856504412036043,2022
14849F__998511,2023-05-23,2023-05-25,0.1742723342703888,low,0.08838941830983296,2023
14849F__998511,2023-07-12,2023-07-28,0.0769865432371049,medium,0.11759307412916176,2023
14849F__998511,2024-03-13,2024-04-10,0.2735597747578141,low,0.09595329692809773,2024
14849F__998511,2024-11-04,2024-11-08,0.1181813559987976,high,0.15142793609440006,2024
151293__937357,2022-01-07,2022-01-11,0.0661487735459126,medium,0.1243875464122688,2022
151293__937357,2022-01-13,2022-01-21,0.0533994832042295,medium,0.13087720158210994,2022
151293__937357,2022-01-26,2022-01-28,0.0905407337475312,medium,0.12621812295865223,2022
151293__937357,2022-02-08,2022-03-22,0.124421413551263,high,0.15117235269454316,2022
151293__937357,2022-11-03,2022-11-25,0.0964475274639497,high,0.20124439647267406,2022
151293__937357,2023-03-10,2023-03-13,0.091799655782827,medium,0.10989845995621186,2023
151293__937357,2023-04-14,2023-04-19,0.0342491727307661,medium,0.12098735174374468,2023
151293__937357,2023-06-20,2023-07-05,0.0525273787983367,medium,0.12843128421437122,2023
151293__937357,2023-07-14,2023-07-25,0.1001671728850936,medium,0.121504000865785,2023
151293__937357,2023-11-10,2023-11-16,0.028107416307418,high,0.1580374302722495,2023
151293__937357,2023-11-20,2023-11-24,0.04372476819468,high,0.15670676057566277,2023
151293__937357,2023-12-04,2023-12-14,0.0434711915539554,medium,0.1214800224130303,2023
151293__937357,2024-01-23,2024-01-24,0.0540595988940029,medium,0.11669141053633687,2024
151293__937357,2024-02-05,2024-02-16,0.0937261082300126,medium,0.11165445259090273,2024
151293__937357,2024-06-11,2024-08-05,0.1361446783496144,medium,0.10785150866115982,2024
151293__937357,2024-11-07,2024-11-12,0.0668767513923191,low,0.09750221703578518,2024
151293__937357,2024-12-27,2024-12-30,0.0953836139344793,low,0.09665709393609032,2024
151377__912644,2022-03-09,2022-03-10,0.0433993727090222,high,0.17309003007122534,2022
151377__912644,2022-04-04,2022-04-08,0.150145493964124,high,0.24946024289424149,2022
151377__912644,2022-04-27,2022-05-02,0.1153302518646392,medium,0.1362568855510616,2022
151377__912644,2022-05-10,2022-05-11,0.184565159214817,high,0.15339994951693436,2022
151377__912644,2022-10-13,2022-10-14,0.1069907375921088,high,0.21335208574043607,2022
151377__912644,2023-03-06,2023-03-10,0.0340271137900365,low,0.09220531326484736,2023
151377__912644,2023-05-12,2023-05-30,0.0127923908122408,low,0.08052074747552071,2023
151377__912644,2024-01-09,2024-03-05,0.1244222418185054,low,0.10042346569721874,2024
151377__912644,2024-08-05,2024-08-06,0.0311399884616336,high,0.2833877714480244,2024
151377__912644,2024-08-26,2024-08-29,0.1719753174623738,high,0.33074313625062607,2024
151377__912644,2024-11-14,2024-11-15,0.1709564933393641,low,0.10448480733790093,2024
151426__315299,2022-01-27,2022-01-28,0.0819251983431862,medium,0.14143973941785626,2022
151426__315299,2022-02-25,2022-02-28,0.0703979419157172,high,0.15884629040937046,2022
151426__315299,2022-03-16,2022-03-22,-0.0048815456488867,high,0.2495708971126369,2022
151426__315299,2022-04-11,2022-04-12,0.0833071180887041,high,0.229960572607337,2022
151426__315299,2023-09-20,2023-09-21,0.2038423152007949,medium,0.11251379011453586,2023
151426__315299,2023-10-10,2023-10-12,0.1855945129407823,high,0.15944363210687132,2023
151426__315299,2023-11-29,2023-12-01,0.0703561332539767,high,0.15328686088315183,2023
151426__315299,2024-01-08,2024-01-19,0.1569543215343463,low,0.09957593808833981,2024
151426__315299,2024-02-22,2024-02-27,0.1606072194944458,medium,0.11269436513541546,2024
151426__315299,2024-11-21,2024-12-23,0.3265529451974556,low,0.09966618918097292,2024
151440__916546,2022-02-25,2022-02-28,0.0828218203800091,high,0.15884629040937046,2022
151440__916546,2022-03-09,2022-03-10,-0.0655102793844729,high,0.17309003007122534,2022
151440__916546,2022-03-16,2022-03-17,0.0089320101612587,high,0.2495708971126369,2022
151440__916546,2022-09-28,2022-10-05,0.0131596974820527,high,0.166012560979196,2022
151440__916546,2022-10-26,2022-11-02,0.0154351863485079,high,0.21502805763630078,2022
151440__916546,2022-11-04,2022-11-09,0.0400717135287738,high,0.20897372209000226,2022
151440__916546,2022-11-10,2022-11-15,-0.0520545076778956,high,0.18856504412036043,2022
151440__916546,2023-06-28,2023-06-29,0.0037130896869473,medium,0.12478698168586458,2023
151440__916546,2023-07-10,2023-07-14,-0.0224568031931171,medium,0.11952089334872325,2023
151440__916546,2023-07-24,2023-07-27,0.0154415631879244,medium,0.10747884830121648,2023
151440__916546,2023-10-09,2023-10-12,0.0097988373231275,high,0.1553256220985469,2023
151440__916546,2023-12-05,2023-12-06,-0.2171923547101129,medium,0.11866546476414064,2023
151440__916546,2024-01-24,2024-01-29,0.0401376465272747,medium,0.11330226739406184,2024
151440__916546,2024-06-12,2024-06-13,-0.0938929977834997,medium,0.10965878811323829,2024
151440__916546,2024-07-02,2024-07-08,-0.0203729328090779,low,0.09202201098235992,2024
151440__916546,2024-07-10,2024-07-18,0.0238528673127744,low,0.09540803438050431,2024
151440__916546,2024-07-22,2024-07-24,0.0377715349614172,medium,0.10789093597588789,2024
151440__916546,2024-09-11,2024-09-12,0.0857975265609,medium,0.12894216963775204,2024
151440__916546,2024-12-09,2024-12-12,0.0452210203772984,low,0.09023482532774013,2024
151444__315891,2022-03-08,2022-03-18,0.2482488629521963,high,0.18535255509891166,2022
151444__315891,2022-06-09,2022-06-24,0.3960114004477325,high,0.1435429212294425,2022
151444__315891,2022-08-16,2022-08-17,0.3872448138547743,medium,0.13753158226116136,2022
151497__951407,2022-01-19,2022-01-24,0.0531019722032951,medium,0.1106903055131513,2022
151497__951407,2022-01-25,2022-01-26,0.0399165933974395,medium,0.12620288123504203,2022
151497__951407,2022-01-31,2022-02-07,0.071960527820388,high,0.14660688415400552,2022
151497__951407,2022-03-16,2022-03-17,0.0042415859956934,high,0.2495708971126369,2022
151497__951407,2022-07-29,2022-08-01,0.1712247526647451,medium,0.1385331691000267,2022
151497__951407,2022-09-19,2022-09-23,0.0717028387162474,high,0.14981796907017123,2022
151497__951407,2022-09-28,2022-10-06,0.0132945973699184,high,0.166012560979196,2022
151497__951407,2022-11-11,2022-11-14,0.0048871686249726,high,0.22698551276181267,2022
151497__951407,2023-06-06,2023-06-07,0.0666685592738711,medium,0.12686680519368418,2023
151497__951407,2023-07-24,2023-07-25,-0.0040162984553838,medium,0.10747884830121648,2023
151497__951407,2023-09-05,2023-09-06,0.038617038701824,medium,0.11849516688318526,2023
151497__951407,2023-09-28,2023-10-27,0.0427065088263352,medium,0.1343519552862455,2023
151497__951407,2023-11-14,2023-11-16,0.0368429682504504,high,0.1517317753873554,2023
151497__951407,2024-04-09,2024-04-10,0.0394236347256477,medium,0.11164565370645349,2024
151497__951407,2024-04-16,2024-05-07,0.0221932548761676,medium,0.12519142770631606,2024
151497__951407,2024-08-14,2024-08-20,0.0603469588750844,high,0.328404817835752,2024
151497__951407,2024-08-23,2024-08-29,-0.0006005822933475,high,0.33326602708349146,2024
151497__951407,2024-09-24,2024-09-30,-0.1549116711104606,high,0.1522520192616947,2024
151497__951407,2024-10-07,2024-10-14,0.1924686311774283,high,0.16002159662074622,2024
151497__951407,2024-11-29,2024-12-04,0.0657898755173289,low,0.08886542722932413,2024
151516__951410,2022-02-22,2022-02-24,0.1632307841727618,high,0.15420512647011975,2022
151516__951410,2022-03-14,2022-03-17,0.1056709368317537,high,0.20506619693380834,2022
151516__951410,2022-07-15,2022-07-28,0.1291939665440994,high,0.1555564239101565,2022
151516__951410,2022-08-01,2022-08-05,0.1406126786500555,medium,0.13866983312482195,2022
151516__951410,2022-08-15,2022-08-16,0.1814537471910128,medium,0.13758445901536695,2022
151516__951410,2023-01-04,2023-01-05,0.1590805916475716,high,0.14622973651712284,2023
151516__951410,2023-03-30,2023-04-18,0.0854285038406305,high,0.16933518518055082,2023
151516__951410,2023-05-22,2023-05-23,0.1429496122133798,low,0.09111632913711203,2023
151516__951410,2023-06-16,2023-06-26,0.2250143183623595,medium,0.12720475225516606,2023
151516__951410,2023-08-17,2023-08-18,0.2481383698594409,medium,0.1127999355025855,2023
151516__951410,2023-09-05,2023-09-06,0.1928232316094892,medium,0.11849516688318526,2023
151516__951410,2023-09-18,2023-09-19,0.2748873040922331,medium,0.10840480747909255,2023
151516__951410,2024-02-05,2024-02-06,0.1029453569722479,medium,0.11165445259090273,2024
151516__951410,2024-02-23,2024-02-27,0.2325883301138754,medium,0.1077670481867463,2024
151516__951410,2024-07-05,2024-07-09,0.2911215422358365,low,0.09843191602770592,2024
151516__951410,2024-08-12,2024-08-13,0.1916831781817378,high,0.32520563058495827,2024
151516__951410,2024-09-05,2024-09-09,0.3862844155449652,medium,0.12433660197383481,2024
151619__540775,2022-02-22,2022-02-23,0.1676372747754497,high,0.15420512647011975,2022
151619__540775,2022-03-02,2022-03-03,-0.0863715972890952,high,0.15319562263147377,2022
151619__540775,2022-03-16,2022-03-17,-0.0607651820154568,high,0.2495708971126369,2022
151619__540775,2022-03-18,2022-03-23,0.0787776263712077,high,0.28606497858574526,2022
151619__540775,2022-08-10,2022-08-11,-0.115665359654297,medium,0.13847463612166763,2022
151619__540775,2022-09-28,2022-09-29,0.0941559683317069,high,0.166012560979196,2022
151619__540775,2022-11-10,2022-11-15,-0.2127787828493738,high,0.18856504412036043,2022
151619__540775,2022-12-02,2022-12-05,0.0564847928234936,high,0.18524042984400227,2022
151619__540775,2023-02-23,2023-02-24,0.0297114153951815,low,0.084076547667533,2023
151619__540775,2023-06-27,2023-06-29,0.0470299825155956,medium,0.13551971108026092,2023
151619__540775,2023-07-12,2023-07-14,0.0004953115745411,medium,0.11759307412916176,2023
151619__540775,2023-07-24,2023-07-25,0.0379521180122153,medium,0.10747884830121648,2023
151619__540775,2023-11-14,2023-11-16,-0.044787482237221,high,0.1517317753873554,2023
151619__540775,2024-01-23,2024-01-25,0.0452598871749991,medium,0.11669141053633687,2024
151619__540775,2024-03-20,2024-03-21,0.0027224424025469,low,0.08384768641905294,2024
151619__540775,2024-07-16,2024-07-17,-0.0331794903166169,low,0.10052024485868939,2024
151619__540775,2024-07-30,2024-08-01,-0.0036439346226707,medium,0.12735222656894404,2024
151619__540775,2024-08-06,2024-08-07,0.0333948267498532,high,0.3249080887710488,2024
151619__540775,2024-09-24,2024-09-30,0.0414331318173047,high,0.1522520192616947,2024
151619__540775,2024-12-09,2024-12-10,0.086537399052564,low,0.09023482532774013,2024
151663__929587,2022-01-31,2022-02-03,-0.0498176194888019,high,0.14660688415400552,2022
151663__929587,2022-02-24,2022-03-01,0.0807459550291487,high,0.1582812130045568,2022
151663__929587,2022-03-09,2022-03-11,0.01138487173309,high,0.17309003007122534,2022
151663__929587,2022-03-15,2022-03-21,-0.045369658860164,high,0.2108689982559859,2022
151663__929587,2022-08-03,2022-08-08,0.0548615108596723,high,0.1450396003286683,2022
151663__929587,2022-10-28,2022-11-01,0.0040811432711797,high,0.2206133134676225,2022
151663__929587,2022-11-10,2022-11-14,-0.0100844770605055,high,0.18856504412036043,2022
151663__929587,2023-01-12,2023-01-18,0.0465584899054553,medium,0.1348155701567425,2023
151663__929587,2023-04-28,2023-05-02,0.0456886349218886,low,0.0903592314108011,2023
151663__929587,2023-07-18,2023-07-21,-0.0002644559413601,medium,0.12089745282479913,2023
151663__929587,2023-11-14,2023-11-15,0.0327508734143595,high,0.1517317753873554,2023
151663__929587,2023-12-22,2024-01-09,0.0036991868785694,medium,0.10848438366717467,2023
151663__929587,2024-08-06,2024-08-07,0.0174833744539765,high,0.3249080887710488,2024
151663__929587,2024-08-08,2024-08-14,0.046819269511653,high,0.32464545669788364,2024
151663__929587,2024-08-15,2024-08-20,-0.0032220842644961,high,0.3295301644045937,2024
151663__929587,2024-11-12,2024-11-15,0.0404717854807052,low,0.099199318894828,2024
25552J__938939,2022-01-27,2022-02-02,-0.0681298886152271,medium,0.14143973941785626,2022
25552J__938939,2022-02-15,2022-02-17,0.0134530062012015,high,0.15684090686054833,2022
25552J__938939,2022-03-09,2022-03-10,0.0570345340352275,high,0.17309003007122534,2022
25552J__938939,2022-07-28,2022-08-01,-0.0295742288970462,medium,0.14251331043914783,2022
25552J__938939,2022-11-10,2022-11-11,-0.0818058078780626,high,0.18856504412036043,2022
25552J__938939,2023-03-16,2023-03-17,0.00209381471875,medium,0.13387593580876786,2023
25552J__938939,2023-03-29,2023-04-04,0.0832198713819918,high,0.1696039103170503,2023
25552J__938939,2023-05-18,2023-05-23,0.0682495244884466,low,0.09138630133147338,2023
25552J__938939,2023-05-26,2023-05-30,-0.0332002356746453,low,0.09115906283788683,2023
25552J__938939,2023-07-21,2023-07-26,0.1235735961865604,medium,0.1074054237934999,2023
25552J__938939,2023-09-28,2023-10-11,1.9174976981620024,medium,0.1343519552862455,2023
25552J__938939,2024-01-16,2024-01-23,-0.0797618679737872,low,0.09432543631756843,2024
25552J__938939,2024-03-01,2024-03-04,0.0114519637538399,low,0.0987924575774583,2024
25552J__938939,2024-06-05,2024-06-06,0.0286206560091531,medium,0.11262017027150091,2024
25552J__938939,2024-06-25,2024-07-09,-0.1095816501308571,low,0.10458505373883263,2024
25552J__938939,2024-07-10,2024-07-11,0.1622315718924184,low,0.09540803438050431,2024
25552J__938939,2024-07-31,2024-08-01,0.0584618745361612,medium,0.1316718718371729,2024
25552J__938939,2024-08-05,2024-08-06,-0.0224979262335415,high,0.2833877714480244,2024
25552J__938939,2024-09-11,2024-09-13,-0.0409980396248565,medium,0.12894216963775204,2024
25552J__938939,2024-10-30,2024-10-31,0.1196848212060641,high,0.1700892022774853,2024
26133J__932252,2022-01-27,2022-01-28,-0.0017819054531028,medium,0.14143973941785626,2022
26133J__932252,2022-02-15,2022-02-16,0.0257236420669445,high,0.15684090686054833,2022
26133J__932252,2022-03-09,2022-03-10,0.0330014264591699,high,0.17309003007122534,2022
26133J__932252,2022-07-27,2022-08-01,-0.0221760748794557,high,0.14554097289683837,2022
26133J__932252,2022-11-04,2022-11-07,-0.0460454835887062,high,0.20897372209000226,2022
26133J__932252,2023-05-17,2023-05-23,0.0403489863382588,low,0.08744346644413653,2023
26133J__932252,2023-06-02,2023-06-05,0.0159476485948856,medium,0.12011791199604044,2023
26133J__932252,2023-07-28,2023-08-01,0.0473012776382625,medium,0.1129334108808542,2023
26133J__932252,2023-10-31,2023-11-09,-0.0525193018936401,high,0.14527823978787935,2023
26133J__932252,2024-01-10,2024-01-11,0.0090429820595678,low,0.09889579218783165,2024
26133J__932252,2024-04-26,2024-04-30,-0.0724626256391297,high,0.14728711588214927,2024
26133J__932252,2024-06-27,2024-07-11,0.0202775918771356,low,0.10637136933036381,2024
26133J__932252,2024-07-22,2024-07-23,0.0281667526467769,medium,0.10789093597588789,2024
26133J__932252,2024-08-05,2024-08-06,0.0810753411363095,high,0.2833877714480244,2024
266613__755996,2022-01-06,2022-02-11,0.2103885263056106,medium,0.12713437888676202,2022
266613__755996,2022-03-15,2022-03-25,0.2366306896033554,high,0.2108689982559859,2022
266613__755996,2022-07-08,2022-07-12,0.3162711226649317,high,0.18346561674865944,2022
266613__755996,2022-09-20,2022-09-29,0.4208587219299393,high,0.15300853758308453,2022
266613__755996,2022-10-28,2022-11-02,0.3615314977540849,high,0.2206133134676225,2022
266613__755996,2023-01-17,2023-01-26,0.2281229012536676,medium,0.1145512611539606,2023
266613__755996,2023-01-31,2023-02-07,0.2354442075687474,low,0.08788333518319721,2023
266613__755996,2023-05-19,2023-06-08,0.3418482593696385,low,0.08949955345427042,2023
266613__755996,2023-07-25,2023-07-26,0.3444319994283452,medium,0.11547867190454654,2023
266613__755996,2023-08-02,2023-08-08,0.3014555173978014,medium,0.11875197463156134,2023
266613__755996,2023-08-09,2023-08-11,0.2656954427947312,low,0.1051305210033704,2023
266613__755996,2024-01-17,2024-01-26,0.2024422567135771,medium,0.1115739058138196,2024
266613__755996,2024-01-29,2024-02-02,0.2057856022726299,medium,0.11958236448691657,2024
266613__755996,2024-02-09,2024-02-13,0.3516324865168441,medium,0.11162467287355371,2024
266613__755996,2024-03-07,2024-03-12,0.2188049540994746,low,0.10639648126355092,2024
266613__755996,2024-03-14,2024-03-15,0.2946887196499835,low,0.09602963194779106,2024
266613__755996,2024-04-15,2024-04-18,0.3063159465655194,medium,0.10798790613362197,2024
266613__755996,2024-08-07,2024-09-17,0.2144061958580257,high,0.3317077579429849,2024
266613__755996,2024-10-04,2024-10-17,0.2637578868698428,high,0.16221866592699852,2024
266613__755996,2024-10-24,2024-10-29,0.2444991221534593,high,0.18544496573258604,2024
26981M__26030V,2022-01-05,2022-01-21,-0.0467611807645272,medium,0.11955578745585677,2022
26981M__26030V,2022-01-25,2022-02-07,-0.0095812541000694,medium,0.12620288123504203,2022
26981M__26030V,2022-03-15,2022-03-17,-0.0213968262425686,high,0.2108689982559859,2022
26981M__26030V,2022-03-18,2022-03-22,0.0545195815055359,high,0.28606497858574526,2022
26981M__26030V,2022-03-29,2022-03-30,-0.0396845214764359,high,0.2761103640339868,2022
26981M__26030V,2022-09-28,2022-09-30,0.0385195779810116,high,0.166012560979196,2022
26981M__26030V,2022-10-03,2022-10-06,-0.0332152493129958,high,0.16327089467540187,2022
26981M__26030V,2022-10-13,2022-10-14,0.0415844276527979,high,0.21335208574043607,2022
26981M__26030V,2022-11-10,2022-11-16,0.0669196982140849,high,0.18856504412036043,2022
26981M__26030V,2023-03-14,2023-03-15,0.0596339004082398,medium,0.12832330826861948,2023
26981M__26030V,2023-03-20,2023-03-23,0.0073662388770374,high,0.15518162397903154,2023
26981M__26030V,2023-06-01,2023-06-12,-0.0277951536494135,low,0.09138732637312125,2023
26981M__26030V,2023-07-07,2023-07-18,-0.0058877617141476,medium,0.12046771038293808,2023
26981M__26030V,2023-07-24,2023-07-27,-0.0075816410706516,medium,0.10747884830121648,2023
26981M__26030V,2023-11-14,2023-11-16,-0.0044076953330597,high,0.1517317753873554,2023
26981M__26030V,2023-11-24,2023-11-29,0.0740820580031573,high,0.1515892442885686,2023
26981M__26030V,2024-03-07,2024-03-14,0.0222484228349806,low,0.10639648126355092,2024
26981M__26030V,2024-03-20,2024-03-21,-0.0134271609023246,low,0.08384768641905294,2024
26981M__26030V,2024-03-26,2024-04-10,-0.0416875519965932,low,0.09838459259636606,2024
26981M__26030V,2024-04-17,2024-04-24,-0.0055576340289189,medium,0.12674103290044295,2024
26981M__26030V,2024-05-02,2024-05-07,0.0402151523749695,high,0.15090253498515666,2024
26981M__26030V,2024-06-17,2024-06-20,0.033594843867689,medium,0.1073567583359346,2024
26981M__26030V,2024-07-02,2024-07-08,0.1322232940374419,low,0.09202201098235992,2024
26981M__26030V,2024-09-12,2024-09-17,0.0254719453968681,medium,0.14227042383140925,2024
26981M__26030V,2024-09-26,2024-09-30,0.0800828705125935,high,0.17880646538348619,2024
26981M__26030V,2024-12-27,2024-12-31,0.0791741347807133,low,0.09665709393609032,2024
2721ME__32307F,2022-01-03,2022-01-12,0.0522673538859622,medium,0.13129469903056668,2022
2721ME__32307F,2022-01-31,2022-02-10,0.0709898522812521,high,0.14660688415400552,2022
2721ME__32307F,2022-03-16,2022-03-17,0.1435792968484604,high,0.2495708971126369,2022
2721ME__32307F,2022-11-10,2022-11-14,-0.1887846327861117,high,0.18856504412036043,2022
2721ME__32307F,2022-12-02,2022-12-05,0.0331865961574919,high,0.18524042984400227,2022
2721ME__32307F,2022-12-29,2022-12-30,0.0791619525117114,high,0.1449978490245066,2022
2721ME__32307F,2023-01-04,2023-01-09,-0.0223056110696082,high,0.14622973651712284,2023
2721ME__32307F,2023-03-02,2023-03-06,0.0774715909859698,low,0.08727793047670368,2023
2721ME__32307F,2023-06-01,2023-06-12,-0.0395312449935734,low,0.09138732637312125,2023
2721ME__32307F,2023-06-14,2023-06-16,-0.043006775539083,medium,0.1258164643321,2023
2721ME__32307F,2023-07-07,2023-07-14,-0.0131284117473569,medium,0.12046771038293808,2023
2721ME__32307F,2023-07-24,2023-07-25,0.0357560859537808,medium,0.10747884830121648,2023
2721ME__32307F,2023-10-24,2023-10-27,0.073983198039057,high,0.16917031035148955,2023
2721ME__32307F,2023-11-14,2023-11-16,0.1033376304330608,high,0.1517317753873554,2023
2721ME__32307F,2024-05-02,2024-05-07,0.0296970048050789,high,0.15090253498515666,2024
2721ME__32307F,2024-09-09,2024-09-13,0.1363247110434033,medium,0.12795826434738145,2024
2721ME__32307F,2024-09-24,2024-09-30,0.0367261755485209,high,0.1522520192616947,2024
2721ME__32307F,2024-10-09,2024-10-15,0.0790095458424446,high,0.21300704079370386,2024
2721ME__32307F,2024-11-11,2024-11-13,0.1388834469739425,low,0.09860903242978535,2024
2721ME__32307F,2024-12-09,2024-12-11,0.0771897304449298,low,0.09023482532774013,2024
27220J__912748,2022-02-15,2022-02-16,0.0662352200442185,high,0.15684090686054833,2022
27220J__912748,2022-06-15,2022-06-16,0.1084612669443262,high,0.17906523349355769,2022
27220J__912748,2022-08-02,2022-08-03,0.1569900589995315,high,0.1530141400072315,2022
27220J__912748,2022-09-28,2022-10-05,-0.0325873683473417,high,0.166012560979196,2022
27220J__912748,2023-05-01,2023-05-02,0.0815394272869673,low,0.09158311508978943,2023
27220J__912748,2023-05-16,2023-05-22,0.03501595709412,low,0.08134196209432479,2023
27220J__912748,2023-05-26,2023-05-30,0.0507351090406467,low,0.09115906283788683,2023
27220J__912748,2023-06-12,2023-06-14,0.015467016762049,medium,0.12918258519967912,2023
27220J__912748,2023-10-25,2023-10-27,0.1001846096130935,high,0.17073666562592693,2023
27220J__912748,2023-10-31,2023-11-01,0.1234535742359679,high,0.14527823978787935,2023
27220J__912748,2023-11-02,2023-11-16,0.1326220794950323,medium,0.13798946396536213,2023
27220J__912748,2024-04-05,2024-04-10,0.0511199295937982,medium,0.11279615283620935,2024
27220J__912748,2024-04-26,2024-04-30,0.0220499924417686,high,0.14728711588214927,2024
27220J__912748,2024-05-08,2024-05-16,-0.0241135049095878,high,0.1525693369067356,2024
27220J__912748,2024-05-24,2024-05-29,0.0621156508551059,medium,0.11288739985671864,2024
27220J__912748,2024-08-05,2024-08-06,-0.02138328353036,high,0.2833877714480244,2024
27220J__912748,2024-09-26,2024-10-02,1.7270553662692834,high,0.17880646538348619,2024
27604J__315206,2022-01-07,2022-01-18,0.0097015303494604,medium,0.1243875464122688,2022
27604J__315206,2022-02-25,2022-02-28,0.0604612061633769,high,0.15884629040937046,2022
27604J__315206,2022-03-16,2022-03-23,0.0308437488027176,high,0.2495708971126369,2022
27604J__315206,2022-05-26,2022-06-09,0.0779656845940399,high,0.1670687177685336,2022
27604J__315206,2022-08-10,2022-08-19,0.0850177875731569,medium,0.13847463612166763,2022
27604J__315206,2022-09-07,2022-09-13,0.0346900469918398,high,0.14760377599137522,2022
27604J__315206,2022-10-13,2022-10-14,0.0438322227699216,high,0.21335208574043607,2022
27604J__315206,2022-12-28,2023-01-05,-0.0218872082305332,high,0.14593670686597834,2022
27604J__315206,2023-06-02,2023-06-05,0.0431081420701121,medium,0.12011791199604044,2023
27604J__315206,2023-07-07,2023-07-14,-0.0381745558893866,medium,0.12046771038293808,2023
27604J__315206,2023-12-13,2023-12-15,-0.0067542337283813,low,0.10436377255284755,2023
27604J__315206,2023-12-22,2024-01-23,0.0571891297513042,medium,0.10848438366717467,2023
27604J__315206,2024-08-05,2024-08-07,0.0292961560247966,high,0.2833877714480244,2024
27604J__315206,2024-09-26,2024-10-11,0.0976769100260097,high,0.17880646538348619,2024
28335J__27121Q,2022-02-15,2022-02-17,0.025901496007751,high,0.15684090686054833,2022
28335J__27121Q,2022-03-09,2022-03-10,0.0659725404633172,high,0.17309003007122534,2022
28335J__27121Q,2022-03-16,2022-03-23,0.01796103529816,high,0.2495708971126369,2022
28335J__27121Q,2022-04-28,2022-05-02,0.0600849580820233,high,0.14961396534313648,2022
28335J__27121Q,2022-05-19,2022-05-20,0.0422152627799257,high,0.17582415876300383,2022
28335J__27121Q,2022-09-28,2022-09-29,0.0464609029179896,high,0.166012560979196,2022
28335J__27121Q,2022-10-28,2022-10-31,0.0898782758757492,high,0.2206133134676225,2022
28335J__27121Q,2023-05-08,2023-05-09,0.0657556853000839,low,0.09108855782697853,2023
28335J__27121Q,2023-06-02,2023-06-05,0.0116986305709202,medium,0.12011791199604044,2023
28335J__27121Q,2023-08-14,2023-08-15,0.0434936818941564,medium,0.10991870184059092,2023
28335J__27121Q,2023-09-11,2023-09-13,0.0530748147869508,medium,0.11264386897671293,2023
28335J__27121Q,2023-12-22,2023-12-28,0.0082119375984728,medium,0.10848438366717467,2023
28335J__27121Q,2024-04-03,2024-04-04,0.0539572119745016,low,0.10651439269334584,2024
28335J__27121Q,2024-07-10,2024-07-11,0.0275639525463846,low,0.09540803438050431,2024
28335J__27121Q,2024-07-26,2024-07-29,0.0316308520875957,medium,0.11656932411192227,2024
28335J__27121Q,2024-07-31,2024-08-01,0.1702247795402716,medium,0.1316718718371729,2024
28335J__27121Q,2024-08-05,2024-08-06,0.0513245336701246,high,0.2833877714480244,2024
29057L__140891,2022-02-25,2022-03-01,0.0589446645706287,high,0.15884629040937046,2022
29057L__140891,2022-03-09,2022-03-16,0.0773464180709056,high,0.17309003007122534,2022
29057L__140891,2022-03-18,2022-03-23,0.014885724497867,high,0.28606497858574526,2022
29057L__140891,2022-10-04,2022-10-05,0.0444223745998328,high,0.20443458426366745,2022
29057L__140891,2022-11-10,2022-11-14,0.0318168986668297,high,0.18856504412036043,2022
29057L__140891,2023-06-30,2023-07-05,0.0396968152346129,low,0.10516836468805581,2023
29057L__140891,2023-07-28,2023-08-02,0.0639048492044129,medium,0.1129334108808542,2023
29057L__140891,2023-08-29,2023-08-31,0.036454251972281,medium,0.12105565975975051,2023
29057L__140891,2023-12-22,2023-12-27,0.0135938132302212,medium,0.10848438366717467,2023
29057L__140891,2024-02-15,2024-02-16,0.0473563879225831,low,0.09746619113294229,2024
29057L__140891,2024-05-16,2024-05-23,0.0864175254658937,medium,0.125000931297294,2024
29057L__140891,2024-06-24,2024-06-26,0.0753392738960306,low,0.09892167153970856,2024
29057L__140891,2024-07-22,2024-07-23,0.0283736402718233,medium,0.10789093597588789,2024
29057L__140891,2024-08-22,2024-08-27,0.0488322652873689,high,0.33331647537662884,2024
29057L__140891,2024-10-25,2024-10-29,0.0343863032748576,high,0.1810582502031268,2024
29057L__140891,2024-12-11,2024-12-12,0.0171689048740791,low,0.07945990344294784,2024
29235P__29235V,2022-01-18,2022-01-20,0.0743100785489044,low,0.10391940824747853,2022
29235P__29235V,2022-06-15,2022-06-16,0.1262471840136765,high,0.17906523349355769,2022
29235P__29235V,2022-10-04,2022-10-06,-0.007655022869492,high,0.20443458426366745,2022
29235P__29235V,2023-04-06,2023-04-11,0.0820085843576429,high,0.17323669120384896,2023
29235P__29235V,2023-10-06,2023-10-12,-0.009517874214728,high,0.15550083137606288,2023
29235P__29235V,2023-11-14,2023-11-28,0.0868892819155777,high,0.1517317753873554,2023
29235P__29235V,2023-12-01,2023-12-14,0.0356423999031684,medium,0.13983714722531576,2023
29235P__29235V,2024-02-06,2024-02-29,0.0948724114270404,medium,0.11219868118463404,2024
29235P__29235V,2024-03-22,2024-05-07,0.0575863125631768,low,0.09303463216788109,2024
29573D__929164,2022-02-15,2022-02-17,0.0427527457551313,high,0.15684090686054833,2022
29573D__929164,2022-02-25,2022-03-01,0.084002955728269,high,0.15884629040937046,2022
29573D__929164,2022-03-09,2022-03-10,-0.0128507730824161,high,0.17309003007122534,2022
29573D__929164,2022-08-04,2022-08-05,0.0182811189927974,medium,0.14287412905293392,2022
29573D__929164,2022-09-28,2022-09-29,0.0411693379235451,high,0.166012560979196,2022
29573D__929164,2023-05-26,2023-05-30,0.0196958932079002,low,0.09115906283788683,2023
29573D__929164,2023-10-31,2023-11-15,-0.1017989903609559,high,0.14527823978787935,2023
29573D__929164,2024-01-18,2024-01-23,-0.0497453224775295,medium,0.11136075159969909,2024
29573D__929164,2024-02-26,2024-02-28,0.0597721491001354,low,0.10637639746095813,2024
29573D__929164,2024-06-05,2024-06-07,0.0278456988716609,medium,0.11262017027150091,2024
29573D__929164,2024-08-05,2024-08-06,-0.1443163011530425,high,0.2833877714480244,2024
29573D__929164,2024-08-15,2024-08-16,0.048463774070243,high,0.3295301644045937,2024
29573D__929164,2024-09-11,2024-09-13,0.0144100594385132,medium,0.12894216963775204,2024
29573D__929164,2024-11-06,2024-11-08,0.0685558941269067,low,0.10119341320639359,2024
29969X__265497,2022-02-25,2022-05-02,0.2705062390011485,high,0.15884629040937046,2022
29969X__265497,2022-11-18,2022-11-28,0.201427572474615,high,0.2186785814935369,2022
30913C__755998,2022-01-04,2022-01-05,0.6360207885580605,medium,0.11859385410161812,2022
30913C__755998,2022-02-09,2022-02-24,0.4311060418147474,high,0.15215824844279274,2022
30913C__755998,2022-03-09,2022-03-30,0.3099528592469724,high,0.17309003007122534,2022
30913C__755998,2022-06-23,2022-08-16,0.8196698606497315,high,0.17270646716805507,2022
30913C__755998,2022-11-04,2022-12-01,1.0400132784528795,high,0.20897372209000226,2022
30913C__755998,2023-05-22,2023-06-30,0.3309356133097582,low,0.09111632913711203,2023
30913C__755998,2023-08-15,2023-08-25,0.6482129134483318,medium,0.10845789154147153,2023
30913C__755998,2023-10-31,2023-11-20,0.8284342879291766,high,0.14527823978787935,2023
30913C__755998,2024-07-02,2024-07-09,0.5902657255146901,low,0.09202201098235992,2024
30913C__755998,2024-07-12,2024-07-17,0.5578905259909045,medium,0.1093168116618796,2024
30913C__755998,2024-07-24,2024-07-26,0.4425412601487871,medium,0.10928351965700824,2024
30913C__755998,2024-11-26,2024-12-03,0.4209367641610893,low,0.09244507537163839,2024
30913C__755998,2024-12-04,2024-12-31,0.5627848211036904,low,0.09051667565289782,2024
32601M__257189,2022-04-18,2022-05-11,0.4712859807027116,high,0.14529785274904475,2022
32601M__257189,2022-05-26,2022-06-29,0.6191401258032335,high,0.1670687177685336,2022
32601M__257189,2022-08-19,2022-10-12,0.6452755148020789,medium,0.1305606661518868,2022
32601M__257189,2023-03-08,2023-03-13,0.4216381844425387,low,0.0940473264876137,2023
32601M__257189,2023-09-12,2023-10-13,0.58916275249241,medium,0.11508649046456722,2023
32601M__257189,2024-03-18,2024-04-19,0.3391976902164245,low,0.08278193351770635,2024
32601M__257189,2024-05-03,2024-05-07,0.4283223970458923,high,0.15062267788133152,2024
362819__315035,2022-01-31,2022-02-11,-0.0462156591746825,high,0.14660688415400552,2022
362819__315035,2022-02-24,2022-03-01,0.0442000147107077,high,0.1582812130045568,2022
362819__315035,2022-08-29,2022-08-30,0.0008199370777469,high,0.15167503101564123,2022
362819__315035,2022-08-31,2022-09-13,-0.0056507305295273,medium,0.13820096371007395,2022
362819__315035,2022-09-19,2022-09-21,0.0405397723020177,high,0.14981796907017123,2022
362819__315035,2022-10-03,2022-10-10,0.0588131718491182,high,0.16327089467540187,2022
362819__315035,2023-05-15,2023-05-16,0.0213452527951962,low,0.081436088424409,2023
362819__315035,2023-05-26,2023-06-21,-0.0084077914906454,low,0.09115906283788683,2023
362819__315035,2023-06-30,2023-07-05,0.0063312990758494,low,0.10516836468805581,2023
362819__315035,2023-07-26,2023-08-11,0.1095328666538783,medium,0.1090584258080564,2023
362819__315035,2023-11-14,2023-11-16,0.0063884617459591,high,0.1517317753873554,2023
362819__315035,2024-04-05,2024-04-12,0.0670689262872542,medium,0.11279615283620935,2024
362819__315035,2024-06-03,2024-06-10,-0.0021683587705773,medium,0.1149240031392682,2024
362819__315035,2024-08-01,2024-08-02,0.0146077214788173,medium,0.1385872224140666,2024
362819__315035,2024-08-06,2024-08-07,0.0010686428015752,high,0.3249080887710488,2024
362819__315035,2024-08-08,2024-08-22,0.0172769535689951,high,0.32464545669788364,2024
362819__315035,2024-11-20,2024-11-27,0.0948840456956174,low,0.10203530525393374,2024
500326__256938,2022-01-04,2022-01-05,0.00632436596533,medium,0.11859385410161812,2022
500326__256938,2022-02-02,2022-02-16,0.0191190821410311,high,0.15614680127733274,2022
500326__256938,2022-02-25,2022-02-28,0.0540364228287369,high,0.15884629040937046,2022
500326__256938,2022-03-09,2022-03-10,0.0131159118992869,high,0.17309003007122534,2022
500326__256938,2022-10-13,2022-10-19,0.0113918004153858,high,0.21335208574043607,2022
500326__256938,2022-11-14,2022-11-15,-0.0058301179054845,high,0.22720076328183827,2022
500326__256938,2022-12-20,2022-12-22,-0.0671649399133248,high,0.15688830321305453,2022
500326__256938,2023-01-04,2023-02-02,0.0214242614378489,high,0.14622973651712284,2023
500326__256938,2023-02-03,2023-02-21,0.0160997392665625,low,0.09053135704975075,2023
500326__256938,2023-05-15,2023-05-19,0.0390247272821114,low,0.081436088424409,2023
500326__256938,2023-10-30,2023-11-08,0.0735844476911999,high,0.16263290703227573,2023
500326__256938,2023-11-14,2023-11-16,0.0786556423237868,high,0.1517317753873554,2023
500326__256938,2024-08-05,2024-08-07,-0.0073586470887401,high,0.2833877714480244,2024
500326__256938,2024-10-04,2024-10-15,-0.0071807832516377,high,0.16221866592699852,2024
500326__256938,2024-11-06,2024-11-07,-0.0006192352592855,low,0.10119341320639359,2024
500326__256938,2024-11-14,2024-11-15,0.0741157776545054,low,0.10448480733790093,2024
510003__932107,2022-01-28,2022-02-02,-0.2294749670583113,high,0.14375620568801611,2022
510003__932107,2022-12-13,2022-12-16,0.0723571143778436,medium,0.13975426373796826,2022
510003__932107,2023-01-31,2023-02-01,-0.0435239978533013,low,0.08788333518319721,2023
510003__932107,2023-07-13,2023-07-14,0.0923215210958696,medium,0.12476545741719534,2023
510003__932107,2023-07-18,2023-07-19,0.1112350398746893,medium,0.12089745282479913,2023
510003__932107,2023-07-28,2023-08-10,0.1263131381688003,medium,0.1129334108808542,2023
510003__932107,2024-05-08,2024-05-15,0.1156484362900772,high,0.1525693369067356,2024
510003__932107,2024-07-01,2024-07-02,0.0690707518952112,low,0.09157875055069685,2024
510095__921754,2022-01-06,2022-01-12,0.0732073884383384,medium,0.12713437888676202,2022
510095__921754,2022-01-19,2022-01-21,0.1012639157295716,medium,0.1106903055131513,2022
510095__921754,2022-02-07,2022-02-10,0.0633796361325293,high,0.15093768534812227,2022
510095__921754,2022-05-05,2022-05-26,0.2591284116288315,medium,0.1394459779030981,2022
510095__921754,2022-11-10,2022-11-14,0.0120349054347028,high,0.18856504412036043,2022
510095__921754,2022-11-22,2022-11-28,0.0968144152130861,high,0.2126932570668374,2022
510095__921754,2023-01-10,2023-01-11,0.0903766647509889,medium,0.13584361034313278,2023
510095__921754,2023-03-31,2023-04-03,0.0786340008073886,high,0.16995550096818451,2023
510095__921754,2023-04-06,2023-04-10,0.086435230997322,high,0.17323669120384896,2023
510095__921754,2023-05-23,2023-05-24,0.1122039898072226,low,0.08838941830983296,2023
510095__921754,2023-06-30,2023-07-05,0.0915804234909704,low,0.10516836468805581,2023
510095__921754,2023-07-18,2023-07-24,0.1589667648560523,medium,0.12089745282479913,2023
510095__921754,2023-07-25,2023-08-07,0.1315104699670623,medium,0.11547867190454654,2023
510095__921754,2024-01-02,2024-01-10,0.0942594656810841,low,0.10516273320831293,2024
510095__921754,2024-01-18,2024-01-29,0.1110860794948041,medium,0.11136075159969909,2024
510095__921754,2024-09-19,2024-09-26,0.1281486430660356,medium,0.13394803255973525,2024
510095__921754,2024-10-07,2024-10-14,0.1309049410522673,high,0.16002159662074622,2024
510095__921754,2024-10-24,2024-10-29,0.1351272360946967,high,0.18544496573258604,2024
510265__932173,2022-01-27,2022-01-28,0.0333405599491882,medium,0.14143973941785626,2022
510265__932173,2022-02-03,2022-02-04,0.0073767110206437,high,0.15044303444044316,2022
510265__932173,2022-02-15,2022-02-17,0.0249102787677061,high,0.15684090686054833,2022
510265__932173,2022-03-02,2022-03-03,-0.0270063687511282,high,0.15319562263147377,2022
510265__932173,2022-03-09,2022-03-10,0.0121140197784216,high,0.17309003007122534,2022
510265__932173,2022-03-16,2022-03-17,-0.0339336787686379,high,0.2495708971126369,2022
510265__932173,2022-05-13,2022-05-16,0.0730617872130303,high,0.1616725029294797,2022
510265__932173,2022-09-16,2022-09-20,0.0463049694392883,high,0.14854851617606263,2022
510265__932173,2022-11-09,2022-11-11,0.0352926631582229,high,0.18994383326154898,2022
510265__932173,2023-02-09,2023-02-16,0.0362873223392412,low,0.08684468276532363,2023
510265__932173,2023-05-18,2023-05-23,0.0272480475165518,low,0.09138630133147338,2023
510265__932173,2023-05-25,2023-05-30,0.079360571360812,low,0.09793784379501613,2023
510265__932173,2023-06-02,2023-06-05,0.000455323099626,medium,0.12011791199604044,2023
510265__932173,2023-07-13,2023-07-19,0.0481514466053458,medium,0.12476545741719534,2023
510265__932173,2023-07-20,2023-07-21,0.1058552199493145,medium,0.12206397068116034,2023
510265__932173,2023-09-11,2023-09-13,0.0296612814543348,medium,0.11264386897671293,2023
510265__932173,2023-10-31,2023-11-16,-0.1505733116123917,high,0.14527823978787935,2023
510265__932173,2023-12-11,2023-12-13,0.0635728765872312,medium,0.13264930592815705,2023
510265__932173,2024-04-26,2024-04-30,-0.0010348223922955,high,0.14728711588214927,2024
510265__932173,2024-06-27,2024-07-11,0.0267753543585585,low,0.10637136933036381,2024
510265__932173,2024-08-05,2024-08-06,0.0284877895805139,high,0.2833877714480244,2024
510265__932173,2024-08-07,2024-08-16,-0.1496590239607219,high,0.3317077579429849,2024
510265__932173,2024-11-22,2024-11-26,-0.0059510680613623,low,0.09977767438289939,2024
510265__932173,2024-12-12,2024-12-18,0.1036938518315113,low,0.07344135080527524,2024
510311__912023,2022-01-27,2022-01-28,-0.0012222494151034,medium,0.14143973941785626,2022
510311__912023,2022-02-15,2022-02-18,0.0446244868327519,high,0.15684090686054833,2022
510311__912023,2022-05-12,2022-05-16,-0.0345664310499504,high,0.14504638564248973,2022
510311__912023,2023-03-14,2023-03-15,0.0633421238001531,medium,0.12832330826861948,2023
510311__912023,2023-03-20,2023-03-23,0.0761266231681493,high,0.15518162397903154,2023
510311__912023,2023-05-09,2023-05-23,0.1251496720787679,low,0.08145341624974672,2023
510311__912023,2023-12-26,2024-01-10,0.0650263272730601,medium,0.10708383946883428,2023
510311__912023,2024-02-22,2024-02-29,0.1052411360964564,medium,0.11269436513541546,2024
510311__912023,2024-08-06,2024-08-07,0.1229221414689754,high,0.3249080887710488,2024
510311__912023,2024-08-21,2024-08-22,0.2981756621013006,high,0.33823375440591996,2024
510311__912023,2024-09-04,2024-09-05,0.2777976990620314,medium,0.12676801344604086,2024
510311__912023,2024-10-30,2024-11-01,0.3024701669063008,high,0.1700892022774853,2024
510311__912023,2024-11-05,2024-11-06,0.2552290977745197,low,0.1024753724358395,2024
510311__912023,2024-11-12,2024-11-18,0.3182570268104924,low,0.099199318894828,2024
510311__912023,2024-11-25,2024-11-26,0.2982450631867746,low,0.09326183624669061,2024
510311__912023,2024-12-04,2024-12-06,0.2831006659068485,low,0.09051667565289782,2024
511280__929864,2022-01-27,2022-01-28,-0.0210179820435552,medium,0.14143973941785626,2022
511280__929864,2022-02-15,2022-02-17,0.0602758155246527,high,0.15684090686054833,2022
511280__929864,2022-03-09,2022-03-10,-0.0089273918732468,high,0.17309003007122534,2022
511280__929864,2022-09-28,2022-09-29,0.0786891669226921,high,0.166012560979196,2022
511280__929864,2023-05-12,2023-05-19,0.0787663525419346,low,0.08052074747552071,2023
511280__929864,2023-07-28,2023-08-01,0.0755873134742722,medium,0.1129334108808542,2023
511280__929864,2023-10-31,2023-11-09,-0.0804725695651238,high,0.14527823978787935,2023
511280__929864,2023-11-14,2023-11-17,0.033709475968556,high,0.1517317753873554,2023
511280__929864,2024-01-10,2024-01-11,0.0216357625553025,low,0.09889579218783165,2024
511280__929864,2024-04-26,2024-04-30,-0.032034480058437,high,0.14728711588214927,2024
511280__929864,2024-05-28,2024-05-29,0.0959542922064058,low,0.10429338246837981,2024
511280__929864,2024-07-08,2024-07-09,0.0068369942620525,low,0.09982893542717391,2024
511280__929864,2024-08-05,2024-08-06,0.0404405026667163,high,0.2833877714480244,2024
512142__929143,2022-01-19,2022-01-24,0.1021042874126827,medium,0.1106903055131513,2022
512142__929143,2022-02-01,2022-02-02,0.0704347542416971,medium,0.14038924094035582,2022
512142__929143,2023-01-06,2023-01-11,0.0797423620457291,medium,0.13257132699974467,2023
512142__929143,2023-05-01,2023-05-10,0.0481898983083413,low,0.09158311508978943,2023
512142__929143,2023-06-02,2023-06-05,0.1086027019723992,medium,0.12011791199604044,2023
512142__929143,2023-06-07,2023-06-08,0.0874685792856285,medium,0.1274914834426796,2023
512142__929143,2023-07-31,2023-08-04,0.0961734826932714,low,0.1049502743367233,2023
512142__929143,2024-02-02,2024-02-05,0.088225304214937,medium,0.11887880453706835,2024
512142__929143,2024-02-22,2024-02-26,0.1204951379991173,medium,0.11269436513541546,2024
512142__929143,2024-08-05,2024-08-07,0.0859694193385334,high,0.2833877714480244,2024
512142__929143,2024-12-19,2024-12-23,0.098452570885089,low,0.0886887302051993,2024
512956__912534,2022-01-27,2022-01-28,0.0236897394275347,medium,0.14143973941785626,2022
512956__912534,2022-02-15,2022-02-17,0.0666359793425586,high,0.15684090686054833,2022
512956__912534,2022-02-25,2022-03-01,0.0497050634731768,high,0.15884629040937046,2022
512956__912534,2022-03-09,2022-03-10,0.0199643442280442,high,0.17309003007122534,2022
512956__912534,2022-09-28,2022-09-29,0.0600063653800983,high,0.166012560979196,2022
512956__912534,2022-11-10,2022-11-11,-0.0343043361871434,high,0.18856504412036043,2022
512956__912534,2023-01-17,2023-01-18,0.0135934574613276,medium,0.1145512611539606,2023
512956__912534,2023-04-24,2023-04-25,0.0133393664797588,low,0.0905596616656885,2023
512956__912534,2023-05-16,2023-05-23,0.0586379168346721,low,0.08134196209432479,2023
512956__912534,2023-07-28,2023-08-01,0.0273576569425537,medium,0.1129334108808542,2023
512956__912534,2023-10-31,2023-11-06,-0.0431053934627378,high,0.14527823978787935,2023
512956__912534,2023-11-14,2023-11-15,0.0612191978123146,high,0.1517317753873554,2023
512956__912534,2024-01-10,2024-01-11,0.0038905068834715,low,0.09889579218783165,2024
512956__912534,2024-01-26,2024-01-29,0.0294753370618261,medium,0.11649639271555495,2024
512956__912534,2024-04-26,2024-04-30,0.0147612327974167,high,0.14728711588214927,2024
512956__912534,2024-08-05,2024-08-06,0.0146201667539007,high,0.2833877714480244,2024
514782__929594,2022-01-11,2022-01-13,0.0947464044954244,medium,0.12344165886542365,2022
514782__929594,2022-03-16,2022-03-17,0.1172895891102737,high,0.2495708971126369,2022
514782__929594,2022-10-03,2022-10-05,-0.0273462307598651,high,0.16327089467540187,2022
514782__929594,2022-10-13,2022-10-18,0.0381873982248631,high,0.21335208574043607,2022
514782__929594,2023-06-26,2023-06-29,0.0488591728292787,medium,0.13496521041901252,2023
514782__929594,2023-07-07,2023-07-18,0.0195091396880738,medium,0.12046771038293808,2023
514782__929594,2023-10-10,2023-10-17,0.029612896118745,high,0.15944363210687132,2023
514782__929594,2023-10-24,2023-10-25,0.079652882553959,high,0.16917031035148955,2023
514782__929594,2023-11-14,2023-11-15,-0.014494684945021,high,0.1517317753873554,2023
514782__929594,2023-12-14,2023-12-15,-0.0080222018456291,low,0.10292551456899875,2023
514782__929594,2023-12-19,2023-12-20,0.0675672206454946,medium,0.11558407935708889,2023
514782__929594,2024-04-09,2024-04-10,-0.0362976548034611,medium,0.11164565370645349,2024
514782__929594,2024-05-02,2024-05-07,0.0427951890000361,high,0.15090253498515666,2024
514782__929594,2024-09-24,2024-09-30,0.0601712284144838,high,0.1522520192616947,2024
514782__929594,2024-12-09,2024-12-10,0.0713079397032454,low,0.09023482532774013,2024
514782__929594,2024-12-11,2024-12-13,0.0794448157756856,low,0.07945990344294784,2024
514939__929610,2022-02-24,2022-03-07,0.12596176660434,high,0.1582812130045568,2022
514939__929610,2022-05-19,2022-07-08,0.0999701573359185,high,0.17582415876300383,2022
514939__929610,2023-01-04,2023-01-12,0.0587077955291923,high,0.14622973651712284,2023
514939__929610,2023-03-10,2023-03-13,0.1232867870449506,medium,0.10989845995621186,2023
514939__929610,2023-03-17,2023-03-20,0.1239457618342563,high,0.1490902284357454,2023
514939__929610,2023-05-31,2023-06-05,0.1024595108539976,low,0.0965865522346917,2023
514939__929610,2023-06-14,2023-06-27,0.1305396246586086,medium,0.1258164643321,2023
514939__929610,2023-08-03,2023-08-09,0.1159377854037731,medium,0.11387990285310479,2023
514939__929610,2023-08-15,2023-08-18,0.2289061152106006,medium,0.10845789154147153,2023
514939__929610,2024-02-05,2024-02-08,0.0515258071135911,medium,0.11165445259090273,2024
514939__929610,2024-03-20,2024-03-27,0.0429918464453933,low,0.08384768641905294,2024
514939__929610,2024-04-16,2024-04-19,0.1424917924821656,medium,0.12519142770631606,2024
514939__929610,2024-05-09,2024-05-10,0.1191576642777386,high,0.15257271431691447,2024
514939__929610,2024-06-17,2024-06-20,0.1337840114864751,medium,0.1073567583359346,2024
514939__929610,2024-08-13,2024-08-16,0.262524652306534,high,0.3291361305195831,2024
514939__929610,2024-10-02,2024-10-03,0.173910512744244,high,0.1629498717938163,2024
514939__929610,2024-10-08,2024-10-23,0.2141000173743471,high,0.21647353540744335,2024
514939__929610,2024-12-06,2024-12-10,0.3221609986842216,low,0.08548518285817287,2024
516146__930446,2022-01-25,2022-02-02,0.0015591086098975,medium,0.12620288123504203,2022
516146__930446,2022-02-15,2022-02-16,0.0464903520553865,high,0.15684090686054833,2022
516146__930446,2022-03-11,2022-03-14,0.0753008196430225,high,0.20373467857055771,2022
516146__930446,2022-09-28,2022-09-29,0.1063143889355361,high,0.166012560979196,2022
516146__930446,2023-01-20,2023-01-25,-0.002449426071939,medium,0.11185244248695324,2023
516146__930446,2023-02-14,2023-02-16,0.0487936528401967,low,0.09565642296980376,2023
516146__930446,2023-05-17,2023-05-23,0.0318895583787812,low,0.08744346644413653,2023
516146__930446,2023-05-26,2023-05-30,-0.0417869426646665,low,0.09115906283788683,2023
516146__930446,2023-06-02,2023-06-05,0.032579634944308,medium,0.12011791199604044,2023
516146__930446,2023-06-13,2023-06-14,-0.0146167875199665,medium,0.13101304206971837,2023
516146__930446,2023-07-28,2023-08-01,0.0445501648897329,medium,0.1129334108808542,2023
516146__930446,2023-10-31,2023-11-06,-0.0537116532310944,high,0.14527823978787935,2023
516146__930446,2024-02-14,2024-02-28,-0.0109731514458713,low,0.09588086888362635,2024
516146__930446,2024-03-18,2024-03-22,0.0167663048001554,low,0.08278193351770635,2024
516146__930446,2024-04-26,2024-04-30,-0.0309934585816439,high,0.14728711588214927,2024
516146__930446,2024-08-05,2024-08-06,0.0635744646822607,high,0.2833877714480244,2024
516495__932074,2022-01-27,2022-01-28,0.0196320424719909,medium,0.14143973941785626,2022
516495__932074,2022-02-25,2022-03-01,0.054226484883911,high,0.15884629040937046,2022
516495__932074,2022-03-09,2022-03-10,0.0267741449532295,high,0.17309003007122534,2022
516495__932074,2022-09-28,2022-09-29,0.0698882804668168,high,0.166012560979196,2022
516495__932074,2022-10-03,2022-10-05,-0.002922384221341,high,0.16327089467540187,2022
516495__932074,2022-10-17,2022-10-18,0.0463876866417831,high,0.22556465671381962,2022
516495__932074,2023-01-30,2023-02-02,-0.0245601841543464,low,0.08142603883443232,2023
516495__932074,2023-04-24,2023-04-25,-0.0100910062030807,low,0.0905596616656885,2023
516495__932074,2023-04-28,2023-05-02,0.0520331854192732,low,0.0903592314108011,2023
516495__932074,2023-06-29,2023-06-30,0.0160180085587077,medium,0.1265940837458608,2023
516495__932074,2023-10-31,2023-11-06,-0.1612615030941092,high,0.14527823978787935,2023
516495__932074,2024-04-26,2024-04-30,-0.132894710250083,high,0.14728711588214927,2024
516495__932074,2024-08-05,2024-08-06,0.0404603001154564,high,0.2833877714480244,2024
516495__932074,2024-10-31,2024-11-08,-0.0629240427183031,high,0.1699705335034533,2024
51655V__32146V,2022-02-09,2022-02-17,0.0764272696640053,high,0.15215824844279274,2022
51655V__32146V,2022-08-02,2022-08-05,0.1257897468886751,high,0.1530141400072315,2022
51655V__32146V,2022-11-28,2022-12-01,0.0800682987411154,high,0.20313651459688642,2022
51655V__32146V,2023-01-04,2023-01-13,0.0221336059033429,high,0.14622973651712284,2023
51655V__32146V,2023-05-01,2023-05-02,0.1487830987094283,low,0.09158311508978943,2023
51655V__32146V,2023-05-26,2023-05-30,0.1511366391420803,low,0.09115906283788683,2023
51655V__32146V,2023-07-10,2023-07-11,0.0778495170189079,medium,0.11952089334872325,2023
51655V__32146V,2023-11-02,2023-11-08,0.1764541368714429,medium,0.13798946396536213,2023
51655V__32146V,2023-12-26,2023-12-27,0.1233969572555195,medium,0.10708383946883428,2023
51655V__32146V,2024-05-09,2024-05-16,0.0082908633926622,high,0.15257271431691447,2024
51655V__32146V,2024-09-17,2024-09-24,0.0756846157015669,medium,0.12282916406407575,2024
51655V__32146V,2024-12-26,2024-12-30,0.1545894407930796,low,0.09531031990831955,2024
516889__916561,2022-02-03,2022-02-04,0.0891605234469423,high,0.15044303444044316,2022
516889__916561,2022-04-07,2022-04-12,0.0616651290024821,high,0.23797223635956427,2022
516889__916561,2022-08-16,2022-08-19,0.0333164603944959,medium,0.13753158226116136,2022
516889__916561,2022-09-02,2022-09-08,0.1626186503053799,high,0.1478273768144075,2022
516889__916561,2023-08-22,2023-08-24,0.1014282547872743,medium,0.10820452115588439,2023
516889__916561,2023-12-20,2023-12-22,0.0602393773438137,medium,0.11672800696698891,2023
516889__916561,2024-03-05,2024-03-06,0.1078017668545633,low,0.10501151953287033,2024
516889__916561,2024-04-08,2024-04-09,0.0788264544087775,medium,0.11414765762867932,2024
516889__916561,2024-04-10,2024-04-12,0.1055468078089389,medium,0.11217069002589665,2024
516889__916561,2024-05-10,2024-05-13,0.182402204630152,high,0.1533782306249396,2024
516889__916561,2024-06-18,2024-06-21,0.109539544213967,low,0.10502138627304711,2024
516889__916561,2024-07-26,2024-07-29,0.0611342073359712,medium,0.11656932411192227,2024
516889__916561,2024-08-05,2024-08-06,-0.0488309659535997,high,0.2833877714480244,2024
516889__916561,2024-10-23,2024-10-25,0.176095536195038,high,0.2094217914353214,2024
516889__916561,2024-11-13,2024-11-15,0.1222327926785928,low,0.10196573714697245,2024
516889__916561,2024-12-18,2024-12-23,0.2226756295270709,low,0.0838567640672269,2024
517131__912003,2022-03-09,2022-03-10,0.0518478376001624,high,0.17309003007122534,2022
517131__912003,2022-10-13,2022-10-14,0.0889841857752324,high,0.21335208574043607,2022
517131__912003,2022-10-26,2022-10-27,0.0998965853641328,high,0.21502805763630078,2022
517131__912003,2023-01-30,2023-02-06,0.0194647139997749,low,0.08142603883443232,2023
517131__912003,2023-04-26,2023-05-02,0.0509239428937557,low,0.08829564047808863,2023
517131__912003,2023-05-26,2023-05-30,0.0419146420773002,low,0.09115906283788683,2023
517131__912003,2024-05-08,2024-05-10,0.0264961879529087,high,0.1525693369067356,2024
517131__912003,2024-08-05,2024-08-06,-0.166199066449848,high,0.2833877714480244,2024
517131__912003,2024-08-14,2024-08-16,0.1142741662415346,high,0.328404817835752,2024
517131__912003,2024-08-21,2024-08-22,0.0299501979603334,high,0.33823375440591996,2024
517131__912003,2024-09-20,2024-09-27,0.0308198138928887,medium,0.14039889332904448,2024
518085__912002,2022-05-10,2022-05-11,0.1851480763492621,high,0.15339994951693436,2022
518085__912002,2023-04-18,2023-04-21,0.1158174128881232,low,0.09522685232860843,2023
518085__912002,2023-06-13,2023-06-26,0.1421024154289027,medium,0.13101304206971837,2023
518085__912002,2023-07-31,2023-08-02,0.1937249905411633,low,0.1049502743367233,2023
518085__912002,2023-09-08,2023-09-11,0.1148922668166719,medium,0.12032813829216908,2023
518085__912002,2024-02-06,2024-02-16,0.0992347243445408,medium,0.11219868118463404,2024
518085__912002,2024-03-14,2024-03-18,0.111442523405703,low,0.09602963194779106,2024
518085__912002,2024-08-05,2024-08-08,0.1087123317176164,high,0.2833877714480244,2024
518085__912002,2024-10-07,2024-11-20,0.3540818627671895,high,0.16002159662074622,2024
518085__912002,2024-12-19,2024-12-20,0.2352230254793043,low,0.0886887302051993,2024
53401R__14790N,2022-04-01,2022-04-05,0.1020398406608548,high,0.26401797071107247,2022
53401R__14790N,2022-04-11,2022-04-20,0.1043903543646845,high,0.229960572607337,2022
53401R__14790N,2023-01-23,2023-01-24,0.037045756414497,medium,0.11388612913692868,2023
53401R__14790N,2023-04-13,2023-04-24,0.0501022592803266,medium,0.13005891296032365,2023
53401R__14790N,2023-05-01,2023-05-02,0.0484639137571905,low,0.09158311508978943,2023
53401R__14790N,2023-05-18,2023-05-19,0.0302853921430499,low,0.09138630133147338,2023
53401R__14790N,2023-10-31,2023-11-06,0.0003594510946265,high,0.14527823978787935,2023
53401R__14790N,2024-02-14,2024-02-28,0.03437294848535,low,0.09588086888362635,2024
53401R__14790N,2024-03-18,2024-03-19,0.0306638862019624,low,0.08278193351770635,2024
53401R__14790N,2024-04-03,2024-04-15,0.0502439934710448,low,0.10651439269334584,2024
53401R__14790N,2024-04-19,2024-04-30,0.0356092254431889,medium,0.12394118128377324,2024
53401R__14790N,2024-06-12,2024-06-13,0.0638236662854151,medium,0.10965878811323829,2024
53401R__14790N,2024-08-05,2024-08-06,-0.0216921733110475,high,0.2833877714480244,2024
53401R__14790N,2024-08-16,2024-08-20,0.0350938763758561,high,0.33730254046521563,2024
53401R__14790N,2024-10-23,2024-10-30,0.061834907342587,high,0.2094217914353214,2024
53401V__932034,2022-02-16,2022-02-17,0.1116004957848194,high,0.16000808388264612,2022
53401V__932034,2022-03-29,2022-03-31,0.0960790318116574,high,0.2761103640339868,2022
53401V__932034,2022-04-04,2022-04-05,0.1925262654869077,high,0.24946024289424149,2022
53401V__932034,2022-04-11,2022-04-21,0.0926264795940726,high,0.229960572607337,2022
53401V__932034,2022-09-28,2022-09-29,0.0892088677837737,high,0.166012560979196,2022
53401V__932034,2022-10-13,2022-10-14,0.0742596292234902,high,0.21335208574043607,2022
53401V__932034,2023-01-10,2023-01-11,0.0667006635324394,medium,0.13584361034313278,2023
53401V__932034,2023-01-20,2023-01-24,0.0489652519503098,medium,0.11185244248695324,2023
53401V__932034,2023-06-02,2023-06-05,0.02114357313025,medium,0.12011791199604044,2023
53401V__932034,2023-06-13,2023-06-20,0.0280933654639488,medium,0.13101304206971837,2023
53401V__932034,2023-07-05,2023-07-06,0.0941967199245315,medium,0.10861050823511299,2023
53401V__932034,2023-07-28,2023-08-01,0.0964646031841852,medium,0.1129334108808542,2023
53401V__932034,2023-10-25,2023-10-27,0.1271425846880179,high,0.17073666562592693,2023
53401V__932034,2023-10-31,2023-11-15,-0.0057175686649478,high,0.14527823978787935,2023
53401V__932034,2023-12-12,2023-12-13,0.0561492566222683,medium,0.13222710406712013,2023
53401V__932034,2024-01-10,2024-01-11,0.0307569732509093,low,0.09889579218783165,2024
53401V__932034,2024-02-14,2024-02-16,0.0116600939657814,low,0.09588086888362635,2024
53401V__932034,2024-04-26,2024-04-30,0.0384155189169944,high,0.14728711588214927,2024
53401V__932034,2024-05-10,2024-05-16,0.0956058359309403,high,0.1533782306249396,2024
53401V__932034,2024-07-05,2024-07-09,0.1378452884936313,low,0.09843191602770592,2024
53401V__932034,2024-08-05,2024-08-06,-0.0004215497754789,high,0.2833877714480244,2024
53401V__932034,2024-10-02,2024-10-07,0.060066800500268,high,0.1629498717938163,2024
53401V__932034,2024-12-24,2024-12-27,-0.0192971488409365,low,0.09313735972603664,2024
53562J__314054,2022-01-06,2022-01-07,0.0022099298991881,medium,0.12713437888676202,2022
53562J__314054,2022-01-27,2022-02-04,0.0391664635705393,medium,0.14143973941785626,2022
53562J__314054,2022-02-08,2022-02-10,0.0053696812719335,high,0.15117235269454316,2022
53562J__314054,2022-02-16,2022-02-18,0.0842118257577776,high,0.16000808388264612,2022
53562J__314054,2022-02-25,2022-03-01,0.0746354057306458,high,0.15884629040937046,2022
53562J__314054,2022-08-17,2022-08-19,0.0552109044947921,medium,0.12523719249496112,2022
53562J__314054,2022-11-10,2022-11-15,0.0093598751698762,high,0.18856504412036043,2022
53562J__314054,2023-01-03,2023-01-05,0.0074645724410394,high,0.14949051966155014,2023
53562J__314054,2023-01-06,2023-01-13,0.0042398888609083,medium,0.13257132699974467,2023
53562J__314054,2023-02-22,2023-02-24,0.0521536743667546,low,0.09290039985643309,2023
53562J__314054,2023-05-26,2023-05-30,0.04612230123724,low,0.09115906283788683,2023
53562J__314054,2023-06-02,2023-06-05,0.0409131105323691,medium,0.12011791199604044,2023
53562J__314054,2023-07-12,2023-07-20,-0.0391161454025332,medium,0.11759307412916176,2023
53562J__314054,2023-08-16,2023-08-18,0.0914792770464242,medium,0.11280275553298458,2023
53562J__314054,2023-11-13,2023-11-22,-0.0293521419099612,high,0.15223533490014451,2023
53562J__314054,2023-12-13,2023-12-15,0.0231789459553327,low,0.10436377255284755,2023
53562J__314054,2024-02-15,2024-02-16,0.0179027422882393,low,0.09746619113294229,2024
53562J__314054,2024-02-21,2024-02-28,0.0461669155372336,medium,0.10954607469371783,2024
53562J__314054,2024-07-03,2024-07-09,-0.00385717640386,low,0.0944188117348802,2024
53562J__314054,2024-08-21,2024-08-27,0.0655011459012492,high,0.33823375440591996,2024
53562J__314054,2024-09-25,2024-09-30,0.0418475476489572,high,0.15136908539626756,2024
53562J__314054,2024-11-21,2024-11-25,0.0610003038614926,low,0.09966618918097292,2024
54045T__890954,2022-02-15,2022-02-17,0.0008347562843909,high,0.15684090686054833,2022
54045T__890954,2022-02-25,2022-03-01,0.0460350762804073,high,0.15884629040937046,2022
54045T__890954,2022-03-09,2022-03-10,0.0140825114109835,high,0.17309003007122534,2022
54045T__890954,2022-03-16,2022-03-23,0.0505899975909167,high,0.2495708971126369,2022
54045T__890954,2022-07-27,2022-08-01,0.0083974282619068,high,0.14554097289683837,2022
54045T__890954,2022-09-30,2022-10-05,0.0733525626708119,high,0.1618674322761541,2022
54045T__890954,2023-01-30,2023-02-08,0.0722503420275607,low,0.08142603883443232,2023
54045T__890954,2023-03-28,2023-04-04,0.0281113054015151,high,0.16975085806720921,2023
54045T__890954,2023-04-26,2023-05-02,0.0522045137524469,low,0.08829564047808863,2023
54045T__890954,2023-05-25,2023-05-30,0.0031084225169185,low,0.09793784379501613,2023
54045T__890954,2023-06-13,2023-06-16,0.0485605224142505,medium,0.13101304206971837,2023
54045T__890954,2023-07-28,2023-08-01,0.0365211694060024,medium,0.1129334108808542,2023
54045T__890954,2023-08-22,2023-08-24,0.0375874348282259,medium,0.10820452115588439,2023
54045T__890954,2023-09-22,2023-12-21,-0.8751415374889666,medium,0.11119750412152843,2023
54045T__890954,2024-03-07,2024-03-28,0.0452662578805027,low,0.10639648126355092,2024
54045T__890954,2024-07-30,2024-08-02,0.0690483318374165,medium,0.12735222656894404,2024
54045T__890954,2024-08-26,2024-10-02,0.0517516776095653,high,0.33074313625062607,2024
54181K__916020,2022-02-08,2022-02-10,0.0807819442660018,high,0.15117235269454316,2022
54181K__916020,2022-02-15,2022-02-17,0.0095382504192301,high,0.15684090686054833,2022
54181K__916020,2022-07-15,2022-07-20,0.0545322703083518,high,0.1555564239101565,2022
54181K__916020,2023-01-20,2023-01-24,0.0385200094917615,medium,0.11185244248695324,2023
54181K__916020,2023-04-14,2023-04-17,0.0189438556628286,medium,0.12098735174374468,2023
54181K__916020,2023-05-17,2023-05-23,0.0199269051939832,low,0.08744346644413653,2023
54181K__916020,2023-07-18,2023-07-20,0.0164231287576116,medium,0.12089745282479913,2023
54181K__916020,2023-09-22,2023-09-25,0.0120605464705142,medium,0.11119750412152843,2023
54181K__916020,2023-10-31,2023-11-01,0.1019952243615974,high,0.14527823978787935,2023
54181K__916020,2024-04-25,2024-05-01,0.0311177769111759,high,0.14588212365109857,2024
54181K__916020,2024-08-01,2024-08-02,0.1123595036546913,medium,0.1385872224140666,2024
54181K__916020,2024-08-05,2024-08-06,0.1155394076108343,high,0.2833877714480244,2024
54181K__916020,2024-10-30,2024-10-31,0.1180369365635424,high,0.1700892022774853,2024
54182H__312485,2022-10-04,2022-10-05,0.2075166273310927,high,0.20443458426366745,2022
54182H__312485,2022-11-04,2022-11-10,0.2287716203137124,high,0.20897372209000226,2022
54182H__312485,2023-11-10,2023-11-16,0.3981769501034211,high,0.1580374302722495,2023
54184D__31722D,2023-02-16,2023-02-27,0.0896957642159329,low,0.09626154883557894,2023
54184D__31722D,2023-06-05,2023-06-07,0.1433972718181645,medium,0.12662425659271043,2023
54184D__31722D,2023-09-05,2023-09-25,0.0411249379722053,medium,0.11849516688318526,2023
54184D__31722D,2024-08-05,2024-08-07,-0.0320303988962859,high,0.2833877714480244,2024
54184D__31722D,2024-09-24,2024-09-25,0.0932815100470716,high,0.1522520192616947,2024
54184D__31722D,2024-10-01,2024-10-02,0.2402324435184473,high,0.18061967531644108,2024
54184D__31722D,2024-12-10,2024-12-17,0.1415207352276813,low,0.08416236466753871,2024
54184M__916983,2022-03-02,2022-03-03,0.0076113887369282,high,0.15319562263147377,2022
54184M__916983,2022-03-09,2022-03-10,0.0134490152373805,high,0.17309003007122534,2022
54184M__916983,2022-03-16,2022-03-17,-0.0146498808752676,high,0.2495708971126369,2022
54184M__916983,2022-10-13,2022-10-14,0.0560064501453578,high,0.21335208574043607,2022
54184M__916983,2022-11-10,2022-11-11,-0.0124588277521521,high,0.18856504412036043,2022
54184M__916983,2023-03-16,2023-03-17,0.0935052917914976,medium,0.13387593580876786,2023
54184M__916983,2023-05-17,2023-05-23,0.0133656602867163,low,0.08744346644413653,2023
54184M__916983,2023-06-02,2023-06-05,-0.0450225803462818,medium,0.12011791199604044,2023
54184M__916983,2023-07-28,2023-08-01,0.0070752520627185,medium,0.1129334108808542,2023
54184M__916983,2023-10-06,2023-10-10,-0.0122153872967786,high,0.15550083137606288,2023
54184M__916983,2023-10-31,2023-11-09,-0.1639464117602499,high,0.14527823978787935,2023
54184M__916983,2024-05-08,2024-05-16,0.1269975943593688,high,0.1525693369067356,2024
54184M__916983,2024-08-05,2024-08-06,0.034021754485038,high,0.2833877714480244,2024
54185K__140271,2022-01-13,2022-01-18,-0.0749698607210536,medium,0.13087720158210994,2022
54185K__140271,2022-02-15,2022-02-17,0.0300275697275702,high,0.15684090686054833,2022
54185K__140271,2022-03-09,2022-03-10,0.0375574465259911,high,0.17309003007122534,2022
54185K__140271,2022-04-14,2022-04-18,-0.0546610872538096,medium,0.14052382209166045,2022
54185K__140271,2022-06-02,2022-06-03,-0.0288038847935804,high,0.17497443603317217,2022
54185K__140271,2022-07-14,2022-07-20,-0.1074516511849108,high,0.15703786471892145,2022
54185K__140271,2022-08-02,2022-08-04,0.0204088991294026,high,0.1530141400072315,2022
54185K__140271,2022-09-28,2022-09-29,0.0359764020745886,high,0.166012560979196,2022
54185K__140271,2022-10-13,2022-10-14,-0.0384470179718878,high,0.21335208574043607,2022
54185K__140271,2023-02-27,2023-03-09,1.8402159490601824,low,0.08215811835002916,2023
54185K__140271,2023-07-13,2023-07-14,0.1496729099784694,medium,0.12476545741719534,2023
54185K__140271,2023-10-12,2023-10-13,-0.0007932489933009,high,0.1672674725857198,2023
54185K__140271,2024-04-22,2024-04-24,0.0143805184073557,medium,0.13801307970897447,2024
54185K__140271,2024-07-02,2024-07-09,-0.0104073391344038,low,0.09202201098235992,2024
54185K__140271,2024-07-10,2024-07-17,0.0608640921948406,low,0.09540803438050431,2024
54185K__140271,2024-07-25,2024-07-29,0.008466726908523,medium,0.11635173858267943,2024
54185K__140271,2024-08-05,2024-08-06,0.0179187856981548,high,0.2833877714480244,2024
54185K__140271,2024-08-15,2024-08-16,-0.0589963877227351,high,0.3295301644045937,2024
54185K__140271,2024-09-11,2024-09-13,0.0058811825314646,medium,0.12894216963775204,2024
54185K__140271,2024-10-02,2024-10-07,-0.012961820656768,high,0.1629498717938163,2024
54185K__140271,2024-10-10,2024-10-15,0.0683934539995377,high,0.2094385643742278,2024
54186D__29730F,2022-02-09,2022-02-14,0.0190427427850752,high,0.15215824844279274,2022
54186D__29730F,2022-03-04,2022-03-07,0.0354296461624137,high,0.16203003754216186,2022
54186D__29730F,2022-03-17,2022-03-18,0.1306585071011974,high,0.28507187208522194,2022
54186D__29730F,2022-04-12,2022-04-14,0.0450763653879139,high,0.21934608065241812,2022
54186D__29730F,2022-06-24,2022-06-29,0.0456173099991299,high,0.17537096880562503,2022
54186D__29730F,2022-08-08,2022-08-09,0.0882060280195849,high,0.14357303991322465,2022
54186D__29730F,2023-01-26,2023-01-27,0.1070159443910876,medium,0.1154182286073113,2023
54186D__29730F,2023-03-27,2023-03-29,0.0111392778987336,high,0.16845455053346306,2023
54186D__29730F,2023-05-17,2023-05-19,0.0582467132693697,low,0.08744346644413653,2023
54186D__29730F,2023-06-02,2023-06-05,0.0326329085092583,medium,0.12011791199604044,2023
54186D__29730F,2023-07-25,2023-07-26,0.0854688134084995,medium,0.11547867190454654,2023
54186D__29730F,2023-07-27,2023-08-02,0.0977642720915952,medium,0.11289455392134981,2023
54186D__29730F,2023-08-09,2023-08-10,-0.1014377816438885,low,0.1051305210033704,2023
54186D__29730F,2024-06-27,2024-07-02,0.0040819428404917,low,0.10637136933036381,2024
54186D__29730F,2024-08-05,2024-08-06,-0.0406425083772701,high,0.2833877714480244,2024
54186D__29730F,2024-08-08,2024-08-14,0.0471159862711191,high,0.32464545669788364,2024
54186Q__317701,2022-01-25,2022-03-28,0.0043619105553416,medium,0.12620288123504203,2022
54186Q__317701,2022-05-13,2022-06-08,-0.0267868793801255,high,0.1616725029294797,2022
54186Q__317701,2022-12-21,2022-12-28,0.0335248929943511,high,0.1561989354414328,2022
54186Q__317701,2023-01-06,2023-01-12,0.0271596414641457,medium,0.13257132699974467,2023
54186Q__317701,2023-01-19,2023-02-02,0.0222808150460099,medium,0.11318149698480827,2023
54186Q__317701,2023-02-03,2023-02-07,0.0341438467853271,low,0.09053135704975075,2023
54186Q__317701,2023-03-20,2023-04-04,0.0279829950293551,high,0.15518162397903154,2023
54186Q__317701,2023-04-27,2023-05-02,0.0286288884110007,low,0.08775023958284371,2023
54186Q__317701,2023-05-08,2023-05-30,0.0179650524668504,low,0.09108855782697853,2023
54186Q__317701,2023-09-14,2023-10-02,0.0592282908143316,medium,0.10758287432133357,2023
54186Q__317701,2023-11-02,2023-11-09,-0.0084149132276269,medium,0.13798946396536213,2023
54186Q__317701,2024-01-10,2024-02-06,0.0256087957159872,low,0.09889579218783165,2024
54186Q__317701,2024-07-05,2024-08-01,-0.0085781596641854,low,0.09843191602770592,2024
54186Q__317701,2024-08-05,2024-10-07,-0.0452635585329186,high,0.2833877714480244,2024
54186Q__317701,2024-11-01,2024-11-08,0.0282396605855472,high,0.1656432502955055,2024
54186Q__317701,2024-12-06,2024-12-17,0.0607603656864536,low,0.08548518285817287,2024
54187L__946076,2022-02-09,2022-02-10,0.0591069589246528,high,0.15215824844279274,2022
54187L__946076,2022-02-15,2022-02-17,0.0584739417534848,high,0.15684090686054833,2022
54187L__946076,2022-03-09,2022-03-10,0.0171064626350471,high,0.17309003007122534,2022
54187L__946076,2022-08-09,2022-08-15,-0.0187263012171507,medium,0.13354548978878078,2022
54187L__946076,2022-09-28,2022-09-29,0.1074192917822504,high,0.166012560979196,2022
54187L__946076,2022-11-10,2022-11-11,-0.0227223734964911,high,0.18856504412036043,2022
54187L__946076,2023-03-03,2023-03-07,0.0414813283771952,low,0.09110562018435164,2023
54187L__946076,2023-04-18,2023-04-19,0.0929426547069287,low,0.09522685232860843,2023
54187L__946076,2023-05-15,2023-05-16,0.1115050953456273,low,0.081436088424409,2023
54187L__946076,2023-06-02,2023-06-05,-0.0193710995972828,medium,0.12011791199604044,2023
54187L__946076,2023-07-13,2023-07-25,0.1396613152901041,medium,0.12476545741719534,2023
54187L__946076,2023-07-26,2023-07-27,0.0907869328015975,medium,0.1090584258080564,2023
54187L__946076,2023-09-13,2023-09-14,0.1372344753622783,medium,0.10727674109368698,2023
54187L__946076,2023-10-31,2023-11-07,0.0107781034014442,high,0.14527823978787935,2023
54187L__946076,2023-11-15,2023-11-17,0.0459396972433915,high,0.16925571150888202,2023
54187L__946076,2024-02-14,2024-02-15,-0.2124450445942756,low,0.09588086888362635,2024
54187L__946076,2024-02-28,2024-03-01,0.0136689885483275,low,0.09913049194246258,2024
54187L__946076,2024-03-06,2024-03-07,0.0422603879586264,low,0.10636783430776535,2024
54187L__946076,2024-03-26,2024-04-02,0.0175289544937353,low,0.09838459259636606,2024
54187L__946076,2024-08-05,2024-08-06,-0.0720794036713599,high,0.2833877714480244,2024
54187L__946076,2024-08-07,2024-08-16,0.1452836805155093,high,0.3317077579429849,2024
54187L__946076,2024-11-12,2024-11-15,0.0454129652838199,low,0.099199318894828,2024
54187R__937334,2022-01-04,2022-01-05,0.1748695393476373,medium,0.11859385410161812,2022
54187R__937334,2022-03-09,2022-03-11,0.0746672936912165,high,0.17309003007122534,2022
54187R__937334,2022-05-12,2022-05-16,0.0094700922846936,high,0.14504638564248973,2022
54187R__937334,2022-08-01,2022-08-04,0.1046544189220249,medium,0.13866983312482195,2022
54187R__937334,2022-08-12,2022-08-16,0.0474352892693337,high,0.1494270238283966,2022
54187R__937334,2023-02-13,2023-02-21,0.1003439586621684,low,0.09528510443582931,2023
54187R__937334,2023-03-30,2023-04-03,-0.0043587414325739,high,0.16933518518055082,2023
54187R__937334,2023-05-09,2023-05-10,0.0694328077394669,low,0.08145341624974672,2023
54187R__937334,2023-05-26,2023-05-30,0.0524196193277203,low,0.09115906283788683,2023
54187R__937334,2023-08-09,2023-08-10,0.1562156945758218,low,0.1051305210033704,2023
54187R__937334,2023-11-14,2023-11-15,0.0081234165798584,high,0.1517317753873554,2023
54187R__937334,2023-12-22,2023-12-27,0.0549990395529915,medium,0.10848438366717467,2023
54187R__937334,2024-02-07,2024-02-08,0.0235603902106613,medium,0.11194833600860642,2024
54187R__937334,2024-02-15,2024-02-16,0.0910212777231409,low,0.09746619113294229,2024
54187R__937334,2024-03-28,2024-04-09,1.467425474566428,low,0.10674289345677111,2024
54187R__937334,2024-07-10,2024-07-11,0.091689275184227,low,0.09540803438050431,2024
54187R__937334,2024-08-05,2024-08-06,-0.093683098318863,high,0.2833877714480244,2024
54187R__937334,2024-08-08,2024-08-14,-0.0219837821074348,high,0.32464545669788364,2024
54187R__937334,2024-11-07,2024-11-08,0.0896011436311115,low,0.09750221703578518,2024
54188U__362347,2022-08-04,2022-08-19,0.1264842595687497,medium,0.14287412905293392,2022
54188U__362347,2023-07-25,2023-07-31,0.1009486208130933,medium,0.11547867190454654,2023
54188U__362347,2023-12-06,2023-12-08,0.2144337748933664,medium,0.12873056781161116,2023
54188U__362347,2024-05-30,2024-06-03,0.1369776539341442,medium,0.11151610875847573,2024
54188U__362347,2024-07-11,2024-07-19,0.1015503049468516,medium,0.10823435009744216,2024
54188U__362347,2024-07-26,2024-08-09,0.1876371301559537,medium,0.11656932411192227,2024
54188U__362347,2024-10-07,2024-10-10,0.1263442987986095,high,0.16002159662074622,2024
54189H__140292,2022-03-16,2022-03-23,-0.0129832930670996,high,0.2495708971126369,2022
54189H__140292,2022-09-28,2022-09-29,0.0727043217500825,high,0.166012560979196,2022
54189H__140292,2022-11-10,2022-11-11,0.0722392556066016,high,0.18856504412036043,2022
54189H__140292,2023-01-20,2023-01-24,-0.0079493711075085,medium,0.11185244248695324,2023
54189H__140292,2023-03-14,2023-03-15,0.1151330179410391,medium,0.12832330826861948,2023
54189H__140292,2023-03-28,2023-04-03,-0.0012993198569232,high,0.16975085806720921,2023
54189H__140292,2023-06-12,2023-06-14,-0.0539093274296038,medium,0.12918258519967912,2023
54189H__140292,2023-09-14,2023-09-15,0.0563986690016884,medium,0.10758287432133357,2023
54189H__140292,2024-01-18,2024-01-23,-0.0049934881172857,medium,0.11136075159969909,2024
54189H__140292,2024-02-08,2024-02-13,0.0182240170216621,medium,0.11019704838239221,2024
54189H__140292,2024-02-26,2024-02-27,0.0364273509595193,low,0.10637639746095813,2024
54189H__140292,2024-06-05,2024-06-14,-0.0094690711192781,medium,0.11262017027150091,2024
54189H__140292,2024-06-18,2024-06-20,0.0789224991117253,low,0.10502138627304711,2024
54189H__140292,2024-08-05,2024-08-06,-0.0335091953727811,high,0.2833877714480244,2024
54189H__140292,2024-09-11,2024-09-12,-0.0434966974324575,medium,0.12894216963775204,2024
54189X__930759,2022-01-27,2022-01-28,0.0126055530001494,medium,0.14143973941785626,2022
54189X__930759,2022-02-25,2022-03-01,0.0657415186164712,high,0.15884629040937046,2022
54189X__930759,2022-03-09,2022-03-10,0.0081950324718633,high,0.17309003007122534,2022
54189X__930759,2022-10-03,2022-10-05,0.0014486827248613,high,0.16327089467540187,2022
54189X__930759,2022-11-04,2022-11-08,0.0318454093630627,high,0.20897372209000226,2022
54189X__930759,2023-07-25,2023-07-26,0.0754119628580793,medium,0.11547867190454654,2023
54189X__930759,2023-10-04,2023-10-10,0.0340913705865661,high,0.14725698914268598,2023
54189X__930759,2023-11-01,2023-11-08,0.0942753390361906,medium,0.13868108419369335,2023
54189X__930759,2024-04-26,2024-04-30,0.1499488723174673,high,0.14728711588214927,2024
54189X__930759,2024-05-15,2024-05-23,0.1272873680923624,medium,0.12496557873724039,2024
54189X__930759,2024-07-08,2024-07-09,0.0859309399284203,low,0.09982893542717391,2024
54189X__930759,2024-08-02,2024-08-06,0.1132491574886764,high,0.18224902462812986,2024
54190Q__982367,2022-01-25,2022-03-01,0.037295100805855,medium,0.12620288123504203,2022
54190Q__982367,2022-07-07,2022-07-08,0.1026085032104576,high,0.18402024884991253,2022
54190Q__982367,2023-01-12,2023-03-09,0.0030908769927304,medium,0.1348155701567425,2023
54190Q__982367,2023-05-12,2023-05-24,0.0405190960080336,low,0.08052074747552071,2023
54190Q__982367,2023-11-30,2023-12-20,0.0395315293190698,high,0.15197678264455836,2023
54190Q__982367,2024-02-15,2024-04-26,0.2793440534349206,low,0.09746619113294229,2024
54190Q__982367,2024-08-19,2024-11-01,0.1087571659224208,high,0.3373210183591703,2024
54190Q__982367,2024-11-19,2024-12-20,0.1519967185298572,low,0.10206686251433951,2024
54233V__28557J,2022-07-08,2022-07-15,0.2041087216401028,high,0.18346561674865944,2022
54233V__28557J,2022-11-08,2022-11-16,0.0488304799996003,high,0.19166532846148174,2022
54233V__28557J,2022-11-21,2022-11-22,0.0631299371084801,high,0.2118655380474418,2022
54233V__28557J,2022-12-08,2022-12-20,-0.0947938762593941,high,0.1870101135349903,2022
54233V__28557J,2023-01-05,2023-01-06,0.0578017707308875,high,0.1455191235897016,2023
54233V__28557J,2023-01-10,2023-01-11,0.0552009261837557,medium,0.13584361034313278,2023
54233V__28557J,2023-04-27,2023-05-02,0.0860242466554785,low,0.08775023958284371,2023
54233V__28557J,2023-05-12,2023-05-23,0.0035325789139676,low,0.08052074747552071,2023
54233V__28557J,2023-07-28,2023-08-02,0.2418405386402568,medium,0.1129334108808542,2023
54233V__28557J,2024-01-09,2024-01-10,0.159682944436539,low,0.10042346569721874,2024
54233V__28557J,2024-02-20,2024-02-22,0.1156721298689154,medium,0.11334331814299511,2024
54233V__28557J,2024-02-27,2024-02-29,0.1167921401338533,low,0.09886568134269506,2024
54233V__28557J,2024-04-17,2024-04-18,0.066723815072997,medium,0.12674103290044295,2024
54233V__28557J,2024-04-30,2024-05-01,0.0692412146993558,high,0.1536910612078591,2024
54233V__28557J,2024-07-03,2024-07-11,0.0633434312172467,low,0.0944188117348802,2024
54233V__28557J,2024-08-05,2024-08-06,0.1267849248848779,high,0.2833877714480244,2024
54233V__28557J,2024-09-13,2024-09-19,0.0921302620688793,medium,0.12643167134951383,2024
54233V__28557J,2024-09-26,2024-09-27,0.2113907990470281,high,0.17880646538348619,2024
54233V__28557J,2024-12-13,2024-12-17,0.1105617519002184,low,0.08205713354757774,2024
54238F__932322,2022-11-01,2022-11-22,-0.2102791167083413,high,0.20364500023816123,2022
54238F__932322,2023-07-21,2023-08-04,0.16246413905061,medium,0.1074054237934999,2023
54238F__932322,2023-08-07,2023-08-16,0.1533025301678901,medium,0.10677293526730877,2023
54238F__932322,2024-05-08,2024-05-09,0.0989002950559452,high,0.1525693369067356,2024
54319F__771681,2022-02-07,2022-02-23,0.1135326722551953,high,0.15093768534812227,2022
54319F__771681,2022-04-11,2022-04-14,0.0791444440067434,high,0.229960572607337,2022
54319F__771681,2022-09-06,2022-09-08,0.1078389998294673,high,0.1475785051446844,2022
54319F__771681,2023-08-03,2023-08-07,0.1088124573667958,medium,0.11387990285310479,2023
54319F__771681,2024-11-01,2024-11-04,0.2190565921852424,high,0.1656432502955055,2024
54319F__771681,2024-12-06,2024-12-10,-0.0243961467150611,low,0.08548518285817287,2024
54338Q__675705,2022-03-23,2022-03-25,0.0645799104764802,high,0.2888742518212352,2022
54338Q__675705,2022-07-06,2022-07-12,0.0570879597866795,high,0.17916362244139028,2022
54338Q__675705,2022-07-15,2022-07-18,0.0943354881660248,high,0.1555564239101565,2022
54338Q__675705,2022-08-02,2022-08-05,0.1411052509739302,high,0.1530141400072315,2022
54338Q__675705,2022-11-10,2022-11-29,0.0057373572312286,high,0.18856504412036043,2022
54338Q__675705,2023-02-02,2023-02-06,0.0747665208457567,low,0.08949572900690392,2023
54338Q__675705,2023-03-31,2023-04-03,0.0185785636664683,high,0.16995550096818451,2023
54338Q__675705,2023-05-26,2023-05-30,0.0353457976582801,low,0.09115906283788683,2023
54338Q__675705,2023-08-01,2023-08-02,0.0858045944027428,low,0.1045504823021596,2023
54338Q__675705,2023-09-20,2023-09-21,0.0581709304660407,medium,0.11251379011453586,2023
54338Q__675705,2023-10-03,2023-10-12,0.0188025942021799,high,0.1432416702600015,2023
54338Q__675705,2023-11-14,2023-11-15,0.0436928500764267,high,0.1517317753873554,2023
54338Q__675705,2023-11-16,2023-11-22,0.0123559388555116,high,0.1632190127192084,2023
54338Q__675705,2023-12-18,2023-12-20,0.0408595129102213,medium,0.11527704542060817,2023
54338Q__675705,2024-01-04,2024-01-05,0.0469529400392282,low,0.09568608988617061,2024
54338Q__675705,2024-02-12,2024-02-13,0.0994842281914704,medium,0.11333586078767012,2024
54338Q__675705,2024-03-13,2024-03-14,0.0865054062966569,low,0.09595329692809773,2024
54338Q__675705,2024-03-22,2024-03-25,0.0679860044363651,low,0.09303463216788109,2024
54338Q__675705,2024-05-07,2024-05-08,0.0645008113898144,high,0.14803536979145443,2024
54338Q__675705,2024-08-08,2024-08-28,0.0553135699434742,high,0.32464545669788364,2024
54338Q__675705,2024-11-22,2024-11-25,0.02699004028627,low,0.09977767438289939,2024
54338Q__675705,2024-12-02,2024-12-03,0.0668102892508805,low,0.09375174744410707,2024
54339N__297127,2022-01-25,2022-02-04,0.0832244173131866,medium,0.12620288123504203,2022
54339N__297127,2022-02-08,2022-02-14,0.0877310631532995,high,0.15117235269454316,2022
54339N__297127,2022-03-09,2022-03-15,0.1192674717177072,high,0.17309003007122534,2022
54339N__297127,2022-08-01,2022-08-10,0.077259152935621,medium,0.13866983312482195,2022
54339N__297127,2022-11-04,2022-11-11,0.0895261312682515,high,0.20897372209000226,2022
54339N__297127,2023-01-03,2023-01-18,0.0639671967857089,high,0.14949051966155014,2023
54339N__297127,2023-07-13,2023-07-17,0.1009626672899064,medium,0.12476545741719534,2023
54339N__297127,2023-07-24,2023-07-25,0.148801244536013,medium,0.10747884830121648,2023
54339N__297127,2024-01-05,2024-01-16,0.1381694494550036,low,0.09005629601542386,2024
54339N__297127,2024-01-31,2024-02-14,0.1364969797402988,medium,0.11815064952724359,2024
54339N__297127,2024-06-13,2024-06-24,0.0534636530874947,low,0.10609517970678416,2024
54339N__297127,2024-07-31,2024-08-07,0.1330932676747452,medium,0.1316718718371729,2024
54339N__297127,2024-08-13,2024-08-28,-0.0027049762829157,high,0.3291361305195831,2024
54339N__297127,2024-09-11,2024-09-13,0.0727040297427452,medium,0.12894216963775204,2024
54339N__297127,2024-09-19,2024-09-23,0.0927906397352112,medium,0.13394803255973525,2024
54339N__297127,2024-09-25,2024-09-27,0.0293640034384903,high,0.15136908539626756,2024
54339N__297127,2024-10-09,2024-10-10,0.0903361589671511,high,0.21300704079370386,2024
54339N__297127,2024-11-05,2024-11-06,0.1752249858634033,low,0.1024753724358395,2024
54350L__904660,2022-07-22,2022-07-25,0.0796069214717218,high,0.16274811501643188,2022
54350L__904660,2024-03-12,2024-03-14,0.1158009681258148,low,0.09894585215862359,2024
54350L__904660,2024-06-13,2024-06-17,0.1505404304875368,low,0.10609517970678416,2024
54350L__904660,2024-06-20,2024-07-02,0.1262536552466261,medium,0.10878875860859927,2024
54350L__904660,2024-10-01,2024-10-10,0.3452298614451048,high,0.18061967531644108,2024
54366J__930819,2022-03-15,2022-03-17,0.0548200786072634,high,0.2108689982559859,2022
54366J__930819,2022-04-11,2022-04-12,0.1549560193093775,high,0.229960572607337,2022
54366J__930819,2022-04-25,2022-04-26,0.2404774125643667,medium,0.14177873091509788,2022
54366J__930819,2022-08-02,2022-08-04,0.099445294347212,high,0.1530141400072315,2022
54366J__930819,2023-01-23,2023-02-06,0.1071973318621795,medium,0.11388612913692868,2023
54366J__930819,2023-02-15,2023-02-17,0.0949239450236187,low,0.0962897925054489,2023
54366J__930819,2023-06-23,2023-06-27,0.2017755379923801,medium,0.13504647636465364,2023
54366J__930819,2024-02-02,2024-02-07,0.1197708663392861,medium,0.11887880453706835,2024
54366J__930819,2024-05-29,2024-05-30,0.0913092666260593,medium,0.10993110160801833,2024
54394H__932153,2022-10-14,2022-10-17,0.1073414392636575,high,0.22595589251873463,2022
54394H__932153,2023-07-24,2023-07-26,0.0858945746147682,medium,0.10747884830121648,2023
54394H__932153,2024-08-05,2024-08-07,-0.0328508139438972,high,0.2833877714480244,2024
54444M__932127,2022-02-01,2022-02-02,0.1141097482377103,medium,0.14038924094035582,2022
54444M__932127,2022-11-30,2022-12-15,0.0528199699900645,high,0.19688630011043778,2022
54444M__932127,2023-01-17,2023-02-21,0.0731073687599808,medium,0.1145512611539606,2023
54444M__932127,2023-05-26,2023-05-31,0.0534620567392917,low,0.09115906283788683,2023
54444M__932127,2023-06-02,2023-06-20,0.0471837001383119,medium,0.12011791199604044,2023
54444M__932127,2023-07-31,2023-08-01,0.0027468422185893,low,0.1049502743367233,2023
54444M__932127,2023-09-28,2023-12-20,1.1333946876628689,medium,0.1343519552862455,2023
54444M__932127,2024-06-12,2024-08-01,0.0258881752795977,medium,0.10965878811323829,2024
54468C__906299,2022-08-15,2022-08-31,0.1367088372489402,medium,0.13758445901536695,2022
54468C__906299,2023-03-09,2023-03-15,0.0880129708404782,low,0.0938689863947502,2023
54468C__906299,2023-03-27,2023-04-03,0.0524494335166823,high,0.16845455053346306,2023
54468C__906299,2023-10-03,2023-10-06,0.1308336930524626,high,0.1432416702600015,2023
54468C__906299,2023-10-26,2023-10-27,0.1273978461510362,high,0.15438989009923226,2023
54468C__906299,2023-11-27,2023-11-30,0.2204112593965673,high,0.14944152975638755,2023
54468C__906299,2024-04-08,2024-04-09,0.2504061339919632,medium,0.11414765762867932,2024
54468C__906299,2024-04-30,2024-05-14,0.1675564302766492,high,0.1536910612078591,2024
54468C__906299,2024-06-06,2024-06-12,0.2263929438880418,medium,0.11065341317711713,2024
54468C__906299,2024-06-26,2024-06-27,0.2561354940072741,low,0.09855933700304223,2024
54633R__871051,2022-01-05,2022-01-10,0.1326443077380232,medium,0.11955578745585677,2022
54633R__871051,2022-01-27,2022-02-04,0.0047661185788826,medium,0.14143973941785626,2022
54633R__871051,2022-02-22,2022-03-09,-0.0100609130707631,high,0.15420512647011975,2022
54633R__871051,2022-10-03,2022-10-05,0.0027501764376,high,0.16327089467540187,2022
54633R__871051,2022-11-10,2022-11-16,-0.0089069784597631,high,0.18856504412036043,2022
54633R__871051,2023-04-13,2023-04-14,0.1072161076412914,medium,0.13005891296032365,2023
54633R__871051,2023-05-26,2023-05-30,0.072650356938498,low,0.09115906283788683,2023
54633R__871051,2023-06-16,2023-06-21,0.0600048523004805,medium,0.12720475225516606,2023
54633R__871051,2023-06-22,2023-06-23,0.155179241682668,medium,0.12033866364767183,2023
54633R__871051,2023-06-26,2023-06-28,0.0534143212102746,medium,0.13496521041901252,2023
54633R__871051,2023-07-05,2023-07-06,0.1028136978105557,medium,0.10861050823511299,2023
54633R__871051,2023-07-19,2023-07-20,0.0764380096331758,medium,0.12177547902367411,2023
54633R__871051,2023-07-28,2023-08-01,0.0458826138038101,medium,0.1129334108808542,2023
54633R__871051,2023-08-16,2023-08-18,0.0054705242353417,medium,0.11280275553298458,2023
54633R__871051,2023-09-20,2023-09-21,0.1443593771626544,medium,0.11251379011453586,2023
54633R__871051,2023-12-14,2023-12-15,0.0605144507338178,low,0.10292551456899875,2023
54633R__871051,2023-12-19,2023-12-20,0.0741227693281597,medium,0.11558407935708889,2023
54633R__871051,2024-02-14,2024-02-21,0.0296850629477509,low,0.09588086888362635,2024
54633R__871051,2024-02-27,2024-02-29,0.0601828811367045,low,0.09886568134269506,2024
54633R__871051,2024-03-21,2024-03-25,0.0603277425677741,low,0.08907128898553299,2024
54633R__871051,2024-05-15,2024-05-16,0.0422632630715961,medium,0.12496557873724039,2024
54633R__871051,2024-06-20,2024-06-21,0.0317921260261723,medium,0.10878875860859927,2024
54633R__871051,2024-07-15,2024-07-17,0.0662111043609951,low,0.10025693957646524,2024
54633R__871051,2024-07-26,2024-07-29,0.0738358097641006,medium,0.11656932411192227,2024
54633R__871051,2024-08-08,2024-08-15,0.1474452837455784,high,0.32464545669788364,2024
54633R__871051,2024-10-02,2024-10-07,0.0992714531867633,high,0.1629498717938163,2024
547123__912005,2022-01-27,2022-01-28,0.0462759238673963,medium,0.14143973941785626,2022
547123__912005,2022-02-15,2022-02-16,-0.0244435032098049,high,0.15684090686054833,2022
547123__912005,2022-03-09,2022-03-10,0.0417858206452003,high,0.17309003007122534,2022
547123__912005,2022-08-10,2022-08-17,0.0584479578741108,medium,0.13847463612166763,2022
547123__912005,2022-10-13,2022-10-14,0.0603476116455182,high,0.21335208574043607,2022
547123__912005,2022-11-10,2022-11-11,-0.0105470985820599,high,0.18856504412036043,2022
547123__912005,2023-02-16,2023-02-21,-0.015200912329424,low,0.09626154883557894,2023
547123__912005,2023-05-17,2023-05-23,0.053780208866585,low,0.08744346644413653,2023
547123__912005,2023-07-28,2023-07-31,0.0456533794439018,medium,0.1129334108808542,2023
547123__912005,2023-09-12,2023-09-15,0.0031697934124538,medium,0.11508649046456722,2023
547123__912005,2023-10-24,2023-10-25,0.0519534697691746,high,0.16917031035148955,2023
547123__912005,2023-10-31,2023-11-06,-0.0289156965544584,high,0.14527823978787935,2023
547123__912005,2024-02-02,2024-02-05,0.0348855377072717,medium,0.11887880453706835,2024
547123__912005,2024-03-21,2024-03-22,-0.0069068705808863,low,0.08907128898553299,2024
547123__912005,2024-04-26,2024-04-30,-0.0183661488510451,high,0.14728711588214927,2024
547123__912005,2024-08-05,2024-08-06,-0.0814133650004085,high,0.2833877714480244,2024
547520__936485,2022-01-26,2022-01-28,0.0965236699180106,medium,0.12621812295865223,2022
547520__936485,2022-02-07,2022-02-10,0.1246117016050377,high,0.15093768534812227,2022
547520__936485,2022-02-14,2022-02-15,0.0677629527718182,high,0.1563343757675313,2022
547520__936485,2022-03-09,2022-03-17,0.0958751825957888,high,0.17309003007122534,2022
547520__936485,2022-07-06,2022-07-20,0.0298651763292421,high,0.17916362244139028,2022
547520__936485,2022-08-16,2022-08-17,0.0780126590382529,medium,0.13753158226116136,2022
547520__936485,2022-11-15,2022-11-17,0.0736299014155355,high,0.22410705951815904,2022
547520__936485,2022-12-14,2022-12-15,0.1361049719179912,medium,0.13856930460028058,2022
547520__936485,2022-12-29,2022-12-30,0.0875639302684034,high,0.1449978490245066,2022
547520__936485,2023-04-12,2023-04-20,0.0565874649381306,medium,0.13888776151614063,2023
547520__936485,2023-05-08,2023-05-11,0.0725257115760482,low,0.09108855782697853,2023
547520__936485,2023-05-18,2023-05-19,0.098736969434987,low,0.09138630133147338,2023
547520__936485,2023-08-09,2023-08-15,0.0942727585806487,low,0.1051305210033704,2023
547520__936485,2023-08-21,2023-08-22,0.0817865396568022,medium,0.1161843452194306,2023
547520__936485,2023-08-25,2023-08-29,0.0900279740948958,medium,0.10788755654080479,2023
547520__936485,2023-08-30,2023-08-31,0.0792283221179147,medium,0.11072678664503476,2023
547520__936485,2023-10-11,2023-10-12,0.0610868413167052,high,0.1615573433262723,2023
547520__936485,2023-10-24,2023-10-25,0.0748562446451021,high,0.16917031035148955,2023
547520__936485,2023-11-02,2023-11-06,0.0675935305434593,medium,0.13798946396536213,2023
547520__936485,2024-02-14,2024-02-26,0.0631135718131305,low,0.09588086888362635,2024
547520__936485,2024-03-26,2024-03-27,0.0550865793927917,low,0.09838459259636606,2024
547520__936485,2024-08-05,2024-08-07,0.03736386565968,high,0.2833877714480244,2024
547520__936485,2024-08-29,2024-09-03,0.1375021662267783,high,0.3229153385245334,2024
547520__936485,2024-09-11,2024-09-13,0.042794812968846,medium,0.12894216963775204,2024
547520__936485,2024-09-20,2024-09-24,0.1200532322913414,medium,0.14039889332904448,2024
547520__936485,2024-11-01,2024-11-08,0.0523338331230072,high,0.1656432502955055,2024
547520__936485,2024-11-21,2024-11-26,0.0913945120434897,low,0.09966618918097292,2024
54761N__502586,2022-05-12,2022-05-23,0.0599943490648951,high,0.14504638564248973,2022
54761N__502586,2022-11-09,2022-11-10,0.1964415497000497,high,0.18994383326154898,2022
54761N__502586,2022-12-22,2023-01-03,0.1380933105588616,high,0.15414100378227866,2022
54761N__502586,2023-01-09,2023-01-19,-0.0094086193385676,medium,0.13632358559747262,2023
54761N__502586,2023-03-01,2023-03-10,0.1369738318321195,low,0.08693690850626769,2023
54761N__502586,2023-04-26,2023-04-28,0.3066768268082094,low,0.08829564047808863,2023
54761N__502586,2023-08-10,2023-08-11,0.0896228464786339,low,0.09708949263839406,2023
54761N__502586,2023-08-16,2023-08-22,0.0465285569655009,medium,0.11280275553298458,2023
54761N__502586,2023-08-24,2023-08-28,0.0736368223732848,low,0.10560330181480021,2023
54761N__502586,2023-09-01,2023-09-05,0.00668419340517,medium,0.10898923495239095,2023
54761N__502586,2023-10-05,2023-10-06,0.0510818707426862,high,0.1533234786667602,2023
54761N__502586,2023-10-11,2023-10-12,0.127614501579125,high,0.1615573433262723,2023
54761N__502586,2023-12-19,2023-12-29,0.0206270014652383,medium,0.11558407935708889,2023
54761N__502586,2024-01-10,2024-01-23,0.074233289960149,low,0.09889579218783165,2024
54761N__502586,2024-02-27,2024-02-29,0.0679548913960644,low,0.09886568134269506,2024
54761N__502586,2024-03-05,2024-03-06,0.0639511166141679,low,0.10501151953287033,2024
54761N__502586,2024-04-22,2024-04-25,0.1188425347105421,medium,0.13801307970897447,2024
54761N__502586,2024-08-01,2024-08-02,0.0752613421077204,medium,0.1385872224140666,2024
54761N__502586,2024-08-05,2024-08-08,0.0580954200666796,high,0.2833877714480244,2024
54761N__502586,2024-08-15,2024-08-16,0.0725507172787532,high,0.3295301644045937,2024
54761N__502586,2024-08-23,2024-08-28,0.050007542890077,high,0.33326602708349146,2024
54761N__502586,2024-09-09,2024-09-10,0.1648047770743843,medium,0.12795826434738145,2024
54761N__502586,2024-09-12,2024-09-17,0.1001449546066022,medium,0.14227042383140925,2024
54761N__502586,2024-12-16,2024-12-17,0.2033232607452583,low,0.08510847720224665,2024
548317__933589,2022-01-27,2022-03-04,-0.0100544276390995,medium,0.14143973941785626,2022
548317__933589,2022-03-09,2022-03-10,0.0504905775418072,high,0.17309003007122534,2022
548317__933589,2022-07-27,2022-08-26,0.0547415166391929,high,0.14554097289683837,2022
548317__933589,2022-11-29,2022-12-02,0.0627939304864983,high,0.19696499007881416,2022
548317__933589,2023-02-09,2023-02-16,0.0288616299937852,low,0.08684468276532363,2023
548317__933589,2023-03-27,2023-06-26,-0.0720506064672754,high,0.16845455053346306,2023
548317__933589,2023-08-09,2023-08-15,0.0812612829357965,low,0.1051305210033704,2023
548317__933589,2023-09-05,2023-09-06,0.0963763099250704,medium,0.11849516688318526,2023
548317__933589,2024-01-10,2024-01-25,0.0348070431179387,low,0.09889579218783165,2024
548317__933589,2024-02-08,2024-02-13,0.1202247894960052,medium,0.11019704838239221,2024
548317__933589,2024-02-22,2024-02-28,0.0595618017957888,medium,0.11269436513541546,2024
548317__933589,2024-08-05,2024-08-06,0.0302908661035346,high,0.2833877714480244,2024
548317__933589,2024-08-08,2024-10-02,0.7181584422620441,high,0.32464545669788364,2024
670845__362033,2022-01-31,2022-02-10,-0.0627124762811923,high,0.14660688415400552,2022
670845__362033,2022-02-18,2022-02-23,0.0324261045352238,high,0.1581926546238385,2022
670845__362033,2022-03-16,2022-03-30,-0.0576010349485485,high,0.2495708971126369,2022
670845__362033,2022-05-26,2022-05-31,-0.0083190018219542,high,0.1670687177685336,2022
670845__362033,2022-11-04,2022-11-09,0.0483661712786321,high,0.20897372209000226,2022
670845__362033,2022-11-10,2022-11-15,0.0213066873131172,high,0.18856504412036043,2022
670845__362033,2023-05-31,2023-06-16,-0.1499715493381894,low,0.0965865522346917,2023
670845__362033,2023-06-26,2023-07-05,-0.0236907903847905,medium,0.13496521041901252,2023
670845__362033,2023-07-13,2023-07-14,0.0174394877810008,medium,0.12476545741719534,2023
670845__362033,2023-07-24,2023-07-26,0.0446185043077937,medium,0.10747884830121648,2023
670845__362033,2023-10-10,2023-10-12,0.0117760273338912,high,0.15944363210687132,2023
670845__362033,2023-10-16,2023-10-18,0.1130213044710105,high,0.16890645662860868,2023
670845__362033,2023-10-24,2023-10-27,-0.0424549604190067,high,0.16917031035148955,2023
670845__362033,2023-11-14,2023-11-16,0.026381223578761,high,0.1517317753873554,2023
670845__362033,2023-12-14,2023-12-15,0.0707588221246323,low,0.10292551456899875,2023
670845__362033,2024-01-19,2024-01-25,-0.009178688563341,medium,0.11150218936199702,2024
670845__362033,2024-05-30,2024-06-03,0.0852637208583021,medium,0.11151610875847573,2024
670845__362033,2024-07-31,2024-08-01,0.1127754965720086,medium,0.1316718718371729,2024
670845__362033,2024-09-24,2024-09-30,-0.0091555091660043,high,0.1522520192616947,2024
670845__362033,2024-10-09,2024-10-10,-0.0064641311823686,high,0.21300704079370386,2024
670845__362033,2024-12-09,2024-12-10,0.0451890658983426,low,0.09023482532774013,2024
674991__147506,2022-03-07,2022-03-14,0.705026523660001,high,0.1775182778983177,2022
674991__147506,2022-04-01,2022-04-18,0.7262085736699554,high,0.26401797071107247,2022
674991__147506,2022-05-10,2022-08-17,0.5267670228583196,high,0.15339994951693436,2022
677521__675585,2023-02-13,2023-03-01,0.0582942967417589,low,0.09528510443582931,2023
677521__675585,2023-03-29,2023-04-03,0.021797568907205,high,0.1696039103170503,2023
677521__675585,2023-05-12,2023-05-19,0.0577522582183286,low,0.08052074747552071,2023
677521__675585,2023-05-26,2023-05-30,0.0088678947661019,low,0.09115906283788683,2023
677521__675585,2023-06-02,2023-06-05,-0.0221569863172637,medium,0.12011791199604044,2023
677521__675585,2023-06-13,2023-06-14,-0.0669696136112662,medium,0.13101304206971837,2023
677521__675585,2023-06-28,2023-07-03,0.0280348060422074,medium,0.12478698168586458,2023
677521__675585,2023-08-25,2023-08-28,0.0181053378197765,medium,0.10788755654080479,2023
677521__675585,2023-09-01,2023-09-06,0.0698993566958737,medium,0.10898923495239095,2023
677521__675585,2023-10-06,2023-10-11,0.0245059539725949,high,0.15550083137606288,2023
677521__675585,2023-10-31,2023-11-16,-0.2843160525797095,high,0.14527823978787935,2023
677521__675585,2024-04-03,2024-04-04,0.009892082958369,low,0.10651439269334584,2024
677521__675585,2024-04-22,2024-04-24,0.0334837340966867,medium,0.13801307970897447,2024
677521__675585,2024-04-30,2024-05-01,0.0345800894472071,high,0.1536910612078591,2024
677521__675585,2024-05-09,2024-05-10,0.1099236234678607,high,0.15257271431691447,2024
677521__675585,2024-07-22,2024-07-23,0.0516133449279382,medium,0.10789093597588789,2024
677521__675585,2024-08-05,2024-08-06,0.0096799705660479,high,0.2833877714480244,2024
677521__675585,2024-08-07,2024-08-13,-0.11953396079877,high,0.3317077579429849,2024
677521__675585,2024-12-19,2024-12-23,0.0511786392032585,low,0.0886887302051993,2024
68923D__68039H,2022-01-11,2022-01-20,-0.153807392709959,medium,0.12344165886542365,2022
68923D__68039H,2022-03-02,2022-03-03,0.0898044286690678,high,0.15319562263147377,2022
68923D__68039H,2022-03-16,2022-03-17,0.0156102852418989,high,0.2495708971126369,2022
68923D__68039H,2022-09-20,2022-09-21,0.1419383534517105,high,0.15300853758308453,2022
68923D__68039H,2022-09-26,2022-09-27,-0.0008254321126985,high,0.16144730380315295,2022
68923D__68039H,2022-10-05,2022-10-10,0.0636196998377349,high,0.21472781272193087,2022
68923D__68039H,2022-11-10,2022-11-15,-0.1065554613904041,high,0.18856504412036043,2022
68923D__68039H,2022-12-02,2022-12-05,-0.1817783855276383,high,0.18524042984400227,2022
68923D__68039H,2023-01-04,2023-01-17,0.0409737826406486,high,0.14622973651712284,2023
68923D__68039H,2023-05-17,2023-05-22,0.0504466418097937,low,0.08744346644413653,2023
68923D__68039H,2023-07-07,2023-07-14,-0.0777077657662117,medium,0.12046771038293808,2023
68923D__68039H,2023-10-16,2023-10-18,0.0589401401362573,high,0.16890645662860868,2023
68923D__68039H,2023-11-01,2023-11-06,-0.0531662464139134,medium,0.13868108419369335,2023
68923D__68039H,2023-11-14,2023-11-21,0.0254550973516994,high,0.1517317753873554,2023
68923D__68039H,2024-05-30,2024-06-07,0.0618684071557001,medium,0.11151610875847573,2024
68923D__68039H,2024-08-07,2024-08-12,0.1200187180286749,high,0.3317077579429849,2024
68923D__68039H,2024-08-29,2024-09-05,0.0968545236699983,high,0.3229153385245334,2024
68923D__68039H,2024-09-24,2024-09-30,-0.1540404132614319,high,0.1522520192616947,2024
68923D__68039H,2024-12-09,2024-12-11,0.0424103524484019,low,0.09023482532774013,2024
69311L__912087,2022-01-27,2022-02-08,-0.0385422444210609,medium,0.14143973941785626,2022
69311L__912087,2022-02-25,2022-03-01,0.0064124390799763,high,0.15884629040937046,2022
69311L__912087,2022-03-09,2022-03-10,-0.005223682185652,high,0.17309003007122534,2022
69311L__912087,2022-03-16,2022-03-31,0.058766889046896,high,0.2495708971126369,2022
69311L__912087,2022-07-19,2022-07-20,0.0330564029736338,high,0.1596153483004379,2022
69311L__912087,2022-09-28,2022-09-29,0.0238416719010587,high,0.166012560979196,2022
69311L__912087,2022-10-28,2022-11-02,0.03553239559271,high,0.2206133134676225,2022
69311L__912087,2023-01-04,2023-01-12,0.0180423224061757,high,0.14622973651712284,2023
69311L__912087,2023-03-16,2023-03-17,0.0146623617227049,medium,0.13387593580876786,2023
69311L__912087,2023-04-06,2023-04-12,0.0653082810123104,high,0.17323669120384896,2023
69311L__912087,2023-10-06,2023-10-12,-0.006861077102877,high,0.15550083137606288,2023
69311L__912087,2024-05-09,2024-05-17,0.0452636578277378,high,0.15257271431691447,2024
69311L__912087,2024-08-05,2024-08-06,0.0820938135752693,high,0.2833877714480244,2024
69311L__912087,2024-10-02,2024-10-07,0.0138505255840665,high,0.1629498717938163,2024
69368T__68341V,2022-01-11,2022-01-13,0.0488759153406903,medium,0.12344165886542365,2022
69368T__68341V,2022-01-14,2022-01-21,-0.0155309487820666,medium,0.13185576567912358,2022
69368T__68341V,2022-03-02,2022-03-03,0.102920649664065,high,0.15319562263147377,2022
69368T__68341V,2022-03-16,2022-03-17,-0.0547700542330094,high,0.2495708971126369,2022
69368T__68341V,2022-05-13,2022-05-18,0.0664949259959446,high,0.1616725029294797,2022
69368T__68341V,2022-07-19,2022-07-22,0.0331688367248835,high,0.1596153483004379,2022
69368T__68341V,2022-08-02,2022-08-05,0.0421991632906882,high,0.1530141400072315,2022
69368T__68341V,2022-09-26,2022-09-27,0.0160561971866372,high,0.16144730380315295,2022
69368T__68341V,2022-11-10,2022-11-16,-0.1314326602613149,high,0.18856504412036043,2022
69368T__68341V,2022-11-28,2022-12-01,-0.0816021276940732,high,0.20313651459688642,2022
69368T__68341V,2023-01-04,2023-01-09,0.066597535427514,high,0.14622973651712284,2023
69368T__68341V,2023-10-10,2023-10-12,0.0431990016080471,high,0.15944363210687132,2023
69368T__68341V,2023-10-24,2023-10-27,0.0374601775129823,high,0.16917031035148955,2023
69368T__68341V,2023-11-14,2023-11-16,-0.0162985854258638,high,0.1517317753873554,2023
69368T__68341V,2024-05-02,2024-05-07,-0.0239089327195812,high,0.15090253498515666,2024
69368T__68341V,2024-07-26,2024-07-31,0.032223911856417,medium,0.11656932411192227,2024
69368T__68341V,2024-08-08,2024-08-14,0.0159128933642695,high,0.32464545669788364,2024
69368T__68341V,2024-08-15,2024-08-20,-0.0055017715668298,high,0.3295301644045937,2024
69368T__68341V,2024-09-24,2024-09-30,-0.1611327603101743,high,0.1522520192616947,2024
69368T__68341V,2024-10-09,2024-10-10,0.0055288760811794,high,0.21300704079370386,2024
69368T__68341V,2024-11-07,2024-11-08,0.1084262472546385,low,0.09750221703578518,2024
69368T__68341V,2024-12-09,2024-12-11,-0.01173698298074,low,0.09023482532774013,2024
69438E__133241,2022-05-24,2022-06-29,1.9541173755936916,high,0.1773049441917532,2022
69438E__133241,2023-07-11,2023-07-14,0.2116075136399625,medium,0.1198881941516527,2023
696046__147535,2022-05-04,2022-05-05,0.0384577907322226,high,0.1480703468684058,2022
696046__147535,2022-10-13,2022-10-18,0.0131193483884058,high,0.21335208574043607,2022
696046__147535,2022-10-28,2022-11-01,0.0185150894100801,high,0.2206133134676225,2022
696046__147535,2022-11-10,2022-11-25,-0.0313286954475681,high,0.18856504412036043,2022
696046__147535,2023-03-23,2023-04-06,-0.0042395424542355,high,0.1699020963952304,2023
696046__147535,2023-04-11,2023-04-12,0.0528287071692611,medium,0.14064819510094734,2023
696046__147535,2023-11-15,2023-11-16,0.0198025014904865,high,0.16925571150888202,2023
696046__147535,2024-01-11,2024-01-16,-0.0253926384133548,low,0.10038952342912728,2024
696046__147535,2024-07-18,2024-07-31,0.0258082437542533,low,0.10148065446423882,2024
696046__147535,2024-11-25,2024-11-27,0.0198320236357312,low,0.09326183624669061,2024
696046__147535,2024-12-09,2024-12-12,0.0195409371239566,low,0.09023482532774013,2024
696046__147535,2024-12-19,2024-12-30,0.0731046895857091,low,0.0886887302051993,2024
70162L__952259,2022-02-15,2022-02-17,0.0452168406715723,high,0.15684090686054833,2022
70162L__952259,2022-02-25,2022-03-01,0.0517939222615902,high,0.15884629040937046,2022
70162L__952259,2022-03-09,2022-03-10,0.017223516901161,high,0.17309003007122534,2022
70162L__952259,2022-03-16,2022-03-23,0.0308953395198528,high,0.2495708971126369,2022
70162L__952259,2022-05-10,2022-05-11,0.1706124365075495,high,0.15339994951693436,2022
70162L__952259,2022-08-04,2022-08-05,0.1142919668763576,medium,0.14287412905293392,2022
70162L__952259,2022-09-22,2022-09-27,0.0923886593691492,high,0.153917165137421,2022
70162L__952259,2023-08-03,2023-08-08,0.0747245687386328,medium,0.11387990285310479,2023
70162L__952259,2023-09-13,2023-09-15,0.0422938890914166,medium,0.10727674109368698,2023
70162L__952259,2023-10-11,2023-10-18,0.1323969262770944,high,0.1615573433262723,2023
70162L__952259,2023-11-07,2023-11-08,-0.0708998162551271,high,0.1693656626058413,2023
70162L__952259,2023-12-28,2023-12-29,0.0605412957662207,medium,0.11242397140227156,2023
70162L__952259,2024-02-16,2024-02-20,0.1942061396788335,medium,0.11723389625076241,2024
70162L__952259,2024-02-27,2024-02-29,0.0972621042656419,low,0.09886568134269506,2024
70162L__952259,2024-04-30,2024-05-07,0.0274021252460518,high,0.1536910612078591,2024
70162L__952259,2024-05-09,2024-05-14,0.0569440744416106,high,0.15257271431691447,2024
70162L__952259,2024-07-29,2024-07-30,0.0820420203685985,medium,0.12386670995748181,2024
70162L__952259,2024-08-22,2024-08-23,0.1070704760501015,high,0.33331647537662884,2024
70162L__952259,2024-09-20,2024-10-01,0.0992309902031705,medium,0.14039889332904448,2024
70162L__952259,2024-10-18,2024-10-21,0.1714396107104666,high,0.21466712706965696,2024
70162L__952259,2024-12-03,2024-12-06,0.181402416004057,low,0.09076280836747175,2024
70162L__952259,2024-12-24,2024-12-27,0.1914100046430342,low,0.09313735972603664,2024
7086Q0__503359,2023-10-25,2023-11-17,0.0335367108644239,high,0.17073666562592693,2023
7086Q0__503359,2024-02-07,2024-02-21,0.119469224814381,medium,0.11194833600860642,2024
73097V__912082,2022-11-01,2022-11-02,0.0562232971719438,high,0.20364500023816123,2022
73097V__912082,2023-08-08,2023-08-28,0.01605603862485,low,0.10517777784673388,2023
73097V__912082,2023-11-07,2023-11-08,-0.0350350502222973,high,0.1693656626058413,2023
73097V__912082,2024-02-06,2024-02-07,0.1194663072178554,medium,0.11219868118463404,2024
73097V__912082,2024-08-27,2024-08-28,0.0938191707832136,high,0.3300269224673922,2024
755020__929593,2022-02-04,2022-02-07,0.0315304098971839,high,0.15352288947891451,2022
755020__929593,2022-02-08,2022-02-23,0.0274848064573872,high,0.15117235269454316,2022
755020__929593,2022-02-24,2022-03-01,0.0769001582315708,high,0.1582812130045568,2022
755020__929593,2022-03-16,2022-03-17,0.0599692323163811,high,0.2495708971126369,2022
755020__929593,2022-05-04,2022-05-11,0.0738950584587649,high,0.1480703468684058,2022
755020__929593,2022-08-24,2022-08-26,0.0449330697751865,medium,0.13567605919751718,2022
755020__929593,2022-09-01,2022-09-02,0.0541879223086679,high,0.1508824771384928,2022
755020__929593,2022-11-28,2022-12-01,0.0399378325825869,high,0.20313651459688642,2022
755020__929593,2023-03-02,2023-03-29,0.0437170202107391,low,0.08727793047670368,2023
755020__929593,2023-06-01,2023-06-12,0.0378549838384995,low,0.09138732637312125,2023
755020__929593,2023-06-14,2023-06-20,-0.0328639584780904,medium,0.1258164643321,2023
755020__929593,2023-11-29,2023-12-04,0.0731970531534364,high,0.15328686088315183,2023
755020__929593,2024-01-24,2024-01-25,0.0326662198744454,medium,0.11330226739406184,2024
755020__929593,2024-05-02,2024-05-10,-0.0106861090001428,high,0.15090253498515666,2024
755020__929593,2024-05-13,2024-05-20,0.0244299906215857,high,0.1492175540792577,2024
755020__929593,2024-05-31,2024-06-03,0.0076077486623758,medium,0.1076910285371105,2024
755020__929593,2024-08-08,2024-08-09,0.0647389700568784,high,0.32464545669788364,2024
755020__929593,2024-08-16,2024-08-20,0.060563583593628,high,0.33730254046521563,2024
755020__929593,2024-08-26,2024-08-27,0.0407251831823864,high,0.33074313625062607,2024
755020__929593,2024-09-24,2024-09-30,0.0897089500180518,high,0.1522520192616947,2024
755020__929593,2024-10-08,2024-10-10,0.0574658898412792,high,0.21647353540744335,2024
759739__922362,2022-02-08,2022-02-10,-0.0060808665941263,high,0.15117235269454316,2022
759739__922362,2022-02-15,2022-02-17,0.0498007190217331,high,0.15684090686054833,2022
759739__922362,2022-03-09,2022-03-10,-0.0399868680378436,high,0.17309003007122534,2022
759739__922362,2022-11-09,2022-11-11,-0.0393491045992809,high,0.18994383326154898,2022
759739__922362,2023-01-20,2023-02-21,-0.1621627155219306,medium,0.11185244248695324,2023
759739__922362,2023-05-11,2023-05-16,0.0950072762327482,low,0.0814442022187953,2023
759739__922362,2023-07-28,2023-08-01,0.0243094234542388,medium,0.1129334108808542,2023
759739__922362,2023-10-31,2023-11-06,-0.0368272983822482,high,0.14527823978787935,2023
759739__922362,2023-12-12,2023-12-13,0.0625283261208544,medium,0.13222710406712013,2023
759739__922362,2024-05-09,2024-05-13,0.0918028643660985,high,0.15257271431691447,2024
759739__922362,2024-08-05,2024-08-06,0.0359691056050062,high,0.2833877714480244,2024
759739__922362,2024-08-15,2024-08-16,0.0445050429924153,high,0.3295301644045937,2024
759739__922362,2024-12-17,2024-12-20,-0.162054708417552,low,0.08308813353168068,2024
75986N__75858Q,2022-01-11,2022-01-12,0.0075051389018723,medium,0.12344165886542365,2022
75986N__75858Q,2022-01-19,2022-01-20,0.0517777795182927,medium,0.1106903055131513,2022
75986N__75858Q,2022-02-25,2022-03-01,0.0839261029160974,high,0.15884629040937046,2022
75986N__75858Q,2022-04-29,2022-05-03,0.0513611667857081,high,0.1600195351572946,2022
75986N__75858Q,2022-05-27,2022-06-01,0.0263029484102593,high,0.16310214226701159,2022
75986N__75858Q,2022-07-01,2022-07-05,0.089579235592239,high,0.1829923889016815,2022
75986N__75858Q,2022-07-18,2022-07-20,0.014594978749594,high,0.16832743281686788,2022
75986N__75858Q,2022-10-03,2022-10-05,-0.0115086499941572,high,0.16327089467540187,2022
75986N__75858Q,2022-10-14,2022-10-18,0.0126102752280939,high,0.22595589251873463,2022
75986N__75858Q,2022-11-10,2022-11-14,-0.0251584216833055,high,0.18856504412036043,2022
75986N__75858Q,2023-05-25,2023-05-30,0.0647612364805684,low,0.09793784379501613,2023
75986N__75858Q,2023-07-21,2023-08-02,0.0425438434862894,medium,0.1074054237934999,2023
75986N__75858Q,2023-08-03,2023-08-30,0.0010237725838596,medium,0.11387990285310479,2023
75986N__75858Q,2024-02-14,2024-02-22,-0.1130768247848331,low,0.09588086888362635,2024
75986N__75858Q,2024-02-27,2024-03-01,0.0321295789926582,low,0.09886568134269506,2024
75986N__75858Q,2024-03-06,2024-03-25,0.0077301348323748,low,0.10636783430776535,2024
75986N__75858Q,2024-06-12,2024-06-13,0.0498580663366891,medium,0.10965878811323829,2024
75986N__75858Q,2024-07-03,2024-07-17,0.0372625589179383,low,0.0944188117348802,2024
75986N__75858Q,2024-11-11,2024-11-12,0.0993319580024807,low,0.09860903242978535,2024
75986N__75858Q,2024-11-13,2024-11-18,0.0311318730863247,low,0.10196573714697245,2024
75986N__75858Q,2024-12-04,2024-12-05,0.0327265228553746,low,0.09051667565289782,2024
75986N__75858Q,2024-12-06,2024-12-09,0.0431464098110979,low,0.08548518285817287,2024
777026__901842,2022-02-24,2022-03-01,0.0463251924719613,high,0.1582812130045568,2022
777026__901842,2022-03-16,2022-03-23,-0.0139701315737631,high,0.2495708971126369,2022
777026__901842,2022-04-28,2022-04-29,0.0778777072399958,high,0.14961396534313648,2022
777026__901842,2022-05-04,2022-05-05,0.1432236439570735,high,0.1480703468684058,2022
777026__901842,2022-05-12,2022-05-18,0.0558933159651723,high,0.14504638564248973,2022
777026__901842,2022-09-28,2022-09-29,0.0441777371338356,high,0.166012560979196,2022
777026__901842,2022-09-30,2022-10-05,-0.0259786437088488,high,0.1618674322761541,2022
777026__901842,2022-10-13,2022-10-18,0.0373261917322779,high,0.21335208574043607,2022
777026__901842,2022-11-10,2022-11-14,0.0145222385695834,high,0.18856504412036043,2022
777026__901842,2022-11-15,2022-11-25,0.0497008962909204,high,0.22410705951815904,2022
777026__901842,2023-05-10,2023-05-15,0.0923642320122066,low,0.08108247975470802,2023
777026__901842,2023-07-12,2023-07-27,-0.0389857072662796,medium,0.11759307412916176,2023
777026__901842,2023-11-14,2023-11-17,0.0764975757932251,high,0.1517317753873554,2023
777026__901842,2024-02-29,2024-03-08,0.0016565844133472,low,0.097614012257906,2024
777026__901842,2024-05-07,2024-05-10,0.0750610844537788,high,0.14803536979145443,2024
777026__901842,2024-05-15,2024-05-16,0.0406870224058057,medium,0.12496557873724039,2024
777026__901842,2024-08-08,2024-08-28,-0.0563736394378868,high,0.32464545669788364,2024
777026__901842,2024-10-02,2024-10-03,0.1044431862521046,high,0.1629498717938163,2024
777026__901842,2024-11-13,2024-11-19,0.0299291807500572,low,0.10196573714697245,2024
77852H__779680,2022-08-26,2022-08-30,0.2544599641987496,medium,0.13770614364097097,2022
77852H__779680,2022-12-23,2022-12-27,0.1496163534881779,high,0.15558946959469086,2022
77852H__779680,2023-05-01,2023-05-16,0.1088051062382091,low,0.09158311508978943,2023
77852H__779680,2024-01-09,2024-01-18,0.1708853133387523,low,0.10042346569721874,2024
77852H__779680,2024-01-24,2024-01-29,0.1247046553431549,medium,0.11330226739406184,2024
77852H__779680,2024-02-06,2024-02-08,0.2398480899853024,medium,0.11219868118463404,2024
77852H__779680,2024-08-14,2024-08-16,0.2313981565922246,high,0.328404817835752,2024
77852H__779680,2024-09-20,2024-10-01,0.1308752454208825,medium,0.14039889332904448,2024
8674W2__8745RP,2022-02-01,2022-02-02,0.2302512606746258,medium,0.14038924094035582,2022
8674W2__8745RP,2024-12-09,2024-12-26,0.4524436643210785,low,0.09023482532774013,2024
86965N__932147,2022-02-15,2022-03-01,0.0712399401481446,high,0.15684090686054833,2022
86965N__932147,2022-03-09,2022-03-10,0.1091832372956906,high,0.17309003007122534,2022
86965N__932147,2022-09-29,2022-10-13,1.5048427694870257,high,0.16095000648155144,2022
86965N__932147,2023-04-26,2023-05-02,0.0618496669786263,low,0.08829564047808863,2023
86965N__932147,2023-10-31,2023-11-09,0.0200318266400557,high,0.14527823978787935,2023
86965N__932147,2023-11-14,2023-11-15,0.0575504308069007,high,0.1517317753873554,2023
86965N__932147,2024-03-28,2024-04-15,0.0292729027303801,low,0.10674289345677111,2024
86965N__932147,2024-08-05,2024-08-06,-0.0058631734205627,high,0.2833877714480244,2024
86969D__916526,2022-09-12,2022-09-13,0.2061145350101784,medium,0.13720938917554376,2022
86969D__916526,2022-11-11,2022-11-14,0.2165187686727626,high,0.22698551276181267,2022
86969D__916526,2022-11-18,2022-12-06,0.170700789243984,high,0.2186785814935369,2022
86969D__916526,2023-01-23,2023-02-07,0.1246726492570716,medium,0.11388612913692868,2023
86969D__916526,2023-04-12,2023-04-21,0.1029166499460587,medium,0.13888776151614063,2023
86969D__916526,2023-04-25,2023-05-19,0.1209714436181411,low,0.0953597773321312,2023
86969D__916526,2023-06-07,2023-06-21,0.1249878037864728,medium,0.1274914834426796,2023
86969D__916526,2023-09-01,2023-09-13,0.2239789858760002,medium,0.10898923495239095,2023
86969D__916526,2023-12-22,2024-02-02,-0.0336853210871088,medium,0.10848438366717467,2023
86969D__916526,2024-05-13,2024-05-20,0.1265684487479923,high,0.1492175540792577,2024
86969D__916526,2024-05-28,2024-05-31,0.1485314468828114,low,0.10429338246837981,2024
86969D__916526,2024-06-12,2024-06-21,0.1564651483606359,medium,0.10965878811323829,2024
86969D__916526,2024-06-27,2024-09-25,-0.1401258785947344,low,0.10637136933036381,2024
86969D__916526,2024-10-16,2024-10-24,0.3751472847094742,high,0.2191842820082478,2024
86969D__916526,2024-11-14,2024-11-18,0.3250545785352555,low,0.10448480733790093,2024
86981X__725535,2022-02-15,2022-02-17,0.0402667938548363,high,0.15684090686054833,2022
86981X__725535,2022-03-09,2022-03-10,0.0237802946324824,high,0.17309003007122534,2022
86981X__725535,2022-03-16,2022-03-23,0.0021319938479233,high,0.2495708971126369,2022
86981X__725535,2022-07-01,2022-07-05,0.0217863455159015,high,0.1829923889016815,2022
86981X__725535,2022-10-13,2022-10-14,0.0409753089280572,high,0.21335208574043607,2022
86981X__725535,2022-10-28,2022-10-31,0.0257116942825681,high,0.2206133134676225,2022
86981X__725535,2023-04-28,2023-05-02,0.041631369278887,low,0.0903592314108011,2023
86981X__725535,2023-05-26,2023-05-30,0.0281424697023666,low,0.09115906283788683,2023
86981X__725535,2023-06-02,2023-06-09,-0.0077304115539551,medium,0.12011791199604044,2023
86981X__725535,2023-06-14,2023-06-16,0.0599271920229357,medium,0.1258164643321,2023
86981X__725535,2023-07-25,2023-07-26,0.090065389217879,medium,0.11547867190454654,2023
86981X__725535,2023-10-31,2023-11-09,-0.0566988589830528,high,0.14527823978787935,2023
86981X__725535,2024-02-26,2024-02-28,-0.0280964454181309,low,0.10637639746095813,2024
86981X__725535,2024-04-19,2024-04-24,-0.0004745699995788,medium,0.12394118128377324,2024
86981X__725535,2024-04-26,2024-04-30,-0.0636176013601291,high,0.14728711588214927,2024
86981X__725535,2024-05-29,2024-05-31,-0.0276865241272711,medium,0.10993110160801833,2024
86981X__725535,2024-06-20,2024-06-26,-0.041107076194668,medium,0.10878875860859927,2024
86981X__725535,2024-07-10,2024-07-11,0.0040400370220762,low,0.09540803438050431,2024
86981X__725535,2024-07-26,2024-07-29,0.0324737739932911,medium,0.11656932411192227,2024
86981X__725535,2024-08-05,2024-08-06,0.0351633035672835,high,0.2833877714480244,2024
86981X__725535,2024-08-30,2024-09-03,0.0732513161085914,high,0.2959832241997424,2024
86981X__725535,2024-10-22,2024-10-24,0.0444578893675836,high,0.2094159665477739,2024
8711AE__30877L,2024-11-11,2024-12-02,0.2413667708334373,low,0.09860903242978535,2024
8711AE__30877L,2024-12-09,2024-12-10,0.3057332624373398,low,0.09023482532774013,2024
87241F__540515,2022-02-09,2022-02-16,0.0628775354766487,high,0.15215824844279274,2022
87241F__540515,2022-04-18,2022-04-20,0.1337519341323531,high,0.14529785274904475,2022
87241F__540515,2022-05-10,2022-05-12,-0.028930669445936,high,0.15339994951693436,2022
87241F__540515,2022-08-04,2022-08-05,0.074156540518863,medium,0.14287412905293392,2022
87241F__540515,2022-10-03,2022-10-07,0.0118321855501308,high,0.16327089467540187,2022
87241F__540515,2022-11-11,2022-11-17,0.0652807798902396,high,0.22698551276181267,2022
87241F__540515,2023-03-02,2023-03-07,0.0171661425342206,low,0.08727793047670368,2023
87241F__540515,2023-05-26,2023-05-30,0.0618326175857285,low,0.09115906283788683,2023
87241F__540515,2023-06-02,2023-06-05,0.0160541971166069,medium,0.12011791199604044,2023
87241F__540515,2023-07-20,2023-07-24,0.0714800996447032,medium,0.12206397068116034,2023
87241F__540515,2023-07-26,2023-07-27,-0.140888820331678,medium,0.1090584258080564,2023
87241F__540515,2023-07-28,2023-08-01,0.047300121287474,medium,0.1129334108808542,2023
87241F__540515,2023-11-13,2023-11-15,0.0396221182116337,high,0.15223533490014451,2023
87241F__540515,2023-11-20,2023-11-21,0.0814834264966523,high,0.15670676057566277,2023
87241F__540515,2024-01-31,2024-02-02,0.0633376833366264,medium,0.11815064952724359,2024
87241F__540515,2024-03-06,2024-03-07,0.0335882128292495,low,0.10636783430776535,2024
87241F__540515,2024-03-28,2024-04-05,1.4579541232445348,low,0.10674289345677111,2024
87241F__540515,2024-08-05,2024-08-06,-0.2266381897067724,high,0.2833877714480244,2024
87241F__540515,2024-08-15,2024-08-16,0.0038181505333919,high,0.3295301644045937,2024
87241F__540515,2024-09-26,2024-09-27,0.0860833106925097,high,0.17880646538348619,2024
87241F__540515,2024-10-04,2024-10-07,0.0430753706622847,high,0.16221866592699852,2024
873621__930111,2022-01-19,2022-01-21,0.135209540551567,medium,0.1106903055131513,2022
873621__930111,2022-01-27,2022-01-31,0.1723773221979378,medium,0.14143973941785626,2022
873621__930111,2022-03-08,2022-03-10,0.0720864197326196,high,0.18535255509891166,2022
873621__930111,2022-07-19,2022-07-22,0.1585417788383336,high,0.1596153483004379,2022
873621__930111,2022-12-16,2022-12-22,0.1649867281793771,medium,0.14234840204079285,2022
873621__930111,2024-01-02,2024-01-03,0.2442805103031327,low,0.10516273320831293,2024
873621__930111,2024-01-09,2024-01-24,0.284659933088715,low,0.10042346569721874,2024
87417L__86521D,2022-01-06,2022-01-07,0.1093199827891377,medium,0.12713437888676202,2022
87417L__86521D,2022-01-25,2022-01-26,0.0604758832344046,medium,0.12620288123504203,2022
87417L__86521D,2022-03-09,2022-03-10,0.103911905082281,high,0.17309003007122534,2022
87417L__86521D,2022-03-16,2022-03-23,0.0659477676096527,high,0.2495708971126369,2022
87417L__86521D,2022-11-03,2022-11-16,-0.0694833218055572,high,0.20124439647267406,2022
87417L__86521D,2023-07-13,2023-07-14,0.1044632889904515,medium,0.12476545741719534,2023
87417L__86521D,2024-01-19,2024-01-29,0.0907857037389057,medium,0.11150218936199702,2024
87417L__86521D,2024-07-11,2024-07-12,0.0727360556116117,medium,0.10823435009744216,2024
87417L__86521D,2024-07-31,2024-08-02,0.3022152673586558,medium,0.1316718718371729,2024
87417L__86521D,2024-09-17,2024-09-30,-0.0531686651449123,medium,0.12282916406407575,2024
87487H__77380U,2022-11-16,2022-11-18,0.1046906615784578,high,0.22342998106806491,2022
87487H__77380U,2023-01-10,2023-01-13,-0.017388590581655,medium,0.13584361034313278,2023
87487H__77380U,2024-09-24,2024-09-25,0.2901911319738859,high,0.1522520192616947,2024
8748D0__887921,2022-09-14,2022-09-21,0.0347258645049122,high,0.14964946403011165,2022
8748D0__887921,2023-03-15,2023-03-22,0.039753986080981,medium,0.13407895022064217,2023
8748D0__887921,2023-04-11,2023-05-02,-0.0265290139272318,medium,0.14064819510094734,2023
8748D0__887921,2023-08-07,2023-08-17,-0.0663497529379256,medium,0.10677293526730877,2023
8748D0__887921,2023-12-06,2023-12-14,0.0950660803892709,medium,0.12873056781161116,2023
8748D0__887921,2024-08-05,2024-08-07,0.0312329482237661,high,0.2833877714480244,2024
8748D0__887921,2024-12-16,2024-12-18,-0.1027586583598024,low,0.08510847720224665,2024
8748DZ__28545H,2022-07-27,2022-08-19,0.1195013346909447,high,0.14554097289683837,2022
8748DZ__28545H,2023-01-17,2023-02-16,0.0701968261051863,medium,0.1145512611539606,2023
8748DZ__28545H,2023-03-22,2023-04-12,0.0764474464564634,high,0.169491045404597,2023
8748DZ__28545H,2023-04-24,2023-05-31,0.0443775155469865,low,0.0905596616656885,2023
8748DZ__28545H,2023-06-02,2023-07-05,0.0631305208438889,medium,0.12011791199604044,2023
8748DZ__28545H,2023-07-28,2023-08-01,0.1040904470796591,medium,0.1129334108808542,2023
8748DZ__28545H,2023-09-25,2023-12-05,-0.0153185310637057,medium,0.10810931983657762,2023
8748DZ__28545H,2024-01-10,2024-04-09,-0.251041446418887,low,0.09889579218783165,2024
8748DZ__28545H,2024-09-26,2024-12-18,0.1588053543211045,high,0.17880646538348619,2024
8751Q5__951907,2022-08-01,2022-08-04,0.1707394884429275,medium,0.13866983312482195,2022
8751Q5__951907,2022-08-05,2022-08-09,0.0269239438287514,high,0.1445675048637643,2022
8751Q5__951907,2022-08-26,2022-08-29,0.1992864264839605,medium,0.13770614364097097,2022
8751Q5__951907,2022-09-26,2022-09-27,0.1767519473483268,high,0.16144730380315295,2022
8751Q5__951907,2022-09-28,2022-10-06,0.0309936970840581,high,0.166012560979196,2022
8751Q5__951907,2022-11-11,2022-11-14,-0.0879094241196292,high,0.22698551276181267,2022
8751Q5__951907,2022-12-28,2022-12-29,0.0412843234887448,high,0.14593670686597834,2022
8751Q5__951907,2023-03-14,2023-03-15,0.0677815373386589,medium,0.12832330826861948,2023
8751Q5__951907,2023-05-10,2023-05-11,0.2420842733330926,low,0.08108247975470802,2023
8751Q5__951907,2023-07-20,2023-07-24,0.0810953763357896,medium,0.12206397068116034,2023
8751Q5__951907,2023-08-08,2023-08-15,-0.1112845431150972,low,0.10517777784673388,2023
8751Q5__951907,2023-09-14,2023-09-15,0.1116211488569243,medium,0.10758287432133357,2023
8751Q5__951907,2023-11-10,2023-11-16,-0.0567677013132197,high,0.1580374302722495,2023
8751Q5__951907,2024-04-26,2024-05-01,0.0587802783708023,high,0.14728711588214927,2024
8751Q5__951907,2024-05-10,2024-05-16,-0.0588046935799393,high,0.1533782306249396,2024
8751Q5__951907,2024-06-27,2024-07-09,1.8978579943831675,low,0.10637136933036381,2024
87527P__691252,2022-10-12,2022-10-21,0.0175809377696034,high,0.2130085594089722,2022
87527P__691252,2023-01-05,2023-01-06,0.1514347835570206,high,0.1455191235897016,2023
87527P__691252,2023-08-04,2023-08-30,0.1630279257612091,medium,0.1067490739711724,2023
87527P__691252,2024-07-29,2024-09-24,-0.018807500650956,medium,0.12386670995748181,2024
87734F__932076,2022-01-27,2022-01-28,0.0445502519350462,medium,0.14143973941785626,2022
87734F__932076,2022-02-15,2022-02-16,0.0207529711071759,high,0.15684090686054833,2022
87734F__932076,2022-03-09,2022-03-10,0.0384862381582686,high,0.17309003007122534,2022
87734F__932076,2022-04-08,2022-04-11,0.1765730556167373,high,0.2312500615126246,2022
87734F__932076,2022-08-10,2022-08-15,-0.0204155631401928,medium,0.13847463612166763,2022
87734F__932076,2022-11-10,2022-11-11,-0.1088255469088116,high,0.18856504412036043,2022
87734F__932076,2023-01-20,2023-01-24,0.0156736069867982,medium,0.11185244248695324,2023
87734F__932076,2023-03-03,2023-03-06,0.0490404428798881,low,0.09110562018435164,2023
87734F__932076,2023-07-26,2023-07-27,0.049824705399317,medium,0.1090584258080564,2023
87734F__932076,2023-09-05,2023-09-06,0.0692590408789819,medium,0.11849516688318526,2023
87734F__932076,2023-09-20,2023-09-21,0.1488859483972283,medium,0.11251379011453586,2023
87734F__932076,2023-11-14,2023-11-16,0.0181476880555854,high,0.1517317753873554,2023
87734F__932076,2023-11-24,2023-11-27,0.0820922825495512,high,0.1515892442885686,2023
87734F__932076,2024-03-22,2024-03-25,0.0574572158481081,low,0.09303463216788109,2024
87734F__932076,2024-08-05,2024-08-06,0.0521669378452231,high,0.2833877714480244,2024
8785V9__50631X,2022-01-03,2022-01-07,0.1582728744450941,medium,0.13129469903056668,2022
8785V9__50631X,2022-01-31,2022-02-11,0.119371719655114,high,0.14660688415400552,2022
8785V9__50631X,2022-03-09,2022-03-10,0.1800787467043805,high,0.17309003007122534,2022
8785V9__50631X,2022-03-16,2022-03-17,0.1133689452264201,high,0.2495708971126369,2022
8785V9__50631X,2022-03-18,2022-03-22,0.0223678822161065,high,0.28606497858574526,2022
8785V9__50631X,2022-11-04,2022-11-09,0.07404058824813,high,0.20897372209000226,2022
8785V9__50631X,2022-11-10,2022-11-16,-0.0421796350280808,high,0.18856504412036043,2022
8785V9__50631X,2023-01-04,2023-01-09,0.0069139171389611,high,0.14622973651712284,2023
8785V9__50631X,2023-06-01,2023-06-07,-0.0021983105939638,low,0.09138732637312125,2023
8785V9__50631X,2023-07-07,2023-07-14,0.0185779254620927,medium,0.12046771038293808,2023
8785V9__50631X,2023-10-24,2023-10-26,0.0450269989476347,high,0.16917031035148955,2023
8785V9__50631X,2023-11-14,2023-11-16,0.0670728747748114,high,0.1517317753873554,2023
8785V9__50631X,2024-05-02,2024-05-07,0.0062841233483106,high,0.15090253498515666,2024
8785V9__50631X,2024-05-16,2024-05-20,0.0403791354160936,medium,0.125000931297294,2024
8785V9__50631X,2024-05-30,2024-06-03,0.102038764641406,medium,0.11151610875847573,2024
8785V9__50631X,2024-06-05,2024-06-06,-0.0143282617858754,medium,0.11262017027150091,2024
8785V9__50631X,2024-07-03,2024-07-05,0.1809660030270135,low,0.0944188117348802,2024
8785V9__50631X,2024-09-24,2024-09-30,-0.0093023220177556,high,0.1522520192616947,2024
8785V9__50631X,2024-11-07,2024-11-08,0.0478178135160344,low,0.09750221703578518,2024
8785V9__50631X,2024-11-26,2024-12-04,-0.0491638667479389,low,0.09244507537163839,2024
8785V9__50631X,2024-12-09,2024-12-10,0.1672023910763374,low,0.09023482532774013,2024
88146X__75975N,2022-03-15,2022-03-18,-0.2957550104185437,high,0.2108689982559859,2022
88146X__75975N,2022-04-20,2022-07-20,0.0712262630276758,medium,0.12446371912978668,2022
88146X__75975N,2022-09-22,2022-11-11,0.0049313090765217,high,0.153917165137421,2022
88146X__75975N,2023-05-17,2023-07-18,0.2589716836389467,low,0.08744346644413653,2023
88146X__75975N,2023-07-19,2023-07-21,0.1731591784234156,medium,0.12177547902367411,2023
88146X__75975N,2023-09-20,2023-10-05,0.2625541170809891,medium,0.11251379011453586,2023
88146X__75975N,2024-03-15,2024-03-20,0.1614036866088117,low,0.07794226472819042,2024
88146X__75975N,2024-03-26,2024-04-09,0.1874458434190908,low,0.09838459259636606,2024
88146X__75975N,2024-04-16,2024-04-19,0.1780674893470306,medium,0.12519142770631606,2024
88146X__75975N,2024-04-26,2024-05-06,0.2201767288370036,high,0.14728711588214927,2024
88146X__75975N,2024-08-02,2024-08-07,0.1545030141796525,high,0.18224902462812986,2024
88146X__75975N,2024-12-09,2024-12-10,0.2737417341522664,low,0.09023482532774013,2024
88146X__75975N,2024-12-17,2024-12-18,0.2481533504251676,low,0.08308813353168068,2024
891264__771566,2022-02-15,2022-02-23,0.1431687719294845,high,0.15684090686054833,2022
891264__771566,2022-03-16,2022-03-17,0.0107766473650745,high,0.2495708971126369,2022
891264__771566,2022-08-11,2022-08-15,0.1521819586742191,high,0.15448840495499758,2022
891264__771566,2022-09-28,2022-10-05,0.0715139057414538,high,0.166012560979196,2022
891264__771566,2022-11-10,2022-11-15,0.0217447735865632,high,0.18856504412036043,2022
891264__771566,2022-11-18,2022-11-25,0.254581824370166,high,0.2186785814935369,2022
891264__771566,2022-12-02,2022-12-05,0.1300626254888849,high,0.18524042984400227,2022
891264__771566,2023-01-12,2023-01-17,0.1365554787641864,medium,0.1348155701567425,2023
891264__771566,2023-06-06,2023-06-09,0.1048900519789538,medium,0.12686680519368418,2023
891264__771566,2023-06-14,2023-06-16,0.0690410658685935,medium,0.1258164643321,2023
891264__771566,2023-07-24,2023-07-25,0.0889313103617692,medium,0.10747884830121648,2023
891264__771566,2023-08-14,2023-08-15,0.202633845483664,medium,0.10991870184059092,2023
891264__771566,2023-08-25,2023-08-30,0.1277941368976405,medium,0.10788755654080479,2023
891264__771566,2023-11-14,2023-11-16,0.1034354470720068,high,0.1517317753873554,2023
891264__771566,2024-03-13,2024-03-26,0.1287092699079164,low,0.09595329692809773,2024
891264__771566,2024-04-03,2024-04-10,0.1868991173750117,low,0.10651439269334584,2024
891264__771566,2024-05-13,2024-05-14,0.1941805006917154,high,0.1492175540792577,2024
891264__771566,2024-08-08,2024-08-09,0.1540001302506358,high,0.32464545669788364,2024
891264__771566,2024-08-19,2024-08-20,0.264424157866087,high,0.3373210183591703,2024
891264__771566,2024-09-24,2024-09-27,-0.1082157547485658,high,0.1522520192616947,2024
891264__771566,2024-10-25,2024-10-29,0.1577722617185579,high,0.1810582502031268,2024
89661R__41345R,2022-03-09,2022-03-10,-0.0098963754664915,high,0.17309003007122534,2022
89661R__41345R,2022-06-22,2022-06-27,-0.1750623788173877,high,0.17249333789793334,2022
89661R__41345R,2022-08-10,2022-08-15,-0.003011747803268,medium,0.13847463612166763,2022
89661R__41345R,2022-09-28,2022-09-29,0.0110612241593895,high,0.166012560979196,2022
89661R__41345R,2022-10-28,2022-10-31,0.1737005744260168,high,0.2206133134676225,2022
89661R__41345R,2023-04-21,2023-04-25,0.0135348378178609,low,0.09102302105059043,2023
89661R__41345R,2023-04-27,2023-05-02,0.0852973712588166,low,0.08775023958284371,2023
89661R__41345R,2023-10-26,2023-10-27,0.0864464974313134,high,0.15438989009923226,2023
89661R__41345R,2023-11-28,2023-11-29,-0.0001162925605228,high,0.15034581630605948,2023
89661R__41345R,2024-01-16,2024-01-17,0.1092683389113618,low,0.09432543631756843,2024
89661R__41345R,2024-02-02,2024-02-05,0.0680562204735472,medium,0.11887880453706835,2024
89661R__41345R,2024-05-20,2024-05-23,0.0775690073723625,low,0.10123648302678051,2024
89661R__41345R,2024-08-05,2024-08-06,0.0162815359070027,high,0.2833877714480244,2024
89661R__41345R,2024-08-08,2024-08-13,-0.0092346160792285,high,0.32464545669788364,2024
89661R__41345R,2024-12-06,2024-12-09,0.0913113759162033,low,0.08548518285817287,2024
905168__922020,2022-01-27,2022-01-28,0.0041809298018289,medium,0.14143973941785626,2022
905168__922020,2022-02-15,2022-02-17,-0.0066471158213145,high,0.15684090686054833,2022
905168__922020,2022-02-25,2022-03-01,0.1397427600516846,high,0.15884629040937046,2022
905168__922020,2022-03-08,2022-03-10,0.0513704921570447,high,0.18535255509891166,2022
905168__922020,2022-04-28,2022-05-02,0.0258309331782607,high,0.14961396534313648,2022
905168__922020,2022-11-04,2022-11-09,0.026416599126615,high,0.20897372209000226,2022
905168__922020,2022-11-30,2022-12-01,0.0365182665912485,high,0.19688630011043778,2022
905168__922020,2023-01-20,2023-01-24,0.0458612060122192,medium,0.11185244248695324,2023
905168__922020,2023-06-02,2023-06-05,0.0117248977687321,medium,0.12011791199604044,2023
905168__922020,2023-07-21,2023-07-25,0.0078034491898324,medium,0.1074054237934999,2023
905168__922020,2023-07-28,2023-08-01,0.0142674182810626,medium,0.1129334108808542,2023
905168__922020,2023-10-31,2023-11-06,-0.0339542466970069,high,0.14527823978787935,2023
905168__922020,2023-11-14,2023-11-15,0.0586331197031225,high,0.1517317753873554,2023
905168__922020,2024-01-18,2024-01-23,0.0218100609841897,medium,0.11136075159969909,2024
905168__922020,2024-04-03,2024-04-04,0.029223751456229,low,0.10651439269334584,2024
905168__922020,2024-04-26,2024-05-01,0.0303490496766966,high,0.14728711588214927,2024
905168__922020,2024-06-27,2024-07-10,1.4986606416416608,low,0.10637136933036381,2024
90534M__88801L,2022-01-27,2022-01-28,0.0225105189032278,medium,0.14143973941785626,2022
90534M__88801L,2022-02-15,2022-02-17,-0.025715593055398,high,0.15684090686054833,2022
90534M__88801L,2022-02-25,2022-03-01,0.0330562730012558,high,0.15884629040937046,2022
90534M__88801L,2022-03-09,2022-03-10,0.0036207321948404,high,0.17309003007122534,2022
90534M__88801L,2022-03-22,2022-03-23,0.0155909431212546,high,0.28551145837758674,2022
90534M__88801L,2022-04-05,2022-04-06,0.0818050044171413,high,0.23522983522030533,2022
90534M__88801L,2022-05-12,2022-05-18,0.1477233401143896,high,0.14504638564248973,2022
90534M__88801L,2022-08-09,2022-08-15,0.0228652395829892,medium,0.13354548978878078,2022
90534M__88801L,2022-09-28,2022-09-29,0.0030206229643718,high,0.166012560979196,2022
90534M__88801L,2022-09-30,2022-10-06,0.0537739312493871,high,0.1618674322761541,2022
90534M__88801L,2023-02-13,2023-02-16,-0.0647137099555209,low,0.09528510443582931,2023
90534M__88801L,2023-03-20,2023-03-22,0.009114625607948,high,0.15518162397903154,2023
90534M__88801L,2023-05-11,2023-05-19,-0.0471820163734617,low,0.0814442022187953,2023
90534M__88801L,2023-05-26,2023-05-30,0.063427407838331,low,0.09115906283788683,2023
90534M__88801L,2023-10-31,2023-11-17,-0.0548308861491045,high,0.14527823978787935,2023
90534M__88801L,2024-02-15,2024-02-16,0.1307613861661899,low,0.09746619113294229,2024
90534M__88801L,2024-05-13,2024-05-16,-0.0273528278633294,high,0.1492175540792577,2024
90534M__88801L,2024-06-17,2024-06-21,0.0747146357928365,medium,0.1073567583359346,2024
90534M__88801L,2024-06-27,2024-07-01,0.1113530908492534,low,0.10637136933036381,2024
90534M__88801L,2024-07-26,2024-07-30,0.0886535437923065,medium,0.11656932411192227,2024
90534M__88801L,2024-08-20,2024-08-21,0.0789519166260484,high,0.33950910631134806,2024
906640__906433,2022-01-31,2022-02-02,0.0597451617505348,high,0.14660688415400552,2022
906640__906433,2022-02-25,2022-03-01,0.0710015563884923,high,0.15884629040937046,2022
906640__906433,2022-03-09,2022-03-10,0.0018636157664478,high,0.17309003007122534,2022
906640__906433,2022-07-29,2022-08-01,0.0749241912817615,medium,0.1385331691000267,2022
906640__906433,2022-09-28,2022-09-29,0.0657247668913245,high,0.166012560979196,2022
906640__906433,2022-10-03,2022-10-05,-0.0041081073044762,high,0.16327089467540187,2022
906640__906433,2022-10-31,2022-11-02,-0.0230686209795209,high,0.22121827888500353,2022
906640__906433,2022-11-04,2022-11-09,0.0150715703938485,high,0.20897372209000226,2022
906640__906433,2023-01-31,2023-02-02,0.0324622584813025,low,0.08788333518319721,2023
906640__906433,2023-03-03,2023-03-09,0.0364464131511438,low,0.09110562018435164,2023
906640__906433,2023-04-28,2023-05-02,0.0498933513219345,low,0.0903592314108011,2023
906640__906433,2023-06-02,2023-06-05,-0.0221460802865656,medium,0.12011791199604044,2023
906640__906433,2023-07-28,2023-08-02,0.0544218770437644,medium,0.1129334108808542,2023
906640__906433,2024-01-18,2024-01-23,-0.0061960198996059,medium,0.11136075159969909,2024
906640__906433,2024-01-30,2024-01-31,-0.1011515760011755,medium,0.12270929871390934,2024
906640__906433,2024-03-04,2024-03-05,-0.0273762083888906,low,0.09921200159905522,2024
906640__906433,2024-04-26,2024-04-30,-0.1230109625005173,high,0.14728711588214927,2024
906640__906433,2024-08-05,2024-08-06,0.1188992834762942,high,0.2833877714480244,2024
9103NM__9091D9,2022-01-27,2022-02-02,-0.1216122795168975,medium,0.14143973941785626,2022
9103NM__9091D9,2022-02-15,2022-02-16,0.0625780970493777,high,0.15684090686054833,2022
9103NM__9091D9,2022-03-09,2022-03-10,-0.0270050347230594,high,0.17309003007122534,2022
9103NM__9091D9,2022-10-13,2022-10-14,0.0883943841158731,high,0.21335208574043607,2022
9103NM__9091D9,2022-10-17,2022-10-19,0.0513635631311823,high,0.22556465671381962,2022
9103NM__9091D9,2022-11-10,2022-11-11,-0.0794874348658891,high,0.18856504412036043,2022
9103NM__9091D9,2023-05-15,2023-05-23,-0.0908736569898051,low,0.081436088424409,2023
9103NM__9091D9,2023-05-26,2023-05-30,0.0364452770926114,low,0.09115906283788683,2023
9103NM__9091D9,2023-08-10,2023-08-15,0.0154578108627173,low,0.09708949263839406,2023
9103NM__9091D9,2023-11-14,2023-11-17,-0.0955511584745691,high,0.1517317753873554,2023
9103NM__9091D9,2023-12-13,2023-12-15,-0.0500501963288725,low,0.10436377255284755,2023
9103NM__9091D9,2024-01-18,2024-01-24,0.0374661387679184,medium,0.11136075159969909,2024
9103NM__9091D9,2024-02-09,2024-02-13,0.0175258163097877,medium,0.11162467287355371,2024
9103NM__9091D9,2024-05-15,2024-05-16,-0.0606283049472401,medium,0.12496557873724039,2024
9103NM__9091D9,2024-07-09,2024-07-11,0.1008644737108905,low,0.09931597467996352,2024
9103NM__9091D9,2024-08-05,2024-08-06,0.0951032482418573,high,0.2833877714480244,2024
9103NM__9091D9,2024-08-08,2024-08-14,0.0372692646588751,high,0.32464545669788364,2024
9103NM__9091D9,2024-11-11,2024-11-12,0.1054125100786758,low,0.09860903242978535,2024
91091C__140619,2022-02-15,2022-02-16,-0.0148590072910146,high,0.15684090686054833,2022
91091C__140619,2022-03-09,2022-03-10,-0.0089562255439277,high,0.17309003007122534,2022
91091C__140619,2022-07-01,2022-07-05,-0.0059095360104223,high,0.1829923889016815,2022
91091C__140619,2022-09-28,2022-09-29,0.0069339591798845,high,0.166012560979196,2022
91091C__140619,2022-10-13,2022-10-14,0.0480530653048649,high,0.21335208574043607,2022
91091C__140619,2022-10-25,2022-10-27,0.0179068557333744,high,0.21814581732653573,2022
91091C__140619,2022-10-31,2022-11-02,-0.0442641993836062,high,0.22121827888500353,2022
91091C__140619,2023-02-14,2023-02-16,0.0346924898310869,low,0.09565642296980376,2023
91091C__140619,2023-05-26,2023-05-30,0.0178248489233423,low,0.09115906283788683,2023
91091C__140619,2023-06-02,2023-06-05,0.0033430290754312,medium,0.12011791199604044,2023
91091C__140619,2023-11-02,2023-11-08,0.0163783328758869,medium,0.13798946396536213,2023
91091C__140619,2023-11-24,2023-11-28,0.0087241454607124,high,0.1515892442885686,2023
91091C__140619,2023-12-22,2023-12-28,0.0468002368793869,medium,0.10848438366717467,2023
91091C__140619,2024-04-26,2024-04-30,-0.0005251203142032,high,0.14728711588214927,2024
91091C__140619,2024-05-09,2024-05-10,0.0125760424064036,high,0.15257271431691447,2024
91091C__140619,2024-06-27,2024-07-01,0.0439649487012587,low,0.10637136933036381,2024
91091C__140619,2024-08-05,2024-08-06,-0.037817961719207,high,0.2833877714480244,2024
91237Y__74690R,2022-07-19,2022-07-21,0.1341679661451144,high,0.1596153483004379,2022
91237Y__74690R,2022-07-22,2022-07-26,0.1393180957115582,high,0.16274811501643188,2022
91237Y__74690R,2022-08-10,2022-08-26,0.1699398748598799,medium,0.13847463612166763,2022
91237Y__74690R,2022-11-28,2022-12-05,0.1628768697381017,high,0.20313651459688642,2022
91237Y__74690R,2022-12-06,2022-12-21,0.0863080011303209,high,0.18493186359611688,2022
91237Y__74690R,2022-12-23,2022-12-29,0.1605669277509856,high,0.15558946959469086,2022
91237Y__74690R,2023-12-26,2024-02-07,0.0645417091882253,medium,0.10708383946883428,2023
91237Y__74690R,2024-02-27,2024-02-29,0.1360598677955547,low,0.09886568134269506,2024
91237Y__74690R,2024-04-09,2024-04-12,0.1158787090916894,medium,0.11164565370645349,2024
91237Y__74690R,2024-04-15,2024-04-18,0.1596951253256049,medium,0.10798790613362197,2024
91237Y__74690R,2024-04-26,2024-05-01,0.1352719178228217,high,0.14728711588214927,2024
91237Y__74690R,2024-08-08,2024-08-13,0.1933661236512162,high,0.32464545669788364,2024
91237Y__74690R,2024-08-14,2024-08-20,0.1730321660029785,high,0.328404817835752,2024
91237Y__74690R,2024-08-21,2024-08-23,0.2043554497661647,high,0.33823375440591996,2024
91237Y__74690R,2024-09-06,2024-09-09,0.2561063000043221,medium,0.1251358995596728,2024
91237Y__74690R,2024-09-13,2024-10-01,0.3154474873626304,medium,0.12643167134951383,2024
91237Y__74690R,2024-10-08,2024-10-18,0.2066894168555101,high,0.21647353540744335,2024
921505__916933,2022-01-27,2022-01-28,0.0080896126874518,medium,0.14143973941785626,2022
921505__916933,2022-02-14,2022-02-17,-0.0001366898385141,high,0.1563343757675313,2022
921505__916933,2022-02-25,2022-03-01,0.0656334116218906,high,0.15884629040937046,2022
921505__916933,2022-03-09,2022-03-10,0.0205609758554888,high,0.17309003007122534,2022
921505__916933,2022-07-01,2022-07-11,0.0195704592120196,high,0.1829923889016815,2022
921505__916933,2022-08-08,2022-08-09,0.127106093482866,high,0.14357303991322465,2022
921505__916933,2022-09-09,2022-09-13,0.0750789605786306,medium,0.132900927530342,2022
921505__916933,2022-09-28,2022-09-29,0.0205578015332529,high,0.166012560979196,2022
921505__916933,2022-10-13,2022-10-14,0.0385859989618584,high,0.21335208574043607,2022
921505__916933,2022-11-09,2022-11-11,-0.01009397259424,high,0.18994383326154898,2022
921505__916933,2023-02-03,2023-02-07,0.048363845449215,low,0.09053135704975075,2023
921505__916933,2023-05-22,2023-06-05,0.0846034698611698,low,0.09111632913711203,2023
921505__916933,2023-06-26,2023-06-28,0.0712773425359505,medium,0.13496521041901252,2023
921505__916933,2023-07-31,2023-08-01,0.0757600132722675,low,0.1049502743367233,2023
921505__916933,2023-10-31,2023-11-08,0.0038063589870054,high,0.14527823978787935,2023
921505__916933,2024-04-26,2024-05-01,0.040603543114524,high,0.14728711588214927,2024
921505__916933,2024-05-09,2024-05-23,0.1201259911227341,high,0.15257271431691447,2024
921505__916933,2024-08-05,2024-08-06,0.0235991868713474,high,0.2833877714480244,2024
921505__916933,2024-09-05,2024-09-06,0.0419174073233437,medium,0.12433660197383481,2024
921505__916933,2024-09-12,2024-09-27,0.055321188274009,medium,0.14227042383140925,2024
921505__916933,2024-10-16,2024-10-22,0.0815836719656043,high,0.2191842820082478,2024
921505__916933,2024-11-01,2024-11-07,0.0663932150694331,high,0.1656432502955055,2024
921505__916933,2024-11-12,2024-11-15,0.0747243268000606,low,0.099199318894828,2024
92228H__9528PK,2022-01-31,2022-02-04,0.0900087064269565,high,0.14660688415400552,2022
92228H__9528PK,2022-02-08,2022-02-10,0.0259718270000406,high,0.15117235269454316,2022
92228H__9528PK,2022-03-16,2022-03-17,0.1205423441820438,high,0.2495708971126369,2022
92228H__9528PK,2022-05-26,2022-05-31,0.0486465043127595,high,0.1670687177685336,2022
92228H__9528PK,2022-06-08,2022-06-09,0.1939528500122348,high,0.15592521833913142,2022
92228H__9528PK,2022-09-28,2022-10-05,0.0087909289318205,high,0.166012560979196,2022
92228H__9528PK,2022-10-26,2022-10-27,0.1108299303490647,high,0.21502805763630078,2022
92228H__9528PK,2022-11-10,2022-11-11,0.0060435806708087,high,0.18856504412036043,2022
92228H__9528PK,2022-11-17,2022-11-18,0.1224059216443922,high,0.22025237330036815,2022
92228H__9528PK,2022-11-30,2022-12-05,0.039281801005715,high,0.19688630011043778,2022
92228H__9528PK,2023-01-04,2023-01-09,-0.0260321743676996,high,0.14622973651712284,2023
92228H__9528PK,2023-03-28,2023-03-31,-0.0149771816860298,high,0.16975085806720921,2023
92228H__9528PK,2023-07-07,2023-07-14,-0.0183939189335269,medium,0.12046771038293808,2023
92228H__9528PK,2023-07-24,2023-07-25,0.0621703963914377,medium,0.10747884830121648,2023
92228H__9528PK,2023-10-24,2023-10-25,0.0778658026886744,high,0.16917031035148955,2023
92228H__9528PK,2023-11-14,2023-11-16,0.1261981211567757,high,0.1517317753873554,2023
92228H__9528PK,2024-01-23,2024-01-25,0.0515728946935701,medium,0.11669141053633687,2024
92228H__9528PK,2024-05-02,2024-05-07,0.0395060957668406,high,0.15090253498515666,2024
92228H__9528PK,2024-05-13,2024-05-14,0.1524911945958135,high,0.1492175540792577,2024
92228H__9528PK,2024-05-16,2024-05-22,0.0920138762757062,medium,0.125000931297294,2024
92228H__9528PK,2024-09-24,2024-09-30,-0.0001230705672647,high,0.1522520192616947,2024
9291FG__9828KA,2022-06-02,2022-08-26,0.4577170690203138,high,0.17497443603317217,2022
9291FG__9828KA,2022-09-07,2022-12-12,0.1343669699424109,high,0.14760377599137522,2022
9291FG__9828KA,2023-11-08,2024-03-07,-0.0866988365263591,high,0.16958731647335223,2023
93053R__87406E,2022-01-27,2022-01-28,0.0012421238909176,medium,0.14143973941785626,2022
93053R__87406E,2022-02-15,2022-02-17,-0.0029705405866423,high,0.15684090686054833,2022
93053R__87406E,2022-03-09,2022-03-10,-0.0023915023999411,high,0.17309003007122534,2022
93053R__87406E,2022-03-15,2022-03-17,-0.0130116218293738,high,0.2108689982559859,2022
93053R__87406E,2022-10-13,2022-10-14,0.0835820818734639,high,0.21335208574043607,2022
93053R__87406E,2023-03-03,2023-03-06,0.0684584102545044,low,0.09110562018435164,2023
93053R__87406E,2023-06-27,2023-06-29,0.013544519318756,medium,0.13551971108026092,2023
93053R__87406E,2023-07-13,2023-07-19,0.0465357545971764,medium,0.12476545741719534,2023
93053R__87406E,2023-08-14,2023-08-15,0.0421207552642976,medium,0.10991870184059092,2023
93053R__87406E,2024-03-21,2024-03-22,0.0165724012824295,low,0.08907128898553299,2024
93053R__87406E,2024-04-03,2024-04-04,0.0578359575393714,low,0.10651439269334584,2024
93053R__87406E,2024-08-05,2024-08-06,-0.0487058046113711,high,0.2833877714480244,2024
9326MM__9313M7,2022-01-31,2022-02-07,0.0532501114901084,high,0.14660688415400552,2022
9326MM__9313M7,2022-03-09,2022-03-10,0.1155100090545544,high,0.17309003007122534,2022
9326MM__9313M7,2022-03-15,2022-03-17,-0.1164619773560377,high,0.2108689982559859,2022
9326MM__9313M7,2022-07-07,2022-07-11,0.1167571835091517,high,0.18402024884991253,2022
9326MM__9313M7,2022-10-17,2022-10-19,0.067015095902383,high,0.22556465671381962,2022
9326MM__9313M7,2022-11-10,2022-11-15,-0.0497022124495921,high,0.18856504412036043,2022
9326MM__9313M7,2022-11-30,2022-12-05,0.0214328347498893,high,0.19688630011043778,2022
9326MM__9313M7,2023-07-07,2023-07-14,-0.0063139537827818,medium,0.12046771038293808,2023
9326MM__9313M7,2023-07-24,2023-07-25,0.0012693096656128,medium,0.10747884830121648,2023
9326MM__9313M7,2023-08-29,2023-08-31,0.0851718011779995,medium,0.12105565975975051,2023
9326MM__9313M7,2023-10-24,2023-10-25,0.0531472382882509,high,0.16917031035148955,2023
9326MM__9313M7,2023-11-14,2023-11-16,0.0919677038042163,high,0.1517317753873554,2023
9326MM__9313M7,2024-08-08,2024-08-09,0.0172856918419021,high,0.32464545669788364,2024
9326MM__9313M7,2024-08-21,2024-08-22,-0.025283144147489,high,0.33823375440591996,2024
9326MM__9313M7,2024-09-24,2024-09-30,0.074274865070986,high,0.1522520192616947,2024
9326MM__9313M7,2024-10-07,2024-10-10,0.137004919683776,high,0.16002159662074622,2024
9326MM__9313M7,2024-11-18,2024-11-19,0.1329093023825527,low,0.09888597214526992,2024
9326MM__9313M7,2024-12-09,2024-12-12,0.0570963747321543,low,0.09023482532774013,2024
932939__691938,2022-01-19,2022-01-20,0.0282000616680214,medium,0.1106903055131513,2022
932939__691938,2022-02-14,2022-02-15,0.0555295859694707,high,0.1563343757675313,2022
932939__691938,2022-03-01,2022-03-02,0.0772808984946259,high,0.15915047097312035,2022
932939__691938,2022-08-05,2022-08-15,-0.0200144439525668,high,0.1445675048637643,2022
932939__691938,2022-09-27,2022-10-05,-0.1039880651327744,high,0.1592443101364091,2022
932939__691938,2022-11-04,2022-11-15,-0.1803119276234442,high,0.20897372209000226,2022
932939__691938,2022-11-22,2022-11-23,-0.0011540757044157,high,0.2126932570668374,2022
932939__691938,2023-03-13,2023-03-21,0.0170143401184971,medium,0.10988408541738226,2023
932939__691938,2023-03-30,2023-04-12,-0.0315040259218056,high,0.16933518518055082,2023
9331D3__9301C6,2022-01-07,2022-01-12,0.0830387290986765,medium,0.1243875464122688,2022
9331D3__9301C6,2022-03-09,2022-03-10,0.145470863399196,high,0.17309003007122534,2022
9331D3__9301C6,2022-03-16,2022-03-23,0.013793175423703,high,0.2495708971126369,2022
9331D3__9301C6,2022-05-31,2022-06-01,0.165978022433706,high,0.17324952186764023,2022
9331D3__9301C6,2022-09-26,2022-09-27,0.1872952637153307,high,0.16144730380315295,2022
9331D3__9301C6,2022-10-31,2022-11-01,-0.098142200930125,high,0.22121827888500353,2022
9331D3__9301C6,2022-11-10,2022-11-16,-0.0666210854703923,high,0.18856504412036043,2022
9331D3__9301C6,2023-02-07,2023-02-08,0.1432935489888876,low,0.08778994813876419,2023
9331D3__9301C6,2023-04-28,2023-05-09,0.0386747917306328,low,0.0903592314108011,2023
9331D3__9301C6,2023-08-01,2023-08-02,0.2187082812085178,low,0.1045504823021596,2023
9331D3__9301C6,2024-05-09,2024-05-10,0.0053752641785986,high,0.15257271431691447,2024
9331D3__9301C6,2024-07-26,2024-07-29,0.0107078594133838,medium,0.11656932411192227,2024
9331D3__9301C6,2024-08-26,2024-08-29,0.1801976392162887,high,0.33074313625062607,2024
9331D3__9301C6,2024-09-30,2024-10-07,0.2222890786438046,high,0.1794840301687255,2024
9331D3__9301C6,2024-10-22,2024-10-29,0.324374812896142,high,0.2094159665477739,2024
9331D3__9301C6,2024-11-25,2024-12-02,0.1972669951339171,low,0.09326183624669061,2024
9344KQ__9330CR,2022-01-31,2022-02-10,0.0864384208515565,high,0.14660688415400552,2022
9344KQ__9330CR,2022-03-15,2022-03-17,-0.1631009915439543,high,0.2108689982559859,2022
9344KQ__9330CR,2022-06-02,2022-06-06,0.0107362636362839,high,0.17497443603317217,2022
9344KQ__9330CR,2022-08-25,2022-08-29,0.0682150252541456,medium,0.13872944311839566,2022
9344KQ__9330CR,2022-09-28,2022-10-05,0.0647582250254858,high,0.166012560979196,2022
9344KQ__9330CR,2022-10-26,2022-10-27,0.1202656574875054,high,0.21502805763630078,2022
9344KQ__9330CR,2022-11-10,2022-11-16,0.0718874257798296,high,0.18856504412036043,2022
9344KQ__9330CR,2022-12-02,2022-12-05,0.1512787793274462,high,0.18524042984400227,2022
9344KQ__9330CR,2023-03-24,2023-03-27,0.2413939907922573,high,0.16992728279524552,2023
9344KQ__9330CR,2023-06-06,2023-06-07,0.0954424899237299,medium,0.12686680519368418,2023
9344KQ__9330CR,2023-07-07,2023-07-14,0.0061071137445226,medium,0.12046771038293808,2023
9344KQ__9330CR,2023-07-24,2023-07-25,0.0216583561570469,medium,0.10747884830121648,2023
9344KQ__9330CR,2023-10-24,2023-10-27,0.0778563463384833,high,0.16917031035148955,2023
9344KQ__9330CR,2023-11-14,2023-11-16,0.0954325393633096,high,0.1517317753873554,2023
9344KQ__9330CR,2024-03-22,2024-03-25,0.0295283495823849,low,0.09303463216788109,2024
9344KQ__9330CR,2024-05-02,2024-05-06,0.0840191875425548,high,0.15090253498515666,2024
9344KQ__9330CR,2024-05-16,2024-05-20,0.0918439462670242,medium,0.125000931297294,2024
9344KQ__9330CR,2024-06-06,2024-06-07,0.2017200595312131,medium,0.11065341317711713,2024
9344KQ__9330CR,2024-08-28,2024-08-29,-0.0563910717848031,high,0.3274239820305198,2024
9344KQ__9330CR,2024-09-24,2024-09-30,-0.0098382419486315,high,0.1522520192616947,2024
9344KQ__9330CR,2024-10-07,2024-10-10,0.2214696291198319,high,0.16002159662074622,2024
9344KQ__9330CR,2024-12-09,2024-12-10,0.1386245022286217,low,0.09023482532774013,2024
93642Z__280340,2022-03-09,2022-03-10,-0.0177747612633604,high,0.17309003007122534,2022
93642Z__280340,2022-03-15,2022-03-23,-0.0310750948432456,high,0.2108689982559859,2022
93642Z__280340,2022-03-29,2022-03-30,0.0676886444343687,high,0.2761103640339868,2022
93642Z__280340,2022-04-04,2022-04-05,-0.0225367342282839,high,0.24946024289424149,2022
93642Z__280340,2022-07-27,2022-08-22,-0.0599260911609763,high,0.14554097289683837,2022
93642Z__280340,2022-10-05,2022-10-06,0.020263491607534,high,0.21472781272193087,2022
93642Z__280340,2023-03-02,2023-03-10,0.0434349394435588,low,0.08727793047670368,2023
93642Z__280340,2023-03-20,2023-04-04,0.0426322946196071,high,0.15518162397903154,2023
93642Z__280340,2023-07-28,2023-08-15,0.0536980722641764,medium,0.1129334108808542,2023
93642Z__280340,2023-09-08,2023-09-13,-0.0042159929951878,medium,0.12032813829216908,2023
93642Z__280340,2023-10-23,2023-10-24,0.0628962949525641,high,0.17012769320247878,2023
93642Z__280340,2024-01-04,2024-01-10,0.0008062009625511,low,0.09568608988617061,2024
93642Z__280340,2024-02-14,2024-03-08,-0.3310681772578728,low,0.09588086888362635,2024
93642Z__280340,2024-03-13,2024-03-14,0.0842131374251953,low,0.09595329692809773,2024
93642Z__280340,2024-08-05,2024-08-06,-0.0462041733165698,high,0.2833877714480244,2024
93642Z__280340,2024-08-15,2024-08-16,0.0217593975979044,high,0.3295301644045937,2024
93642Z__280340,2024-08-22,2024-08-28,-0.0471830090526703,high,0.33331647537662884,2024
93642Z__280340,2024-09-09,2024-09-27,0.102439482942273,medium,0.12795826434738145,2024
93642Z__280340,2024-11-13,2024-11-14,0.2061218813063478,low,0.10196573714697245,2024
9387PK__93766U,2022-01-24,2022-01-28,0.0638394017578819,medium,0.11364350135158546,2022
9387PK__93766U,2022-03-25,2022-03-28,0.1146315810789734,high,0.2764955716953589,2022
9387PK__93766U,2022-08-16,2022-08-17,0.0668657176252849,medium,0.13753158226116136,2022
9387PK__93766U,2022-11-04,2022-11-16,-0.0193427425879926,high,0.20897372209000226,2022
9387PK__93766U,2023-01-06,2023-01-12,0.0440532100121643,medium,0.13257132699974467,2023
9387PK__93766U,2023-02-03,2023-02-06,0.0325902870867263,low,0.09053135704975075,2023
9387PK__93766U,2023-03-31,2023-04-03,0.069839007985256,high,0.16995550096818451,2023
9387PK__93766U,2023-05-17,2023-05-19,0.0958684084545434,low,0.08744346644413653,2023
9387PK__93766U,2023-06-09,2023-06-20,0.0683854421938276,medium,0.13000579006994287,2023
9387PK__93766U,2023-08-04,2023-08-15,0.0728981354084,medium,0.1067490739711724,2023
9387PK__93766U,2023-11-14,2023-11-15,0.0776453044808626,high,0.1517317753873554,2023
9387PK__93766U,2023-11-22,2023-11-28,0.0041709772305191,high,0.15633906192585115,2023
9387PK__93766U,2024-01-10,2024-01-11,-0.0031526988042504,low,0.09889579218783165,2024
9387PK__93766U,2024-02-07,2024-02-13,0.089857426374707,medium,0.11194833600860642,2024
9387PK__93766U,2024-04-25,2024-04-30,0.0462004103187884,high,0.14588212365109857,2024
9387PK__93766U,2024-05-09,2024-05-10,0.0497798834839127,high,0.15257271431691447,2024
9387PK__93766U,2024-08-05,2024-08-07,0.0626691714983902,high,0.2833877714480244,2024
9387PK__93766U,2024-08-15,2024-08-16,0.0218646872605102,high,0.3295301644045937,2024
9387PK__93766U,2024-09-27,2024-12-26,0.1069061480063998,high,0.1798860210289992,2024
94542N__932145,2022-02-08,2022-02-10,-0.0045525457534327,high,0.15117235269454316,2022
94542N__932145,2022-06-21,2022-06-27,-0.0596545916001196,high,0.17036046397609425,2022
94542N__932145,2022-07-26,2022-07-28,0.1767129916363964,high,0.1512261344951887,2022
94542N__932145,2022-09-28,2022-09-30,0.057152830107911,high,0.166012560979196,2022
94542N__932145,2023-01-20,2023-01-25,-0.0363932697782054,medium,0.11185244248695324,2023
94542N__932145,2023-10-24,2023-10-25,0.022701342626094,high,0.16917031035148955,2023
94542N__932145,2023-10-31,2023-11-06,-0.0653581686343899,high,0.14527823978787935,2023
94542N__932145,2023-11-14,2023-11-15,0.0563288049893275,high,0.1517317753873554,2023
94542N__932145,2024-04-23,2024-04-25,0.0233741353684182,medium,0.14026378583257715,2024
94542N__932145,2024-08-05,2024-08-06,-0.0490836856271085,high,0.2833877714480244,2024
94542N__932145,2024-11-14,2024-11-15,0.0576926119732451,low,0.10448480733790093,2024
951078__912109,2022-03-09,2022-03-23,-0.0232903827526808,high,0.17309003007122534,2022
951078__912109,2022-04-08,2022-04-26,0.0613669684025266,high,0.2312500615126246,2022
951078__912109,2022-05-17,2022-06-10,0.0538246825668655,high,0.16516955523533072,2022
951078__912109,2022-06-21,2022-07-20,0.0011149021086404,high,0.17036046397609425,2022
951078__912109,2022-09-30,2022-11-09,0.0063903619471792,high,0.1618674322761541,2022
951078__912109,2023-02-10,2023-02-13,-0.0149300438151679,low,0.09417667232479174,2023
951078__912109,2023-09-28,2023-12-26,0.1171950594440927,medium,0.1343519552862455,2023
951078__912109,2024-01-29,2024-04-17,-0.0321328001291025,medium,0.11958236448691657,2024
951078__912109,2024-09-26,2024-10-09,0.0527727769196761,high,0.17880646538348619,2024
951089__922894,2022-01-27,2022-01-31,0.0603984887857704,medium,0.14143973941785626,2022
951089__922894,2022-02-15,2022-02-17,0.061485662292916,high,0.15684090686054833,2022
951089__922894,2022-02-25,2022-03-01,0.059201579618164,high,0.15884629040937046,2022
951089__922894,2022-03-09,2022-03-10,0.0082783363691626,high,0.17309003007122534,2022
951089__922894,2023-02-07,2023-02-08,0.0541255365671578,low,0.08778994813876419,2023
951089__922894,2023-04-27,2023-05-02,-0.1291187183758455,low,0.08775023958284371,2023
951089__922894,2023-05-17,2023-05-24,0.0259693364348155,low,0.08744346644413653,2023
951089__922894,2023-07-31,2023-08-01,-0.0807485510703906,low,0.1049502743367233,2023
951089__922894,2023-10-31,2023-11-28,0.0961121826716568,high,0.14527823978787935,2023
951089__922894,2023-12-22,2023-12-28,0.0451520243203787,medium,0.10848438366717467,2023
951089__922894,2024-02-28,2024-02-29,0.014364897784756,low,0.09913049194246258,2024
951089__922894,2024-03-11,2024-03-13,0.0959191516081238,low,0.0994255653599598,2024
951089__922894,2024-04-26,2024-04-30,-0.1035778009355628,high,0.14728711588214927,2024
951089__922894,2024-06-18,2024-06-21,0.1064099484225669,low,0.10502138627304711,2024
951089__922894,2024-07-01,2024-07-05,0.01630213967712,low,0.09157875055069685,2024
951089__922894,2024-07-30,2024-07-31,-0.0546467666468023,medium,0.12735222656894404,2024
951089__922894,2024-08-05,2024-08-06,-0.0264473083341768,high,0.2833877714480244,2024
951173__906169,2022-01-07,2022-01-10,0.0505026448309647,medium,0.1243875464122688,2022
951173__906169,2022-01-27,2022-01-28,0.0623671382464021,medium,0.14143973941785626,2022
951173__906169,2022-02-25,2022-03-03,-0.0573311804158988,high,0.15884629040937046,2022
951173__906169,2022-03-21,2022-03-22,0.0300662979852578,high,0.2855278132332264,2022
951173__906169,2022-03-30,2022-03-31,0.0352755281180909,high,0.27028589401158176,2022
951173__906169,2022-05-25,2022-06-03,0.3668653048533048,high,0.17676061568773013,2022
951173__906169,2022-09-28,2022-10-05,-0.0268445201271968,high,0.166012560979196,2022
951173__906169,2022-10-21,2022-10-24,0.0625629703061531,high,0.22520101077654514,2022
951173__906169,2022-11-04,2022-11-09,0.0656464900994403,high,0.20897372209000226,2022
951173__906169,2023-04-11,2023-04-12,0.0232874696937604,medium,0.14064819510094734,2023
951173__906169,2023-06-02,2023-06-05,0.0419094587411861,medium,0.12011791199604044,2023
951173__906169,2023-07-24,2023-07-26,-0.0098697359738527,medium,0.10747884830121648,2023
951173__906169,2023-09-14,2023-09-15,0.0114474621866142,medium,0.10758287432133357,2023
951173__906169,2023-12-01,2023-12-04,0.0630251686798224,medium,0.13983714722531576,2023
951173__906169,2024-03-13,2024-03-14,0.0421461867395185,low,0.09595329692809773,2024
951173__906169,2024-04-08,2024-04-11,0.0168453417209306,medium,0.11414765762867932,2024
951173__906169,2024-04-17,2024-04-22,0.0241844704373024,medium,0.12674103290044295,2024
951173__906169,2024-05-14,2024-05-22,0.0498388763762191,medium,0.12710147707717032,2024
951173__906169,2024-09-12,2024-09-13,0.0423885552186311,medium,0.14227042383140925,2024
951173__906169,2024-09-26,2024-09-30,0.0107862789851278,high,0.17880646538348619,2024
951173__906169,2024-12-09,2024-12-12,0.0597623098028856,low,0.09023482532774013,2024
951465__912507,2022-02-15,2022-02-17,0.029693124763648,high,0.15684090686054833,2022
951465__912507,2022-02-25,2022-03-01,0.0523023900762846,high,0.15884629040937046,2022
951465__912507,2022-03-09,2022-03-10,0.0050170921169338,high,0.17309003007122534,2022
951465__912507,2022-03-16,2022-03-23,0.0536574880673701,high,0.2495708971126369,2022
951465__912507,2022-08-05,2022-08-08,-0.0272343794738485,high,0.1445675048637643,2022
951465__912507,2022-10-13,2022-10-14,0.0458777044523204,high,0.21335208574043607,2022
951465__912507,2023-05-17,2023-05-19,0.017125835273899,low,0.08744346644413653,2023
951465__912507,2023-06-15,2023-06-20,-0.0022438442552749,medium,0.1249927677502076,2023
951465__912507,2023-10-16,2023-10-18,0.0239575016026818,high,0.16890645662860868,2023
951465__912507,2024-01-30,2024-01-31,-0.0413055043274422,medium,0.12270929871390934,2024
951465__912507,2024-07-25,2024-07-29,-0.0544986622117324,medium,0.11635173858267943,2024
951465__912507,2024-08-05,2024-08-07,-0.0499539416304666,high,0.2833877714480244,2024
951465__912507,2024-08-15,2024-08-16,0.0382958998789409,high,0.3295301644045937,2024
951742__905323,2022-02-03,2022-02-04,0.0044611183680863,high,0.15044303444044316,2022
951742__905323,2022-02-15,2022-02-17,0.0086901445741372,high,0.15684090686054833,2022
951742__905323,2022-02-25,2022-03-01,0.070139452742617,high,0.15884629040937046,2022
951742__905323,2022-03-09,2022-03-10,0.0286650774201201,high,0.17309003007122534,2022
951742__905323,2022-09-28,2022-09-29,0.047737373405886,high,0.166012560979196,2022
951742__905323,2022-11-10,2022-11-11,-0.0821605700657828,high,0.18856504412036043,2022
951742__905323,2023-02-06,2023-02-07,0.0170655439108186,low,0.08799713873383802,2023
951742__905323,2023-05-12,2023-05-16,0.0265490449479091,low,0.08052074747552071,2023
951742__905323,2023-08-08,2023-08-10,0.0319282433990929,low,0.10517777784673388,2023
951742__905323,2024-02-05,2024-02-07,0.0427454922289899,medium,0.11165445259090273,2024
951742__905323,2024-02-26,2024-03-05,0.0720617795445889,low,0.10637639746095813,2024
951742__905323,2024-05-23,2024-05-29,0.0210844827283364,low,0.10469242937434343,2024
951742__905323,2024-08-05,2024-08-06,0.0218852468934888,high,0.2833877714480244,2024
951742__905323,2024-09-26,2024-09-27,0.0168715581718105,high,0.17880646538348619,2024
9518JQ__9374RF,2022-01-11,2022-01-13,-0.0197160355849455,medium,0.12344165886542365,2022
9518JQ__9374RF,2022-01-25,2022-01-28,0.0335924977592552,medium,0.12620288123504203,2022
9518JQ__9374RF,2022-02-02,2022-02-04,0.0330323407637205,high,0.15614680127733274,2022
9518JQ__9374RF,2022-02-08,2022-02-10,0.0240157377815891,high,0.15117235269454316,2022
9518JQ__9374RF,2022-05-27,2022-05-31,0.0075726175435896,high,0.16310214226701159,2022
9518JQ__9374RF,2022-11-04,2022-11-07,0.0215840983233444,high,0.20897372209000226,2022
9518JQ__9374RF,2022-11-10,2022-11-11,-0.0367149249865205,high,0.18856504412036043,2022
9518JQ__9374RF,2022-12-13,2022-12-14,0.036064049862934,medium,0.13975426373796826,2022
9518JQ__9374RF,2023-10-31,2023-11-06,0.0404902289688746,high,0.14527823978787935,2023
9518JQ__9374RF,2024-01-18,2024-01-22,0.0835989455985957,medium,0.11136075159969909,2024
9518JQ__9374RF,2024-04-17,2024-04-18,0.0660380209750054,medium,0.12674103290044295,2024
9518JQ__9374RF,2024-04-19,2024-04-24,-0.0250182017190975,medium,0.12394118128377324,2024
9518JQ__9374RF,2024-04-29,2024-04-30,0.0867683849648906,high,0.15250981904022878,2024
9518JQ__9374RF,2024-05-03,2024-05-08,0.0351804891937672,high,0.15062267788133152,2024
9518JQ__9374RF,2024-05-17,2024-05-22,0.0651362154988191,medium,0.108778573875551,2024
9518JQ__9374RF,2024-07-03,2024-07-08,0.0580368855760856,low,0.0944188117348802,2024
9518JQ__9374RF,2024-10-11,2024-10-15,0.0390925834491957,high,0.2097212992966128,2024
9518JQ__9374RF,2024-11-07,2024-11-08,0.1436276321600927,low,0.09750221703578518,2024
997641__912004,2022-01-27,2022-01-28,0.0542936789911568,medium,0.14143973941785626,2022
997641__912004,2022-09-28,2022-09-29,0.0547445657421806,high,0.166012560979196,2022
997641__912004,2023-02-14,2023-02-16,0.0157062092522937,low,0.09565642296980376,2023
997641__912004,2023-06-02,2023-06-05,0.0294785142785533,medium,0.12011791199604044,2023
997641__912004,2023-08-29,2023-09-06,-0.0211125271040025,medium,0.12105565975975051,2023
997641__912004,2023-11-02,2023-11-09,0.0561849533852057,medium,0.13798946396536213,2023
997641__912004,2024-01-18,2024-01-23,0.0162576585549359,medium,0.11136075159969909,2024
997641__912004,2024-01-26,2024-01-31,0.0225670289123917,medium,0.11649639271555495,2024
997641__912004,2024-02-14,2024-02-16,0.0105127804315692,low,0.09588086888362635,2024
997641__912004,2024-04-26,2024-04-30,0.0079500065025655,high,0.14728711588214927,2024
997641__912004,2024-08-05,2024-08-06,0.0820609144053811,high,0.2833877714480244,2024
997662__930971,2022-01-05,2022-01-07,0.1022160603664309,medium,0.11955578745585677,2022
997662__930971,2022-08-03,2022-08-04,-0.0035500193967473,high,0.1450396003286683,2022
997662__930971,2022-11-04,2022-11-09,0.0610661663713751,high,0.20897372209000226,2022
997662__930971,2023-02-02,2023-02-08,0.0926341708287739,low,0.08949572900690392,2023
997662__930971,2023-05-12,2023-05-19,0.194746335155182,low,0.08052074747552071,2023
997662__930971,2023-11-02,2023-11-09,-0.0452766195569836,medium,0.13798946396536213,2023
997662__930971,2023-11-17,2023-11-21,0.1076416002551003,high,0.16128655165921765,2023
997662__930971,2024-02-05,2024-02-06,0.1061075743165927,medium,0.11165445259090273,2024
997662__930971,2024-06-14,2024-06-26,0.1426292922524818,low,0.10559402723121526,2024
997662__930971,2024-07-03,2024-07-09,0.0756976213927084,low,0.0944188117348802,2024
997662__930971,2024-08-05,2024-08-06,0.0244167297021096,high,0.2833877714480244,2024
997662__930971,2024-08-15,2024-08-20,0.0420407824403443,high,0.3295301644045937,2024
997662__930971,2024-09-09,2024-09-10,0.1130124158200873,medium,0.12795826434738145,2024
997662__930971,2024-11-01,2024-11-07,-0.077137550053725,high,0.1656432502955055,2024
