date,daily_return,equity
2011-09-15,0.0006461449514578062,1.0006461449514579
2011-09-16,0.0007962684626013016,1.0014429279189063
2011-09-19,0.0004297314195938802,1.0018732794099632
2011-09-20,0.0011137922464144188,1.0029891581004597
2011-09-21,0.0011280959778442378,1.0041206261355342
2011-09-22,0.0012503207319637041,1.0053760989717837
2011-09-23,-0.0014570640951324584,1.0039112015558675
2011-09-26,-0.00016165784617995087,1.003748911433268
2011-09-27,-0.0015396794022954992,1.0022034599092577
2011-09-28,0.002707509129970353,1.00491693492705
2011-09-29,-0.00027418697191128,1.0046413997956398
2011-09-30,0.008260299351923435,1.0129400384992873
2011-10-03,0.002027104119609596,1.0149933734242467
2011-10-04,0.0006786927817903013,1.0156822421003546
2011-10-05,-0.00033754278474714447,1.015339405887938
2011-10-06,-0.0047394187400678425,1.0105272872801432
2011-10-07,-0.0011058247738253344,1.0094098211712423
2011-10-10,-0.0003595432319122277,1.0090468947018145
2011-10-11,-0.0005291122983062157,1.00851299558026
2011-10-12,-0.0036308586209384012,1.0048512274759291
2011-10-13,0.002334320407882847,1.0071968722031124
2011-10-14,-0.0012419507734314549,1.005945983268682
2011-10-17,0.0033048364631663146,1.009270470234164
2011-10-18,-0.0033505623245129643,1.0058888466213538
2011-10-19,0.005169565900751732,1.0110888553027941
2011-10-20,0.0007799563138800052,1.0118774604393812
2011-10-21,-0.002130849816356513,1.0097213015386286
2011-10-24,-0.002727259047400284,1.0069675299836547
2011-10-25,0.002796711334871736,1.0097837274886077
2011-10-26,-0.0020997750561059427,1.0076634088055654
2011-10-27,-0.004489529221270349,1.0031394744865278
2011-10-28,0.0015414389724992706,1.0046857527673538
2011-10-31,0.006233398138102552,1.0109483590680322
2011-11-01,0.00028189541594187133,1.0112333407762073
2011-11-02,-0.00159571113805774,1.0096197044711552
2011-11-03,-0.0007517015271476042,1.0088607717974658
2011-11-04,0.001159206806406589,1.01003025007085
2011-11-07,-0.0002494145672545158,1.0097783338131148
2011-11-08,-0.0008448951245656589,1.008925177021984
2011-11-09,0.0030358777647057867,1.011988150533157
2011-11-10,-0.0009952602089626538,1.0109809589949896
2011-11-11,0.00020444345214410073,1.0111876474322987
2011-11-14,0.0009662119797323959,1.0121646690510053
2011-11-15,-0.0005661563035924562,1.0115916256433486
2011-11-16,0.001857601762896114,1.0134707600304746
2011-11-17,0.000996264847776631,1.0144804453229423
2011-11-18,-0.0002945709672117869,1.0141816088369462
2011-11-21,0.001067246292663046,1.0152639903990646
2011-11-22,-0.0006219439523338549,1.0146325531002136
2011-11-23,0.0005207263464948219,1.0151608990026242
2011-11-25,0.001312274491820165,1.0164930687554785
2011-11-28,-0.002636879319910941,1.0138126992036443
2011-11-29,0.0008946875850857855,1.014719744839224
2011-11-30,-0.004571630259941053,1.0100808213483574
2011-12-01,0.0024632254598480233,1.012568878144007
2011-12-02,0.00019337373661087296,1.0127646823715495
2011-12-05,-0.0006956613870372547,1.0120601410878685
2011-12-06,-6.596815017702255e-05,1.011993377352493
2011-12-07,2.200260169262559e-05,1.0120156438396903
2011-12-08,0.0032695868195642733,1.0153245168499814
2011-12-09,-0.0025549979390642645,1.0127303648019483
2011-12-12,0.0028588264789574046,1.0156255851848883
2011-12-13,-0.000123848908469269,1.0154998010647498
2011-12-14,-0.0002411242225496777,1.0152549394647188
2011-12-15,0.00020760608054147547,1.0154657125634514
2011-12-16,0.0017110207911388484,1.017203195510336
2011-12-19,0.0013785435390629161,1.0186054544034209
2011-12-20,-0.0013716640647346518,1.017208269905473
2011-12-21,0.0010455473684063135,1.018271809335194
2011-12-22,-0.000431563713382498,1.0178323601719246
2011-12-23,0.0,1.0178323601719246
2011-12-27,-0.00016940701232674837,1.0176599322327384
2011-12-28,0.00010651447305826312,1.0177683277441727
2011-12-29,-1.0629184826592329e-05,1.0177575096965064
2011-12-30,-0.00018732424184239626,1.017566859042623
2012-01-03,0.0,1.017566859042623
2012-01-04,0.0020851669626934465,1.0196886558394302
2012-01-05,-0.00011548704493929545,1.0195708950098092
2012-01-06,0.0008239603699261137,1.0204109810216273
2012-01-09,-0.0004172740230668418,1.019985190026395
2012-01-10,0.0008996128100415186,1.0209027817693954
2012-01-11,-0.00021690383877159757,1.020681344037017
2012-01-12,-0.0002614053941598728,1.0204145324279674
2012-01-13,0.0013416011070602756,1.0217835216943334
2012-01-17,-3.593221332435918e-05,1.0217468067508606
2012-01-18,0.0018778117693548561,1.023665454929878
2012-01-19,0.000806795219829714,1.0244913433256202
2012-01-20,-0.00025316230702297494,1.0242319807336189
2012-01-23,-3.666174064054952e-05,1.0241944306063855
2012-01-24,0.0004932690390121727,1.0246996340089325
2012-01-25,1.6910532675344056e-05,1.0247169622255758
2012-01-26,0.0018180508600283086,1.0265799497800356
2012-01-27,-0.0020359329849444197,1.0244899017985958
2012-01-30,0.00017712344344971104,1.024671362977782
2012-01-31,-0.00031545391334611206,1.024348126386437
2012-02-01,-0.0015529817102805602,1.0227573324811987
2012-02-02,0.003834070975845384,1.026678656684998
2012-02-03,-0.0015792451174241507,1.0250572794292645
2012-02-06,0.0019594507480620426,1.0270658286822485
2012-02-07,-0.0009516429693241752,1.02608842870735
2012-02-08,-0.0009168069010399183,1.0251477037548338
2012-02-09,0.002334628423153553,1.0275410427219505
2012-02-10,0.002439733215208863,1.0300479687338695
2012-02-13,-0.001834877228826508,1.0281579571714408
2012-02-14,0.000819887322822697,1.0290009308463848
2012-02-15,0.0004843962344329701,1.0294993750225148
2012-02-16,-0.002198944361629849,1.0272355631765075
2012-02-17,0.0003952548046717056,1.0276415829683827
2012-02-21,0.0008261435565399208,1.0284905624405847
2012-02-22,0.0016231252148230164,1.0301599314056895
2012-02-23,-0.002937659773215721,1.0271336720152204
2012-02-24,-0.0020453187774817777,1.0250328562288638
2012-02-27,0.00118508821712133,1.0262476105889429
2012-02-28,0.002750597913406905,1.0290704051252675
2012-02-29,-0.0013122432441261323,1.0277200144384118
2012-03-01,-0.0012899200448806493,1.0263943377912628
2012-03-02,0.0015004889442936725,1.0279344311476042
2012-03-05,0.0006909249097096391,1.0286446566516323
2012-03-06,0.0034705919675309268,1.032214662534451
2012-03-07,-0.0019720039622926613,1.0301791311299966
2012-03-08,0.001086517319330021,1.0312984385979815
2012-03-09,0.0018140521860684528,1.0331692677850093
2012-03-12,0.0006328378796084372,1.0338230964337107
2012-03-13,-0.001774077937548495,1.0319890136869996
2012-03-14,0.0011551788053675838,1.0331811455229831
2012-03-15,0.0007041027843956552,1.033908611244331
2012-03-16,-0.00033473710156904516,1.0335625236725157
2012-03-19,-0.0002307498375871926,1.0333240292880421
2012-03-20,0.0003630299090782622,1.0336991568164429
2012-03-21,0.0010689637714206511,1.034804143765628
2012-03-22,0.0008720086300782596,1.0357065019094323
2012-03-23,-0.0010498735726393446,1.0346191410240668
2012-03-26,-0.0005137221474194288,1.0340876342571788
2012-03-27,0.0008022750146573869,1.0349172569291096
2012-03-28,-0.00017827287071813506,1.0347327592587612
2012-03-29,0.0007978945154892674,1.0355583668523707
2012-03-30,-0.0008040062551493658,1.0347257714478493
2012-04-02,-0.0007172082952447193,1.0339836575412633
2012-04-03,0.0005425978457074427,1.034544694846342
2012-04-04,0.0006212742272434047,1.0351874308021813
2012-04-05,-0.000269230626369899,1.0349087266417762
2012-04-09,0.00022868928450853825,1.0351453991780035
2012-04-10,0.0015137196369698765,1.0367123190958583
2012-04-11,-0.0005641470950269421,1.0361274608526616
2012-04-12,0.0008306928225541791,1.036988164497643
2012-04-13,0.0033665936577570686,1.04047928227541
2012-04-16,0.0006527238537012153,1.0411584279222332
2012-04-17,0.0003058472921353136,1.041476863408097
2012-04-18,4.5323301144749294e-05,1.0415240665776127
2012-04-19,0.0009993333255182172,1.042564896286673
2012-04-20,-0.0001273052116192774,1.0424321723419243
2012-04-23,0.0012810841451145602,1.0437676156702689
2012-04-24,-0.0010357507634901175,1.0426865325654322
2012-04-25,-0.0001625815880433687,1.0425170109331363
2012-04-26,-0.0020093668022351037,1.040422211860602
2012-04-27,0.00037450885413114045,1.0408118591909785
2012-04-30,0.0004283920904841244,1.041257734759138
2012-05-01,0.0006457262445323247,1.0419301022057943
2012-05-02,-0.0007373429347496377,1.04116184240643
2012-05-03,0.0010868298816348338,1.0422934082083752
2012-05-04,-0.00029344120637470565,1.0419875563732741
2012-05-07,0.0002344995382400975,1.0422319019740958
2012-05-08,0.0017057850163816805,1.0440097255360783
2012-05-09,0.0008240375919131686,1.044870028796243
2012-05-10,0.0004409166847749103,1.0453307294253604
2012-05-11,0.00042195997534766056,1.045771817154179
2012-05-14,0.0025823866081969697,1.0484724042900277
2012-05-15,0.0005371184682868611,1.0490355581818611
2012-05-16,0.0012851864488443937,1.0503837644655922
2012-05-17,0.003930600511463182,1.0545124034274334
2012-05-18,-0.0005208382844682606,1.0539631729962817
2012-05-21,0.0009374811265360833,1.0549512435790298
2012-05-22,-0.0009429631363976586,1.053956463445638
2012-05-23,0.001591327665398308,1.0556336535240443
2012-05-24,0.0014712314748315542,1.0571867349810002
2012-05-25,0.0009412698482978755,1.0581818329786583
2012-05-29,-0.0028240190801890126,1.055193507292017
2012-05-30,0.0029840164370602226,1.0583422220620557
2012-05-31,-0.0012975061632576998,1.0569690165060943
2012-06-01,0.000870250735378807,1.0578888445699814
2012-06-04,-0.0007849700785972353,1.0570584334805122
2012-06-05,-0.0010438823487428001,1.0559549888402122
2012-06-06,-0.003212173171139603,1.0525630785551285
2012-06-07,0.0023010416292461237,1.0549850700162915
2012-06-08,0.0007765971130193322,1.0558043683759446
2012-06-11,0.002607761218242696,1.0585576540618467
2012-06-12,-0.001592066514785215,1.0568723598668452
2012-06-13,0.0014490034593135565,1.058403771572345
2012-06-14,-0.00020686626744023757,1.0581848235346751
2012-06-15,-0.000776269201719984,1.0573633872464376
2012-06-18,-0.0007946436452232328,1.0565231601500706
2012-06-19,-0.0015772849739221747,1.0548567220449652
2012-06-20,0.00034555698864418297,1.055221235157286
2012-06-21,0.004032673314454011,1.05947659767315
2012-06-22,-0.0013853275862363693,1.0580088755154216
2012-06-25,0.0006336651580713095,1.058679298876766
2012-06-26,0.0005439193780286142,1.0592551350625428
2012-06-27,-0.0015158884392337019,1.0576494224491026
2012-06-28,0.0010797731616226356,1.0587914439098687
2012-06-29,-0.0020310178145498997,1.0566410196253946
2012-07-02,-0.0002411842469759427,1.0563861744567524
2012-07-03,-0.0005064774126247602,1.055851138720381
2012-07-05,0.002911710669066071,1.0589254717459389
2012-07-06,0.0006676982208039513,1.0596325143993877
2012-07-09,-0.00022709743428941557,1.059391874574078
2012-07-10,0.0021224724582464567,1.0616404046503516
2012-07-11,-0.00016751378670883747,1.0614625652460454
2012-07-12,0.001204425889122067,1.0627410182399617
2012-07-13,-0.0007304558941383874,1.0619647327992456
2012-07-16,0.0005399679878350712,1.062538159759167
2012-07-17,0.0010239233644914485,1.0636261174066082
2012-07-18,0.0004389846589249436,1.0640930329549816
2012-07-19,0.0006077405521635361,1.0647397254423832
2012-07-20,-0.0007318333717685976,1.0639605133790566
2012-07-23,0.003223982099457724,1.0673907030287206
2012-07-24,0.0019989473648747954,1.0695243608618317
2012-07-25,-0.0006446189693461367,1.0688349251706424
2012-07-26,-0.00011094176903368848,1.068716346733239
2012-07-27,-0.005001068521154402,1.0633716230535482
2012-07-30,0.0034693594405322808,1.067060841432783
2012-07-31,0.002880414543714763,1.0701344189994744
2012-08-01,-0.0015601694260425696,1.0684648279971956
2012-08-02,0.0016350975310375113,1.0702118721994542
2012-08-03,-0.0021116667088069835,1.0679519414175607
2012-08-06,0.003953748869520785,1.072174355198643
2012-08-07,0.002672030318726474,1.0750392375826947
2012-08-08,0.0036138325161658895,1.0789242493356253
2012-08-09,0.0006026646257972523,1.0795744788146147
2012-08-10,-0.0013133162356192825,1.0781566561240272
2012-08-13,0.00023808496978744033,1.0784133490189265
2012-08-14,8.394446419810974e-05,1.0785038758496939
2012-08-15,0.00019224947632341603,1.0787112176550386
2012-08-16,-0.00039449961623120645,1.0782856664936495
2012-08-17,-0.001068903704983721,1.0771330829497037
2012-08-20,0.0004176053417929938,1.0775828994789654
2012-08-21,0.021619487852385922,1.1008796898841895
2012-08-22,-0.0006228675874511112,1.1001939876076774
2012-08-23,-0.00019843894645189345,1.0999756662718838
2012-08-24,-0.0015869841515234384,1.0982300223224488
2012-08-27,0.0030726171206957734,1.101604462691499
2012-08-28,-0.00028643631081417804,1.1012889231732292
2012-08-29,0.0013081868281389559,1.1027296148364998
2012-08-30,0.0034255400531435476,1.1065070592999098
2012-08-31,0.0,1.1065070592999098
2012-09-04,0.006273001891324215,1.1134481801756617
2012-09-05,0.0015753572241925368,1.1152022588100654
2012-09-06,-0.0011775529916146182,1.1138890490539484
2012-09-07,-0.0003325655550621819,1.113518607924072
2012-09-10,0.0014288994436101197,1.115109714043384
2012-09-11,-2.5426043871318945e-05,1.1150813612148736
2012-09-12,0.001519199100214087,1.1167753918154968
2012-09-13,-0.0001917414519054413,1.1165612596804178
2012-09-14,-0.0009793919999012504,1.115467708515287
2012-09-17,0.002112092710800503,1.1178236797315755
2012-09-18,0.0010405419632289667,1.1189868221778272
2012-09-19,-0.0006923317584941807,1.1182121120634971
2012-09-20,0.0006128824733547592,1.1188974446684739
2012-09-21,0.00022899959977797576,1.1191536717354955
2012-09-24,0.000161438601230179,1.119334346338822
2012-09-25,0.00031847432945746854,1.1196908255942108
2012-09-26,0.0,1.1196908255942108
2012-09-27,-0.0005433354272978742,1.119082457901045
2012-09-28,0.0001996110590221364,1.1193058391355997
2012-10-01,7.23783111344874e-05,1.1193868526018793
2012-10-02,0.0003293505277059171,1.119755523252491
2012-10-03,-0.00011268126590298607,1.119629347782629
2012-10-04,0.0003551406033555805,1.120026973624735
2012-10-05,0.00010528880839910194,1.1201448999301626
2012-10-08,0.0003619184698781261,1.1205503010583873
2012-10-09,0.0006708470877038049,1.1213020189644778
2012-10-10,9.638795985917502e-05,1.1214100989784719
2012-10-11,-0.001323173868390245,1.1199262784397548
2012-10-12,0.000363373626907734,1.1203332301134208
2012-10-15,0.00010780946073615147,1.120454012634804
2012-10-16,0.00014472654041091122,1.1206161720677421
2012-10-17,-0.00026892465667867414,1.1203148107484002
2012-10-18,0.00012082625938498078,1.1204501741963167
2012-10-19,0.0021908954656018284,1.1229049634023962
2012-10-22,-0.0019920570444886226,1.1206680726597593
2012-10-23,0.0014669728615347587,1.1223120623091398
2012-10-24,-0.0012294892028061324,1.1209321917463517
2012-10-25,-0.000798651575932944,1.1200369574848996
2012-10-26,0.0005088418657519749,1.1206068791800574
2012-10-31,-0.00027873115827932443,1.1202945311266477
2012-11-01,0.000623265108112263,1.1209927716187078
2012-11-02,0.00267461414802701,1.1239909947455151
2012-11-05,1.6267518713292183e-05,1.1240092792900556
2012-11-06,-0.0007265472443262603,1.1231926334455902
2012-11-07,0.00251651359472995,1.1260191629771565
2012-11-08,-0.0003292382275946556,1.1256484344237003
2012-11-09,0.00041032796962039113,1.1261103194603037
2012-11-12,0.001984530268396473,1.1283451194748264
2012-11-13,0.0010744627767868165,1.1295574843050713
2012-11-14,0.0020424091709859526,1.1318645028701717
2012-11-15,0.0012296464116013184,1.133256295994545
2012-11-16,0.002109145010916772,1.1356464978573317
2012-11-19,-0.0005772259950175501,1.1349909731776178
2012-11-20,-0.0001812407560634761,1.1347852665555138
2012-11-21,-0.0005792742392439332,1.1341279146835246
2012-11-23,-8.374046928282387e-05,1.1340329422797222
2012-11-26,0.00030972000745482943,1.134384174971059
2012-11-27,-1.3191175694421066e-05,1.134369211110102
2012-11-28,-0.0002492497825522104,1.1340864698308988
2012-11-29,-3.3580118898153307e-05,1.134048387072401
2012-11-30,0.0008193285355959719,1.134977545276676
2012-12-03,0.00019903663352297603,1.1352034473864119
2012-12-04,6.815137461706642e-05,1.1352808130618213
2012-12-05,-0.00021655907531071834,1.1350349576987266
2012-12-06,0.00016729118055666743,1.135224839036773
2012-12-07,0.0007453382788302152,1.136070965564386
2012-12-10,0.0003089602956349898,1.136421966385769
2012-12-11,4.218146941179825e-05,1.136469902334183
2012-12-12,-0.00033279121296918475,1.1360916951368825
2012-12-13,0.0006180854109983984,1.136793896839203
2012-12-14,-5.3002378905948235e-05,1.1367336440583449
2012-12-17,-1.6197334805189822e-05,1.1367152320029277
2012-12-18,-0.00045737463970112093,1.1361953272832477
2012-12-19,0.0023343160271332665,1.1388475662456787
2012-12-20,-0.00034332774637415295,1.138456568277296
2012-12-21,0.0009651315824603372,1.1395553286665998
2012-12-24,0.0012271815596479301,1.140953769952138
2012-12-26,0.00020908274299785663,1.1411923236959933
2012-12-27,0.00024300187862504185,1.141469635574524
2012-12-28,0.0007103359462352898,1.1422804624882086
2012-12-31,-0.002758480760638312,1.1391295038091818
2013-01-02,-0.0013371617295344109,1.1376063034317045
2013-01-03,0.0020170971971445423,1.1399009659178105
2013-01-04,-7.090205327831936e-05,1.139820144598793
2013-01-07,0.0007138931775077136,1.1406338544236079
2013-01-08,1.688837508109865e-05,1.1406531178759716
2013-01-09,0.0004546496411389426,1.1411717154066778
2013-01-10,-0.0003317190550586696,1.1407931670035834
2013-01-11,-0.004365363701135934,1.135813189921842
2013-01-14,0.0008282340488458476,1.1367539090788636
2013-01-15,-0.0009530005909934008,1.1356705819316975
2013-01-16,2.5997605465112104e-05,1.1357001066474248
2013-01-17,0.0018258948127769647,1.1377737755810227
2013-01-18,-0.0018492239012995258,1.1356697771209465
2013-01-22,0.00894599892855511,1.1458294777302631
2013-01-23,-2.9653918044273084e-05,1.1457954993968378
2013-01-24,0.0001875164777297244,1.1460103549330831
2013-01-25,0.000580164116591038,1.146675229018257
2013-01-28,0.0037319572953270837,1.1509545720045626
2013-01-29,-0.0004534696920038868,1.1504326489892853
2013-01-30,0.0006942198623088307,1.1512313021844622
2013-01-31,0.002303051074259319,1.153882646671679
2013-02-01,-7.179548375908071e-05,1.1537998031088599
2013-02-04,0.0007466171565705045,1.1546612498371085
2013-02-05,-0.0006832347579368804,1.153872345137577
2013-02-06,0.00020658679247929546,1.1541107199242895
2013-02-07,-0.0004158407825782632,1.1536307936193342
2013-02-08,0.00016418877504420108,1.1538202068461918
2013-02-11,0.0,1.1538202068461918
2013-02-12,-4.374648549252389e-05,1.153769731267252
2013-02-13,-0.00014975807756569592,1.1535969449303438
2013-02-14,0.0009550541066798661,1.1546986924300529
2013-02-15,-0.0007419395302897059,1.1538419758245653
2013-02-19,-0.0009490476512123683,1.1527469248075386
2013-02-20,0.0012317500613268262,1.1541668209028646
2013-02-21,0.002806081517495941,1.1574055070871072
2013-02-22,0.00013105826998820893,1.157557194650541
2013-02-25,0.00294913344969332,1.1609709852932182
2013-02-26,-0.001915034309477613,1.1587476860240737
2013-02-27,0.0008920863840589697,1.1597813890573356
2013-02-28,0.00021861117285474718,1.1600349302270527
2013-03-01,-0.00019830480806633935,1.1598048897228637
2013-03-04,0.0008479447562363866,1.1607883401973615
2013-03-05,-0.0003851484109074985,1.1603412644127344
2013-03-06,0.0002121958141771169,1.1605874839720598
2013-03-07,0.0006687053917920105,1.1613635750802382
2013-03-08,0.0005679314638179607,1.1620231499954585
2013-03-11,0.0006711605831486714,1.1628030541304417
2013-03-12,0.0041560297300998516,1.1676356981936586
2013-03-13,-0.0003330011785385318,1.1672468741300566
2013-03-14,0.0015928029382476683,1.1691060683808314
2013-03-15,0.0003227771434439068,1.1694834290979663
2013-03-18,-0.0010286069599548162,1.1682804903032444
2013-03-19,0.001010648104671751,1.1694612107664943
2013-03-20,0.0,1.1694612107664943
2013-03-21,-0.0004766555807016174,1.1689037805539684
2013-03-22,0.000308406844251911,1.169264278480163
2013-03-25,0.00034075567074177916,1.169662711913651
2013-03-26,-9.200555586406761e-05,1.1695550964456678
2013-03-27,-0.00010420329913237648,1.169433224946101
2013-03-28,-0.0010954567923477441,1.1681521613766366
2013-04-01,0.0018060185714834582,1.1702618658744013
2013-04-02,-0.00019344987969843847,1.1700354788572322
2013-04-03,-0.000217378129368925,1.169781138733543
2013-04-04,-0.001245130740453626,1.1683246082781031
2013-04-05,-6.4019207506719205e-06,1.16831712875655
2013-04-08,-0.0027979295379082056,1.1650482597523577
2013-04-09,0.002112653778595397,1.1675096033605694
2013-04-10,0.01126307103378344,1.180659346955844
2013-04-11,0.001470434376472356,1.1823954290465113
2013-04-12,0.00582486736562595,1.1892827255944298
2013-04-15,0.0013398102402335124,1.1908761387687141
2013-04-16,-0.0017966382635227107,1.188736565130686
2013-04-17,0.0011701998173563638,1.1901276244420869
2013-04-18,-4.8771812885077614e-05,1.1900695797602783
2013-04-19,-0.0013732783106671555,1.1884352830182088
2013-04-22,0.00016739754608003876,1.188634224168261
2013-04-23,0.00048605585317780395,1.1892119667902055
2013-04-24,-0.00022665135547653666,1.1889424302859837
2013-04-25,5.1277886036908486e-05,1.1890033967404283
2013-04-26,0.0010869540152381816,1.1902957887566472
2013-04-29,0.00014572235977182026,1.1904692414678113
2013-04-30,-0.0014983005315908789,1.1886855607704776
2013-05-01,-0.0005368571968480536,1.1880474063723887
2013-05-02,0.00017344841994153793,1.1882534713178396
2013-05-03,0.00023472454105209,1.1885323835685484
2013-05-06,0.0003305622001082711,1.1889252674481607
2013-05-07,-0.0006187111838624095,1.188189666088414
2013-05-08,-0.0015813025836946292,1.186310778699509
2013-05-09,-0.00044443519328950265,1.1857835404392763
2013-05-10,-0.004069417237674984,1.1809580924596614
2013-05-13,-0.0021366798026582,1.178434763155717
2013-05-14,-0.0010119514826795344,1.1772422443499004
2013-05-15,0.000661149242180554,1.1780205771676153
2013-05-16,0.005002558474676987,1.183913693989269
2013-05-17,-0.00014502745419108445,1.1837419940002476
2013-05-20,0.00213113567715597,1.1862647087962095
2013-05-21,-0.0028449376593451324,1.182889859652203
2013-05-22,-0.00022341541732883623,1.1826255838205548
2013-05-23,-0.0030820761238666066,1.1789806417451878
2013-05-24,0.001869730739266625,1.181185018092059
2013-05-28,-0.0009516051950018011,1.180060996292584
2013-05-29,0.0014182173452167042,1.18173457926594
2013-05-30,0.0014509380744692365,1.1834492029609136
2013-05-31,0.003002876727807198,1.1870029550310268
2013-06-03,0.0007703302770158225,1.1879173393461946
2013-06-04,0.0007272528285713619,1.188781255591343
2013-06-05,7.439546405216083e-05,1.1888696955245093
2013-06-06,0.0003579531526763539,1.1892952551801437
2013-06-07,-0.0012123042692590042,1.1878534674648793
2013-06-10,-0.000647524202750705,1.1870843035953744
2013-06-11,0.0068161488636854384,1.195175646922425
2013-06-12,0.0013704094105989374,1.196813526876286
2013-06-13,0.001843949431950904,1.1990203904993206
2013-06-14,0.0051946483706480865,1.2052488798172016
2013-06-17,0.0003689562544509546,1.20569356392958
2013-06-18,-0.001270328405728172,1.2041619371467167
2013-06-19,0.004197432054108198,1.2092163250600334
2013-06-20,0.005841700953901779,1.2162802052196102
2013-06-21,-0.003553894894316996,1.2119576732082213
2013-06-24,0.0033139417987871284,1.2159740303998268
2013-06-25,-0.0014446496319500293,1.214217373964349
2013-06-26,0.00039660897685994223,1.2146989434747224
2013-06-27,-0.0019682409556764082,1.2123081232653585
2013-06-28,0.0019093223188995333,1.2146228102224923
2013-07-01,8.26628468086024e-06,1.2146328506404214
2013-07-02,0.0004689585057770227,1.2152024630471254
2013-07-03,-0.00026338159599810116,1.214882401082947
2013-07-05,-0.00042268537771263196,1.214368888056369
2013-07-08,-0.0003012812139563434,1.2140030215235846
2013-07-09,-0.0010185941258182677,1.2127664451771352
2013-07-10,0.000844328852765811,1.2137904188784643
2013-07-11,-0.0034617279920635883,1.209588606608934
2013-07-12,-0.00040186104591074384,1.2091025200663605
2013-07-15,0.0005897278230827009,1.209815561463403
2013-07-16,0.0004282450200221841,1.210333658952745
2013-07-17,-0.0010683344060968315,1.2090406178620285
2013-07-18,-0.00047400096857433177,1.2084675314381164
2013-07-19,-8.27380204437812e-05,1.2083675452267946
2013-07-22,0.0007101090079265267,1.209225617905546
2013-07-23,-0.001894052142046408,1.2069352815337346
2013-07-24,0.0017021151063455577,1.2089896243088147
2013-07-25,-0.0012078094512808718,1.207529395214074
2013-07-26,0.00025418822629954613,1.207836334969248
2013-07-29,0.002114445184890222,1.2103902386918592
2013-07-30,0.0010217842513300353,1.2116269963757182
2013-07-31,-0.0025202017202262134,1.2085734519351796
2013-08-01,-0.0022878163002448505,1.2058084578917991
2013-08-02,0.0005472802517614393,1.2064683730482102
2013-08-05,0.002023496603260891,1.208909657703015
2013-08-06,-0.00019695963281020815,1.2086715513007331
2013-08-07,0.0007424641530817458,1.2095689466004236
2013-08-08,0.00014779537591466977,1.209747715297581
2013-08-09,0.0002570055556184993,1.2100586271813094
2013-08-12,-0.0008413084301012158,1.209040594657345
2013-08-13,-0.0013263998875626226,1.207436923348533
2013-08-14,-0.00016486359309234386,1.2072378609589174
2013-08-15,0.0008876023630804271,1.2083094081371046
2013-08-16,-1.6763811319935654e-05,1.2082891522661705
2013-08-19,0.0008572513177892891,1.2093249597342213
2013-08-20,0.0017267796128868941,1.2114131974200455
2013-08-21,0.0006095191003312628,1.2121515769022664
2013-08-22,4.344408898116412e-05,1.212204237723232
2013-08-23,-0.00042888203859574325,1.211684345098563
2013-08-26,0.0024228203732306656,1.2146200386157924
2013-08-27,0.0024859983981372086,1.2176395820861365
2013-08-28,-0.0010443153276810922,1.2163679824069729
2013-08-29,0.00013633381155555554,1.2165338144902687
2013-08-30,0.0012470809590869037,1.218050930646405
2013-09-03,-0.0012650537789229647,1.21651003071367
2013-09-04,-0.001633265126196939,1.2145231473048366
2013-09-05,-0.0008999223809215509,1.2134301707424298
2013-09-06,-0.001991592570819791,1.2110135122291705
2013-09-09,0.0004149753874590535,1.2115160530306261
2013-09-10,-0.0006533592557361997,1.2107244978039056
2013-09-11,-0.000956147090067652,1.2095668670984567
2013-09-12,0.0008648078244736343,1.2106129099893477
2013-09-13,-2.0262002037754416e-05,1.2105883805480986
2013-09-16,2.005277395298612e-05,1.2106126562032438
2013-09-17,0.0026389033747289694,1.213807346027188
2013-09-18,-0.0011459554399779618,1.212416376895923
2013-09-19,0.0009426368369490878,1.2135592452345056
2013-09-20,0.005149233002104394,1.219808144550076
2013-09-23,0.0049438766242657336,1.225838725522006
2013-09-24,0.0010300336806185696,1.2271013806963003
2013-09-25,0.0038290488641265687,1.2318000118442236
2013-09-26,-0.0021943318850684203,1.229097033802206
2013-09-27,0.0009796640816576027,1.2303011360190939
2013-09-30,0.0014278938588680597,1.232057875455774
2013-10-01,0.001080507667181591,1.2333891234366154
2013-10-02,-0.00023357108354481743,1.233101039402622
2013-10-03,-0.00040075161515564216,1.2326068721694314
2013-10-04,0.00040898677366902817,1.2331109920772823
2013-10-07,0.0015903486519468746,1.2350720684812333
2013-10-08,0.001776035387347922,1.237265600180781
2013-10-09,0.00021538375259444578,1.2375320870887039
2013-10-10,-0.001328814885774924,1.2358876360297562
2013-10-11,0.00020594609047465225,1.2361421622566624
2013-10-14,-0.00026771253907592526,1.235811231499746
2013-10-15,0.0014357044829743117,1.2375854912249202
2013-10-16,-0.000517492348709215,1.2369450502023378
2013-10-17,-0.0011932650026479702,1.2354690469637328
2013-10-18,0.0005272219455913256,1.236120413358391
2013-10-21,0.0013472343205851367,1.2377857572036433
2013-10-22,-0.0006557578784254468,1.236974069441554
2013-10-23,0.0030798841536865576,1.2407838062765484
2013-10-24,-0.0001788376938927164,1.2405619073620144
2013-10-25,0.00042003242125235806,1.2410829835836772
2013-10-28,3.861526606048132e-05,1.2411309083332915
2013-10-29,-0.0002372387751215337,1.2408364639568332
2013-10-30,-0.000977006489843508,1.239624158678713
2013-10-31,-0.00035898083077568653,1.2391791573683808
2013-11-01,-0.003618627444908881,1.2346950296603685
2013-11-04,1.5428701572433607e-05,1.234714079401514
2013-11-05,0.0009985793185522474,1.2359470393455296
2013-11-06,-0.0011247135679845104,1.2345569529410674
2013-11-07,0.0029259648968603448,1.2381692232485477
2013-11-08,0.00017712305908673424,1.2383885315690366
2013-11-11,0.0005452056628024328,1.2390637080091975
2013-11-12,-0.00032034503467916935,1.2386667801026856
2013-11-13,0.00010530070284176742,1.2387972125852171
2013-11-14,-0.0007964194445094231,1.23781061039731
2013-11-15,-0.0011236359415894898,1.2364197619065869
2013-11-18,-0.0002695210328803294,1.236086520775284
2013-11-19,0.0005494430925817302,1.2367656799759572
2013-11-20,0.001312716906634624,1.2383892031936072
2013-11-21,0.0008213260305082823,1.2394063244820905
2013-11-22,-0.001027654043429402,1.2381326435612845
2013-11-25,0.0030507776308244935,1.2419099109342548
2013-11-26,0.00012452800424951992,1.2420645634969212
2013-11-27,0.00035120715999917285,1.2425007854648025
2013-11-29,0.0002758837283294125,1.2428435712139487
2013-12-02,0.0024579834350653413,1.24589846012437
2013-12-03,4.614793741571506e-05,1.2459559557685342
2013-12-04,0.0024039465968364016,1.248951167348212
2013-12-05,0.0002448821142529671,1.2492570131506708
2013-12-06,-0.002499487846543067,1.246134510429092
2013-12-09,0.0001521172785094857,1.2463240690194752
2013-12-10,0.002308656035172874,1.2492014026031981
2013-12-11,0.0006823505479834236,1.250053795864806
2013-12-12,0.0008957654934425771,1.2511735509200885
2013-12-13,0.0012949004123049075,1.2527936960670398
2013-12-16,-0.004290250579817131,1.2474188971860969
2013-12-17,0.0003217047101722196,1.2478201977208796
2013-12-18,0.0007352364748219004,1.2487376406442634
2013-12-19,-0.0004072851222717304,1.2482290483816083
2013-12-20,0.0007366558950900361,1.2491485636685213
2013-12-23,-6.649717546012647e-05,1.2490654988173073
2013-12-24,-0.000869620550730003,1.247979285790328
2013-12-26,-3.442896656522727e-05,1.2479363191532233
2013-12-27,-0.0016571332602816765,1.245868322372041
2013-12-30,0.0017705958067987773,1.2480742515994565
2013-12-31,0.0009000961385437177,1.249197638413937
2014-01-02,0.009157932370986156,1.2606377059045273
2014-01-03,-0.000293267381438394,1.260268001985574
2014-01-06,0.0007235834798437212,1.2611799110919866
2014-01-07,-0.00035126806354745344,1.2607368988668324
2014-01-08,0.00013003977481989144,1.260900844809268
2014-01-09,0.0001936549866176027,1.2611450245454956
2014-01-10,0.0004805318407326032,1.261751044885571
2014-01-13,-0.0028513369303374493,1.258153367534397
2014-01-14,0.003548592953957506,1.2626180417094275
2014-01-15,0.0026187444073769023,1.2659245156448071
2014-01-16,0.0003461186903403573,1.266362675780232
2014-01-17,0.002705011214333114,1.2697882010196304
2014-01-21,-0.007529647376058164,1.2602271436236734
2014-01-22,-0.0019319669859588606,1.2577924263873832
2014-01-23,0.0007935807043909672,1.2587905861870934
2014-01-24,0.0005365642748814301,1.2594660082451983
2014-01-27,0.0005982568625163965,1.2602194924277372
2014-01-28,0.00039446212035223083,1.2607166012808295
2014-01-29,0.012854598882811655,1.2769226074951963
2014-01-30,-0.003536560342501221,1.2724066936410854
2014-01-31,0.00018605150596973915,1.2726434268226432
2014-02-03,0.002683573404616408,1.2760586588764244
2014-02-04,-0.0021569062818314975,1.2733063199391084
2014-02-05,0.0029080987614754847,1.2770092204711023
2014-02-06,-0.004944441874247194,1.2706951226076053
2014-02-07,-0.0004698593477110106,1.2700980746261572
2014-02-10,0.005598162653930298,1.2772082902343582
2014-02-11,-0.0005966079196367284,1.2764462976533786
2014-02-12,-0.0022655153845354695,1.2735544889285115
2014-02-13,-1.7900392092110124e-05,1.273531691803809
2014-02-14,-0.0011769742114802534,1.2720327778450533
2014-02-18,7.69451318237343e-05,1.2721306545748285
2014-02-19,0.0020557960705119165,1.2747458957756812
2014-02-20,-2.071080550807166e-06,1.2747432556742493
2014-02-21,-0.0004663897809564821,1.2741487284464597
2014-02-24,-0.0024760442441349516,1.270993879821218
2014-02-25,0.002563337290715445,1.2742518658296347
2014-02-26,-1.3606799649710848e-05,1.274234527339793
2014-02-27,-9.195873805506839e-05,1.2741173503406726
2014-02-28,-0.000467911921365618,1.2735211756432294
2014-03-03,0.001315696507620731,1.2751967430064042
2014-03-04,-0.0012585671386933452,1.2735918222902876
2014-03-05,0.0020543746126150124,1.2762082569968347
2014-03-06,-0.0012244982626475193,1.2746455422033658
2014-03-07,0.0013550058893045847,1.2763726944198273
2014-03-10,-0.00023698709711254438,1.2760702105601431
2014-03-11,0.0010157763251153465,1.277366412469215
2014-03-12,0.00035532742976219226,1.2778202957934224
2014-03-13,0.002273928391537969,1.2807259676433107
2014-03-14,-0.0003878371115952238,1.280229254583275
2014-03-17,0.004356539891884377,1.2858066244016244
2014-03-18,0.001106022257259348,1.2872287551467443
2014-03-19,0.0048671096211675355,1.2934938386055623
2014-03-20,0.0012918136435097567,1.295164791594069
2014-03-21,-0.0007890429818311327,1.2941428509049469
2014-03-24,0.0005162759376728579,1.2948109857187804
2014-03-25,-0.0013121020923055294,1.2931120615152787
2014-03-26,0.0006948892030148185,1.2940106311251138
2014-03-27,-0.002189106812442962,1.2911779036371442
2014-03-28,-0.0014415839593508496,1.2893165622825926
2014-03-31,0.0037206708959154657,1.2941136848914991
2014-04-01,0.000992462425298899,1.295398044097819
2014-04-02,0.008069248865497375,1.3058509332955228
2014-04-03,0.00261810135496588,1.3092697833933675
2014-04-04,0.0009984896427578287,1.3105770757116615
2014-04-07,4.759839899566988e-05,1.3106394570822257
2014-04-08,0.0007927058366207912,1.3116784086295603
2014-04-09,-0.0007035924873067315,1.310755521555486
2014-04-10,0.0024609588346476896,1.313981236936321
2014-04-11,-0.00014421385282134905,1.3137917426396075
2014-04-14,-0.0013756712715072962,1.3119843970825147
2014-04-15,0.00045653737155439345,1.312583366990679
2014-04-16,-0.0012983116780804964,1.3108792246768608
2014-04-17,-0.00024786709616406437,1.3105543008500182
2014-04-21,0.00032200220628650654,1.31097630222635
2014-04-22,0.00032787714225853266,1.3114061413898928
2014-04-23,0.0009223032871543546,1.3126156555848911
2014-04-24,-0.0004908043759060045,1.3119714180772473
2014-04-25,0.0015933137771214348,1.3140618002128592
2014-04-28,-0.001313494981416276,1.3123357866330088
2014-04-29,-0.0006071950132181787,1.3115389428876976
2014-04-30,-0.00022561207653168313,1.3112430438633405
2014-05-01,-0.0006622836442572628,1.3103746290417437
2014-05-02,0.0009827402974696721,1.3116623869944848
2014-05-05,0.00028909448310689026,1.3120415813542636
2014-05-06,0.0,1.3120415813542636
2014-05-07,-0.0002166347022709345,1.3117573476169198
2014-05-08,0.001373955750649794,1.3135596441681352
2014-05-09,-0.0007611392174751111,1.3125598424084661
2014-05-12,-0.00017166152138189066,1.3123345263890134
2014-05-13,0.0004232437115730348,1.3128899637247877
2014-05-14,0.000932090546121379,1.3141136960480733
2014-05-15,0.00034250651396781966,1.314563788549064
2014-05-16,-0.000924036142435491,1.3133490840969078
2014-05-19,-0.00022278271992873616,1.3130564926157369
2014-05-20,0.0003680787604035356,1.3135398008218786
2014-05-21,-0.002012656731264049,1.3108960960999712
2014-05-22,-0.0008876794056084865,1.3097324406325705
2014-05-23,-0.0008031777202968536,1.3086804927167046
2014-05-27,-0.00015442170796607595,1.3084784040398374
2014-05-28,0.0007041918919041844,1.309399823922694
2014-05-29,0.0017106636300492203,1.3116397665786714
2014-05-30,0.0002445494891444059,1.3119605274135295
2014-06-02,0.0008115171032855155,1.3130252058203609
2014-06-03,0.0017572542706684898,1.3153325249707841
2014-06-04,-6.293488132080303e-05,1.3152497446744278
2014-06-05,0.00010877792849192547,1.3153928148171028
2014-06-06,-3.829785311160986e-05,1.3153424380962968
2014-06-09,-4.1575100143973444e-05,1.3152877526027094
2014-06-10,-0.0009432911539593585,1.314047053300768
2014-06-11,0.0007373887762133574,1.3150160168492884
2014-06-12,0.0005357897932758373,1.3157205890091104
2014-06-13,-0.0007096362917725041,1.3147869059293174
2014-06-16,-3.191698862581287e-05,1.3147449418905954
2014-06-17,9.945535180930406e-06,1.314758017732669
2014-06-18,0.00022150344476680838,1.3150492411626316
2014-06-19,-0.0001384209197738871,1.3148672108371218
2014-06-20,-5.161208837266344e-05,1.3147993477944377
2014-06-23,6.236684580905974e-06,1.3148075477832573
2014-06-24,7.707964921220827e-05,1.314908892687822
2014-06-25,0.0007964357585334028,1.3159561331491723
2014-06-26,-3.871828940506762e-05,1.3159051815787646
2014-06-27,-9.966618571864827e-05,1.3157740303285492
2014-06-30,0.00016236196862520283,1.3159876619903794
2014-07-01,0.0,1.3159876619903794
2014-07-02,5.1787283228955504e-05,1.3160558134161566
2014-07-03,-6.699496127044469e-05,1.315967644307907
2014-07-07,0.00014761401438547048,1.3161618995746847
2014-07-08,0.0,1.3161618995746847
2014-07-09,-0.00041003251335717926,1.3156222304030172
2014-07-10,0.0,1.3156222304030172
2014-07-11,0.00014916783928602695,1.315818478928443
2014-07-14,-7.898950345397427e-05,1.315714543080157
2014-07-15,0.0004719396262540176,1.316335480909875
2014-07-16,7.603933325707682e-05,1.316435574182186
2014-07-17,0.0009502914884805644,1.3176865717034643
2014-07-18,0.0,1.3176865717034643
2014-07-21,0.0002776950928224089,1.3180524867983043
2014-07-22,0.0,1.3180524867983043
2014-07-23,0.0,1.3180524867983043
2014-07-24,-0.00020983072519919439,1.317775918889149
2014-07-25,0.00010293686852021377,1.3179115666156507
2014-07-28,3.7889766236677544e-05,1.3179615019768305
2014-07-29,0.0001147766597389727,1.3181127731956919
2014-07-30,0.0017269617579126508,1.3203891035476172
2014-07-31,0.005094254597766403,1.3271155018092051
2014-08-01,-0.002559452665309114,1.3237188125009265
2014-08-04,0.0011237430805901777,1.3252063323571215
2014-08-05,0.0007976848465655472,1.3262634293670155
2014-08-06,-0.001023984556817688,1.3249053560970716
2014-08-07,0.0008468771774464305,1.3260273882054268
2014-08-08,6.760906374620686e-05,1.326117039675645
2014-08-11,0.00010814447096892778,1.3262604519013437
2014-08-12,-0.0004884411925192818,1.3256126516646258
2014-08-13,-0.0011800515485558504,1.3240483604022437
2014-08-14,-0.0004567713561236654,1.3234435730370895
2014-08-15,-0.00012719552253976377,1.3232752369402652
2014-08-18,-0.0012631969814422281,1.321603679655345
2014-08-19,0.0006324186027492301,1.322439486407821
2014-08-20,-0.0006730753583420338,1.3215493849766213
2014-08-21,0.0026750661462889183,1.3250846169970212
2014-08-22,0.0014175702050932624,1.3269630174693037
2014-08-25,-0.0003216103537533728,1.3265362524238378
2014-08-26,3.841407060110438e-05,1.3265872100810934
2014-08-27,0.0007112877076024889,1.3275307952566868
2014-08-28,0.0004739849683683171,1.3281600248986847
2014-08-29,-0.0005343206400611414,1.3274503615840774
2014-09-02,-0.00016535515661460966,1.3272308608216394
2014-09-03,-0.00035517468320201914,1.3267594620211112
2014-09-04,0.0006659945941107272,1.3276430766505025
2014-09-05,0.0014435420174197372,1.3295595852157838
2014-09-08,-5.523763288997101e-05,1.3294861434915104
2014-09-09,-0.0003150481695242708,1.3290672913155954
2014-09-10,-0.00029763472179736083,1.3286717147420948
2014-09-11,-0.0004278646829333725,1.3281032230401442
2014-09-12,0.000927442128106924,1.3293349619196662
2014-09-15,-0.00030280255577038844,1.328932435895722
2014-09-16,-0.0001833444428798855,1.3286887835186376
2014-09-17,0.001663012608090849,1.330898409717858
2014-09-18,-0.000807192896806855,1.3298241179751622
2014-09-19,0.0011873812913765823,1.3314031262536672
2014-09-22,0.0014279687301066088,1.3333043282851236
2014-09-23,0.029456012603939312,1.372578157383977
2014-09-24,-0.0008995146608397579,1.3713435032082617
2014-09-25,0.0019984441428003348,1.3740840566000154
2014-09-26,-0.0013858572254570776,1.372179772281791
2014-09-29,0.003917694389832085,1.3775555532775003
2014-09-30,0.0005008968147883619,1.3782455664663311
2014-10-01,0.0009708965207496282,1.3795837002915519
2014-10-02,0.00046697687210193437,1.3802279339727168
2014-10-03,-0.0017255065116611925,1.3778463416850704
2014-10-06,0.002430426354852124,1.3811950957468382
2014-10-07,0.002863679621849208,1.3851503959963265
2014-10-08,-0.0007380725179532593,1.3841280545558097
2014-10-09,0.0007764028830231932,1.3852026955678403
2014-10-10,0.0012050302174821707,1.3868719066733373
2014-10-13,0.00017592797137101274,1.3871158962344299
2014-10-14,-0.00015051781917698826,1.386907110574783
2014-10-15,0.0012202298355615529,1.3885994560102588
2014-10-16,-0.0014052306866225211,1.3866481534432458
2014-10-17,-0.00011667256793003018,1.3864863696423682
2014-10-20,0.00011771169777905085,1.3866495753068864
2014-10-21,0.0015134056610256869,1.3887481386240148
2014-10-22,0.008821615366137606,1.4009991405433955
2014-10-23,-0.0026673302396027295,1.3972622131701666
2014-10-24,0.0015620032753898322,1.3994447413237168
2014-10-27,0.0013309380849521302,1.4013073156277307
2014-10-28,-0.002124124546380466,1.3983307643615834
2014-10-29,-0.0003716980414101475,1.3978110075552268
2014-10-30,-0.0021526150056314875,1.3948020586053267
2014-10-31,-0.009629007696062156,1.3813714988485326
2014-11-03,0.0003194883959365066,1.381812831012892
2014-11-04,0.011757812443115693,1.3980599271114325
2014-11-05,1.9018107029035936e-05,1.3980865155647593
2014-11-06,0.0023012697483778587,1.4013038897686436
2014-11-07,0.004938748177994672,1.4082245768010555
2014-11-10,-0.0009179683933257418,1.4069318711488477
2014-11-11,-0.0003847571447259535,1.4063905440592805
2014-11-12,0.003000422485359928,1.4106103098708735
2014-11-13,0.00041442625622817514,1.4111949038205902
2014-11-14,6.260931845535769e-05,1.411283257771726
2014-11-17,0.00032193357527488225,1.411737597236626
2014-11-18,0.00011812165716866595,1.4119043540210987
2014-11-19,0.0017970767832923885,1.4144416545559395
2014-11-20,0.001449290984087857,1.4164915920934056
2014-11-21,-0.0008822322834884822,1.4152419174815707
2014-11-24,0.0006614799819779232,1.4161780716796408
2014-11-25,0.0002358338055271521,1.416512054343589
2014-11-26,-0.0007139861448885932,1.41550068436272
2014-11-28,0.001698500548253193,1.417904913051163
2014-12-01,0.0009094952889612403,1.419194490889778
2014-12-02,-0.00030851544307642964,1.4187566474726094
2014-12-03,-0.000698129806180168,1.4177661711692926
2014-12-04,0.0011550456708885794,1.419403755847634
2014-12-05,0.0005138391139019968,1.4201331010158078
2014-12-08,0.020748141502104283,1.4495982235475058
2014-12-09,0.0036210697469604824,1.4548473198200413
2014-12-10,0.004846752588728953,1.4618986048335847
2014-12-11,-0.0006610233205430545,1.4609322557635203
2014-12-12,0.0006673083835643824,1.461907148105611
2014-12-15,0.0048605113421612434,1.4690127643801647
2014-12-16,0.0001347875839666296,1.4692107690614915
2014-12-17,-0.0005147268325618745,1.4684545268559666
2014-12-18,-0.003614284024706234,1.4631471151185436
2014-12-19,0.0016590553694090743,1.4655745571961165
2014-12-22,3.572318889338235e-05,1.4656269121928607
2014-12-23,0.0008083905734511921,1.4668117111728738
2014-12-24,0.0029844046104742757,1.4711892708063958
2014-12-26,-0.0001629503941332971,1.4709495399348733
2014-12-29,0.0010716819756564219,1.4725259300439217
2014-12-30,0.000719666748682634,1.4735856579923472
2014-12-31,0.0032414871549344445,1.478362266974425
2015-01-02,0.0020829215946505833,1.4814415796650224
2015-01-05,0.0059351895021295085,1.4902342161766686
2015-01-06,0.0008587093721536507,1.4915138942648036
2015-01-07,-0.0005402751975142569,1.4907080663009846
2015-01-08,-0.0006918314204850367,1.4896767476219472
2015-01-09,-0.00016558084237001163,1.4894300856912168
2015-01-12,0.002331591821804241,1.4929028286981638
2015-01-13,-0.0009978296943490596,1.491413165924911
2015-01-14,0.00028864334553333756,1.4918436524106962
2015-01-15,-0.0015692975694693045,1.4895025057929399
2015-01-16,0.0005032788029512347,1.4902521408310483
2015-01-20,0.00021191692378473922,1.4905679504803966
2015-01-21,-0.0009674746055839902,1.4891258638404095
2015-01-22,0.0008601844989313931,1.4904067868254427
2015-01-23,0.0011009271670069701,1.4920476161469505
2015-01-26,0.0010906306522760665,1.4936748890117757
2015-01-27,0.0017422359798291713,1.4962772231455792
2015-01-28,0.000861536389988777,1.4975663204228307
2015-01-29,0.002806727507983062,1.5017695810093903
2015-01-30,0.00020731204876953582,1.502080915938009
2015-02-02,-0.0009726643411867373,1.500619895393499
2015-02-03,-0.004519148940879951,1.4938383705825682
2015-02-04,0.0012080450840908216,1.4956429946825767
2015-02-05,-0.0004987936839690755,1.4948969774033565
2015-02-06,0.001213300351063512,1.4967107364308436
2015-02-09,0.0012731506407346364,1.4986162746639249
2015-02-10,-0.0004950388685555875,1.4978744013589163
2015-02-11,-0.00031560862529194777,1.4974016592782435
2015-02-12,-0.00029875630616173725,1.496954301089677
2015-02-13,-0.00040963955334517556,1.4963410893984006
2015-02-17,-0.0009046239957470831,1.4949874633431084
2015-02-18,-0.0006611040845990068,1.493999121024668
2015-02-19,0.006773516583228578,1.5041187488462573
2015-02-20,-0.0010308351308038885,1.5025682503990456
2015-02-23,9.305362173982842e-05,1.5027080698166566
2015-02-24,-0.001638875808233829,1.5002453179141964
2015-02-25,-0.0008430367434197073,1.4989805559870513
2015-02-26,0.0019041147602309946,1.5018347869890054
2015-02-27,0.00039407932877384477,1.502426629033791
2015-03-02,-0.0011119588391846542,1.5007559924634104
2015-03-03,0.0007526352068042081,1.5018855142601606
2015-03-04,0.0027959790844350445,1.5060847547452478
2015-03-05,0.0014084067610735376,1.5082059346965808
2015-03-06,0.002395942192964515,1.5118195089311997
2015-03-09,0.0012774243134668786,1.5137507439294817
2015-03-10,0.0021057028925794783,1.5169382532496185
2015-03-11,0.007634866027047538,1.528519873584483
2015-03-12,0.000475858298897781,1.5292472324513582
2015-03-13,0.002524850003720977,1.5331083523319031
2015-03-16,-1.7057460089217175e-05,1.5330822013973708
2015-03-17,-0.00022031678985798218,1.5327444376481705
2015-03-18,0.002831513985644936,1.5370844249597908
2015-03-19,0.001657679718771542,1.5396324186370862
2015-03-20,-0.002643624521278117,1.5355622086214225
2015-03-23,0.0022088781012416896,1.5389540783571407
2015-03-24,0.00038714983669656196,1.5395498841772601
2015-03-25,-0.0017746802529292147,1.5368176753994112
2015-03-26,0.0032619563434727714,1.5418307075644415
2015-03-27,0.0009004209424499605,1.543219004223245
2015-03-30,0.002597903700398565,1.5472281385848419
2015-03-31,0.003988068596787797,1.5533985905363987
2015-04-01,0.004883798330033463,1.5609850759787367
2015-04-02,0.036681383591667234,1.6182441683315807
2015-04-06,3.640497793450303e-05,1.6183030804748213
2015-04-07,-0.0011156511107025336,1.6164976188456361
2015-04-08,-0.0005177100524022975,1.6156607417786755
2015-04-09,0.01099369144170195,1.6334228174482615
2015-04-10,0.006855752055053692,1.6446211592857538
2015-04-13,0.0033279943661884592,1.650094449238371
2015-04-14,0.010031246846766944,1.6666469539791609
2015-04-15,-0.0007060499751529268,1.6654702179387153
2015-04-16,0.0009717902389528983,1.667088705639775
2015-04-17,0.0071749117396149465,1.6790499199648492
2015-04-20,-0.005176453271502645,1.670358396513631
2015-04-21,0.0002847131050379766,1.670833969439229
2015-04-22,0.00031328125785231247,1.6713574104068372
2015-04-23,0.0022230537338520182,1.6750729277386436
2015-04-24,-0.002387584139509668,1.6710735501838527
2015-04-27,0.0009072641187814199,1.6725896552557793
2015-04-28,0.0030698290594355325,1.6777242195839948
2015-04-29,0.0016961518300844624,1.6805698945894192
2015-04-30,0.0028974035241774126,1.685439183724629
2015-05-01,-0.0014067216543698175,1.6830682399277601
2015-05-04,-0.0008977034228865831,1.6815573438078253
2015-05-05,0.0007211522432634454,1.6827700026584886
2015-05-06,0.0012288624338010548,1.684837895499483
2015-05-07,0.0008352902641884307,1.6862452241903292
2015-05-08,-0.0006600037252488575,1.6851322960606805
2015-05-11,0.003022312847905766,1.6902252930494854
2015-05-12,0.0015819694777704078,1.692899177873645
2015-05-13,-7.729837770293267e-05,1.6927683195135808
2015-05-14,-0.001841844015827116,1.689650504314103
2015-05-15,0.0007645936614225062,1.6909424003797209
2015-05-18,-0.0006914622812199238,1.6897731774901428
2015-05-19,-0.000701605167149288,1.6885876238975055
2015-05-20,-0.00039207910498332844,1.687925563973242
2015-05-21,0.0017223941534838072,1.6908328370961454
2015-05-22,-0.0008867165230738887,1.6893335476817364
2015-05-26,0.00046676394952601107,1.6901220676805189
2015-05-27,0.0004843730795594244,1.6909407173112725
2015-05-28,0.0007073692440688168,1.6921368367682423
2015-05-29,0.00013871865854544888,1.6923715677203144
2015-06-01,0.0007650139130556722,1.6936662555156803
2015-06-02,0.00032961733339088433,1.6942245172704775
2015-06-03,0.00010528209273072086,1.6944028887732114
2015-06-04,0.0005066540562516594,1.695261364869733
2015-06-05,0.0019293499947753568,1.6985321173751875
2015-06-08,0.0010611364512096116,1.7003344917184846
2015-06-09,0.001370659005994491,1.7026650705027617
2015-06-10,-0.0008043070349428199,1.701295605008405
2015-06-11,0.0051901943329168716,1.710125659816136
2015-06-12,0.0007853480136982434,1.7114687036062473
2015-06-15,-0.0007199433629553524,1.7102365430721802
2015-06-16,-0.0007315396332077969,1.7089854372587625
2015-06-17,0.00012348614546918608,1.7091964732830724
2015-06-18,-0.0002598486906139576,1.7087523408174878
2015-06-19,0.0007147892247891173,1.7099737385785374
2015-06-22,-0.0014389875710141774,1.7075131076219623
2015-06-23,-0.0007584566773586065,1.706218032903809
2015-06-24,0.0036718519717075103,1.71248301295209
2015-06-25,0.020311545404837185,1.747266189424679
2015-06-26,-6.709409854233956e-05,1.747148958174786
2015-06-29,0.0022215527716061803,1.751030341785228
2015-06-30,0.0007126364029028506,1.7522781897493716
2015-07-01,-0.00034016496827267526,1.7516821260945505
2015-07-02,0.0003664842169826334,1.7523240899469348
2015-07-06,0.00028700756561318984,1.7528270202181557
2015-07-07,0.003017216371666643,1.7581156786002576
2015-07-08,0.004704196080074481,1.7663861994838463
2015-07-09,0.0005903052078967191,1.7674289064565587
2015-07-10,-1.4871408713851121e-05,1.767402622298918
2015-07-13,-0.0035024258588315167,1.7612124256516117
2015-07-14,0.0010902474304711005,1.763132582973192
2015-07-15,0.001311694242355162,1.7654452738307869
2015-07-16,-0.0029719805163140817,1.7601984048743429
2015-07-17,0.0009801313896653293,1.761923630582999
2015-07-20,-0.00042696749568839164,1.761171346462855
2015-07-21,0.0005574055291350681,1.7621530331091275
2015-07-22,0.00181015098681673,1.765342796160932
2015-07-23,-0.0008790964948404567,1.7637908894966352
2015-07-24,0.0022617616790936187,1.7677801641404332
2015-07-27,0.00033327423487627863,1.7683693197220665
2015-07-28,-0.0008262260558466972,1.7669082469137523
2015-07-29,0.00013772506085103057,1.7671515944595766
2015-07-30,0.002180608718558953,1.7710050606334704
2015-07-31,0.0010491886678196845,1.7728631790737384
2015-08-03,0.002110851540871712,1.7766054300470409
2015-08-04,0.0006574287847614862,1.7777734215959171
2015-08-05,0.000264861142499456,1.778244284695466
2015-08-06,0.004958810629334241,1.787062261355967
2015-08-07,-0.000886998268313627,1.7854771402247755
2015-08-10,-0.0023995593579234477,1.7811927818445907
2015-08-11,0.0034142430690719656,1.7872742069546848
2015-08-12,0.0022233148983421998,1.7912478803264298
2015-08-13,-0.0014751045810739109,1.7886056023723214
2015-08-14,0.0013455912154942506,1.7910123343588573
2015-08-17,0.0007061075498019189,1.7922769816899362
2015-08-18,0.0018528106098209224,1.7955977314973492
2015-08-19,0.0047272489848807055,1.804085969050824
2015-08-20,0.008393328306142301,1.8192282548815726
2015-08-21,0.0016534454041371395,1.8222362494786828
2015-08-24,0.004614700905784589,1.8306453247497056
2015-08-25,0.00086169858002146,1.8322227892265652
2015-08-26,-0.004800316208847308,1.8234275404732214
2015-08-27,-0.006326194260902253,1.8118921836315085
2015-08-28,-0.0005986384986333867,1.8108075152150138
2015-08-31,0.010268675085110557,1.8294021092304333
2015-09-01,0.015705964324957626,1.8581346334940085
2015-09-02,-0.0005987161683036964,1.8570221382460508
2015-09-03,0.002725315450685362,1.8620831093716776
2015-09-04,0.0074352064315273084,1.8759280816825163
2015-09-08,-0.002839180838971039,1.8706019826177156
2015-09-09,0.003821304899451988,1.8777501231388172
2015-09-10,-0.0030838186140667674,1.8719594823565155
2015-09-11,0.003833661049014182,1.8791359405093584
2015-09-14,-0.0005740151672086663,1.878057287978259
2015-09-15,-0.004101781948364538,1.8703539064964354
2015-09-16,0.0006483994715120779,1.8715666429809483
2015-09-17,0.002505800205606569,1.8762564150597365
2015-09-18,0.006175697403318068,1.8878436069301796
2015-09-21,-0.006606231980484477,1.8753720741199242
2015-09-22,0.012957849204536371,1.899672862658769
2015-09-23,0.011416371791822045,1.9213602343417164
2015-09-24,-0.008468552245633957,1.9050890948145103
2015-09-25,-0.003000297744639054,1.8993732603000018
2015-09-28,0.00815368246854758,1.9148601467537378
2015-09-29,-0.002601391154187329,1.9098788465064669
2015-09-30,-0.006201109556716785,1.8980354785392244
2015-10-01,0.0025658582100068837,1.9029055684547187
2015-10-02,-0.0032478049795906156,1.8967253022738007
2015-10-05,-0.016062519083280546,1.8662591159102866
2015-10-06,0.005180500480125427,1.8759272721562985
2015-10-07,-0.002259228134803649,1.8716891244841976
2015-10-08,-0.00130233290215254,1.8692515621547807
2015-10-09,0.021710203269284842,1.9098333935305893
2015-10-12,0.013022907564474367,1.9347049772780844
2015-10-13,0.0019864074728745225,1.9385480897027574
2015-10-14,0.003750572150903598,1.945818754181184
2015-10-15,-0.005067813940861282,1.9359577067723552
2015-10-16,-0.011227157978045906,1.9142224037596067
2015-10-19,0.0007115627419786571,1.915584493101983
2015-10-20,-0.0009432655094908976,1.9137775883191244
2015-10-21,-0.0014792239040918656,1.9109466827633674
2015-10-22,-0.003632472760568989,1.9040052209913298
2015-10-23,-0.0027271934089069514,1.898812630502118
2015-10-26,0.004930342612644298,1.90817442732771
2015-10-27,0.002648426221099493,1.9132280865154763
2015-10-28,0.0012112171343849458,1.9155454211558505
2015-10-29,0.0041328502414138945,1.923462083512114
2015-10-30,-0.001746052513585146,1.9201036177064117
2015-11-02,0.00010764648022855083,1.9203103101025318
2015-11-03,-0.0009452729290033932,1.9184950927511057
2015-11-04,0.016314290176813417,1.94979397839704
2015-11-05,0.0019176522623945355,1.953533005230916
2015-11-06,0.0007550121898658208,1.9550079464631707
2015-11-09,0.003894861021459007,1.962622430710493
2015-11-10,0.001183503018713595,1.9649452002818337
2015-11-11,-0.00042192231957850263,1.9641161460450862
2015-11-12,-0.00022550562793707867,1.9636732268002308
2015-11-13,0.002154290808667373,1.9679035499839528
2015-11-16,-0.0023096862591915363,1.9633583101951404
2015-11-17,-0.0005184695927170914,1.9623403686116958
2015-11-18,0.0005630116908645015,1.9634451891806797
2015-11-19,-0.0010088195669154573,1.9614644272552682
2015-11-20,-0.0001653476020833182,1.9611401038156497
2015-11-23,0.00046057686521706713,1.9620433595769167
2015-11-24,-0.0014560131768357359,1.9591865985918495
2015-11-25,0.001540937489413474,1.9622055826703764
2015-11-27,-0.0016815345633532303,1.9589060661627116
2015-11-30,-0.0019273702016404004,1.955130528982977
2015-12-01,0.003617544362985085,1.9622033004069994
2015-12-02,0.0008054434431728361,1.9637837441894843
2015-12-03,0.0012134913745826107,1.966166778824604
2015-12-04,-0.0008439477232532993,1.9645074368480788
2015-12-07,0.002284536383061264,1.9689954255623527
2015-12-08,0.001105845332852839,1.9711728299641194
2015-12-09,0.0026308163401913853,1.9763586236545303
2015-12-10,-0.0014426808513064407,1.9735073689128697
2015-12-11,0.002171643661730505,1.9777931236819477
2015-12-14,0.000605753779303617,1.9789911793412986
2015-12-15,-0.0003218859380465652,1.9783541699091505
2015-12-16,-0.0006578921199041622,1.9770526262903876
2015-12-17,0.0016653224421998862,1.9803450563983591
2015-12-18,-0.0004756248679173803,1.9794031550424787
2015-12-21,-0.0004933350432317523,1.9784266461014126
2015-12-22,-0.00018544708148774503,1.9780597526539556
2015-12-23,0.00033712005184695815,1.9787265962603267
2015-12-24,-0.00019249078124006452,1.978345709631952
2015-12-28,4.2954230931089954e-05,1.978430687950425
2015-12-29,-0.00028845824591782637,1.977859993304509
2015-12-30,0.0004154450798566698,1.9786816855073723
2015-12-31,-0.0001000621993561484,1.9784836942660948
2016-01-04,0.0011027333419457947,1.980665434202258
2016-01-05,1.3766504350790257e-05,1.9806927010415754
2016-01-06,-0.00012120850898724089,1.9804526242325202
2016-01-07,0.0013424080275617554,1.9831111997334956
2016-01-08,0.001824732383182505,1.9867298469591015
2016-01-11,0.00033513712140372133,1.9873956738810183
2016-01-12,-5.563751213478696e-05,1.9872851001300962
2016-01-13,-0.0002542820252257622,1.986779769250134
2016-01-14,-0.0012962898069448614,1.984204326886611
2016-01-15,0.003034590254964262,1.990225574000839
2016-01-19,-0.00043925929464981914,1.9893513489190093
2016-01-20,0.0004758671952364471,1.9902980159657595
2016-01-21,-0.0009004369511361362,1.9885058780884108
2016-01-22,-0.015903182576286177,1.9568823060551526
2016-01-25,0.01078140718363222,1.9779802510071784
2016-01-26,-0.0010458612970675823,1.9759115580162858
2016-01-27,0.0060328984876886925,1.9878320318664489
2016-01-28,0.0015235225952006408,1.990860538882461
2016-01-29,-0.0029837955975865,1.9849202179711347
2016-02-01,0.003108913227798722,1.9910911626929104
2016-02-02,0.00849269284070882,2.008000888355511
2016-02-03,-0.000967280972294089,2.0060585873038552
2016-02-04,0.015873060640736444,2.0379008769089992
2016-02-05,0.002504627218347888,2.0430050589136006
2016-02-08,0.0017050428459415199,2.0464884700735237
2016-02-09,-0.004597172829369953,2.037080408883283
2016-02-10,0.0013598559895268926,2.0398505448784507
2016-02-11,0.009753796935980719,2.0597468328729445
2016-02-12,-0.02219003439676572,2.0140409798028647
2016-02-16,0.009480108372357068,2.033134306557764
2016-02-17,-0.005697954405310009,2.0215495999791266
2016-02-18,0.002279183141501183,2.0261570817471077
2016-02-19,0.0031492938282369626,2.032538045739692
2016-02-22,-0.004266611161151268,2.023865996228275
2016-02-23,0.0012140466173122127,2.026323063894889
2016-02-24,0.0009908201375189284,2.0283307855917148
2016-02-25,-0.0027160874383982364,2.022821661824053
2016-02-26,0.014481348720133628,2.0521148477075672
2016-02-29,-0.003111184331768219,2.0457303401463904
2016-03-01,-0.0004998662782248788,2.04470774853501
2016-03-02,-0.0033955661687870573,2.0377648080790274
2016-03-03,-0.00010839894665746326,2.037543916520296
2016-03-04,-0.002812468854241496,2.0318133877159337
2016-03-07,0.0008721659647284368,2.033585466199379
2016-03-08,0.00885665450784616,2.0515962300856843
2016-03-09,-0.0009743222248214389,2.049597314282352
2016-03-10,0.0009639457372785981,2.051573014876592
2016-03-11,-0.0027928175622919777,2.04584334573032
2016-03-14,0.0027241867615536396,2.0514166050889715
2016-03-15,0.0014527146844885259,2.054396728115188
2016-03-16,-0.0010380951180045462,2.052264068901287
2016-03-17,-0.0026014804629158313,2.046925144021296
2016-03-18,0.0011246892886212637,2.0492272988053863
2016-03-21,0.001218638433893966,2.051724565951495
2016-03-22,-0.0013278593414616567,2.04900016432049
2016-03-23,0.0021757057652788993,2.0534581857910594
2016-03-24,-0.0005568269470055595,2.0523147649386617
2016-03-28,0.0025941992439912,2.0576388783502977
2016-03-29,-0.0010491242885918928,2.055480159425869
2016-03-30,0.0007866141054789389,2.0570970291128057
2016-03-31,0.003150238697586528,2.0635773757786073
2016-04-01,0.0035990896512835715,2.071004375756395
2016-04-04,0.027501745938155155,2.127960611935255
2016-04-05,0.0012313210087956316,2.1305808145426206
2016-04-06,-0.0014287094959106413,2.1275368335010785
2016-04-07,0.004277186490502554,2.1366367053033755
2016-04-08,-0.0015746524745482095,2.133272245028159
2016-04-11,-0.0005994987223827328,2.13199335104277
2016-04-12,-0.0015282431906055692,2.1287351467216227
2016-04-13,-0.000516938934910348,2.1276347206421704
2016-04-14,-0.0008787455230126445,2.1257650711568
2016-04-15,0.0007883857719061696,2.127440994093315
2016-04-18,-0.0007422520220624401,2.125861896713631
2016-04-19,-6.221838198141643e-05,2.1257296290261016
2016-04-20,-0.0012478947479535904,2.1230769421864704
2016-04-21,0.000869208966062765,2.1249223397002597
2016-04-22,0.002608055397703011,2.1304642548780146
2016-04-25,0.0030216546379139343,2.136901782074677
2016-04-26,-0.0006957063693242201,2.135415125894267
2016-04-27,0.000493018559367824,2.136467925183288
2016-04-28,0.0022817055810042167,2.141342715971815
2016-04-29,9.17276445714342e-06,2.1413623580041707
2016-05-02,0.0007509747281681295,2.1429704670188827
2016-05-03,0.0015335443887280178,2.1462568073537898
2016-05-04,0.0005233864267704948,2.147380129035122
2016-05-05,0.0001913715989266034,2.147791076603919
2016-05-06,-4.352310904906662e-05,2.147697598058677
2016-05-09,0.0015509845347497127,2.1510286438185853
2016-05-10,0.0002174279606006028,2.1514963375898044
2016-05-11,0.00122410375824551,2.1541299923424995
2016-05-12,0.000494597857399215,2.155195420421271
2016-05-13,0.0013205436792655726,2.158041450111291
2016-05-16,-0.0011515226623538728,2.155556416475189
2016-05-17,0.0005796127809172571,2.156805804524166
2016-05-18,-0.00013266087359093822,2.1565196807819715
2016-05-19,0.00034845018904471184,2.157271120472419
2016-05-20,-0.00014116850227601912,2.1569665817393386
2016-05-23,-3.542249519880869e-05,2.1568901766009527
2016-05-24,-0.00026543935778217294,2.156317653057669
2016-05-25,-0.0006857252416600262,2.15483901161393
2016-05-26,0.0012618486637217855,2.1575580923412705
2016-05-27,0.0038820491896043195,2.1659338389851683
2016-05-31,-0.0011429673351950353,2.1634582473570148
2016-06-01,0.0002018005010188982,2.163894834315265
2016-06-02,0.0003066844477083482,2.164558467207426
2016-06-03,-0.00014689807286757722,2.164240497739984
2016-06-06,-0.0017805546376343658,2.160386949284777
2016-06-07,0.0009091627774157837,2.1623510926838816
2016-06-08,0.0009993713933793254,2.1645120845083525
2016-06-09,0.0003781950780131153,2.1653306923250133
2016-06-10,0.005886063046168716,2.1780759652958426
2016-06-13,0.00012793953982802086,2.1783546273325527
2016-06-14,0.0006976263231608255,2.1798743048617593
2016-06-15,-0.00019998513596417627,2.1794383624025166
2016-06-16,0.00020921691667109385,2.179894337776773
2016-06-17,-0.0005710716738311407,2.178649461868524
2016-06-20,-0.00010728590073595976,2.1784157234986194
2016-06-21,0.0002281686339815529,2.1789127696384942
2016-06-22,-5.958423399884211e-05,2.178782940790165
2016-06-23,-0.0041973981049284155,2.169637721403442
2016-06-24,0.001213196336713415,2.1722699179390443
2016-06-27,0.000731098231261132,2.1738580606338713
2016-06-28,8.035295745395696e-05,2.1740327365581287
2016-06-29,-0.0010533714541581583,2.171742672533033
2016-06-30,-0.000461098882571351,2.1707412844134955
2016-07-01,0.00015341722111335035,2.171074313509106
2016-07-05,0.0003268413308429301,2.171783910327092
2016-07-06,0.005544455481801553,2.1838252695339935
2016-07-07,0.002459575734033626,2.1891965531743085
2016-07-08,0.0010653446691320577,2.191528802051915
2016-07-11,-0.0009897062867555014,2.1893598322189183
2016-07-12,-0.0019110741133827073,2.1851758033186846
2016-07-13,0.0030721580119178844,2.1918890086702993
2016-07-14,-0.0013933532632384549,2.188834932967412
2016-07-15,0.00032542508082070154,2.1895472347523763
2016-07-18,-0.0002983237874582444,2.1888940407284863
2016-07-19,0.000545281615369081,2.1900876044068864
2016-07-20,-0.00043225428640978334,2.1891409296522686
2016-07-21,0.0011259083254751298,2.1916057016506025
2016-07-22,0.0008372705457147431,2.193440668552415
2016-07-25,0.0028014646149904987,2.1995855149704457
2016-07-26,-0.00034403499382983327,2.198828780581375
2016-07-27,8.516823811534986e-05,2.1990160509545342
2016-07-28,-0.0005733182813832513,2.1977553148514666
2016-07-29,0.0003045460335986846,2.198424632515425
2016-08-01,-9.593410270024472e-05,2.1982137286209507
2016-08-02,0.00499678523590512,2.2091977305254877
2016-08-03,0.0007765428921416611,2.210913267320463
2016-08-04,0.0016404467285902032,2.2145401527570354
2016-08-05,0.002530794949975668,2.2201446997921517
2016-08-08,-0.0006108323061333635,2.218788563685228
2016-08-09,-0.011106032274419687,2.1941466262868263
2016-08-10,0.012242333436673832,2.2210081008947826
2016-08-11,0.0,2.2210081008947826
2016-08-12,-0.00027562410446159446,2.2203959375259714
2016-08-15,6.2057017158927695e-06,2.2204097166408507
2016-08-16,0.000958473765882434,2.2225379211037617
2016-08-17,0.0002715555640937951,2.223141463642647
2016-08-18,0.004263376810618728,2.2326195534054665
2016-08-19,0.0007446975464741424,2.2342821797090977
2016-08-22,-0.001999031612963057,2.229815778999579
2016-08-23,0.000426005660995579,2.2307656931444098
2016-08-24,0.0017707488694384335,2.2347158189735272
2016-08-25,-2.4613857317234246e-05,2.2346608139972144
2016-08-26,0.0004889777514828225,2.23575351341737
2016-08-29,0.0006300218247837037,2.2371620869256597
2016-08-30,0.001107301899595268,2.239639300754215
2016-08-31,-0.006433825381460293,2.225229852575706
2016-09-01,0.005110850511540375,2.2366026697060377
2016-09-02,0.0027061290933218405,2.2426552052607307
2016-09-06,0.0003272961914299505,2.243389217768103
2016-09-07,-0.0007857553116581428,2.2416264627741254
2016-09-08,-0.0007885693316411567,2.2398587848925864
2016-09-09,0.0011167064133312669,2.2423600495626324
2016-09-12,-0.00030004009239538464,2.241687251646178
2016-09-13,0.001794252234377758,2.24570940400622
2016-09-14,0.000880911352318388,2.247687674914218
2016-09-15,-0.000888134144988869,2.2456914267428556
2016-09-16,0.0008537418407532985,2.2476086674752866
2016-09-19,0.0002758565445851113,2.2482286850358757
2016-09-20,-0.0005847744683366175,2.2469139783018846
2016-09-21,-0.0012461575723652343,2.2441139694333705
2016-09-22,-0.00026419447523377804,2.2435210869208513
2016-09-23,0.00030620058829967364,2.244208054397529
2016-09-26,8.970390061395114e-05,2.244409368613798
2016-09-27,0.001373654231183336,2.2474924110395014
2016-09-28,-0.0015631409079889186,2.243979263711411
2016-09-29,0.0005169128403390344,2.2451392054062778
2016-09-30,-0.0002333095313066907,2.244615393030546
2016-10-03,0.0015741929455848696,2.2481488507478056
2016-10-04,-3.3134386686008e-05,2.2480743597144572
2016-10-05,-0.0002784048091294074,2.2474484850014322
2016-10-06,-0.00013594555830591197,2.247142954362375
2016-10-07,-0.0003826445101478222,2.246283097447371
2016-10-10,0.000660938997584155,2.2477677535460883
2016-10-11,0.002522867748452033,2.2534385743175203
2016-10-12,-0.0004405647272659785,2.2524457887666154
2016-10-13,8.76383848998997e-05,2.2526431894776175
2016-10-14,0.0009270630449728082,2.2547315317320917
2016-10-17,-0.0004095087767083087,2.2538081993807264
2016-10-18,-0.0002557464947354368,2.2532317958339285
2016-10-19,-0.00023760344514322273,2.252696420196532
2016-10-20,-0.0007171744823067824,2.2510808438075833
2016-10-21,-0.0002482416809944079,2.2505220317148624
2016-10-24,-8.354874729682298e-05,2.2503340034183488
2016-10-25,0.0006820682773591386,2.251868884855543
2016-10-26,-0.00013748085411412686,2.2515592959979
2016-10-27,-0.00038308831808210657,2.250696749934134
2016-10-28,0.00039761348532482916,2.251591657313284
2016-10-31,-0.0004197423728387712,2.250646568888379
2016-11-01,0.00021875208463568795,2.251138902517102
2016-11-02,-0.00012429140450572233,2.2508591053011706
2016-11-03,0.0,2.2508591053011706
2016-11-04,0.0013151600514333974,2.2538193452778676
2016-11-07,-0.0014683409354727265,2.2505099700720357
2016-11-08,0.002247710968311232,2.25556846601606
2016-11-09,0.0005112773840515853,2.256721687160914
2016-11-10,-6.718538678959679e-05,2.2565700684414858
2016-11-11,0.01465541585411562,2.289641041198446
2016-11-14,0.0005923158988747017,2.290997231989864
2016-11-15,0.0012473745916740063,2.2938549637266434
2016-11-16,0.004705415191373966,2.304648503719771
2016-11-17,-0.001918755587936108,2.30022644652503
2016-11-18,0.0027532168558037943,2.3065594687497684
2016-11-21,0.001201001311470785,2.309329649696722
2016-11-22,-0.0007127775112959985,2.3076836114562496
2016-11-23,0.0017407773513568345,2.31170077482117
2016-11-25,0.0015933927990882737,2.315384222189417
2016-11-28,0.002343192681539356,2.320809613553803
2016-11-29,0.0013934746342570345,2.32404360288123
2016-11-30,-0.001609903117688068,2.3203021178393084
2016-12-01,0.0041731342526523186,2.3299850500837653
2016-12-02,0.0010964961953470874,2.3325398698263977
2016-12-05,-0.0003965227756821053,2.331614964642825
2016-12-06,-0.0004400679261960536,2.3305888956806466
2016-12-07,-0.0012534043867491328,2.3276677253350915
2016-12-08,-0.0020244046970751928,2.322955583858693
2016-12-09,-0.003126028882052118,2.3156939576118263
2016-12-12,0.009347007206017293,2.337338765720555
2016-12-13,-0.0021584169704499836,2.332293814062933
2016-12-14,0.003719099532740762,2.3409678468970285
2016-12-15,-0.0011751444522506227,2.3382168715188505
2016-12-16,0.005005842417693395,2.3499216167160655
2016-12-19,0.0002701575548360654,2.350556465794094
2016-12-20,0.0010291486974962805,2.3529755379192574
2016-12-21,0.000315917673807219,2.3537188844777224
2016-12-22,0.001398870631313161,2.357011432699585
2016-12-23,0.00026447368390382126,2.3576348001961946
2016-12-27,-0.0006871280570890781,2.35601480317661
2016-12-28,0.0005977145088348658,2.3574230274074988
2016-12-29,0.00037137956237835295,2.358298526139758
2016-12-30,0.0005706281750787959,2.3596442377240203
2017-01-03,-0.000898801623658775,2.357523385651897
2017-01-04,0.00010769750069495617,2.357777285028362
2017-01-05,0.0032754127711983436,2.365499978859385
2017-01-06,0.0002641305818660135,2.366124779745205
2017-01-09,3.6613840979301446e-05,2.366211412661628
2017-01-10,0.000447427231674279,2.367270120083551
2017-01-11,0.00014623869230903278,2.3676163065702545
2017-01-12,-0.0005921622517286067,2.366214293566926
2017-01-13,0.0021283685749868275,2.371250469711039
2017-01-17,0.006907218497646923,2.3876292148179807
2017-01-18,0.0005355999300089751,2.3889080288583244
2017-01-19,0.004004145907956104,2.3984735651665607
2017-01-20,-0.0002590899629529502,2.397852144739418
2017-01-23,0.0003694412006457972,2.3987380101147417
2017-01-24,-0.0011616731333334138,2.395951460614486
2017-01-25,-0.0007417836734710776,2.3941741829385728
2017-01-26,-0.005439352954378335,2.3811514245233094
2017-01-27,0.008211225639256331,2.400703596151307
2017-01-30,0.0009682359722139433,2.403028043731724
2017-01-31,-5.143287470655782e-05,2.402904449091434
2017-02-01,0.0001780601276357735,2.403332310564336
2017-02-02,-0.0004538346178050975,2.402241595163712
2017-02-03,2.833346006239423e-05,2.402309658980009
2017-02-06,0.0031722840445163525,2.409930467581179
2017-02-07,-0.0005797627346401808,2.408533279703001
2017-02-08,0.0011495408677292605,2.4113019871393058
2017-02-09,-0.0001635034582172119,2.410907730925602
2017-02-10,-0.0026075365097970845,2.4046212009954617
2017-02-13,0.004428501762450592,2.415270070222096
2017-02-14,0.0017808465274641806,2.4195712955395394
2017-02-15,0.007147722480404456,2.4368657196816086
2017-02-16,-0.00039588467368132534,2.4359010018913674
2017-02-17,0.0004974004303458505,2.4371126200979876
2017-02-21,0.003922162930778942,2.446671372874669
2017-02-22,-0.00036241238595121624,2.445784668864787
2017-02-23,0.0005656638278985576,2.4471681607827924
2017-02-24,0.0007680055720997934,2.4490475995661387
2017-02-27,0.00048512206053673995,2.4502356865839925
2017-02-28,0.0008435149623094949,2.4523024970468104
2017-03-01,0.0014507747539097135,2.4558602355984753
2017-03-02,0.0015160630873766155,2.459583474649422
2017-03-03,8.076855370369362e-05,2.4597821316493826
2017-03-06,-0.00011424816966198263,2.4595011060430743
2017-03-07,0.00018200678523642034,2.4599487519326706
2017-03-08,-0.0002049814740331581,2.4594445080114533
2017-03-09,0.0007880602873716918,2.4613826985572116
2017-03-10,-0.00021348248236813637,2.4608572364686654
2017-03-13,0.0005717788987020225,2.4622643027091966
2017-03-14,3.7385413927409555e-05,2.4623563554793524
2017-03-15,3.803005397586185e-05,2.4624499990244595
2017-03-16,0.0005585909484427236,2.4638255013049073
2017-03-17,0.0004746899139400147,2.464995054420085
2017-03-20,3.8686646939999966e-05,2.465090416813464
2017-03-21,0.0016167642506507852,2.46907588687399
2017-03-22,-0.0008613663784200928,2.466949107919269
2017-03-23,0.00035912939055103555,2.467835061848916
2017-03-24,-0.00015455299451408992,2.4674536505501408
2017-03-27,0.001532928561310417,2.4712360807247786
2017-03-28,0.0009506976161848585,2.4735854789757536
2017-03-29,-0.0008101629115789733,2.471581471762067
2017-03-30,0.0004868711114631918,2.472784813380296
2017-03-31,0.0019599992559516466,2.4776314697746495
2017-04-03,-0.0002495533897743887,2.4770131684427557
2017-04-04,-0.0016543288753475551,2.4729153740335845
2017-04-05,0.020710576492170892,2.5241308770461726
2017-04-06,0.000625943033627947,2.525710839184625
2017-04-07,0.00031705857904558833,2.5265116374743766
2017-04-10,-6.938123344354603e-06,2.5264941082250045
2017-04-11,0.00024153025852948452,2.5271043330001373
2017-04-12,0.0010247759696667869,2.529694048793437
2017-04-13,0.00030376193663073277,2.5304624735567818
2017-04-17,-0.00021512769462846327,2.5299181009985015
2017-04-18,0.0008313305869656319,2.5320212992983793
2017-04-19,0.001347617636369051,2.535433495856976
2017-04-20,-0.0001927154961335424,2.5349448785329085
2017-04-21,-9.300694094045053e-05,2.5347091110643034
2017-04-24,-0.00025059838867737906,2.534073917045305
2017-04-25,-0.0005197155172322773,2.532756919508803
2017-04-26,0.00031828156775926995,2.5335630493518977
2017-04-27,5.554819855617729e-05,2.5337037842152177
2017-04-28,0.00034075127188603303,2.5345671470022717
2017-05-01,0.0012791448417088366,2.5378092254943243
2017-05-02,0.000575144663114245,2.539268832926369
2017-05-03,0.0,2.539268832926369
2017-05-04,-5.6787113729939776e-05,2.539124635178363
2017-05-05,1.7920149034849977e-05,2.5391701366702435
2017-05-08,0.00041270795009667007,2.540218072372295
2017-05-09,-0.0005792277364713329,2.5387467076080914
2017-05-10,0.0021878799704929284,2.5443011806798217
2017-05-11,0.0013221806151776179,2.5476652063800898
2017-05-12,0.0004601348379194621,2.5488374758969004
2017-05-15,-0.0010653419060494573,2.546122092522118
2017-05-16,0.0002679233271018797,2.546804258024354
2017-05-17,0.0009785860789132683,2.549296525216974
2017-05-18,-0.0004676520017224304,2.548104341593972
2017-05-19,1.0029344988567834e-05,2.5481298974114805
2017-05-22,0.0001449590499434579,2.5484992719005417
2017-05-23,-0.0002384769883188125,2.5478915134694464
2017-05-24,0.0008629917588710726,2.5500903228480682
2017-05-25,-0.00016932414500226895,2.5496585309844733
2017-05-26,4.651303386186711e-05,2.549777123338061
2017-05-30,7.721250028994036e-06,2.549796810804748
2017-05-31,6.966862183239502e-05,2.5499744516345095
2017-06-01,-0.0005349517516460909,2.5486103383349548
2017-06-02,4.826406262554051e-05,2.5487333446239324
2017-06-05,6.0435775554347956e-05,2.5488873793002957
2017-06-06,0.0005042227331280851,2.550172586261122
2017-06-07,0.004586029161630459,2.561867752108906
2017-06-08,-0.00011288854223794341,2.561578546592964
2017-06-09,0.0007477600828210173,2.563493992779117
2017-06-12,0.0003073280906111394,2.564281826493211
2017-06-13,-0.0006862407439910847,2.5625221118247956
2017-06-14,-0.0006236904340175628,2.560923891296692
2017-06-15,0.0016842977149191724,2.565237249554885
2017-06-16,0.00045731439065854675,2.5664103694645597
2017-06-19,-0.000478377045640696,2.5651826576541135
2017-06-20,0.0025270356014836506,2.571664965554314
2017-06-21,0.00029647888680640986,2.572427409920541
2017-06-22,0.0006193774109909866,2.5740207133496598
2017-06-23,-0.00029307478679455143,2.57326633277789
2017-06-26,-0.0002940300771607532,2.572509715079508
2017-06-27,0.0002977860889218671,2.5732757726862756
2017-06-28,-1.3989498575691977e-05,2.5732397738485187
2017-06-29,0.0006614637426663368,2.5749418786601064
2017-06-30,-0.00016561530458402289,2.5745154288765857
2017-07-03,-0.002912422540648528,2.567017352110278
2017-07-05,-0.04336260886461571,2.4557047827220386
2017-07-06,0.06489663917035686,2.6150717699152706
2017-07-07,0.0024557556773567965,2.6214937472609354
2017-07-10,1.22747841731428e-05,2.6215259255308943
2017-07-11,0.0007391066654832678,2.623463512816191
2017-07-12,-0.0037401598887524955,2.61365133981595
2017-07-13,0.0024669158196476025,2.620098997653185
2017-07-14,0.0020558264165112653,2.6254854663864355
2017-07-17,-0.0007246050546573194,2.6235830263465627
2017-07-18,-7.031098372624321e-05,2.6233985596430927
2017-07-19,-0.0009742439865230995,2.620842729372107
2017-07-20,-0.00011273795992413611,2.6205472609095155
2017-07-21,-0.002372848021673352,2.6143291005257647
2017-07-24,5.12982281336835e-05,2.61446321097638
2017-07-25,-0.005275743282081406,2.6006699742548225
2017-07-26,0.014954762476250329,2.6395623759989193
2017-07-27,0.0035945816600540404,2.6490504985062535
2017-07-28,0.004651115987021709,2.661371539630284
2017-07-31,-0.002253415011028965,2.655374365052956
2017-08-01,0.005625335064894402,2.6703117355791104
2017-08-02,-0.00021944920825107703,2.669725737782954
2017-08-03,0.006144229442743679,2.6861291452650904
2017-08-04,0.0031411246164333765,2.6945666116462017
2017-08-07,0.0003258552559967246,2.69544465033924
2017-08-08,0.00047932392831270023,2.69673664145759
2017-08-09,0.0012724670228253313,2.7001681499030896
2017-08-10,0.0016722318188037598,2.7046834569994784
2017-08-11,0.00044863887175013465,2.705896883134068
2017-08-14,-0.0008324035402475355,2.703644484989003
2017-08-15,0.0021097881697471725,2.709348602138635
2017-08-16,0.0017310591791887702,2.7140386449059895
2017-08-17,0.0033296585863644913,2.7230754669837256
2017-08-18,-0.0004273556293657119,2.7219117453537227
2017-08-21,-0.0003176996166857982,2.721046995035571
2017-08-22,-0.00031542505679634235,2.7201887086326164
2017-08-23,-0.00019687034576276673,2.719653184141008
2017-08-24,0.00038475443707388035,2.720699582770908
2017-08-25,-0.00013858761097180553,2.72032252751556
2017-08-28,-4.12182679331905e-05,2.720210400532756
2017-08-29,0.00012138708688067246,2.720540598948979
2017-08-30,0.0008845363662506327,2.7229470160446105
2017-08-31,-0.0004504123755026488,2.721720567010746
2017-09-01,-0.0011943677459761773,2.7184698317519485
2017-09-05,0.0015878152461619892,2.7227862595970356
2017-09-06,-5.7454453544657284e-05,2.7226298234003714
2017-09-07,0.0005610588636679875,2.724157378995277
2017-09-08,0.0018098483075893281,2.7290876906172583
2017-09-11,0.00019026773388678892,2.72960694794773
2017-09-12,0.00018371031289678968,2.7301084048942226
2017-09-13,0.001557053046595318,2.7343593285035985
2017-09-14,0.0009324039679810568,2.736908855991381
2017-09-15,0.0006623960409351541,2.73872177358199
2017-09-18,0.000736369789260785,2.7407384855572468
2017-09-19,0.0009293077487636561,2.74328547506921
2017-09-20,0.004644785694815353,2.756027448200606
2017-09-21,0.00013565086359990393,2.7564013057040593
2017-09-22,-0.001039480940007356,2.7535360790837684
2017-09-25,-0.0005314921027704648,2.7520725964030417
2017-09-26,0.0027489348424116515,2.7596378646521402
2017-09-27,-0.007471403237901792,2.739019497374742
2017-09-28,0.0061761674352833985,2.7559361403990343
2017-09-29,0.0022511702193181984,2.7621402217646436
2017-10-02,-0.00030100388808272475,2.761308806818463
2017-10-03,-8.222377433097572e-05,2.7610817615862726
2017-10-04,0.0009503075227186456,2.763705638355149
2017-10-05,-0.0007126901348807902,2.7617359726109787
2017-10-06,0.0020007649962656584,2.7672615572739065
2017-10-09,8.639124232593179e-05,2.7675006244376803
2017-10-10,-0.0005151072654036233,2.7660750647590233
2017-10-11,0.0003465709540682743,2.7670337060332413
2017-10-12,0.0010964590374493196,2.7700676451471486
2017-10-13,-0.0016040728174611496,2.7656242549350396
2017-10-16,0.00047982415621025535,2.7669512682595587
2017-10-17,-0.0003963321949327072,2.7658546363901375
2017-10-18,-0.0006052419949850241,2.76418062501217
2017-10-19,0.0010502027395641093,2.7670835750772076
2017-10-20,-0.0005944085532340656,2.765438796932668
2017-10-23,0.0009929367539467575,2.7681847027549327
2017-10-24,0.0005730864267933523,2.7697711118349386
2017-10-25,0.0005320558391598297,2.7712447847281267
2017-10-26,-5.910179002983433e-05,2.771080999200738
2017-10-27,0.0017192757455485527,2.7758452515516145
2017-10-30,0.0007680394640186064,2.777977210250815
2017-10-31,0.0022047155491664518,2.784101859801485
2017-11-01,0.000486523832789657,2.785456391709192
2017-11-02,-0.0002357484390443675,2.7847997247128204
2017-11-03,0.0004487154364446261,2.7860493073367056
2017-11-06,-0.00011013603256820453,2.7857424629194565
2017-11-07,0.00020318010765993947,2.786308470372985
2017-11-08,0.0005671445171496615,2.7878887099450442
2017-11-09,0.001790599831236615,2.7928807029985783
2017-11-10,-0.008091411771961618,2.770282355200651
2017-11-13,0.0008339694738652895,2.772592686118876
2017-11-14,0.00896649478602806,2.79745312398274
2017-11-15,5.679031985067115e-05,2.7976119922404186
2017-11-16,-0.002511649982901081,2.790585370127944
2017-11-17,0.00021574369986612554,2.7911874213404877
2017-11-20,0.005697207242992916,2.8070893945338993
2017-11-21,0.002728698161715367,2.814749094204535
2017-11-22,-3.020355761355294e-05,2.8146640787681005
2017-11-24,0.000216641646335114,2.8152738522280054
2017-11-27,-1.5830229886760713e-06,2.815269395584778
2017-11-28,0.003012878435029356,2.823751460035534
2017-11-29,0.0009241856786271202,2.826361130694901
2017-11-30,0.0012356749021134499,2.8298535942084095
2017-12-01,0.0007954117038428754,2.832104492877405
2017-12-04,0.0004650913962200532,2.8334216803102383
2017-12-05,0.0008161256741706075,2.835734108489291
2017-12-06,0.000385316194475182,2.836826762764517
2017-12-07,0.00047257595975360545,2.8381673788945854
2017-12-08,-0.0022992149744382974,2.8316418219570685
2017-12-11,0.0012534940210707159,2.835191268050705
2017-12-12,0.0017042483716698056,2.8400231381526533
2017-12-13,0.00017301849444617673,2.840514514680209
2017-12-14,-0.00021165490087444834,2.8399133058621717
2017-12-15,-0.00014157714009434288,2.839511239058212
2017-12-18,-3.3845996710623e-06,2.839501628449406
2017-12-19,0.00031668417277958124,2.8404008536737178
2017-12-20,-0.00493756727647874,2.826376183366536
2017-12-21,0.0007710079948287555,2.8285553420003047
2017-12-22,0.0011316942556502411,2.8317564018326356
2017-12-26,-0.0001532902238103997,2.8313223212600223
2017-12-27,-5.0221070420780114e-05,2.8311801292223424
2017-12-28,0.0017765779655691716,2.836209941456476
2017-12-29,-0.00016315133767983797,2.8357472100105867
2018-01-02,-0.0014390696972521023,2.8316663721315933
2018-01-03,0.0007699054154708489,2.833846487406304
2018-01-04,-0.0013926995171296497,2.8298997907716736
2018-01-05,0.000172750253394369,2.83038865667761
2018-01-08,-0.0005665403217255363,2.8287851273774476
2018-01-09,0.0020973422792437673,2.8347180580239923
2018-01-10,0.0018213168645148548,2.8398809778292162
2018-01-11,0.00024487477973874684,2.8405763930581465
2018-01-12,-0.0006494709609135697,2.8387315211785986
2018-01-16,0.00010067600059789381,2.839017313314922
2018-01-17,0.00037578815680223027,2.8400841823982224
2018-01-18,0.004378213145009348,2.8525186762985317
2018-01-19,-0.0009645031254560528,2.84976741311982
2018-01-22,0.0005254786390546664,2.8512649050216887
2018-01-23,0.0006277096081857502,2.8530546713980534
2018-01-24,-8.046135181899364e-05,2.8528251107623794
2018-01-25,-0.0007269307140459244,2.8507513045675648
2018-01-26,-0.0006727174356773202,2.848833554460202
2018-01-29,0.001986187622418644,2.8544918724044015
2018-01-30,0.0012261894737260366,2.85799202029118
2018-01-31,0.001735989804926652,2.8629534653009676
2018-02-01,0.0008929149187218904,2.8655098391617413
2018-02-02,0.0016812997623946986,2.8703276201734638
2018-02-05,0.002566565517970796,2.87769450406868
2018-02-06,-0.0009789519014693367,2.8748773795620743
2018-02-07,0.00592913041095772,2.89192290246101
2018-02-08,0.03770578312834323,3.0009651202450938
2018-02-09,0.006713530056653068,3.0211121897788265
2018-02-12,0.001415324393918206,3.025388043557784
2018-02-13,-0.00045100542532482,3.0240235771364268
2018-02-14,-0.0003285053506940891,3.0230301692107124
2018-02-15,0.00030837820238152565,3.023962405820039
2018-02-16,0.000542831904917291,3.025603909093188
2018-02-20,0.004142973973836966,3.0381389073437006
2018-02-21,0.0015735806896714458,3.0429196640608365
2018-02-22,0.0011568248022693708,3.046439788999535
2018-02-23,-5.7396306157194646e-06,3.0464223035604534
2018-02-26,-0.0021037397553984095,3.0400134238487206
2018-02-27,0.0018892615610489004,3.0457568043554706
2018-02-28,0.0010316712204096923,3.048899023994891
2018-03-01,0.0012736462603961027,3.0527822428351277
2018-03-02,-0.0006112563931291465,3.0509162101723635
2018-03-05,-0.0012454029179146842,3.047116590221902
2018-03-06,0.0018247604626886673,3.0526768481009414
2018-03-07,0.0006467667484896494,3.0546512179801777
2018-03-08,0.0012643468296056255,3.058513356563182
2018-03-09,-0.0006840921331924848,3.056421051636693
2018-03-12,0.0011134697449356982,3.059824284005475
2018-03-13,0.0006738423784131342,3.0618861232785357
2018-03-14,8.393881142391221e-06,3.061911824386726
2018-03-15,-0.0004646950071324352,3.0604889692496537
2018-03-16,0.0006901684158997417,3.0626012220734395
2018-03-19,0.002110637196719699,3.069065262131467
2018-03-20,-0.0002125843738348142,3.068412826814458
2018-03-21,0.0,3.068412826814458
2018-03-22,0.0005314413305897267,3.070043508209939
2018-03-23,0.0008195910682687226,3.072559688448464
2018-03-26,-0.0004107020404644322,3.0712977819149696
2018-03-27,0.0004375168499661122,3.072641526445821
2018-03-28,-0.0006359641516246928,3.0706874365842083
2018-03-29,-0.0034130075229758883,3.0602071572624387
2018-04-02,0.00047797218688475665,3.0616698511697162
2018-04-03,-0.002815006943980592,3.0530512292784975
2018-04-04,0.002427376606898696,3.0604621344121115
2018-04-05,-0.0020242992403146105,3.054266843238409
2018-04-06,0.0088155429022248,3.0811918636298197
2018-04-09,0.014622033390660477,3.126245153942846
2018-04-10,0.011250877593583068,3.1614181554973895
2018-04-11,0.00826683358709238,3.187553073288099
2018-04-12,0.0010619116486967988,3.1909379730274625
2018-04-13,0.012661547029910276,3.2313401842424763
2018-04-16,-6.121451835721405e-05,3.23114237930945
2018-04-17,0.000878829624407379,3.233982002953065
2018-04-18,5.7141918286245045e-05,3.234166798888417
2018-04-19,-0.00013246027362556366,3.2337384002692855
2018-04-20,0.0004258870606010106,3.235115607611329
2018-04-23,0.0008269157817656292,3.237790775763099
2018-04-24,0.0006269724953627724,3.2398207815252418
2018-04-25,-7.976303178217151e-05,3.2395623635972766
2018-04-26,-0.00012257547153659854,3.2391652727129863
2018-04-27,0.0009064581801872958,3.2421014405714152
2018-04-30,0.00042332714900927875,3.2434739101310512
2018-05-01,0.001907339261755606,3.2496603152643244
2018-05-02,-0.0008097954597109363,3.2470287550954207
2018-05-03,-0.0011382119448305789,3.2433329481811626
2018-05-04,0.0,3.2433329481811626
2018-05-07,-0.00010322713754632819,3.2429981482048125
2018-05-08,8.457289280359594e-05,3.243272417939563
2018-05-09,-0.00010606844660136379,3.242928409072287
2018-05-10,-0.0019943412053654,3.2364609033200242
2018-05-11,-0.00017557046534296842,3.235892676373164
2018-05-14,-0.001693999836387363,3.2304110747088206
2018-05-15,0.0012980528389069561,3.234604318975183
2018-05-16,8.594491015371664e-05,3.2348823167527607
2018-05-17,0.0005750831178190189,3.2367426429612567
2018-05-18,-0.00013091666153634149,3.236318899420188
2018-05-21,0.0,3.236318899420188
2018-05-22,0.0,3.236318899420188
2018-05-23,0.0005124113380925648,3.237977225917934
2018-05-24,0.0,3.237977225917934
2018-05-25,0.0,3.237977225917934
2018-05-29,0.0,3.237977225917934
2018-05-30,0.0,3.237977225917934
2018-05-31,0.0,3.237977225917934
2018-06-01,0.0007599435066906896,3.240437905685583
2018-06-04,-5.513187576321568e-06,3.2404200405435795
2018-06-05,0.00028840343979357185,3.2413545888296484
2018-06-06,-2.6246441954714605e-05,3.241269514804578
2018-06-07,0.0004599195489277842,3.2427602380177807
2018-06-08,6.858458109853254e-05,3.2429826413703084
2018-06-11,0.0,3.2429826413703084
2018-06-12,0.00362852932719795,3.254749898992115
2018-06-13,0.00504121025853007,3.2711577775718634
2018-06-14,-7.493765745591362e-05,3.2709126446708434
2018-06-15,0.0002837975947776639,3.2718409218121285
2018-06-18,0.0018110549654971274,3.277766405559893
2018-06-19,0.0020836512404574666,3.2845961275967674
2018-06-20,0.0017701709895897048,3.290410424374358
2018-06-21,0.00024467703648990333,3.291215512245829
2018-06-22,-0.0006126720761674017,3.289199076404827
2018-06-25,0.0028230011944733848,3.2984844893263787
2018-06-26,-6.178541909935916e-05,3.298280691079813
2018-06-27,-0.0009719352585364688,3.2950749757836024
2018-06-28,0.00026658641939742724,3.2959533980230424
2018-06-29,5.6746397027747554e-05,3.2961404315031517
2018-07-02,0.0011086957175545432,3.2997948482840176
2018-07-03,3.1320906661436987e-05,3.2998982008504623
2018-07-05,0.0027730567000841364,3.3090490056659263
2018-07-06,0.0004538172944653257,3.3105507093329307
2018-07-09,0.0014285200699242016,3.3152798974637148
2018-07-10,-0.0009696387386219062,3.3120652736457594
2018-07-11,0.0005047028029532495,3.3137368822729325
2018-07-12,-0.0011843131316437302,3.3098123801684447
2018-07-13,0.0003081461410293776,3.310832286080925
2018-07-16,9.44136073881854e-05,3.311144873700511
2018-07-17,-0.0026875428961811556,3.302246029816971
2018-07-18,0.002295630378333504,3.30982676611975
2018-07-19,0.0016025371244301413,3.3151308863878897
2018-07-20,-0.0006605663956039039,3.3129410223273132
2018-07-23,-6.503881798703163e-05,3.31272555255916
2018-07-24,-0.0008231908309134468,3.309998547258961
2018-07-25,-0.0015105147943682174,3.304998745483989
2018-07-26,0.003649411432132294,3.3170600456889416
2018-07-27,-0.000846868678451902,3.3142509314317037
2018-07-30,0.0012589167353422317,3.318423297394407
2018-07-31,-0.001983253655764244,3.3118420222584763
2018-08-01,0.001121233393577188,3.315555370128085
2018-08-02,0.0005627446172793589,3.317421181065916
2018-08-03,2.617741580162056e-05,3.317508022579562
2018-08-06,0.0016872019782610509,3.323105328678155
2018-08-07,-0.0014479470457338355,3.318293648134833
2018-08-08,-0.0007791896029240935,3.3157080682247573
2018-08-09,0.0002993463832514062,3.3167006134428982
2018-08-10,0.0008231409932411448,3.319430725680131
2018-08-13,-0.0002301392179753522,3.3186667944888
2018-08-14,0.00014520024481823738,3.31914866571983
2018-08-15,0.0008656167834411214,3.3220217765116136
2018-08-16,-0.00019426544418481555,3.321376422475608
2018-08-17,0.000663687318506778,3.323580777887193
2018-08-20,0.0020931163866849973,3.3305374192758603
2018-08-21,0.0003809567546068291,3.331806210002205
2018-08-22,-0.00018874629764918546,3.331177343915582
2018-08-23,0.0026090314060503053,3.339868490224981
2018-08-24,0.0011190371283372616,3.3436059270693064
2018-08-27,0.0016390576625930709,3.349086289984761
2018-08-28,-0.0014336252158911472,3.3442849554292433
2018-08-29,8.335682312549512e-05,3.3445637243987543
2018-08-30,0.0011837402596705769,3.348522819130359
2018-08-31,0.0006098080711641122,3.3505647753719416
2018-09-04,-0.010155257950646961,3.316538925797688
2018-09-05,0.000798589462001601,3.3191874788341478
2018-09-06,-4.9544335704298444e-05,3.3190230318954312
2018-09-07,0.0002098695335933928,3.3197195937111212
2018-09-10,0.0005667944722483623,3.321601192426251
2018-09-11,0.000342695201847459,3.3227394892173465
2018-09-12,0.02495821932811639,3.4056691501594263
2018-09-13,-0.0007627054128740507,3.4030716278641417
2018-09-14,0.0006453508920261364,3.4052678031748127
2018-09-17,0.0005852398914590778,3.4072607017343315
2018-09-18,-0.002029141845266247,3.400346886466711
2018-09-19,-0.0016290323888391246,3.3948076112553682
2018-09-20,-0.002317409413003516,3.386940452141709
2018-09-21,0.004139166953230187,3.400959564133773
2018-09-24,-0.0017909966935766453,3.3948684567994216
2018-09-25,0.000572348699958342,3.3968115053472
2018-09-26,0.0007051751647762368,3.399206852460197
2018-09-27,0.001413685111456788,3.404012260578282
2018-09-28,0.00024055634047733576,3.4048311173106263
2018-10-01,-3.1694871102143806e-05,3.4047232016272386
2018-10-02,-0.0003547752600871765,3.4035152900678565
2018-10-03,-0.00026066687063502485,3.402628106388036
2018-10-04,0.0007355209124347493,3.4051308105175226
2018-10-05,-0.0006419646074563063,3.402944837053411
2018-10-08,-7.643709414151492e-05,3.402684725838543
2018-10-09,0.0016098535573675304,3.408162549949034
2018-10-10,0.0013672715217128175,3.4128224335449473
2018-10-11,-5.168519564075303e-05,3.4126460411497823
2018-10-12,0.00231397343528894,3.4205428134330464
2018-10-15,0.00011354320180349197,3.42093119281599
2018-10-16,0.0023484281091234113,3.4289650037885764
2018-10-17,0.022134237389873312,3.5048625291840008
2018-10-18,0.0034164475830059547,3.516836708300599
2018-10-19,-0.0003116219969112875,3.5157407846227477
2018-10-22,0.00043146808035349405,3.517257714550109
2018-10-23,0.002390999315249374,3.525667475337154
2018-10-24,0.008319696781574796,3.55499995968462
2018-10-25,-0.0046428758668707725,3.5384945361650737
2018-10-26,0.0017395122263049935,3.5446497906734464
2018-10-29,0.011528514115624272,3.5855143358201698
2018-10-30,-0.006307211734443127,3.5628997377272706
2018-10-31,0.0011480346595598417,3.566990070114718
2018-11-01,-0.004012924107825842,3.5526760096699794
2018-11-02,0.021817398100851145,3.6301861564962925
2018-11-05,-0.0013806751398911057,3.625174048716841
2018-11-06,0.0003287814370474861,3.626365938650125
2018-11-07,-0.0022841093729282385,3.6180829222199864
2018-11-08,0.002894429530553319,3.6285552082740504
2018-11-09,0.0016489351875702478,3.6345384606370144
2018-11-12,0.002718197942216727,3.644417855601625
2018-11-13,5.287599259152826e-05,3.644610557813158
2018-11-14,0.0005851998754622321,3.6467433834576988
2018-11-15,-0.0002241701468491668,3.6459258924579077
2018-11-16,-0.0017355336114786473,3.639598265526587
2018-11-19,0.0030224504770859847,3.6505987710406287
2018-11-20,0.0013297061667536334,3.6554529947388246
2018-11-21,-0.0006702958685322824,3.653002759698837
2018-11-23,0.001107189826095664,3.657047327189075
2018-11-26,-0.0008231518195129108,3.6540370220276546
2018-11-27,-0.00028405440967652757,3.6529990766984266
2018-11-28,-0.002021545096737037,3.645614374326542
2018-11-29,0.001652840285447152,3.6516399926296343
2018-11-30,-7.708308683602781e-05,3.6513585129469885
2018-12-03,0.0013318556743614,3.6562215955015844
2018-12-04,0.00402903271397525,3.670952631919403
2018-12-06,0.004547687586952247,3.6876469776358727
2018-12-07,0.0013512830890475716,3.6926300326351296
2018-12-10,0.0002447948356000959,3.6935339693969005
2018-12-11,-0.0004008330192811022,3.6920534790241297
2018-12-12,0.001091915637906371,3.6960848899538625
2018-12-13,0.00034697306031251045,3.6973673318393048
2018-12-14,0.0010808843330548544,3.7013637582618384
2018-12-17,0.0009613431618213135,3.704922039000257
2018-12-18,-0.0008881605312031554,3.7016314734740323
2018-12-19,0.001207628489745582,3.7061016690999384
2018-12-20,0.0003531406944600589,3.7074104444171043
2018-12-21,0.0012840695505230318,3.7121710172800713
2018-12-24,0.00011937784402997504,3.712614168252785
2018-12-26,-0.000843385748782344,3.709483002372553
2018-12-27,-0.002205614081964324,3.701301314425713
2018-12-28,0.0005505956667076129,3.7033392348906147
2018-12-31,-0.00046663672048494827,3.701611120815202
2019-01-02,0.0004979241752004871,3.703454242479447
2019-01-03,0.0024683456293440693,3.712595647572347
2019-01-04,-0.006245202860993891,3.6894097346124153
2019-01-07,-0.005472296452362649,3.669220190810383
2019-01-08,0.0021788873789176304,3.67721500837461
2019-01-09,0.0015319774490508548,3.6828484188427506
2019-01-10,-0.0006864427240173875,3.680320354341977
2019-01-11,0.005221386411386682,3.699536729029688
2019-01-14,-0.0007516725474076258,3.69675588883235
2019-01-15,-0.0007667707144755926,3.693921324678228
2019-01-16,0.0003900641778088852,3.6953621910626295
2019-01-17,-0.0133146277777326,3.646159818984724
2019-01-18,0.017375923614279698,3.7095152134848584
2019-01-22,0.00437760143114493,3.7257539925922636
2019-01-23,-0.0003455636472485251,3.724466507453833
2019-01-24,0.0008098031928169305,3.727482592323109
2019-01-25,-0.0017050223517733273,3.7211271511873525
2019-01-28,0.004375730664919318,3.7374098013708665
2019-01-29,-0.0003019180065075684,3.7362814100541346
2019-01-30,-0.012695258613889083,3.688848351299231
2019-01-31,0.0067770134770326436,3.7138477262907155
2019-02-01,0.0034929532115790508,3.726820022633578
2019-02-04,-3.0571084892054076e-05,3.726706089702289
2019-02-05,0.001529434040219575,3.7324058408537732
2019-02-06,0.0003229406748195501,3.733611186514719
2019-02-07,-0.009626571662661863,3.697669310867219
2019-02-08,0.0005247445579796887,3.699609642715305
2019-02-11,0.0004196228698253804,3.701162083530815
2019-02-12,-0.002189611639709474,3.693057975952265
2019-02-13,0.007003692189542709,3.71892301725397
2019-02-14,0.0016008319054501225,3.724876387873903
2019-02-15,0.005035659448576618,3.7436335968512795
2019-02-19,-0.000697679956381017,3.7410217387267215
2019-02-20,-0.0011769870188968502,3.736618604702829
2019-02-21,0.002634208736624035,3.7464616380767692
2019-02-22,0.0007645460874664426,3.7493259806640036
2019-02-25,0.00260058651713305,3.759076427257655
2019-02-26,-0.000542072050737677,3.757038736989852
2019-02-27,-0.001506173739200795,3.7513799839070376
2019-02-28,-5.972743673636125e-05,3.7511559235963747
2019-03-01,0.0036891763239258074,3.76499459921706
2019-03-04,-0.0012568534402168858,3.760262552802636
2019-03-05,0.0016584999764147506,3.766498948157772
2019-03-06,0.0006349824399864605,3.76889060885008
2019-03-07,-0.0005946408325477631,3.7666494726006516
2019-03-08,0.0003114516947301146,3.767822601962347
2019-03-11,-0.0009355336457423666,3.7642976771470225
2019-03-12,0.0021354212133559637,3.772336038260189
2019-03-13,0.0013321565349834648,3.7773613803657113
2019-03-14,0.0011903159135266495,3.7818576337279017
2019-03-15,-0.0012956643764737237,3.776957615514985
2019-03-18,0.0007273205581056774,3.7797046744358433
2019-03-19,0.0012552201037407573,3.784449035729398
2019-03-20,0.0016310456123305042,3.790621644724213
2019-03-21,0.001565330975304342,3.7965552222003587
2019-03-22,-0.0003813760203532226,3.7951073070786645
2019-03-25,0.00031288071290285695,3.7962947229584465
2019-03-26,-0.0004163467427433639,3.7947141480160487
2019-03-27,0.0003933500670193766,3.7962067990804904
2019-03-28,0.000813973783439284,3.7992968118914563
2019-03-29,0.0007827186468805052,3.8022705923511575
2019-04-01,0.00037051659186745645,3.8036793966923934
2019-04-02,0.00020279446059030484,3.804450761803904
2019-04-03,-8.117076782975505e-06,3.8044198807849536
2019-04-04,4.737285479524421e-05,3.804600107015546
2019-04-05,-8.268485848928552e-05,3.804285524194089
2019-04-08,3.981796693658105e-05,3.8044370031093084
2019-04-09,0.00045429158894002425,3.8061653268404734
2019-04-10,-0.0028543434190521724,3.7953012238879817
2019-04-11,0.0003815691016182366,3.796749393566351
2019-04-12,-0.0003513510593236649,3.795415401644935
2019-04-15,0.023035193677560004,3.88284353050862
2019-04-16,0.02360729040908771,3.974506945346384
2019-04-17,0.00010734183213561036,3.974933576203733
2019-04-18,-0.0002046777838083755,3.97411999560857
2019-04-22,0.0002041988800800242,3.9749315064609774
2019-04-23,0.0001418367547467011,3.9754952978461944
2019-04-24,0.002442918277768131,3.985207107972484
2019-04-25,0.0002213780394228052,3.986089345308741
2019-04-26,-0.0006687490483804814,3.9834236518523065
2019-04-29,0.0008797034287029873,3.986927883296817
2019-04-30,-0.000310127049130843,3.985691429117273
2019-05-01,-0.00030211103072830535,3.9844873077714573
2019-05-02,1.4588239215296331e-05,3.9845454344254536
2019-05-03,-0.00018805302521478687,3.983796128602404
2019-05-06,-0.00015111859854534707,3.9831941029145597
2019-05-07,-5.639798729813563e-07,3.983191856473255
2019-05-08,-0.0009568212644250285,3.979380653804697
2019-05-09,0.0010308126895457253,3.9834826498791718
2019-05-10,-0.0010908144993464527,3.9791374092467886
2019-05-13,0.001968538939177331,3.986970496181228
2019-05-14,0.00011427357275893885,3.987426101544311
2019-05-15,-4.4303432998339555e-05,3.9872494448791853
2019-05-16,-0.0006392061535893229,3.9847007704981228
2019-05-17,0.0010819423611754624,3.989011987058333
2019-05-20,0.0006355475386279691,3.991547193808265
2019-05-21,-0.0010650374623039176,3.9872960465143055
2019-05-22,0.00029435726367627583,3.9884697360680246
2019-05-23,0.002115597094054991,3.996907731051376
2019-05-24,-0.0005371510824815786,3.994760787737063
2019-05-28,0.0007884933228319568,3.9979106299445046
2019-05-29,0.0003822530515617045,3.999438843482672
2019-05-30,-8.598358593479464e-05,3.9990949573891825
2019-05-31,0.006126878118558113,4.023596924777647
2019-06-03,-0.0017183834762060828,4.016682842307195
2019-06-04,-0.0008805227321302857,4.013146061756786
2019-06-05,-0.0011444177504347731,4.0085533461686245
2019-06-06,-0.0005001581272522043,4.006548435634014
2019-06-07,-0.00036789292292759034,4.0050744548191775
2019-06-10,-0.0010281526483123219,4.000956626911767
2019-06-11,1.889824415834715e-05,4.001032237966969
2019-06-12,0.002147659105953087,4.0096250912860505
2019-06-13,0.0003513551226882067,4.011033893601932
2019-06-14,0.0014431240469546043,4.016822313066939
2019-06-17,-0.0016142933208013197,4.010337983636109
2019-06-18,-0.00011908994786421313,4.00986039269472
2019-06-19,-0.00036459875251988646,4.008398402597765
2019-06-20,-0.004015055157556868,3.992304461917872
2019-06-21,0.002971208951872355,4.004166432673722
2019-06-24,0.0005938274911055015,4.006544216780406
2019-06-25,6.695551845956923e-05,4.0068124770256714
2019-06-26,-0.0012759563267268842,4.001699959295602
2019-06-27,0.00035680080763764844,4.003127769073002
2019-06-28,0.0013788640751298503,4.008647538141931
2019-07-01,-0.0029088411723638347,3.9969870191374888
2019-07-02,2.828101341857096e-05,3.997100057981011
2019-07-03,0.0006281173831049369,3.9996107060094386
2019-07-05,0.002889881302036109,4.011169106204159
2019-07-08,0.0012438214402411734,4.016158284338889
2019-07-09,0.0005704565562775862,4.018449328163239
2019-07-10,-0.0012380767509433802,4.013474179475196
2019-07-11,0.020759554452770265,4.096792115248799
2019-07-12,-0.0009288652130747475,4.092986747567745
2019-07-15,0.0013463332449219888,4.0984972716970205
2019-07-16,0.0015161453256773928,4.104711189177805
2019-07-17,0.0020072518649524905,4.1129503783673735
2019-07-18,-0.00017909926827247037,4.112213751964167
2019-07-19,-0.0002106387555412871,4.111347560376934
2019-07-22,-0.0036292124867691655,4.096426606473366
2019-07-23,0.0007015903775121006,4.099300619962652
2019-07-24,0.003064080146616465,4.111861205607292
2019-07-25,0.0011816621263035676,4.116720036262576
2019-07-26,-0.00048250945989229937,4.114733679901351
2019-07-29,0.0017523610933707302,4.121944179111593
2019-07-30,-0.0005073154940118303,4.1198530529640776
2019-07-31,0.0016846162155409207,4.126793424222746
2019-08-01,-0.0004191004358399798,4.125063883300033
2019-08-02,-0.0015622587771574048,4.118619466042013
2019-08-05,0.0007607430361697231,4.121752677119438
2019-08-06,0.001536254582327502,4.128084738556883
2019-08-07,-0.0005380040309686362,4.125863812327359
2019-08-08,0.000991237660084618,4.129953523918519
2019-08-09,0.0018791932595848973,4.137714504743066
2019-08-12,0.0006087076619922807,4.14023316326524
2019-08-13,-0.0010827745933016067,4.135750223985712
2019-08-14,0.0026318927984537196,4.146635075216422
2019-08-15,-0.00028247778754129205,4.145463742914634
2019-08-16,-0.0004021467636885225,4.1437966580864325
2019-08-19,-0.000669470448974011,4.1410225086772865
2019-08-20,0.0017594605895563378,4.1483084745817695
2019-08-21,0.001137109780837041,4.153025556722145
2019-08-22,-0.0012494793838546223,4.147836436908399
2019-08-23,0.0013020553690326782,4.153237149610945
2019-08-26,-0.0010349894683392884,4.148938592901582
2019-08-27,0.0006351317432902485,4.151573715502896
2019-08-28,0.001621211791791831,4.158304295764962
2019-08-29,0.0030085808081836327,4.170814890263788
2019-08-30,0.0017305202988785043,4.1780325700942536
2019-09-03,0.002300337265300928,4.187643454110883
2019-09-04,-0.0011258158988153646,4.182928938531675
2019-09-05,0.002091479099581559,4.191677446981649
2019-09-06,-0.002984309559223459,4.179168183907441
2019-09-09,-0.0012772876970774177,4.173830183802118
2019-09-10,-0.0026550665656751736,4.162748386830299
2019-09-11,0.0006051431382949105,4.165267445453038
2019-09-12,0.0023836379203860535,4.175195934884569
2019-09-13,-0.00044878337545805653,4.173322176359713
2019-09-16,0.00032859434048140704,4.174693506407871
2019-09-17,0.00036096894303011334,4.176200441110353
2019-09-18,0.0002442304759053065,4.1772203965315615
2019-09-19,-3.5487568017422954e-05,4.177072157138616
2019-09-20,0.0014051618767905905,4.18294161969043
2019-09-23,0.0003728430969556866,4.1845012005983
2019-09-24,0.00038003880835777034,4.186091473448147
2019-09-25,0.000418832947618976,4.187844746478973
2019-09-26,0.0001995661373762619,4.18868049847896
2019-09-27,0.0008161316751701731,4.192099013310937
2019-09-30,0.0007739233416373953,4.195343376587794
2019-10-01,0.0007280835015198196,4.198397936883498
2019-10-02,0.0013200178416355104,4.20393989706647
2019-10-03,0.0011706226849235377,4.208861124476031
2019-10-04,-0.0009436367318621857,4.204889488519669
2019-10-07,0.0015692734373476086,4.211488109900984
2019-10-08,0.0020024662268030213,4.219921472605644
2019-10-09,-0.0004260626751084929,4.218123521574277
2019-10-10,0.003037502008286663,4.230936080242261
2019-10-11,-0.0008586899333296651,4.227303018021595
2019-10-14,0.0004675107283240054,4.229279327534397
2019-10-15,-6.62207172093635e-05,4.228999261624049
2019-10-16,0.0005461934349932675,4.231309113257339
2019-10-17,0.0002450161939378976,4.232345852511644
2019-10-18,0.0006520097486239555,4.23510538326703
2019-10-21,0.0002766090668974103,4.236276851815306
2019-10-22,-0.00037478593349446373,4.234689154840858
2019-10-23,0.0015272178369109615,4.241156447651904
2019-10-24,-0.00023486014136245588,4.240160369049068
2019-10-25,-0.00019616183623662268,4.239328611405138
2019-10-28,0.00043152047941557073,4.241157968519931
2019-10-29,0.0008109656617566152,4.244597401998486
2019-10-30,-0.0019464315283459891,4.2363355837901
2019-10-31,0.0011166491234054358,4.2410660842061905
2019-11-01,-0.00028974537226010945,4.239837254934843
2019-11-04,0.0006728868925498046,4.242690185850233
2019-11-05,-0.000141685869370799,4.242089056602779
2019-11-06,-0.0003681848994741051,4.240527183469914
2019-11-07,-0.0017916970416337148,4.232929443460324
2019-11-08,-0.00020562420195036527,4.2320590507216
2019-11-11,-2.4650130852043068e-05,4.231954729912226
2019-11-12,-0.00022349193598999727,4.231008922156615
2019-11-13,0.00029794049166849136,4.2322695110351365
2019-11-14,0.00045545539288702804,4.234197121008089
2019-11-15,0.0001519648754064334,4.234840570246029
2019-11-18,0.001190056375533861,4.23988026926602
2019-11-19,-3.9870543246526766e-05,4.239711222936384
2019-11-20,0.0035452841365840684,4.254742203878758
2019-11-21,-0.000151825243632088,4.254096226607062
2019-11-22,0.0006277384856994341,4.256766686530372
2019-11-25,2.8244426133971045e-05,4.256886916462619
2019-11-26,0.0007656442996133424,4.260146177664308
2019-11-27,-6.351601621746932e-05,4.259875590150599
2019-11-29,-0.00011317738238874971,4.259393468582004
2019-12-02,0.0006842690690835551,4.262308039785611
2019-12-03,0.0010064929825961372,4.266598022917319
2019-12-04,-0.0011304489608150114,4.261774851616097
2019-12-05,-0.00016925327740773414,4.261053532254887
2019-12-06,-5.3270703311960845e-05,4.260826542936374
2019-12-09,0.0016073230190535334,4.26767506751903
2019-12-10,0.00043899552379300655,4.269548557770674
2019-12-11,0.0017177232893748275,4.276882460763474
2019-12-12,0.0,4.276882460763474
2019-12-13,0.00023192540845380107,4.277874378475095
2019-12-16,0.0009618623007670045,4.281989104567168
2019-12-17,0.0,4.281989104567168
2019-12-18,0.0004714337985044875,4.284007778955889
2019-12-19,0.0006599677154959454,4.286835085782934
2019-12-20,0.0,4.286835085782934
2019-12-23,0.0,4.286835085782934
2019-12-24,0.0,4.286835085782934
2019-12-26,0.0,4.286835085782934
2019-12-27,0.0,4.286835085782934
2019-12-30,0.0013668258751371545,4.292694442900627
2019-12-31,0.0,4.292694442900627
2020-01-02,-0.00014259584681757795,4.292082322501413
2020-01-03,-5.262257259655439e-05,4.291856462087806
2020-01-06,0.00013653703199296803,4.292442459430879
2020-01-07,0.00019823805858313034,4.293293384890617
2020-01-08,-0.0007438812732726236,4.290099684340932
2020-01-09,-0.0013679940539502837,4.284230853481899
2020-01-10,0.0032144050001445034,4.298002106559105
2020-01-13,-0.0015519313310678566,4.29133190242894
2020-01-14,4.3492531985840684e-05,4.291518543318968
2020-01-15,0.002564079627247166,4.302522338585846
2020-01-16,-0.0006460246934955978,4.299742802910803
2020-01-17,-0.0009619027055104902,4.295606868675684
2020-01-21,0.005842827899978571,4.320705360335321
2020-01-22,0.0018578716796069806,4.328732676460214
2020-01-23,0.0020511231115995995,4.337611440096838
2020-01-24,0.0026693133653909575,4.349189884287761
2020-01-27,0.0007789713099960957,4.352577778429347
2020-01-28,0.0006746379194370096,4.355514192445975
2020-01-29,0.003021503610686647,4.368674394304848
2020-01-30,0.0010278953204542838,4.373164934271342
2020-01-31,0.009989099551531174,4.416848914155044
2020-02-03,0.00025329569696132183,4.417967682979128
2020-02-04,-0.0010196022100451545,4.413463113365655
2020-02-05,0.0017084502006015103,4.421003295307032
2020-02-06,-0.0022168743957699188,4.411202486298052
2020-02-07,0.005541190242922675,4.435645798474683
2020-02-10,0.001077079560797151,4.440423341903156
2020-02-11,-0.0006374057736557288,4.437592990427551
2020-02-12,-0.0030209744415302976,4.424187135421556
2020-02-13,0.003738887015063724,4.440728671254395
2020-02-14,-0.0019417181139140855,4.432106027954443
2020-02-18,0.0025008026160838856,4.443189850303914
2020-02-19,-0.0012039323192072026,4.437840550442759
2020-02-20,0.0005360200443356942,4.440219321931362
2020-02-21,0.0035445557982122225,4.455957927074247
2020-02-24,0.005079757802752073,4.478593114123038
2020-02-25,0.004928139459119192,4.500664245570087
2020-02-26,0.0017522090040302631,4.508550349985293
2020-02-27,0.0026326489985786863,4.520419780549223
2020-02-28,0.0007236064472687043,4.52369078544679
2020-03-02,-0.0007633377524032115,4.52023768149006
2020-03-03,0.00047240368162977664,4.522373058412637
2020-03-04,0.0028077150972021284,4.535070593523923
2020-03-05,0.004204162221141984,4.5541367659834275
2020-03-06,0.0036425727405113204,4.5707255404237594
2020-03-09,0.005308052863909181,4.594987193218748
2020-03-10,-0.0039888163872688525,4.576658633003147
2020-03-11,0.008929335963437902,4.6175251555272006
2020-03-12,0.017596650508139685,4.698778131901556
2020-03-13,-0.0025625721699111133,4.686737173828159
2020-03-16,0.04494252809365712,4.897370990930518
2020-03-17,-0.016774487579769477,4.81522010206963
2020-03-18,0.030141507178664075,4.96035809334301
2020-03-19,0.009159520548448442,5.005792595226648
2020-03-20,0.008793867717378223,5.049812873129703
2020-03-23,0.027901397430178998,5.190709709050928
2020-03-24,-0.020177811955774887,5.085972544624684
2020-03-25,0.008770026863007735,5.130576660465563
2020-03-26,-0.0021844285422304385,5.11936928237034
2020-03-27,0.017354125102922086,5.208211457344651
2020-03-30,-0.003927249418237753,5.187757511928735
2020-03-31,0.010395677771232533,5.241687767378038
2020-04-01,0.008397914304601194,5.285707012059955
2020-04-02,0.001604058213253227,5.2941855938055005
2020-04-03,0.00170983070241008,5.3032377548780465
2020-04-06,-0.010083193140112627,5.249764184327674
2020-04-07,0.00031644551232647903,5.251425448644577
2020-04-08,0.0017363229969582143,5.26054361941787
2020-04-09,0.002334450291153085,5.272824097001844
2020-04-13,0.0009847880602570904,5.278016711216408
2020-04-14,-0.002470121391880742,5.264979369231328
2020-04-15,0.005968705310739705,5.296404479553394
2020-04-16,0.0001998768549411067,5.297463108223264
2020-04-17,-0.0022105815486706246,5.2857526340214624
2020-04-20,0.0020936590972542237,5.296819198109517
2020-04-21,0.008800953333258286,5.343436256686785
2020-04-22,-0.003406799138132989,5.325232242652836
2020-04-23,-0.00010357317818296326,5.324680691424902
2020-04-24,0.004509499812727321,5.348692338005716
2020-04-27,0.004385359996927331,5.372148279420677
2020-04-28,0.006445286667264851,5.4067733151005966
2020-04-29,-0.00032537046434650955,5.405014110756445
2020-04-30,-0.008164637502856616,5.360884129844294
2020-05-01,0.004258347843942303,5.383712639220241
2020-05-04,0.001659914576028986,5.3926491423032346
2020-05-05,0.004032859579352865,5.414396939054861
2020-05-06,-0.0009733750276937963,5.4091267002843635
2020-05-07,0.011130422747672975,5.469332567154254
2020-05-08,-0.0006225273090636908,5.465927758268849
2020-05-11,0.006841625659150187,5.503323589870883
2020-05-12,0.0011905116065060392,5.509875360478983
2020-05-13,0.0018492988294741522,5.520064766533665
2020-05-14,0.004771251804782474,5.546402385513504
2020-05-15,0.00017553394355768323,5.547375967396791
2020-05-18,-0.0023209755131305635,5.534500643614334
2020-05-19,0.001110738085506594,5.540648024263457
2020-05-20,0.002612682362465845,5.555123977633082
2020-05-21,0.0012539651262126867,5.562089909372822
2020-05-22,0.0006747525051446472,5.565842943473011
2020-05-26,0.00029135201693575676,5.56746456304054
2020-05-27,-3.5012578450084994e-05,5.567269631750758
2020-05-28,-0.001745800032462749,5.557550292246919
2020-05-29,0.0019575987984805066,5.568429746021517
2020-06-01,0.0029349867698082546,5.584773013654697
2020-06-02,-0.005698402799044659,5.552948727481658
2020-06-03,0.0009176202167101504,5.558044225496349
2020-06-04,0.002490573808509305,5.571886944870907
2020-06-05,0.00038841563006689376,5.57405115284926
2020-06-08,0.005257819357960138,5.603358506902971
2020-06-09,0.0009863275566282998,5.608885253807997
2020-06-10,-0.0021245372910680487,5.59696896792496
2020-06-11,0.0017644569987851659,5.606844578992399
2020-06-12,0.0,5.606844578992399
2020-06-15,0.0004955453040984575,5.609623024494328
2020-06-16,-0.0014951515079524018,5.601235788170211
2020-06-17,0.0006847775392368708,5.60507138862992
2020-06-18,0.0020916909815484695,5.6167954659044526
2020-06-19,0.002420410233804748,5.630390415131316
2020-06-22,0.00901074073459721,5.681124403396625
2020-06-23,0.004064668387423347,5.70421629016413
2020-06-24,-0.010375040949836623,5.645034812566951
2020-06-25,0.0014234240653759496,5.6530700909690434
2020-06-26,0.00978479427150591,5.708384218811579
2020-06-29,-0.0016550895380177037,5.698936331812039
2020-06-30,0.0033803770575259245,5.718200885440398
2020-07-01,-0.000654947453348631,5.714455764332743
2020-07-02,0.010378604542882648,5.773763840888549
2020-07-06,-0.003957195539689987,5.750915928370161
2020-07-07,0.007991161902871436,5.796872428643569
2020-07-08,-0.005502138758015816,5.764977232178656
2020-07-09,0.0070239148488928805,5.805469941363285
2020-07-10,0.006296495554353997,5.842024057040015
2020-07-13,-0.0015100476728012642,5.8332023222082325
2020-07-14,0.004923959045766899,5.861924771548458
2020-07-15,-0.0058900009910024505,5.827398028834856
2020-07-16,0.003071055140157844,5.845294289505055
2020-07-17,0.0027057531648411997,5.861110213028311
2020-07-20,0.006846122843382154,5.901236093545305
2020-07-21,0.009913130944089002,5.959735819672604
2020-07-22,0.005482386031701136,5.9924093920830055
2020-07-23,6.16257107425257e-05,5.992778678570852
2020-07-24,0.0007686523656235262,5.997385042078794
2020-07-27,0.0014369029320119096,6.006002702230161
2020-07-28,-3.9181422115063724e-05,6.0057673785030605
2020-07-29,-0.0003651161222305028,6.003574576006803
2020-07-30,0.0013698867736100337,6.011798793412856
2020-07-31,0.0025664460943616743,6.027227750946299
2020-08-03,-0.0014236988746149733,6.018646793580229
2020-08-04,-0.00033300723167443866,6.016642540673073
2020-08-05,0.0004722892307632098,6.019484136150384
2020-08-06,0.0010480737011421787,6.025792999167926
2020-08-07,-0.002478103176356254,6.010860462396623
2020-08-10,-0.0008628521227565881,6.00567397868705
2020-08-11,0.001724697628616326,6.016031950356334
2020-08-12,-0.00023148405865515913,6.014639334863467
2020-08-13,0.0016953821084148123,6.024836446780363
2020-08-14,0.0019543781409098707,6.036611255434508
2020-08-17,-0.0006733777129809015,6.032546335953168
2020-08-18,-0.0008676716892315068,6.027312066283485
2020-08-19,-0.00010345767628963601,6.026688494582834
2020-08-20,-0.001519185939216703,6.017532834161825
2020-08-21,0.0014165624901621948,6.026057045458018
2020-08-24,-0.00021223042184581364,6.024778132829193
2020-08-25,-0.00016415710311085184,6.023789122704022
2020-08-26,-0.00041126044461405455,6.0213117765111575
2020-08-27,-0.0012228876582541196,6.013948388653162
2020-08-28,-0.0012170951554276777,6.00662884120434
2020-08-31,-0.0005760100297638906,6.003168962746737
2020-09-01,-0.0011742952438144887,5.996119469985969
2020-09-02,0.0017871594333814982,6.006835491460437
2020-09-03,0.002668526086377625,6.022864888665979
2020-09-04,-0.0008227146565846722,6.017909789447445
2020-09-08,0.0021743949560923265,6.030995102139839
2020-09-09,0.0016586439551809148,6.040998375709728
2020-09-10,0.0004649423516790253,6.043807091701019
2020-09-11,-0.0013080378376966913,6.035901563341334
2020-09-14,-0.001627687078935788,6.026077004356956
2020-09-15,4.507683823452142e-05,6.02634864085527
2020-09-16,0.00014067284200704826,6.027196384445504
2020-09-17,0.023128595730615084,6.166596973010369
2020-09-18,0.0011601484672830085,6.173751141036959
2020-09-21,0.0014744279082062415,6.182853892017624
2020-09-22,1.2941722697339254e-05,6.182933908798172
2020-09-23,-0.0011545421604552068,6.175795450925157
2020-09-24,0.0013425549776423025,6.184086795848697
2020-09-25,0.0005692518586668244,6.187607098751391
2020-09-28,-2.9564617573735407e-05,6.1874241645138195
2020-09-29,6.174791874176473e-05,6.18780622507835
2020-09-30,-0.0004315909073801334,6.185135624174976
2020-10-01,0.0002742019895281778,6.186831600668627
2020-10-02,0.00032581769803769096,6.1888473798989025
2020-10-05,-0.0010660253468921495,6.182249911723884
2020-10-06,0.0008750409826375555,6.187659633761549
2020-10-07,1.516033587413547e-06,6.187669014461381
2020-10-08,-0.00013283478919540897,6.186847076752234
2020-10-09,0.0003038087111808069,6.188726694788895
2020-10-12,0.0012696733611961073,6.196584356212991
2020-10-13,0.0017168023277911756,6.207222666660092
2020-10-14,0.0006957096639251198,6.211541091455422
2020-10-15,0.00024150620728530513,6.2130412171858165
2020-10-16,-0.003197921301483358,6.193172400330384
2020-10-19,0.00247087900187694,6.208474979969364
2020-10-20,-0.0007273748926831645,6.203959091147083
2020-10-21,-0.00022424474767379537,6.20256788590611
2020-10-22,0.00012407394130352099,6.203337462949918
2020-10-23,-0.0005364081297587275,6.200009942303154
2020-10-26,0.0007808347942557483,6.204851125790836
2020-10-27,-0.0008398322113810991,6.199640091948573
2020-10-28,0.001885997531130386,6.211332597855884
2020-10-29,0.000514978326517908,6.214531299522575
2020-10-30,-0.0010180661190678276,6.208204495760644
2020-11-02,-0.002177920738402447,6.194683518441084
2020-11-03,-0.0016530481651945191,6.184443408216964
2020-11-04,-0.0008455320586537861,6.179214263050387
2020-11-05,-0.0035923596204082064,6.157016303245954
2020-11-06,0.0008266344439549477,6.162105904994209
2020-11-09,-0.007675819897519128,6.114806689878034
2020-11-10,-0.006168370053729569,6.077088299407845
2020-11-11,0.006107052570537225,6.114201397128125
2020-11-12,0.024050113320819223,6.261248633595367
2020-11-13,-0.0008024057424114413,6.256224571737105
2020-11-16,-0.0009661586918927944,6.250180065988689
2020-11-17,0.0019300825513768145,6.262243429477016
2020-11-18,0.0007064394159914054,6.266667325068132
2020-11-19,0.001474158748951028,6.2759053875321476
2020-11-20,0.0006980823692059925,6.2802864864339885
2020-11-23,0.0007656247087846967,6.2850948289462485
2020-11-24,-0.003369315173496491,6.263918363572215
2020-11-25,0.002772906851263236,6.281287625718318
2020-11-27,0.001972014007120147,6.293674412898985
2020-11-30,0.010272316765815328,6.358325030089191
2020-12-01,0.0011786570287095474,6.365819314576726
2020-12-02,0.0010227851447026641,6.372330180005536
2020-12-03,0.001236022813289214,6.380206525481834
2020-12-04,-0.0016471729274213707,6.369697222021704
2020-12-07,0.0026882691538911846,6.386820682583291
2020-12-08,0.019741274701493342,6.512904664147348
2020-12-09,0.0013836993052382467,6.521916565806212
2020-12-10,0.0002316481906318698,6.523427355978133
2020-12-11,0.0010314339936206478,6.530155840708003
2020-12-14,0.00027406660310741487,6.531945538337028
2020-12-15,-0.001100501118228057,6.524757124967883
2020-12-16,0.0014824475783791228,6.534429735367304
2020-12-17,0.00045286345336306965,6.537388939783021
2020-12-18,0.0009073563399921297,6.543320681084528
2020-12-21,0.0023223323166453517,6.558516446160383
2020-12-22,-0.0003803459233364658,6.556021941166951
2020-12-23,0.002703410925435217,6.573745562510094
2020-12-24,-0.0024184465582492423,6.5578473101796355
2020-12-28,0.003267189585389373,6.579273040614027
2020-12-29,-0.0010196877965345237,6.572564236184445
2020-12-30,0.0024444942699219656,6.5886308317984925
2020-12-31,0.0008140110462175822,6.593994050075026
2021-01-04,0.0011402836714885414,6.601513073820219
2021-01-05,-0.0006531042481287801,6.597201597587629
2021-01-06,-0.0010223047200400824,6.59045724725536
2021-01-07,-0.0004433218547967482,6.587535553524548
2021-01-08,-0.0017518788058872958,6.575994989605299
2021-01-11,0.003653133198201151,6.60001797521303
2021-01-12,0.0009833849213721313,6.6065083333706385
2021-01-13,0.0002020604195823564,6.607843247216453
2021-01-14,0.00021022412305702972,6.609232375268398
2021-01-15,0.0060676145160970555,6.649334649568836
2021-01-19,0.0025820216340591102,6.666503375486121
2021-01-20,0.0012180090229586059,6.674623236749047
2021-01-21,5.3027356427201405e-05,6.674977174374439
2021-01-22,0.0006077193853733133,6.6790336874002305
2021-01-25,-0.0004979287101325844,6.675708004771331
2021-01-26,0.003578361405186159,6.699596100647897
2021-01-27,0.0027588887471073696,6.718079540940138
2021-01-28,0.00029442777135946837,6.7200575301271925
2021-01-29,0.00944264026352526,6.783512615934377
2021-02-01,0.002333004051084992,6.799338578347938
2021-02-02,-0.00010016879459051565,6.7986574967985325
2021-02-03,-0.000834320022467554,6.792985240723055
2021-02-04,0.00044181122510387685,6.795986457854371
2021-02-05,0.002630512076877291,6.813863382306051
2021-02-08,0.0003367955204097232,6.816158260969895
2021-02-09,-0.004999035325809988,6.782084045036995
2021-02-10,0.007016590173975942,6.829671149306481
2021-02-11,-0.001417045162002507,6.819993196846289
2021-02-12,-0.00029126102759543263,6.818006798619582
2021-02-16,0.0001549455942245026,6.81906321873442
2021-02-17,0.0014690690468328817,6.829080893437459
2021-02-18,-0.0010143807516555844,6.8221536052276575
2021-02-19,0.00029776211586569906,6.824184984119911
2021-02-22,-0.0004509153580148185,6.821107854304637
2021-02-23,7.191109079251243e-05,6.821598367610854
2021-02-24,-0.0004267198681293783,6.818687456054995
2021-02-25,0.002940645937991278,6.838738801625075
2021-02-26,0.0027258660226632467,6.857380287362293
2021-03-01,-0.0005677099373751936,6.853487284428796
2021-03-02,0.0011007100655372915,6.861030986866799
2021-03-03,8.879621832882054e-05,6.86164022047227
2021-03-04,0.0007108175447176936,6.866517594726522
2021-03-05,0.0003219536943367758,6.868728295433374
2021-03-08,0.00034641657114502315,6.871107736737605
2021-03-09,-0.0006983889631337647,6.866309030929765
2021-03-10,0.001748644493924459,6.878315764410284
2021-03-11,-0.002399572884763817,6.861810744409162
2021-03-12,0.0018153458398082905,6.874267303997577
2021-03-15,0.0033918387887790697,6.897583710483711
2021-03-16,0.00046642036466224153,6.900800883993243
2021-03-17,-0.00042270795100281407,6.897883860591292
2021-03-18,0.0034878896551275044,6.921942918350919
2021-03-19,-0.0012673127098543685,6.913170652113607
2021-03-22,0.0005422603554069677,6.916919390488411
2021-03-23,0.004390669710901268,6.9472892989489745
2021-03-24,0.0007598864205560169,6.95256844974692
2021-03-25,3.0829276414208355e-05,6.952782792401446
2021-03-26,-0.0005111115787888145,6.949229144611446
2021-03-29,0.0014875653115190366,6.959566576828767
2021-03-30,0.0038576837682278327,6.9864143838461
2021-03-31,-0.008434316989876043,6.927488750310112
2021-04-01,0.004909249087402938,6.961497518135566
2021-04-05,-0.0011568892932167785,6.95344383619208
2021-04-06,0.0037053809086262947,6.979208994231911
2021-04-07,-0.0014526182477223352,6.9690708678922215
2021-04-08,-0.0006002646656314028,6.964887580897944
2021-04-09,0.005676769921099318,7.004425645221024
2021-04-12,0.01964852736579229,7.142052294192806
2021-04-13,0.0013596070338323146,7.151762678727989
2021-04-14,-0.0011003237865383631,7.143893424136907
2021-04-15,-0.004239149508350222,7.113609391840271
2021-04-16,0.00023307550860748728,7.115267399967309
2021-04-19,0.021016351491086258,7.264804360598089
2021-04-20,0.0004459690995619144,7.268044238857279
2021-04-21,-0.0009241641014439805,7.261327373284019
2021-04-22,0.0006760564357868408,7.266236440387083
2021-04-23,-0.0009534540397735947,7.259308417899046
2021-04-26,0.0011328678872870041,7.267532255289597
2021-04-27,0.006596065066710254,7.315469370919903
2021-04-28,0.00363007814829822,7.342025096427824
2021-04-29,0.0006962949327245488,7.347137311298403
2021-04-30,0.002201924737957877,7.363315154697324
2021-05-03,-0.001851316740874492,7.349683326083099
2021-05-04,0.002028541095147668,7.364592460746381
2021-05-05,0.0015860075375087057,7.376272759899805
2021-05-06,-0.00019040292050695045,7.374868296023863
2021-05-07,0.004848132821655468,7.410622637065202
2021-05-10,0.0014343807642116892,7.42125229162664
2021-05-11,-0.0016805918365409697,7.408780195608421
2021-05-12,0.004655343006785598,7.443270608680858
2021-05-13,-0.0008852615887569701,7.436681367116268
2021-05-14,0.00026439663555785506,7.438647600649449
2021-05-17,0.00018572237124644554,7.440029123920708
2021-05-18,0.0012744473989206315,7.449511049685582
2021-05-19,-8.589326968877915e-05,7.448871186823942
2021-05-20,0.0007256979309130315,7.4542768172318565
2021-05-21,0.0005271645175727433,7.458206447474067
2021-05-24,2.0803893846531948e-05,7.4583616072092855
2021-05-25,0.000534660947362457,7.462349301891968
2021-05-26,-0.00017931329355145784,7.461011203461014
2021-05-27,-0.0007128927186929719,7.45569230289998
2021-05-28,0.00041006081038994033,7.4587495901277245
2021-06-01,-0.0005617015812419285,7.454559998688862
2021-06-02,-7.347102425623952e-05,7.454012304530378
2021-06-03,0.00023995172967056273,7.455800907675836
2021-06-04,6.981496131848744e-05,7.456321434127804
2021-06-07,0.0010957674151953784,7.4644918281925445
2021-06-08,0.001776870188135716,7.477755261191643
2021-06-09,0.00045897289378822224,7.481187348162912
2021-06-10,-0.0015933454988910295,7.469267231975357
2021-06-11,0.0003405057387180383,7.471810560331862
2021-06-14,0.002171771011229029,7.488037621908186
2021-06-15,-0.004061410527743581,7.457625627078428
2021-06-16,0.004165631466739511,7.488691347057749
2021-06-17,0.003459868626483854,7.514601235302856
2021-06-18,0.002342858960010618,7.5322068861378915
2021-06-21,-0.000514195858240965,7.528333856553625
2021-06-22,0.00024740207318330797,7.530196381957353
2021-06-23,0.002421149873601603,7.548428115975724
2021-06-24,0.002664320269098866,7.568539546004953
2021-06-25,-0.010070018772321086,7.492324210697628
2021-06-28,0.013750335627345938,7.59534618322361
2021-06-29,0.002080465631506965,7.611148039917205
2021-06-30,0.0028706130202748614,7.632996700579831
2021-07-01,-0.0014760626210665773,7.62172991946338
2021-07-02,0.0005646374076279252,7.626033433286747
2021-07-06,-0.00017646201829075067,7.624687728035557
2021-07-07,0.003458032945042202,7.651054149394763
2021-07-08,0.008894477460370009,7.719106278074626
2021-07-09,-0.00039627204271574574,7.716047412061873
2021-07-12,0.002296184046406696,7.733764877030767
2021-07-13,0.006545098835869303,7.784383132524308
2021-07-14,0.001316675230325785,7.794632636978268
2021-07-15,-0.0018956620896235252,7.779856647385806
2021-07-16,0.003735326874019749,7.808916954996807
2021-07-19,0.006253030520835351,7.85774635105107
2021-07-20,-0.0012966473575594126,7.847557625008607
2021-07-21,0.002037120901975049,7.863544048675965
2021-07-22,2.9440232890218204e-05,7.8637755532441
2021-07-23,-0.001205044892285371,7.854299350679585
2021-07-26,0.0007236928372108221,7.859983450860981
2021-07-27,0.001582290755318833,7.872420230012238
2021-07-28,-0.0003820303901961211,7.869412726239978
2021-07-29,-0.000192331697146492,7.867899188734794
2021-07-30,0.0005012841701211322,7.871843242050216
2021-08-02,-9.327259280189122e-05,7.8711090148209
2021-08-03,-0.001034947299295034,7.8629628318035545
2021-08-04,0.0037662227093244295,7.892576500983267
2021-08-05,-0.0022137382271907634,7.875104402672013
2021-08-06,-0.0016989169980110488,7.861725253941202
2021-08-09,0.00013881036600922508,7.862816542901165
2021-08-10,0.004085162673968113,7.894937427554485
2021-08-11,-0.001164605866151343,7.8857429371134575
2021-08-12,0.0023893417513031505,7.904584671953147
2021-08-13,0.004896085421647672,7.943286193729677
2021-08-16,0.0010031317235271993,7.951254356099664
2021-08-17,0.0010509498999800061,7.959610726069923
2021-08-18,0.0019063247694845263,7.974784329152485
2021-08-19,0.0022351222214739043,7.992608946818035
2021-08-20,0.00363232412070333,8.021640693082912
2021-08-23,-0.01381998077059887,7.910781772955852
2021-08-24,-0.0008217354092244576,7.904281203458367
2021-08-25,0.0008349504117665857,7.9108808863039135
2021-08-26,0.0006891465631332102,7.916332642678065
2021-08-27,-0.001565385744520091,7.903940528410337
2021-08-30,-0.00028650165491473696,7.9016760363686
2021-08-31,0.0005729301258736023,7.90620314461473
2021-09-01,-0.0023014805284939837,7.888007172023081
2021-09-02,0.002691175066705937,7.909235180250428
2021-09-03,0.0015527996823443838,7.921516638125907
2021-09-07,0.0011027203795162526,7.930251855959446
2021-09-08,0.002252714793571574,7.948116451632114
2021-09-09,-0.0016825349276247184,7.934743468093414
2021-09-10,0.00026455952542323545,7.936842680059687
2021-09-13,0.002893200196326071,7.9598055548598445
2021-09-14,-0.0006293285581553252,7.954796221906808
2021-09-15,-0.0016829814958206925,7.941408447062314
2021-09-16,0.0012138024168378266,7.951047747828454
2021-09-17,0.00016319462907539388,7.952345316116422
2021-09-20,0.012378705261109194,8.05078505491919
2021-09-21,0.0003539382024852795,8.053634535310124
2021-09-22,0.0003682449370817918,8.05660024545286
2021-09-23,-0.000658876219738398,8.051291943139192
2021-09-24,0.002581292180594596,8.072074680075701
2021-09-27,0.0054490890533849395,8.116060133853008
2021-09-28,0.002388985253426853,8.13544928182871
2021-09-29,0.0008571216912812589,8.142422351876482
2021-09-30,-0.004805325415000229,8.103295362809343
2021-10-01,0.00048031104254885954,8.107187465053135
2021-10-04,0.003034514131460479,8.131788839982239
2021-10-05,-0.004622430338612996,8.09420021254111
2021-10-06,0.00538293140216725,8.137770737040627
2021-10-07,-0.0003510223291707494,8.134914197802255
2021-10-08,0.004055065493286612,8.16790180765661
2021-10-11,-0.0013317137769570224,8.157024500290522
2021-10-12,0.0020265423141971875,8.173555055598303
2021-10-13,-0.0006851806454643987,8.16795469386957
2021-10-14,-0.00037727890498638676,8.164873096866689
2021-10-15,-0.0005784671405436056,8.160149986073442
2021-10-18,0.00026615309749914096,8.162321835268294
2021-10-19,-0.0021655322377442487,8.144646064199176
2021-10-20,0.0026730679519172585,8.166417256573096
2021-10-21,0.0006876064908054351,8.172032538085341
2021-10-22,0.00028344380910998016,8.174348850116107
2021-10-25,-0.00012077191759728194,8.17336161833037
2021-10-26,-0.0005649769086253728,8.168743857750169
2021-10-27,0.0003036625260669403,8.171224399144807
2021-10-28,-0.0006414220779276598,8.165983195411494
2021-10-29,0.0011043778153208145,8.175001526092789
2021-11-01,-0.0009007794482602151,8.167637652728589
2021-11-02,0.00043318130586155276,8.171175720672801
2021-11-03,2.5161134228000363e-05,8.17138131672191
2021-11-04,0.0003984857426922694,8.174637495674725
2021-11-05,-0.0006268421432069891,8.169513288386996
2021-11-08,-0.0012953256179533345,8.158931108538338
2021-11-09,0.0022555274018417693,8.177333801223387
2021-11-10,0.00048446702667875,8.181295449816226
2021-11-11,0.0011600959115166502,8.190786537218466
2021-11-12,0.0014705657229273066,8.202831627143913
2021-11-15,0.0017701767413567605,8.21735208890355
2021-11-16,0.00076437965541208,8.223633265661665
2021-11-17,0.0005244654645332603,8.227946277302491
2021-11-18,8.947916514569199e-05,8.22868250706625
2021-11-19,0.0020990376410273447,8.245954821384643
2021-11-22,-0.00023213608032906084,8.244040637753837
2021-11-23,-5.811464091007754e-05,8.243561538292527
2021-11-24,-0.0002351792479474623,8.241622823689543
2021-11-26,0.0033098849462872173,8.268901647006649
2021-11-29,0.0011596961989623997,8.278491060816275
2021-11-30,0.0006095851731673941,8.283537506223148
2021-12-01,0.0007907924171527719,8.29008806487027
2021-12-02,-0.0005615016879488411,8.2854331664286
2021-12-03,0.006158372046622539,8.336457946434892
2021-12-06,0.000977072709303103,8.344603271986607
2021-12-07,-0.002100494653874903,8.327075477425092
2021-12-08,0.0027303237977438486,8.349811089766716
2021-12-09,0.0021623350653068494,8.367866179074806
2021-12-10,-0.00014065119689576,8.366689228681256
2021-12-13,0.002551453860822127,8.388036450216076
2021-12-14,0.0007317422655079006,8.394174331011321
2021-12-15,0.0001476363010883657,8.395413615860242
2021-12-16,0.0004992005579923037,8.399604611021855
2021-12-17,0.0002689548293522462,8.401863725246638
2021-12-20,0.0018152158777722765,8.417114921683584
2021-12-21,-0.0016878767692974485,8.402907868942767
2021-12-22,0.0015671352428803225,8.416076362006864
2021-12-23,-0.0013982452274376824,8.404308623399936
2021-12-27,0.00019071474573135227,8.405911448982096
2021-12-28,0.0011281986179885737,8.415394986661772
2021-12-29,0.0016608472898821628,8.429371672618657
2021-12-30,-0.002706877313986351,8.406554397666888
2021-12-31,0.00163721574838332,8.420317740916389
2022-01-03,0.0008485510065751324,8.427462810011127
2022-01-04,0.0007297275925406587,8.433612562158702
2022-01-05,-0.00025658963512175206,8.431448584588619
2022-01-06,-0.0015377870973849947,8.418482811742974
2022-01-07,0.0016192236486161156,8.432114218197217
2022-01-10,-0.0009619553113235298,8.424002901139335
2022-01-11,0.0005568431400658307,8.42869374936673
2022-01-12,-0.0015093612966281683,8.415971805240304
2022-01-13,0.0016549522970397167,8.429899837111208
2022-01-14,-0.00145166896664135,8.417662413125779
2022-01-18,0.002134720640673766,8.435631770825301
2022-01-19,-0.00045404293623666414,8.431801631807065
2022-01-20,0.0022604587919272615,8.45086137193747
2022-01-21,0.0008983441818886505,8.458453154082898
2022-01-24,0.0012223372576091725,8.468792236514876
2022-01-25,-0.0003912991685125099,8.465478405154421
2022-01-26,0.003620342909412623,8.496126339873307
2022-01-27,-0.0007715180319762241,8.489571425200147
2022-01-28,0.00082538803108178,8.496578615843521
2022-01-31,-0.0031481202555759097,8.469830364599892
2022-02-01,0.0008981300842264335,8.477437374058633
2022-02-02,-0.0007239520538130895,8.471300115860611
2022-02-03,0.0005216823060683423,8.47571944324045
2022-02-04,0.001440573770843537,8.487929342359411
2022-02-07,0.00494850728373754,8.529931922533928
2022-02-08,0.0017892193051104847,8.545193841401005
2022-02-09,-0.007931895485639162,8.477414256946485
2022-02-10,0.015344445634959038,8.607495479137226
2022-02-11,-0.0025328401148874357,8.585694069298956
2022-02-14,0.004022424104531064,8.620229372077434
2022-02-15,-0.0019406573798499225,8.603500460330512
2022-02-16,0.002186686062113738,8.622313614872507
2022-02-17,0.004285853603535515,8.659267588749621
2022-02-18,0.005359394697962876,8.705676021553007
2022-02-22,-0.0004452114592761757,8.701800154827465
2022-02-23,-0.0042482510903507,8.664832722831706
2022-02-24,0.006141369657829419,8.718046663605872
2022-02-25,0.014103016119676428,8.840997416234798
2022-02-28,0.00379693078706505,8.874566071512863
2022-03-01,0.007399416141555725,8.940232678951718
2022-03-02,-0.002854744292573861,8.914710600737198
2022-03-03,0.0016003107157611654,8.928976907639468
2022-03-04,0.00041621184406254635,8.932693253583787
2022-03-07,0.0027330579724666004,8.957106822096094
2022-03-08,0.0014787274422605095,8.970351941757187
2022-03-09,-0.002738809784881641,8.94578385408527
2022-03-10,0.0022769401088545446,8.96615286814778
2022-03-11,0.001716334635412375,8.981541786861785
2022-03-14,-0.004564517354598468,8.940545383504602
2022-03-15,-0.009949493833795196,8.851591482340657
2022-03-16,-0.019053693292523932,8.68293597308542
2022-03-17,0.016500179704612983,8.826205977004978
2022-03-18,-0.007189982106135936,8.762745713965241
2022-03-21,0.004383245448350244,8.80115497923103
2022-03-22,0.0035126502298335675,8.832070358291627
2022-03-23,0.007270979221253462,8.896288158347415
2022-03-24,0.0006983792505921951,8.902501141404494
2022-03-25,0.007166551097196043,8.966301370727216
2022-03-28,-0.002232414138210721,8.946284872779746
2022-03-29,0.0008308861042467064,8.953718216565171
2022-03-30,0.008179530791284861,9.026955430414054
2022-03-31,-0.0022145100899100467,9.006965146532234
2022-04-01,-0.001712947146910274,8.991536691282162
2022-04-04,0.004312561236154012,9.030313243870443
2022-04-05,0.002133648454661785,9.04958075776834
2022-04-06,0.0016496382555611588,9.064509292383143
2022-04-07,0.002038473585089621,9.082987055137465
2022-04-08,0.007083485551846498,9.14732626271014
2022-04-11,-0.00020255801636918987,9.145473398447283
2022-04-12,5.139783486969192e-05,9.145943455978822
2022-04-13,-0.0036410969429898745,9.1126421892205
2022-04-14,0.0014480646784626931,9.125837884502179
2022-04-18,3.483543163865061e-05,9.126155787003949
2022-04-19,-0.00016457433261796885,9.124653856005935
2022-04-20,0.003908136899390578,9.160314252434757
2022-04-21,0.0004433352348789042,9.164375342505425
2022-04-22,3.3542072595184136e-06,9.164406081719727
2022-04-25,-0.0006319370575925364,9.158614753905862
2022-04-26,0.006170220065475953,9.215125422432376
2022-04-27,-0.0015013435689563575,9.20129035314228
2022-04-28,-0.001010341612880546,9.191993906606305
2022-04-29,-0.0013315630091982737,9.179754187539492
2022-05-02,0.00027239466458591453,9.18225470360239
2022-05-03,-0.00026772825031887973,9.179796354616611
2022-05-04,-5.310228792072979e-05,9.179308886427535
2022-05-05,0.0011702763019674062,9.19005121408576
2022-05-06,0.0034972972141730373,9.22219155459489
2022-05-09,0.00100141311566958,9.231426778172878
2022-05-10,-3.672589656040669e-05,9.231087745747917
2022-05-11,0.007247629081888865,9.297991245751467
2022-05-12,-0.0007760418113463916,9.29077561578323
2022-05-13,-0.0016273394798760807,9.275656369824997
2022-05-16,0.0014899016281823474,9.289476185352859
2022-05-17,0.0037131777414830445,9.323969661554347
2022-05-18,0.0035817784547029804,9.357366055200407
2022-05-19,-0.0013365591612696716,9.344859381873976
2022-05-20,0.000217295376512811,9.346889976611818
2022-05-23,0.003498217758071945,9.379587433110746
2022-05-24,0.0024800752515414188,9.402849515773275
2022-05-25,0.0009007381247829589,9.411319020813728
2022-05-26,-0.0006098709299072968,9.40557933093085
2022-05-27,-0.024125682334447097,9.17866331182137
2022-05-31,-0.004372970803896176,9.138525285139982
2022-06-01,-0.00011587847931209219,9.137466326726786
2022-06-02,0.0048597138379354666,9.181871798278449
2022-06-03,0.00010042818912267785,9.182793917035905
2022-06-06,0.024546996324840732,9.408203925569156
2022-06-07,0.0014312493717983082,9.421669411527377
2022-06-08,9.044949099252851e-05,9.42252159672995
2022-06-09,0.0021330072492608742,9.442619903602093
2022-06-10,0.00317501675721918,9.47260038002808
2022-06-13,0.00549840227848204,9.524684547540776
2022-06-14,-0.0067505057590848735,9.460388109649136
2022-06-15,-0.0026792692329108336,9.435041182855558
2022-06-16,0.00759718718849792,9.506720956852899
2022-06-17,-0.0347810914035546,9.17606682630451
2022-06-21,-0.0009076511990590306,9.16773815824697
2022-06-22,-0.0006673253693947224,9.161620293994003
2022-06-23,0.03451643552598122,9.477846770185169
2022-06-24,0.0014674456952124824,9.491754995627959
2022-06-27,0.00047358364387820067,9.496250135545589
2022-06-28,0.004513177470022115,9.539108397707029
2022-06-29,0.03784835895449231,9.900147996449256
2022-06-30,0.0022926795564080895,9.92284586336613
2022-07-01,-0.0006558805105360554,9.916337662155295
2022-07-05,0.005767189957966159,9.973527065140278
2022-07-06,0.00027523770799184853,9.97627215587028
2022-07-07,-0.005436011990368825,9.922041020811786
2022-07-08,0.001659832062424894,9.938509942622824
2022-07-11,0.004455073443727787,9.98278673433843
2022-07-12,-5.274704250940093e-05,9.98226017186219
2022-07-13,0.00270062885297913,10.009218551700267
2022-07-14,-0.008491699727336485,9.924223273253943
2022-07-15,0.0015165157795736198,9.939273514447844
2022-07-18,-0.004099726721445494,9.898525209228907
2022-07-19,-0.0005159469292855143,9.893418095542751
2022-07-20,0.005802773092152677,9.950827355856982
2022-07-21,-0.003811006774081098,9.9129046853961
2022-07-22,0.004613449712663812,9.958637372668603
2022-07-25,-0.007596902535824584,9.88298257515882
2022-07-26,0.007749274745708867,9.95956852244078
2022-07-27,0.0007607733171311577,9.967145496422791
2022-07-28,0.006122755737208243,10.028171893694605
2022-07-29,-0.006766184303198914,9.960319434437709
2022-08-01,-0.001660143152930146,9.943783878327629
2022-08-02,0.010042898748501606,10.043648292994655
2022-08-03,-0.000737873950244872,10.036237346553834
2022-08-04,0.0017077995271184466,10.053377227948328
2022-08-05,0.0034177390090840603,10.087737047473325
2022-08-08,-0.0011725327753761908,10.075908845155785
2022-08-09,0.0005545229109967157,10.08149616745954
2022-08-10,-0.0010880080618097879,10.070527418354239
2022-08-11,-0.00365101904048688,10.033759731002082
2022-08-12,-0.00041889229689476813,10.029556666341872
2022-08-15,0.0040687785289000265,10.07036471116027
2022-08-16,0.008269797853168203,10.153644591629245
2022-08-17,0.003102976448374077,10.18515111166223
2022-08-18,0.00029656786999287735,10.188171700232973
2022-08-19,0.005934142598963946,10.248629763924884
2022-08-22,0.0010065261653499956,10.258945277941258
2022-08-23,-0.001461302399911004,10.243953856586046
2022-08-24,0.0001840467918828877,10.245839223429549
2022-08-25,-0.0005383764226601347,10.240323105161288
2022-08-26,0.0025787979372634876,10.26673082926179
2022-08-29,-4.9279928563242384e-05,10.266224885499946
2022-08-30,0.0009667147671567766,10.276149396699712
2022-08-31,8.201567179084425e-05,10.276992201995906
2022-09-01,-0.00027792513027539317,10.274135967599328
2022-09-02,0.000568818376184856,10.27998008493712
2022-09-06,0.003048560021727787,10.311319221248217
2022-09-07,0.00012760114027670448,10.312634957338606
2022-09-08,0.00018754481953908877,10.314569038600654
2022-09-09,0.0007343123759735668,10.322143154298532
2022-09-12,-0.0044115569386992265,10.27660643204394
2022-09-13,0.0016194194534538864,10.29324856841548
2022-09-14,-0.0009088015291334787,10.283894048376753
2022-09-15,0.0006570473614842738,10.290651053827021
2022-09-16,0.0005452173592431772,10.296261695419481
2022-09-19,0.0,10.296261695419481
2022-09-20,0.001526010100315589,10.311973894762184
2022-09-21,0.00029660124850502766,10.315032439093923
2022-09-22,0.0005187708021059114,10.3203835767461
2022-09-23,0.0009240823110230119,10.329920460652342
2022-09-26,0.002554025103231785,10.356303336823236
2022-09-27,0.0002748934115569092,10.359150216378612
2022-09-28,-0.0014480683197487616,10.344149459130756
2022-09-29,0.004564146508122203,10.391361672764143
2022-09-30,0.00023924936206116756,10.393847799415298
2022-10-03,0.002120641708050101,10.415889426565863
2022-10-04,-0.006062365549722238,10.352744497336534
2022-10-05,0.001947954602115986,10.37291117362465
2022-10-06,0.0011365703594703976,10.38470071700601
2022-10-07,0.0029706491065041164,10.415550018912295
2022-10-10,0.0012211075593968473,10.428268525775666
2022-10-11,-9.119788253295706e-05,10.42731748976763
2022-10-12,0.00016533516229449052,10.429041491997097
2022-10-13,0.01928195253820127,10.630133775064717
2022-10-14,0.005000250174954576,10.683287103333276
2022-10-17,-0.0034794937076975505,10.646114673079701
2022-10-18,0.001339484224397817,10.660374975735422
2022-10-19,0.0025909757342087152,10.687995748615117
2022-10-20,-0.001041816064658293,10.67686082294521
2022-10-21,-0.001040399227319279,10.665752625194823
2022-10-24,0.0028838519966619867,10.696511077198895
2022-10-25,-0.0009861349839247351,10.685962873419731
2022-10-26,-0.003187681043607483,10.651899432135439
2022-10-27,0.002308203693172643,10.676486185743999
2022-10-28,0.0024018274682825846,10.70212926352966
2022-10-31,0.004079522575033761,10.74578884146116
2022-11-01,-0.005761987592370537,10.683871739486426
2022-11-02,0.0008699971488138308,10.693166677438072
2022-11-03,-0.0032236603652343737,10.658695539841169
2022-11-04,-0.007766679769267158,10.575912864825106
2022-11-07,0.005037903350426989,10.629193291680634
2022-11-08,-0.0024783346274104417,10.602850593884423
2022-11-09,0.008661466821056549,10.694686832511971
2022-11-10,-0.012578161983174817,10.560167329173309
2022-11-11,-0.02245575549681484,10.323030793623941
2022-11-14,0.0023914613401969692,10.347717922680555
2022-11-15,-0.004519389337800828,10.300952556630222
2022-11-16,0.008825299172160642,10.391861544700717
2022-11-17,-0.0018777912902620795,10.372347797602469
2022-11-18,0.0026171409310333927,10.399493693574488
2022-11-21,0.0014302220980327081,10.41436727926339
2022-11-22,-0.0009491208546828637,10.404482786090314
2022-11-23,-0.00010990355383453845,10.403339296456313
2022-11-25,0.001741136975524575,10.4214529351743
2022-11-28,-0.001121020056210518,10.409770277419115
2022-11-29,-0.0002702175223060538,10.406957375086975
2022-11-30,-0.003569331311084111,10.36981149627496
2022-12-01,0.004783841464662934,10.419419030491579
2022-12-02,-0.00980993255265157,10.31720523256464
2022-12-05,0.011207071847965527,10.432830892876199
2022-12-06,-0.002019510814088553,10.411761678066478
2022-12-07,-0.0005004926643042581,10.40655066772412
2022-12-08,-0.004292249508387699,10.361883155736571
2022-12-09,0.004802334399645923,10.411644383660477
2022-12-12,-4.029477922865162e-05,10.41122484874863
2022-12-13,-0.0004141074968793104,10.406913482487067
2022-12-14,0.000476595861862403,10.41187337438758
2022-12-15,0.0006847442822258293,10.41900284514795
2022-12-16,-0.00024170794786943208,10.416484489351404
2022-12-19,0.0027725254161240624,10.445364457344795
2022-12-20,-0.0006549417987228087,10.438523351558786
2022-12-21,-0.0019942453948721146,10.417706374435674
2022-12-22,0.0012138855206177432,10.43035227736165
2022-12-23,0.0007859857487567476,10.438550385606167
2022-12-27,-0.0001898899578481632,10.436568209713448
2022-12-28,0.000701704774671292,10.443891599457388
2022-12-29,0.0017024596397310532,10.46167190338719
2022-12-30,-0.0004237502661750592,10.457238767133493
2023-01-03,0.00046255802524959263,10.462075846847181
2023-01-04,-0.0018972688396961066,10.442226476344421
2023-01-05,0.0060885634687884976,10.505804635001107
2023-01-06,0.0008718466180186798,10.514964085241697
2023-01-09,0.002191313860814051,10.53800567178765
2023-01-10,-0.0012808656175100793,10.524507902645531
2023-01-11,5.5537864190371153e-05,10.5250924113361
2023-01-12,0.0012885624438429852,10.538654650135324
2023-01-13,-0.000207619527752024,10.536466619633721
2023-01-17,0.004067491111195263,10.579323603952487
2023-01-18,0.0018862902968931772,10.599279279414317
2023-01-19,-0.0003429230201686553,10.595644542552208
2023-01-20,-0.001796164232754588,10.576613024801894
2023-01-23,0.0007970723415557932,10.585043350511302
2023-01-24,-1.5562330193708992e-05,10.584878622571567
2023-01-25,-0.00025187485587390264,10.582212557794065
2023-01-26,-0.0010130583289647546,10.571492159223517
2023-01-27,0.0015964101137469293,10.588368596223898
2023-01-30,0.0019966281526851274,10.609509631054125
2023-01-31,4.994206827729489e-06,10.609562617139563
2023-02-01,-0.0015227342111365453,10.593407073177248
2023-02-02,0.0013343791415463353,10.607542694613604
2023-02-03,0.002689917867310751,10.636076113236108
2023-02-06,0.0026618206996909997,10.664387440797807
2023-02-07,-0.0005903088247812678,10.658092158780617
2023-02-08,0.0010305325919528787,10.669075670118277
2023-02-09,-0.0008579429761636918,10.65992221158494
2023-02-10,0.000853921946246094,10.669024953106687
2023-02-13,-0.00022683048840627278,10.666604892965754
2023-02-14,0.0005267449478788466,10.672223473204143
2023-02-15,0.0004171105097906951,10.676674969777652
2023-02-16,1.502220673388353e-06,10.676691008499516
2023-02-17,0.0007632253183817264,10.684839729393742
2023-02-21,-0.00016551363695654775,10.683071242709833
2023-02-22,-3.7459211241404084e-05,10.682671063287446
2023-02-23,0.0015952688029017411,10.699712795166368
2023-02-24,0.0003534223473601105,10.703494312778513
2023-02-27,0.0001295710899677419,10.704881176203084
2023-02-28,-6.603239947850191e-05,10.704174307212886
2023-03-01,0.000555308625004428,10.710118427529233
2023-03-02,-0.0013190146296304655,10.695991624638246
2023-03-03,-0.0019908691372572357,10.674697305020393
2023-03-06,0.001123621769864906,10.686691627299032
2023-03-07,0.0003904059584023814,10.690863775385939
2023-03-08,-0.0012674083779977204,10.677314085068982
2023-03-09,0.05340872239643827,11.247575788978013
2023-03-10,0.00029640966609160974,11.250909679161964
2023-03-13,0.00019542079199073493,11.253108340842083
2023-03-14,-0.0008380584828601157,11.243677577938495
2023-03-15,0.0007022451354824519,11.251573395822536
2023-03-16,-7.965051716276218e-05,11.250677202182665
2023-03-17,-0.0007645262279251658,11.242075764379678
2023-03-20,-0.0005472799688991521,11.235923201504987
2023-03-21,0.0017960477910909294,11.256103456551918
2023-03-22,-0.00045348234851630697,11.250999012321298
2023-03-23,0.0005613019060098665,11.257314219511429
2023-03-24,-0.00014291868370570085,11.255705338981114
2023-03-27,0.0003474561575508735,11.259616203108722
2023-03-28,0.0008413573296720225,11.2690895637305
2023-03-29,-0.0003566361096027719,11.265070599469725
2023-03-30,0.0004977948042684166,11.270678293083858
2023-03-31,-0.0003465764937163933,11.266772140919235
2023-04-03,0.0005129492449215901,11.272551423181623
2023-04-04,-0.0005854164093410586,11.265952286603351
2023-04-05,0.02175478573824892,11.511040664735743
2023-04-06,0.00031992025403880644,11.514723279789456
2023-04-10,0.0007259547914533924,11.523082448326678
2023-04-11,9.420481925903565e-05,11.524167978226028
2023-04-12,0.00044268681187802425,11.529269575407858
2023-04-13,0.00015876354746214061,11.531100003145298
2023-04-14,-0.0012613305237039985,11.516555474739446
2023-04-17,-0.00012184667653384995,11.515152220729732
2023-04-18,0.00012805175724747223,11.516626756206568
2023-04-19,0.0008393223790525607,11.526292918774248
2023-04-20,0.00017225550598696778,11.528278386193124
2023-04-21,0.00024553825072757917,11.53110901950197
2023-04-24,-0.00028386073875378653,11.527835790377045
2023-04-25,0.0016104315884199528,11.546400581279988
2023-04-26,-3.427531509263694e-05,11.54600482476188
2023-04-27,-0.0014893799248067168,11.528808436964159
2023-04-28,-0.004064359514436214,11.48195121470327
2023-05-01,0.0012807902439616972,11.496657185800707
2023-05-02,0.005233145147339361,11.556820861563203
2023-05-03,-0.00042181492430037036,11.55194602204633
2023-05-04,0.002878807729414858,11.58520185354438
2023-05-05,0.0004592882433723714,11.590522800552808
2023-05-08,-0.0016718125386023682,11.571145619205888
2023-05-09,-0.00018036385772107023,11.569058602743755
2023-05-10,0.0034784579096448325,11.609301086147614
2023-05-11,-0.00014222117230723472,11.607649997737475
2023-05-12,-0.0013607083608158856,11.591855371336129
2023-05-15,-0.00011620314233485969,11.590508361316488
2023-05-16,0.004422495540869025,11.641767332860814
2023-05-17,-0.0022182371392548647,11.615943132196499
2023-05-18,0.0032401451721154407,11.653580474255852
2023-05-19,0.006067195207480515,11.724285021859245
2023-05-22,-0.0008228789338470988,11.714637354700338
2023-05-23,0.004176605413023573,11.76356477248759
2023-05-24,0.002281935547049019,11.79040846910194
2023-05-25,-7.43263494791374e-05,11.789532131081565
2023-05-26,0.00030574480868575756,11.793136719327478
2023-05-30,0.0013454773511365433,11.80900411768219
2023-05-31,0.0010122794892092192,11.820958130338505
2023-06-01,0.0004910648115719726,11.82676298691538
2023-06-02,-0.0038287623202668893,11.781481122420352
2023-06-05,0.001632419219198396,11.800713438635213
2023-06-06,-0.0013493540256299943,11.784790098451486
2023-06-07,0.0011695870323850679,11.798573436130015
2023-06-08,0.00115430266329568,11.812192560870429
2023-06-09,0.00035617361229046247,11.816399752163905
2023-06-12,0.009432858682194298,11.927862181158384
2023-06-13,0.0003954676450579062,11.932579264725742
2023-06-14,-0.0031906723502782572,11.894506313998278
2023-06-15,0.0036483071980535657,11.93790112700093
2023-06-16,0.0002579253387757224,11.940980214193385
2023-06-20,0.00756391393295702,12.031300760808687
2023-06-21,0.00034391397417072277,12.035438493267781
2023-06-22,-0.0026896182226164625,12.003067758579109
2023-06-23,0.0029995489009518035,12.039071547282404
2023-06-26,0.003997992935069621,12.087203670273237
2023-06-27,0.004142371611147195,12.137273359615131
2023-06-28,-0.0011746053009950373,12.123016853987302
2023-06-29,0.0016926005563433428,12.143536279058921
2023-06-30,0.001818464049265314,12.16561886321334
2023-07-03,0.001630317377055788,12.185452683048673
2023-07-05,0.001114676512805382,12.19903552095237
2023-07-06,0.00228510110022536,12.226911550442987
2023-07-07,-0.00167769455846941,12.206398527467922
2023-07-10,0.001683887928457687,12.22695273459827
2023-07-11,0.0002689575196683709,12.230241265478869
2023-07-12,-0.0029070156146919724,12.194687763148671
2023-07-13,-0.0012317156501534658,12.179667375382067
2023-07-14,0.005889138499446149,12.251395123432879
2023-07-17,0.0006792430332085266,12.259716798217555
2023-07-18,0.0010464292332089933,12.272545724266074
2023-07-19,0.0021579960618092866,12.299029829607413
2023-07-20,0.0022562718956360465,12.326779784955546
2023-07-21,-0.0008122764462053508,12.316767032078667
2023-07-24,0.0005176261586139377,12.323142512884026
2023-07-25,-0.006673435574654836,12.240904815247005
2023-07-26,0.0012628360168546661,12.25636307072659
2023-07-27,0.008013041144970142,12.354573812300014
2023-07-28,-0.00032742668439391005,12.350528595159552
2023-07-31,0.008708642996367028,12.458084939511219
2023-08-01,0.00910666190419609,12.571536507029105
2023-08-02,0.007541787253406115,12.666348360813545
2023-08-03,0.0005116612935321429,12.672829241000167
2023-08-04,0.001693060074348527,12.694285102217142
2023-08-07,0.002172096082989292,12.721858309164016
2023-08-08,0.002767734410764857,12.757069034175164
2023-08-09,-8.427736810081181e-05,12.755993901972284
2023-08-10,-0.0012573274119589502,12.739955441172553
2023-08-11,0.0034682510005238252,12.784140804378028
2023-08-14,-0.00022676657020233147,12.781241788614835
2023-08-15,0.005201930106315468,12.847728915071128
2023-08-16,0.009064358320717288,12.964185333564773
2023-08-17,-0.0035088797972124496,12.918695565560508
2023-08-18,0.0031614559541479916,12.959537452576074
2023-08-21,0.0031686207073087793,13.000601311305449
2023-08-22,-0.0019443149711341494,12.97532404754213
2023-08-23,0.0032270205490604054,13.017195684874265
2023-08-24,0.004254053621749313,13.072571533322522
2023-08-25,0.00028329471097972227,13.076274923696815
2023-08-28,0.0032579907456590177,13.11887730638591
2023-08-29,0.0005765301455048161,13.12644073462822
2023-08-30,0.0035478728720572793,13.173011677617275
2023-08-31,0.00031988091170158855,13.177225472602567
2023-09-01,0.00025408463768673476,13.180573603162491
2023-09-05,-0.0042329076807771805,13.124781451920615
2023-09-06,0.0009577467001986515,13.137351668047021
2023-09-07,0.006134607883208039,13.217944169154299
2023-09-08,-4.501426633987153e-05,13.217349173095004
2023-09-11,-8.912724397413324e-05,13.216171147190561
2023-09-12,0.0011548758800168021,13.231434184474626
2023-09-13,0.0001479262212945104,13.233391460535842
2023-09-14,0.0005552755846011103,13.240739639715345
2023-09-15,-0.0007843056135765191,13.230354853288011
2023-09-18,-0.0009074170121541161,13.218349404217301
2023-09-19,0.0007386257483496145,13.228112817437939
2023-09-20,-0.0013440114271160884,13.210334082652123
2023-09-21,0.0005372890851267902,13.21743185096561
2023-09-22,0.0012613170350295757,13.234103222918575
2023-09-25,0.0007260486021736529,13.243711825064597
2023-09-26,0.0023170096147388905,13.274397632698104
2023-09-27,-1.681108665646938e-05,13.274174475649188
2023-09-28,0.0001425596923688297,13.276066837878886
2023-09-29,-0.001331510878565857,13.258389610459684
2023-10-02,0.007863818116389023,13.36265117487256
2023-10-03,0.011293374334911697,13.513560596697245
2023-10-04,0.0062675679439452014,13.598257755901665
2023-10-05,-0.0007814677609861923,13.587631155859848
2023-10-06,0.00590672507114925,13.667889557465694
2023-10-09,1.5660967909765272e-05,13.66810360984545
2023-10-10,0.015997407637204093,13.886757834919687
2023-10-11,0.028577406449123325,14.283605357828733
2023-10-12,0.0031758591388452483,14.328968076440054
2023-10-13,0.001949198702650897,14.356898082424978
2023-10-16,-0.00039145952113183596,14.351277937976693
2023-10-17,0.0008998960517682377,14.36419259633091
2023-10-18,0.001769315829006124,14.38960738966249
2023-10-19,0.0015778787520720162,14.412312445413296
2023-10-20,0.0018327473790114301,14.43872657327312
2023-10-23,0.0006377305203075278,14.447934589883273
2023-10-24,-0.000932375683281495,14.434463686998024
2023-10-25,0.0075414491711396315,14.54332046120618
2023-10-26,0.003286139241444936,14.59111183727466
2023-10-27,0.00101682563906333,14.605948453893241
2023-10-30,-0.0020892541611178903,14.57543291530887
2023-10-31,-0.0013223468548379687,14.556159137435408
2023-11-01,-0.007552299274151173,14.446226667347327
2023-11-02,-0.007194357495457164,14.342295348242024
2023-11-03,-0.00010344401620270652,14.340811723609637
2023-11-06,0.0008141633079458934,14.352487486321161
2023-11-07,0.002430541164228655,14.387371797965741
2023-11-08,0.005908560645118654,14.472380456757891
2023-11-09,-0.0009016830377982951,14.45933095678347
2023-11-10,-0.0010521754336180228,14.44411720396419
2023-11-13,0.0074142669802639925,14.551209745208604
2023-11-14,-0.006698624871837613,14.453736649694024
2023-11-15,-0.002377059195717545,14.41937926207839
2023-11-16,0.016547503323050137,14.657983988333953
2023-11-17,-0.0035501336693935597,14.605946185851536
2023-11-20,0.00775526927962206,14.719219231606484
2023-11-21,0.0008267449531210573,14.731388271820096
2023-11-22,0.0010136257054369174,14.746320385649186
2023-11-24,-0.00023833399513367107,14.742805836198155
2023-11-27,0.0029036978979060167,14.785614490513959
2023-11-28,0.001007742698021057,14.800514585552529
2023-11-29,0.0017052558538872443,14.825753249690086
2023-11-30,-0.0011435849352415906,14.808798741620132
2023-12-01,0.002048928092151951,14.83914090537286
2023-12-04,0.0006419963642312557,14.848667579882424
2023-12-05,0.0013369431014239202,14.868519403568683
2023-12-06,0.0017131746093537379,14.89399177348956
2023-12-07,0.00011578699917140377,14.895716304102697
2023-12-08,7.979175608591031e-05,14.89690485946476
2023-12-11,9.957269302349107e-05,14.898388184399332
2023-12-12,0.0007700227160214784,14.909860281733424
2023-12-13,-0.0018199819620557057,14.882724604963899
2023-12-14,-0.0010416119523359772,14.867222581132044
2023-12-15,0.0015058125294591016,14.88960983117297
2023-12-18,0.0026989588887767727,14.929796275977232
2023-12-19,0.0016050186414541161,14.953758877313286
2023-12-20,0.0032659129713371623,15.002596552400952
2023-12-21,-0.0034045020399592115,14.951520181833617
2023-12-22,-4.058346122617431e-05,14.950913397394045
2023-12-26,3.168441640694674e-05,14.951387108359793
2023-12-27,0.007595067678474047,15.064943905334848
2023-12-28,6.697474467848458e-05,15.065952876106502
2023-12-29,-0.000394983148232598,15.060002078608374
2024-01-02,0.0022647612219209834,15.094109387318055
2024-01-03,0.0011318753557397149,15.111194037750398
2024-01-04,0.0020594318569308622,15.142314512148005
2024-01-05,0.00846989380999273,15.27056830810341
2024-01-08,0.0006055879054833306,15.279815979580656
2024-01-09,0.0014130862793107555,15.301407677891794
2024-01-10,0.0017246075617846231,15.327796601279037
2024-01-11,0.00045998385867439815,15.334847140304667
2024-01-12,0.0018067097813585836,15.362552758628693
2024-01-16,0.004257703519304998,15.427961953574615
2024-01-17,0.0045912110884952515,15.49879498356875
2024-01-18,-0.001121148654804148,15.481418530421836
2024-01-19,-0.0015614199776710022,15.457245534245748
2024-01-22,0.0014132626803809497,15.479090682500782
2024-01-23,-0.0017109509372152064,15.452606717790319
2024-01-24,-0.0013608716082969287,15.4315777040339
2024-01-25,0.0031473958414130567,15.480146987526018
2024-01-26,-0.00010437701753955643,15.478531215952387
2024-01-29,-0.0007604402262567729,15.466760718172406
2024-01-30,0.0007078527023191203,15.477708906542889
2024-01-31,0.003185209621830521,15.527008653875901
2024-02-01,-6.688934766033959e-05,15.525970062395928
2024-02-02,0.0019313083502599522,15.555955498023318
2024-02-05,0.0010876819231575778,15.57287542961596
2024-02-06,0.0015848994129420934,15.59755687074218
2024-02-07,-0.00030747275298568773,15.592761046991281
2024-02-08,0.002129422379568423,15.625964621324009
2024-02-09,0.0012314099372684195,15.64520658943811
2024-02-12,0.0,15.64520658943811
2024-02-13,0.0034110362894397886,15.698572956870466
2024-02-14,-0.001318727721495925,15.677870813524315
2024-02-15,-0.007043830216660283,15.567438553355116
2024-02-16,0.0030089292497966877,15.61427987456272
2024-02-20,-0.0008520514725846912,15.60097570440225
2024-02-21,0.0021716186367331945,15.634855073993151
2024-02-22,0.00012824910034286947,15.636860230090383
2024-02-23,0.002136578563240899,15.67026961045439
2024-02-26,-0.00019041928427167355,15.667285688930823
2024-02-27,-0.001660804810178991,15.6412653854962
2024-02-28,0.005413425206649454,15.72593820579794
2024-02-29,-4.6481628557220776e-05,15.725207238579543
2024-03-01,-0.000516921600404547,15.717078539287083
2024-03-04,0.0007376223291961824,15.728671807367391
2024-03-05,0.004258241301131598,15.795648287269467
2024-03-06,-0.001667833709250959,15.769303772596487
2024-03-07,-0.006226299579437875,15.671119363149142
2024-03-08,0.003442165417735637,15.725061948278181
2024-03-11,0.003669807049793358,15.78276989147441
2024-03-12,-0.002865057870803895,15.737551342373754
2024-03-13,0.00217239728456397,15.771739556175612
2024-03-14,0.0013668816014938642,15.7932976567985
2024-03-15,0.0039030004451276953,15.854938904583019
2024-03-18,-0.0010240917283573469,15.838701992797224
2024-03-19,0.0013926958518856653,15.860760487361848
2024-03-20,-0.0016226601468495195,15.83502386342028
2024-03-21,0.0016403063058152926,15.860998152916183
2024-03-22,0.00939585116766949,16.010025730931666
2024-03-25,0.0009705984293931012,16.02556503676065
2024-03-26,0.0027892841428450625,16.070264891197816
2024-03-27,0.0011062844959689668,16.088043176093063
2024-03-28,-0.00029263560504004277,16.083335241844317
2024-04-01,-0.004668923288656593,16.0082433833744
2024-04-02,0.02804410289359404,16.457180207963447
2024-04-03,0.005652704062129425,16.550207777376198
2024-04-04,0.0017229638131235963,16.578723186476292
2024-04-05,0.020267832262113192,16.9147379671398
2024-04-08,-0.00020242480737340038,16.91131400456503
2024-04-09,0.02067717045793733,17.260992126905123
2024-04-10,0.001894250955838435,17.293688777740233
2024-04-11,0.001001091020844425,17.311001334292907
2024-04-12,0.0012910201681863552,17.33335018614698
2024-04-15,-0.00011967635628396985,17.331275793954507
2024-04-16,-5.2323900655888533e-05,17.330368954001624
2024-04-17,0.0009368744636388714,17.346605334120067
2024-04-18,0.002760431504941741,17.39448944998816
2024-04-19,0.0012264179879379721,17.415822364740624
2024-04-22,0.004160363617371927,17.488278518473503
2024-04-23,0.0027868223814205327,17.5370152444613
2024-04-24,0.0013586870591610473,17.56084256013026
2024-04-25,0.0025893326711821265,17.60631342350469
2024-04-26,-0.0005574912704324987,17.59649805746659
2024-04-29,6.840138583661664e-05,17.59770168231959
2024-04-30,0.002054480810095163,17.633855822727696
2024-05-01,0.0012008571396784728,17.65503156439248
2024-05-02,-0.0019590141241892668,17.62044510819483
2024-05-03,0.010873600682755004,17.812042792153743
2024-05-06,0.004320566817032979,17.889000913185093
2024-05-07,0.00337623637036555,17.94939840869769
2024-05-08,0.0007238970387141514,17.962391925052447
2024-05-09,-0.0016369829216930562,17.93298779623838
2024-05-10,0.002560476095366978,17.978904782809156
2024-05-13,0.0021220277166654387,18.017056517073566
2024-05-14,-0.0044905544944307384,17.93614994295441
2024-05-15,0.0011663826512104919,17.95707035707738
2024-05-16,0.004980660159197959,18.04650842198079
2024-05-17,-0.004079526038930155,17.972887220961546
2024-05-20,-0.006958391114053562,17.84782484222932
2024-05-21,-0.006827544126319793,17.72596803056017
2024-05-22,0.014656097779339485,17.985761551249507
2024-05-23,-0.0035411213339530518,17.922071787312984
2024-05-24,-0.0031620341677354676,17.865401583964893
2024-05-28,-3.9293468470442693e-05,17.864699590371043
2024-05-29,-0.0014910782887610672,17.8380619246766
2024-05-30,0.006614508168450315,17.956051930986696
2024-05-31,0.004950491236336574,18.044943208710247
2024-06-03,0.00393720562662056,18.115989860643626
2024-06-04,0.0006872013033948856,18.128439192488152
2024-06-05,0.004106168078937892,18.20287761082131
2024-06-06,0.00605110475005516,18.313025129996824
2024-06-07,0.004537494585094559,18.396120382360888
2024-06-10,0.0011932360124355355,18.418071295690222
2024-06-11,-0.00528360742753311,18.320757437391478
2024-06-12,0.004165532838072697,18.397073154115297
2024-06-13,0.004272302038156136,18.47567100724773
2024-06-14,0.017414494554586275,18.79741547939577
2024-06-17,-5.13811335937495e-05,18.796449646879807
2024-06-18,0.0021474448814256066,18.836813986462975
2024-06-20,0.002576866303159672,18.885353937683576
2024-06-21,0.0002820848710523829,18.890681210313865
2024-06-24,0.00019461104312561094,18.89435754548956
2024-06-25,0.0008321281819423297,18.910080072882856
2024-06-26,-0.0004517236570929192,18.901537942356413
2024-06-27,0.0006470082452373681,18.913767393252787
2024-06-28,0.0016664155797585845,18.94528558990883
2024-07-01,0.0021273641405133376,18.985589111104588
2024-07-02,-0.0007969195089659706,18.970459124752736
2024-07-03,-0.00024839902393559055,18.965746881222536
2024-07-05,0.0013091663918986213,18.990576199636692
2024-07-08,0.0030956976185242046,19.04936528115231
2024-07-09,0.03955477626529228,19.802858662844116
2024-07-10,0.01864606214141617,20.172103996049188
2024-07-11,0.0013584715307597627,20.199507225043345
2024-07-12,0.0004921666949475842,20.209448749753864
2024-07-15,0.0005183382485380412,20.219924080022732
2024-07-16,-0.00011217460438113745,20.21765591803844
2024-07-17,0.0014665509827128255,20.247306141193185
2024-07-18,0.0003852686081188045,20.255106792648355
2024-07-19,0.004386266214681432,20.343951083247713
2024-07-22,-0.000731190819291638,20.329075772987526
2024-07-23,-0.000458960775374134,20.319745524608116
2024-07-24,0.0010774400507540217,20.34163883225746
2024-07-25,0.0008713757820176648,20.359364043702435
2024-07-26,0.002565304915634393,20.411592020362935
2024-07-29,-0.0002491754139859436,20.40650595347115
2024-07-30,0.0008016131947109757,20.4228640779014
2024-07-31,0.010973359696401692,20.646971511458933
2024-08-01,0.0035022333938571795,20.719282024568383
2024-08-02,9.08831616269263e-05,20.721165058425413
2024-08-05,0.0020972050094642974,20.76462158958788
2024-08-06,-0.001880464352823651,20.725574458888786
2024-08-07,0.0016800072683679668,20.76039357462082
2024-08-08,-0.002232823806294818,20.714039273619356
2024-08-09,0.005864944190289134,20.83552595791459
2024-08-12,0.0019328247908068014,20.875797379015548
2024-08-13,-0.0013553972330459935,20.8475023810104
2024-08-14,0.005389724518542734,20.959864675743713
2024-08-15,0.0015462198033979024,20.99227323358189
2024-08-16,-0.0002092473242230185,20.987880656578405
2024-08-19,0.0017709180314754089,21.025048472875593
2024-08-20,0.0070374901943613954,21.17301204533943
2024-08-21,-0.0027168091036164806,21.11548901346367
2024-08-22,0.007439060389403288,21.272568411386604
2024-08-23,0.0011550118709318094,21.297138480426966
2024-08-26,0.0012844842093462376,21.324494318509334
2024-08-27,0.002160524634402014,21.370566413800642
2024-08-28,0.0022953620706869164,21.419619601375977
2024-08-29,0.00558412233312959,21.539229377559163
2024-08-30,0.003675945737793792,21.618406415984964
2024-09-03,0.011656584506589043,21.87040319727068
2024-09-04,0.0031833434597499915,21.940024202250804
2024-09-05,0.0019759417310379313,21.983376411652014
2024-09-06,6.853474037062454e-05,21.984883036646856
2024-09-09,-0.0012795334963756353,21.956752642387567
2024-09-10,0.0031086154368030255,22.025007742593758
2024-09-11,0.0006551584611726858,22.03943761277371
2024-09-12,0.004606598622970588,22.140964455731762
2024-09-13,0.008707082581885128,22.333747661690403
2024-09-16,0.00027118295969576255,22.339804193482397
2024-09-17,0.004732815171614877,22.445534357700215
2024-09-18,0.0003828408939448659,22.454127426138786
2024-09-19,-0.0020182095711853386,22.40881029125474
2024-09-20,0.0012278114425542828,22.43632408494437
2024-09-23,-0.00044798350337604137,22.42627298187792
2024-09-24,-0.0005393764687339741,22.41417677795009
2024-09-25,0.01597917612662429,22.77233685641825
2024-09-26,-0.018811035801777468,22.34396561252203
2024-09-27,-0.00665821929849817,22.195194589475758
2024-09-30,0.011179500681173824,22.44332578250759
2024-10-01,0.004482260525352052,22.54392261572014
2024-10-02,0.041014937384834305,23.46856019021245
2024-10-03,0.003135817620880346,23.542153314793612
2024-10-04,0.0009149089576235819,23.563692241743063
2024-10-07,0.005206473453520304,23.686375979866618
2024-10-08,0.005975120488840126,23.827904930290288
2024-10-09,0.0012414960448947944,23.857487180019373
2024-10-10,0.004494120362564712,23.964705598954726
2024-10-11,-0.001185527943634911,23.93629477080618
2024-10-14,-0.0003810253145327745,23.927174436562385
2024-10-15,0.01068968728269462,24.182948448847725
2024-10-16,-0.0002456471636473718,24.177007976152634
2024-10-17,0.0022777857288425103,24.232078019886828
2024-10-18,0.008679379576716814,24.44239742295404
2024-10-21,-0.0025862041766801457,24.37918439265072
2024-10-22,0.004318575607107124,24.48446774368999
2024-10-23,0.0013507603479502416,24.517540391858837
2024-10-24,0.0013513308473553935,24.550671700491637
2024-10-25,0.0030828289542001517,24.626357222054978
2024-10-28,0.0004758797443841667,24.638076406634923
2024-10-29,0.007548180473640818,24.824049053875555
2024-10-30,0.004060581671989673,24.924849132488294
2024-10-31,0.0009527031159158312,24.948595113920547
2024-11-01,-0.0015513055209063198,24.909892220581465
2024-11-04,0.00044509735245642324,24.92097954765882
2024-11-05,0.001218363391153154,24.951342356811363
2024-11-06,0.0022130167809315845,25.006560096153756
2024-11-07,0.0017621831566612294,25.050626235161236
2024-11-08,0.0025423292910950516,25.11431317599916
2024-11-11,-0.0012498946720499473,25.082922929768287
2024-11-12,0.002643377164845136,25.149226555468406
2024-11-13,7.828700893721526e-05,25.15119541319252
2024-11-14,0.005354994853182547,25.28587993518156
2024-11-15,0.0035609090871296014,25.375920654818813
2024-11-18,-0.00021886999337920044,25.370366627233103
2024-11-19,-0.000976177134380375,25.34560065544075
2024-11-20,-0.001607418995731654,25.304859655488965
2024-11-21,-0.001254202563974432,25.273122235628037
2024-11-22,0.0033052090631179123,25.356655188294518
2024-11-25,0.0030628502368558823,25.43431882564386
2024-11-26,0.00044047566441789344,25.4455220241276
2024-11-27,0.0006212941358354489,25.461331177744462
2024-11-29,0.000720497516494044,25.47967600362466
2024-12-02,0.00011072795026715958,25.482497315922014
2024-12-03,-0.0024588192224987314,25.419840461684355
2024-12-04,-0.0007714623046279533,25.400230012978508
2024-12-05,0.002019890356764754,25.45153569264133
2024-12-06,0.00063377578553568,25.46766625966802
2024-12-09,0.006822599393067918,25.64142194403409
2024-12-10,0.008310124485752706,25.854505352380723
2024-12-11,-0.002674354471105509,25.78536124039336
2024-12-12,0.007488483435484224,25.978454490920022
2024-12-13,-0.0017678707748907034,25.932527940448697
2024-12-16,0.0027572074533619927,26.004029299770618
2024-12-17,-0.002400415683689982,25.941608820000315
2024-12-18,-0.0034035760322957925,25.85331458198137
2024-12-19,0.005235015515292327,25.988657084939774
2024-12-20,-0.001501302506654009,25.949640248913582
2024-12-23,-0.005703447890591917,25.801637827974297
2024-12-24,0.018513851933239497,26.279325530356484
2024-12-26,0.007008575247099102,26.463506160779
2024-12-27,-0.0009434971874247509,26.43853791714691
2024-12-30,0.0034209668549933466,26.528983279055954
2024-12-31,0.003922947258470139,26.633055081280524
2025-01-02,0.0019475382438511333,26.68492397460191
2025-01-03,-0.0015959936186434656,26.64233500622446
2025-01-06,-0.0019136314400795894,26.591351396319414
2025-01-07,0.003667682065720201,26.68888001893896
2025-01-08,-0.00016852959299765453,26.684382152851807
2025-01-10,-0.0001598304190768893,26.68011717686951
2025-01-13,0.007004969933698453,26.86701059552103
2025-01-14,-0.00039725855943705224,26.856337445595475
2025-01-15,0.0007373209849401405,26.876139186772747
2025-01-16,0.0010922324867883141,26.905494179111987
2025-01-17,-0.0004303376843612319,26.893915731050356
2025-01-21,8.177731653546637e-06,26.89413566227632
2025-01-22,0.0009517921605612538,26.919733289764746
2025-01-23,-0.00044970558810882776,26.90762733527394
2025-01-24,-0.002390329185202134,26.843309248349893
2025-01-27,0.0019580677686273766,26.895870266992382
2025-01-28,5.4222005321321566e-05,26.89732861501312
2025-01-29,0.0003696796549648978,26.907272010174992
2025-01-30,0.0012230006220827878,26.940179620581986
2025-01-31,0.0027149640869421083,27.013321240747636
2025-02-03,-0.0017718758800919358,26.96545698839998
2025-02-04,0.0066523343233538005,27.144840223468833
2025-02-05,0.005099944970557365,27.283277414843095
2025-02-06,-7.347065032672745e-05,27.281272894708383
2025-02-07,0.0007767406434154182,27.30246336816981
2025-02-10,0.0008916129549565902,27.326806598211096
2025-02-11,0.0013005845742115462,27.36234742133519
2025-02-12,-0.0039932012877975,27.253084060375155
2025-02-13,-0.0008769817529783604,27.22918360294182
2025-02-14,0.0012790143818203136,27.264010120375204
2025-02-18,0.0052717498033556815,27.407739160365978
2025-02-19,-0.0011353167203004173,27.376622695831582
2025-02-20,-0.0010571447423927825,27.34768164308421
2025-02-21,0.0014421276845755107,27.38712049189066
2025-02-24,0.0031524443451142903,27.473456865014285
2025-02-25,0.00039227517506962707,27.484234020115775
2025-02-26,0.006763688086929735,27.67012880633602
2025-02-27,0.0017325757935303919,27.718069401709748
2025-02-28,0.001901176734775353,27.77076635038917
2025-03-03,0.012118440332749869,28.1073047254011
2025-03-04,0.0020971439366238714,28.16624978908082
2025-03-05,-0.0010282563807230208,28.13728766301416
2025-03-06,0.005785548178241085,28.30007729639356
2025-03-07,-0.0005182085296545486,28.285411954948685
2025-03-10,0.005929217337963867,28.45312230992342
2025-03-11,0.00034919501632973136,28.46305799843306
2025-03-12,0.001585990500599939,28.508200138036603
2025-03-13,-0.0004906606520856956,28.494212285967084
2025-03-14,0.0041901511334278396,28.613607341873266
2025-03-17,-0.0017874468141052774,28.562462040589974
2025-03-18,0.014608095934495474,28.979705226204295
2025-03-19,0.005633182108321325,29.142953183188975
2025-03-20,0.003715911804464817,29.25124582693935
2025-03-21,0.005803722719853652,29.421011946929184
2025-03-24,0.0015165978033252689,29.465631789019508
2025-03-25,-0.0011604191851868578,29.43143930458788
2025-03-26,0.003987302370267901,29.54879135228746
2025-03-27,0.007938543188559534,29.783365708607327
2025-03-28,0.0008160687415811229,29.807670982381197
2025-03-31,0.003641307326766055,29.916209873123172
2025-04-01,0.001910883708069526,29.97337627117691
2025-04-02,0.002680454549251768,30.053718543959423
2025-04-03,0.0059679960338371585,30.233079017031834
2025-04-04,0.0023505039287830226,30.304141988040573
2025-04-07,0.008349037195235614,30.557152396668428
2025-04-08,0.0035337560530479834,30.665133918914066
2025-04-09,-0.004989631190892862,30.512126210239344
2025-04-10,0.004291088320706627,30.64305643866003
2025-04-11,-0.00015250810229624047,30.63838312427401
2025-04-14,0.006502296525474314,30.83760297640913
2025-04-15,0.0011722892901710135,30.873753568112924
2025-04-16,0.002190805657592071,30.94139196210105
2025-04-17,-0.0007527520207620592,30.918100766776387
2025-04-21,-0.000637716358613732,30.898383788140144
2025-04-22,0.0035755078746576596,31.008861202688838
2025-04-23,1.4039828146432241e-05,31.009296561771144
2025-04-24,0.0016178076787278569,31.059463639860727
2025-04-25,0.002067758069017388,31.123687096421403
2025-04-28,-0.001650942927390809,31.07230366533524
2025-04-29,0.0011839819196688144,31.10909271107746
2025-04-30,0.0022435034133007716,31.178886066759453
2025-05-01,-0.00020920775244577728,31.172363202081662
2025-05-02,0.0005255122569167687,31.188744661021417
2025-05-05,0.003591896546848038,31.300771405269863
2025-05-06,0.003557652342790056,31.412128667990956
2025-05-07,-0.004247679602569772,31.278700009774635
2025-05-08,0.002545389890927277,31.358316496580866
2025-05-09,0.007214239928092167,31.58454291552825
2025-05-12,-0.00015111075886909257,31.57977015127975
2025-05-13,0.0018129679595879063,31.637023262735173
2025-05-14,0.007856521361292739,31.885580211806566
2025-05-15,0.007294637693973502,32.118173967113826
2025-05-16,-0.00025458979465239174,32.109997007798924
2025-05-19,0.0027448336138677495,32.19813360692712
2025-05-20,0.0029476282631007308,32.29304173556599
2025-05-21,0.005345441958405519,32.46566231582383
2025-05-22,0.003140450510629124,32.56761912162147
2025-05-23,0.0007237356637149366,32.591189469062066
2025-05-27,0.0029871383181942017,32.68854385996063
2025-05-28,0.004290232654438437,32.82878531825468
2025-05-29,0.005752758438148469,33.017641390008436
2025-05-30,-0.002477500104195675,32.93584018002439
2025-06-02,0.005842724534083521,33.128275221494874
2025-06-03,0.0010892886773708915,33.16436147659447
2025-06-04,0.005507157891530066,33.34700285161785
2025-06-05,0.0002495318075161813,33.355323989514666
2025-06-06,-0.0006154526722845642,33.3347953662304
2025-06-09,0.003017818864616042,33.43539374053472
2025-06-10,-0.0006913761803183352,33.41227730572295
2025-06-11,0.004391959420596623,33.559022671799404
2025-06-12,0.00039589855708211676,33.572308640452256
2025-06-13,0.0024538112433521906,33.654688748859485
2025-06-16,0.004236199674712465,33.797256730389954
2025-06-17,0.004459164824901782,33.94796426878028
2025-06-18,0.003208416238520561,34.05688346860496
2025-06-20,0.0011336369478578666,34.09549161003386
2025-06-23,-0.0002122399137214066,34.08825518583626
2025-06-24,-0.0025021852961227293,34.00296005493978
2025-06-25,-0.0002748524758845774,33.99361425718127
2025-06-26,-0.0005290698249741565,33.97562926163599
2025-06-27,0.0008942201169141676,34.00601095280656
2025-06-30,0.0010505920798541493,34.04173739858102
2025-07-01,0.0007890674808508883,34.06859862655391
2025-07-02,0.0007573706644716855,34.09440118373332
2025-07-03,0.001088775198117874,34.131522322136846
2025-07-07,0.004633331794725023,34.28966498971437
2025-07-08,0.007487579556485911,34.546411584290105
2025-07-09,0.0007267561257974168,34.5715184005333
2025-07-10,0.0025941103268962654,34.66120073343261
2025-07-11,-0.0011016708381538264,34.62301549936919
2025-07-14,0.00565511786417437,34.818812732831255
2025-07-15,0.009553871461658222,35.15146719412827
2025-07-16,8.500254636551125e-05,35.154455158348256
2025-07-17,0.00043336510485809677,35.16968987249418
2025-07-18,-0.0001494902101277647,35.164432348165015
2025-07-21,-0.0003418115342499008,35.15241273959306
2025-07-22,0.0001325451414550856,35.15707202111212
2025-07-23,-0.0005525249229866519,35.13764686260122
2025-07-24,0.0008247821405010246,35.166627766192725
2025-07-25,-0.00012786607962949096,35.16213114736647
2025-07-28,0.002121739975232626,35.23673604663622
2025-07-29,-0.0007921145634660158,35.208824514844665
2025-07-30,0.0004262457467902077,35.223832126543606
2025-07-31,0.00034373134614577416,35.235939661776875
2025-08-01,8.632205234047449e-05,35.238981300404625
2025-08-04,0.001065456443622365,35.27652690009783
2025-08-05,-0.0005178405822197897,35.25825928286919
2025-08-06,-0.000626073648754327,35.23618501583124
2025-08-07,-0.002461342865780425,35.1494566832252
2025-08-08,0.0014935925440831266,35.201955649655844
2025-08-11,-0.00022516051915715844,35.19402955904642
2025-08-12,0.002546421600804893,35.28364839613494
2025-08-13,0.00019422680849520758,35.29050142655499
2025-08-14,0.004056892139894692,35.43367118440532
2025-08-15,-0.001083966787898782,35.3952622616681
2025-08-18,0.0024335833281105687,35.4813995818022
2025-08-19,0.0017536404513621535,35.54362119937979
2025-08-20,0.0008862481314159103,35.575121667251494
2025-08-21,0.000660598416461508,35.59862253629031
2025-08-22,-0.0020886413342921066,35.52426978181715
2025-08-25,0.0032923104738525745,35.641226707295786
2025-08-26,0.003731963860686656,35.77423847731796
2025-08-27,0.0041747084873180506,35.923585494316555
2025-08-28,-0.009642540042461347,35.577190882718824
2025-08-29,-0.0012016565600039494,35.534439317908095
2025-09-02,0.004437926760082155,35.69213855706156
2025-09-03,0.0016974570707886719,35.75272443002681
2025-09-04,0.004398875057135684,35.9099961977467
2025-09-05,0.005269591330021454,36.099227202371445
2025-09-08,0.02370593794837676,36.95499324241522
2025-09-09,0.00137282989309281,37.00572616183745
2025-09-10,0.0003937635749699811,37.0202976688653
2025-09-11,0.0010409931861310104,37.05883554648713
2025-09-12,0.00107222079943371,37.09857080076287
2025-09-15,0.0017313963902974951,37.162803132332506
2025-09-16,-0.0009914943534077405,37.12595642287
2025-09-17,-0.0005865538044966774,37.10418005188458
2025-09-18,0.0037038275870300763,37.241607537554884
2025-09-19,0.005360490947755412,37.4412408376398
2025-09-22,-0.001494332340189003,37.38529118059931
2025-09-23,0.004724156850670397,37.56190516004445
2025-09-24,0.007374263132878169,37.838896532466826
2025-09-25,0.0005620553357846154,37.8601640861631
2025-09-26,0.00600440394431757,38.087491804734576
2025-09-29,0.0012396566931281287,38.13470721887477
2025-09-30,0.001609939802109262,38.196101801868224
2025-10-01,0.003593212053854742,38.33334849527296
2025-10-02,-0.00032598490332424573,38.32085240236963
2025-10-03,0.000355666103991698,38.33448183064522
2025-10-06,-0.003998764950328221,38.18119124831184
2025-10-07,0.005855493780972169,38.404760976216444
2025-10-08,0.00036035562815124134,38.41860034798203
2025-10-09,0.0017572327297633915,38.486110769945206
2025-10-10,0.00733316443374633,38.768335748636595
2025-10-13,-0.002805246406600555,38.65958101408785
2025-10-14,-0.0013920557160561975,38.60576472335685
2025-10-15,-0.0006955372580213216,38.57891297561735
2025-10-16,0.00151380643586555,38.63731398236853
2025-10-17,0.0022211796129762806,38.72313439648633
2025-10-20,0.018889879176565094,39.45460972657385
2025-10-21,0.007306334620172516,39.74287830754451
2025-10-22,0.0022970091841002563,39.83416806401952
2025-10-23,0.0001913813166191543,39.84179157955005
2025-10-24,-9.368790399586307e-05,39.83805888560552
2025-10-27,4.248857312516639e-05,39.839751547883644
2025-10-28,-0.002164377222255827,39.753523297093075
2025-10-29,0.0022301860144919743,39.842181048777036
2025-10-30,0.004825340930515409,40.03443315575271
2025-10-31,-0.002993526920213938,39.91458900236546
2025-11-03,-9.836501168562649e-05,39.91066280335182
2025-11-04,0.002977792081313973,40.02950845900763
2025-11-05,0.002034905138291974,40.110964711454166
2025-11-06,0.004329035530868673,40.284606502867476
2025-11-07,-0.002376982540017948,40.18885069657867
2025-11-10,0.00028662438569796177,40.200369801221484
2025-11-11,0.0033894820263947966,40.33662823211715
2025-11-12,0.00044247343894361423,40.3544761187264
2025-11-13,0.004976515586477329,40.555300798115375
2025-11-14,0.002900370366840635,40.672926190768536
2025-11-17,0.0011831449597582947,40.72104815838977
2025-11-18,0.00556025953681005,40.947467754761355
2025-11-19,0.0017953544913651995,41.020982974904896
2025-11-20,0.0071563593335497964,41.31454386928874
2025-11-21,0.0002912768955333408,41.32657784136737
2025-11-24,-0.002524983168682155,41.22222892789868
2025-11-25,-0.0016573022718293705,41.15391123424661
2025-11-26,0.0028877320744401976,41.27275270370641
2025-11-28,0.002241138124218561,41.36525064328213
2025-12-01,0.009896792965346827,41.774633964858374
2025-12-02,-0.0012658921990481669,41.72175178160417
2025-12-03,0.004223051120152001,41.89794487220018
2025-12-04,0.0008763985309708806,41.93466416953688
2025-12-05,0.003622947941538556,42.08659127476902
2025-12-08,0.002143353735777264,42.17679772740393
2025-12-09,0.002246017459962898,42.27152755150501
2025-12-10,-0.0015524599879709947,42.20590269635088
2025-12-11,0.0019436942965050331,42.287938068700626
2025-12-12,0.0024587993403730334,42.39191562292969
2025-12-15,0.0028013094646463007,42.51066849738869
2025-12-16,0.0037318480778904973,42.669311853910514
2025-12-17,0.0048260665372271755,42.87523679201519
2025-12-18,0.00031700223701944,42.888828337990994
2025-12-19,-0.0007816877574904677,42.85530266594608
2025-12-22,0.0016002413431332086,42.92388149304462
2025-12-23,-0.0013697835611856603,42.86508506579317
2025-12-24,0.0049626311714917725,43.077808673109324
2025-12-26,0.002996114841238077,43.20687473500284
2025-12-29,0.0008598200325651049,43.24402487144453
2025-12-30,0.001309866078562528,43.30066875272414
2025-12-31,2.0005972398242096e-05,43.30153502470804
2026-01-02,-0.00045553134243875645,43.28180981832857
2026-01-05,0.00250756660607669,43.39034183927957
2026-01-06,0.028034375025456658,44.606762954884694
2026-01-07,0.0012553843544307979,44.66276158720006
2026-01-08,0.027145943766742554,45.87517440171362
2026-01-09,-0.0024953545651906694,45.760699575841386
2026-01-12,-0.0014874058625472817,45.69263484301801
2026-01-13,0.002161927910860187,45.791419025605876
2026-01-14,0.0015530711511262426,45.862536357463675
2026-01-15,0.0011635713618563949,45.91590069135131
2026-01-16,0.0074275008680284174,46.25694108359263
2026-01-20,0.0026745007414495634,46.380655306817886
2026-01-21,-0.0009013829103290582,46.33884857675446
2026-01-22,-0.0018936394518361236,46.25109950493686
2026-01-23,0.0023066434036463053,46.35778429852131
2026-01-26,-0.0009713802582034744,46.31275326203967
2026-01-27,6.327293231978114e-05,46.315683605742365
2026-01-28,0.006163086445693179,46.60113116759593
2026-01-29,0.00045635282205756914,46.62239772531534
2026-01-30,-0.0008399581373626624,46.5832368629626
2026-02-02,0.004262529177136388,46.78179926925643
2026-02-03,0.0009935151693984533,46.828277696482196
2026-02-04,0.000648355827201587,46.85863908320453
2026-02-05,0.0014468369505842994,46.9264358936842
2026-02-06,-0.0035802453177494926,46.75842774129717
2026-02-09,-0.01657415527716046,45.98344629939702
2026-02-10,-0.000623232479233671,45.95478792215614
2026-02-11,-0.002530544537664918,45.83849728460018
2026-02-12,0.0057763055685596905,46.10327445171963
2026-02-13,-0.0018543948115868972,46.01778077877919
2026-02-17,0.0023207671492803407,46.12457733269337
2026-02-18,-0.0003339022499072672,46.10917623254596
2026-02-19,0.002139341517318765,46.20781950758962
2026-02-20,0.0017225934497063816,46.28741679479861
2026-02-23,0.0004963738983644663,46.31039266031827
2026-02-24,-0.000492629639019109,46.287578788299186
2026-02-25,-0.0007536855638100767,46.25269250838272
2026-02-26,0.010664972502325246,46.74597620214313
2026-02-27,-0.0009737369676521034,46.70045791702612
2026-03-02,0.001872174021276849,46.78788930112011
2026-03-03,0.003004733192288364,46.928474425100305
2026-03-04,0.004610095377873075,47.1448191681381
2026-03-05,0.004409634284572071,47.35271057908187
2026-03-06,0.0022141579547731854,47.45755695989062
2026-03-09,-0.0019643120340514407,47.364335509647624
2026-03-10,-0.0009294788444068393,47.32031136181202
2026-03-11,0.009124601221003198,47.752090332642254
2026-03-12,-0.001226824074912619,47.69350691859477
2026-03-13,0.003869437318207661,47.87805395410178
2026-03-16,-0.0006355587956378099,47.84762463579323
2026-03-17,-0.0025863607594878144,47.72387341700051
2026-03-18,0.00253769558444194,47.8449820798433
2026-03-19,0.0023787034953443374,47.95879110595131
2026-03-20,0.004675259214114289,48.1830108859672
2026-03-23,0.0014720954986011882,48.25394087940148
2026-03-24,0.004677388203815969,48.479643293258434
2026-03-25,-0.0004134719323973116,48.45959832146404
2026-03-26,0.01018824979352509,48.953316814057004
2026-03-27,0.004076266797680307,49.15286359402247
2026-03-30,-0.0032388539563597096,48.99366464730456
2026-03-31,0.005352140007768963,49.25588559999062
2026-04-01,-0.0048937388142294945,49.014840160800695
2026-04-02,0.004666291293048428,49.2435576826732
2026-04-06,0.003805401014131906,49.43094916701831
2026-04-07,0.001361256420227709,49.49823736392986
2026-04-08,-0.007077676104476653,49.14790487212546
2026-04-09,0.0058369429488705805,49.43477838892057
2026-04-10,0.0038131596497808225,49.623281091169055
2026-04-13,0.00016723943507401893,49.631580060665264
2026-04-14,0.00233155357823428,49.747298748749124
2026-04-15,0.003418826639137856,49.917376138936504
2026-04-16,0.002023367682592778,50.01837734461585
2026-04-17,0.0024639294254429536,50.14161909636816
2026-04-20,0.003644986096487646,50.324384600829795
2026-04-21,0.005580616688170541,50.605225701355096
2026-04-22,0.0029759816550461045,50.7558259246918
2026-04-23,0.001246063400607673,50.819070901744176
2026-04-24,6.704776529578391e-05,50.82247820688254
2026-04-27,-0.0014677475736902367,50.747883637805465
2026-04-28,0.0031284734679657444,50.906647045321755
