date,rolling_sharpe_252d
2011-09-15,
2011-09-16,
2011-09-19,
2011-09-20,
2011-09-21,
2011-09-22,
2011-09-23,
2011-09-26,
2011-09-27,
2011-09-28,
2011-09-29,
2011-09-30,
2011-10-03,
2011-10-04,
2011-10-05,
2011-10-06,
2011-10-07,
2011-10-10,
2011-10-11,
2011-10-12,
2011-10-13,
2011-10-14,
2011-10-17,
2011-10-18,
2011-10-19,
2011-10-20,
2011-10-21,
2011-10-24,
2011-10-25,
2011-10-26,
2011-10-27,
2011-10-28,
2011-10-31,
2011-11-01,
2011-11-02,
2011-11-03,
2011-11-04,
2011-11-07,
2011-11-08,
2011-11-09,
2011-11-10,
2011-11-11,
2011-11-14,
2011-11-15,
2011-11-16,
2011-11-17,
2011-11-18,
2011-11-21,
2011-11-22,
2011-11-23,
2011-11-25,
2011-11-28,
2011-11-29,
2011-11-30,
2011-12-01,
2011-12-02,
2011-12-05,
2011-12-06,
2011-12-07,
2011-12-08,
2011-12-09,
2011-12-12,
2011-12-13,1.6472252244403682
2011-12-14,1.6086425057932245
2011-12-15,1.6180506478729735
2011-12-16,1.7775408227540097
2011-12-19,1.9022446767545875
2011-12-20,1.7426888319238643
2011-12-21,1.8335322278324373
2011-12-22,1.7764314200749154
2011-12-23,1.7638991905475152
2011-12-27,1.734738993768744
2011-12-28,1.7333123595074005
2011-12-29,1.7205409804382603
2011-12-30,1.690758919343923
2012-01-03,1.6796209491443677
2012-01-04,1.8578339379002853
2012-01-05,1.8348654642043427
2012-01-06,1.8993038579267778
2012-01-09,1.8477717396363844
2012-01-10,1.9180943110926416
2012-01-11,1.8861185296699694
2012-01-12,1.8504718247320322
2012-01-13,1.9573896475045867
2012-01-17,1.9425343039303706
2012-01-18,2.0910491284703276
2012-01-19,2.1494666202646666
2012-01-20,2.114361994874479
2012-01-23,2.0991193168548277
2012-01-24,2.1301535333388846
2012-01-25,2.1198183068102896
2012-01-26,2.2569528248019957
2012-01-27,2.057201479296407
2012-01-30,2.0611915776550473
2012-01-31,2.02321403703338
2012-02-01,1.8758181024942668
2012-02-02,2.145662784056669
2012-02-03,1.9990959308478016
2012-02-06,2.137549455683516
2012-02-07,2.0479273889130623
2012-02-08,1.9625375041907178
2012-02-09,2.1237197574177125
2012-02-10,2.2887376698787927
2012-02-13,2.1261087243918793
2012-02-14,2.1772767048561277
2012-02-15,2.203413442432066
2012-02-16,2.0138664305015546
2012-02-17,2.0338136335725636
2012-02-21,2.084613275320553
2012-02-22,2.189427399527074
2012-02-23,1.9424640912982207
2012-02-24,1.7767332138688339
2012-02-27,1.8510245676973607
2012-02-28,2.0225546977620534
2012-02-29,1.9171188974205262
2012-03-01,1.8149193579822651
2012-03-02,1.9070024145679223
2012-03-05,1.9457646278318963
2012-03-06,2.1494569544012174
2012-03-07,1.997715246580039
2012-03-08,2.060112241048466
2012-03-09,2.1660206049348822
2012-03-12,2.198496976698698
2012-03-13,2.0646725209976022
2012-03-14,2.1295396927774988
2012-03-15,2.1661178241505694
2012-03-16,2.1353359913530925
2012-03-19,2.1117526589032707
2012-03-20,2.1267165828208916
2012-03-21,2.184927961295259
2012-03-22,2.2308712770104133
2012-03-23,2.1525404685016962
2012-03-26,2.111051049864566
2012-03-27,2.1525259507396575
2012-03-28,2.133119454660004
2012-03-29,2.173973044762581
2012-03-30,2.1141291938975946
2012-04-02,2.06058534591848
2012-04-03,2.0861158814545853
2012-04-04,2.1161538794997976
2012-04-05,2.091814184980423
2012-04-09,2.098281124784
2012-04-10,2.17837620621317
2012-04-11,2.1356566340787495
2012-04-12,2.1770485661542183
2012-04-13,2.3462816689931043
2012-04-16,2.3762201661918723
2012-04-17,2.3860772429613992
2012-04-18,2.3806198129419145
2012-04-19,2.4293689765569515
2012-04-20,2.4136159271017457
2012-04-23,2.476934568132176
2012-04-24,2.4053705604870723
2012-04-25,2.387876962115619
2012-04-26,2.2544296382700706
2012-04-27,2.2683097833954653
2012-04-30,2.2851161594226
2012-05-01,2.3137315554087765
2012-05-02,2.263127114069929
2012-05-03,2.314919922411629
2012-05-04,2.2908298265206724
2012-05-07,2.2967307407934157
2012-05-08,2.3786723393258042
2012-05-09,2.415820658713265
2012-05-10,2.4325155407375596
2012-05-11,2.4481152856805086
2012-05-14,2.567512929949187
2012-05-15,2.5886342947071657
2012-05-16,2.6473769009257744
2012-05-17,2.813948962917606
2012-05-18,2.7765520202106666
2012-05-21,2.8166010822091696
2012-05-22,2.755177305024304
2012-05-23,2.825695198183816
2012-05-24,2.8902275616509474
2012-05-25,2.9295400475460576
2012-05-29,2.750963960266357
2012-05-30,2.8760991270799687
2012-05-31,2.7962247014560906
2012-06-01,2.831271499645947
2012-06-04,2.7812927116898285
2012-06-05,2.7173408419193716
2012-06-06,2.52333810599876
2012-06-07,2.619613853496933
2012-06-08,2.6497226907657114
2012-06-11,2.7561330577770238
2012-06-12,2.66407067240796
2012-06-13,2.723168405500247
2012-06-14,2.705548347937822
2012-06-15,2.658995965360678
2012-06-18,2.611855730210538
2012-06-19,2.5233312380383075
2012-06-20,2.533003761671664
2012-06-21,2.6834000622643917
2012-06-22,2.6066410002603813
2012-06-25,2.628821097293142
2012-06-26,2.6469138255765783
2012-06-27,2.5642483786735273
2012-06-28,2.6054929389394332
2012-06-29,2.49622165504485
2012-07-02,2.4786612881954517
2012-07-03,2.44864833212324
2012-07-05,2.5584366824966676
2012-07-06,2.581484038647619
2012-07-09,2.5646340796250238
2012-07-10,2.6449265613577224
2012-07-11,2.6307725395039543
2012-07-12,2.67541150384841
2012-07-13,2.634982416280896
2012-07-16,2.6520829130825674
2012-07-17,2.689103821056616
2012-07-18,2.701731945145225
2012-07-19,2.721433957759867
2012-07-20,2.6813567630008963
2012-07-23,2.794698596670705
2012-07-24,2.866909517547048
2012-07-25,2.83102722190091
2012-07-26,2.8194906217957274
2012-07-27,2.547712993305385
2012-07-30,2.6647441858538143
2012-07-31,2.762696047607859
2012-08-01,2.68662773745174
2012-08-02,2.7429515934045514
2012-08-03,2.6411066107642776
2012-08-06,2.7667245475912234
2012-08-07,2.854860583508328
2012-08-08,2.9679956301537533
2012-08-09,2.9847430874853638
2012-08-10,2.9219990215430474
2012-08-13,2.924829229001503
2012-08-14,2.921628435141175
2012-08-15,2.922694521583854
2012-08-16,2.9003062708756526
2012-08-17,2.84954081636643
2012-08-20,2.859378778369108
2012-08-21,2.8931192724354844
2012-08-22,2.8671620259665027
2012-08-23,2.8548136414880676
2012-08-24,2.797084263613905
2012-08-27,2.8736300323237725
2012-08-28,2.858684219157132
2012-08-29,2.890250052297429
2012-08-30,2.9735216159784903
2012-08-31,2.967232990704035
2012-09-04,3.1002179449008933
2012-09-05,3.137409631987153
2012-09-06,3.094206732863107
2012-09-07,3.0777918601088388
2012-09-10,3.1109847411167784
2012-09-11,3.1037934802696467
2012-09-12,3.1391175121035126
2012-09-13,3.1270001876840476
2012-09-14,3.0787560981834448
2012-09-17,3.112507868852517
2012-09-18,3.129250230216433
2012-09-19,3.077422599610826
2012-09-20,3.0634776217657382
2012-09-21,3.0355045823945845
2012-09-24,3.0853422407469377
2012-09-25,3.0992971425030196
2012-09-26,3.1473724372838583
2012-09-27,3.060754161220545
2012-09-28,3.0746982130283693
2012-10-01,2.9159635968827384
2012-10-02,2.8699427859486515
2012-10-03,2.8467577701897535
2012-10-04,2.8675120218208714
2012-10-05,3.042334704796087
2012-10-08,3.088531951524159
2012-10-09,3.1195609387247147
2012-10-10,3.139044424811679
2012-10-11,3.2257769054821077
2012-10-12,3.172516799276886
2012-10-15,3.216331361476888
2012-10-16,3.133970487334329
2012-10-17,3.245701618215232
2012-10-18,3.126239119842745
2012-10-19,3.164549505975942
2012-10-22,3.169745691954547
2012-10-23,3.310055243983919
2012-10-24,3.1920725916906587
2012-10-25,3.2389515731880967
2012-10-26,3.4302179366692167
2012-10-31,3.3752449419343162
2012-11-01,3.2550694014341244
2012-11-02,3.3217557624544582
2012-11-05,3.378653237250811
2012-11-06,3.379538970827193
2012-11-07,3.4156377560518765
2012-11-08,3.412948593398879
2012-11-09,3.454974880175615
2012-11-12,3.4294363236652177
2012-11-13,3.4971887637357284
2012-11-14,3.5505018883475166
2012-11-15,3.5581603481214183
2012-11-16,3.6389760287839343
2012-11-19,3.5643025222207227
2012-11-20,3.5272431475032
2012-11-21,3.5174530817743874
2012-11-23,3.4815963803023977
2012-11-26,3.5127080447168306
2012-11-27,3.495626680995285
2012-11-28,3.4471846910274477
2012-11-29,3.5449761795711434
2012-11-30,3.542712668149916
2012-12-03,3.7401294791429716
2012-12-04,3.67099092164803
2012-12-05,3.6571767633050447
2012-12-06,3.6870905523021626
2012-12-07,3.7133926261539942
2012-12-10,3.7228902268124155
2012-12-11,3.634185062663913
2012-12-12,3.7217808382945154
2012-12-13,3.6605558874776283
2012-12-14,3.6629932587061322
2012-12-17,3.670768264383382
2012-12-18,3.6478001747467745
2012-12-19,3.6641810161006445
2012-12-20,3.6090336950014974
2012-12-21,3.6903979160073934
2012-12-24,3.695791979517048
2012-12-26,3.717930942723468
2012-12-27,3.7261130396991353
2012-12-28,3.755236753808811
2012-12-31,3.6430081554587113
2013-01-02,3.594745380479688
2013-01-03,3.6617007367467895
2013-01-04,3.659292971687349
2013-01-07,3.6201466537331775
2013-01-08,3.6246501686396493
2013-01-09,3.6130417538073707
2013-01-10,3.6160565853337263
2013-01-11,3.4065812180275654
2013-01-14,3.440245447588236
2013-01-15,3.415779345484918
2013-01-16,3.3751556248096617
2013-01-17,3.43127853006521
2013-01-18,3.30787057076891
2013-01-22,3.4424148348350045
2013-01-23,3.449681377633976
2013-01-24,3.456814128016955
2013-01-25,3.4594489328003735
2013-01-28,3.555580693606374
2013-01-29,3.488043821100627
2013-01-30,3.581560221514947
2013-01-31,3.640940291065445
2013-02-01,3.6489302279770084
2013-02-04,3.726186676320925
2013-02-05,3.604927798969769
2013-02-06,3.6669664878986237
2013-02-07,3.59632233743272
2013-02-08,3.6340125382680073
2013-02-11,3.6652547389491783
2013-02-12,3.597424966778784
2013-02-13,3.523427457338708
2013-02-14,3.6185160000810273
2013-02-15,3.5677861035836913
2013-02-19,3.5199931097049983
2013-02-20,3.63761893126428
2013-02-21,3.7027625783094424
2013-02-22,3.6812320062766863
2013-02-25,3.713735348007053
2013-02-26,3.7560890004947884
2013-02-27,3.858842278127551
2013-02-28,3.8295381353209828
2013-03-01,3.746317273143491
2013-03-04,3.8194315415071567
2013-03-05,3.8522131215993403
2013-03-06,3.8137150650896254
2013-03-07,3.813036291800919
2013-03-08,3.7387027147458345
2013-03-11,3.8330990047344407
2013-03-12,3.9044323155422562
2013-03-13,3.83923390896343
2013-03-14,3.867023528106987
2013-03-15,3.9426129304340036
2013-03-18,3.8704669757604493
2013-03-19,3.8796491170903447
2013-03-20,3.890992444719641
2013-03-21,3.8824830839354614
2013-03-22,3.8807377703972956
2013-03-25,3.858500979849605
2013-03-26,3.8279177739018224
2013-03-27,3.861407229793493
2013-03-28,3.8402938548621415
2013-04-01,3.868647418125438
2013-04-02,3.8681326478525397
2013-04-03,3.8355555222766786
2013-04-04,3.8192274417267393
2013-04-05,3.8437645703850647
2013-04-08,3.7194612100405866
2013-04-09,3.7610756105061753
2013-04-10,3.9069494141054455
2013-04-11,3.9422242821086817
2013-04-12,4.022256944150535
2013-04-15,4.078868136216783
2013-04-16,3.992977036048025
2013-04-17,3.941797543806753
2013-04-18,3.920767219422006
2013-04-19,3.8658421729087507
2013-04-22,3.8695700811123923
2013-04-23,3.8549732174560125
2013-04-24,3.851847702681112
2013-04-25,3.8165728360603848
2013-04-26,3.881970605280038
2013-04-29,3.8915190158874884
2013-04-30,3.9103421090835084
2013-05-01,3.8818638334805056
2013-05-02,3.874227421419284
2013-05-03,3.8621092442761293
2013-05-06,3.895895501555328
2013-05-07,3.844419594099325
2013-05-08,3.800699422331921
2013-05-09,3.7795408832052644
2013-05-10,3.581578172361583
2013-05-13,3.486100076730591
2013-05-14,3.441034134013522
2013-05-15,3.447877605576903
2013-05-16,3.4943294101217908
2013-05-17,3.4742518840018612
2013-05-20,3.495478820132076
2013-05-21,3.3031118343092176
2013-05-22,3.3122888912977357
2013-05-23,3.1813618846321727
2013-05-24,3.261300000230803
2013-05-28,3.1880793972910606
2013-05-29,3.1867084735599387
2013-05-30,3.200214133631136
2013-05-31,3.3718296052778696
2013-06-03,3.31721904419763
2013-06-04,3.3792615999927844
2013-06-05,3.356511071868761
2013-06-06,3.391368913441211
2013-06-07,3.3857996994092825
2013-06-10,3.476847491096967
2013-06-11,3.5528910477016598
2013-06-12,3.5687322682166798
2013-06-13,3.550874713369081
2013-06-14,3.7171023192681734
2013-06-17,3.6879228449726575
2013-06-18,3.654087944522565
2013-06-19,3.776363267492624
2013-06-20,3.92192959096874
2013-06-21,3.848860074360771
2013-06-24,3.919472039849764
2013-06-25,3.7804557122424196
2013-06-26,3.8350680046762347
2013-06-27,3.7541030312356054
2013-06-28,3.7890437249230673
2013-07-01,3.836834543455911
2013-07-02,3.8203828099573474
2013-07-03,3.878069013732967
2013-07-05,3.8725706622319866
2013-07-08,3.878830925333592
2013-07-09,3.7746748799332597
2013-07-10,3.7794550485006093
2013-07-11,3.668232219835696
2013-07-12,3.6010791571508207
2013-07-15,3.62258114956084
2013-07-16,3.6018303805906786
2013-07-17,3.5912106809420687
2013-07-18,3.5619576398026704
2013-07-19,3.5313689646550808
2013-07-22,3.5387856771550297
2013-07-23,3.462350952551989
2013-07-24,3.529340846262437
2013-07-25,3.4134114920359426
2013-07-26,3.3682500719541517
2013-07-29,3.4424728273501946
2013-07-30,3.4737825225331247
2013-07-31,3.570948479568557
2013-08-01,3.4125639539834243
2013-08-02,3.35525150588613
2013-08-05,3.4574165714579306
2013-08-06,3.407519909467537
2013-08-07,3.496171423505062
2013-08-08,3.4057669835786393
2013-08-09,3.3443157232421554
2013-08-12,3.2296287062373064
2013-08-13,3.171254860301874
2013-08-14,3.207093174774195
2013-08-15,3.225224712064899
2013-08-16,3.2222761517016143
2013-08-19,3.2409066843389223
2013-08-20,3.2995679901551154
2013-08-21,3.350005588092901
2013-08-22,3.3392101355568755
2013-08-23,3.392004151151617
2013-08-26,3.492489807397707
2013-08-27,3.577987577959675
2013-08-28,3.6011688661162045
2013-08-29,3.5134898182044143
2013-08-30,3.566996710487043
2013-09-03,3.4721133901279826
2013-09-04,3.3047326130952888
2013-09-05,3.2699258316852986
2013-09-06,3.0349157143652885
2013-09-09,2.996179323418171
2013-09-10,3.017615647793341
2013-09-11,2.992777868245877
2013-09-12,2.97425731626831
2013-09-13,2.974450343429935
2013-09-16,2.922990432125433
2013-09-17,3.015076739364211
2013-09-18,3.008185332068147
2013-09-19,2.9715711354085452
2013-09-20,3.0744455514786995
2013-09-23,3.2338480411434265
2013-09-24,3.2477027817656086
2013-09-25,3.3493159985354404
2013-09-26,3.2544649050723033
2013-09-27,3.276645313324991
2013-09-30,3.3241665986581337
2013-10-01,3.3811208977223663
2013-10-02,3.3654203033236514
2013-10-03,3.348002763011139
2013-10-04,3.350762411840928
2013-10-07,3.407228099436774
2013-10-08,3.452394966654358
2013-10-09,3.4563041492444104
2013-10-10,3.39190705003034
2013-10-11,3.375974123437926
2013-10-14,3.362732263989589
2013-10-15,3.461642034407889
2013-10-16,3.429543057959592
2013-10-17,3.379774115689902
2013-10-18,3.393028500637665
2013-10-21,3.447718112323456
2013-10-22,3.418889848056413
2013-10-23,3.441342965852923
2013-10-24,3.514802331588234
2013-10-25,3.4810994086943032
2013-10-28,3.5301261208707326
2013-10-29,3.55170484499487
2013-10-30,3.496426619334529
2013-10-31,3.493417439896047
2013-11-01,3.3155146174638714
2013-11-04,3.23441337144902
2013-11-05,3.267576975486088
2013-11-06,3.2519478982323267
2013-11-07,3.2622847651678684
2013-11-08,3.28049122245208
2013-11-11,3.285054832554605
2013-11-12,3.210170614700942
2013-11-13,3.1777733615633275
2013-11-14,3.083204238251679
2013-11-15,3.0000189401776027
2013-11-18,2.9232555562990807
2013-11-19,2.9633175826702614
2013-11-20,3.0134362947484328
2013-11-21,3.0626722354599205
2013-11-22,3.0271968398904043
2013-11-25,3.1079112506639923
2013-11-26,3.1127680888829032
2013-11-27,3.1339632057210336
2013-11-29,3.14481247679283
2013-12-02,3.1930174581173025
2013-12-03,3.187665411549987
2013-12-04,3.2596398099705124
2013-12-05,3.27597306796798
2013-12-06,3.1701744348904657
2013-12-09,3.150264798813053
2013-12-10,3.2110469591916595
2013-12-11,3.2327069332458302
2013-12-12,3.2746656413351354
2013-12-13,3.296070660406446
2013-12-16,3.11470657992916
2013-12-17,3.1262349911485914
2013-12-18,3.1670105922040297
2013-12-19,3.081127356331844
2013-12-20,3.1178766874282955
2013-12-23,3.0836739761027534
2013-12-24,3.0122622774852306
2013-12-26,3.0039016980740714
2013-12-27,2.9337765682728745
2013-12-30,2.9660122748515585
2013-12-31,3.1042476503580154
2014-01-02,3.3202959888411097
2014-01-03,3.2495262183212335
2014-01-06,3.275322400826498
2014-01-07,3.2402189574060474
2014-01-08,3.2439876541526234
2014-01-09,3.23551591836657
2014-01-10,3.262574638209673
2014-01-13,3.3325138983044753
2014-01-14,3.4034102534099575
2014-01-15,3.513290777130988
2014-01-16,3.5238919267647426
2014-01-17,3.5462722821696393
2014-01-21,3.266503992855604
2014-01-22,3.0289686892269736
2014-01-23,3.055552183932694
2014-01-24,3.0668483253973866
2014-01-27,3.0674206809393456
2014-01-28,2.977253918295907
2014-01-29,3.160413893912768
2014-01-30,3.0117590736218336
2014-01-31,2.9531906333489752
2014-02-03,3.028934256429338
2014-02-04,2.9336992675632434
2014-02-05,3.033840092176485
2014-02-06,2.844841235697646
2014-02-07,2.8431440773255185
2014-02-10,2.9682384792900574
2014-02-11,2.949865261206891
2014-02-12,2.8769755883620176
2014-02-13,2.8809453214237584
2014-02-14,2.816693851361737
2014-02-18,2.841786272847782
2014-02-19,2.927569590636764
2014-02-20,2.8925280357930396
2014-02-21,2.8038688588359757
2014-02-24,2.7190158244418394
2014-02-25,2.7099579582144093
2014-02-26,2.770875688416023
2014-02-27,2.7424100039043577
2014-02-28,2.72172879950281
2014-03-03,2.764946769133257
2014-03-04,2.7011538718124886
2014-03-05,2.7691347263328367
2014-03-06,2.7247030233845737
2014-03-07,2.743518937735182
2014-03-10,2.7198989163833285
2014-03-11,2.7294765944232875
2014-03-12,2.635654056720508
2014-03-13,2.7077298567742556
2014-03-14,2.651347338877647
2014-03-17,2.749963540601198
2014-03-18,2.813193249396961
2014-03-19,2.9007255979507858
2014-03-20,2.936918605689985
2014-03-21,2.9272070017002387
2014-03-24,2.9331457530330076
2014-03-25,2.882427829236629
2014-03-26,2.9050810513513223
2014-03-27,2.838078246800819
2014-03-28,2.8268975263074867
2014-03-31,2.870837235342343
2014-04-01,2.9044798035316157
2014-04-02,3.068381374168293
2014-04-03,3.1731903392783773
2014-04-04,3.200924232460393
2014-04-07,3.2930318507846197
2014-04-08,3.259620425841029
2014-04-09,3.0679764188244047
2014-04-10,3.0928331246623837
2014-04-11,2.9556777862420422
2014-04-14,2.8727479797958217
2014-04-15,2.945327221110575
2014-04-16,2.8695775739729332
2014-04-17,2.863435301132185
2014-04-21,2.917421313803683
2014-04-22,2.922223143486504
2014-04-23,2.934766235697224
2014-04-24,2.9264510750770882
2014-04-25,2.9702983844926893
2014-04-28,2.8963332822198424
2014-04-29,2.872956775012684
2014-04-30,2.914532717345817
2014-05-01,2.910512994632478
2014-05-02,2.934019258139377
2014-05-05,2.935642622980925
2014-05-06,2.925691818020348
2014-05-07,2.938398263215966
2014-05-08,3.0296040725254363
2014-05-09,3.0193952144169356
2014-05-12,3.1620941177915616
2014-05-13,3.247945339459754
2014-05-14,3.3088173345038223
2014-05-15,3.29934185265413
2014-05-16,3.1491749338350092
2014-05-19,3.146693920027616
2014-05-20,3.0976712194036495
2014-05-21,3.12961463368507
2014-05-22,3.1076591494550634
2014-05-23,3.1924540437473965
2014-05-27,3.133494564625582
2014-05-28,3.1865456098244844
2014-05-29,3.1944574736591385
2014-05-30,3.1592451342785592
2014-06-02,3.1019770805903604
2014-06-03,3.129662578152525
2014-06-04,3.10535424746345
2014-06-05,3.1064358167626094
2014-06-06,3.09405148548667
2014-06-09,3.1333593753302793
2014-06-10,3.1232725084612176
2014-06-11,2.9958210165657992
2014-06-12,2.9711867891704835
2014-06-13,2.8929338007934304
2014-06-16,2.7613862559582367
2014-06-17,2.7498974550944593
2014-06-18,2.800642971782916
2014-06-19,2.683346916811124
2014-06-20,2.5351154720631635
2014-06-23,2.6712533552393474
2014-06-24,2.5780133222569352
2014-06-25,2.655540567451314
2014-06-26,2.6410820410469866
2014-06-27,2.709820823316892
2014-06-30,2.655944221306875
2014-07-01,2.6556643592261215
2014-07-02,2.641851390181886
2014-07-03,2.648594784830656
2014-07-07,2.6681420747457083
2014-07-08,2.6784862701046905
2014-07-09,2.700404967439214
2014-07-10,2.672801324542363
2014-07-11,2.8140252251489275
2014-07-14,2.825343566627464
2014-07-15,2.8214982954678804
2014-07-16,2.8096939678093373
2014-07-17,2.8793902853001394
2014-07-18,2.89605373236809
2014-07-21,2.908343334591557
2014-07-22,2.8847219758932177
2014-07-23,2.9558651534227534
2014-07-24,2.8944999549897275
2014-07-25,2.9421882120566165
2014-07-28,2.93480634681803
2014-07-29,2.8728795310685116
2014-07-30,2.894138354737675
2014-07-31,3.1243534876733965
2014-08-01,3.1127088606896822
2014-08-04,3.130923007521153
2014-08-05,3.0946009773705243
2014-08-06,3.0643667608921756
2014-08-07,3.0676819506578035
2014-08-08,3.064949109427409
2014-08-11,3.0599140637080153
2014-08-12,3.0728676486629047
2014-08-13,3.0785374457945185
2014-08-14,3.068166401935376
2014-08-15,3.034511978574885
2014-08-18,2.9889849873320986
2014-08-19,2.9818141784632917
2014-08-20,2.903547690485973
2014-08-21,2.9633758626874074
2014-08-22,3.0071573200844326
2014-08-25,3.0109663697504843
2014-08-26,2.938834206054428
2014-08-27,2.8870762696151226
2014-08-28,2.9406707318502088
2014-08-29,2.917166322821675
2014-09-02,2.871075221974942
2014-09-03,2.9047351975579394
2014-09-04,2.9877013972850412
2014-09-05,3.066625652232694
2014-09-08,3.1407544102103437
2014-09-09,3.1154881827979652
2014-09-10,3.1284554236463182
2014-09-11,3.1481389335452055
2014-09-12,3.1501213742319787
2014-09-15,3.1401200458525134
2014-09-16,3.132980426237967
2014-09-17,3.1063808116310363
2014-09-18,3.11935853744327
2014-09-19,3.1269745066766252
2014-09-22,3.039731003270154
2014-09-23,2.769653034253853
2014-09-24,2.7215499616854784
2014-09-25,2.6842791983490297
2014-09-26,2.706887683471928
2014-09-29,2.768839248293676
2014-09-30,2.7470835049686584
2014-10-01,2.744521550197138
2014-10-02,2.7619373027792746
2014-10-03,2.7264827281583277
2014-10-06,2.772363372474523
2014-10-07,2.7995276040613506
2014-10-08,2.7388790635637217
2014-10-09,2.752431193799069
2014-10-10,2.816006897316624
2014-10-13,2.815265504994496
2014-10-14,2.8182380849977036
2014-10-15,2.8133230945151677
2014-10-16,2.789716501885938
2014-10-17,2.8178014338214337
2014-10-20,2.8077762382992746
2014-10-21,2.8115384349464625
2014-10-22,2.9818237976529423
2014-10-23,2.8425906338467652
2014-10-24,2.8833346291770714
2014-10-27,2.9043798677194386
2014-10-28,2.8477223943211416
2014-10-29,2.8443674052278043
2014-10-30,2.812709831495638
2014-10-31,2.5226886734229206
2014-11-03,2.624881256068304
2014-11-04,2.802362858665594
2014-11-05,2.780466856693128
2014-11-06,2.8566791554865913
2014-11-07,2.891715439234076
2014-11-10,2.8659216853131073
2014-11-11,2.84463646357048
2014-11-12,2.91462786729662
2014-11-13,2.9216216922774674
2014-11-14,2.9418500434228716
2014-11-17,2.9760084237703857
2014-11-18,2.9849909831915222
2014-11-19,3.0115839752372833
2014-11-20,3.014451766486773
2014-11-21,2.975102644471666
2014-11-24,3.0145051202746345
2014-11-25,2.9564368931577953
2014-11-26,2.9367307405488754
2014-11-28,2.965770081388346
2014-12-01,2.9798306611673393
2014-12-02,2.920394541563704
2014-12-03,2.9028852749237513
2014-12-04,2.877311263854629
2014-12-05,2.8833638379588633
2014-12-08,3.1068759825207146
2014-12-09,3.1717205842112155
2014-12-10,3.21335313748311
2014-12-11,3.1850278030096213
2014-12-12,3.180444643962361
2014-12-15,3.241069472012948
2014-12-16,3.3470009100297915
2014-12-17,3.329160763578415
2014-12-18,3.22883507425643
2014-12-19,3.2706425825079792
2014-12-22,3.2562337532520393
2014-12-23,3.2742371689065686
2014-12-24,3.349998772317675
2014-12-26,3.3472687394934506
2014-12-29,3.4060418336627354
2014-12-30,3.3856328164869414
2014-12-31,3.428378211313279
2015-01-02,3.3337423838671914
2015-01-05,3.44191335971146
2015-01-06,3.4446443444157007
2015-01-07,3.440488866283992
2015-01-08,3.422623809341571
2015-01-09,3.414970816840937
2015-01-12,3.450721917973881
2015-01-13,3.495484586371646
2015-01-14,3.434803828576162
2015-01-15,3.348421942854061
2015-01-16,3.351683085554934
2015-01-20,3.3035470568411505
2015-01-21,3.4851512197904073
2015-01-22,3.548210853418791
2015-01-23,3.554465330435902
2015-01-26,3.5658551556992246
2015-01-27,3.588741876794902
2015-01-28,3.5984796594726673
2015-01-29,3.5006485804654353
2015-01-30,3.595332841620028
2015-02-02,3.56836998289166
2015-02-03,3.3957489799263274
2015-02-04,3.4737246122809036
2015-02-05,3.4037410809385675
2015-02-06,3.5613465420145713
2015-02-09,3.599762576246609
2015-02-10,3.487082848279535
2015-02-11,3.4936983141432525
2015-02-12,3.542808283472373
2015-02-13,3.5337130000272645
2015-02-17,3.54041546989505
2015-02-18,3.5231863843753217
2015-02-19,3.5956407831130908
2015-02-20,3.5714139835428993
2015-02-23,3.584274951820388
2015-02-24,3.6061784389068747
2015-02-25,3.5337481476775494
2015-02-26,3.5742479029950567
2015-02-27,3.5851613410624017
2015-03-02,3.569687440568291
2015-03-03,3.5578833728785377
2015-03-04,3.6447143467608947
2015-03-05,3.631932989255087
2015-03-06,3.710695686568278
2015-03-09,3.709105204002006
2015-03-10,3.758693068038115
2015-03-11,3.8585751904013716
2015-03-12,3.861214028297321
2015-03-13,3.8658267074663977
2015-03-16,3.874351455487061
2015-03-17,3.787384167783642
2015-03-18,3.8205097264479444
2015-03-19,3.766084742256068
2015-03-20,3.6724291018052413
2015-03-23,3.736543692413547
2015-03-24,3.733723598992565
2015-03-25,3.7220397826886424
2015-03-26,3.7712984154794604
2015-03-27,3.8447349781534275
2015-03-30,3.932319889581219
2015-03-31,3.936533567348381
2015-04-01,4.004123441140052
2015-04-02,3.689534507698402
2015-04-06,3.6467944112070536
2015-04-07,3.608700735365677
2015-04-08,3.598420430052311
2015-04-09,3.7170462577651655
2015-04-10,3.8262116676423528
2015-04-13,3.838858317963125
2015-04-14,3.9638190227135417
2015-04-15,3.9763439839335555
2015-04-16,3.98499984167079
2015-04-17,4.106384490832718
2015-04-20,4.005474591120187
2015-04-21,4.0048369638173975
2015-04-22,4.004587655732232
2015-04-23,4.025047834842467
2015-04-24,3.989076833518123
2015-04-27,3.978063645646418
2015-04-28,4.050218543712776
2015-04-29,4.089019195653633
2015-04-30,4.138948085955225
2015-05-01,4.125089539756041
2015-05-04,4.092368027839503
2015-05-05,4.099662195713638
2015-05-06,4.120268904929293
2015-05-07,4.138274477942118
2015-05-08,4.103577155598017
2015-05-11,4.164881044846951
2015-05-12,4.194150789622456
2015-05-13,4.185494980626712
2015-05-14,4.135653508210927
2015-05-15,4.142756014128967
2015-05-18,4.147021603779496
2015-05-19,4.138424189488183
2015-05-20,4.125161832924597
2015-05-21,4.190964482685403
2015-05-22,4.1909822775022665
2015-05-26,4.213438978919988
2015-05-27,4.224503508312137
2015-05-28,4.224556607846105
2015-05-29,4.198683201562558
2015-06-01,4.207495089450203
2015-06-02,4.199371772624581
2015-06-03,4.172206765016087
2015-06-04,4.182024958343492
2015-06-05,4.211791225879489
2015-06-08,4.2304079224409845
2015-06-09,4.254090632996573
2015-06-10,4.2566666279257195
2015-06-11,4.319579041758939
2015-06-12,4.323764167666015
2015-06-15,4.323574918678831
2015-06-16,4.311003192245755
2015-06-17,4.312984115859278
2015-06-18,4.304539740177772
2015-06-19,4.3192072410415925
2015-06-22,4.29371706224147
2015-06-23,4.2800086911898925
2015-06-24,4.33517500324972
2015-06-25,4.439859588367542
2015-06-26,4.439382345639307
2015-06-29,4.475651412663399
2015-06-30,4.484626463210073
2015-07-01,4.478853468160098
2015-07-02,4.484064383912953
2015-07-06,4.489965791603684
2015-07-07,4.533213112925748
2015-07-08,4.600100601518441
2015-07-09,4.616839633557058
2015-07-10,4.6165890647345975
2015-07-13,4.5484718964701
2015-07-14,4.567427493132249
2015-07-15,4.580691916074188
2015-07-16,4.524807218512986
2015-07-17,4.525274839850581
2015-07-20,4.518038908713858
2015-07-21,4.522587428954661
2015-07-22,4.551078859522045
2015-07-23,4.53595348505894
2015-07-24,4.5745364034969915
2015-07-27,4.578338077786529
2015-07-28,4.563500601666993
2015-07-29,4.563881406534905
2015-07-30,4.570502385300342
2015-07-31,4.516361244932953
2015-08-03,4.595834237284685
2015-08-04,4.588458497549176
2015-08-05,4.579821020052337
2015-08-06,4.667282677679678
2015-08-07,4.638091408874713
2015-08-10,4.593513431459337
2015-08-11,4.64248709034885
2015-08-12,4.685379224714202
2015-08-13,4.6799836224604565
2015-08-14,4.7093723960862395
2015-08-17,4.723117859968851
2015-08-18,4.774572093392139
2015-08-19,4.831032563670582
2015-08-20,4.943215976541135
2015-08-21,4.928587087536838
2015-08-24,4.9711620518344075
2015-08-25,4.990734771318378
2015-08-26,4.896023285345815
2015-08-27,4.7566953466301225
2015-08-28,4.73888138165116
2015-08-31,4.859237249354841
2015-09-01,4.98328674596937
2015-09-02,4.979227171491652
2015-09-03,5.0087210074985
2015-09-04,5.076537296162847
2015-09-08,5.027305599250331
2015-09-09,5.086042109154873
2015-09-10,5.036125551306365
2015-09-11,5.0967676433317575
2015-09-14,5.072916521901729
2015-09-15,5.003083994179071
2015-09-16,5.016174120715548
2015-09-17,5.027782090632053
2015-09-18,5.119431682190218
2015-09-21,4.972988684929618
2015-09-22,5.068942984347978
2015-09-23,5.187722925253216
2015-09-24,5.018260359872475
2015-09-25,4.932244537133224
2015-09-28,5.053651391784977
2015-09-29,4.950642429934548
2015-09-30,4.819526623640891
2015-10-01,4.842526709943453
2015-10-02,4.776399578638076
2015-10-05,4.421393725238684
2015-10-06,4.454498212111971
2015-10-07,4.376302590490215
2015-10-08,4.367025499533448
2015-10-09,4.477373346081987
2015-10-12,4.580830846384179
2015-10-13,4.605927650111938
2015-10-14,4.657616340377894
2015-10-15,4.554413871269461
2015-10-16,4.360827207806589
2015-10-19,4.372577719179362
2015-10-20,4.356934250659392
2015-10-21,4.313884562994158
2015-10-22,4.159637681822068
2015-10-23,4.15865661495042
2015-10-26,4.198748948843569
2015-10-27,4.21567471824168
2015-10-28,4.264804287470857
2015-10-29,4.323128389248734
2015-10-30,4.329611668456249
2015-11-02,4.508678329563542
2015-11-03,4.4898088053287495
2015-11-04,4.503680842745124
2015-11-05,4.529731339280447
2015-11-06,4.509220127425346
2015-11-09,4.497830086564851
2015-11-10,4.5281221307555946
2015-11-11,4.527569682360841
2015-11-12,4.484374290453696
2015-11-13,4.507813922575279
2015-11-16,4.471229584063642
2015-11-17,4.4589877739183885
2015-11-18,4.465309683946591
2015-11-19,4.42558553560325
2015-11-20,4.403073156947671
2015-11-23,4.422709353517088
2015-11-24,4.39144124870836
2015-11-25,4.4093701822275895
2015-11-27,4.394476801331807
2015-11-30,4.341880016926881
2015-12-01,4.376071904031232
2015-12-02,4.391907248695035
2015-12-03,4.419092787033359
2015-12-04,4.390504177667141
2015-12-07,4.4140760653521465
2015-12-08,4.3004982277451695
2015-12-09,4.288321189096028
2015-12-10,4.203559059038839
2015-12-11,4.2439322404305715
2015-12-14,4.243048422390884
2015-12-15,4.175562551930885
2015-12-16,4.163614956968608
2015-12-17,4.195006355085263
2015-12-18,4.247044027025348
2015-12-21,4.215964973326038
2015-12-22,4.212653934526292
2015-12-23,4.205850336687488
2015-12-24,4.162143056004684
2015-12-28,4.165218285713206
2015-12-29,4.145408120831852
2015-12-30,4.141022296296529
2015-12-31,4.095559448230112
2016-01-04,4.082243182517256
2016-01-05,4.008212689645579
2016-01-06,3.9939486379222644
2016-01-07,4.021312276613201
2016-01-08,4.05759960531754
2016-01-11,4.065016455282992
2016-01-12,4.0316598473462095
2016-01-13,4.043085597949561
2016-01-14,4.0188924976750195
2016-01-15,4.084701695750646
2016-01-19,4.070693053844492
2016-01-20,4.074549521880279
2016-01-21,4.075597404747097
2016-01-22,3.7369763633387
2016-01-25,3.835388433739076
2016-01-26,3.8049841373662514
2016-01-27,3.854453233310486
2016-01-28,3.863320673111578
2016-01-29,3.780714853050273
2016-02-01,3.818570223774337
2016-02-02,3.92801717091802
2016-02-03,3.985377696480291
2016-02-04,4.103087837130058
2016-02-05,4.143056041913456
2016-02-08,4.149442091958037
2016-02-09,4.06036501938672
2016-02-10,4.08570323284512
2016-02-11,4.192507699563064
2016-02-12,3.7375038414928548
2016-02-16,3.841061507654022
2016-02-17,3.769089172866212
2016-02-18,3.806102807788438
2016-02-19,3.7691805701411707
2016-02-22,3.7219980098050165
2016-02-23,3.73619726482074
2016-02-24,3.7710155793255895
2016-02-25,3.7446442997780878
2016-02-26,3.8487023663614526
2016-02-29,3.80079694539916
2016-03-01,3.8089585410323674
2016-03-02,3.7525335774535264
2016-03-03,3.717424000240783
2016-03-04,3.6617353974986333
2016-03-07,3.64359360238513
2016-03-08,3.7195554903052397
2016-03-09,3.681230908191573
2016-03-10,3.6115773355971106
2016-03-11,3.567926551172823
2016-03-14,3.5701884057045348
2016-03-15,3.5883429334499577
2016-03-16,3.577660366365751
2016-03-17,3.508929795101454
2016-03-18,3.5025468769597587
2016-03-21,3.553052959408582
2016-03-22,3.508902630429206
2016-03-23,3.5304405635559095
2016-03-24,3.5466651231082817
2016-03-28,3.539191863430273
2016-03-29,3.514331153104122
2016-03-30,3.4929017670627456
2016-03-31,3.483796756956242
2016-04-01,3.470270331241603
2016-04-04,3.5094536690995484
2016-04-05,3.5249067667874505
2016-04-06,3.5205191801330167
2016-04-07,3.5791323245443896
2016-04-08,3.445291380438749
2016-04-11,3.358696682918616
2016-04-12,3.2962625965409296
2016-04-13,3.1821682918150302
2016-04-14,3.1797843362001115
2016-04-15,3.177414870035583
2016-04-18,3.0847045047740753
2016-04-19,3.160385930766332
2016-04-20,3.1393760510361886
2016-04-21,3.146679054126438
2016-04-22,3.1513652610810117
2016-04-25,3.223289301191521
2016-04-26,3.2017773403067755
2016-04-27,3.169530495372553
2016-04-28,3.176794006541232
2016-04-29,3.140141847165504
2016-05-02,3.169574171814759
2016-05-03,3.2019359222017902
2016-05-04,3.199334843994188
2016-05-05,3.18574077831905
2016-05-06,3.1740808632577298
2016-05-09,3.2033635613435703
2016-05-10,3.1679782790836417
2016-05-11,3.163421835903039
2016-05-12,3.171068884837309
2016-05-13,3.2141935403318307
2016-05-16,3.1881237432863636
2016-05-17,3.20531959246602
2016-05-18,3.213131834623185
2016-05-19,3.2231449172419726
2016-05-20,3.198772036315288
2016-05-23,3.210482754758582
2016-05-24,3.2006324015558145
2016-05-25,3.1847711601177826
2016-05-26,3.1919615651490347
2016-05-27,3.2384212616747297
2016-05-31,3.2124687767262725
2016-06-01,3.210762664568822
2016-06-02,3.2134575620040176
2016-06-03,3.2047042252276796
2016-06-06,3.1548546360709344
2016-06-07,3.1528879040679265
2016-06-08,3.1481225099063104
2016-06-09,3.1641812269847547
2016-06-10,3.1714979156890704
2016-06-13,3.162806189929807
2016-06-14,3.181905749979007
2016-06-15,3.189200864616116
2016-06-16,3.19034856370854
2016-06-17,3.186085198700104
2016-06-20,3.1751438706830792
2016-06-21,3.1981529014979566
2016-06-22,3.207732124947712
2016-06-23,3.1007141261225546
2016-06-24,2.948352186811115
2016-06-27,2.9592513921259225
2016-06-28,2.930942166546997
2016-06-29,2.906379305464067
2016-06-30,2.9046836080233693
2016-07-01,2.901769573525118
2016-07-05,2.9023133733995348
2016-07-06,2.931553924042596
2016-07-07,2.904770168024327
2016-07-08,2.9111242146354988
2016-07-11,2.8974126780066176
2016-07-12,2.921637314530514
2016-07-13,2.9468629513654636
2016-07-14,2.9094344973831863
2016-07-15,2.957308568955286
2016-07-18,2.939851167902783
2016-07-19,2.9532718465614503
2016-07-20,2.9396126736522628
2016-07-21,2.930678231508845
2016-07-22,2.9544443285327047
2016-07-25,2.9611886671902323
2016-07-26,2.9518134360488486
2016-07-27,2.9646067352658942
2016-07-28,2.9546827816680516
2016-07-29,2.929958145458977
2016-08-01,2.914408005659452
2016-08-02,2.9489065688048126
2016-08-03,2.950507429884499
2016-08-04,2.9688255223630096
2016-08-05,2.940066563821921
2016-08-08,2.9439961908276926
2016-08-09,2.794518838018825
2016-08-10,2.880273747459281
2016-08-11,2.851464273860138
2016-08-12,2.8681803630318723
2016-08-15,2.850532571752203
2016-08-16,2.8538380193610404
2016-08-17,2.8333061712837018
2016-08-18,2.8280575258820853
2016-08-19,2.7414337799067323
2016-08-22,2.691706539968896
2016-08-23,2.639948964569692
2016-08-24,2.65169392157253
2016-08-25,2.7218208467729457
2016-08-26,2.824380010484277
2016-08-29,2.8411753410391194
2016-08-30,2.7413372747946045
2016-08-31,2.483940352440406
2016-09-01,2.5573233717990504
2016-09-02,2.557081212247878
2016-09-06,2.470986097663208
2016-09-07,2.5013448137265275
2016-09-08,2.4402378765301216
2016-09-09,2.5008150463620717
2016-09-12,2.446391172518032
2016-09-13,2.4788488445270525
2016-09-14,2.552477482716455
2016-09-15,2.530820563001695
2016-09-16,2.508954306106095
2016-09-19,2.4349923969453746
2016-09-20,2.5300963057976165
2016-09-21,2.367527871073323
2016-09-22,2.229470504325008
2016-09-23,2.3735139622381523
2016-09-26,2.420859238377249
2016-09-27,2.3373454880382707
2016-09-28,2.3536517413360505
2016-09-29,2.4623325628012873
2016-09-30,2.422584112215203
2016-10-03,2.496111386589381
2016-10-04,2.8126102733626137
2016-10-05,2.73686329118321
2016-10-06,2.7711718677837487
2016-10-07,2.785851382204258
2016-10-10,2.6034373730470275
2016-10-11,2.484749416078383
2016-10-12,2.4459635126397568
2016-10-13,2.3900473638556803
2016-10-14,2.497049703091618
2016-10-17,2.722413534811811
2016-10-18,2.7061679696450502
2016-10-19,2.7184467241057404
2016-10-20,2.7320035732649184
2016-10-21,2.7945364325967805
2016-10-24,2.842525135570586
2016-10-25,2.7791392046134265
2016-10-26,2.73416395604639
2016-10-27,2.707412338857837
2016-10-28,2.649859861959465
2016-10-31,2.6736063308659497
2016-11-01,2.6754942601644034
2016-11-02,2.6898760077754593
2016-11-03,2.505681821976549
2016-11-04,2.4957592524192664
2016-11-07,2.455899797993185
2016-11-08,2.4305053691221055
2016-11-09,2.419044448318288
2016-11-10,2.4253734277981502
2016-11-11,2.6064406285563573
2016-11-14,2.5811060664816923
2016-11-15,2.643846009978739
2016-11-16,2.725722518522088
2016-11-17,2.681648130671627
2016-11-18,2.7439847047297237
2016-11-21,2.7670053762032167
2016-11-22,2.746651830460858
2016-11-23,2.8014627156232454
2016-11-25,2.8023038132759495
2016-11-28,2.8708164786898864
2016-11-29,2.92906730777922
2016-11-30,2.842757748062413
2016-12-01,2.8942743725977387
2016-12-02,2.8923597113443558
2016-12-05,2.900330614568446
2016-12-06,2.85521884142016
2016-12-07,2.8142981763996118
2016-12-08,2.7350739487977385
2016-12-09,2.70315186355638
2016-12-12,2.79452805886675
2016-12-13,2.745789101212309
2016-12-14,2.8093669473577845
2016-12-15,2.800197500231151
2016-12-16,2.8484294043177236
2016-12-19,2.861167901312482
2016-12-20,2.8867475708876076
2016-12-21,2.8952548532092575
2016-12-22,2.9126020197727884
2016-12-23,2.9203710323610546
2016-12-27,2.9077525634157473
2016-12-28,2.922733369483809
2016-12-29,2.9219966602565206
2016-12-30,2.933295607370568
2017-01-03,2.8993755931803538
2017-01-04,2.9009697164368995
2017-01-05,2.954523891071531
2017-01-06,2.9368616062712807
2017-01-09,2.907758075474204
2017-01-10,2.909633524343669
2017-01-11,2.913060737699934
2017-01-12,2.9071996979320214
2017-01-13,2.96435981595975
2017-01-17,3.014641557766489
2017-01-18,3.031161205756077
2017-01-19,3.084591904690141
2017-01-20,3.0957981444807
2017-01-23,3.4955742367313496
2017-01-24,3.339245108108741
2017-01-25,3.3449999956272043
2017-01-26,3.1420893654124193
2017-01-27,3.2308546897341412
2017-01-30,3.3052020573529357
2017-01-31,3.253387954361964
2017-02-01,3.1386727434851407
2017-02-02,3.1482501139326518
2017-02-03,2.9789402674565024
2017-02-06,2.989510560379562
2017-02-07,2.9483486667591
2017-02-08,3.0649510822422683
2017-02-09,3.037412409770577
2017-02-10,2.848618898247355
2017-02-13,3.6580084619734827
2017-02-14,3.558589686800965
2017-02-15,3.8193216336307634
2017-02-16,3.765845674673755
2017-02-17,3.7164540937431414
2017-02-21,3.8950631450526556
2017-02-22,3.8620745490959
2017-02-23,3.8534240282738286
2017-02-24,3.9343851930892453
2017-02-27,3.8020189728490124
2017-02-28,3.8992903459699666
2017-03-01,3.9418761808478617
2017-03-02,4.062311373828122
2017-03-03,4.066643502551336
2017-03-06,4.136033370798228
2017-03-07,4.120869476031589
2017-03-08,3.9865175202931615
2017-03-09,4.027826120402423
2017-03-10,4.001277768879307
2017-03-13,4.087028346961511
2017-03-14,4.031489683932411
2017-03-15,4.000492338294264
2017-03-16,4.038552122862139
2017-03-17,4.117172766228729
2017-03-20,4.09291240349695
2017-03-21,4.101139991631716
2017-03-22,4.113125895836644
2017-03-23,4.075021270350022
2017-03-24,4.084760703060289
2017-03-27,4.064166632884496
2017-03-28,4.111432209945253
2017-03-29,4.0738030056057095
2017-03-30,4.0207556186165805
2017-03-31,3.991153262603168
2017-04-03,4.201138670026592
2017-04-04,4.1143665897806185
2017-04-05,4.138530525121366
2017-04-06,4.065987432320767
2017-04-07,4.117664412318059
2017-04-10,4.133421738298473
2017-04-11,4.182056645639226
2017-04-12,4.221111142603915
2017-04-13,4.252713887020972
2017-04-17,4.22733077189659
2017-04-18,4.268105928939361
2017-04-19,4.302552161690672
2017-04-20,4.3320402472423325
2017-04-21,4.307869691136861
2017-04-24,4.24185174932938
2017-04-25,4.160666340296953
2017-04-26,4.187557563991319
2017-04-27,4.176454937035373
2017-04-28,4.132201430910321
2017-05-01,4.163263053164178
2017-05-02,4.158969727297154
2017-05-03,4.121929089458261
2017-05-04,4.107161294847231
2017-05-05,4.102693132374554
2017-05-08,4.114357986508921
2017-05-09,4.061491312773564
2017-05-10,4.106930163468749
2017-05-11,4.109174430823685
2017-05-12,4.108318698853949
2017-05-15,4.04710964449239
2017-05-16,4.085473469892503
2017-05-17,4.095084386811242
2017-05-18,4.086134298094809
2017-05-19,4.077491295968851
2017-05-22,4.084922067735288
2017-05-23,4.0795799446521634
2017-05-24,4.108082067968025
2017-05-25,4.1220560061678455
2017-05-26,4.092393095588503
2017-05-30,4.009904365051168
2017-05-31,4.0430476933700525
2017-06-01,4.023560766534697
2017-06-02,4.016944732388052
2017-06-05,4.022363255382318
2017-06-06,4.085508961978639
2017-06-07,4.156492800296668
2017-06-08,4.128733709474444
2017-06-09,4.137845466536848
2017-06-12,4.034653425567096
2017-06-13,4.0127956449717495
2017-06-14,3.9783871123540377
2017-06-15,4.024229485187541
2017-06-16,4.030514822787625
2017-06-19,4.033057737690013
2017-06-20,4.094150793224937
2017-06-21,4.095894800763285
2017-06-22,4.113205170830424
2017-06-23,4.238342743647844
2017-06-26,4.2002446881765225
2017-06-27,4.189360087495708
2017-06-28,4.186874099474766
2017-06-29,4.233126159861619
2017-06-30,4.241198245835722
2017-07-03,4.149343299971572
2017-07-05,2.0825427942769754
2017-07-06,2.096132767351379
2017-07-07,2.0960910635357375
2017-07-10,2.0840440022434463
2017-07-11,2.1041371012739067
2017-07-12,2.081540712298593
2017-07-13,2.0749865680460613
2017-07-14,2.11462586437631
2017-07-17,2.1024031714481515
2017-07-18,2.10505599101828
2017-07-19,2.0873684087354953
2017-07-20,2.0910919225211657
2017-07-21,2.0500146813520526
2017-07-24,2.041018201197578
2017-07-25,1.9452018765131196
2017-07-26,2.0917397720218363
2017-07-27,2.1300380188398225
2017-07-28,2.186723700036417
2017-07-31,2.15688625861111
2017-08-01,2.2177134643900116
2017-08-02,2.1617286680972656
2017-08-03,2.21774045418277
2017-08-04,2.2338189377605024
2017-08-07,2.2096059636578813
2017-08-08,2.2220300942298663
2017-08-09,2.3814072718320674
2017-08-10,2.281302040492198
2017-08-11,2.2864726896002514
2017-08-14,2.2799278846766535
2017-08-15,2.3036520401494642
2017-08-16,2.312299430622343
2017-08-17,2.3461031309976597
2017-08-18,2.2944100901561986
2017-08-21,2.2821610739416185
2017-08-22,2.3022620432803156
2017-08-23,2.295058452022564
2017-08-24,2.279428061548944
2017-08-25,2.2781037635236876
2017-08-28,2.2719915726422406
2017-08-29,2.2661513762450376
2017-08-30,2.2636342717649667
2017-08-31,2.3393123879253435
2017-09-01,2.269610592036176
2017-09-05,2.257301540850875
2017-09-06,2.252837918444265
2017-09-07,2.268563582449667
2017-09-08,2.2984368590936968
2017-09-11,2.2878238625430725
2017-09-12,2.293468633403034
2017-09-13,2.290823904613061
2017-09-14,2.2914099110561654
2017-09-15,2.309534155167307
2017-09-18,2.3081940281873257
2017-09-19,2.3156933029706086
2017-09-20,2.3734205852686516
2017-09-21,2.3897786989126866
2017-09-22,2.3805761048783634
2017-09-25,2.370776605429226
2017-09-26,2.4006169686038543
2017-09-27,2.2895481551756283
2017-09-28,2.3738724611290642
2017-09-29,2.3932382725379604
2017-10-02,2.392447878854331
2017-10-03,2.3736278806487148
2017-10-04,2.3848880819550793
2017-10-05,2.3797881327851083
2017-10-06,2.403943360295018
2017-10-09,2.4094038235368105
2017-10-10,2.395794494200743
2017-10-11,2.3715291915848735
2017-10-12,2.3891911944342494
2017-10-13,2.369190523134739
2017-10-16,2.3641051146773053
2017-10-17,2.364259380741174
2017-10-18,2.3601649900258344
2017-10-19,2.3749248343366953
2017-10-20,2.376372049992564
2017-10-23,2.3906149904554765
2017-10-24,2.398177634001421
2017-10-25,2.39646658456421
2017-10-26,2.397377669238116
2017-10-27,2.421321704854557
2017-10-30,2.4255512111854047
2017-10-31,2.4552677497916964
2017-11-01,2.4583459928646225
2017-11-02,2.4570458676784934
2017-11-03,2.462222747921034
2017-11-06,2.4459511799670106
2017-11-07,2.4656908963585042
2017-11-08,2.4469267215542003
2017-11-09,2.4613151815820555
2017-11-10,2.3583268282361733
2017-11-13,2.2299087087781273
2017-11-14,2.3154567310927154
2017-11-15,2.3018614921627147
2017-11-16,2.2204241656641726
2017-11-17,2.245722066572755
2017-11-20,2.2762355927676827
2017-11-21,2.2930696087944664
2017-11-22,2.301065155263815
2017-11-24,2.2838240324973964
2017-11-27,2.2656974892712096
2017-11-28,2.272936457299368
2017-11-29,2.267654233943855
2017-11-30,2.3008263495214125
2017-12-01,2.2641043704620887
2017-12-04,2.2569199493563343
2017-12-05,2.270922774450824
2017-12-06,2.2805142290317817
2017-12-07,2.300766744667845
2017-12-08,2.2973957457306162
2017-12-11,2.349572305543435
2017-12-12,2.2732245713447456
2017-12-13,2.301168838710627
2017-12-14,2.25728190476248
2017-12-15,2.269569748910439
2017-12-18,2.2146909976149236
2017-12-19,2.2152312203580724
2017-12-20,2.1422066634238797
2017-12-21,2.147442381142674
2017-12-22,2.144422949657864
2017-12-26,2.13955933794498
2017-12-27,2.147050793087291
2017-12-28,2.160400214671046
2017-12-29,2.154183122875369
2018-01-02,2.1305132240602527
2018-01-03,2.1499910856211315
2018-01-04,2.1322341832045804
2018-01-05,2.097577444334388
2018-01-08,2.0878679461664205
2018-01-09,2.1112626796887306
2018-01-10,2.126834312440396
2018-01-11,2.1279781601629346
2018-01-12,2.127300479477742
2018-01-16,2.1043074916529374
2018-01-17,2.0346674500951485
2018-01-18,2.0769202833756064
2018-01-19,2.021030533032893
2018-01-22,2.030149647172866
2018-01-23,2.033126555421054
2018-01-24,2.0459175544880157
2018-01-25,2.0460937666981263
2018-01-26,2.105797197834756
2018-01-29,2.04161545430813
2018-01-30,2.0445651891756467
2018-01-31,2.065130289806808
2018-02-01,2.0734164503636796
2018-02-02,2.098123785245494
2018-02-05,2.1270105006068576
2018-02-06,2.0795327622003814
2018-02-07,2.151023388446552
2018-02-08,2.3665305172953848
2018-02-09,2.434955673627889
2018-02-12,2.479229453449732
2018-02-13,2.428984118984386
2018-02-14,2.4065308556114715
2018-02-15,2.3391917451051505
2018-02-16,2.3493601766478713
2018-02-20,2.3866617665245258
2018-02-21,2.3629030103719564
2018-02-22,2.379235339847241
2018-02-23,2.373073941175769
2018-02-26,2.341399585699624
2018-02-27,2.3561872298075768
2018-02-28,2.3581813637980984
2018-03-01,2.356324146724182
2018-03-02,2.3335078598482486
2018-03-05,2.318929210657231
2018-03-06,2.339510213018857
2018-03-07,2.3444981655988073
2018-03-08,2.3602253725181326
2018-03-09,2.344281612500839
2018-03-12,2.358511723967635
2018-03-13,2.3596016926779875
2018-03-14,2.3592874431635633
2018-03-15,2.353807063713577
2018-03-16,2.3552120045340077
2018-03-19,2.3723894243248385
2018-03-20,2.3696582464124996
2018-03-21,2.3524748023769093
2018-03-22,2.367640464263534
2018-03-23,2.372562648281328
2018-03-26,2.369764629621313
2018-03-27,2.3581720186135806
2018-03-28,2.3410347638443785
2018-03-29,2.3113960219822687
2018-04-02,2.311300811407289
2018-04-03,2.259128227674947
2018-04-04,2.287318565336092
2018-04-05,2.283143717724761
2018-04-06,2.1985870338085642
2018-04-09,2.3239700208381584
2018-04-10,2.4258718915625788
2018-04-11,2.5061574393625206
2018-04-12,2.5149033561955574
2018-04-13,2.6179701571343523
2018-04-16,2.6140467634308653
2018-04-17,2.6257408422121067
2018-04-18,2.6174898605892474
2018-04-19,2.601789473004461
2018-04-20,2.6084386177259278
2018-04-23,2.6182620966262378
2018-04-24,2.627681025351219
2018-04-25,2.632466467949779
2018-04-26,2.627722172058186
2018-04-27,2.6367846669485075
2018-04-30,2.6376666075383803
2018-05-01,2.6441537985071433
2018-05-02,2.62916225933695
2018-05-03,2.6166981551654427
2018-05-04,2.6173109642134973
2018-05-07,2.616003136828665
2018-05-08,2.61248869320456
2018-05-09,2.6176375117899093
2018-05-10,2.5726839444410428
2018-05-11,2.5568004997836224
2018-05-14,2.5332466303281658
2018-05-15,2.5585997813158174
2018-05-16,2.5566501092785456
2018-05-17,2.552395690645601
2018-05-18,2.5560484486386965
2018-05-21,2.5559405096939023
2018-05-22,2.5543832138288805
2018-05-23,2.5624370437884636
2018-05-24,2.553252676871987
2018-05-25,2.555079238995469
2018-05-29,2.554578892157728
2018-05-30,2.5544957920911133
2018-05-31,2.553746600700205
2018-06-01,2.567645572489656
2018-06-04,2.567066849132505
2018-06-05,2.5695102803235015
2018-06-06,2.563834488281808
2018-06-07,2.522340925335403
2018-06-08,2.5242957299645443
2018-06-11,2.5163241517939823
2018-06-12,2.5502464897603194
2018-06-13,2.608371581827575
2018-06-14,2.6143382510726063
2018-06-15,2.599648976911742
2018-06-18,2.6137891058017293
2018-06-19,2.64080187791509
2018-06-20,2.6331170294067365
2018-06-21,2.6325627378787764
2018-06-22,2.619286569230953
2018-06-25,2.6517230736100315
2018-06-26,2.654239021118803
2018-06-27,2.6404276563078026
2018-06-28,2.64344106253857
2018-06-29,2.636987646112176
2018-07-02,2.6505460468878104
2018-07-03,2.6835504606392986
2018-07-05,3.5828993723423643
2018-07-06,4.328657591881269
2018-07-09,4.3114097430769815
2018-07-10,4.291509965094802
2018-07-11,4.2871321152729855
2018-07-12,4.346347795710149
2018-07-13,4.308278628253553
2018-07-16,4.27281202499123
2018-07-17,4.229582555900028
2018-07-18,4.272144301760114
2018-07-19,4.321496648119419
2018-07-20,4.31044235263896
2018-07-23,4.35987072353053
2018-07-24,4.342177912556537
2018-07-25,4.435440032258072
2018-07-26,4.370213571123435
2018-07-27,4.289046019062724
2018-07-30,4.235323020533557
2018-07-31,4.241730425307658
2018-08-01,4.173012881037379
2018-08-02,4.188833593148087
2018-08-03,4.092245465672011
2018-08-06,4.0677156663918765
2018-08-07,4.0298145634398015
2018-08-08,4.003749444938944
2018-08-09,3.984967164985535
2018-08-10,3.969162465731235
2018-08-13,3.9553909884202456
2018-08-14,3.975882524491547
2018-08-15,3.9531571431218597
2018-08-16,3.91595995564144
2018-08-17,3.869212187431109
2018-08-20,3.917691957814496
2018-08-21,3.9319577546071067
2018-08-22,3.934598136469373
2018-08-23,3.987076920357693
2018-08-24,4.001308704541918
2018-08-27,4.035782888756945
2018-08-28,4.005683200722966
2018-08-29,4.004909630816271
2018-08-30,4.010579819958967
2018-08-31,4.032194099077694
2018-09-04,3.77853503010255
2018-09-05,3.764072050879642
2018-09-06,3.7642302715891653
2018-09-07,3.7574136777787244
2018-09-10,3.734628283315169
2018-09-11,3.7376099994740093
2018-09-12,3.8261934800648585
2018-09-13,3.7851132648433063
2018-09-14,3.780159159026003
2018-09-17,3.778813402563772
2018-09-18,3.726737007402487
2018-09-19,3.679532223430693
2018-09-20,3.5626740420338248
2018-09-21,3.625703682413388
2018-09-24,3.611046678260315
2018-09-25,3.630889570968635
2018-09-26,3.597848282335145
2018-09-27,3.7885416687021864
2018-09-28,3.7014395482882585
2018-10-01,3.662476995593824
2018-10-02,3.6614736403348607
2018-10-03,3.6581752507610705
2018-10-04,3.6544468301204738
2018-10-05,3.6557935419698446
2018-10-08,3.620015905074362
2018-10-09,3.646446544672136
2018-10-10,3.6800031877427934
2018-10-11,3.672777466111999
2018-10-12,3.6927510232840115
2018-10-15,3.7256658378731817
2018-10-16,3.7569511515906995
2018-10-17,3.8919884973784415
2018-10-18,3.95563534052202
2018-10-19,3.9326031115791813
2018-10-22,3.9504387203252502
2018-10-23,3.9721427248961403
2018-10-24,4.069349390157233
2018-10-25,3.96926118038618
2018-10-26,3.9984977777892383
2018-10-29,4.098077895661949
2018-10-30,3.958983298655961
2018-10-31,3.9430237828178147
2018-11-01,3.8601242159999964
2018-11-02,3.9983802492404026
2018-11-05,3.9685488903760993
2018-11-06,3.9754765292372793
2018-11-07,3.9337265266381687
2018-11-08,3.9670567445708937
2018-11-09,3.9650266263659084
2018-11-12,4.164332935326226
2018-11-13,4.152089977854763
2018-11-14,4.054605360148486
2018-11-15,4.05004459949152
2018-11-16,4.064131443910444
2018-11-19,4.105245575779616
2018-11-20,4.049019432264625
2018-11-21,3.9972793852082136
2018-11-23,4.015108049054275
2018-11-26,3.997997004990071
2018-11-27,3.9933932531966057
2018-11-28,3.9144245915176463
2018-11-29,3.925316892502519
2018-11-30,3.9048517591340914
2018-12-03,3.912977767625874
2018-12-04,3.963120480610209
2018-12-06,4.014066496357857
2018-12-07,4.028866328609266
2018-12-10,4.025268343818628
2018-12-11,4.058305227227694
2018-12-12,4.055871622851258
2018-12-13,4.035246072557475
2018-12-14,4.049379893970004
2018-12-17,4.067927621541207
2018-12-18,4.055498884376397
2018-12-19,4.074390274106042
2018-12-20,4.074968313638497
2018-12-21,4.186851324795103
2018-12-24,4.176517763504882
2018-12-26,4.1446459414261305
2018-12-27,4.108979393834868
2018-12-28,4.118588893696213
2018-12-31,4.08358966536912
2019-01-02,4.094206752575985
2019-01-03,4.155745713641519
2019-01-04,4.02410476332125
2019-01-07,3.9458918538416783
2019-01-08,3.975861539907628
2019-01-09,4.008550289683409
2019-01-10,3.965754089154262
2019-01-11,4.0092969598081
2019-01-14,3.9931371137734253
2019-01-15,3.9911876388599232
2019-01-16,3.9957476650597457
2019-01-17,3.704830460613566
2019-01-18,3.792003406698908
2019-01-22,3.865650842583724
2019-01-23,3.8525316018660534
2019-01-24,3.855183199363513
2019-01-25,3.8294802555434804
2019-01-28,3.899268828236283
2019-01-29,3.9050229715278464
2019-01-30,3.626501135515245
2019-01-31,3.6922782528732987
2019-02-01,3.714803097779041
2019-02-04,3.7015076404471516
2019-02-05,3.699450532847934
2019-02-06,3.6688010381400757
2019-02-07,3.510860786864392
2019-02-08,3.4442176175316708
2019-02-11,3.4042175029478137
2019-02-12,3.271963404622338
2019-02-13,3.3455823156334605
2019-02-14,3.3789816420625036
2019-02-15,3.457877479928109
2019-02-19,3.440822063856501
2019-02-20,3.411511826928583
2019-02-21,3.3907101193797327
2019-02-22,3.377978067767103
2019-02-25,3.39980147243755
2019-02-26,3.390686660027192
2019-02-27,3.401644444174388
2019-02-28,3.3705417013095293
2019-03-01,3.4095785708466924
2019-03-04,3.367245725056574
2019-03-05,3.4041893650160326
2019-03-06,3.436197156167305
2019-03-07,3.3969678855487637
2019-03-08,3.3914936509948377
2019-03-11,3.354999941957016
2019-03-12,3.400396231219573
2019-03-13,3.4038235519927285
2019-03-14,3.4120496923962977
2019-03-15,3.3894901377197497
2019-03-18,3.4093006072847167
2019-03-19,3.418278467896649
2019-03-20,3.411036012707393
2019-03-21,3.439756474674951
2019-03-22,3.4333025488635385
2019-03-25,3.4297228154937316
2019-03-26,3.4092474259460452
2019-03-27,3.4227150594113636
2019-03-28,3.4288125544581898
2019-03-29,3.4524934746824725
2019-04-01,3.5212275837598686
2019-04-02,3.516680669218304
2019-04-03,3.5676286290649615
2019-04-04,3.5301730965861142
2019-04-05,3.5648419209361277
2019-04-08,3.451845669932239
2019-04-09,3.306286733921417
2019-04-10,3.1138063117781885
2019-04-11,3.005295255314816
2019-04-12,2.9808336031651366
2019-04-15,3.005917256124728
2019-04-16,3.1785139274163807
2019-04-17,3.166607227271987
2019-04-18,3.162458505222343
2019-04-22,3.16776616086291
2019-04-23,3.163339443598181
2019-04-24,3.186919875297394
2019-04-25,3.180640659379577
2019-04-26,3.1711789988599186
2019-04-29,3.1867260337182572
2019-04-30,3.167783892049526
2019-05-01,3.156367873316792
2019-05-02,3.127835193144839
2019-05-03,3.137865682785544
2019-05-06,3.153905701182663
2019-05-07,3.153896797999103
2019-05-08,3.1400963906135746
2019-05-09,3.1546436652584515
2019-05-10,3.138677868243488
2019-05-13,3.2012891336647487
2019-05-14,3.205878010179076
2019-05-15,3.2330482405916374
2019-05-16,3.2028691158915454
2019-05-17,3.2181927238353514
2019-05-20,3.219122168794117
2019-05-21,3.2039302184874674
2019-05-22,3.2085530342704636
2019-05-23,3.2403514295850684
2019-05-24,3.2237363415971845
2019-05-28,3.2359772815576746
2019-05-29,3.241971262617398
2019-05-30,3.24060777275521
2019-05-31,3.323289235045157
2019-06-03,3.2950195480970854
2019-06-04,3.2690610568595804
2019-06-05,3.250617245506056
2019-06-06,3.238132420429185
2019-06-07,3.2327021689196895
2019-06-10,3.2089695309024227
2019-06-11,3.208189520797395
2019-06-12,3.24028054296048
2019-06-13,3.193513484725026
2019-06-14,3.1453738458732627
2019-06-17,3.120205458374134
2019-06-18,3.1138921492128397
2019-06-19,3.080810654272219
2019-06-20,2.981103939311311
2019-06-21,2.9979380843721968
2019-06-24,3.003298211698076
2019-06-25,3.0140582038700265
2019-06-26,2.9521312607759342
2019-06-27,2.9586306258535457
2019-06-28,2.995064718629305
2019-07-01,2.942599633654179
2019-07-02,2.9421562843880285
2019-07-03,2.934938279469688
2019-07-05,2.9767284821948756
2019-07-08,2.9549392268183436
2019-07-09,2.956719436331943
2019-07-10,2.9152957789965233
2019-07-11,3.1059967207866683
2019-07-12,3.0843115516476542
2019-07-15,3.1221200524781674
2019-07-16,3.1395246139584345
2019-07-17,3.166915341283362
2019-07-18,3.2070293185533485
2019-07-19,3.171072302324354
2019-07-22,3.089076092390186
2019-07-23,3.1094681969486464
2019-07-24,3.1533141705000034
2019-07-25,3.1831615856349553
2019-07-26,3.199285947278747
2019-07-29,3.1741987990365366
2019-07-30,3.1794551479985094
2019-07-31,3.1854362773573284
2019-08-01,3.210224734996042
2019-08-02,3.169469688055879
2019-08-05,3.17235817354879
2019-08-06,3.1942720935362208
2019-08-07,3.161678231410881
2019-08-08,3.1987211621330607
2019-08-09,3.2377529598432258
2019-08-12,3.2423175638628443
2019-08-13,3.2134539118753898
2019-08-14,3.254208523870915
2019-08-15,3.2477483684924557
2019-08-16,3.2288657480318252
2019-08-19,3.22157783096466
2019-08-20,3.2371651510859776
2019-08-21,3.2238264999633506
2019-08-22,3.1988349334526487
2019-08-23,3.2206883718034276
2019-08-26,3.167845978499897
2019-08-27,3.1608608192873007
2019-08-28,3.1606121180697078
2019-08-29,3.2250271013995553
2019-08-30,3.248794508999539
2019-09-03,3.264272998317964
2019-09-04,3.237859316071379
2019-09-05,3.4587024966104156
2019-09-06,3.397824070615154
2019-09-09,3.3785000997158203
2019-09-10,3.332350581486716
2019-09-11,3.332918066336214
2019-09-12,3.361993729029944
2019-09-13,3.1953522106036663
2019-09-16,3.2132112268340687
2019-09-17,3.208715783463491
2019-09-18,3.2033022950919747
2019-09-19,3.2372336905190817
2019-09-20,3.286780729860705
2019-09-23,3.332679464999614
2019-09-24,3.2783009167798607
2019-09-25,3.3155646452561447
2019-09-26,3.3095975780563522
2019-09-27,3.311339744826962
2019-09-30,3.301468008813591
2019-10-01,3.309232064285398
2019-10-02,3.330589397742884
2019-10-03,3.3549984952646223
2019-10-04,3.343501376658652
2019-10-07,3.356331806861594
2019-10-08,3.3980724410875203
2019-10-09,3.39228069519161
2019-10-10,3.4128592160462055
2019-10-11,3.3769488708092785
2019-10-14,3.3853411632537744
2019-10-15,3.348675167933317
2019-10-16,3.3556221060621376
2019-10-17,3.323518243555242
2019-10-18,3.1698988666396786
2019-10-21,3.1207857978947757
2019-10-22,3.1196778150071673
2019-10-23,3.1376481787779897
2019-10-24,3.094808596951494
2019-10-25,2.9769348994101805
2019-10-28,3.0742635929506514
2019-10-29,3.0591042187494777
2019-10-30,2.87803815483979
2019-10-31,3.026448787673877
2019-11-01,3.001379643448532
2019-11-04,3.092180919538706
2019-11-05,2.914830539954698
2019-11-06,2.9351357405873633
2019-11-07,2.8929422741842576
2019-11-08,2.935380860952099
2019-11-11,2.883592701401314
2019-11-12,2.8490128699311414
2019-11-13,2.806199863442612
2019-11-14,2.813816406370642
2019-11-15,2.805668147613338
2019-11-18,2.832112824624786
2019-11-19,2.8661454226197627
2019-11-20,2.8744758782304585
2019-11-21,2.846901555104327
2019-11-22,2.8718495361262493
2019-11-25,2.851739877756907
2019-11-26,2.882302574772068
2019-11-27,2.886579545833585
2019-11-29,2.925355006144055
2019-12-02,2.9078530945421703
2019-12-03,2.928210721549072
2019-12-04,2.8810612849597548
2019-12-05,2.808328317083789
2019-12-06,2.7297821830679943
2019-12-09,2.734350459396085
2019-12-10,2.7380275055693812
2019-12-11,2.777503645084171
2019-12-12,2.7570368619663013
2019-12-13,2.7548521682887244
2019-12-16,2.752676332818868
2019-12-17,2.734601811287774
2019-12-18,2.761074051204653
2019-12-19,2.7510121062195876
2019-12-20,2.74426592811172
2019-12-23,2.720316975382634
2019-12-24,2.718024311737913
2019-12-26,2.7346153236578017
2019-12-27,2.779535970891154
2019-12-30,2.7945364120741094
2019-12-31,2.8036616721255285
2020-01-02,2.7913959625124103
2020-01-03,2.745671675213707
2020-01-06,2.8891692885409155
2020-01-07,3.016421249186959
2020-01-08,2.9610907370045676
2020-01-09,2.9042695192505112
2020-01-10,2.9757363740200806
2020-01-13,2.8556202799095733
2020-01-14,2.8715708298377565
2020-01-15,2.9340365977248495
2020-01-16,2.913475229121343
2020-01-17,3.2652137141343296
2020-01-21,3.2002936223510376
2020-01-22,3.156540404560702
2020-01-23,3.2057466781050032
2020-01-24,3.2415924896077963
2020-01-27,3.297276600743081
2020-01-28,3.2299884102519214
2020-01-29,3.296019817017942
2020-01-30,3.7320727612269247
2020-01-31,3.758030689236799
2020-02-03,3.694878119854288
2020-02-04,3.6714969571312195
2020-02-05,3.675067811063128
2020-02-06,3.613374356277189
2020-02-07,4.0182157101350215
2020-02-10,4.0302606736303614
2020-02-11,4.005348361591915
2020-02-12,3.981786705396892
2020-02-13,3.9392242777001347
2020-02-14,3.85520841046917
2020-02-18,3.8138852094562563
2020-02-19,3.801139591584508
2020-02-20,3.8422767825729496
2020-02-21,3.8582848337438778
2020-02-24,3.9352277858697096
2020-02-25,3.9727604157971403
2020-02-26,4.023605909052019
2020-02-27,4.115813225132625
2020-02-28,4.133649454105773
2020-03-02,4.042243598039351
2020-03-03,4.0841101593878255
2020-03-04,4.105969063445894
2020-03-05,4.17237134599529
2020-03-06,4.258636206659371
2020-03-09,4.346862000539953
2020-03-10,4.260289069217863
2020-03-11,4.342101687790378
2020-03-12,4.41444973203695
2020-03-13,4.32879980740157
2020-03-16,3.940096434086281
2020-03-17,3.551811160565591
2020-03-18,3.6567210974768334
2020-03-19,3.7357681247699004
2020-03-20,3.812116916730029
2020-03-23,3.9471623037854897
2020-03-24,3.566591219912229
2020-03-25,3.662672224956844
2020-03-26,3.6288946621353624
2020-03-27,3.757448539615031
2020-03-30,3.6951519682993124
2020-03-31,3.7913351043280383
2020-04-01,3.8740730952843028
2020-04-02,3.8932965779163444
2020-04-03,3.913058632300582
2020-04-06,3.763919241730788
2020-04-07,3.7672693683421605
2020-04-08,3.7822056044280306
2020-04-09,3.8463268478679566
2020-04-13,3.853499925403589
2020-04-14,3.8260348929123933
2020-04-15,3.7438348913518333
2020-04-16,3.5957149557899206
2020-04-17,3.564252729810952
2020-04-20,3.5929178357218183
2020-04-21,3.6830299194622143
2020-04-22,3.633847598258931
2020-04-23,3.60255860961949
2020-04-24,3.652417464865882
2020-04-27,3.7125768244479564
2020-04-28,3.773103326119762
2020-04-29,3.7729033048774467
2020-04-30,3.6531589186239217
2020-05-01,3.702611871883922
2020-05-04,3.725572248649682
2020-05-05,3.7747801144965223
2020-05-06,3.762020677227953
2020-05-07,3.8823370536962445
2020-05-08,3.8613800284839837
2020-05-11,3.9498359226697013
2020-05-12,3.940588457934648
2020-05-13,3.9618103270951357
2020-05-14,4.016871551706798
2020-05-15,4.027423949692408
2020-05-18,3.982623118631676
2020-05-19,3.988461099200367
2020-05-20,4.033888074658477
2020-05-21,4.045750541691735
2020-05-22,4.028464684452955
2020-05-26,4.039142489814742
2020-05-27,4.028770121610597
2020-05-28,4.0006753538782975
2020-05-29,4.025719288305043
2020-06-01,3.993270196922552
2020-06-02,3.9338949934298233
2020-06-03,3.9568192673371945
2020-06-04,4.001850389825805
2020-06-05,4.01324477038253
2020-06-08,4.0771901516367075
2020-06-09,4.103030415356247
2020-06-10,4.074231962024939
2020-06-11,4.069768430118505
2020-06-12,4.0653077397036474
2020-06-15,4.05372290064061
2020-06-16,4.0553558289364275
2020-06-17,4.06550906600396
2020-06-18,4.095712143561473
2020-06-19,4.181446964641952
2020-06-22,4.237048841401631
2020-06-23,4.276684163724867
2020-06-24,4.1112495374605755
2020-06-25,4.1453443383702
2020-06-26,4.23659403067879
2020-06-29,4.197979108996677
2020-06-30,4.2766982327548515
2020-07-01,4.2679093892890965
2020-07-02,4.359053033285751
2020-07-06,4.2705261396422465
2020-07-07,4.336914477802875
2020-07-08,4.2520056497980105
2020-07-09,4.341323436321777
2020-07-10,4.275790166372716
2020-07-13,4.267924935072111
2020-07-14,4.306823460898229
2020-07-15,4.20264600611918
2020-07-16,4.214552036719601
2020-07-17,4.249041534553878
2020-07-20,4.324655981276218
2020-07-21,4.4708521122836755
2020-07-22,4.522513922091193
2020-07-23,4.487195286140916
2020-07-24,4.482186686718196
2020-07-27,4.506071331877635
2020-07-28,4.48420273734018
2020-07-29,4.486053119925549
2020-07-30,4.48234474123616
2020-07-31,4.518387049007651
2020-08-03,4.520285255560557
2020-08-04,4.506483735140254
2020-08-05,4.493594006334345
2020-08-06,4.513560062164142
2020-08-07,4.467750532846404
2020-08-10,4.43375796475613
2020-08-11,4.4471317962454044
2020-08-12,4.458301157151528
2020-08-13,4.447651380405051
2020-08-14,4.474941583346666
2020-08-17,4.471398853653202
2020-08-18,4.4687819845181975
2020-08-19,4.446049587066283
2020-08-20,4.412000887884292
2020-08-21,4.445720980461828
2020-08-24,4.426992514270087
2020-08-25,4.438377668417196
2020-08-26,4.4251571938690315
2020-08-27,4.389416625778214
2020-08-28,4.338194422824218
2020-08-31,4.30982799221713
2020-09-01,4.26712106524944
2020-09-02,4.30332502651715
2020-09-03,4.309794630592053
2020-09-04,4.339614043708555
2020-09-08,4.382419647318147
2020-09-09,4.438548550720703
2020-09-10,4.436811183965454
2020-09-11,4.39111142344415
2020-09-14,4.3753997202695905
2020-09-15,4.371835507635891
2020-09-16,4.369075058231793
2020-09-17,4.49517972501416
2020-09-18,4.509543132260803
2020-09-21,4.510339568200946
2020-09-22,4.50593658160646
2020-09-23,4.486649795422846
2020-09-24,4.497566920502311
2020-09-25,4.502045309490617
2020-09-28,4.491806164272972
2020-09-29,4.483197268169573
2020-09-30,4.469002701192607
2020-10-01,4.456605280165941
2020-10-02,4.446570434087677
2020-10-05,4.444992252755101
2020-10-06,4.4369400454075985
2020-10-07,4.41348626054724
2020-10-08,4.417139240835993
2020-10-09,4.386165237734212
2020-10-12,4.4120783391797325
2020-10-13,4.4266608998400825
2020-10-14,4.435901333227026
2020-10-15,4.432219731114326
2020-10-16,4.386965040697146
2020-10-19,4.407670861878632
2020-10-20,4.395211745563545
2020-10-21,4.397085788396031
2020-10-22,4.380527655448693
2020-10-23,4.376761816416493
2020-10-26,4.38858653209511
2020-10-27,4.372840445765977
2020-10-28,4.385199528924052
2020-10-29,4.416436378330455
2020-10-30,4.3902770719204485
2020-11-02,4.365787393324319
2020-11-03,4.336655246204287
2020-11-04,4.327847902555138
2020-11-05,4.284893977470136
2020-11-06,4.317563817682322
2020-11-09,4.210466653555832
2020-11-10,4.1261214832474336
2020-11-11,4.192491773399885
2020-11-12,4.322921886229056
2020-11-13,4.308063831586094
2020-11-16,4.294731830297048
2020-11-17,4.3028059131919
2020-11-18,4.311421323232408
2020-11-19,4.289829793157253
2020-11-20,4.299667306583648
2020-11-23,4.301233660046753
2020-11-24,4.258571515967276
2020-11-25,4.280229868862243
2020-11-27,4.303050744750899
2020-11-30,4.3972736237918735
2020-12-01,4.4028139964884385
2020-12-02,4.4029958854888775
2020-12-03,4.430619479994475
2020-12-04,4.412622079941498
2020-12-07,4.442813420594851
2020-12-08,4.552458855873881
2020-12-09,4.562907403686816
2020-12-10,4.546521595781711
2020-12-11,4.558139318549842
2020-12-14,4.558619849573896
2020-12-15,4.5347721320296
2020-12-16,4.5512882997269895
2020-12-17,4.551078657556055
2020-12-18,4.553830352349792
2020-12-21,4.579217443245755
2020-12-22,4.574790527841358
2020-12-23,4.60409131645063
2020-12-24,4.574652353238234
2020-12-28,4.609560383256195
2020-12-29,4.582243977620774
2020-12-30,4.608880867614778
2020-12-31,4.619755535462859
2021-01-04,4.633193020902469
2021-01-05,4.623964241162847
2021-01-06,4.6096103873714505
2021-01-07,4.61317253108099
2021-01-08,4.608428724081152
2021-01-11,4.612701920209233
2021-01-12,4.642359131789564
2021-01-13,4.644181548109196
2021-01-14,4.618707785694842
2021-01-15,4.686670786063582
2021-01-19,4.726158878196801
2021-01-20,4.681329301185817
2021-01-21,4.661357547974669
2021-01-22,4.645680351514797
2021-01-25,4.610897748658055
2021-01-26,4.640023486934726
2021-01-27,4.662224298670296
2021-01-28,4.633093702769374
2021-01-29,4.7069489583977555
2021-02-01,4.643505964519441
2021-02-02,4.63943383272511
2021-02-03,4.641666525841336
2021-02-04,4.627744863991706
2021-02-05,4.683300761726847
2021-02-08,4.63115797727932
2021-02-09,4.5547805780111
2021-02-10,4.6302552233027185
2021-02-11,4.650633495197822
2021-02-12,4.607783802469255
2021-02-16,4.632956943068015
2021-02-17,4.6221228128697875
2021-02-18,4.624421256160313
2021-02-19,4.62172316222234
2021-02-22,4.57887032621436
2021-02-23,4.527865270512154
2021-02-24,4.472440585161939
2021-02-25,4.484681573496393
2021-02-26,4.485625912499931
2021-03-01,4.470835448939982
2021-03-02,4.492102785490341
2021-03-03,4.487746320054776
2021-03-04,4.465521970090119
2021-03-05,4.425381193219897
2021-03-08,4.39086424086967
2021-03-09,4.328916197774636
2021-03-10,4.397940673444163
2021-03-11,4.286210428873802
2021-03-12,4.17959931376071
2021-03-15,4.247618805624464
2021-03-16,4.273212965195067
2021-03-17,4.591140037814134
2021-03-18,4.566481028111645
2021-03-19,4.4475078415480045
2021-03-22,4.357722813970029
2021-03-23,4.33305153986326
2021-03-24,4.8920936469393395
2021-03-25,4.788555317267495
2021-03-26,4.819816097849135
2021-03-29,4.725821340328171
2021-03-30,4.863898890795491
2021-03-31,4.55444072192013
2021-04-01,4.521021811460845
2021-04-05,4.473154554927486
2021-04-06,4.5017970720205245
2021-04-07,4.717347229272911
2021-04-08,4.7006832249071335
2021-04-09,4.752634931757179
2021-04-12,4.819584872275853
2021-04-13,4.825514639089324
2021-04-14,4.852102338066042
2021-04-15,4.686947837468709
2021-04-16,4.68750891774389
2021-04-19,4.829912663497617
2021-04-20,4.805077474202927
2021-04-21,4.686560486281009
2021-04-22,4.7601600352542315
2021-04-23,4.7455839342922035
2021-04-26,4.7001181936895176
2021-04-27,4.723426349757832
2021-04-28,4.6923419439908916
2021-04-29,4.709056559201076
2021-04-30,4.91731530309348
2021-05-03,4.8229631138430955
2021-05-04,4.82837975711298
2021-05-05,4.79511880735161
2021-05-06,4.808802608414898
2021-05-07,4.760457184848225
2021-05-10,4.794405733886902
2021-05-11,4.675106979879365
2021-05-12,4.72228018165052
2021-05-13,4.6774297222973935
2021-05-14,4.61398993813976
2021-05-17,4.614160300432583
2021-05-18,4.677262527266308
2021-05-19,4.657645800412877
2021-05-20,4.629216016336682
2021-05-21,4.617626132807445
2021-05-24,4.606800276314192
2021-05-25,4.61080965802579
2021-05-26,4.608346950667848
2021-05-27,4.627297543609862
2021-05-28,4.603127742493423
2021-06-01,4.548564869844777
2021-06-02,4.662641590268648
2021-06-03,4.651521450014441
2021-06-04,4.613776246227326
2021-06-07,4.625240038925071
2021-06-08,4.579847945697241
2021-06-09,4.5712820952597
2021-06-10,4.581475920348803
2021-06-11,4.558877023625514
2021-06-14,4.593265475544447
2021-06-15,4.506473612231165
2021-06-16,4.594190621833787
2021-06-17,4.634883217898688
2021-06-18,4.638523796594036
2021-06-21,4.591761712442775
2021-06-22,4.488276307633655
2021-06-23,4.466199453880439
2021-06-24,4.751048842271479
2021-06-25,4.493279299101912
2021-06-28,4.508471176814848
2021-06-29,4.570938039099466
2021-06-30,4.564076207631888
2021-07-01,4.549151421786333
2021-07-02,4.442227172972382
2021-07-06,4.515865843768122
2021-07-07,4.467539572081173
2021-07-08,4.6879205591015936
2021-07-09,4.588433080182715
2021-07-12,4.539210242700319
2021-07-13,4.655212476373263
2021-07-14,4.6058906576073975
2021-07-15,4.694479370848139
2021-07-16,4.703360873997963
2021-07-19,4.746013304460873
2021-07-20,4.630987186620027
2021-07-21,4.549584992943421
2021-07-22,4.471529358684476
2021-07-23,4.448342840104508
2021-07-26,4.44759099497216
2021-07-27,4.449890193223553
2021-07-28,4.443767212087824
2021-07-29,4.446866731637477
2021-07-30,4.432540691166276
2021-08-02,4.389641135042418
2021-08-03,4.3970378181413095
2021-08-04,4.4608393821489
2021-08-05,4.410840908906238
2021-08-06,4.361631922553082
2021-08-09,4.411105635159092
2021-08-10,4.488645197561145
2021-08-11,4.438815992786754
2021-08-12,4.4815114145462704
2021-08-13,4.525161674614799
2021-08-16,4.510130488124034
2021-08-17,4.540056610150648
2021-08-18,4.587166810781878
2021-08-19,4.62537308632668
2021-08-20,4.70970051709731
2021-08-23,4.33518654873039
2021-08-24,4.324491631581335
2021-08-25,4.341098995292388
2021-08-26,4.359639121975046
2021-08-27,4.353293414679494
2021-08-30,4.369887209064462
2021-08-31,4.389449667913278
2021-09-01,4.368111517954212
2021-09-02,4.381267273786313
2021-09-03,4.36487316665403
2021-09-07,4.39734583348134
2021-09-08,4.398488361443548
2021-09-09,4.341615834800126
2021-09-10,4.33829204073479
2021-09-13,4.406080679268675
2021-09-14,4.424335977620619
2021-09-15,4.393343262785897
2021-09-16,4.410805623243134
2021-09-17,4.319653972604885
2021-09-20,4.42828539074442
2021-09-21,4.409533060455979
2021-09-22,4.415791085002456
2021-09-23,4.425187127593538
2021-09-24,4.444343162570943
2021-09-27,4.513438128404613
2021-09-28,4.553112829803599
2021-09-29,4.566882284732478
2021-09-30,4.474803373387891
2021-10-01,4.4783691561672745
2021-10-04,4.52094163177604
2021-10-05,4.445656910422699
2021-10-06,4.508317663037642
2021-10-07,4.502018636436582
2021-10-08,4.566028259437615
2021-10-11,4.5361237517099795
2021-10-12,4.547967564713997
2021-10-13,4.5071077038261285
2021-10-14,4.48841628725267
2021-10-15,4.47382268486984
2021-10-18,4.541008033213656
2021-10-19,4.460088336592379
2021-10-20,4.516038946479407
2021-10-21,4.531872316393524
2021-10-22,4.534646125149825
2021-10-25,4.54215049764863
2021-10-26,4.518572784686604
2021-10-27,4.539126154069667
2021-10-28,4.496431733596098
2021-10-29,4.506249915660277
2021-11-01,4.508453988163508
2021-11-02,4.557340469760017
2021-11-03,4.588733560069843
2021-11-04,4.6111404459013645
2021-11-05,4.671712572815125
2021-11-08,4.63329551349711
2021-11-09,4.846326745734828
2021-11-10,4.993387025320924
2021-11-11,4.9276078473431735
2021-11-12,4.928589538113725
2021-11-15,4.977783408652346
2021-11-16,5.012607207205294
2021-11-17,4.987396263079366
2021-11-18,4.975490845369053
2021-11-19,4.986116889016024
2021-11-22,4.96792231385386
2021-11-23,4.951986244842989
2021-11-24,5.023930117113798
2021-11-26,5.031955799306619
2021-11-29,5.01781318008867
2021-11-30,4.911352064613233
2021-12-01,4.904147438834492
2021-12-02,4.872740464149377
2021-12-03,4.941661666716969
2021-12-06,4.99611773284023
2021-12-07,4.901880532313961
2021-12-08,4.885854921494716
2021-12-09,4.899937819083885
2021-12-10,4.891997106529466
2021-12-13,4.919427235294571
2021-12-14,4.928798737472414
2021-12-15,4.95669641230763
2021-12-16,4.937446710811978
2021-12-17,4.933627664459445
2021-12-20,4.95076010004544
2021-12-21,4.8672752568823485
2021-12-22,4.906769241743732
2021-12-23,4.824098037622272
2021-12-27,4.885293164906717
2021-12-28,4.848272377767423
2021-12-29,4.904148666385807
2021-12-30,4.792596128314836
2021-12-31,4.808311969847835
2022-01-03,4.802617852571992
2022-01-04,4.832066657045182
2022-01-05,4.849360255254445
2022-01-06,4.823936636879285
2022-01-07,4.896535270376531
2022-01-10,4.809256050767886
2022-01-11,4.800737389223157
2022-01-12,4.762106948742664
2022-01-13,4.790481472222667
2022-01-14,4.661556946363257
2022-01-18,4.65391135387912
2022-01-19,4.6193843939255
2022-01-20,4.661883755619955
2022-01-21,4.667692748059287
2022-01-24,4.703320797826573
2022-01-25,4.629949828128892
2022-01-26,4.643395381563462
2022-01-27,4.620197926551629
2022-01-28,4.514943763205151
2022-01-31,4.393267841437916
2022-02-01,4.4139490355431805
2022-02-02,4.416464249396497
2022-02-03,4.418108174280091
2022-02-04,4.396851606925429
2022-02-07,4.474214045997501
2022-02-08,4.6401761488573
2022-02-09,4.3071056842955375
2022-02-10,4.463742199737827
2022-02-11,4.4126076761535655
2022-02-14,4.478870936467251
2022-02-15,4.4077915610981195
2022-02-16,4.470257983081166
2022-02-17,4.53709961341728
2022-02-18,4.632673844240588
2022-02-22,4.621922965393252
2022-02-23,4.52942933270711
2022-02-24,4.571046746937989
2022-02-25,4.6479587449794835
2022-02-28,4.72325410944414
2022-03-01,4.805623529568384
2022-03-02,4.741428916218769
2022-03-03,4.757289921794803
2022-03-04,4.759085662009917
2022-03-07,4.800233414908554
2022-03-08,4.841710651767745
2022-03-09,4.750171194325921
2022-03-10,4.842384492329229
2022-03-11,4.840711904889008
2022-03-14,4.677794617745928
2022-03-15,4.406841598495833
2022-03-16,3.848330754496006
2022-03-17,3.9381252792216745
2022-03-18,3.8126906369398386
2022-03-21,3.868220822183433
2022-03-22,3.8568196239146224
2022-03-23,3.940707257378666
2022-03-24,3.951702894969669
2022-03-25,4.0552012592294995
2022-03-28,3.9913582690002634
2022-03-29,3.947664516084373
2022-03-30,4.230082368756656
2022-03-31,4.119391235434483
2022-04-01,4.109149178828686
2022-04-04,4.116897224794552
2022-04-05,4.176370475003888
2022-04-06,4.213307765909316
2022-04-07,4.1663706230881985
2022-04-08,4.132762933897033
2022-04-11,4.106154272823178
2022-04-12,4.127215398306161
2022-04-13,4.1404976218731555
2022-04-14,4.1608667767478655
2022-04-18,4.043800942549624
2022-04-19,4.032468530419718
2022-04-20,4.113947707124091
2022-04-21,4.109747508837943
2022-04-22,4.128287760124992
2022-04-25,4.0957329669007665
2022-04-26,4.091199089348354
2022-04-27,4.0018981804071
2022-04-28,3.969645378731567
2022-04-29,3.90556336947963
2022-05-02,3.9472506650602024
2022-05-03,3.906830004329868
2022-05-04,3.8777676183883725
2022-05-05,3.9023485686072377
2022-05-06,3.883955922161207
2022-05-09,3.87650599320418
2022-05-10,3.9089542167586946
2022-05-11,3.9385527118267825
2022-05-12,3.9407008520738933
2022-05-13,3.9038800752847913
2022-05-16,3.926846267596689
2022-05-17,3.9648659689312358
2022-05-18,4.025325573422192
2022-05-19,3.986135217785332
2022-05-20,3.980510765001318
2022-05-23,4.037698311918008
2022-05-24,4.070286015624523
2022-05-25,4.089929692994292
2022-05-26,4.091936328132445
2022-05-27,3.355318464838951
2022-05-31,3.2836970061601423
2022-06-01,3.2829876356509082
2022-06-02,3.3499095752542263
2022-06-03,3.350416824031355
2022-06-06,3.4837463483645936
2022-06-07,3.4787773228933356
2022-06-08,3.473099445381593
2022-06-09,3.5305740932123317
2022-06-10,3.571002724189399
2022-06-13,3.6128753309494437
2022-06-14,3.5593850507270464
2022-06-15,3.4569533104247956
2022-06-16,3.503594145837021
2022-06-17,2.6157818041764966
2022-06-21,2.6103823506346764
2022-06-22,2.5980382415638523
2022-06-23,2.761719621362715
2022-06-24,2.747965727873343
2022-06-27,2.8991452242364995
2022-06-28,2.8191162102713276
2022-06-29,2.9684307096618063
2022-06-30,2.9623309250114453
2022-07-01,2.972090054354861
2022-07-05,3.025840595864539
2022-07-06,3.0310306659356465
2022-07-07,2.925668229680444
2022-07-08,2.8563467892187258
2022-07-11,2.908543204166043
2022-07-12,2.88251177346573
2022-07-13,2.844672940221648
2022-07-14,2.720304590564871
2022-07-15,2.7594395252779838
2022-07-18,2.669677511523089
2022-07-19,2.5989471499486503
2022-07-20,2.6745628368804173
2022-07-21,2.606389793200555
2022-07-22,2.6550106257304815
2022-07-25,2.573660020876993
2022-07-26,2.643522319719238
2022-07-27,2.634567248697417
2022-07-28,2.7018833308282444
2022-07-29,2.62066808542215
2022-08-01,2.596050425579433
2022-08-02,2.6935891375373506
2022-08-03,2.6969923192014424
2022-08-04,2.675784948067807
2022-08-05,2.737669354066997
2022-08-08,2.74380647251507
2022-08-09,2.7484133436112312
2022-08-10,2.6930242561304527
2022-08-11,2.663333156617872
2022-08-12,2.632848602887109
2022-08-15,2.624769170311497
2022-08-16,2.695229926085929
2022-08-17,2.7167421632640334
2022-08-18,2.699367792603855
2022-08-19,2.7357448411889145
2022-08-22,2.7084536942480946
2022-08-23,2.878571024706198
2022-08-24,2.8900685923367004
2022-08-25,2.8745930064908882
2022-08-26,2.894908976098207
2022-08-29,2.9125075373595775
2022-08-30,2.9265585895421196
2022-08-31,2.9210516475763475
2022-09-01,2.944919430792565
2022-09-02,2.922071439024748
2022-09-06,2.9378180800170464
2022-09-07,2.92697209750525
2022-09-08,2.904447855831797
2022-09-09,2.9322577155476335
2022-09-12,2.8758884633688977
2022-09-13,2.8624739746675307
2022-09-14,2.8592392491262797
2022-09-15,2.886130937284991
2022-09-16,2.8787672724408266
2022-09-19,2.8769248514247128
2022-09-20,2.7796696526113474
2022-09-21,2.7790233765043895
2022-09-22,2.780713999558469
2022-09-23,2.7986655523016144
2022-09-26,2.798379003100605
2022-09-27,2.7444815817514012
2022-09-28,2.7014086184977213
2022-09-29,2.740229347649256
2022-09-30,2.801632516225011
2022-10-03,2.81962206407231
2022-10-04,2.7113449408455086
2022-10-05,2.7890782202143467
2022-10-06,2.745369932053288
2022-10-07,2.781780542220076
2022-10-10,2.7519906365372733
2022-10-11,2.7664487881505453
2022-10-12,2.7458977425817093
2022-10-13,2.9084801502285056
2022-10-14,2.964543633367426
2022-10-17,2.9299427269522185
2022-10-18,2.9416787326382834
2022-10-19,2.9947086509195286
2022-10-20,2.954065374129551
2022-10-21,2.9345758411745795
2022-10-24,2.9623095972825424
2022-10-25,2.9524361513598922
2022-10-26,2.92134518398966
2022-10-27,2.9428898666317873
2022-10-28,2.976058511759993
2022-10-31,3.0066999044008873
2022-11-01,2.9466459226616526
2022-11-02,2.9514267314372233
2022-11-03,2.9133897716655723
2022-11-04,2.8126490735898044
2022-11-07,2.8712942708573026
2022-11-08,2.857452142662458
2022-11-09,2.916696462377724
2022-11-10,2.747971422996708
2022-11-11,2.424496659394785
2022-11-14,2.433714607811952
2022-11-15,2.365536010300606
2022-11-16,2.4401488405839427
2022-11-17,2.4146257118683905
2022-11-18,2.440170574689428
2022-11-21,2.4334814145699073
2022-11-22,2.4258813671270505
2022-11-23,2.425339151768838
2022-11-25,2.44561343569929
2022-11-28,2.4005461722467896
2022-11-29,2.385773166991877
2022-11-30,2.3406544914629475
2022-12-01,2.3795251881167325
2022-12-02,2.2719641296732602
2022-12-05,2.313764413178127
2022-12-06,2.2825305622875502
2022-12-07,2.2994961371491804
2022-12-08,2.2259701061383246
2022-12-09,2.251000262342138
2022-12-12,2.2520334280104164
2022-12-13,2.222293243384752
2022-12-14,2.219707924089719
2022-12-15,2.2251732629490584
2022-12-16,2.217586199196266
2022-12-19,2.2424328256343
2022-12-20,2.217393257887052
2022-12-21,2.214121138860903
2022-12-22,2.2106058948065095
2022-12-23,2.233183424320278
2022-12-27,2.2292745713432898
2022-12-28,2.2249832603166797
2022-12-29,2.2253947215393435
2022-12-30,2.2496663404469213
2023-01-03,2.237875019096014
2023-01-04,2.2093418500071844
2023-01-05,2.2602007913152815
2023-01-06,2.2717037168614507
2023-01-09,2.3097197644813203
2023-01-10,2.280046602622627
2023-01-11,2.2906024260294733
2023-01-12,2.297960851911751
2023-01-13,2.3115975148273966
2023-01-17,2.3347610468698936
2023-01-18,2.3689050219267425
2023-01-19,2.3439589684171893
2023-01-20,2.329806407282836
2023-01-23,2.3152990427263114
2023-01-24,2.30600587014589
2023-01-25,2.2910335410586797
2023-01-26,2.284548756244731
2023-01-27,2.2649917797801735
2023-01-30,2.2930238432413748
2023-01-31,2.2846771984645957
2023-02-01,2.3022613765612965
2023-02-02,2.3066312706385097
2023-02-03,2.340939665558092
2023-02-06,2.362139283424378
2023-02-07,2.3414577702408126
2023-02-08,2.303935681357315
2023-02-09,2.2770073781122395
2023-02-10,2.374960996721335
2023-02-13,2.2415049656667643
2023-02-14,2.274144685393742
2023-02-15,2.2384165719666815
2023-02-16,2.2591362901503214
2023-02-17,2.2447695529147027
2023-02-21,2.2004415010179206
2023-02-22,2.147390324401992
2023-02-23,2.168431229263653
2023-02-24,2.218625636358148
2023-02-27,2.160053256119996
2023-02-28,2.0334597363122087
2023-03-01,2.0008003643322394
2023-03-02,1.91441362363588
2023-03-03,1.9239739829818303
2023-03-06,1.9190743549542375
2023-03-07,1.9188039416094873
2023-03-08,1.8771658190341742
2023-03-09,2.1198095055414736
2023-03-10,2.14868540718271
2023-03-13,2.1297901589896973
2023-03-14,2.106244618352552
2023-03-15,2.157058962475986
2023-03-16,2.2585008832151408
2023-03-17,2.468718904854856
2023-03-20,2.333782029991279
2023-03-21,2.4259064716481333
2023-03-22,2.381070269018378
2023-03-23,2.3537481044442288
2023-03-24,2.287421192870129
2023-03-27,2.2840564623564577
2023-03-28,2.2278877226029756
2023-03-29,2.246589967624853
2023-03-30,2.2434007971338374
2023-03-31,2.1672869367259913
2023-04-03,2.1942717076994276
2023-04-04,2.205503887788254
2023-04-05,2.327566091551297
2023-04-06,2.310664606840008
2023-04-10,2.3020503363925418
2023-04-11,2.2838718194691756
2023-04-12,2.225314790762638
2023-04-13,2.2287742416739245
2023-04-14,2.216057170605756
2023-04-17,2.2510583856891437
2023-04-18,2.2386196140773733
2023-04-19,2.2462564145025645
2023-04-20,2.249483246284751
2023-04-21,2.2158996576468426
2023-04-24,2.208945762521753
2023-04-25,2.2240848557936386
2023-04-26,2.2298502851513637
2023-04-27,2.159958000954083
2023-04-28,2.134062762205207
2023-05-01,2.15592933830236
2023-05-02,2.216300522607621
2023-05-03,2.2096429247314426
2023-05-04,2.2389670359992873
2023-05-05,2.24385465880876
2023-05-08,2.2164980730474992
2023-05-09,2.18248802577136
2023-05-10,2.205114601628887
2023-05-11,2.2041031908849544
2023-05-12,2.126577326387005
2023-05-15,2.132949487143055
2023-05-16,2.1892669343614606
2023-05-17,2.153500045038691
2023-05-18,2.1492865169261086
2023-05-19,2.17077338036561
2023-05-22,2.1757944120011627
2023-05-23,2.21199053711359
2023-05-24,2.201037528342263
2023-05-25,2.1771923635432904
2023-05-26,2.1715698559978986
2023-05-30,2.190138280360889
2023-05-31,2.49680314206759
2023-06-01,2.547263738197573
2023-06-02,2.5087032442784447
2023-06-05,2.4791766380427953
2023-06-06,2.4646035547762746
2023-06-07,2.299362616170488
2023-06-08,2.2966352577455753
2023-06-09,2.29931682687355
2023-06-12,2.363554546551126
2023-06-13,2.3365790785130494
2023-06-14,2.250999222488858
2023-06-15,2.3599647617263924
2023-06-16,2.39062735224062
2023-06-20,2.3903490155232054
2023-06-21,2.931785240744498
2023-06-22,2.911137150702103
2023-06-23,2.950015583916721
2023-06-26,2.8086939809839504
2023-06-27,2.837308982036899
2023-06-28,2.8177810002356094
2023-06-29,2.787912780301009
2023-06-30,2.6216010028500536
2023-07-03,2.6136123370028814
2023-07-05,2.6362378845837777
2023-07-06,2.59716823117514
2023-07-07,2.571447365782888
2023-07-10,2.668912381864427
2023-07-11,2.651481479347511
2023-07-12,2.55868287719741
2023-07-13,2.5431559739186933
2023-07-14,2.578720516060953
2023-07-17,2.712637741656076
2023-07-18,2.7067808010323193
2023-07-19,2.79106776991252
2023-07-20,2.8262050950712134
2023-07-21,2.7471475675682973
2023-07-24,2.807034220080452
2023-07-25,2.6543780588085486
2023-07-26,2.7826481115990456
2023-07-27,2.785169544055247
2023-07-28,2.7709863271769755
2023-07-31,2.7962254793002344
2023-08-01,2.9958347470495883
2023-08-02,3.103493820690097
2023-08-03,3.002816660679102
2023-08-04,3.0343500527861442
2023-08-07,3.040038788428233
2023-08-08,3.03244520146683
2023-08-09,3.047169426857067
2023-08-10,3.0229082735370283
2023-08-11,3.080432859708092
2023-08-14,3.1291495808737304
2023-08-15,3.1967614532209945
2023-08-16,3.2457647655873028
2023-08-17,3.104510159582032
2023-08-18,3.1051903925078816
2023-08-21,3.1406224089023627
2023-08-22,3.0444310695878656
2023-08-23,3.0714194760199454
2023-08-24,3.142931294253247
2023-08-25,3.1442321874521704
2023-08-28,3.1918122186949196
2023-08-29,3.1669413189308537
2023-08-30,3.211299998147029
2023-08-31,3.2029521157920895
2023-09-01,3.2052152252663637
2023-09-05,3.148347438702149
2023-09-06,3.1533281955893813
2023-09-07,3.186779208609084
2023-09-08,3.1845073142580023
2023-09-11,3.1808673741496203
2023-09-12,3.1862071716459655
2023-09-13,3.2514832798732067
2023-09-14,3.238010497131875
2023-09-15,3.239712892329808
2023-09-18,3.2189195912823934
2023-09-19,3.2214118944007613
2023-09-20,3.2031802609946993
2023-09-21,3.190648097114742
2023-09-22,3.2030022449891047
2023-09-25,3.205673829392552
2023-09-26,3.2229064494755675
2023-09-27,3.190633750411101
2023-09-28,3.1889003521092976
2023-09-29,3.1905232381398645
2023-10-02,3.2234536418038533
2023-10-03,3.335412449891347
2023-10-04,3.3805279003055984
2023-10-05,3.459663613582862
2023-10-06,3.5032204850166653
2023-10-09,3.4888243809847133
2023-10-10,3.591029025794124
2023-10-11,3.7213141121118496
2023-10-12,3.7590419098522743
2023-10-13,3.7800957733122758
2023-10-16,3.63142100596793
2023-10-17,3.5861010558004454
2023-10-18,3.654587646755881
2023-10-19,3.6574138419547775
2023-10-20,3.6487257781377274
2023-10-23,3.6701160106433717
2023-10-24,3.671537399642994
2023-10-25,3.7174335629927513
2023-10-26,3.768741611670896
2023-10-27,3.8244470200854104
2023-10-30,3.769035169286365
2023-10-31,3.7230609314201857
2023-11-01,3.5663622681640312
2023-11-02,3.543776988004364
2023-11-03,3.531816458127235
2023-11-06,3.584723294160351
2023-11-07,3.7271436274107708
2023-11-08,3.735583970699434
2023-11-09,3.7569426954627287
2023-11-10,3.653849161191969
2023-11-13,3.937981179576525
2023-11-14,4.291825991557504
2023-11-15,4.22731198805443
2023-11-16,4.424467592338871
2023-11-17,4.280995060150332
2023-11-20,4.3907206614485865
2023-11-21,4.368869171631679
2023-11-22,4.363644475042289
2023-11-24,4.373433943170549
2023-11-27,4.410896237915142
2023-11-28,4.401765837805326
2023-11-29,4.439066020350584
2023-11-30,4.426934024091724
2023-12-01,4.505353401528303
2023-12-04,4.457470018100497
2023-12-05,4.642456838143154
2023-12-06,4.557602123861906
2023-12-07,4.58846043589162
2023-12-08,4.596537885025348
2023-12-11,4.664061010745449
2023-12-12,4.616791995075542
2023-12-13,4.590969684874899
2023-12-14,4.581970723797929
2023-12-15,4.595409934994069
2023-12-18,4.620664724924963
2023-12-19,4.645236269086746
2023-12-20,4.650931661401943
2023-12-21,4.608770817886326
2023-12-22,4.63722002707684
2023-12-26,4.6214525272078255
2023-12-27,4.693879187387037
2023-12-28,4.697434539016487
2023-12-29,4.682437582420434
2024-01-02,4.689346631275019
2024-01-03,4.710389068693193
2024-01-04,4.730903038083836
2024-01-05,4.847910767055744
2024-01-08,4.786325233301563
2024-01-09,4.793329554626887
2024-01-10,4.78758314468494
2024-01-11,4.812214816879384
2024-01-12,4.835197050752583
2024-01-16,4.8699070447302
2024-01-17,4.9281918920847
2024-01-18,4.862253333126599
2024-01-19,4.814988743985889
2024-01-22,4.838541228248973
2024-01-23,4.839836364137746
2024-01-24,4.809534455389725
2024-01-25,4.849410131364437
2024-01-26,4.851470737096045
2024-01-29,4.855140055611798
2024-01-30,4.84364641642369
2024-01-31,4.857687706879777
2024-02-01,4.856691611346449
2024-02-02,4.903974392271106
2024-02-05,4.900789337739557
2024-02-06,4.887330229335379
2024-02-07,4.848945329926083
2024-02-08,4.884973288844957
2024-02-09,4.887579096189032
2024-02-12,4.899765583398483
2024-02-13,4.930939577256389
2024-02-14,4.915119650842012
2024-02-15,4.79151836237298
2024-02-16,4.8237315461882595
2024-02-20,4.811726379707174
2024-02-21,4.829494915261357
2024-02-22,4.833536905378848
2024-02-23,4.861683095737654
2024-02-26,4.838086722333842
2024-02-27,4.809411465503993
2024-02-28,4.870744068016057
2024-02-29,4.871013541830617
2024-03-01,4.856302636348594
2024-03-04,4.885022422786792
2024-03-05,4.965571944661303
2024-03-06,4.92650614951422
2024-03-07,4.820983140151468
2024-03-08,4.8814596740291805
2024-03-11,5.606090662293154
2024-03-12,5.541583680317427
2024-03-13,5.574506030248079
2024-03-14,5.614339192538856
2024-03-15,5.662297242754284
2024-03-18,5.644033160897526
2024-03-19,5.682913646919663
2024-03-20,5.661220250283425
2024-03-21,5.658748960225166
2024-03-22,5.773144793084385
2024-03-25,5.78020759050583
2024-03-26,5.828332685995654
2024-03-27,5.841499412381741
2024-03-28,5.821032032352835
2024-04-01,5.72520115390588
2024-04-02,5.667051641633694
2024-04-03,5.74763167804993
2024-04-04,5.766248613806294
2024-04-05,5.856692986711558
2024-04-08,5.788037052676738
2024-04-09,5.858308310129957
2024-04-10,5.875543188477236
2024-04-11,5.889773265237411
2024-04-12,5.90276172612789
2024-04-15,5.898208977026822
2024-04-16,5.9189923076814965
2024-04-17,5.935827900362991
2024-04-18,5.974358808875545
2024-04-19,5.9802265116774365
2024-04-22,6.035079814714133
2024-04-23,6.072135394151607
2024-04-24,6.098145080494123
2024-04-25,6.111717252653347
2024-04-26,6.102871599469375
2024-04-29,6.130048335478611
2024-04-30,6.239720721746224
2024-05-01,6.23851618175011
2024-05-02,6.134009092002031
2024-05-03,6.245402497978098
2024-05-06,6.262588533891054
2024-05-07,6.30369830412482
2024-05-08,6.344978274097985
2024-05-09,6.319039696172408
2024-05-10,6.307405247533584
2024-05-13,6.342104487197321
2024-05-14,6.278316913351549
2024-05-15,6.2986693334322625
2024-05-16,6.304517624413623
2024-05-17,6.266220255875816
2024-05-20,6.0755696825603085
2024-05-21,5.861773552591351
2024-05-22,5.983991873157566
2024-05-23,5.864968346888292
2024-05-24,5.776911486538674
2024-05-28,5.777461564382646
2024-05-29,5.748215069304914
2024-05-30,5.807371564807385
2024-05-31,5.855872760574426
2024-06-03,5.9012540398636055
2024-06-04,5.980155661940635
2024-06-05,6.011009424157765
2024-06-06,6.10774302378513
2024-06-07,6.149819018195638
2024-06-10,6.150381785695699
2024-06-11,6.045509900112042
2024-06-12,6.003567759919727
2024-06-13,6.054260704510474
2024-06-14,6.209599152566184
2024-06-17,6.159646531509886
2024-06-18,6.186420635102473
2024-06-20,6.137422316724062
2024-06-21,6.136482817107976
2024-06-24,6.185481562885674
2024-06-25,6.156396751590546
2024-06-26,6.096030673310273
2024-06-27,6.051095140201102
2024-06-28,6.094471221941344
2024-07-01,6.10030418594753
2024-07-02,6.0611338924584155
2024-07-03,6.033422284683285
2024-07-05,6.036176698358097
2024-07-08,6.046324921831653
2024-07-09,5.88530450162404
2024-07-10,5.969863884748427
2024-07-11,5.9838430419085
2024-07-12,6.033351390834569
2024-07-15,6.057647761384939
2024-07-16,5.990924064450657
2024-07-17,6.000888376040114
2024-07-18,5.992320372149074
2024-07-19,6.016365311601413
2024-07-22,5.9777946806508035
2024-07-23,5.982769552463043
2024-07-24,5.98997734688596
2024-07-25,6.111545647207875
2024-07-26,6.127210700118508
2024-07-29,6.041975502954326
2024-07-30,6.057199734884674
2024-07-31,6.068863401428097
2024-08-01,6.022777203410431
2024-08-02,5.9453341028114535
2024-08-05,5.965245276069265
2024-08-06,5.916131189031851
2024-08-07,5.910225281116244
2024-08-08,5.843286879660484
2024-08-09,5.909689946198767
2024-08-12,5.952250413825388
2024-08-13,5.890862012278888
2024-08-14,5.955036118950905
2024-08-15,5.915718189811121
2024-08-16,5.82413107562806
2024-08-19,5.900089174614377
2024-08-20,5.936192965504681
2024-08-21,5.8569920817629395
2024-08-22,5.963048387669893
2024-08-23,5.9386378343280946
2024-08-26,5.905131372296784
2024-08-27,5.928789421156963
2024-08-28,5.917929985009274
2024-08-29,5.9731232351509265
2024-08-30,5.974476385942239
2024-09-03,6.07083691506652
2024-09-04,6.106458040474693
2024-09-05,6.197670699683713
2024-09-06,6.185852800917426
2024-09-09,6.099938411452567
2024-09-10,6.138943477115057
2024-09-11,6.1489733853923045
2024-09-12,6.187627474436609
2024-09-13,6.271705236547274
2024-09-16,6.2679022405841
2024-09-17,6.334145603025997
2024-09-18,6.3522588338452195
2024-09-19,6.312653024822105
2024-09-20,6.348247709532604
2024-09-23,6.33469239932038
2024-09-24,6.3104588851771135
2024-09-25,6.406183486183025
2024-09-26,5.980024473899366
2024-09-27,5.876957749548918
2024-09-30,5.971693682965274
2024-10-01,6.039677067347529
2024-10-02,5.883005785980477
2024-10-03,5.824052747137676
2024-10-04,5.77303386289568
2024-10-07,5.835335593432929
2024-10-08,5.835886021862542
2024-10-09,5.849885633900449
2024-10-10,5.7886649454460315
2024-10-11,5.6977913692356665
2024-10-14,5.657284954427253
2024-10-15,5.727382366698927
2024-10-16,5.729208956199323
2024-10-17,5.744682893951078
2024-10-18,5.805056729945486
2024-10-21,5.752416891430986
2024-10-22,5.777739640386893
2024-10-23,5.7860172101856895
2024-10-24,5.813779953507728
2024-10-25,5.775135539796107
2024-10-28,5.744168929830583
2024-10-29,5.805389292239852
2024-10-30,5.877021174670255
2024-10-31,5.90544126456562
2024-11-01,5.999384137659212
2024-11-04,6.113996631648147
2024-11-05,6.130123389852112
2024-11-06,6.146210786455537
2024-11-07,6.138812427611656
2024-11-08,6.106868964054325
2024-11-11,6.102198736382717
2024-11-12,6.14669130550203
2024-11-13,6.07439613081438
2024-11-14,6.23349510074939
2024-11-15,6.306750643636238
2024-11-18,6.1975164217870935
2024-11-19,6.235393157714523
2024-11-20,6.136781859638188
2024-11-21,6.1095785297434535
2024-11-22,6.135312282085254
2024-11-25,6.174339443406868
2024-11-26,6.145710976599209
2024-11-27,6.140964498611491
2024-11-29,6.129178623352226
2024-12-02,6.145878988774135
2024-12-03,6.087034067875273
2024-12-04,6.068781956018845
2024-12-05,6.076685106984754
2024-12-06,6.063778114201301
2024-12-09,6.132170676025091
2024-12-10,6.211437054296004
2024-12-11,6.172958148920542
2024-12-12,6.237880712442524
2024-12-13,6.238624111039128
2024-12-16,6.285037907262305
2024-12-17,6.233353258376515
2024-12-18,6.153433030229084
2024-12-19,6.190390316263028
2024-12-20,6.132657820188159
2024-12-23,6.095466314176869
2024-12-24,6.202311051286797
2024-12-26,6.27186914865093
2024-12-27,6.185516258428641
2024-12-30,6.223371857358639
2024-12-31,6.272114994284751
2025-01-02,6.268612549680318
2025-01-03,6.233759153294543
2025-01-06,6.184035973864994
2025-01-07,6.145194036012184
2025-01-08,6.135601412856356
2025-01-10,6.116596355332339
2025-01-13,6.165920689727527
2025-01-14,6.155190853489954
2025-01-15,6.142786021199877
2025-01-16,6.109333570236971
2025-01-17,6.054148942786208
2025-01-21,6.068705297484428
2025-01-22,6.100693680552459
2025-01-23,6.0780369263267815
2025-01-24,6.068536893396155
2025-01-27,6.109335291085707
2025-01-28,6.074226055812976
2025-01-29,6.08010895081385
2025-01-30,6.104603165612472
2025-01-31,6.1272501996465945
2025-02-03,6.067741251523428
2025-02-04,6.135715221217596
2025-02-05,6.167258841497576
2025-02-06,6.1531424636854775
2025-02-07,6.143721592624508
2025-02-10,6.158481369693972
2025-02-11,6.149139911116634
2025-02-12,6.0786503387230155
2025-02-13,6.067452989326286
2025-02-14,6.044508135841198
2025-02-18,6.117230165949541
2025-02-19,6.208967549705237
2025-02-20,6.160805810305106
2025-02-21,6.1891203723130435
2025-02-24,6.199520889640139
2025-02-25,6.202790554594089
2025-02-26,6.245721555854825
2025-02-27,6.268834749874031
2025-02-28,6.313468439226488
2025-03-03,6.353836396868205
2025-03-04,6.379202491004599
2025-03-05,6.372456059461501
2025-03-06,6.423706132784374
2025-03-07,6.37020739926669
2025-03-10,6.453834406193954
2025-03-11,6.5522388048480495
2025-03-12,6.532211954274041
2025-03-13,6.484387661336296
2025-03-14,6.570663444964064
2025-03-17,6.520742661932253
2025-03-18,6.607017518323763
2025-03-19,6.622565412230672
2025-03-20,6.677784359482611
2025-03-21,6.721475232614496
2025-03-24,6.761637309620889
2025-03-25,6.726446398895248
2025-03-26,6.685981123217609
2025-03-27,6.7503990596381165
2025-03-28,6.728031616086652
2025-03-31,6.755624501377934
2025-04-01,6.782367965493462
2025-04-02,6.882593687318302
2025-04-03,6.909966360806442
2025-04-04,6.877301402052678
2025-04-07,6.936784490826478
2025-04-08,6.889037375942066
2025-04-09,6.812570643087828
2025-04-10,6.775115686402607
2025-04-11,6.748429973230935
2025-04-14,6.805369669657218
2025-04-15,6.803861005595286
2025-04-16,6.83366450006861
2025-04-17,6.823679613011597
2025-04-21,6.802072632878161
2025-04-22,6.810951328884484
2025-04-23,6.794862789832241
2025-04-24,6.766524079749492
2025-04-25,6.758203678127842
2025-04-28,6.716257819555187
2025-04-29,6.699334129626832
2025-04-30,6.735773407288084
2025-05-01,6.731924604305551
2025-05-02,6.712658284230301
2025-05-05,6.740349547933704
2025-05-06,6.812543192223495
2025-05-07,6.6499312768650105
2025-05-08,6.631046921763181
2025-05-09,6.665311911721276
2025-05-12,6.6534890678886285
2025-05-13,6.700786857679746
2025-05-14,6.748428224773779
2025-05-15,6.797296997768762
2025-05-16,6.865425647420379
2025-05-19,6.884460012841176
2025-05-20,6.863801446910498
2025-05-21,6.989707669748108
2025-05-22,7.1512223936072195
2025-05-23,7.2826061290835415
2025-05-27,7.220930855322188
2025-05-28,7.331800647752202
2025-05-29,7.450073936999156
2025-05-30,7.410938313052635
2025-06-02,7.501448810455861
2025-06-03,7.443261387597777
2025-06-04,7.448291215120517
2025-06-05,7.402460843395916
2025-06-06,7.383407860935697
2025-06-09,7.371624550760956
2025-06-10,7.2923217790476595
2025-06-11,7.290887586400019
2025-06-12,7.279925473626531
2025-06-13,7.405127133848591
2025-06-16,7.4058457327798966
2025-06-17,7.407712379442034
2025-06-18,7.358337765508621
2025-06-20,7.375349533683425
2025-06-23,7.34261424118782
2025-06-24,7.26715437712651
2025-06-25,7.258883935527234
2025-06-26,7.248009243506574
2025-06-27,7.248871848016661
2025-06-30,7.270686854942465
2025-07-01,7.27268589309872
2025-07-02,7.260390981981911
2025-07-03,7.2468041531145815
2025-07-07,7.316065845858633
2025-07-08,7.400310292203364
2025-07-09,7.392276356729995
2025-07-10,7.386381079256414
2025-07-11,7.737424050111604
2025-07-14,7.751618578260659
2025-07-15,7.825580911952534
2025-07-16,7.8186500728652675
2025-07-17,7.817228696126557
2025-07-18,7.816569506610234
2025-07-21,7.786594403454877
2025-07-22,7.782291890500479
2025-07-23,7.710918424495202
2025-07-24,7.737836464950141
2025-07-25,7.7437439130083385
2025-07-28,7.759355734822536
2025-07-29,7.730522674546108
2025-07-30,7.698270788129743
2025-07-31,7.708514268218341
2025-08-01,7.696588885587619
2025-08-04,7.615390074513093
2025-08-05,7.554674733488969
2025-08-06,7.5419566854266895
2025-08-07,7.461968241688538
2025-08-08,7.521183009328567
2025-08-11,7.4903394364347315
2025-08-12,7.5719591969061355
2025-08-13,7.499609841095539
2025-08-14,7.52681521721759
2025-08-15,7.532023315465064
2025-08-18,7.498243906817419
2025-08-19,7.501323130753997
2025-08-20,7.51976903306976
2025-08-21,7.502545668732062
2025-08-22,7.37856693659708
2025-08-25,7.480004126734101
2025-08-26,7.446963218878343
2025-08-27,7.48728774836782
2025-08-28,7.231925668110604
2025-08-29,7.177261266941723
2025-09-02,7.203260639491144
2025-09-03,7.15760528351112
2025-09-04,7.1656920984579004
2025-09-05,7.134419094130104
2025-09-08,7.098311107933157
2025-09-09,7.089831506802284
2025-09-10,7.095015919164457
2025-09-11,7.133126837397265
2025-09-12,7.1055579550996875
2025-09-15,7.121391945091392
2025-09-16,7.043615071147369
2025-09-17,6.941729987311042
2025-09-18,6.988584428229798
2025-09-19,6.994668856077718
2025-09-22,6.9628845409011335
2025-09-23,7.060530658864427
2025-09-24,7.125984128134627
2025-09-25,7.142373280099897
2025-09-26,7.225596439836351
2025-09-29,7.153762880006343
2025-09-30,7.7665267920579675
2025-10-01,7.97737201358087
2025-10-02,7.873252531966451
2025-10-03,7.814878828807598
2025-10-06,8.673368813939549
2025-10-07,8.702564681857893
2025-10-08,8.690754923965025
2025-10-09,8.644157224158455
2025-10-10,8.65076053034314
2025-10-13,8.549668665574243
2025-10-14,8.440254911502864
2025-10-15,8.452562989075833
2025-10-16,8.492706940091521
2025-10-17,8.44591733560711
2025-10-20,8.413909753355036
2025-10-21,8.464611549088493
2025-10-22,8.411263400530817
2025-10-23,8.480815429488857
2025-10-24,8.406765535820096
2025-10-27,8.380233320855744
2025-10-28,8.299636949715143
2025-10-29,8.286556079658407
2025-10-30,8.353373271868593
2025-10-31,8.182016252538897
2025-11-03,8.111645596527525
2025-11-04,8.145969439858677
2025-11-05,8.221862354284237
2025-11-06,8.28401564838172
2025-11-07,8.200597311872048
2025-11-10,8.16460972563352
2025-11-11,8.189803242940688
2025-11-12,8.151838252925657
2025-11-13,8.258977617693471
2025-11-14,8.262840911199847
2025-11-17,8.285212436918789
2025-11-18,8.286956516956801
2025-11-19,8.260000312291035
2025-11-20,8.358387658614369
2025-11-21,8.387132372422814
2025-11-24,8.362447926187471
2025-11-25,8.352226171907725
2025-11-26,8.346280551925974
2025-11-28,8.33368895609252
2025-12-01,8.420621926800136
2025-12-02,8.378300365050139
2025-12-03,8.433258208693303
2025-12-04,8.448942009806217
2025-12-05,8.572792972384894
2025-12-08,8.631763222185405
2025-12-09,8.6355326811999
2025-12-10,8.585088344435375
2025-12-11,8.531050029137209
2025-12-12,8.480704049676968
2025-12-15,8.60069076583101
2025-12-16,8.570793780302333
2025-12-17,8.692053333699386
2025-12-18,8.647151178580668
2025-12-19,8.690023549193604
2025-12-22,8.814674316701097
2025-12-23,8.699037028948954
2025-12-24,8.815666482257418
2025-12-26,9.047066165884724
2025-12-29,9.125484199800654
2025-12-30,9.05930402416402
2025-12-31,9.084120812539611
2026-01-02,9.007425436201254
2026-01-05,8.986924637651247
2026-01-06,8.53829554181581
2026-01-07,8.60046635798877
2026-01-08,8.402633338017228
2026-01-09,8.2891535970764
2026-01-12,8.261364351717198
2026-01-13,8.302042292904368
2026-01-14,8.241227963435353
2026-01-15,8.270506251096672
2026-01-16,8.34771942978213
2026-01-20,8.372812908141187
2026-01-21,8.362980273338563
2026-01-22,8.32234347054972
2026-01-23,8.34445584992438
2026-01-26,8.333556432245008
2026-01-27,8.387104376396987
2026-01-28,8.435808300447603
2026-01-29,8.443490264704664
2026-01-30,8.41922686810459
2026-02-02,8.462326747474718
2026-02-03,8.434895529936872
2026-02-04,8.485077272751477
2026-02-05,8.4246413367583
2026-02-06,8.267979910633219
2026-02-09,7.7110228611478275
2026-02-10,7.685787939330894
2026-02-11,7.619256740907659
2026-02-12,7.6739857594031315
2026-02-13,7.723075724040204
2026-02-17,7.777347167589051
2026-02-18,7.7492775519342665
2026-02-19,7.711763685986046
2026-02-20,7.762361939620054
2026-02-23,7.791450361910819
2026-02-24,7.757692597552203
2026-02-25,7.694479883958371
2026-02-26,7.786176397613403
2026-02-27,7.68340550390938
2026-03-02,7.6855093571155475
2026-03-03,7.700963253921541
2026-03-04,7.6691957793263965
2026-03-05,7.6986945463530505
2026-03-06,7.754641854671922
2026-03-09,7.638226879458044
2026-03-10,7.6302559878889324
2026-03-11,7.648258821736873
2026-03-12,7.61859842624872
2026-03-13,7.6496100919672045
2026-03-16,7.646853489996961
2026-03-17,7.533609948369274
2026-03-18,7.608835234905632
2026-03-19,7.559571540790176
2026-03-20,7.550365264111936
2026-03-23,7.5190904475127995
2026-03-24,7.508416449442429
2026-03-25,7.4749032947969125
2026-03-26,7.596202942442302
2026-03-27,7.597224504766732
2026-03-30,7.437546381312452
2026-03-31,7.496749895191508
2026-04-01,7.333945323273205
2026-04-02,7.368810300526774
2026-04-06,7.383126920242095
2026-04-07,7.327619017419534
2026-04-08,7.125002373455189
2026-04-09,7.108113370788586
2026-04-10,7.111463561022435
2026-04-13,7.222349168243525
2026-04-14,7.197662389814218
2026-04-15,7.252160126123137
2026-04-16,7.202434078711727
2026-04-17,7.221796436001104
2026-04-20,7.241059979950106
2026-04-21,7.330119266803385
2026-04-22,7.388302768891764
2026-04-23,7.355457227533713
2026-04-24,7.3564078865357345
2026-04-27,7.30134843299763
2026-04-28,7.315950125559344
