pair_id,adr_ticker,underlying_ticker,open_date,close_date,duration_days,adr_open_price,adr_cover_price,local_open_price_usd,local_close_price_usd,local_return,adr_return,roce,ruce,roll_cost_pct,roce_net,ruce_net,close_reason,was_aborted
516889__916561,516889,916561,2024-04-08,2024-04-09,1,10.41,10.11,0.0,0.0,0.0,0.02881844380403465,0.02881844380403465,0.0576368876080693,0.011961,0.01685744380403465,0.0456758876080693,overnight_abort,True
516889__916561,516889,916561,2024-04-10,2024-04-12,2,10.54,10.185001,10.252813615800001,10.28735449,0.003368916620777189,0.03368111954459198,0.037050036165369164,0.07073115570996115,0.011961,0.025089036165369165,0.05877015570996115,convergence,False
516889__916561,516889,916561,2024-05-10,2024-05-13,1,11.210001,10.300001,0.0,0.0,0.0,0.0811775128298383,0.0811775128298383,0.1623550256596766,0.011961,0.0692165128298383,0.1503940256596766,overnight_abort,True
516889__916561,516889,916561,2024-06-18,2024-06-21,3,10.180001,9.8800002,9.8354466486,9.98404308075,0.015108254607954402,0.029469623824202096,0.0445778784321565,0.07404750225635859,0.011961,0.0326168784321565,0.06208650225635859,convergence,False
516889__916561,516889,916561,2024-07-26,2024-07-29,1,11.170001,10.948,0.0,0.0,0.0,0.019874752025536863,0.019874752025536863,0.03974950405107373,0.011961,0.007913752025536864,0.027788504051073727,overnight_abort,True
516889__916561,516889,916561,2024-08-05,2024-08-06,1,9.8000002,10.15,0.0,0.0,0.0,-0.03571426457726,-0.03571426457726,-0.07142852915452,0.011961,-0.04767526457726,-0.08338952915452,overnight_abort,True
516889__916561,516889,916561,2024-10-23,2024-10-25,2,12.340001,11.310001,11.6972922432,11.742884295100001,0.003897658616378144,0.08346838869786162,0.08736604731423976,0.17083443601210138,0.011961,0.07540504731423976,0.15887343601210138,convergence,False
516889__916561,516889,916561,2024-11-13,2024-11-15,2,12.57,11.915,11.9608344576,11.98613409,0.002115206300169456,0.05210819411296747,0.054223400413136925,0.1063315945261044,0.011961,0.042262400413136926,0.0943705945261044,convergence,False
516889__916561,516889,916561,2024-12-18,2024-12-23,5,11.16,10.08,10.3429660041,10.4367464931,0.009067078917481063,0.09677419354838711,0.10584127246586816,0.20261546601425529,0.011961,0.09388027246586816,0.19065446601425529,convergence,False
516889__916561,516889,916561,2025-02-28,2025-03-06,6,10.79,10.408,10.3304126531,10.6139965275,0.027451359778440258,0.03540315106580164,0.0628545108442419,0.09825766191004354,0.011961,0.0508935108442419,0.08629666191004354,convergence,False
516889__916561,516889,916561,2025-04-02,2025-04-03,1,10.270001,9.6499997,0.0,0.0,0.0,0.06037013044107787,0.06037013044107787,0.12074026088215574,0.011961,0.04840913044107787,0.10877926088215574,overnight_abort,True
516889__916561,516889,916561,2025-04-09,2025-04-10,1,10.050001,9.5030003,0.0,0.0,0.0,0.05442792493254477,0.05442792493254477,0.10885584986508955,0.011961,0.042466924932544774,0.09689484986508955,overnight_abort,True
516889__916561,516889,916561,2025-08-08,2025-08-12,1,9.8400002,9.5,0.0,0.0,0.0,0.03455286515136457,0.03455286515136457,0.06910573030272914,0.011961,0.02259186515136457,0.05714473030272914,overnight_abort,True
516889__916561,516889,916561,2025-08-26,2025-08-27,1,10.33,11.695,0.0,0.0,0.0,-0.13213939980638917,-0.13213939980638917,-0.26427879961277834,0.011961,-0.14410039980638917,-0.27623979961277834,overnight_abort,True
516889__916561,516889,916561,2025-09-18,2025-09-24,6,12.19,11.960001,12.7057074,12.08824416,-0.04859731304689099,0.01886784249384737,-0.02972947055304362,-0.01086162805919625,0.011961,-0.04169047055304362,-0.02282262805919625,convergence,False
516889__916561,516889,916561,2025-10-17,2025-10-22,5,12.350001,11.998001,12.0995025408,12.1586938704,0.004892046544922433,0.02850202198364197,0.0333940685285644,0.06189609051220637,0.011961,0.0214330685285644,0.04993509051220637,convergence,False
516889__916561,516889,916561,2025-10-23,2025-10-24,1,12.630001,12.24,0.0,0.0,0.0,0.030878936589157815,0.030878936589157815,0.06175787317831563,0.011961,0.018917936589157816,0.04979687317831563,overnight_abort,True
516889__916561,516889,916561,2025-10-27,2025-10-28,1,12.7212,11.677001,0.0,0.0,0.0,0.08208337263780138,0.08208337263780138,0.16416674527560277,0.011961,0.07012237263780138,0.15220574527560277,overnight_abort,True
516889__916561,516889,916561,2026-01-28,2026-01-29,1,13.0,12.44,0.0,0.0,0.0,0.04307692307692312,0.04307692307692312,0.08615384615384623,0.011961,0.031115923076923117,0.07419284615384623,overnight_abort,True
516889__916561,516889,916561,2026-02-02,2026-02-03,1,12.74,12.41,0.0,0.0,0.0,0.025902668759811624,0.025902668759811624,0.05180533751962325,0.011961,0.013941668759811624,0.03984433751962325,overnight_abort,True
516889__916561,516889,916561,2026-03-10,2026-03-17,7,12.850001,11.920001,12.2302611504,12.08766942,-0.011658927691444897,0.07237353522384951,0.06071460753240461,0.13308814275625414,0.011961,0.04875360753240461,0.12112714275625414,convergence,False
500326__256938,500326,256938,2024-08-05,2024-08-07,2,9.5,9.3900004,9.132166967,9.768566828500001,0.06968771637659449,0.011578905263157904,0.08126662163975239,0.0928455269029103,0.013708,0.06755862163975239,0.0791375269029103,convergence,False
500326__256938,500326,256938,2024-10-04,2024-10-15,11,10.37,10.53,10.3316800634,10.63337806585,0.029201252903558753,-0.01542912246865961,0.013772130434899143,-0.0016569920337604661,0.013708,6.413043489914352e-05,-0.015364992033760466,convergence,False
500326__256938,500326,256938,2024-11-06,2024-11-07,1,11.45,11.510001,0.0,0.0,0.0,-0.005240262008733758,-0.005240262008733758,-0.010480524017467517,0.013708,-0.018948262008733757,-0.024188524017467516,overnight_abort,True
500326__256938,500326,256938,2024-11-14,2024-11-15,1,12.07,11.680001,0.0,0.0,0.0,0.03231143330571661,0.03231143330571661,0.06462286661143322,0.013708,0.018603433305716614,0.05091486661143323,overnight_abort,True
500326__256938,500326,256938,2025-03-17,2025-03-28,11,13.86,13.98,14.108661145800001,14.072145024600001,-0.0025882059837315243,-0.00865800865800873,-0.011246214641740256,-0.019904223299748985,0.013708,-0.024954214641740254,-0.033612223299748986,convergence,False
500326__256938,500326,256938,2025-04-07,2025-04-08,1,10.82,10.79,0.0,0.0,0.0,0.0027726432532348554,0.0027726432532348554,0.005545286506469711,0.013708,-0.010935356746765145,-0.008162713493530288,overnight_abort,True
500326__256938,500326,256938,2025-04-09,2025-04-10,1,11.840001,11.100001,0.0,0.0,0.0,0.062499994721284244,0.062499994721284244,0.12499998944256849,0.013708,0.048791994721284246,0.11129198944256849,overnight_abort,True
500326__256938,500326,256938,2025-11-19,2025-11-20,1,15.260001,14.880001,0.0,0.0,0.0,0.024901702168957967,0.024901702168957967,0.049803404337915934,0.013708,0.011193702168957967,0.036095404337915936,overnight_abort,True
500326__256938,500326,256938,2026-01-09,2026-01-14,5,17.089997,18.160004,17.4820120514,18.1729253264,0.03952138191923222,-0.06261013386953786,-0.023088751950305637,-0.0856988858198435,0.013708,-0.036796751950305635,-0.0994068858198435,convergence,False
500326__256938,500326,256938,2026-01-21,2026-01-23,2,18.259995,17.880005,17.786123536999998,18.20954952595,0.02380653592499564,0.020809972839532506,0.04461650876452815,0.06542648160406064,0.013708,0.03090850876452815,0.051718481604060645,convergence,False
500326__256938,500326,256938,2026-02-02,2026-02-04,2,18.240006,18.550004,18.507222980250003,18.802192987399998,0.015938101975902754,-0.01699549879534032,-0.001057396819437565,-0.018052895614777884,0.013708,-0.014765396819437565,-0.031760895614777886,convergence,False
500326__256938,500326,256938,2026-02-17,2026-02-19,2,19.25,19.259995,19.06222644655,19.4129032161,0.018396422397629553,-0.000519220779220778,0.017877201618408774,0.017357980839188,0.013708,0.004169201618408775,0.003649980839187999,convergence,False
500326__256938,500326,256938,2026-02-25,2026-02-27,2,18.630005,18.64,18.734987992500002,19.022139688200003,0.01532702854226291,-0.0005365001243961006,0.01479052841786681,0.014254028293470708,0.013708,0.0010825284178668099,0.0005460282934707083,convergence,False
500326__256938,500326,256938,2026-03-04,2026-03-05,1,17.600007,17.229996,0.0,0.0,0.0,0.021023343911170125,0.021023343911170125,0.04204668782234025,0.013708,0.007315343911170126,0.028338687822340253,overnight_abort,True
500326__256938,500326,256938,2026-03-31,2026-04-01,1,16.970002,17.699997,0.0,0.0,0.0,-0.043016789273212744,-0.043016789273212744,-0.08603357854642549,0.013708,-0.05672478927321274,-0.09974157854642549,overnight_abort,True
755020__929593,755020,929593,2024-05-02,2024-05-10,8,8.1199999,8.3699999,8.007527456657066,8.383088135200001,0.04690095420537247,-0.03078817771906623,0.01611277648630624,-0.01467540123275999,0.00999,0.00612277648630624,-0.02466540123275999,convergence,False
755020__929593,755020,929593,2024-05-13,2024-05-20,7,8.58,8.5388003,8.448703362,8.533747056057408,0.010065887085101302,0.004801829836829831,0.014867716921931132,0.019669546758760963,0.00999,0.004877716921931131,0.009679546758760963,convergence,False
755020__929593,755020,929593,2024-05-31,2024-06-03,1,8.08,8.0900002,0.0,0.0,0.0,-0.0012376485148515282,-0.0012376485148515282,-0.0024752970297030564,0.00999,-0.01122764851485153,-0.012465297029703056,overnight_abort,True
755020__929593,755020,929593,2024-08-08,2024-08-09,1,9.1000004,8.8500004,0.0,0.0,0.0,0.027472526264943897,0.027472526264943897,0.054945052529887795,0.00999,0.0174825262649439,0.044955052529887796,overnight_abort,True
755020__929593,755020,929593,2024-08-16,2024-08-20,4,9.1000004,8.8100005,8.852795515051712,8.833764433910925,-0.002149725598928554,0.03186811947832458,0.029718393879396027,0.06158651335772061,0.00999,0.019728393879396025,0.051596513357720614,convergence,False
755020__929593,755020,929593,2024-08-26,2024-08-27,1,9.1204997,8.9799996,0.0,0.0,0.0,0.015404868660869599,0.015404868660869599,0.030809737321739198,0.00999,0.005414868660869598,0.020819737321739196,overnight_abort,True
755020__929593,755020,929593,2024-09-24,2024-09-30,6,9.4499999,8.7799998,9.17820058484617,8.857869738792163,-0.034901268837259386,0.07089948223174049,0.0359982133944811,0.10689769562622159,0.00999,0.026008213394481103,0.09690769562622159,convergence,False
755020__929593,755020,929593,2024-10-08,2024-10-10,2,8.7399998,8.5200005,8.5188517559693,8.552068025807104,0.0038991487103329056,0.02517154519843348,0.029070693908766387,0.05424223910719987,0.00999,0.019080693908766384,0.04425223910719987,convergence,False
755020__929593,755020,929593,2025-03-07,2025-03-10,1,8.3699999,8.1199999,0.0,0.0,0.0,0.02986857861252782,0.02986857861252782,0.05973715722505564,0.00999,0.01987857861252782,0.04974715722505564,overnight_abort,True
755020__929593,755020,929593,2025-03-14,2025-03-18,4,8.1899996,8.1099997,8.185750487147281,8.224677886519704,0.004755507687846533,0.009767998035067142,0.014523505722913676,0.024291503757980816,0.00999,0.004533505722913675,0.014301503757980815,convergence,False
755020__929593,755020,929593,2025-03-27,2025-03-28,1,8.1999999,8.08,0.0,0.0,0.0,0.014634134324806496,0.014634134324806496,0.029268268649612992,0.00999,0.004644134324806495,0.01927826864961299,overnight_abort,True
755020__929593,755020,929593,2025-04-09,2025-04-10,1,8.0,8.0,0.0,0.0,0.0,0.0,0.0,0.0,0.00999,-0.00999,-0.00999,overnight_abort,True
755020__929593,755020,929593,2025-04-11,2025-04-23,12,8.1199999,8.3500004,8.161265774689765,8.414894856170601,0.03107717460536661,-0.028325185077896484,0.0027519895274701264,-0.025573195550426357,0.00999,-0.007238010472529874,-0.035563195550426356,convergence,False
755020__929593,755020,929593,2025-06-20,2025-06-23,1,8.5200005,8.3450003,0.0,0.0,0.0,0.02053992837206987,0.02053992837206987,0.04107985674413974,0.00999,0.01054992837206987,0.031089856744139742,overnight_abort,True
755020__929593,755020,929593,2025-08-05,2025-08-06,1,8.6999999,8.3900004,0.0,0.0,0.0,0.035632126846346285,0.035632126846346285,0.07126425369269257,0.00999,0.025642126846346286,0.06127425369269257,overnight_abort,True
755020__929593,755020,929593,2025-10-17,2025-10-22,5,8.6300002,8.4200001,8.541287643220405,8.466180281461385,-0.008793447182244953,0.024333730606402565,0.015540283424157612,0.03987401403056018,0.00999,0.005550283424157611,0.02988401403056018,convergence,False
755020__929593,755020,929593,2025-11-05,2025-12-03,28,8.6850005,8.7320004,8.6812251795,8.761392735961476,0.009234590141813685,-0.0054116174201718475,0.0038229727216418374,-0.00158864469853001,0.00999,-0.006167027278358163,-0.01157864469853001,convergence,False
755020__929593,755020,929593,2025-12-24,2025-12-30,6,9.1800004,8.9899998,8.914501766355526,8.9641431945,0.005568614987752545,0.020697232213628354,0.0262658472013809,0.046963079415009254,0.00999,0.0162758472013809,0.036973079415009255,convergence,False
755020__929593,755020,929593,2026-01-07,2026-01-13,6,9.33,9.2399998,9.10520064294707,9.204184224427895,0.010871103818837645,0.009646323687031126,0.020517427505868772,0.0301637511928999,0.00999,0.010527427505868771,0.0201737511928999,convergence,False
755020__929593,755020,929593,2026-03-11,2026-03-13,2,9.6099997,9.4425002,9.346271621148459,9.402326720162945,0.0059975893368695125,0.01742970918094825,0.023427298517817764,0.04085700769876602,0.00999,0.013437298517817763,0.03086700769876602,convergence,False
519310__930378,519310,930378,2024-04-19,2024-04-24,5,9.3199997,9.1700001,4.6788721497,4.634844696,-0.009409843289439529,0.016094378200462927,0.006684534911023398,0.022778913111486325,0.009569,-0.0028844650889766014,0.013209913111486326,convergence,False
519310__930378,519310,930378,2024-07-26,2024-07-29,1,10.047301,10.07,0.0,0.0,0.0,-0.0022592136933093907,-0.0022592136933093907,-0.0045184273866187815,0.009569,-0.01182821369330939,-0.014087427386618782,overnight_abort,True
519310__930378,519310,930378,2024-07-31,2024-08-01,1,10.54,10.07,0.0,0.0,0.0,0.04459203036053121,0.04459203036053121,0.08918406072106241,0.009569,0.035023030360531206,0.07961506072106242,overnight_abort,True
519310__930378,519310,930378,2024-08-05,2024-08-06,1,9.58,9.5100003,0.0,0.0,0.0,0.007306858037578323,0.007306858037578323,0.014613716075156645,0.009569,-0.0022621419624216767,0.005044716075156646,overnight_abort,True
519310__930378,519310,930378,2025-03-17,2025-03-18,1,14.270001,14.028,0.0,0.0,0.0,0.01695872340863887,0.01695872340863887,0.03391744681727774,0.009569,0.007389723408638872,0.02434844681727774,overnight_abort,True
519310__930378,519310,930378,2025-04-07,2025-04-08,1,12.0945,12.520001,0.0,0.0,0.0,-0.035181363429658156,-0.035181363429658156,-0.07036272685931631,0.009569,-0.04475036342965816,-0.07993172685931631,overnight_abort,True
519310__930378,519310,930378,2025-04-09,2025-04-10,1,12.66,12.170001,0.0,0.0,0.0,0.03870450236966832,0.03870450236966832,0.07740900473933664,0.009569,0.029135502369668317,0.06784000473933664,overnight_abort,True
519310__930378,519310,930378,2025-09-16,2025-09-25,9,13.561,12.79,6.5990878980000005,6.44080271874951,-0.023985917705151655,0.05685421429098155,0.0328682965858299,0.08972251087681145,0.009569,0.023299296585829896,0.08015351087681145,convergence,False
519310__930378,519310,930378,2025-10-02,2025-10-10,8,12.930001,12.41,6.52470272633296,6.250371075173509,-0.04204508046815367,0.04021662488657198,-0.0018284555815816853,0.0383881693049903,0.009569,-0.011397455581581685,0.028819169304990296,convergence,False
519310__930378,519310,930378,2025-11-05,2025-11-06,1,12.100001,11.930001,0.0,0.0,0.0,0.01404958561573672,0.01404958561573672,0.02809917123147344,0.009569,0.004480585615736721,0.018530171231473443,overnight_abort,True
519310__930378,519310,930378,2025-12-02,2025-12-03,1,13.08,12.805001,0.0,0.0,0.0,0.021024388379204843,0.021024388379204843,0.042048776758409685,0.009569,0.011455388379204843,0.032479776758409684,overnight_abort,True
519310__930378,519310,930378,2026-02-06,2026-02-10,4,16.190003,16.130005,8.0540141697,8.0836868736,0.0036842130240633264,0.00370586713294619,0.007390080157009517,0.011095947289955707,0.009569,-0.0021789198429904826,0.0015269472899557077,convergence,False
519310__930378,519310,930378,2026-02-26,2026-02-27,1,17.485993,17.050004,0.0,0.0,0.0,0.024933614007508712,0.024933614007508712,0.049867228015017424,0.009569,0.015364614007508713,0.04029822801501742,overnight_abort,True
519310__930378,519310,930378,2026-03-04,2026-03-05,1,15.62,15.16,0.0,0.0,0.0,0.02944942381562094,0.02944942381562094,0.05889884763124188,0.009569,0.01988042381562094,0.04932984763124188,overnight_abort,True
519310__930378,519310,930378,2026-03-23,2026-03-26,3,13.670001,13.83,6.7708493572999995,7.0016264172,0.03408391587551534,-0.01170438831716259,0.02237952755835275,0.010675139241190162,0.009569,0.01281052755835275,0.0011061392411901624,convergence,False
516495__932074,516495,932074,2024-04-26,2024-04-30,1,32.380005,34.860001,0.0,0.0,0.0,-0.07659035259568367,-0.07659035259568367,-0.15318070519136734,0.012476000000000001,-0.08906635259568367,-0.16565670519136733,overnight_abort,True
516495__932074,516495,932074,2024-08-05,2024-08-06,1,28.410004,28.100007,0.0,0.0,0.0,0.010911543694256403,0.010911543694256403,0.021823087388512807,0.012476000000000001,-0.0015644563057435976,0.009347087388512806,overnight_abort,True
516495__932074,516495,932074,2024-10-31,2024-11-08,8,34.550004,35.800004,17.8169934302,17.947458116649997,0.007322486083923572,-0.03617944588371104,-0.028856959799787467,-0.06503640568349851,0.012476000000000001,-0.04133295979978747,-0.07751240568349851,convergence,False
516495__932074,516495,932074,2025-04-07,2025-04-08,1,32.570008,32.940003,0.0,0.0,0.0,-0.011359991069084044,-0.011359991069084044,-0.022719982138168088,0.012476000000000001,-0.023835991069084045,-0.03519598213816809,overnight_abort,True
516495__932074,516495,932074,2025-04-09,2025-04-10,1,35.75,34.800004,0.0,0.0,0.0,0.02657331468531465,0.02657331468531465,0.0531466293706293,0.012476000000000001,0.014097314685314648,0.0406706293706293,overnight_abort,True
516495__932074,516495,932074,2025-04-28,2025-04-30,1,38.490006,38.610001,0.0,0.0,0.0,-0.0031175625173972656,-0.0031175625173972656,-0.006235125034794531,0.012476000000000001,-0.015593562517397266,-0.01871112503479453,overnight_abort,True
516495__932074,516495,932074,2025-07-31,2025-08-01,1,46.5,46.490006,0.0,0.0,0.0,0.0002149247311827731,0.0002149247311827731,0.0004298494623655462,0.012476000000000001,-0.012261075268817229,-0.012046150537634455,overnight_abort,True
516495__932074,516495,932074,2025-09-11,2025-09-16,5,52.449997,51.899994,26.098733794799998,26.014539586500003,-0.0032259882399647065,0.010486235108840974,0.0072602468688762675,0.017746481977717242,0.012476000000000001,-0.0052157531311237335,0.005270481977717241,convergence,False
516495__932074,516495,932074,2025-10-28,2025-10-30,2,56.080002,54.25,27.198323723399998,27.2895378606,0.003353667605681363,0.03263198885049969,0.035985656456181056,0.06861764530668074,0.012476000000000001,0.023509656456181055,0.05614164530668074,convergence,False
516495__932074,516495,932074,2026-01-09,2026-01-14,5,61.699997,64.380005,31.6523704899,32.4897446016,0.026455336480002336,-0.04343611232266338,-0.016980775842661045,-0.06041688816532442,0.012476000000000001,-0.029456775842661046,-0.07289288816532442,convergence,False
516495__932074,516495,932074,2026-02-03,2026-02-05,2,68.070008,68.003006,34.3150380916,34.1186959752,-0.00572175137547251,0.0009843101531588217,-0.004737441222313688,-0.003753131069154866,0.012476000000000001,-0.017213441222313688,-0.016229131069154867,convergence,False
516495__932074,516495,932074,2026-02-06,2026-02-10,4,73.440003,75.244996,36.9054110062,37.6590989448,0.02042215268848747,-0.02457779039034075,-0.004155637701853281,-0.028733428092194032,0.012476000000000001,-0.01663163770185328,-0.041209428092194036,convergence,False
516495__932074,516495,932074,2026-03-04,2026-03-05,1,73.009995,70.300004,0.0,0.0,0.0,0.03711808225709373,0.03711808225709373,0.07423616451418746,0.012476000000000001,0.02464208225709373,0.06176016451418746,overnight_abort,True
26981M__26030V,26981M,26030V,2024-04-03,2024-04-10,7,58.5,58.604996,2.8676350446720473,2.9672452869,0.03473602486935165,-0.0017948034188034166,0.03294122145054823,0.031146418031744817,0.009803,0.02313822145054823,0.021343418031744818,convergence,False
26981M__26030V,26981M,26030V,2024-04-17,2024-04-24,7,58.39,59.830002,2.9177422934826285,2.987837200767701,0.024023680035637058,-0.024661791402637433,-0.0006381113670003748,-0.025299902769637807,0.009803,-0.010441111367000374,-0.0351029027696378,convergence,False
26981M__26030V,26981M,26030V,2024-05-02,2024-05-07,5,63.529999,62.074997,3.1044369049749996,3.1004480079250003,-0.0012849019555227189,0.0229025975586745,0.02161769560315178,0.04452029316182628,0.009803,0.011814695603151782,0.03471729316182628,convergence,False
26981M__26030V,26981M,26030V,2024-06-17,2024-06-20,3,63.160004,62.300004,3.1060276952750003,3.132827641523923,0.008628366801008189,0.01361621193057555,0.02224457873158374,0.03586079066215929,0.009803,0.01244157873158374,0.02605779066215929,convergence,False
26981M__26030V,26981M,26030V,2024-07-02,2024-07-08,6,62.580002,57.729996,2.9770098777,2.88094037625,-0.032270467817265766,0.07750089237772796,0.045230424560462196,0.12273131693819016,0.009803,0.035427424560462197,0.11292831693819017,convergence,False
26981M__26030V,26981M,26030V,2024-09-12,2024-09-17,5,60.25,61.070008,2.9618431008479407,3.0598899313656385,0.0331033168129764,-0.013610091286307077,0.019493225526669326,0.005883134240362249,0.009803,0.009690225526669326,-0.00391986575963775,convergence,False
26981M__26030V,26981M,26030V,2024-09-26,2024-09-30,4,65.899994,63.446,3.2166131224999996,3.2034986336124325,-0.00407711104448097,0.03723815210059061,0.03316104105610964,0.07039919315670025,0.009803,0.02335804105610964,0.06059619315670025,convergence,False
26981M__26030V,26981M,26030V,2024-12-27,2024-12-31,4,66.590607,64.070008,3.2254329814941167,3.2118533032651677,-0.004210187688556002,0.037852170351893685,0.033641982663337684,0.07149415301523136,0.009803,0.023838982663337685,0.06169115301523136,convergence,False
26981M__26030V,26981M,26030V,2025-01-10,2025-01-13,1,64.970002,62.690003,0.0,0.0,0.0,0.0350931034294873,0.0350931034294873,0.0701862068589746,0.009803,0.0252901034294873,0.0603832068589746,overnight_abort,True
26981M__26030V,26981M,26030V,2025-04-11,2025-04-15,4,77.352006,76.229996,3.816327153149587,3.854308749259962,0.009952395218273982,0.014505247607928914,0.024457642826202896,0.038962890434131814,0.009803,0.014654642826202897,0.029159890434131815,convergence,False
26981M__26030V,26981M,26030V,2025-04-24,2025-05-07,13,80.899994,84.25,3.93175504575,4.213156871391812,0.07157155579821553,-0.04140922433195722,0.03016233146625831,-0.01124689286569891,0.009803,0.02035933146625831,-0.02104989286569891,convergence,False
26981M__26030V,26981M,26030V,2025-05-14,2025-05-15,1,85.804993,83.960007,0.0,0.0,0.0,0.02150208205249771,0.02150208205249771,0.04300416410499542,0.009803,0.01169908205249771,0.03320116410499542,overnight_abort,True
26981M__26030V,26981M,26030V,2025-05-19,2025-05-21,2,87.289902,85.600007,4.273858965574229,4.283680809311943,0.00229812069533145,0.01935957036588256,0.02165769106121401,0.04101726142709657,0.009803,0.01185469106121401,0.031214261427096573,convergence,False
26981M__26030V,26981M,26030V,2025-06-10,2025-06-11,1,90.869996,90.195008,0.0,0.0,0.0,0.00742806239366401,0.00742806239366401,0.01485612478732802,0.009803,-0.002374937606335989,0.005053124787328021,overnight_abort,True
26981M__26030V,26981M,26030V,2025-06-27,2025-07-02,5,95.516007,87.699997,4.343977661935436,4.375880797111807,0.007344221738506121,0.08182932102678879,0.0891735427652949,0.1710028637920837,0.009803,0.0793705427652949,0.1611998637920837,convergence,False
26981M__26030V,26981M,26030V,2025-09-05,2025-09-08,1,98.919999,98.175004,0.0,0.0,0.0,0.007531287985556924,0.007531287985556924,0.015062575971113847,0.009803,-0.0022717120144430756,0.005259575971113848,overnight_abort,True
26981M__26030V,26981M,26030V,2025-09-10,2025-09-15,5,104.0958,98.929001,4.971497938637522,4.951189146569635,-0.004085044853393344,0.04963503810912638,0.045549993255733036,0.09518503136485942,0.009803,0.03574699325573304,0.08538203136485942,convergence,False
26981M__26030V,26981M,26030V,2025-10-17,2025-10-22,5,95.042008,94.744996,4.7063967778264555,4.7606178020000005,0.011520708247336892,0.0031250602365218883,0.01464576848385878,0.017770828720380667,0.009803,0.00484276848385878,0.007967828720380668,convergence,False
26981M__26030V,26981M,26030V,2026-02-20,2026-02-23,1,113.23,112.3675,0.0,0.0,0.0,0.007617239247549211,0.007617239247549211,0.015234478495098422,0.009803,-0.0021857607524507884,0.005431478495098422,overnight_abort,True
26981M__26030V,26981M,26030V,2026-03-04,2026-03-05,1,107.55901,107.879,0.0,0.0,0.0,-0.002975018085421242,-0.002975018085421242,-0.005950036170842484,0.009803,-0.012778018085421242,-0.015753036170842484,overnight_abort,True
26981M__26030V,26981M,26030V,2026-03-23,2026-03-24,1,105.36001,105.29,0.0,0.0,0.0,0.0006644836119510273,0.0006644836119510273,0.0013289672239020546,0.009803,-0.009138516388048972,-0.008474032776097944,overnight_abort,True
26981M__26030V,26981M,26030V,2026-03-30,2026-04-21,22,108.16001,113.13001,5.459393227103618,5.670171372440521,0.03860834648995002,-0.0459504395386058,-0.007342093048655782,-0.05329253258726158,0.009803,-0.01714509304865578,-0.06309553258726158,convergence,False
151440__916546,151440,916546,2024-06-12,2024-06-13,1,8.5200005,8.9600001,0.0,0.0,0.0,-0.05164314250920527,-0.05164314250920527,-0.10328628501841054,0.016453000000000002,-0.06809614250920527,-0.11973928501841055,overnight_abort,True
151440__916546,151440,916546,2024-07-02,2024-07-08,6,8.9700003,9.33,9.046267956879388,9.398266948049233,0.03891096227170247,-0.04013374447713223,-0.0012227822054297552,-0.041356526682561984,0.016453000000000002,-0.017675782205429758,-0.057809526682561986,convergence,False
151440__916546,151440,916546,2024-07-10,2024-07-18,8,9.1000004,9.0288001,9.05522144645145,9.02659931385,-0.003160842920375691,0.007824208447287649,0.004663365526911958,0.012487573974199606,0.016453000000000002,-0.011789634473088045,-0.003965426025800396,convergence,False
151440__916546,151440,916546,2024-07-22,2024-07-24,2,9.0500002,8.8800002,8.99551161485,8.913307579973258,-0.009138339029104024,0.01878452997161259,0.009646190942508567,0.028430720914121157,0.016453000000000002,-0.006806809057491436,0.011977720914121154,convergence,False
151440__916546,151440,916546,2024-09-11,2024-09-12,1,8.0299998,7.7200003,0.0,0.0,0.0,0.0386051690810753,0.0386051690810753,0.0772103381621506,0.016453000000000002,0.0221521690810753,0.0607573381621506,overnight_abort,True
151440__916546,151440,916546,2024-12-09,2024-12-12,3,9.0150004,8.8500004,8.946258076842362,8.952172725002109,0.0006611309565344634,0.018302827806862786,0.018963958763397248,0.03726678657026004,0.016453000000000002,0.0025109587633972454,0.020813786570260034,convergence,False
151440__916546,151440,916546,2024-12-24,2025-01-21,28,9.1000004,8.8000002,9.089211813714448,8.88223709616691,-0.022771470374938187,0.03296705349595383,0.010195583121015643,0.04316263661696947,0.016453000000000002,-0.006257416878984359,0.02670963661696947,convergence,False
151440__916546,151440,916546,2025-01-22,2025-02-14,23,8.9600001,8.3400002,8.806954024408688,8.375672058376297,-0.04897061626949361,0.06919641663843283,0.02022580036893922,0.08942221700737205,0.016453000000000002,0.0037728003689392192,0.07296921700737205,convergence,False
151440__916546,151440,916546,2025-04-09,2025-04-11,2,8.3400002,7.9200001,8.09413957871026,7.976992500207306,-0.014473073680503662,0.050359723012956305,0.03588664933245264,0.08624637234540895,0.016453000000000002,0.01943364933245264,0.06979337234540894,convergence,False
151440__916546,151440,916546,2025-07-16,2025-09-02,48,8.9499999,8.6599999,8.98834987350584,8.677997900725,-0.034528247915185925,0.032402234998907556,-0.002126012916278369,0.030276222082629187,0.016453000000000002,-0.01857901291627837,0.013823222082629184,convergence,False
151440__916546,151440,916546,2026-02-06,2026-02-10,4,10.11,10.15,10.166606178463029,10.206822575940155,0.003955734762532698,-0.003956478733926897,-7.439713941986836e-07,-0.003957222705321096,0.016453000000000002,-0.0164537439713942,-0.0204102227053211,convergence,False
151440__916546,151440,916546,2026-02-20,2026-03-05,13,10.380001,10.420001,10.44197701214769,10.467422088392905,0.002436806384041309,-0.0038535641759571263,-0.0014167577919158175,-0.005270321967872944,0.016453000000000002,-0.01786975779191582,-0.021723321967872945,convergence,False
151440__916546,151440,916546,2026-03-12,2026-03-18,6,10.79,11.220001,10.896989545655968,11.322463915250001,0.03904512964900901,-0.03985180722891574,-0.0008066775799067255,-0.04065848480882246,0.016453000000000002,-0.017259677579906728,-0.057111484808822464,convergence,False
151440__916546,151440,916546,2026-03-23,2026-03-24,1,10.98,10.960001,0.0,0.0,0.0,0.001821402550091104,0.001821402550091104,0.003642805100182208,0.016453000000000002,-0.014631597449908898,-0.012810194899817794,overnight_abort,True
151440__916546,151440,916546,2026-03-31,2026-04-10,10,11.060001,11.23,11.106149617254248,11.262784461972078,0.014103433693571546,-0.015370613438461776,-0.0012671797448902296,-0.016637793183352005,0.016453000000000002,-0.017720179744890232,-0.03309079318335201,convergence,False
151440__916546,151440,916546,2026-04-23,2026-04-29,6,11.005001,10.800001,10.797289398412666,10.80750021032777,0.0009456828967283095,0.01862789471804683,0.01957357761477514,0.03820147233282197,0.016453000000000002,0.0031205776147751364,0.02174847233282197,convergence,False
31337Q__2557WW,31337Q,2557WW,2024-07-02,2024-07-12,10,86.869996,99.070008,11.037343764589693,12.744237386099998,0.15464713774580513,-0.14043988214296685,0.014207255602838281,-0.12623262654012857,0.031859,-0.017651744397161717,-0.15809162654012857,convergence,False
31337Q__2557WW,31337Q,2557WW,2024-08-08,2024-08-20,12,86.539994,87.979996,10.669949619746225,11.125662655423612,0.04270995196022549,-0.01663972844740441,0.02607022351282108,0.00943049506541667,0.031859,-0.005788776487178918,-0.02242850493458333,convergence,False
31337Q__2557WW,31337Q,2557WW,2025-01-17,2025-02-05,19,82.919999,88.630005,10.500693356700001,11.275854966446353,0.07382004058348751,-0.06886162649374843,0.0049584140897390855,-0.06390321240400934,0.031859,-0.026900585910260913,-0.09576221240400934,convergence,False
31337Q__2557WW,31337Q,2557WW,2025-03-17,2025-03-18,1,102.27001,102.51,0.0,0.0,0.0,-0.0023466312362735264,-0.0023466312362735264,-0.004693262472547053,0.031859,-0.03420563123627352,-0.03655226247254705,overnight_abort,True
31337Q__2557WW,31337Q,2557WW,2025-07-15,2025-07-16,1,93.300004,86.320008,0.0,0.0,0.0,0.07481238693194482,0.07481238693194482,0.14962477386388964,0.031859,0.04295338693194482,0.11776577386388964,overnight_abort,True
31337Q__2557WW,31337Q,2557WW,2026-03-31,2026-04-21,21,111.42,123.49001,13.983159714875622,15.912241107685796,0.13795747400052724,-0.10832893555914554,0.029628538441381705,-0.07870039711776383,0.031859,-0.0022304615586182935,-0.11055939711776383,convergence,False
514782__929594,514782,929594,2024-04-09,2024-04-10,1,12.220001,12.58,0.0,0.0,0.0,-0.029459817556479757,-0.029459817556479757,-0.058919635112959515,0.011877,-0.041336817556479756,-0.07079663511295951,overnight_abort,True
514782__929594,514782,929594,2024-05-02,2024-05-07,5,13.78,13.61,13.441891753499998,13.5524737666,0.008226670406805544,0.01233671988388969,0.020563390290695233,0.032900110174584926,0.011877,0.008686390290695232,0.021023110174584927,convergence,False
514782__929594,514782,929594,2024-09-24,2024-09-30,6,12.600001,12.300001,12.408877228413939,12.575986622150001,0.013466922966520616,0.023809521919879267,0.03727644488639988,0.061085966806279146,0.011877,0.025399444886399884,0.04920896680627915,convergence,False
514782__929594,514782,929594,2024-12-09,2024-12-10,1,12.630001,12.315,0.0,0.0,0.0,0.02494069477904242,0.02494069477904242,0.04988138955808484,0.011877,0.01306369477904242,0.03800438955808484,overnight_abort,True
514782__929594,514782,929594,2024-12-11,2024-12-13,2,12.58,12.16,12.341391662610524,12.269227928770396,-0.005847293061669471,0.03338632750397456,0.027539034442305085,0.06092536194627964,0.011877,0.015662034442305087,0.049048361946279644,convergence,False
514782__929594,514782,929594,2025-01-23,2025-01-24,1,12.350001,12.0898,0.0,0.0,0.0,0.021068905176606895,0.021068905176606895,0.04213781035321379,0.011877,0.009191905176606894,0.03026081035321379,overnight_abort,True
514782__929594,514782,929594,2025-02-18,2025-02-21,3,13.680001,13.630001,12.922388851800001,13.745617825002748,0.06370563389199335,0.0036549704930577643,0.06736060438505112,0.07101557487810888,0.011877,0.05548360438505112,0.05913857487810888,convergence,False
514782__929594,514782,929594,2025-03-14,2025-03-18,4,14.0,13.895001,13.707269354249998,13.96522119685,0.018818616307413803,0.007499928571428528,0.02631854487884233,0.03381847345027086,0.011877,0.014441544878842331,0.02194147345027086,convergence,False
514782__929594,514782,929594,2025-04-09,2025-04-10,1,12.32,12.24,0.0,0.0,0.0,0.006493506493506499,0.006493506493506499,0.012987012987012998,0.011877,-0.005383493506493501,0.0011100129870129979,overnight_abort,True
514782__929594,514782,929594,2025-09-15,2025-09-17,2,15.630001,15.23,15.267863985813628,15.32458702664,0.003715191652157536,0.025591872962772017,0.029307064614929552,0.05489893757770157,0.011877,0.017430064614929554,0.04302193757770157,convergence,False
514782__929594,514782,929594,2025-10-17,2025-10-22,5,19.907502,19.550004,19.618569698519998,19.621465265,0.0001475931489654639,0.017957953740253278,0.01810554688921874,0.03606350062947202,0.011877,0.00622854688921874,0.024186500629472023,convergence,False
514782__929594,514782,929594,2025-11-10,2025-11-11,1,19.860001,19.520005,0.0,0.0,0.0,0.017119636600219673,0.017119636600219673,0.034239273200439346,0.011877,0.005242636600219673,0.022362273200439348,overnight_abort,True
777026__901842,777026,901842,2024-05-07,2024-05-10,3,11.560001,11.180001,22.344317841370277,22.321250411672526,-0.0010323622256680099,0.03287196947474304,0.03183960724907503,0.06471157672381807,0.015462,0.01637760724907503,0.049249576723818064,convergence,False
777026__901842,777026,901842,2024-05-15,2024-05-16,1,11.560001,11.460001,0.0,0.0,0.0,0.008650518282827108,0.008650518282827108,0.017301036565654217,0.015462,-0.006811481717172892,0.0018390365656542167,overnight_abort,True
777026__901842,777026,901842,2024-08-08,2024-08-28,20,11.800001,12.78,23.41768782576034,25.581873672786973,0.09241671778739605,-0.08305075567366473,0.009365962113731321,-0.0736847935599334,0.015462,-0.006096037886268679,-0.08914679355993341,convergence,False
777026__901842,777026,901842,2024-10-02,2024-10-03,1,13.2,12.66,0.0,0.0,0.0,0.040909090909090846,0.040909090909090846,0.08181818181818169,0.015462,0.025447090909090846,0.06635618181818169,overnight_abort,True
777026__901842,777026,901842,2024-11-13,2024-11-19,6,12.75,12.920001,24.97498919355418,25.82541338451829,0.034051033390781034,-0.013333411764705818,0.020717621626075218,0.007384209861369399,0.015462,0.005255621626075218,-0.008077790138630601,convergence,False
777026__901842,777026,901842,2025-04-09,2025-04-10,1,10.78,10.15,0.0,0.0,0.0,0.05844155844155835,0.05844155844155835,0.1168831168831167,0.015462,0.042979558441558346,0.1014211168831167,overnight_abort,True
777026__901842,777026,901842,2025-05-12,2025-05-23,11,11.890001,12.270001,23.043322673384555,24.484490699311888,0.06254167623108915,-0.031959627253185324,0.030582048977903828,-0.0013775782752814963,0.015462,0.015120048977903828,-0.016839578275281496,convergence,False
777026__901842,777026,901842,2025-11-11,2025-11-13,2,14.210001,13.78,27.908044464457287,27.5501893342356,-0.012822651571930754,0.0302604482575336,0.017437796685602847,0.047698244943136445,0.015462,0.001975796685602847,0.03223624494313644,convergence,False
777026__901842,777026,901842,2025-11-14,2025-11-17,1,13.840001,13.4,0.0,0.0,0.0,0.03179197747167797,0.03179197747167797,0.06358395494335593,0.015462,0.016329977471677967,0.04812195494335593,overnight_abort,True
777026__901842,777026,901842,2026-02-06,2026-02-12,6,15.49,16.330002,31.203020626002033,33.000059633650956,0.057591828342138725,-0.05422866365397031,0.003363164688168413,-0.0508654989658019,0.015462,-0.012098835311831587,-0.0663274989658019,convergence,False
777026__901842,777026,901842,2026-02-18,2026-02-19,1,16.880005,17.009995,0.0,0.0,0.0,-0.007700827102835537,-0.007700827102835537,-0.015401654205671075,0.015462,-0.023162827102835536,-0.030863654205671075,overnight_abort,True
777026__901842,777026,901842,2026-03-04,2026-03-05,1,16.779999,16.39,0.0,0.0,0.0,0.02324189649832515,0.02324189649832515,0.0464837929966503,0.015462,0.00777989649832515,0.0310217929966503,overnight_abort,True
777026__901842,777026,901842,2026-03-09,2026-03-11,2,16.580002,16.860001,33.34756538061292,33.85066415223443,0.015086521785905036,-0.016887754295807692,-0.0018012325099026564,-0.01868898680571035,0.015462,-0.017263232509902658,-0.034150986805710354,convergence,False
510442__929995,510442,929995,2025-11-17,2025-11-21,4,8.6099997,7.9499999,7.9692659385,8.0757052317,0.013356223022472576,0.07665503170691162,0.0900112547293842,0.16666628643629583,0.038972,0.051039254729384205,0.12769428643629582,convergence,False
510442__929995,510442,929995,2026-02-18,2026-03-11,21,11.430001,9.8999997,10.59164925975,10.0251651971,-0.053484027723872236,0.13385836974117502,0.08037434201730279,0.2142327117584778,0.038972,0.041402342017302786,0.1752607117584778,convergence,False
292798__9747A1,292798,9747A1,2024-08-21,2024-08-22,1,92.589997,82.25,0.0,0.0,0.0,0.11167509812102054,0.11167509812102054,0.22335019624204108,0.01804,0.09363509812102054,0.20531019624204108,overnight_abort,True
292798__9747A1,292798,9747A1,2024-10-02,2024-10-14,12,104.26,85.009995,160.60001,132.60001,-0.1743461908875348,0.1846346153846154,0.01028842449708059,0.194923039881696,0.01804,-0.007751575502919411,0.17688303988169599,convergence,False
292798__9747A1,292798,9747A1,2024-11-14,2024-11-19,5,84.220002,85.679993,134.0,135.10001,0.008209029850746249,-0.017335442476004718,-0.009126412625258469,-0.026461855101263185,0.01804,-0.02716641262525847,-0.044501855101263185,convergence,False
292798__9747A1,292798,9747A1,2024-12-09,2024-12-18,9,100.96001,91.399994,151.2,145.60001,-0.03703697089947084,0.09469111581902567,0.05765414491955483,0.1523452607385805,0.01804,0.03961414491955483,0.1343052607385805,convergence,False
292798__9747A1,292798,9747A1,2025-01-15,2025-02-14,30,103.92,103.5,157.0,165.30001,0.052866305732483986,0.004041570438799093,0.05690787617128308,0.06094944661008217,0.01804,0.03886787617128308,0.04290944661008217,convergence,False
292798__9747A1,292798,9747A1,2025-04-24,2025-05-09,15,105.91001,103.44001,164.80001,163.7,-0.006674817556139696,0.023321686023823424,0.016646868467683727,0.03996855449150715,0.01804,-0.0013931315323162732,0.02192855449150715,convergence,False
292798__9747A1,292798,9747A1,2025-05-15,2025-07-28,74,122.76,131.88001,190.0,210.0,0.10526315789473684,-0.07429138155751053,0.03097177633722631,-0.04331960522028422,0.01804,0.012931776337226308,-0.06135960522028422,convergence,False
292798__9747A1,292798,9747A1,2025-08-28,2025-10-10,43,137.66001,146.91001,212.4,237.4,0.11770244821092278,-0.067194532384532,0.050507915826390776,-0.01668661655814123,0.01804,0.032467915826390775,-0.03472661655814123,convergence,False
29969X__265497,29969X,265497,2025-10-10,2025-10-15,1,1.9099999,1.75,0.0,0.0,0.0,0.08376958553767468,0.08376958553767468,0.16753917107534935,0.046272999999999995,0.03749658553767468,0.12126617107534936,overnight_abort,True
29969X__265497,29969X,265497,2025-11-04,2025-11-11,7,2.3999997,2.3500004,0.22030716394075428,0.25130554864800003,0.1407052959729532,0.020833044270797234,0.16153834024375044,0.18237138451454765,0.046272999999999995,0.11526534024375044,0.13609838451454764,convergence,False
29969X__265497,29969X,265497,2026-01-02,2026-01-16,14,2.6000004,2.3000002,0.23502558455504838,0.2389146578701042,0.016547446621263163,0.1153846745562039,0.13193212117746705,0.24731679573367096,0.046272999999999995,0.08565912117746706,0.20104379573367098,convergence,False
29969X__265497,29969X,265497,2026-02-18,2026-02-23,5,3.5500002,3.3999997,0.3541828248,0.34219989935583545,-0.033832598887117385,0.04225365959134312,0.008421060704225734,0.050674720295568854,0.046272999999999995,-0.03785193929577426,0.004401720295568859,convergence,False
29969X__265497,29969X,265497,2026-03-13,2026-03-20,7,3.1000004,3.2250004,0.3288543929047244,0.3301024476183677,0.0037951590143571402,-0.040322575442248335,-0.036527416427891195,-0.07684999187013952,0.046272999999999995,-0.08280041642789118,-0.12312299187013952,convergence,False
29969X__265497,29969X,265497,2026-04-16,2026-04-20,1,5.3800002,4.6999999,0.0,0.0,0.0,0.12639410310802585,0.12639410310802585,0.2527882062160517,0.046272999999999995,0.08012110310802585,0.20651520621605168,overnight_abort,True
29969X__265497,29969X,265497,2026-04-24,2026-04-27,1,5.6700001,5.1999999,0.0,0.0,0.0,0.08289245003717025,0.08289245003717025,0.1657849000743405,0.046272999999999995,0.03661945003717025,0.1195119000743405,overnight_abort,True
951465__912507,951465,912507,2024-07-25,2024-07-29,4,29.39,30.860001,30.066675732799997,31.020938044999998,0.031738204804563346,-0.05001704661449472,-0.018278841809931376,-0.0682958884244261,0.009794,-0.028072841809931377,-0.0780898884244261,convergence,False
951465__912507,951465,912507,2024-08-05,2024-08-07,2,27.699997,29.449997,27.7914428715,30.0282881225,0.08048683407128446,-0.06317690214912297,0.017309931922161487,-0.045866970226961484,0.009794,0.007515931922161486,-0.05566097022696148,convergence,False
951465__912507,951465,912507,2024-08-15,2024-08-16,1,31.960007,31.550004,0.0,0.0,0.0,0.012828626727146826,0.012828626727146826,0.025657253454293653,0.009794,0.0030346267271468257,0.015863253454293652,overnight_abort,True
951465__912507,951465,912507,2025-01-30,2025-01-31,1,33.699997,32.25,0.0,0.0,0.0,0.04302662104094559,0.04302662104094559,0.08605324208189118,0.009794,0.033232621040945584,0.07625924208189118,overnight_abort,True
951465__912507,951465,912507,2025-03-13,2025-03-18,5,32.869996,32.830002,32.764826735,32.819720300700006,0.0016753809243058647,0.001216732730968391,0.002892113655274256,0.004108846386242647,0.009794,-0.006901886344725745,-0.005685153613757354,convergence,False
951465__912507,951465,912507,2025-04-07,2025-04-08,1,27.710007,27.899994,0.0,0.0,0.0,-0.006856259545513596,-0.006856259545513596,-0.013712519091027192,0.009794,-0.016650259545513597,-0.023506519091027193,overnight_abort,True
951465__912507,951465,912507,2025-04-09,2025-04-10,1,29.279999,28.779999,0.0,0.0,0.0,0.017076503315454346,0.017076503315454346,0.03415300663090869,0.009794,0.007282503315454346,0.024359006630908692,overnight_abort,True
951465__912507,951465,912507,2025-07-29,2025-07-30,1,27.970002,28.660004,0.0,0.0,0.0,-0.02466935826461506,-0.02466935826461506,-0.04933871652923012,0.009794,-0.034463358264615065,-0.05913271652923012,overnight_abort,True
951465__912507,951465,912507,2025-08-20,2025-08-25,5,29.949997,29.438004,29.5332773218,29.548684075900002,0.0005216743787737358,0.0170949265871379,0.017616600965911635,0.034711527553049536,0.009794,0.007822600965911634,0.024917527553049535,convergence,False
951465__912507,951465,912507,2026-01-29,2026-02-03,5,31.270005,30.820008,30.269746583000003,30.921348091200002,0.021526493669621574,0.014390691654830236,0.03591718532445181,0.050307876979282046,0.009794,0.02612318532445181,0.04051387697928205,convergence,False
517131__912003,517131,912003,2024-05-08,2024-05-10,2,38.660004,38.024003,38.676269613100004,38.077500741,-0.015481556988039874,0.016451136425128157,0.0009695794370882822,0.01742071586221644,0.008967,-0.007997420562911717,0.008453715862216441,convergence,False
517131__912003,517131,912003,2024-08-05,2024-08-06,1,32.839997,35.899994,0.0,0.0,0.0,-0.09317896709917492,-0.09317896709917492,-0.18635793419834984,0.008967,-0.10214596709917492,-0.19532493419834984,overnight_abort,True
517131__912003,517131,912003,2024-08-14,2024-08-16,2,38.149994,36.899994,35.751607676999996,37.1544690732,0.03923911363299341,0.03276540489102043,0.07200451852401384,0.10476992341503427,0.008967,0.06303751852401383,0.09580292341503427,convergence,False
517131__912003,517131,912003,2024-08-21,2024-08-22,1,39.600007,39.369996,0.0,0.0,0.0,0.005808357559128652,0.005808357559128652,0.011616715118257305,0.008967,-0.003158642440871347,0.0026497151182573054,overnight_abort,True
517131__912003,517131,912003,2024-09-20,2024-09-27,7,44.100007,45.820008,44.264469984,48.1240516908,0.08719367267235095,-0.03900228405859445,0.048191388613756506,0.009189104555162059,0.008967,0.0392243886137565,0.00022210455516205943,convergence,False
517131__912003,517131,912003,2025-02-10,2025-02-14,4,32.776597,29.5504,30.301460409199997,29.6366780745,-0.0219389536254219,0.0984298949643858,0.07649094133896389,0.1749208363033497,0.008967,0.06752394133896389,0.1659538363033497,convergence,False
517131__912003,517131,912003,2025-04-07,2025-04-08,1,26.130005,26.093705,0.0,0.0,0.0,0.0013892075412921148,0.0013892075412921148,0.0027784150825842296,0.008967,-0.007577792458707884,-0.00618858491741577,overnight_abort,True
517131__912003,517131,912003,2025-04-09,2025-04-10,1,27.940003,27.369996,0.0,0.0,0.0,0.020401107329873956,0.020401107329873956,0.04080221465974791,0.008967,0.011434107329873957,0.03183521465974791,overnight_abort,True
517131__912003,517131,912003,2025-08-12,2025-08-13,1,26.330002,26.520005,0.0,0.0,0.0,-0.007216216694552503,-0.007216216694552503,-0.014432433389105007,0.008967,-0.016183216694552503,-0.023399433389105006,overnight_abort,True
517131__912003,517131,912003,2025-10-03,2025-10-09,6,28.880005,29.169999,28.8450664957,29.189258131200003,0.01193242648795116,-0.010041341751845267,0.0018910847361058927,-0.008150257015739374,0.008967,-0.0070759152638941065,-0.017117257015739372,convergence,False
517131__912003,517131,912003,2026-01-09,2026-01-14,5,25.994996,25.309998,25.2301503905,25.5853583168,0.014078708243996358,0.026351148505658558,0.040429856749654915,0.06678100525531347,0.008967,0.03146285674965492,0.057814005255313466,convergence,False
517131__912003,517131,912003,2026-02-06,2026-02-12,6,29.800004,31.169999,31.5681431534,31.555860862,-0.00038907234233949434,-0.045972980406311335,-0.04636205274865083,-0.09233503315496217,0.008967,-0.055329052748650825,-0.10130203315496217,convergence,False
517131__912003,517131,912003,2026-03-04,2026-03-05,1,31.744996,30.548005,0.0,0.0,0.0,0.037706446710530396,0.037706446710530396,0.07541289342106079,0.008967,0.028739446710530397,0.06644589342106079,overnight_abort,True
517131__912003,517131,912003,2026-03-09,2026-03-11,2,29.860001,29.690003,29.990507562,29.8458636304,-0.00482299045126114,0.005693167927221424,0.000870177475960284,0.006563345403181708,0.008967,-0.008096822524039714,-0.0024036545968182917,convergence,False
517131__912003,517131,912003,2026-03-23,2026-03-26,3,28.229996,27.770005,27.631618828999997,28.1942168328,0.02036066027407495,0.01629440542605811,0.03665506570013306,0.05294947112619117,0.008967,0.027688065700133064,0.043982471126191164,convergence,False
516146__930446,516146,930446,2024-04-26,2024-04-30,1,174.5,178.605,0.0,0.0,0.0,-0.02352435530085954,-0.02352435530085954,-0.04704871060171908,0.013228,-0.03675235530085954,-0.060276710601719075,overnight_abort,True
516146__930446,516146,930446,2024-05-02,2024-05-07,1,194.45,188.14,0.0,0.0,0.0,0.03245050141424532,0.03245050141424532,0.06490100282849064,0.013228,0.019222501414245318,0.05167300282849063,overnight_abort,True
516146__930446,516146,930446,2024-08-05,2024-08-06,1,148.135,144.56,0.0,0.0,0.0,0.024133391838525593,0.024133391838525593,0.04826678367705119,0.013228,0.010905391838525593,0.03503878367705118,overnight_abort,True
516146__930446,516146,930446,2025-02-10,2025-02-14,4,156.52001,151.91001,14.975876725,15.1957718145,0.014683286563979204,0.029453103152753526,0.04413638971673273,0.07358949286948625,0.013228,0.030908389716732727,0.06036149286948625,convergence,False
516146__930446,516146,930446,2025-03-17,2025-03-19,2,172.55001,174.04201,16.9156549825,17.409288078,0.029182026709026847,-0.008646768551331981,0.020535258157694865,0.011888489606362886,0.013228,0.007307258157694865,-0.0013395103936371146,convergence,False
516146__930446,516146,930446,2025-04-07,2025-04-08,1,141.16001,141.60001,0.0,0.0,0.0,-0.003117030099388614,-0.003117030099388614,-0.006234060198777228,0.013228,-0.016345030099388615,-0.019462060198777227,overnight_abort,True
516146__930446,516146,930446,2025-04-09,2025-04-10,1,152.93,145.5,0.0,0.0,0.0,0.04858431962335713,0.04858431962335713,0.09716863924671426,0.013228,0.03535631962335713,0.08394063924671426,overnight_abort,True
516146__930446,516146,930446,2025-09-29,2025-09-30,1,247.93601,250.0,0.0,0.0,0.0,-0.008324688293564092,-0.008324688293564092,-0.016649376587128183,0.013228,-0.02155268829356409,-0.029877376587128184,overnight_abort,True
516146__930446,516146,930446,2025-10-06,2025-10-09,3,260.06006,250.94001,25.3052895592,25.1649557568,-0.005545631164255038,0.03506901444227929,0.029523383278024253,0.06459239772030355,0.013228,0.016295383278024253,0.051364397720303545,convergence,False
516146__930446,516146,930446,2025-10-14,2025-10-16,2,243.31,239.02001,24.29658908,23.957987160800002,-0.013936191540512257,0.017631786609674856,0.0036955950691625987,0.021327381678837454,0.013228,-0.009532404930837401,0.008099381678837454,convergence,False
516146__930446,516146,930446,2026-01-09,2026-01-14,5,299.0,316.56495,31.0993808923,31.902808656,0.02583420443263305,-0.05874565217391308,-0.032911447741280034,-0.09165709991519311,0.013228,-0.04613944774128004,-0.10488509991519311,convergence,False
516146__930446,516146,930446,2026-02-02,2026-02-03,1,326.44996,338.20508,0.0,0.0,0.0,-0.03600894912041047,-0.03600894912041047,-0.07201789824082094,0.013228,-0.049236949120410475,-0.08524589824082095,overnight_abort,True
516146__930446,516146,930446,2026-02-06,2026-02-12,6,371.60254,408.62012,38.214068027799996,41.2517591891,0.0794914364806736,-0.09961605752210416,-0.020124621041430563,-0.11974067856353472,0.013228,-0.033352621041430566,-0.13296867856353473,convergence,False
516146__930446,516146,930446,2026-03-04,2026-03-05,1,350.45997,343.75,0.0,0.0,0.0,0.01914618094614343,0.01914618094614343,0.03829236189228686,0.013228,0.0059181809461434295,0.02506436189228686,overnight_abort,True
516146__930446,516146,930446,2026-03-09,2026-03-11,2,336.56006,344.0,34.2486534669,34.4070464154,0.004624793458028414,-0.022105831571339683,-0.017481038113311267,-0.03958686968465095,0.013228,-0.030709038113311268,-0.05281486968465095,convergence,False
516146__930446,516146,930446,2026-03-23,2026-03-26,3,338.37989,350.05005,33.7502737624,35.421096646799995,0.04950546167899241,-0.03448833794466926,0.015017123734323151,-0.01947121421034611,0.013228,0.001789123734323151,-0.032699214210346106,convergence,False
510311__912023,510311,912023,2024-08-06,2024-08-07,1,32.559998,30.990006,0.0,0.0,0.0,0.04821843048024755,0.04821843048024755,0.0964368609604951,0.013148,0.03507043048024755,0.08328886096049509,overnight_abort,True
510311__912023,510311,912023,2024-08-21,2024-08-22,1,35.020005,30.219407,0.0,0.0,0.0,0.13708159093638045,0.13708159093638045,0.2741631818727609,0.013148,0.12393359093638046,0.2610151818727609,overnight_abort,True
510311__912023,510311,912023,2024-09-04,2024-09-05,1,36.449997,31.830002,0.0,0.0,0.0,0.12674884445120813,0.12674884445120813,0.25349768890241625,0.013148,0.11360084445120813,0.24034968890241626,overnight_abort,True
510311__912023,510311,912023,2024-10-04,2024-10-28,24,34.630799,28.539994,16.373174825,15.460891236,-0.055718185309244044,0.17587826951379326,0.12016008420454921,0.2960383537183425,0.013148,0.10701208420454922,0.2828903537183425,convergence,False
510311__912023,510311,912023,2024-10-30,2024-11-01,1,33.75,29.050004,0.0,0.0,0.0,0.1392591407407407,0.1392591407407407,0.2785182814814814,0.013148,0.1261111407407407,0.2653702814814814,overnight_abort,True
510311__912023,510311,912023,2024-11-05,2024-11-06,1,33.910004,30.0,0.0,0.0,0.0,0.11530532405717206,0.11530532405717206,0.23061064811434412,0.013148,0.10215732405717207,0.21746264811434413,overnight_abort,True
510311__912023,510311,912023,2024-11-12,2024-11-18,6,33.440003,28.449997,15.3422516352,15.356264312499999,0.0009133390347899724,0.14922265407691493,0.1501359931117049,0.2993586471886198,0.013148,0.1369879931117049,0.2862106471886198,convergence,False
510311__912023,510311,912023,2024-11-25,2024-11-26,1,33.850007,29.208603,0.0,0.0,0.0,0.13711678109844994,0.13711678109844994,0.27423356219689987,0.013148,0.12396878109844994,0.2610855621968999,overnight_abort,True
510311__912023,510311,912023,2024-12-04,2024-12-06,2,35.759995,31.100007,16.6083742269,16.726096054499997,0.007088100616695343,0.1303128817551569,0.13740098237185225,0.26771386412700915,0.013148,0.12425298237185226,0.25456586412700916,convergence,False
510311__912023,510311,912023,2025-03-19,2025-03-27,8,40.610001,34.809998,18.19977769025,18.2119096803,0.0006666010023023835,0.14282203538975527,0.14348863639205767,0.2863106717818129,0.013148,0.13034063639205767,0.2731626717818129,convergence,False
510311__912023,510311,912023,2025-11-11,2025-11-12,1,41.25,37.080002,0.0,0.0,0.0,0.1010908606060606,0.1010908606060606,0.2021817212121212,0.013148,0.0879428606060606,0.1890337212121212,overnight_abort,True
510003__932107,510003,932107,2024-05-08,2024-05-15,7,20.360001,18.910004,9.90866345235,9.5622411872,-0.03496155327264047,0.07121792381051453,0.03625637053787406,0.1074742943483886,0.030525,0.005731370537874061,0.0769492943483886,convergence,False
510003__932107,510003,932107,2024-05-28,2024-06-03,1,19.14,18.5,0.0,0.0,0.0,0.03343782654127485,0.03343782654127485,0.0668756530825497,0.030525,0.002912826541274848,0.0363506530825497,overnight_abort,True
510003__932107,510003,932107,2024-07-01,2024-07-02,1,19.110001,18.619996,0.0,0.0,0.0,0.025641285942371222,0.025641285942371222,0.051282571884742445,0.030525,-0.0048837140576287776,0.020757571884742445,overnight_abort,True
510003__932107,510003,932107,2025-03-05,2025-03-06,1,21.5,21.089997,0.0,0.0,0.0,0.01906990697674417,0.01906990697674417,0.03813981395348834,0.030525,-0.01145509302325583,0.007614813953488338,overnight_abort,True
510003__932107,510003,932107,2025-04-02,2025-04-03,1,20.300004,18.309998,0.0,0.0,0.0,0.09802983290052558,0.09802983290052558,0.19605966580105116,0.030525,0.06750483290052559,0.16553466580105117,overnight_abort,True
510003__932107,510003,932107,2025-04-16,2025-04-21,5,20.320008,19.210007,9.850452898399999,10.1011535468,0.025450672267132345,0.05462601195826303,0.08007668422539538,0.1347026961836584,0.030525,0.04955168422539538,0.10417769618365841,convergence,False
510003__932107,510003,932107,2025-10-31,2025-11-13,1,26.509995,24.449997,0.0,0.0,0.0,0.07770646505214356,0.07770646505214356,0.1554129301042871,0.030525,0.04718146505214356,0.12488793010428711,overnight_abort,True
510003__932107,510003,932107,2025-11-17,2026-01-20,64,26.600007,24.5,12.8849921584,12.3359995561,-0.0426071351500279,0.07894761080326036,0.036340475653232465,0.11528808645649283,0.030525,0.005815475653232465,0.08476308645649283,convergence,False
510003__932107,510003,932107,2026-01-22,2026-02-10,19,26.494004,26.660004,12.86003277225,14.136736059,0.09927682995528075,-0.006265568616959534,0.09301126133832122,0.08674569272136169,0.030525,0.06248626133832122,0.056220692721361695,convergence,False
510003__932107,510003,932107,2026-04-02,2026-04-06,1,28.75,25.940003,0.0,0.0,0.0,0.09773902608695649,0.09773902608695649,0.19547805217391298,0.030525,0.0672140260869565,0.16495305217391298,overnight_abort,True
510003__932107,510003,932107,2026-04-13,2026-04-15,2,29.070008,27.149994,13.93305834375,13.9289862074,-0.0002922643578699381,0.06604793504012801,0.06575567068225807,0.13180360572238609,0.030525,0.035230670682258075,0.10127860572238609,convergence,False
514853__997697,514853,997697,2024-05-02,2024-05-06,4,3.1999999,3.1400004,3.1172396027711167,3.1080732277169085,-0.002940542345881772,0.01874984433593263,0.01580930199005086,0.03455914632598349,0.013659999999999999,0.00214930199005086,0.02089914632598349,convergence,False
514853__997697,514853,997697,2024-06-05,2024-06-06,1,3.1599999,2.9399996,0.0,0.0,0.0,0.06962035030444137,0.06962035030444137,0.13924070060888274,0.013659999999999999,0.055960350304441374,0.12558070060888274,overnight_abort,True
514853__997697,514853,997697,2024-09-24,2024-09-30,6,3.3900004,3.0600005,3.2756350558500005,3.1906344606983787,-0.025949348356074656,0.09734509175869117,0.07139574340261652,0.1687408351613077,0.013659999999999999,0.05773574340261652,0.1550808351613077,convergence,False
514853__997697,514853,997697,2025-03-14,2025-03-20,6,2.9399004,2.7700005,2.953819629654736,2.9590364501,0.0017661269472550153,0.057791039451540564,0.05955716639879558,0.11734820585033615,0.013659999999999999,0.04589716639879558,0.10368820585033614,convergence,False
514853__997697,514853,997697,2025-04-09,2025-04-15,6,2.6000004,2.6000004,2.603528420277306,2.67481346475,0.02738016759006661,0.0,0.02738016759006661,0.02738016759006661,0.013659999999999999,0.013720167590066612,0.013720167590066612,convergence,False
514853__997697,514853,997697,2025-04-24,2025-05-07,13,2.7700005,2.8400002,2.7780110479650064,2.924729575391811,0.05281423467854148,-0.02527064525800623,0.027543589420535253,0.002272944162529024,0.013659999999999999,0.013883589420535254,-0.011387055837470975,convergence,False
514853__997697,514853,997697,2025-06-05,2025-06-06,1,3.1634999,3.0979996,0.0,0.0,0.0,0.020705010927928293,0.020705010927928293,0.041410021855856585,0.013659999999999999,0.007045010927928294,0.027750021855856587,overnight_abort,True
514853__997697,514853,997697,2025-06-30,2025-07-03,3,3.5500002,3.6601,3.6879682717020827,3.7006610718623922,0.003441678242652416,-0.031014026421744983,-0.027572348179092567,-0.05858637460083755,0.013659999999999999,-0.04123234817909256,-0.07224637460083755,convergence,False
514853__997697,514853,997697,2025-09-03,2025-09-04,1,3.3999997,3.2799998,0.0,0.0,0.0,0.0352940913494786,0.0352940913494786,0.0705881826989572,0.013659999999999999,0.0216340913494786,0.0569281826989572,overnight_abort,True
514853__997697,514853,997697,2025-11-05,2025-11-06,1,3.6300002,3.5699997,0.0,0.0,0.0,0.01652906245018943,0.01652906245018943,0.03305812490037886,0.013659999999999999,0.002869062450189433,0.019398124900378864,overnight_abort,True
514853__997697,514853,997697,2025-11-26,2025-12-01,5,3.8599997,3.7600003,3.768374486783596,3.810647762494108,0.011217907312230347,0.02590658232434571,0.03712448963657606,0.06303107196092177,0.013659999999999999,0.02346448963657606,0.04937107196092177,convergence,False
514853__997697,514853,997697,2025-12-02,2025-12-04,2,3.8999997,3.6999999,3.7460741710326992,3.769802693289562,0.006334237170301803,0.05128200394476955,0.057616241115071354,0.1088982450598409,0.013659999999999999,0.043956241115071355,0.09523824505984091,convergence,False
514853__997697,514853,997697,2025-12-17,2025-12-19,2,3.7700005,3.7100001,3.803894797969503,3.762818998304418,-0.010798353226543236,0.015915223353418727,0.005116870126875492,0.02103209348029422,0.013659999999999999,-0.008543129873124507,0.007372093480294221,convergence,False
514853__997697,514853,997697,2026-03-06,2026-03-11,5,4.2799998,4.0360003,4.078657030134333,4.109668325280714,0.007603310334078076,0.057009231635945234,0.06461254197002331,0.12162177360596854,0.013659999999999999,0.05095254197002331,0.10796177360596854,convergence,False
151497__951407,151497,951407,2024-04-09,2024-04-10,1,5.33,5.2574997,0.0,0.0,0.0,0.013602307692307643,0.013602307692307643,0.027204615384615286,0.010742,0.002860307692307643,0.016462615384615284,overnight_abort,True
151497__951407,151497,951407,2024-04-16,2024-05-07,21,5.2299996,5.4300004,1.0254969192273578,1.118718353375,0.09090367060086177,-0.03824107367044536,0.05266259693041641,0.01442152325997105,0.010742,0.04192059693041641,0.0036795232599710504,convergence,False
151497__951407,151497,951407,2024-08-14,2024-08-20,6,3.5597001,3.4799996,0.7041304613056161,0.7126074349495463,0.012038924758647668,0.02238966703964751,0.034428591798295174,0.056818258837942684,0.010742,0.023686591798295173,0.04607625883794268,convergence,False
151497__951407,151497,951407,2024-08-23,2024-08-29,6,3.5699997,3.6770001,0.7439426649931945,0.7540540568680962,0.013591627891101299,-0.02997210335900028,-0.016380475467898982,-0.04635257882689926,0.010742,-0.027122475467898984,-0.057094578826899264,convergence,False
151497__951407,151497,951407,2024-09-24,2024-09-30,6,3.8999997,4.7200003,0.7720222615038831,0.976488398744919,0.2648448722744603,-0.21025658027614713,0.054588291998313165,-0.15566828827783397,0.010742,0.043846291998313164,-0.16641028827783397,convergence,False
151497__951407,151497,951407,2024-10-07,2024-10-14,7,5.29,4.4099999,0.9195786156962803,0.8964508713520412,-0.025150372082899553,0.16635162570888473,0.14120125362598518,0.3075528793348699,0.010742,0.13045925362598518,0.29681087933486994,convergence,False
151497__951407,151497,951407,2024-11-29,2024-12-04,5,4.1899996,4.0900002,0.831443284048237,0.8285749451638765,-0.0034498310821571743,0.023866207528993495,0.02041637644683632,0.04428258397582981,0.010742,0.009674376446836322,0.03354058397582981,convergence,False
151497__951407,151497,951407,2025-01-24,2025-02-05,12,3.9099999,3.7849999,0.797355002750855,0.7705595298000001,-0.033605449089064744,0.03196931028054502,-0.0016361388085197257,0.030333171472025293,0.010742,-0.012378138808519725,0.01959117147202529,convergence,False
151497__951407,151497,951407,2025-02-20,2025-02-24,4,4.1300002,4.1199999,0.8185591484807176,0.8360182272000001,0.021329037433259722,0.002421380028020275,0.023750417461279996,0.02617179748930027,0.010742,0.013008417461279996,0.01542979748930027,convergence,False
151497__951407,151497,951407,2025-05-02,2025-05-06,1,4.1899996,4.0900002,0.0,0.0,0.0,0.023866207528993495,0.023866207528993495,0.04773241505798699,0.010742,0.013124207528993495,0.03699041505798699,overnight_abort,True
151497__951407,151497,951407,2025-05-07,2025-05-09,2,4.0600005,3.8199997,0.7834006894374438,0.7944772877004748,0.014139122434248851,0.05911349025695938,0.07325261269120824,0.1323661029481676,0.010742,0.06251061269120824,0.12162410294816761,convergence,False
151497__951407,151497,951407,2025-07-08,2025-07-15,7,5.0299998,4.6899996,0.9490566271109847,0.9541218462957805,0.0053371095465765146,0.06759447584868683,0.07293158539526334,0.14052606124395017,0.010742,0.06218958539526334,0.12978406124395017,convergence,False
151497__951407,151497,951407,2025-08-01,2025-08-07,6,5.1700001,5.1700001,1.0204017279422917,1.0420515024960613,0.021216912869628138,0.0,0.021216912869628138,0.021216912869628138,0.010742,0.010474912869628138,0.010474912869628138,convergence,False
151497__951407,151497,951407,2025-08-22,2025-08-25,1,5.29,5.1400004,0.0,0.0,0.0,0.028355311909262784,0.028355311909262784,0.05671062381852557,0.010742,0.017613311909262783,0.04596862381852557,overnight_abort,True
151497__951407,151497,951407,2025-11-25,2025-12-12,17,5.8640004,5.771,1.1686283484653943,1.1767727936731354,0.006969234674510569,0.015859548713536956,0.022828783388047526,0.03868833210158448,0.010742,0.012086783388047527,0.02794633210158448,convergence,False
151497__951407,151497,951407,2025-12-24,2026-01-05,12,5.7700005,5.5,1.0998410892622763,1.1097554225455635,0.00901433250683265,0.046793843432075974,0.055808175938908626,0.10260201937098459,0.010742,0.045066175938908624,0.09186001937098459,convergence,False
151497__951407,151497,951407,2026-03-10,2026-03-13,3,6.0100003,5.8599997,1.171637986744859,1.171458271248899,-0.00015338824619306248,0.024958501249991515,0.02480511300379845,0.049763614253789966,0.010742,0.014063113003798451,0.039021614253789964,convergence,False
151497__951407,151497,951407,2026-03-23,2026-03-24,1,5.6999999,5.3970004,0.0,0.0,0.0,0.05315780795013704,0.05315780795013704,0.10631561590027408,0.010742,0.04241580795013704,0.09557361590027408,overnight_abort,True
151497__951407,151497,951407,2026-04-28,2026-04-29,1,5.9399996,5.6300002,0.0,0.0,0.0,0.05218845469282533,0.05218845469282533,0.10437690938565065,0.010742,0.041446454692825326,0.09363490938565065,overnight_abort,True
514939__929610,514939,929610,2024-04-16,2024-04-19,3,0.72000003,0.6738,0.725382696947285,0.7226161967769291,-0.0038138491337034097,0.06416670565972067,0.06035285652601726,0.12451956218573794,0.018306000000000003,0.04204685652601726,0.10621356218573794,convergence,False
514939__929610,514939,929610,2024-05-09,2024-05-10,1,0.79640002,0.75851101,0.0,0.0,0.0,0.04757535038735936,0.04757535038735936,0.09515070077471872,0.018306000000000003,0.02926935038735936,0.07684470077471872,overnight_abort,True
514939__929610,514939,929610,2024-06-17,2024-06-20,3,0.75,0.70999998,0.7454466084409151,0.7546976820368102,0.012410108908059112,0.05333336000000003,0.06574346890805914,0.11907682890805918,0.018306000000000003,0.04743746890805914,0.10077082890805918,convergence,False
514939__929610,514939,929610,2024-08-13,2024-08-16,3,0.85000003,0.73820001,0.8469737243717377,0.8339374354999999,-0.015391609558381245,0.13152943065190245,0.1161378210935212,0.24766725174542364,0.018306000000000003,0.0978318210935212,0.22936125174542366,convergence,False
514939__929610,514939,929610,2024-10-02,2024-10-03,1,0.82999999,0.76749999,0.0,0.0,0.0,0.07530120572652055,0.07530120572652055,0.1506024114530411,0.018306000000000003,0.056995205726520545,0.1322964114530411,overnight_abort,True
514939__929610,514939,929610,2024-10-08,2024-10-23,15,0.82999999,0.72799999,0.7952644961514269,0.7851921222480046,-0.012665438922730955,0.12289156774568151,0.11022612882295055,0.23311769656863207,0.018306000000000003,0.09192012882295054,0.21481169656863208,convergence,False
514939__929610,514939,929610,2024-12-06,2024-12-10,4,0.78649998,0.67000002,0.7653323798922707,0.7692108791397638,0.00506773181090171,0.14812455557850104,0.15319228738940274,0.3013168429679038,0.018306000000000003,0.13488628738940273,0.2830108429679038,convergence,False
514939__929610,514939,929610,2025-04-11,2025-04-22,11,0.87900001,0.80000002,0.8664092415269823,0.8971269330497547,0.03545402109127404,0.08987484539391531,0.12532886648518934,0.21520371187910467,0.018306000000000003,0.10702286648518934,0.19689771187910465,convergence,False
514939__929610,514939,929610,2025-04-28,2025-04-29,1,0.98000002,0.81150002,0.0,0.0,0.0,0.17193877200124955,0.17193877200124955,0.3438775440024991,0.018306000000000003,0.15363277200124953,0.3255715440024991,overnight_abort,True
514939__929610,514939,929610,2025-05-02,2025-05-07,5,0.94999999,0.85000003,0.9183364051820165,0.9044760262133649,-0.01509292116749363,0.10526311689750649,0.09017019573001286,0.19543331262751934,0.018306000000000003,0.07186419573001286,0.17712731262751935,convergence,False
514939__929610,514939,929610,2025-05-27,2025-05-29,2,0.97000003,0.80000002,0.8891894117261394,0.8875456472720924,-0.001848610017584505,0.17525773684769883,0.1734091268301143,0.34866686367781313,0.018306000000000003,0.1551031268301143,0.33036086367781314,convergence,False
514939__929610,514939,929610,2025-05-30,2025-06-02,1,0.95700002,0.74900002,0.0,0.0,0.0,0.21734586797605288,0.21734586797605288,0.43469173595210575,0.018306000000000003,0.1990398679760529,0.41638573595210576,overnight_abort,True
514939__929610,514939,929610,2025-06-03,2025-06-11,8,0.97000003,0.80000002,0.8857621791852203,0.8637657640401831,-0.02483331944164835,0.17525773684769883,0.15042441740605048,0.3256821542537493,0.018306000000000003,0.13211841740605046,0.3073761542537493,convergence,False
514939__929610,514939,929610,2025-06-16,2025-06-18,2,0.9486,0.80510003,0.8535357913806597,0.845876108356389,-0.00897406189830721,0.15127553236348307,0.14230147046517586,0.29357700282865895,0.018306000000000003,0.12399547046517585,0.27527100282865896,convergence,False
514939__929610,514939,929610,2025-06-25,2025-06-26,1,0.94029999,0.75199998,0.0,0.0,0.0,0.20025525045469794,0.20025525045469794,0.4005105009093959,0.018306000000000003,0.18194925045469795,0.3822045009093959,overnight_abort,True
514939__929610,514939,929610,2025-11-17,2025-11-20,3,1.0,0.82309998,0.9377248705510918,0.9327124678058359,-0.005345280798951283,0.17690002000000005,0.17155473920104877,0.3484547592010488,0.018306000000000003,0.15324873920104876,0.3301487592010488,convergence,False
514939__929610,514939,929610,2025-12-03,2025-12-09,6,0.99000001,0.843139,0.9328142972960437,0.9033202636759875,-0.03161833357995347,0.1483444530470258,0.11672611946707231,0.2650705725140981,0.018306000000000003,0.09842011946707231,0.2467645725140981,convergence,False
514939__929610,514939,929610,2025-12-12,2025-12-16,4,0.98150003,0.80000002,0.9072102238060115,0.9035524561333818,-0.004031885418226777,0.18492104376196497,0.1808891583437382,0.36581020210570314,0.018306000000000003,0.1625831583437382,0.34750420210570315,convergence,False
514939__929610,514939,929610,2025-12-23,2025-12-29,6,0.99000001,0.8588,0.9157202694427601,0.9081729191201908,-0.008241982376519873,0.13252526128762365,0.12428327891110377,0.25680854019872745,0.018306000000000003,0.10597727891110377,0.23850254019872746,convergence,False
514939__929610,514939,929610,2026-04-20,2026-04-22,2,0.99000001,0.83999998,0.929703874674684,0.9281068917522812,-0.0017177328888314468,0.1515151802877255,0.14979744739889406,0.3013126276866196,0.018306000000000003,0.13149144739889407,0.2830066276866196,convergence,False
997641__912004,997641,912004,2024-04-26,2024-04-30,1,79.64,79.960007,0.0,0.0,0.0,-0.004018169261677598,-0.004018169261677598,-0.008036338523355196,0.009271999999999999,-0.013290169261677597,-0.017308338523355195,overnight_abort,True
997641__912004,997641,912004,2024-08-05,2024-08-06,1,64.272507,62.130005,0.0,0.0,0.0,0.03333465738313284,0.03333465738313284,0.06666931476626568,0.009271999999999999,0.024062657383132843,0.05739731476626568,overnight_abort,True
997641__912004,997641,912004,2025-03-14,2025-03-18,4,63.850007,64.815003,12.867339072,12.9898831727,0.009523655202858772,-0.015113483072915034,-0.005589827870056262,-0.020703310942971294,0.009271999999999999,-0.01486182787005626,-0.029975310942971293,convergence,False
997641__912004,997641,912004,2025-04-07,2025-04-08,1,52.4375,52.309998,0.0,0.0,0.0,0.002431504171632892,0.002431504171632892,0.004863008343265784,0.009271999999999999,-0.006840495828367107,-0.004408991656734215,overnight_abort,True
997641__912004,997641,912004,2025-04-09,2025-04-10,1,55.410004,54.779999,0.0,0.0,0.0,0.01136987826241637,0.01136987826241637,0.02273975652483274,0.009271999999999999,0.002097878262416371,0.01346775652483274,overnight_abort,True
997641__912004,997641,912004,2025-09-18,2025-09-25,7,63.677201,63.210007,12.5468860575,12.6639740094,0.009332032773981404,0.007336911683665229,0.016668944457646634,0.024005856141311864,0.009271999999999999,0.007396944457646635,0.014733856141311865,convergence,False
997641__912004,997641,912004,2025-12-09,2025-12-12,3,73.14,71.100007,14.805319683,14.570832712749999,-0.015838021418696415,0.02789161881323483,0.012053597394538415,0.03994521620777325,0.009271999999999999,0.002781597394538416,0.03067321620777325,convergence,False
997641__912004,997641,912004,2025-12-15,2025-12-17,2,74.5,71.610001,14.5488615131,14.420143268,-0.008847307054514213,0.03879193288590608,0.029944625831391868,0.06873655871729795,0.009271999999999999,0.02067262583139187,0.059464558717297944,convergence,False
997641__912004,997641,912004,2026-02-02,2026-02-03,1,76.718995,78.626206,0.0,0.0,0.0,-0.02485969739306399,-0.02485969739306399,-0.04971939478612798,0.009271999999999999,-0.03413169739306399,-0.058991394786127985,overnight_abort,True
997641__912004,997641,912004,2026-02-06,2026-02-10,4,86.425004,88.679993,17.3076306092,17.7607927944,0.026182797370260392,-0.026091858786607573,9.093858365281926e-05,-0.026000920202954754,0.009271999999999999,-0.00918106141634718,-0.03527292020295475,convergence,False
997641__912004,997641,912004,2026-02-25,2026-02-27,2,100.92,101.65,19.746997600300002,20.3517991072,0.030627517111300562,-0.007233452239397582,0.02339406487190298,0.0161606126325054,0.009271999999999999,0.01412206487190298,0.006888612632505401,convergence,False
997641__912004,997641,912004,2026-03-04,2026-03-05,1,92.380005,88.679993,0.0,0.0,0.0,0.04005208702900591,0.04005208702900591,0.08010417405801182,0.009271999999999999,0.03078008702900591,0.07083217405801182,overnight_abort,True
997641__912004,997641,912004,2026-03-23,2026-03-26,3,79.020005,79.770005,15.7723926862,16.133774545799998,0.022912304226117057,-0.009491267432848175,0.013421036793268882,0.003929769360420707,0.009271999999999999,0.004149036793268883,-0.005342230639579292,convergence,False
997641__912004,997641,912004,2026-03-31,2026-04-16,16,79.740006,82.240006,16.52655759705,16.38031213175,-0.008849118422950131,-0.03135189129531794,-0.040201009718268066,-0.07155290101358601,0.009271999999999999,-0.04947300971826807,-0.08082490101358601,convergence,False
362819__315035,362819,315035,2024-04-05,2024-04-12,7,17.929993,17.009995,1.7884302508292726,1.740855312421186,-0.026601506201333083,0.05131056102475889,0.024709054823425804,0.07601961584818469,0.006481000000000001,0.018228054823425804,0.06953861584818469,convergence,False
362819__315035,362819,315035,2024-06-03,2024-06-10,7,18.610001,18.729996,1.85632035875,1.877934827562,0.011643716942561994,-0.006447877138749182,0.005195839803812812,-0.0012520373349363696,0.006481000000000001,-0.0012851601961871885,-0.00773303733493637,convergence,False
362819__315035,362819,315035,2024-08-01,2024-08-02,1,22.270005,22.160004,0.0,0.0,0.0,0.0049394241267570645,0.0049394241267570645,0.009878848253514129,0.006481000000000001,-0.0015415758732429362,0.0033978482535141283,overnight_abort,True
362819__315035,362819,315035,2024-08-06,2024-08-07,1,21.669999,21.710007,0.0,0.0,0.0,-0.001846239125345611,-0.001846239125345611,-0.003692478250691222,0.006481000000000001,-0.008327239125345613,-0.010173478250691223,overnight_abort,True
362819__315035,362819,315035,2024-08-08,2024-08-22,14,22.240006,22.382996,2.1442053496203664,2.250362613511519,0.04950890730216105,-0.006429404740268393,0.043079502561892656,0.03665009782162426,0.006481000000000001,0.036598502561892655,0.03016909782162426,convergence,False
362819__315035,362819,315035,2024-11-20,2024-11-27,7,23.820008,22.5,2.272474471713297,2.260603087247265,-0.005223990242267425,0.05541593436912369,0.050191944126856264,0.10560787849597995,0.006481000000000001,0.04371094412685626,0.09912687849597995,convergence,False
362819__315035,362819,315035,2025-01-22,2025-01-31,9,23.169999,24.460007,2.2941022386549426,2.450691786735,0.06825744094642784,-0.05567579005937809,0.012581650887049753,-0.043094139172328336,0.006481000000000001,0.006100650887049752,-0.049575139172328336,convergence,False
362819__315035,362819,315035,2025-04-07,2025-04-08,1,25.197495,24.559998,0.0,0.0,0.0,0.025300014941961484,0.025300014941961484,0.05060002988392297,0.006481000000000001,0.018819014941961483,0.04411902988392297,overnight_abort,True
362819__315035,362819,315035,2025-04-09,2025-04-21,12,26.449997,28.64,2.6208090144133633,2.87323274175,0.09631519349498978,-0.08279785438160922,0.013517339113380558,-0.06928051526822866,0.006481000000000001,0.0070363391133805575,-0.07576151526822866,convergence,False
362819__315035,362819,315035,2025-07-31,2025-08-01,1,30.5,30.25,0.0,0.0,0.0,0.00819672131147541,0.00819672131147541,0.01639344262295082,0.006481000000000001,0.0017157213114754096,0.00991244262295082,overnight_abort,True
362819__315035,362819,315035,2025-11-20,2025-12-01,11,37.089997,36.14,3.6275965825168464,3.6269632000405685,-0.00017460113380039132,0.025613294064164963,0.025438692930364572,0.051051986994529536,0.006481000000000001,0.018957692930364572,0.044570986994529535,convergence,False
362819__315035,362819,315035,2026-02-26,2026-02-27,1,39.809998,39.800004,0.0,0.0,0.0,0.0002510424642573192,0.0002510424642573192,0.0005020849285146384,0.006481000000000001,-0.0062299575357426815,-0.005978915071485362,overnight_abort,True
362819__315035,362819,315035,2026-03-03,2026-03-06,3,39.410004,39.029999,3.841629594528174,3.9085395490000003,0.017417075963577947,0.0096423486787772,0.027059424642355147,0.03670177332113235,0.006481000000000001,0.020578424642355146,0.03022077332113235,convergence,False
362819__315035,362819,315035,2026-03-09,2026-03-17,8,39.190003,40.479996,3.9426677266799497,4.051248607512707,0.027539952225238955,-0.03291637921027979,-0.005376426985040834,-0.03829280619532062,0.006481000000000001,-0.011857426985040834,-0.04477380619532062,convergence,False
362819__315035,362819,315035,2026-04-13,2026-04-17,4,38.619996,37.770005,3.8142421744866484,3.786954093950231,-0.007154260083155356,0.022009090834706528,0.014854830751551171,0.0368639215862577,0.006481000000000001,0.00837383075155117,0.030382921586257702,convergence,False
151619__540775,151619,540775,2024-07-16,2024-07-17,1,61.940003,63.878006,0.0,0.0,0.0,-0.031288390476829686,-0.031288390476829686,-0.06257678095365937,0.022001,-0.053289390476829686,-0.08457778095365936,overnight_abort,True
151619__540775,151619,540775,2024-07-30,2024-08-01,2,62.800004,64.190003,12.812882461108108,13.0520741016,0.01866805859008919,-0.02213374062842421,-0.0034656820383350204,-0.02559942266675923,0.022001,-0.02546668203833502,-0.047600422666759235,convergence,False
151619__540775,151619,540775,2024-08-06,2024-08-07,1,60.479996,60.330002,0.0,0.0,0.0,0.0024800596878346275,0.0024800596878346275,0.004960119375669255,0.022001,-0.01952094031216537,-0.017040880624330745,overnight_abort,True
151619__540775,151619,540775,2024-09-24,2024-09-30,6,74.539994,75.300004,14.656862456032767,15.194108908805946,0.03665494265125261,-0.010196002967212585,0.026458939684040027,0.01626293671682744,0.022001,0.004457939684040027,-0.00573806328317256,convergence,False
151619__540775,151619,540775,2024-12-09,2024-12-10,1,74.740006,72.539994,0.0,0.0,0.0,0.029435534163591064,0.029435534163591064,0.05887106832718213,0.022001,0.007434534163591064,0.03687006832718213,overnight_abort,True
151619__540775,151619,540775,2025-03-05,2025-03-06,1,70.410004,67.100007,0.0,0.0,0.0,0.04701032256723058,0.04701032256723058,0.09402064513446116,0.022001,0.025009322567230582,0.07201964513446116,overnight_abort,True
151619__540775,151619,540775,2025-08-22,2025-08-25,1,64.779999,66.0,0.0,0.0,0.0,-0.018832988867443425,-0.018832988867443425,-0.03766597773488685,0.022001,-0.040833988867443424,-0.05966697773488685,overnight_abort,True
151619__540775,151619,540775,2025-08-29,2025-09-05,7,65.089997,61.960007,12.34133075248471,12.402284485324182,0.004938991917642292,0.04808711237150617,0.05302610428914846,0.10111321666065462,0.022001,0.03102510428914846,0.07911221666065463,convergence,False
151619__540775,151619,540775,2025-10-17,2025-10-21,4,59.149994,61.690003,12.017018495320405,12.454886932264728,0.03643736065770678,-0.0429418302223327,-0.006504469564625921,-0.04944629978695862,0.022001,-0.02850546956462592,-0.07144729978695863,convergence,False
151619__540775,151619,540775,2026-02-06,2026-02-12,6,73.419999,76.440003,14.472540010923229,15.365819842398697,0.06172239501851506,-0.04113326125215556,0.0205891337663595,-0.02054412748579606,0.022001,-0.0014118662336405005,-0.04254512748579606,convergence,False
151619__540775,151619,540775,2026-03-04,2026-03-05,1,79.199997,77.244706,0.0,0.0,0.0,0.02468801861191993,0.02468801861191993,0.04937603722383986,0.022001,0.0026870186119199307,0.02737503722383986,overnight_abort,True
151619__540775,151619,540775,2026-03-23,2026-03-24,1,67.119996,67.259995,0.0,0.0,0.0,-0.0020858016737665343,-0.0020858016737665343,-0.004171603347533069,0.022001,-0.024086801673766534,-0.026172603347533067,overnight_abort,True
151619__540775,151619,540775,2026-03-31,2026-04-16,16,66.520005,70.039994,13.727992590075623,14.096298283056102,0.026828809133153143,-0.05291624677418463,-0.02608743764103149,-0.07900368441521613,0.022001,-0.04808843764103149,-0.10100468441521612,convergence,False
151767__729076,151767,729076,2024-04-23,2024-04-25,1,5.3000002,5.1759997,0.0,0.0,0.0,0.023396319871837018,0.023396319871837018,0.046792639743674036,0.026442,-0.0030456801281629822,0.020350639743674036,overnight_abort,True
151767__729076,151767,729076,2024-09-04,2024-09-09,5,5.0004998,4.9600001,0.999589437011,1.0106451452348912,0.011060249152842512,0.008099130410924084,0.019159379563766597,0.027258509974690683,0.026442,-0.007282620436233404,0.0008165099746906823,convergence,False
151767__729076,151767,729076,2024-10-09,2024-10-17,8,5.1499997,5.04,1.0239632521849589,1.0175399840780301,-0.006272947875055665,0.02135916629276704,0.015086218417711374,0.03644538471047841,0.026442,-0.011355781582288626,0.01000338471047841,convergence,False
151767__729076,151767,729076,2024-11-14,2024-11-18,4,5.3900004,5.6599999,1.1174547300856927,1.1447071032105576,0.024387899027260792,-0.05009266789664801,-0.02570476886938722,-0.07579743676603523,0.026442,-0.052146768869387225,-0.10223943676603522,convergence,False
151767__729076,151767,729076,2024-12-31,2025-01-02,1,6.25,5.9250002,0.0,0.0,0.0,0.05199996799999994,0.05199996799999994,0.10399993599999988,0.026442,0.025557967999999938,0.07755793599999988,overnight_abort,True
151767__729076,151767,729076,2025-01-16,2025-01-23,7,6.8900004,6.7259999,1.33573074752,1.350570782649241,0.011110049803670358,0.02380268366892986,0.03491273347260022,0.05871541714153008,0.026442,0.008470733472600217,0.03227341714153008,convergence,False
151767__729076,151767,729076,2025-02-12,2025-02-13,1,6.6999999,6.3999997,0.0,0.0,0.0,0.044776149922032014,0.044776149922032014,0.08955229984406403,0.026442,0.018334149922032014,0.06311029984406402,overnight_abort,True
151767__729076,151767,729076,2025-02-24,2025-02-26,2,6.6999999,6.5172997,1.2992275838063818,1.309484922735084,0.00789495162860611,0.027268686974159538,0.03516363860276565,0.062432325576925185,0.026442,0.008721638602765647,0.035990325576925185,convergence,False
151767__729076,151767,729076,2025-03-12,2025-03-14,1,7.1599999,6.6479998,0.0,0.0,0.0,0.07150839485346919,0.07150839485346919,0.14301678970693837,0.026442,0.04506639485346919,0.11657478970693838,overnight_abort,True
151767__729076,151767,729076,2025-03-31,2025-04-03,3,6.8999997,5.8199997,1.2761938981616072,1.2033631769266662,-0.057068695705139894,0.1565217459357281,0.0994530502305882,0.2559747961663163,0.026442,0.07301105023058821,0.2295327961663163,convergence,False
151767__729076,151767,729076,2025-06-10,2025-06-20,10,6.8900004,6.2600003,1.34788230872,1.281536969275348,-0.049221908333863425,0.09143687422717714,0.042214965893313715,0.13365184012049086,0.026442,0.015772965893313715,0.10720984012049087,convergence,False
151767__729076,151767,729076,2025-07-25,2025-07-28,1,7.79,7.5600005,0.0,0.0,0.0,0.0295249679075738,0.0295249679075738,0.0590499358151476,0.026442,0.0030829679075738,0.0326079358151476,overnight_abort,True
151767__729076,151767,729076,2025-09-03,2025-09-10,7,6.9899998,6.7799998,1.338307032672,1.3685264240700001,0.022580312783431793,0.030042919314532738,0.05262323209796453,0.08266615141249727,0.026442,0.02618123209796453,0.056224151412497266,convergence,False
151767__729076,151767,729076,2025-11-24,2025-12-02,8,7.7299996,7.8500004,1.5021542729450879,1.577453129056,0.05012724556132514,-0.01552403702582335,0.03460320853550179,0.01907917150967844,0.026442,0.008161208535501792,-0.0073628284903215595,convergence,False
151767__729076,151767,729076,2026-02-05,2026-02-09,4,8.3024998,8.0,1.608733572819,1.6366381111699997,0.01734565550347924,0.03643478558108483,0.05378044108456407,0.0902152266656489,0.026442,0.02733844108456407,0.06377322666564891,convergence,False
151767__729076,151767,729076,2026-02-10,2026-02-11,1,8.5,8.0690003,0.0,0.0,0.0,0.05070584705882344,0.05070584705882344,0.10141169411764688,0.026442,0.024263847058823437,0.07496969411764687,overnight_abort,True
151767__729076,151767,729076,2026-03-19,2026-04-08,20,8.1599999,7.58,1.58307630188,1.5282867984684136,-0.034609515249846456,0.0710784199887062,0.03646890473885975,0.10754732472756595,0.026442,0.010026904738859747,0.08110532472756596,convergence,False
151767__729076,151767,729076,2026-04-17,2026-04-21,4,7.79,7.5699997,1.5171931041298465,1.5337561499035797,0.010916900247337012,0.028241373555840783,0.039158273803177795,0.06739964735901857,0.026442,0.012716273803177795,0.04095764735901857,convergence,False
951464__905475,951464,905475,2024-08-05,2024-08-09,4,9.9399996,11.62,22.1721808,23.2489923967,0.04856588562095798,-0.16901413154986436,-0.12044824592890638,-0.28946237747877074,0.013076999999999998,-0.13352524592890638,-0.30253937747877074,convergence,False
951464__905475,951464,905475,2024-11-13,2025-01-27,75,10.78,10.850001,21.6050171904,22.0050482,0.01851565338155572,-0.006493599257885094,0.012022054123670627,0.005528454865785532,0.013076999999999998,-0.0010549458763293718,-0.007548545134214466,convergence,False
951464__905475,951464,905475,2025-02-12,2025-04-25,72,9.7799998,10.310001,20.530103401399998,20.494796585499998,-0.001719758308552534,-0.0541923528464693,-0.05591211115502183,-0.11010446400149113,0.013076999999999998,-0.06898911115502182,-0.12318146400149113,convergence,False
951464__905475,951464,905475,2025-11-06,2026-02-04,90,10.99,10.140001,22.16066348,19.927328455199998,-0.1007792490877174,0.07734294813466791,-0.023436300953049494,0.05390664718161842,0.013076999999999998,-0.03651330095304949,0.04082964718161842,force_close,False
951464__905475,951464,905475,2026-02-06,2026-02-27,21,9.75,10.260001,19.5849504262,20.7875429168,0.06140390781848589,-0.05230779487179495,0.009096112946690937,-0.043211681925104016,0.013076999999999998,-0.003980887053309061,-0.056288681925104014,convergence,False
951464__905475,951464,905475,2026-03-04,2026-04-08,35,9.6800004,10.170001,18.99549462805,20.2143743788,0.0641667813666784,-0.05061989460248352,0.013546886764194882,-0.03707300783828864,0.013076999999999998,0.0004698867641948837,-0.050150007838288636,convergence,False
951173__906169,951173,906169,2024-04-08,2024-04-11,3,59.690003,59.490006,29.91416696585254,30.033019977467216,0.003973134593731042,0.003350594571087494,0.007323729164818537,0.01067432373590603,0.013201000000000001,-0.005877270835181464,-0.002526676264093971,convergence,False
951173__906169,951173,906169,2024-04-17,2024-04-22,5,58.410004,58.509995,28.953023537638995,29.296606017512442,0.011866894641479818,-0.0017118814099037355,0.010155013231576082,0.008443131821672348,0.013201000000000001,-0.0030459867684239188,-0.004757868178327653,convergence,False
951173__906169,951173,906169,2024-05-14,2024-05-22,8,58.789994,58.729996,29.511366962860542,30.60935039908101,0.03720544146946012,0.0010205478163512012,0.03822598928581132,0.039246537102162526,0.013201000000000001,0.02502498928581132,0.026045537102162526,convergence,False
951173__906169,951173,906169,2024-09-12,2024-09-13,1,53.679993,52.89,0.0,0.0,0.0,0.014716712053222558,0.014716712053222558,0.029433424106445116,0.013201000000000001,0.0015157120532225572,0.016232424106445115,overnight_abort,True
951173__906169,951173,906169,2024-09-26,2024-09-30,4,60.910004,62.110001,30.881807319364437,31.76996488998676,0.028759896123871066,-0.019701147942791077,0.00905874818107999,-0.010642399761711087,0.013201000000000001,-0.004142251818920011,-0.023843399761711088,convergence,False
951173__906169,951173,906169,2024-12-09,2024-12-12,3,53.75,52.449997,26.677298894651287,26.613599517756423,-0.002387774607407312,0.024186102325581334,0.021798327718174023,0.04598443004375535,0.013201000000000001,0.008597327718174022,0.03278343004375535,convergence,False
951173__906169,951173,906169,2025-03-06,2025-03-11,5,50.690003,49.779999,24.57909462672151,24.973229514658303,0.016035370461054507,0.017952336676721064,0.033987707137775575,0.051940043814496635,0.013201000000000001,0.020786707137775574,0.03873904381449664,convergence,False
951173__906169,951173,906169,2025-04-09,2025-04-10,1,44.350007,43.490006,0.0,0.0,0.0,0.019391225800708373,0.019391225800708373,0.038782451601416745,0.013201000000000001,0.006190225800708372,0.025581451601416744,overnight_abort,True
951173__906169,951173,906169,2025-07-02,2025-07-03,1,50.729996,50.520005,0.0,0.0,0.0,0.004139385305687827,0.004139385305687827,0.008278770611375654,0.013201000000000001,-0.009061614694312173,-0.004922229388624346,overnight_abort,True
951173__906169,951173,906169,2025-08-22,2025-08-25,1,55.949997,55.770005,0.0,0.0,0.0,0.003217015364630059,0.003217015364630059,0.006434030729260118,0.013201000000000001,-0.009983984635369942,-0.006766969270739883,overnight_abort,True
951173__906169,951173,906169,2025-09-25,2025-09-26,1,55.690003,54.740006,0.0,0.0,0.0,0.017058663114096012,0.017058663114096012,0.034117326228192024,0.013201000000000001,0.003857663114096011,0.020916326228192023,overnight_abort,True
951173__906169,951173,906169,2025-09-29,2025-09-30,1,56.220002,55.75,0.0,0.0,0.0,0.008360049506935288,0.008360049506935288,0.016720099013870577,0.013201000000000001,-0.0048409504930647124,0.003519099013870576,overnight_abort,True
951173__906169,951173,906169,2025-10-13,2025-10-15,2,55.710007,56.690003,27.754171560233466,28.357419991854545,0.02173541481185557,-0.017591022740313062,0.004144392071542508,-0.013446630668770554,0.013201000000000001,-0.009056607928457493,-0.026647630668770555,convergence,False
951173__906169,951173,906169,2026-01-14,2026-01-15,1,66.020005,66.029999,0.0,0.0,0.0,-0.0001513783587263596,-0.0001513783587263596,-0.0003027567174527192,0.013201000000000001,-0.013352378358726361,-0.013503756717452721,overnight_abort,True
951173__906169,951173,906169,2026-02-03,2026-02-04,1,72.740006,72.220002,0.0,0.0,0.0,0.007148803369634038,0.007148803369634038,0.014297606739268076,0.013201000000000001,-0.006052196630365963,0.0010966067392680755,overnight_abort,True
951173__906169,951173,906169,2026-02-11,2026-02-12,1,75.130005,72.759995,0.0,0.0,0.0,0.031545452446063244,0.031545452446063244,0.06309090489212649,0.013201000000000001,0.018344452446063243,0.04988990489212648,overnight_abort,True
951173__906169,951173,906169,2026-02-24,2026-02-26,2,79.649994,81.070008,40.25501565490132,41.030186637825004,0.019256506805737653,-0.01782817460099237,0.0014283322047452841,-0.016399842396247085,0.013201000000000001,-0.011772667795254717,-0.029600842396247086,convergence,False
951173__906169,951173,906169,2026-03-31,2026-04-07,7,72.740006,73.309998,36.41653645927099,36.91662917613884,0.013732572218315196,-0.007836018050369686,0.00589655416794551,-0.001939463882424176,0.013201000000000001,-0.007304445832054491,-0.015140463882424177,convergence,False
27220J__912748,27220J,912748,2024-04-26,2024-04-30,1,21.059998,21.100007,0.0,0.0,0.0,-0.0018997627635102953,-0.0018997627635102953,-0.0037995255270205906,0.017979000000000002,-0.019878762763510298,-0.021778525527020594,overnight_abort,True
27220J__912748,27220J,912748,2024-05-08,2024-05-16,8,22.5,22.429993,23.3099619288,22.5304075206,-0.03344297217563627,0.003111422222222239,-0.03033154995341403,-0.02722012773119179,0.017979000000000002,-0.048310549953414036,-0.04519912773119179,convergence,False
27220J__912748,27220J,912748,2024-05-24,2024-05-29,5,22.070008,21.759995,21.792383815,21.88877823,0.004423307510472961,0.01404680052676018,0.018470108037233143,0.03251690856399332,0.017979000000000002,0.0004911080372331407,0.01453790856399332,convergence,False
27220J__912748,27220J,912748,2024-08-05,2024-08-06,1,18.410004,18.850007,0.0,0.0,0.0,-0.023900212080345054,-0.023900212080345054,-0.04780042416069011,0.017979000000000002,-0.041879212080345056,-0.0657794241606901,overnight_abort,True
27220J__912748,27220J,912748,2024-09-26,2024-10-02,6,26.820008,8.5760003,9.0966624086,8.40815208555,-0.07568823510467765,0.680238712083904,0.6045504769792263,1.2847891890631302,0.017979000000000002,0.5865714769792263,1.2668101890631303,convergence,False
27220J__912748,27220J,912748,2025-02-05,2025-02-06,1,7.4499999,7.3800002,0.0,0.0,0.0,0.009395933012025992,0.009395933012025992,0.018791866024051983,0.017979000000000002,-0.00858306698797401,0.0008128660240519815,overnight_abort,True
27220J__912748,27220J,912748,2025-04-07,2025-04-10,3,6.8699999,6.7524996,6.8833521252,7.199473424,0.045925487037438845,0.017103391806453982,0.06302887884389283,0.08013227065034681,0.017979000000000002,0.045049878843892825,0.06215327065034681,convergence,False
27220J__912748,27220J,912748,2025-05-08,2025-05-14,6,7.3754998,6.8207999,6.913868556,7.0491630703000006,0.01956856905857567,0.07520844892436986,0.09477701798294552,0.1699854669073154,0.017979000000000002,0.07679801798294553,0.1520064669073154,convergence,False
27220J__912748,27220J,912748,2025-07-11,2025-07-16,5,7.2700005,6.8227997,6.9119588572,6.897717666,-0.0020603697872369916,0.06151317321092345,0.05945280342368646,0.12096597663460991,0.017979000000000002,0.04147380342368646,0.1029869766346099,convergence,False
27220J__912748,27220J,912748,2025-08-18,2025-08-27,9,6.8100005,6.5100003,6.669374231913624,6.75395175925998,0.012681478712297222,0.04405288957027248,0.056734368282569704,0.10078725785284218,0.017979000000000002,0.0387553682825697,0.08280825785284218,convergence,False
27220J__912748,27220J,912748,2025-11-04,2025-11-06,1,6.7749997,6.625,0.0,0.0,0.0,0.022140178102148165,0.022140178102148165,0.04428035620429633,0.017979000000000002,0.004161178102148163,0.026301356204296328,overnight_abort,True
27220J__912748,27220J,912748,2025-11-13,2025-11-14,1,7.04,6.6499997,0.0,0.0,0.0,0.055397769886363586,0.055397769886363586,0.11079553977272717,0.017979000000000002,0.037418769886363584,0.09281653977272716,overnight_abort,True
27220J__912748,27220J,912748,2025-12-15,2025-12-19,4,7.29,6.6800004,6.937084512,6.883656069000001,-0.0077018584547409365,0.08367621399176955,0.07597435553702862,0.15965056952879816,0.017979000000000002,0.05799535553702862,0.14167156952879817,convergence,False
27220J__912748,27220J,912748,2026-03-23,2026-03-26,3,7.1599999,7.0100003,7.0859191272999995,7.079839402199999,-0.000858000915728319,0.020949665097062378,0.02009166418133406,0.04104132927839644,0.017979000000000002,0.002112664181334059,0.023062329278396437,convergence,False
14849F__998511,14849F,998511,2025-02-13,2025-02-24,11,6.1000004,5.8999997,1.1805586872375065,1.1820011036247244,0.00122180828688256,0.03278699785003284,0.0340088061369154,0.06679580398694825,0.033351,0.0006578061369153995,0.03344480398694825,convergence,False
14849F__998511,14849F,998511,2025-08-21,2025-08-26,1,7.8800002,7.29,0.0,0.0,0.0,0.07487311992707812,0.07487311992707812,0.14974623985415625,0.033351,0.041522119927078126,0.11639523985415626,overnight_abort,True
670845__362033,670845,362033,2024-05-30,2024-06-03,4,30.089997,28.835007,1.4349938380680527,1.4501929668589664,0.01059177286180993,0.04170788052920043,0.05229965339101036,0.09400753392021079,0.01001,0.04228965339101036,0.08399753392021078,convergence,False
670845__362033,670845,362033,2024-07-31,2024-08-01,1,26.539994,25.199997,0.0,0.0,0.0,0.05048972505419558,0.05048972505419558,0.10097945010839116,0.01001,0.04047972505419558,0.09096945010839115,overnight_abort,True
670845__362033,670845,362033,2024-09-24,2024-09-30,6,26.220002,26.800004,1.266578849725117,1.3637388314145948,0.07671056698172748,-0.022120593278368184,0.0545899737033593,0.03246938042499112,0.01001,0.0445799737033593,0.02245938042499112,convergence,False
670845__362033,670845,362033,2024-10-09,2024-10-10,1,27.360001,27.619996,0.0,0.0,0.0,-0.009502740880747774,-0.009502740880747774,-0.01900548176149555,0.01001,-0.019512740880747774,-0.02901548176149555,overnight_abort,True
670845__362033,670845,362033,2024-12-09,2024-12-10,1,24.869996,24.460007,0.0,0.0,0.0,0.01648528612549835,0.01648528612549835,0.0329705722509967,0.01001,0.00647528612549835,0.0229605722509967,overnight_abort,True
670845__362033,670845,362033,2025-02-20,2025-02-21,1,30.904999,34.660004,0.0,0.0,0.0,-0.12150154089958069,-0.12150154089958069,-0.24300308179916139,0.01001,-0.1315115408995807,-0.2530130817991614,overnight_abort,True
670845__362033,670845,362033,2025-03-05,2025-03-06,1,31.330002,31.770005,0.0,0.0,0.0,-0.014044142097405574,-0.014044142097405574,-0.028088284194811148,0.01001,-0.024054142097405574,-0.03809828419481115,overnight_abort,True
670845__362033,670845,362033,2025-03-17,2025-03-19,2,30.809998,30.619996,1.526520952946,1.5365312036699998,0.006557558679218448,0.006166894265945742,0.01272445294516419,0.01889134721110993,0.01001,0.002714452945164191,0.008881347211109931,convergence,False
670845__362033,670845,362033,2025-04-07,2025-04-08,1,20.110001,19.199997,0.0,0.0,0.0,0.04525131550217231,0.04525131550217231,0.09050263100434462,0.01001,0.03524131550217231,0.08049263100434462,overnight_abort,True
670845__362033,670845,362033,2025-04-09,2025-04-10,1,20.059998,20.190003,0.0,0.0,0.0,-0.00648080822341062,-0.00648080822341062,-0.01296161644682124,0.01001,-0.01649080822341062,-0.02297161644682124,overnight_abort,True
670845__362033,670845,362033,2025-07-30,2025-08-01,2,26.300004,25.559998,1.2892047872879997,1.2867063196666528,-0.0019379912687127853,0.02813710598675198,0.026199114718039197,0.054336220704791174,0.01001,0.016189114718039195,0.044326220704791176,convergence,False
670845__362033,670845,362033,2025-08-22,2025-08-25,1,27.899994,28.300004,0.0,0.0,0.0,-0.014337279068948966,-0.014337279068948966,-0.028674558137897932,0.01001,-0.024347279068948964,-0.03868455813789793,overnight_abort,True
670845__362033,670845,362033,2025-09-11,2025-09-12,1,30.151993,30.279999,0.0,0.0,0.0,-0.004245357844172993,-0.004245357844172993,-0.008490715688345985,0.01001,-0.014255357844172992,-0.018500715688345985,overnight_abort,True
670845__362033,670845,362033,2025-10-06,2025-10-09,3,30.399994,31.75,1.5047160376853697,1.6140432907786213,0.07265640184271868,-0.04440810087001992,0.02824830097269876,-0.016159799897321164,0.01001,0.01823830097269876,-0.026169799897321162,convergence,False
670845__362033,670845,362033,2025-10-17,2025-10-21,4,29.498993,29.479996,1.4598070866127724,1.480947883486182,0.014481911389033719,0.0006439880846101703,0.01512589947364389,0.015769887558254057,0.01001,0.00511589947364389,0.0057598875582540576,convergence,False
670845__362033,670845,362033,2026-02-06,2026-02-12,6,24.149994,22.960007,1.1759736971850707,1.1514768281999999,-0.020831136821945116,0.049274836258758434,0.028443699436813318,0.07771853569557174,0.01001,0.01843369943681332,0.06770853569557174,convergence,False
670845__362033,670845,362033,2026-02-20,2026-02-23,1,24.029999,23.800004,0.0,0.0,0.0,0.009571161446989608,0.009571161446989608,0.019142322893979217,0.01001,-0.0004388385530103914,0.009132322893979217,overnight_abort,True
670845__362033,670845,362033,2026-03-04,2026-03-05,1,24.130005,23.320008,0.0,0.0,0.0,0.03356804111727284,0.03356804111727284,0.06713608223454567,0.01001,0.02355804111727284,0.057126082234545676,overnight_abort,True
670845__362033,670845,362033,2026-03-23,2026-03-24,1,23.169999,23.520005,0.0,0.0,0.0,-0.015105999788778605,-0.015105999788778605,-0.03021199957755721,0.01001,-0.025115999788778605,-0.04022199957755721,overnight_abort,True
670845__362033,670845,362033,2026-03-31,2026-04-08,8,23.929993,25.630005,1.2120438428,1.292085305632,0.06603842204840751,-0.07104105713695784,-0.005002635088550325,-0.07604369222550816,0.01001,-0.015012635088550325,-0.08605369222550817,convergence,False
151444__315891,151444,315891,2024-12-30,2025-01-03,1,14.75,11.710001,0.0,0.0,0.0,0.20610162711864405,0.20610162711864405,0.4122032542372881,0.07844000000000001,0.12766162711864404,0.3337632542372881,overnight_abort,True
151444__315891,151444,315891,2025-01-21,2025-01-24,1,14.75,11.998001,0.0,0.0,0.0,0.1865762033898305,0.1865762033898305,0.373152406779661,0.07844000000000001,0.10813620338983049,0.294712406779661,overnight_abort,True
151444__315891,151444,315891,2025-01-28,2025-02-21,24,14.5,12.112501,3.046804475334,3.163969672806,0.03845510876084559,0.16465510344827586,0.20311021220912145,0.3677653156573973,0.07844000000000001,0.12467021220912144,0.2893253156573973,convergence,False
151444__315891,151444,315891,2025-12-05,2025-12-16,11,14.840001,12.87,3.200977798309432,3.2162530025560945,0.004772043172161358,0.13274938458562108,0.13752142775778242,0.2702708123434035,0.07844000000000001,0.05908142775778241,0.1918308123434035,convergence,False
501286__912361,501286,912361,2024-07-26,2024-07-29,1,26.479996,26.634995,0.0,0.0,0.0,-0.005853437440096294,-0.005853437440096294,-0.011706874880192588,0.01352,-0.019373437440096293,-0.02522687488019259,overnight_abort,True
501286__912361,501286,912361,2024-07-31,2024-08-01,1,29.770005,29.570008,0.0,0.0,0.0,0.00671807075611844,0.00671807075611844,0.01343614151223688,0.01352,-0.006801929243881561,-8.385848776312071e-05,overnight_abort,True
501286__912361,501286,912361,2024-08-05,2024-08-06,1,29.942795,29.320008,0.0,0.0,0.0,0.020799227326640645,0.020799227326640645,0.04159845465328129,0.01352,0.007279227326640644,0.02807845465328129,overnight_abort,True
501286__912361,501286,912361,2024-08-19,2024-08-20,1,31.970002,31.830002,0.0,0.0,0.0,0.004379105137372233,0.004379105137372233,0.008758210274744466,0.01352,-0.009140894862627768,-0.004761789725255535,overnight_abort,True
501286__912361,501286,912361,2024-10-09,2024-10-15,6,37.324997,35.259995,35.794572553,35.529490782900005,-0.007405641447666334,0.05532490732685121,0.04791926587918488,0.10324417320603609,0.01352,0.034399265879184876,0.08972417320603608,convergence,False
501286__912361,501286,912361,2025-01-31,2025-02-06,6,25.419999,24.580002,24.391819729999998,24.647583446400002,0.010485634906748476,0.03304472986013887,0.04353036476688735,0.07657509462702622,0.01352,0.030010364766887346,0.06305509462702621,convergence,False
501286__912361,501286,912361,2025-04-09,2025-04-10,1,23.445008,24.14,0.0,0.0,0.0,-0.029643495962978522,-0.029643495962978522,-0.059286991925957044,0.01352,-0.043163495962978526,-0.07280699192595705,overnight_abort,True
501286__912361,501286,912361,2025-04-28,2025-04-30,1,25.020005,26.423005,0.0,0.0,0.0,-0.05607512868202859,-0.05607512868202859,-0.11215025736405718,0.01352,-0.06959512868202859,-0.12567025736405718,overnight_abort,True
501286__912361,501286,912361,2025-07-14,2025-07-15,1,26.100007,24.865006,0.0,0.0,0.0,0.047318033286351244,0.047318033286351244,0.09463606657270249,0.01352,0.03379803328635124,0.08111606657270248,overnight_abort,True
501286__912361,501286,912361,2025-08-22,2025-08-25,1,25.992997,27.429993,0.0,0.0,0.0,-0.055283967447078176,-0.055283967447078176,-0.11056793489415635,0.01352,-0.06880396744707817,-0.12408793489415636,overnight_abort,True
501286__912361,501286,912361,2025-09-24,2025-10-07,13,26.990006,26.399994,26.6078041398,26.430993126999997,-0.006645080964630507,0.021860387878387337,0.01521530691375683,0.03707569479214417,0.01352,0.0016953069137568295,0.023555694792144168,convergence,False
501286__912361,501286,912361,2025-12-01,2025-12-02,1,26.800004,26.039994,0.0,0.0,0.0,0.028358577856928722,0.028358577856928722,0.056717155713857444,0.01352,0.014838577856928721,0.043197155713857446,overnight_abort,True
501286__912361,501286,912361,2026-01-21,2026-01-23,2,30.509995,32.642502,32.5547609868,33.009022946,0.013953779583397758,-0.06989535724276587,-0.05594157765936811,-0.125836934902134,0.01352,-0.06946157765936811,-0.139356934902134,convergence,False
501286__912361,501286,912361,2026-02-17,2026-02-27,10,39.880005,38.899994,40.694930997700006,39.1720868836,-0.03742097791457298,0.024573993909980642,-0.01284698400459234,0.011727009905388303,0.01352,-0.02636698400459234,-0.0017929900946116982,convergence,False
501286__912361,501286,912361,2026-03-04,2026-03-05,1,36.699997,35.809998,0.0,0.0,0.0,0.024250655933296207,0.024250655933296207,0.048501311866592414,0.01352,0.010730655933296206,0.03498131186659241,overnight_abort,True
501286__912361,501286,912361,2026-03-23,2026-03-25,2,35.699997,37.022995,35.7226105226,37.016364164500004,0.03621666006412122,-0.03705877062118516,-0.0008421105570639367,-0.03790088117824909,0.01352,-0.014362110557063937,-0.0514208811782491,convergence,False
512956__912534,512956,912534,2024-04-26,2024-04-30,1,27.949997,27.929993,0.0,0.0,0.0,0.0007157066957824765,0.0007157066957824765,0.001431413391564953,0.0066099999999999996,-0.005894293304217523,-0.005178586608435046,overnight_abort,True
512956__912534,512956,912534,2024-08-05,2024-08-06,1,27.147507,27.130005,0.0,0.0,0.0,0.0006447000824053696,0.0006447000824053696,0.0012894001648107393,0.0066099999999999996,-0.00596529991759463,-0.00532059983518926,overnight_abort,True
512956__912534,512956,912534,2025-03-14,2025-03-21,7,33.529999,33.899994,33.8370807159,34.0287287743,0.0056638473043551674,-0.011034745333574361,-0.005370898029219194,-0.016405643362793557,0.0066099999999999996,-0.011980898029219193,-0.023015643362793554,convergence,False
512956__912534,512956,912534,2025-03-25,2025-03-27,2,34.990006,33.919999,34.1223731262,34.1067825056,-0.00045690317441697206,0.030580360574959716,0.030123457400542744,0.06070381797550246,0.0066099999999999996,0.023513457400542746,0.05409381797550246,convergence,False
512956__912534,512956,912534,2025-04-07,2025-04-08,1,32.809998,32.199997,0.0,0.0,0.0,0.018591924327456433,0.018591924327456433,0.037183848654912866,0.0066099999999999996,0.011981924327456433,0.030573848654912868,overnight_abort,True
512956__912534,512956,912534,2025-04-09,2025-04-10,1,35.009995,34.0,0.0,0.0,0.0,0.028848761617932348,0.028848761617932348,0.057697523235864696,0.0066099999999999996,0.022238761617932347,0.0510875232358647,overnight_abort,True
512956__912534,512956,912534,2025-09-29,2025-09-30,1,36.589997,35.759995,0.0,0.0,0.0,0.022683849905754113,0.022683849905754113,0.045367699811508226,0.0066099999999999996,0.016073849905754112,0.03875769981150823,overnight_abort,True
512956__912534,512956,912534,2025-11-05,2025-11-06,1,34.820008,34.479996,0.0,0.0,0.0,0.00976484554512456,0.00976484554512456,0.01952969109024912,0.0066099999999999996,0.00315484554512456,0.01291969109024912,overnight_abort,True
512956__912534,512956,912534,2026-02-04,2026-02-12,8,34.809998,37.199997,34.8191544592,37.382565461,0.07362071370238826,-0.0686584067025802,0.004962306999808069,-0.06369609970277212,0.0066099999999999996,-0.0016476930001919302,-0.07030609970277213,convergence,False
512956__912534,512956,912534,2026-03-04,2026-03-05,1,34.949997,33.380005,0.0,0.0,0.0,0.04492109112341286,0.04492109112341286,0.08984218224682572,0.0066099999999999996,0.03831109112341286,0.08323218224682571,overnight_abort,True
133142__912732,133142,912732,2024-06-28,2024-07-17,19,38.970002,7.54,15.480135103650001,14.93516800575,-0.035204285637759396,0.8065178441612603,0.7713135585235009,1.577831402684761,0.054363,0.7169505585235009,1.5234684026847611,convergence,False
133142__912732,133142,912732,2024-12-30,2025-01-07,8,8.3000002,8.3500004,16.501189551299998,16.988832183,0.02955196837076417,-0.006024120336768338,0.02352784803399583,0.017503727697227495,0.054363,-0.03083515196600417,-0.03685927230277251,convergence,False
133142__912732,133142,912732,2025-02-14,2025-02-19,5,8.7255002,8.6899996,17.7693014828,17.580457586999998,-0.010627536258687221,0.004068603425165317,-0.006558932833521904,-0.0024903294083565876,0.054363,-0.0609219328335219,-0.05685332940835659,convergence,False
133142__912732,133142,912732,2025-04-09,2025-04-10,1,7.2299996,6.83,0.0,0.0,0.0,0.05532498231396861,0.05532498231396861,0.11064996462793722,0.054363,0.0009619823139686082,0.05628696462793722,overnight_abort,True
133142__912732,133142,912732,2025-08-14,2025-08-15,1,10.220001,10.94,0.0,0.0,0.0,-0.07044999310665426,-0.07044999310665426,-0.14089998621330851,0.054363,-0.12481299310665425,-0.1952629862133085,overnight_abort,True
133142__912732,133142,912732,2025-10-07,2025-10-10,3,12.58,12.930001,24.8419948174,26.8496757441,0.08081802373188514,-0.027822019077901484,0.05299600465398366,0.02517398557608217,0.054363,-0.0013669953460163434,-0.02918901442391783,convergence,False
133142__912732,133142,912732,2025-10-16,2025-10-29,13,13.24,13.055001,25.4522520756,26.2751259273,0.03233009987704991,0.01397273413897277,0.046302834016022684,0.06027556815499545,0.054363,-0.008060165983977317,0.005912568154995447,convergence,False
133142__912732,133142,912732,2025-11-05,2025-11-06,1,13.62,14.140001,0.0,0.0,0.0,-0.03817922173274601,-0.03817922173274601,-0.07635844346549202,0.054363,-0.09254222173274601,-0.13072144346549203,overnight_abort,True
133142__912732,133142,912732,2026-01-09,2026-01-14,5,14.532,14.470001,28.856002638400003,29.3909752544,0.01853938754802042,0.004266377649325636,0.02280576519734606,0.02707214284667169,0.054363,-0.03155723480265395,-0.02729085715332831,convergence,False
133142__912732,133142,912732,2026-02-06,2026-02-12,6,16.399994,17.330002,33.3322641384,35.5167106175,0.0655354964796238,-0.05670782562481431,0.00882767085480949,-0.04788015477000482,0.054363,-0.04553532914519051,-0.10224315477000481,convergence,False
133142__912732,133142,912732,2026-02-13,2026-02-19,6,19.050004,17.740006,36.1536958776,35.638709659599996,-0.014244358854583325,0.06876628477348352,0.0545219259189002,0.12328821069238373,0.054363,0.00015892591890019625,0.06892521069238372,convergence,False
133142__912732,133142,912732,2026-03-04,2026-03-05,1,16.699997,16.369996,0.0,0.0,0.0,0.019760542471953697,0.019760542471953697,0.039521084943907395,0.054363,-0.034602457528046304,-0.014841915056092607,overnight_abort,True
951089__922894,951089,922894,2024-04-26,2024-04-30,1,27.176102,28.89,0.0,0.0,0.0,-0.06306636617716553,-0.06306636617716553,-0.12613273235433106,0.014451,-0.07751736617716554,-0.14058373235433105,overnight_abort,True
951089__922894,951089,922894,2024-06-18,2024-06-21,3,28.922196,27.25,27.7318063854,27.333312552000002,-0.01436955919358329,0.05781704819371252,0.04344748900012923,0.10126453719384175,0.014451,0.02899648900012923,0.08681353719384174,convergence,False
951089__922894,951089,922894,2024-07-01,2024-07-05,4,27.860001,27.919999,27.864484965899997,28.10837556,0.008752740070325005,-0.002153553404395076,0.006599186665929929,0.004445633261534853,0.014451,-0.007851813334070071,-0.010005366738465148,convergence,False
951089__922894,951089,922894,2024-07-30,2024-07-31,1,31.300004,32.5,0.0,0.0,0.0,-0.03833852545194559,-0.03833852545194559,-0.07667705090389118,0.014451,-0.05278952545194559,-0.09112805090389119,overnight_abort,True
951089__922894,951089,922894,2024-08-05,2024-08-06,1,28.068406,28.744507,0.0,0.0,0.0,-0.024087616518016705,-0.024087616518016705,-0.04817523303603341,0.014451,-0.038538616518016704,-0.06262623303603342,overnight_abort,True
951089__922894,951089,922894,2025-01-30,2025-01-31,1,30.679993,29.669999,0.0,0.0,0.0,0.032920281305148895,0.032920281305148895,0.06584056261029779,0.014451,0.018469281305148896,0.05138956261029779,overnight_abort,True
951089__922894,951089,922894,2025-03-17,2025-03-27,10,36.380005,34.020005,36.6115067245,34.7423126144,-0.051054826127905864,0.06487079922061582,0.01381597309270996,0.07868677231332578,0.014451,-0.0006350269072900403,0.06423577231332578,convergence,False
951089__922894,951089,922894,2025-04-07,2025-04-08,1,26.342499,25.712998,0.0,0.0,0.0,0.023896783672650086,0.023896783672650086,0.04779356734530017,0.014451,0.009445783672650086,0.033342567345300174,overnight_abort,True
951089__922894,951089,922894,2025-04-09,2025-04-10,1,28.172501,27.550004,0.0,0.0,0.0,0.022095908346937292,0.022095908346937292,0.044191816693874585,0.014451,0.007644908346937292,0.029740816693874586,overnight_abort,True
951089__922894,951089,922894,2025-07-18,2025-07-24,6,30.690003,32.300004,30.00545548,32.2971224084,0.07637500886888725,-0.05246011217398709,0.023914896694900156,-0.028545215479086936,0.014451,0.009463896694900156,-0.042996215479086934,convergence,False
951089__922894,951089,922894,2025-07-30,2025-07-31,1,32.330002,30.986603,0.0,0.0,0.0,0.04155270389404868,0.04155270389404868,0.08310540778809736,0.014451,0.02710170389404868,0.06865440778809735,overnight_abort,True
951089__922894,951089,922894,2025-09-18,2025-09-19,1,35.0,33.589997,0.0,0.0,0.0,0.040285800000000094,0.040285800000000094,0.08057160000000019,0.014451,0.025834800000000095,0.06612060000000018,overnight_abort,True
951089__922894,951089,922894,2025-10-31,2025-11-06,6,32.235001,28.593995,29.5493718449,28.8243539816,-0.02453581304893736,0.11295194313783324,0.08841613008889589,0.20136807322672912,0.014451,0.07396513008889588,0.18691707322672912,convergence,False
951089__922894,951089,922894,2025-12-05,2025-12-08,1,29.960007,29.470002,0.0,0.0,0.0,0.016355303254768933,0.016355303254768933,0.032710606509537866,0.014451,0.001904303254768933,0.018259606509537868,overnight_abort,True
951089__922894,951089,922894,2026-01-29,2026-02-03,5,32.649994,35.645005,34.572767121800005,35.762439549,0.034410680030579364,-0.09173082849571115,-0.05732014846513179,-0.14905097696084293,0.014451,-0.07177114846513179,-0.16350197696084293,convergence,False
951089__922894,951089,922894,2026-02-06,2026-02-12,6,38.759995,39.710007,38.2204830132,39.9751216646,0.04590833273336735,-0.024510116680871444,0.021398216052495905,-0.00311190062837554,0.014451,0.006947216052495904,-0.01756290062837554,convergence,False
951089__922894,951089,922894,2026-04-28,2026-04-30,1,35.460007,37.630005,0.0,0.0,0.0,-0.06119564499803962,-0.06119564499803962,-0.12239128999607923,0.014451,-0.07564664499803962,-0.13684228999607922,overnight_abort,True
511280__929864,511280,929864,2024-04-26,2024-04-30,1,13.65,13.9,0.0,0.0,0.0,-0.018315018315018316,-0.018315018315018316,-0.03663003663003663,0.011938,-0.030253018315018317,-0.04856803663003663,overnight_abort,True
511280__929864,511280,929864,2024-05-28,2024-05-29,1,13.53,12.91,0.0,0.0,0.0,0.04582409460458235,0.04582409460458235,0.0916481892091647,0.011938,0.03388609460458235,0.0797101892091647,overnight_abort,True
511280__929864,511280,929864,2024-07-08,2024-07-09,1,12.880001,12.865,0.0,0.0,0.0,0.001164673822618478,0.001164673822618478,0.002329347645236956,0.011938,-0.010773326177381522,-0.009608652354763044,overnight_abort,True
511280__929864,511280,929864,2024-08-05,2024-08-06,1,13.33,13.090001,0.0,0.0,0.0,0.01800442610652657,0.01800442610652657,0.03600885221305314,0.011938,0.006066426106526569,0.024070852213053138,overnight_abort,True
511280__929864,511280,929864,2025-02-13,2025-02-19,6,13.57,13.29,6.8200461837,6.687571737,-0.01942427413711883,0.020633750921149677,0.0012094767840308482,0.021843227705180525,0.011938,-0.010728523215969153,0.009905227705180524,convergence,False
511280__929864,511280,929864,2025-04-07,2025-04-08,1,12.5125,12.646201,0.0,0.0,0.0,-0.01068539460539463,-0.01068539460539463,-0.02137078921078926,0.011938,-0.02262339460539463,-0.03330878921078926,overnight_abort,True
511280__929864,511280,929864,2025-04-09,2025-04-10,1,13.04,13.140001,0.0,0.0,0.0,-0.007668788343558335,-0.007668788343558335,-0.01533757668711667,0.011938,-0.019606788343558335,-0.027275576687116672,overnight_abort,True
511280__929864,511280,929864,2025-04-24,2025-04-30,6,13.930001,13.850001,6.838789740162644,6.9474052522,0.015882271010538893,0.0057430003055994085,0.0216252713161383,0.02736827162173771,0.011938,0.0096872713161383,0.015430271621737709,convergence,False
511280__929864,511280,929864,2025-05-02,2025-05-09,7,14.270001,13.79,6.9667998882,6.9241877628,-0.006116456060719355,0.03363706842066805,0.027520612359948692,0.061157680780616744,0.011938,0.015582612359948692,0.04921968078061674,convergence,False
511280__929864,511280,929864,2025-05-27,2025-05-28,1,14.300001,13.8775,0.0,0.0,0.0,0.02954552240940406,0.02954552240940406,0.05909104481880812,0.011938,0.01760752240940406,0.047153044818808124,overnight_abort,True
511280__929864,511280,929864,2025-08-29,2025-09-05,7,16.995194,16.419999,8.3291192964,8.276517088,-0.006315458637113697,0.03384456805847587,0.02752910942136217,0.06137367747983804,0.011938,0.01559110942136217,0.04943567747983804,convergence,False
511280__929864,511280,929864,2025-09-09,2025-09-12,3,16.589997,16.210007,8.15447729525,8.1160696557,-0.004710006314245605,0.022904766046672544,0.01819475973242694,0.041099525779099484,0.011938,0.006256759732426939,0.029161525779099483,convergence,False
511280__929864,511280,929864,2025-09-19,2025-09-24,5,16.669999,16.020005,8.0997828474,8.0286088296,-0.008787151352193009,0.038991843970716464,0.030204692618523453,0.06919653658923992,0.011938,0.018266692618523452,0.05725853658923992,convergence,False
511280__929864,511280,929864,2025-11-05,2025-11-06,1,16.419999,16.309998,0.0,0.0,0.0,0.006699208690573029,0.006699208690573029,0.013398417381146058,0.011938,-0.0052387913094269715,0.0014604173811460577,overnight_abort,True
511280__929864,511280,929864,2025-11-25,2025-11-28,3,16.969803,16.621003,8.3109661965,8.3496073224,0.004649414398565699,0.020554157287506352,0.02520357168607205,0.0457577289735784,0.011938,0.01326557168607205,0.033819728973578406,convergence,False
511280__929864,511280,929864,2026-01-30,2026-02-03,4,20.179993,19.414994,9.39789235125,9.7656500097,0.039131929235291206,0.0379087842101828,0.077040713445474,0.11494949765565682,0.011938,0.065102713445474,0.10301149765565681,convergence,False
511280__929864,511280,929864,2026-03-04,2026-03-05,1,22.179993,21.720002,0.0,0.0,0.0,0.020739005643509386,0.020739005643509386,0.04147801128701877,0.011938,0.008801005643509385,0.02954001128701877,overnight_abort,True
511280__929864,511280,929864,2026-03-23,2026-03-26,3,19.110001,19.320008,9.641134961999999,9.760980528,0.012430649137509752,-0.010989376714318379,0.001441272423191373,-0.009548104291127006,0.011938,-0.010496727576808628,-0.021486104291127007,convergence,False
997662__930971,997662,930971,2024-06-14,2024-06-26,12,17.049897,15.645001,16.160527452,15.7914363375,-0.02283905123742243,0.08239909015286137,0.05956003891543894,0.1419591290683003,0.024182,0.03537803891543895,0.1177771290683003,convergence,False
997662__930971,997662,930971,2024-07-03,2024-07-09,6,15.469,15.010001,14.91896516,15.13404621295,0.01441662009685929,0.029672183075828987,0.044088803172688276,0.07376098624851726,0.024182,0.019906803172688278,0.04957898624851727,convergence,False
997662__930971,997662,930971,2024-08-05,2024-08-06,1,13.720001,13.82,0.0,0.0,0.0,-0.007288556320076098,-0.007288556320076098,-0.014577112640152197,0.024182,-0.031470556320076094,-0.038759112640152193,overnight_abort,True
997662__930971,997662,930971,2024-08-15,2024-08-20,5,16.449997,16.279999,16.21612358255,16.48480139745,0.016568559898564154,0.01033422680867356,0.026902786707237714,0.03723701351591127,0.024182,0.0027207867072377157,0.013055013515911273,convergence,False
997662__930971,997662,930971,2024-09-09,2024-09-10,1,16.630005,16.0,0.0,0.0,0.0,0.037883632626688965,0.037883632626688965,0.07576726525337793,0.024182,0.013701632626688966,0.051585265253377935,overnight_abort,True
997662__930971,997662,930971,2024-11-01,2024-11-07,6,15.930001,16.785004,17.009629443999998,16.888974946199998,-0.007093305483063314,-0.05367250133882603,-0.06076580682188934,-0.11443830816071537,0.024182,-0.08494780682188934,-0.13862030816071538,convergence,False
997662__930971,997662,930971,2025-01-24,2025-01-27,1,20.490006,18.199997,0.0,0.0,0.0,0.11176224155327241,0.11176224155327241,0.22352448310654482,0.024182,0.08758024155327242,0.19934248310654482,overnight_abort,True
997662__930971,997662,930971,2025-03-11,2025-03-13,2,17.527497,17.604996,17.8139004786,17.683668176,-0.00731071237073817,-0.004421566867191564,-0.011732279237929733,-0.0161538461051213,0.024182,-0.03591427923792973,-0.040335846105121295,convergence,False
997662__930971,997662,930971,2025-04-09,2025-04-10,1,14.12,13.74,0.0,0.0,0.0,0.026912181303116078,0.026912181303116078,0.053824362606232155,0.024182,0.002730181303116079,0.029642362606232157,overnight_abort,True
997662__930971,997662,930971,2025-08-12,2025-08-13,1,27.190003,27.119996,0.0,0.0,0.0,0.0025747330737698106,0.0025747330737698106,0.005149466147539621,0.024182,-0.02160726692623019,-0.019032533852460377,overnight_abort,True
997662__930971,997662,930971,2025-11-05,2025-11-06,1,38.929993,39.940003,0.0,0.0,0.0,-0.025944263591313618,-0.025944263591313618,-0.051888527182627237,0.024182,-0.05012626359131361,-0.07607052718262723,overnight_abort,True
997662__930971,997662,930971,2025-12-19,2025-12-22,1,40.839997,42.929993,0.0,0.0,0.0,-0.05117522413138293,-0.05117522413138293,-0.10235044826276586,0.024182,-0.07535722413138293,-0.12653244826276586,overnight_abort,True
997662__930971,997662,930971,2026-01-09,2026-01-14,5,41.229996,40.559998,40.713859123300004,40.8898708768,0.0043231409964591145,0.016250256245477192,0.020573397241936305,0.036823653487413496,0.024182,-0.003608602758063694,0.012641653487413498,convergence,False
997662__930971,997662,930971,2026-02-02,2026-02-03,1,44.839997,47.820008,0.0,0.0,0.0,-0.06645876894237983,-0.06645876894237983,-0.13291753788475966,0.024182,-0.09064076894237982,-0.15709953788475967,overnight_abort,True
997662__930971,997662,930971,2026-02-06,2026-02-10,4,50.009995,56.320008,53.6741828418,56.5339896096,0.05328086272368663,-0.12617503760998172,-0.0728941748862951,-0.19906921249627682,0.024182,-0.0970761748862951,-0.22325121249627683,convergence,False
997662__930971,997662,930971,2026-02-24,2026-02-26,2,69.75,64.75,68.5299480015,65.58847078400001,-0.042922507652210826,0.07168458781362007,0.028762080161409243,0.10044666797502931,0.024182,0.004580080161409244,0.07626466797502932,convergence,False
997662__930971,997662,930971,2026-03-04,2026-03-05,1,66.490006,61.600007,0.0,0.0,0.0,0.07354487229253666,0.07354487229253666,0.14708974458507332,0.024182,0.049362872292536664,0.12290774458507332,overnight_abort,True
997662__930971,997662,930971,2026-03-09,2026-03-11,2,60.880005,66.539994,62.8345423203,67.411135919,0.07283563195814728,-0.09296958829093388,-0.0201339563327866,-0.11310354462372048,0.024182,-0.044315956332786594,-0.13728554462372047,convergence,False
997662__930971,997662,930971,2026-03-23,2026-03-25,2,60.899994,64.14,59.8758590908,64.024577015,0.06928865802006443,-0.05320207420710092,0.016086583812963504,-0.03711549039413742,0.024182,-0.008095416187036495,-0.06129749039413741,convergence,False
677521__675585,677521,675585,2024-04-22,2024-04-24,2,51.919999,51.399994,50.9380924899,51.4982744,0.0109973083544711,0.010015504815398738,0.02101281316986984,0.031028317985268575,0.007304000000000001,0.013708813169869837,0.023724317985268573,convergence,False
677521__675585,677521,675585,2024-04-30,2024-05-01,1,50.5,49.990006,0.0,0.0,0.0,0.010098891089108891,0.010098891089108891,0.020197782178217782,0.007304000000000001,0.0027948910891088903,0.01289378217821778,overnight_abort,True
677521__675585,677521,675585,2024-05-09,2024-05-10,1,50.160004,47.75,0.0,0.0,0.0,0.048046327906991405,0.048046327906991405,0.09609265581398281,0.007304000000000001,0.04074232790699141,0.0887886558139828,overnight_abort,True
677521__675585,677521,675585,2024-07-22,2024-07-23,1,47.649994,46.759995,0.0,0.0,0.0,0.018677840756915857,0.018677840756915857,0.037355681513831715,0.007304000000000001,0.011373840756915856,0.030051681513831714,overnight_abort,True
677521__675585,677521,675585,2024-08-05,2024-08-06,1,45.039994,45.149994,0.0,0.0,0.0,-0.0024422738599831836,-0.0024422738599831836,-0.004884547719966367,0.007304000000000001,-0.009746273859983185,-0.012188547719966369,overnight_abort,True
677521__675585,677521,675585,2024-08-07,2024-08-13,6,47.330002,56.046006,45.7751946424,56.0833549515,0.22519096619093126,-0.18415389038014404,0.04103707581078722,-0.14311681456935682,0.007304000000000001,0.03373307581078722,-0.15042081456935683,convergence,False
677521__675585,677521,675585,2024-12-19,2024-12-23,4,55.070008,53.490006,53.59460385209999,53.9300823054,0.006259556544643825,0.028690789367599154,0.034950345912242976,0.06364113527984214,0.007304000000000001,0.027646345912242975,0.05633713527984214,convergence,False
677521__675585,677521,675585,2025-01-08,2025-01-10,1,53.0,51.729996,0.0,0.0,0.0,0.02396233962264151,0.02396233962264151,0.04792467924528302,0.007304000000000001,0.01665833962264151,0.04062067924528302,overnight_abort,True
677521__675585,677521,675585,2025-04-09,2025-04-10,1,66.289994,67.544999,0.0,0.0,0.0,-0.018932042745395502,-0.018932042745395502,-0.037864085490791004,0.007304000000000001,-0.026236042745395503,-0.045168085490791,overnight_abort,True
677521__675585,677521,675585,2025-04-21,2025-04-25,4,70.419999,67.182496,67.7378349087,68.20000222,0.006822882838268101,0.04597419832397333,0.05279708116224143,0.09877127948621475,0.007304000000000001,0.04549308116224143,0.09146727948621475,convergence,False
677521__675585,677521,675585,2025-11-12,2025-11-17,5,51.75,50.289994,50.1277748608,50.431534469999995,0.006059706620601137,0.028212676328502415,0.03427238294910355,0.06248505927760597,0.007304000000000001,0.02696838294910355,0.05518105927760597,convergence,False
677521__675585,677521,675585,2026-02-18,2026-02-19,1,39.589997,37.284897,0.0,0.0,0.0,0.058224303477466696,0.058224303477466696,0.11644860695493339,0.007304000000000001,0.0509203034774667,0.10914460695493339,overnight_abort,True
29666P__691924,29666P,691924,2024-05-14,2024-05-29,15,3.7950001,3.3100005,14.982566289600001,13.4124281676,-0.10479767562182568,0.12779962772596504,0.023001952104139356,0.1508015798301044,0.024017999999999998,-0.0010160478958606417,0.1267835798301044,convergence,False
29666P__691924,29666P,691924,2024-06-06,2024-06-17,11,3.6891003,3.6400004,14.867753533,15.15247572,0.019150316580648138,0.013309451087572843,0.03245976766822098,0.045769218755793824,0.024017999999999998,0.008441767668220981,0.021751218755793826,convergence,False
29666P__691924,29666P,691924,2024-06-20,2024-06-26,6,3.7399998,3.6099997,14.3237070585,14.799613500000001,0.03322508897705974,0.03475938688552876,0.06798447586258849,0.10274386274811725,0.024017999999999998,0.04396647586258849,0.07872586274811726,convergence,False
29666P__691924,29666P,691924,2024-08-05,2024-08-06,1,3.4399996,3.5900002,0.0,0.0,0.0,-0.04360483065172444,-0.04360483065172444,-0.08720966130344888,0.024017999999999998,-0.06762283065172445,-0.11122766130344888,overnight_abort,True
29666P__691924,29666P,691924,2024-08-26,2024-10-21,56,4.3800002,4.7299996,17.4023255739,19.5041102104,0.12077607832209825,-0.07990853516399397,0.04086754315810427,-0.0390409920058897,0.024017999999999998,0.016849543158104274,-0.0630589920058897,convergence,False
29666P__691924,29666P,691924,2024-10-22,2024-10-24,2,4.9799996,4.6028996,18.69926686095,18.952116232999998,0.01352188692370753,0.0757228976484256,0.08924478457213313,0.16496768222055874,0.024017999999999998,0.06522678457213313,0.14094968222055876,convergence,False
29666P__691924,29666P,691924,2024-12-24,2024-12-26,1,4.75,4.75,0.0,0.0,0.0,0.0,0.0,0.0,0.024017999999999998,-0.024017999999999998,-0.024017999999999998,overnight_abort,True
29666P__691924,29666P,691924,2025-03-19,2025-03-21,1,5.0500002,4.9200001,0.0,0.0,0.0,0.025742593039897337,0.025742593039897337,0.05148518607979467,0.024017999999999998,0.0017245930398973389,0.027467186079794675,overnight_abort,True
29666P__691924,29666P,691924,2025-04-07,2025-04-08,1,4.6599999,4.3800002,0.0,0.0,0.0,0.06008577382158319,0.06008577382158319,0.12017154764316638,0.024017999999999998,0.036067773821583195,0.09615354764316639,overnight_abort,True
29666P__691924,29666P,691924,2025-04-09,2025-04-10,1,4.8500004,4.7600003,0.0,0.0,0.0,0.01855672011903342,0.01855672011903342,0.03711344023806684,0.024017999999999998,-0.005461279880966577,0.013095440238066844,overnight_abort,True
29666P__691924,29666P,691924,2025-06-05,2025-06-10,5,5.304,4.9099999,19.9109546838,20.365192840000002,0.022813479484717063,0.07428357843137262,0.09709705791608969,0.1713806363474623,0.024017999999999998,0.07307905791608969,0.14736263634746233,convergence,False
29666P__691924,29666P,691924,2025-07-03,2025-07-14,11,5.8800002,5.1300002,22.6847888398,20.681718225999997,-0.08830016571658166,0.12755101606969335,0.039250850353111696,0.16680186642280503,0.024017999999999998,0.015232850353111699,0.14278386642280505,convergence,False
29666P__691924,29666P,691924,2025-09-09,2025-09-11,2,5.8999997,5.3100005,21.544095107700002,21.3647621295,-0.008323996775149155,0.09999986949151883,0.09167587271636968,0.1916757422078885,0.024017999999999998,0.06765787271636968,0.16765774220788848,convergence,False
29666P__691924,29666P,691924,2025-09-18,2025-09-24,6,5.6099997,5.2200003,20.51836578,21.5842315168,0.051946911768135914,0.06951861334324147,0.12146552511137738,0.19098413845461887,0.024017999999999998,0.09744752511137739,0.16696613845461888,convergence,False
29666P__691924,29666P,691924,2026-04-27,2026-04-28,1,3.8500004,3.6199999,0.0,0.0,0.0,0.059740383403596546,0.059740383403596546,0.11948076680719309,0.024017999999999998,0.03572238340359655,0.0954627668071931,overnight_abort,True
759739__922362,759739,922362,2024-05-09,2024-05-13,4,7.6700001,7.1300002,3.543839668125267,3.571473487212544,0.0077977057866999875,0.07040415814336178,0.07820186393006176,0.14860602207342355,0.006742,0.07145986393006176,0.14186402207342355,convergence,False
759739__922362,759739,922362,2024-08-05,2024-08-06,1,5.6599999,5.6000004,0.0,0.0,0.0,0.010600618561848381,0.010600618561848381,0.021201237123696762,0.006742,0.0038586185618483815,0.014459237123696763,overnight_abort,True
759739__922362,759739,922362,2024-08-15,2024-08-16,1,6.04,5.9499999,0.0,0.0,0.0,0.014900678807947043,0.014900678807947043,0.029801357615894086,0.006742,0.008158678807947043,0.02305935761589409,overnight_abort,True
759739__922362,759739,922362,2024-12-17,2024-12-20,3,5.1049996,5.6800004,2.6974135131322,2.8322091741,0.04997219014124281,-0.11263483742486478,-0.06266264728362198,-0.17529748470848677,0.006742,-0.06940464728362197,-0.18203948470848677,convergence,False
759739__922362,759739,922362,2025-04-07,2025-04-08,1,4.3599997,4.3800002,0.0,0.0,0.0,-0.004587270957839561,-0.004587270957839561,-0.009174541915679122,0.006742,-0.01132927095783956,-0.015916541915679122,overnight_abort,True
759739__922362,759739,922362,2025-04-09,2025-04-10,1,4.5699997,4.4300004,0.0,0.0,0.0,0.030634422142303504,0.030634422142303504,0.06126884428460701,0.006742,0.023892422142303506,0.05452684428460701,overnight_abort,True
759739__922362,759739,922362,2025-05-12,2025-05-13,1,4.8500004,4.6899996,0.0,0.0,0.0,0.032989852949290424,0.032989852949290424,0.06597970589858085,0.006742,0.026247852949290426,0.05923770589858085,overnight_abort,True
759739__922362,759739,922362,2025-10-14,2025-10-16,2,4.6800004,4.7100001,2.2959286942162,2.3466064006,0.02207285727621452,-0.0064101917598127335,0.01566266551640179,0.009252473756589054,0.006742,0.008920665516401789,0.0025104737565890545,convergence,False
759739__922362,759739,922362,2026-02-12,2026-02-13,1,5.4799996,5.79,0.0,0.0,0.0,-0.05656942018754889,-0.05656942018754889,-0.11313884037509778,0.006742,-0.06331142018754889,-0.11988084037509777,overnight_abort,True
759739__922362,759739,922362,2026-03-04,2026-03-05,1,4.8900004,4.6700001,0.0,0.0,0.0,0.04498983272066802,0.04498983272066802,0.08997966544133604,0.006742,0.03824783272066802,0.08323766544133604,overnight_abort,True
759739__922362,759739,922362,2026-03-16,2026-03-18,2,4.54,4.4700003,2.2452122699999997,2.2667703409002056,0.009601796314878458,0.015418436123348091,0.02502023243822655,0.04043866856157464,0.006742,0.01827823243822655,0.03369666856157464,convergence,False
759739__922362,759739,922362,2026-04-17,2026-04-21,4,4.6999999,4.5299998,2.388942410842931,2.321350141,-0.02829380462925486,0.036170234812132704,0.007876430182877845,0.044046664995010545,0.006742,0.0011344301828778453,0.03730466499501055,convergence,False
759739__922362,759739,922362,2026-04-27,2026-04-28,1,4.75,4.5,0.0,0.0,0.0,0.05263157894736842,0.05263157894736842,0.10526315789473684,0.006742,0.04588957894736842,0.09852115789473684,overnight_abort,True
134517__314713,134517,314713,2024-05-30,2024-06-07,8,7.1199999,7.3000002,14.062460865,14.484720017,0.030027401039810858,-0.025280941366305435,0.004746459673505423,-0.020534481692800012,0.012161,-0.007414540326494577,-0.03269548169280001,convergence,False
134517__314713,134517,314713,2024-07-03,2024-07-15,12,7.1000004,7.1000004,14.163801515,14.161156830000001,-0.00018672141071712472,0.0,-0.00018672141071712472,-0.00018672141071712472,0.012161,-0.012347721410717124,-0.012347721410717124,convergence,False
134517__314713,134517,314713,2024-07-17,2024-07-18,1,7.3500004,7.1099997,0.0,0.0,0.0,0.032653154685542536,0.032653154685542536,0.06530630937108507,0.012161,0.020492154685542538,0.053145309371085074,overnight_abort,True
134517__314713,134517,314713,2024-08-08,2024-08-12,4,7.2299996,7.1300002,13.943252848,14.08378514,0.010078874243477365,0.013831176422195186,0.02391005066567255,0.037741227087867736,0.012161,0.01174905066567255,0.025580227087867738,convergence,False
134517__314713,134517,314713,2024-08-14,2024-08-16,1,7.3100005,7.2200003,0.0,0.0,0.0,0.012311928022440001,0.012311928022440001,0.024623856044880002,0.012161,0.00015092802244000107,0.012462856044880002,overnight_abort,True
134517__314713,134517,314713,2024-11-19,2024-11-27,8,8.6899996,8.7200003,16.92832935,17.47472049,0.032276731430677226,-0.003452324669842382,0.028824406760834843,0.02537208209099246,0.012161,0.016663406760834845,0.01321108209099246,convergence,False
134517__314713,134517,314713,2024-11-29,2024-12-02,1,9.0,8.5600005,0.0,0.0,0.0,0.048888833333333416,0.048888833333333416,0.09777766666666683,0.012161,0.03672783333333342,0.08561666666666683,overnight_abort,True
134517__314713,134517,314713,2024-12-06,2024-12-11,5,7.6899996,7.5100003,14.61129659,15.002046344999998,0.02674298975406659,0.02340693229684959,0.050149922050916174,0.07355685434776577,0.012161,0.037988922050916175,0.06139585434776577,convergence,False
134517__314713,134517,314713,2025-04-22,2025-05-08,16,9.0299998,9.3900004,17.65423044,18.79244136,0.06447241775099444,-0.039867176962728096,0.02460524078826634,-0.015261936174461754,0.012161,0.012444240788266342,-0.027422936174461753,convergence,False
134517__314713,134517,314713,2025-05-15,2025-05-16,1,9.9700003,9.9700003,0.0,0.0,0.0,0.0,0.0,0.0,0.012161,-0.012161,-0.012161,overnight_abort,True
134517__314713,134517,314713,2025-05-27,2025-06-04,8,11.380001,10.850001,22.042856099999998,21.768736465,-0.01243575849501636,0.04657293088111322,0.03413717238609686,0.08071010326721009,0.012161,0.021976172386096865,0.06854910326721009,convergence,False
134517__314713,134517,314713,2025-06-17,2025-06-24,7,10.590001,12.61,21.00092484,25.09086866,0.1947506527050645,-0.19074587433938847,0.004004778365676032,-0.18674109597371244,0.012161,-0.008156221634323968,-0.19890209597371244,convergence,False
134517__314713,134517,314713,2025-07-14,2025-07-18,4,13.73,13.050001,26.32470885,26.056641375,-0.010183112623484864,0.04952651128914788,0.03934339866566302,0.0888699099548109,0.012161,0.02718239866566302,0.07670890995481089,convergence,False
134517__314713,134517,314713,2025-11-19,2025-11-20,1,16.580002,16.729996,0.0,0.0,0.0,-0.009046681659025103,-0.009046681659025103,-0.018093363318050205,0.012161,-0.021207681659025104,-0.030254363318050204,overnight_abort,True
134517__314713,134517,314713,2025-11-24,2025-12-02,8,17.199997,17.380005,35.13967055,34.662401179999996,-0.013582067291180165,-0.010465583220741308,-0.024047650511921474,-0.03451323373266278,0.012161,-0.03620865051192147,-0.04667423373266278,convergence,False
134517__314713,134517,314713,2026-01-02,2026-01-20,18,16.660004,21.449997,34.499465175,44.16352128,0.28012191075944703,-0.2875145168032372,-0.007392606043790162,-0.29490712284702736,0.012161,-0.01955360604379016,-0.30706812284702734,convergence,False
134517__314713,134517,314713,2026-01-28,2026-01-29,1,21.669999,21.39,0.0,0.0,0.0,0.012921043512738515,0.012921043512738515,0.02584208702547703,0.012161,0.000760043512738515,0.01368108702547703,overnight_abort,True
134517__314713,134517,314713,2026-02-06,2026-02-10,4,21.559998,20.899994,42.9455406,41.74218528,-0.02802049533403708,0.03061243326645952,0.0025919379324224404,0.03320437119888196,0.012161,-0.00956906206757756,0.021043371198881965,convergence,False
134517__314713,134517,314713,2026-02-13,2026-02-23,10,21.520005,21.899994,42.8419206,43.41504123,0.01337756622423688,-0.017657477310065603,-0.004279911085828723,-0.021937388395894326,0.012161,-0.01644091108582872,-0.034098388395894325,convergence,False
134517__314713,134517,314713,2026-03-04,2026-03-06,2,17.210007,16.330002,32.54228302,32.927804880000004,0.01184679820291245,0.05113333190393243,0.06298013010684489,0.11411346201077732,0.012161,0.05081913010684489,0.10195246201077732,convergence,False
134517__314713,134517,314713,2026-03-09,2026-03-11,2,16.399994,16.350007,32.30667216,32.4455593,0.004299023412629986,0.003047988919995825,0.0073470123326258106,0.010395001252621636,0.012161,-0.004813987667374189,-0.0017659987473783636,convergence,False
151377__912644,151377,912644,2024-08-26,2024-08-29,1,11.130001,10.270001,0.0,0.0,0.0,0.07726863636400387,0.07726863636400387,0.15453727272800774,0.020638000000000004,0.05663063636400387,0.13389927272800772,overnight_abort,True
151377__912644,151377,912644,2024-11-07,2024-11-15,8,9.5900002,8.4200001,4.2845257728,4.294922815950774,0.002426649692896867,0.12200209338890328,0.12442874308180014,0.2464308364707034,0.020638000000000004,0.10379074308180014,0.22579283647070342,convergence,False
151377__912644,151377,912644,2025-03-19,2025-04-03,15,9.8400002,8.2600003,4.525397019000001,4.198671951891615,-0.07219810013057888,0.1605690922648559,0.08837099213427703,0.24894008439913295,0.020638000000000004,0.06773299213427703,0.22830208439913297,convergence,False
151377__912644,151377,912644,2025-11-04,2025-11-05,1,11.100001,11.15,0.0,0.0,0.0,-0.004504414008611322,-0.004504414008611322,-0.009008828017222643,0.020638000000000004,-0.025142414008611325,-0.029646828017222647,overnight_abort,True
151377__912644,151377,912644,2025-11-13,2025-11-14,1,12.5,11.720001,0.0,0.0,0.0,0.06239992000000001,0.06239992000000001,0.12479984000000002,0.020638000000000004,0.04176192000000001,0.10416184000000002,overnight_abort,True
151377__912644,151377,912644,2025-11-17,2025-12-23,36,12.45,12.2,6.213883870569463,6.2377976931,0.0038484501848834456,0.020080321285140562,0.023928771470024007,0.04400909275516457,0.020638000000000004,0.0032907714700240037,0.023371092755164566,convergence,False
151377__912644,151377,912644,2026-02-03,2026-02-05,1,15.220001,15.220001,0.0,0.0,0.0,0.0,0.0,0.0,0.020638000000000004,-0.020638000000000004,-0.020638000000000004,overnight_abort,True
151377__912644,151377,912644,2026-03-24,2026-04-02,9,15.4,13.975001,7.320735396,6.98869105095,-0.04535669261197812,0.09253240259740257,0.047175709985424454,0.13970811258282703,0.020638000000000004,0.02653770998542445,0.11907011258282703,convergence,False
151377__912644,151377,912644,2026-04-08,2026-04-20,12,16.112504,15.6325,7.33180257495,7.76689816235,0.05934360383441822,0.029790776157448958,0.08913437999186717,0.11892515614931613,0.020638000000000004,0.06849637999186717,0.09828715614931613,convergence,False
28335J__27121Q,28335J,27121Q,2024-07-10,2024-07-11,1,8.3874999,8.3100005,0.0,0.0,0.0,0.009239868962621467,0.009239868962621467,0.018479737925242934,0.014946999999999998,-0.0057071310373785315,0.0035327379252429354,overnight_abort,True
28335J__27121Q,28335J,27121Q,2024-07-26,2024-07-29,1,8.4200001,8.3249999,0.0,0.0,0.0,0.011282683951512,0.011282683951512,0.022565367903024,0.014946999999999998,-0.003664316048487999,0.007618367903024,overnight_abort,True
28335J__27121Q,28335J,27121Q,2024-07-31,2024-08-01,1,8.8999997,8.1800004,0.0,0.0,0.0,0.0808988004797348,0.0808988004797348,0.1617976009594696,0.014946999999999998,0.0659518004797348,0.1468506009594696,overnight_abort,True
28335J__27121Q,28335J,27121Q,2024-08-05,2024-08-06,1,8.0709,7.8999997,0.0,0.0,0.0,0.02117487516881631,0.02117487516881631,0.04234975033763262,0.014946999999999998,0.006227875168816312,0.027402750337632623,overnight_abort,True
28335J__27121Q,28335J,27121Q,2025-04-07,2025-04-08,1,6.58,6.6099997,0.0,0.0,0.0,-0.004559224924012203,-0.004559224924012203,-0.009118449848024407,0.014946999999999998,-0.019506224924012203,-0.024065449848024403,overnight_abort,True
28335J__27121Q,28335J,27121Q,2025-04-09,2025-04-10,1,6.7799998,6.6499997,0.0,0.0,0.0,0.019174056612803924,0.019174056612803924,0.03834811322560785,0.014946999999999998,0.0042270566128039255,0.02340111322560785,overnight_abort,True
28335J__27121Q,28335J,27121Q,2025-08-12,2025-08-13,1,6.5600005,6.5299998,0.0,0.0,0.0,0.004573277090451508,0.004573277090451508,0.009146554180903016,0.014946999999999998,-0.01037372290954849,-0.0058004458190969825,overnight_abort,True
28335J__27121Q,28335J,27121Q,2025-08-14,2025-08-20,6,6.4744998,6.3730002,12.8502998169,12.8724622681,0.0017246641335833268,0.01567682494947337,0.017401489083056696,0.033078314032530066,0.014946999999999998,0.0024544890830566976,0.018131314032530068,convergence,False
28335J__27121Q,28335J,27121Q,2026-01-09,2026-01-14,5,6.4139996,6.3999997,12.819304308000001,12.9757021952,0.012200185239568532,0.00218270983365823,0.014382895073226761,0.016565604906884992,0.014946999999999998,-0.0005641049267732373,0.0016186049068849934,convergence,False
28335J__27121Q,28335J,27121Q,2026-02-02,2026-02-10,8,6.4300004,6.9499999,12.9823434054,14.0039511384,0.07869208979444053,-0.08087083478252971,-0.0021787449880891763,-0.08304957977061889,0.014946999999999998,-0.017125744988089175,-0.09799657977061889,convergence,False
28335J__27121Q,28335J,27121Q,2026-02-25,2026-03-02,5,6.8500004,6.6000004,13.5724579679,13.4527999776,-0.008816235834585122,0.03649634823378989,0.027680112399204766,0.06417646063299465,0.014946999999999998,0.012733112399204768,0.049229460632994645,convergence,False
28335J__27121Q,28335J,27121Q,2026-03-04,2026-03-05,1,6.3374997,6.2320004,0.0,0.0,0.0,0.016646833135155803,0.016646833135155803,0.033293666270311606,0.014946999999999998,0.0016998331351558045,0.018346666270311607,overnight_abort,True
28335J__27121Q,28335J,27121Q,2026-03-09,2026-03-11,2,6.33,6.2700005,12.581460820050001,12.6423404227,0.004838834179969031,0.009478593996840439,0.01431742817680947,0.023796022173649907,0.014946999999999998,-0.0006295718231905285,0.008849022173649908,convergence,False
263502__140539,263502,140539,2024-06-03,2024-06-04,1,5.2517005,4.9300004,0.0,0.0,0.0,0.061256368294422,0.061256368294422,0.122512736588844,0.033314,0.027942368294421996,0.089198736588844,overnight_abort,True
263502__140539,263502,140539,2024-08-02,2024-08-05,1,5.5500002,5.0,0.0,0.0,0.0,0.09909913156399532,0.09909913156399532,0.19819826312799063,0.033314,0.06578513156399532,0.16488426312799062,overnight_abort,True
263502__140539,263502,140539,2024-08-06,2024-08-07,1,5.6499997,5.3999997,0.0,0.0,0.0,0.04424778996005964,0.04424778996005964,0.08849557992011928,0.033314,0.010933789960059635,0.055181579920119274,overnight_abort,True
263502__140539,263502,140539,2024-08-13,2024-08-14,1,5.7700005,5.4421998,0.0,0.0,0.0,0.05681120824859548,0.05681120824859548,0.11362241649719096,0.033314,0.023497208248595476,0.08030841649719095,overnight_abort,True
263502__140539,263502,140539,2024-09-09,2024-09-11,1,5.8400002,5.5050002,0.0,0.0,0.0,0.05736301173414358,0.05736301173414358,0.11472602346828716,0.033314,0.024049011734143574,0.08141202346828716,overnight_abort,True
263502__140539,263502,140539,2024-09-16,2024-09-19,3,6.0,5.6700001,0.5657907895512765,0.5760250242718685,0.018088372786536022,0.0549999833333333,0.07308835611986933,0.12808833945320264,0.033314,0.03977435611986933,0.09477433945320263,convergence,False
263502__140539,263502,140539,2024-09-23,2024-09-24,1,5.9600001,5.6700001,0.0,0.0,0.0,0.04865771730440072,0.04865771730440072,0.09731543460880145,0.033314,0.01534371730440072,0.06400143460880145,overnight_abort,True
263502__140539,263502,140539,2024-10-15,2024-10-23,8,5.9799996,5.6300002,0.5546547599710924,0.5599321019480046,0.009514642905412467,0.058528331674136,0.06804297457954847,0.12657130625368446,0.033314,0.03472897457954847,0.09325730625368445,convergence,False
263502__140539,263502,140539,2024-11-11,2024-11-25,14,6.0,5.448,0.5528342582932202,0.5422527276867692,-0.019140511731526172,0.09199999999999993,0.07285948826847376,0.1648594882684737,0.033314,0.039545488268473754,0.13154548826847368,convergence,False
263502__140539,263502,140539,2025-05-13,2025-05-21,8,8.1499997,6.3000002,0.682676921953,0.6345720527301457,-0.07046505847192845,0.22699381203658203,0.15652875356465357,0.3835225656012356,0.033314,0.12321475356465356,0.3502085656012356,convergence,False
263502__140539,263502,140539,2025-07-07,2025-07-25,18,7.6099997,7.0200005,0.7082893143750766,0.7185125496423332,0.014433699704020829,0.07752946429156893,0.09196316399558976,0.1694926282871587,0.033314,0.05864916399558976,0.13617862828715868,convergence,False
263502__140539,263502,140539,2026-02-20,2026-03-12,20,8.1099997,7.4775,0.770808901116198,0.7691669780922952,-0.002130129817552992,0.07799010152861036,0.07585997171105736,0.1538500732396677,0.033314,0.04254597171105736,0.1205360732396677,convergence,False
263502__140539,263502,140539,2026-04-08,2026-04-16,8,8.1499997,7.2200003,0.770963797916,0.7706316239460779,-0.0004308554705422441,0.1141103600286023,0.11367950455806006,0.22778986458666234,0.033314,0.08036550455806005,0.19447586458666233,convergence,False
510095__921754,510095,921754,2024-09-19,2024-09-26,7,4.4300004,4.1199999,4.145197181146261,4.16195928798462,0.0040437417343131945,0.06997753318487288,0.07402127491918607,0.14399880810405893,0.025360999999999998,0.04866027491918608,0.11863780810405894,convergence,False
510095__921754,510095,921754,2024-10-07,2024-10-14,7,4.3100005,3.9899998,4.093365053937547,4.0048907052815705,-0.021614087062884903,0.07424609347493115,0.052632006412046246,0.1268780998869774,0.025360999999999998,0.027271006412046248,0.10151709988697741,convergence,False
510095__921754,510095,921754,2024-10-24,2024-10-29,5,4.1499997,3.8800002,3.9427889228293296,3.8968391123598605,-0.01165413907993221,0.06506012518506937,0.053405986105137165,0.11846611129020654,0.025360999999999998,0.028044986105137167,0.09310511129020654,convergence,False
510095__921754,510095,921754,2025-03-07,2025-03-18,11,3.9099999,3.7700005,3.7057920094987553,3.810453525126364,0.028242684791628447,0.03580547406152102,0.06404815885314946,0.09985363291467049,0.025360999999999998,0.03868715885314947,0.0744926329146705,convergence,False
510095__921754,510095,921754,2025-03-27,2025-03-28,1,3.9600001,3.7025004,0.0,0.0,0.0,0.06502517512562686,0.06502517512562686,0.13005035025125372,0.025360999999999998,0.039664175125626866,0.10468935025125373,overnight_abort,True
510095__921754,510095,921754,2025-04-25,2025-04-28,1,4.0450001,3.724,0.0,0.0,0.0,0.07935725390958581,0.07935725390958581,0.15871450781917162,0.025360999999999998,0.05399625390958582,0.13335350781917163,overnight_abort,True
510095__921754,510095,921754,2025-05-16,2025-05-20,4,3.9015999,3.3800002,3.6686610536249997,3.6526515009256695,-0.004363868033955119,0.1336886696147393,0.1293248015807842,0.2630134711955235,0.025360999999999998,0.1039638015807842,0.2376524711955235,convergence,False
510095__921754,510095,921754,2025-05-21,2025-05-23,2,3.9490004,3.6999999,3.6820721929593585,3.7140861725141683,0.008694555097541277,0.0630540579332431,0.07174861303078438,0.13480267096402748,0.025360999999999998,0.04638761303078438,0.10944167096402749,convergence,False
510095__921754,510095,921754,2025-05-27,2025-05-28,1,3.9899998,3.6999999,0.0,0.0,0.0,0.07268168284118716,0.07268168284118716,0.14536336568237432,0.025360999999999998,0.047320682841187164,0.12000236568237432,overnight_abort,True
510095__921754,510095,921754,2025-06-27,2025-06-30,1,4.3500004,4.0100003,0.0,0.0,0.0,0.07816093534152323,0.07816093534152323,0.15632187068304645,0.025360999999999998,0.05279993534152323,0.13096087068304646,overnight_abort,True
510095__921754,510095,921754,2025-08-19,2025-08-20,1,5.54,4.8000002,0.0,0.0,0.0,0.13357397111913352,0.13357397111913352,0.26714794223826704,0.025360999999999998,0.10821297111913353,0.24178694223826705,overnight_abort,True
510095__921754,510095,921754,2025-08-25,2025-08-26,1,5.8400002,5.33,0.0,0.0,0.0,0.0873287983791508,0.0873287983791508,0.1746575967583016,0.025360999999999998,0.0619677983791508,0.1492965967583016,overnight_abort,True
510095__921754,510095,921754,2025-11-04,2025-11-07,3,5.75,5.3999997,5.3559827132,5.4560822674748986,0.018689297489366312,0.060869617391304275,0.07955891488067059,0.14042853227197485,0.025360999999999998,0.05419791488067059,0.11506753227197486,convergence,False
510095__921754,510095,921754,2026-02-24,2026-02-25,1,8.1999999,7.8100005,0.0,0.0,0.0,0.04756090301903538,0.04756090301903538,0.09512180603807076,0.025360999999999998,0.02219990301903538,0.06976080603807076,overnight_abort,True
266613__755996,266613,755996,2024-04-15,2024-04-18,3,5.3500004,4.75,0.9390651282,0.9386432500586083,-0.00044925333581534893,0.11214959909161874,0.1117003457558034,0.22384994484742213,0.0629,0.0488003457558034,0.16094994484742214,convergence,False
266613__755996,266613,755996,2024-08-07,2024-09-17,41,5.1999999,4.8800002,0.967597678976,0.9744070902909282,0.0070374407286037735,0.061538405029584776,0.06857584575818855,0.13011425078777333,0.0629,0.005675845758188552,0.06721425078777334,convergence,False
266613__755996,266613,755996,2024-10-04,2024-10-17,13,5.3999997,4.79,0.9806210368118795,0.9257539066502931,-0.055951410485712436,0.11296291368312489,0.05701150319741245,0.16997441688053733,0.0629,-0.005888496802587545,0.10707441688053733,convergence,False
266613__755996,266613,755996,2024-10-24,2024-10-29,5,5.1499997,4.6999999,0.9193547501580528,0.9122085424122588,-0.0077730688230690514,0.0873786070317636,0.07960553820869455,0.16698414524045815,0.0629,0.016705538208694554,0.10408414524045816,convergence,False
266613__755996,266613,755996,2025-02-05,2025-02-14,9,4.4600001,4.25,0.8086740272840001,0.868094693721647,0.07347913304105526,0.047085223159524195,0.12056435620057945,0.16764957936010366,0.0629,0.057664356200579456,0.10474957936010366,convergence,False
266613__755996,266613,755996,2025-08-01,2025-08-27,26,3.8400002,3.3599997,0.7244836709685432,0.6706022199295051,-0.07437220906166923,0.12500012369791025,0.050627914636241014,0.17562803833415125,0.0629,-0.012272085363758983,0.11272803833415125,convergence,False
266613__755996,266613,755996,2025-10-06,2025-10-08,2,3.6890002,3.3800002,0.6786094106531871,0.671252419591,-0.010841274740215793,0.0837625327317684,0.07292125799155261,0.156683790723321,0.0629,0.01002125799155261,0.093783790723321,convergence,False
266613__755996,266613,755996,2025-10-17,2025-10-21,1,4.54,4.0375004,0.0,0.0,0.0,0.11068273127753307,0.11068273127753307,0.22136546255506614,0.0629,0.047782731277533075,0.15846546255506616,overnight_abort,True
266613__755996,266613,755996,2026-01-08,2026-01-26,18,3.9399996,3.58,0.7266479239409155,0.7313074701674953,0.0064123849708524,0.09137046612898135,0.09778285109983376,0.1891533172288151,0.0629,0.03488285109983376,0.1262533172288151,convergence,False
266613__755996,266613,755996,2026-01-29,2026-02-04,6,3.9899998,3.58,0.725519890782507,0.7299083811096513,0.0060487526019598,0.10275684725598232,0.10880559985794212,0.21156244711392444,0.0629,0.045905599857942125,0.14866244711392446,convergence,False
266613__755996,266613,755996,2026-02-12,2026-02-13,1,3.9399996,3.6099997,0.0,0.0,0.0,0.08375632830013491,0.08375632830013491,0.16751265660026982,0.0629,0.02085632830013491,0.10461265660026982,overnight_abort,True
266613__755996,266613,755996,2026-03-02,2026-03-25,23,3.8999997,3.0100003,0.6766345748741179,0.5926860735977186,-0.12406770861807823,0.22820499191320445,0.10413728329512623,0.3323422752083307,0.0629,0.04123728329512623,0.2694422752083307,convergence,False
29573D__929164,29573D,929164,2024-06-05,2024-06-07,2,123.30001,121.135,122.0640601235,121.430622203,-0.005189389242493744,0.01755887935451096,0.012369490112017219,0.02992836946652818,0.017197999999999998,-0.004828509887982779,0.012730369466528182,convergence,False
29573D__929164,29573D,929164,2024-08-05,2024-08-06,1,116.52001,126.15,0.0,0.0,0.0,-0.08264666300663728,-0.08264666300663728,-0.16529332601327457,0.017197999999999998,-0.09984466300663727,-0.18249132601327456,overnight_abort,True
29573D__929164,29573D,929164,2024-08-15,2024-08-16,1,134.82001,132.84,0.0,0.0,0.0,0.014686321414751364,0.014686321414751364,0.029372642829502728,0.017197999999999998,-0.002511678585248634,0.01217464282950273,overnight_abort,True
29573D__929164,29573D,929164,2024-09-11,2024-09-13,2,135.36001,134.875,136.410102931,135.513179912,-0.0065751949432491935,0.003583111437417805,-0.0029920835058313885,0.0005910279315864166,0.017197999999999998,-0.020190083505831388,-0.01660697206841358,convergence,False
29573D__929164,29573D,929164,2024-11-06,2024-11-08,2,145.08001,139.24001,136.883736159,139.675052764,0.020391879147407862,0.04025365038229578,0.060645529529703646,0.10089917991199943,0.017197999999999998,0.04344752952970365,0.08370117991199943,convergence,False
29573D__929164,29573D,929164,2025-04-07,2025-04-08,1,101.551,97.536301,0.0,0.0,0.0,0.03953382044489968,0.03953382044489968,0.07906764088979935,0.017197999999999998,0.02233582044489968,0.061869640889799356,overnight_abort,True
29573D__929164,29573D,929164,2025-04-09,2025-04-10,1,108.42,105.0116,0.0,0.0,0.0,0.03143700424275964,0.03143700424275964,0.06287400848551929,0.017197999999999998,0.014239004242759645,0.04567600848551929,overnight_abort,True
29573D__929164,29573D,929164,2025-05-12,2025-05-14,2,126.22001,120.9,123.57607779,122.244548556,-0.010774975689572752,0.04214870526471988,0.03137372957514713,0.073522434839867,0.017197999999999998,0.01417572957514713,0.05632443483986701,convergence,False
29573D__929164,29573D,929164,2025-07-23,2025-07-24,1,131.22001,131.9,0.0,0.0,0.0,-0.005182060266570652,-0.005182060266570652,-0.010364120533141305,0.017197999999999998,-0.02238006026657065,-0.027562120533141304,overnight_abort,True
29573D__929164,29573D,929164,2025-09-18,2025-09-30,12,144.75,137.69001,138.5462775,138.42409581,-0.0008818836002287452,0.04877367875647668,0.04789179515624793,0.09666547391272462,0.017197999999999998,0.030693795156247934,0.07946747391272463,convergence,False
29573D__929164,29573D,929164,2026-01-09,2026-01-14,5,164.25,163.29,155.55974418850002,163.93184072,0.05381917137479387,0.005844748858447537,0.05966392023324141,0.06550866909168894,0.017197999999999998,0.04246592023324141,0.04831066909168894,convergence,False
29573D__929164,29573D,929164,2026-02-06,2026-02-12,6,175.734,184.49001,175.674375179,186.323609986,0.06061916996231902,-0.04982536105705215,0.010793808905266863,-0.03903155215178529,0.017197999999999998,-0.006404191094733135,-0.05622955215178529,convergence,False
29573D__929164,29573D,929164,2026-03-04,2026-03-05,1,180.41001,176.5,0.0,0.0,0.0,0.021672910499810957,0.021672910499810957,0.04334582099962191,0.017197999999999998,0.004474910499810959,0.026147820999621915,overnight_abort,True
29573D__929164,29573D,929164,2026-03-09,2026-03-11,2,174.57201,174.53,173.6475696285,174.740485315,0.006293872634314238,0.00024064567968258351,0.006534518313996822,0.006775163993679405,0.017197999999999998,-0.010663481686003177,-0.010422836006320593,convergence,False
29573D__929164,29573D,929164,2026-03-31,2026-04-01,1,172.63001,173.81,0.0,0.0,0.0,-0.006835370049506477,-0.006835370049506477,-0.013670740099012955,0.017197999999999998,-0.024033370049506474,-0.030868740099012953,overnight_abort,True
133345__997914,133345,997914,2024-04-11,2024-04-15,4,3.2700005,3.0200005,1.5106955513685192,1.4970558138311267,-0.009028779839218027,0.07645258769838108,0.06742380785916305,0.14387639555754414,0.041683,0.02574080785916305,0.10219339555754414,convergence,False
133345__997914,133345,997914,2024-07-10,2024-07-15,5,3.0,2.9364996,1.439613767708,1.4628930115132015,0.016170478726571326,0.02116680000000004,0.03733727872657137,0.05850407872657141,0.041683,-0.004345721273428631,0.01682107872657141,convergence,False
133345__997914,133345,997914,2024-07-22,2024-07-29,7,3.0,2.8564997,1.418793860392,1.4007324117439999,-0.01273014294198452,0.04783343333333331,0.03510329039134879,0.0829367237246821,0.041683,-0.006579709608651209,0.0412537237246821,convergence,False
133345__997914,133345,997914,2024-09-24,2024-09-25,1,3.4700003,3.2594996,0.0,0.0,0.0,0.060663020691957954,0.060663020691957954,0.12132604138391591,0.041683,0.018980020691957956,0.07964304138391591,overnight_abort,True
133345__997914,133345,997914,2024-10-23,2024-10-24,1,3.4799996,3.2299996,0.0,0.0,0.0,0.07183908871713662,0.07183908871713662,0.14367817743427325,0.041683,0.030156088717136625,0.10199517743427325,overnight_abort,True
133345__997914,133345,997914,2024-12-09,2024-12-10,1,3.4399996,3.2100001,0.0,0.0,0.0,0.06686032754189865,0.06686032754189865,0.1337206550837973,0.041683,0.02517732754189865,0.0920376550837973,overnight_abort,True
133345__997914,133345,997914,2025-02-26,2025-02-28,1,3.6400004,3.1552001,0.0,0.0,0.0,0.13318688096847459,0.13318688096847459,0.26637376193694917,0.041683,0.09150388096847459,0.22469076193694917,overnight_abort,True
133345__997914,133345,997914,2025-03-03,2025-03-06,1,3.4490004,3.2600003,0.0,0.0,0.0,0.054798514955231636,0.054798514955231636,0.10959702991046327,0.041683,0.013115514955231639,0.06791402991046327,overnight_abort,True
133345__997914,133345,997914,2025-03-17,2025-03-18,1,3.3900004,3.1700001,0.0,0.0,0.0,0.06489683600037324,0.06489683600037324,0.12979367200074649,0.041683,0.023213836000373245,0.08811067200074649,overnight_abort,True
133345__997914,133345,997914,2025-04-09,2025-04-25,16,3.29,3.1499997,1.5234510147540001,1.6087968187200001,0.0560213640868402,0.04255328267477206,0.09857464676161226,0.14112792943638433,0.041683,0.05689164676161226,0.09944492943638433,convergence,False
133345__997914,133345,997914,2025-05-15,2025-05-27,12,3.54,2.9645005,1.6493211562799999,1.6329864725370584,-0.009903882988916419,0.16257048022598866,0.15266659723707224,0.3152370774630609,0.041683,0.11098359723707224,0.27355407746306093,convergence,False
27604J__315206,27604J,315206,2024-08-05,2024-08-07,2,39.529999,38.809998,38.66939888,39.027012,0.009247961705061713,0.018214040430408217,0.02746200213546993,0.04567604256587815,0.014228000000000001,0.013234002135469929,0.031448042565878145,convergence,False
27604J__315206,27604J,315206,2024-09-26,2024-10-11,15,44.779999,42.600007,42.89093518,42.614055,-0.006455447493462631,0.04868226995717438,0.042226822463711754,0.09090909242088613,0.014228000000000001,0.027998822463711753,0.07668109242088612,convergence,False
27604J__315206,27604J,315206,2025-02-20,2025-02-24,4,34.160004,33.199997,33.228732265000005,33.01518696,-0.006426525793911559,0.028103246123741595,0.021676720329830035,0.049779966453571634,0.014228000000000001,0.007448720329830034,0.03555196645357163,convergence,False
27604J__315206,27604J,315206,2025-04-09,2025-04-10,1,31.419999,30.729996,0.0,0.0,0.0,0.021960630870803046,0.021960630870803046,0.04392126174160609,0.014228000000000001,0.007732630870803045,0.02969326174160609,overnight_abort,True
27604J__315206,27604J,315206,2025-08-22,2025-09-12,21,48.979996,49.369996,47.965937649999994,49.74767028,0.03714578964349731,-0.00796243429664634,0.02918335534685097,0.02122092105020463,0.014228000000000001,0.014955355346850968,0.006992921050204628,convergence,False
27604J__315206,27604J,315206,2025-10-14,2025-11-04,21,48.940003,53.039994,50.02497171,52.9162826,0.05779735182582874,-0.08377586327487563,-0.025978511449046886,-0.10975437472392252,0.014228000000000001,-0.04020651144904688,-0.12398237472392253,convergence,False
27604J__315206,27604J,315206,2025-11-24,2025-12-05,11,53.399994,54.25,52.88008675,54.4167827,0.029060011895687788,-0.015917717144312796,0.013142294751374992,-0.0027754223929378034,0.014228000000000001,-0.0010857052486250088,-0.017003422392937804,convergence,False
27604J__315206,27604J,315206,2026-01-21,2026-01-23,2,57.289994,58.25,56.620658549999995,58.00767973,0.024496733445358437,-0.01675695759367683,0.007739775851681608,-0.009017181741995221,0.014228000000000001,-0.006488224148318393,-0.023245181741995222,convergence,False
27604J__315206,27604J,315206,2026-02-02,2026-02-03,1,58.550004,60.419999,0.0,0.0,0.0,-0.03193842651146524,-0.03193842651146524,-0.06387685302293047,0.014228000000000001,-0.04616642651146524,-0.07810485302293048,overnight_abort,True
27604J__315206,27604J,315206,2026-03-04,2026-03-05,1,64.059998,60.869996,0.0,0.0,0.0,0.04979709802675912,0.04979709802675912,0.09959419605351824,0.014228000000000001,0.035569098026759116,0.08536619605351824,overnight_abort,True
27604J__315206,27604J,315206,2026-03-31,2026-04-15,15,61.320008,66.080002,61.665151529999996,67.65298288,0.09710235362167123,-0.07762546280163551,0.019476890820035717,-0.0581485719815998,0.014228000000000001,0.0052488908200357155,-0.0723765719815998,convergence,False
510421__916570,510421,916570,2024-04-26,2024-04-30,1,22.850007,22.910004,0.0,0.0,0.0,-0.002625688473530848,-0.002625688473530848,-0.005251376947061696,0.011527,-0.014152688473530848,-0.016778376947061698,overnight_abort,True
510421__916570,510421,916570,2024-07-01,2024-07-09,8,22.449997,22.179993,22.1293186893,22.1726329321,0.001957323829447331,0.012026905838784751,0.013984229668232082,0.026011135507016832,0.011527,0.002457229668232081,0.014484135507016832,convergence,False
510421__916570,510421,916570,2024-08-05,2024-08-06,1,21.600007,22.399994,0.0,0.0,0.0,-0.03703642318264054,-0.03703642318264054,-0.07407284636528108,0.011527,-0.04856342318264054,-0.08559984636528108,overnight_abort,True
510421__916570,510421,916570,2024-10-04,2024-10-07,1,27.979996,26.339997,0.0,0.0,0.0,0.05861326785035993,0.05861326785035993,0.11722653570071986,0.011527,0.04708626785035993,0.10569953570071987,overnight_abort,True
510421__916570,510421,916570,2025-03-24,2025-03-26,2,22.837204,22.630005,22.6669319028,22.715049321800002,0.0021228024686508256,0.009072870741969956,0.011195673210620781,0.02026854395259074,0.011527,-0.0003313267893792198,0.008741543952590738,convergence,False
510421__916570,510421,916570,2025-04-07,2025-04-08,1,20.947495,21.0,0.0,0.0,0.0,-0.0025065049544110178,-0.0025065049544110178,-0.0050130099088220356,0.011527,-0.014033504954411018,-0.016540009908822036,overnight_abort,True
510421__916570,510421,916570,2025-04-09,2025-04-10,1,22.237504,21.839997,0.0,0.0,0.0,0.017875522360782978,0.017875522360782978,0.035751044721565955,0.011527,0.006348522360782977,0.024224044721565953,overnight_abort,True
510421__916570,510421,916570,2025-07-30,2025-07-31,1,21.729996,21.070008,0.0,0.0,0.0,0.030372209916651547,0.030372209916651547,0.060744419833303094,0.011527,0.018845209916651548,0.04921741983330309,overnight_abort,True
510421__916570,510421,916570,2025-11-25,2025-12-04,9,22.25,21.809998,22.11145178,21.9800753263,-0.005941557117422334,0.019775370786516845,0.013833813669094511,0.033609184455611354,0.011527,0.0023068136690945103,0.022082184455611352,convergence,False
510421__916570,510421,916570,2026-01-09,2026-01-14,5,22.850007,22.550004,22.5783139111,22.587567196800002,0.0004098306780761203,0.013129230113583782,0.013539060791659901,0.026668290905243683,0.011527,0.0020120607916599004,0.015141290905243682,convergence,False
510421__916570,510421,916570,2026-01-29,2026-02-04,6,22.860001,22.330002,22.2128898084,22.349716431199997,0.006159784880770231,0.023184557166029875,0.029344342046800108,0.05252889921282998,0.011527,0.017817342046800105,0.04100189921282998,convergence,False
510421__916570,510421,916570,2026-03-04,2026-03-05,1,23.600007,22.550004,0.0,0.0,0.0,0.044491639345700204,0.044491639345700204,0.08898327869140041,0.011527,0.0329646393457002,0.07745627869140041,overnight_abort,True
25552J__938939,25552J,938939,2024-06-05,2024-06-06,1,34.869996,34.759995,0.0,0.0,0.0,0.0031546031723088497,0.0031546031723088497,0.006309206344617699,0.017765,-0.01461039682769115,-0.0114557936553823,overnight_abort,True
25552J__938939,25552J,938939,2024-06-25,2024-07-09,14,37.589997,42.529999,38.69041815,42.7646057027,0.10530223625148397,-0.13141799399451934,-0.026115757743035373,-0.1575337517375547,0.017765,-0.043880757743035376,-0.17529875173755471,convergence,False
25552J__938939,25552J,938939,2024-07-10,2024-07-11,1,44.119996,41.0,0.0,0.0,0.0,0.07071614421723883,0.07071614421723883,0.14143228843447767,0.017765,0.05295114421723883,0.12366728843447766,overnight_abort,True
25552J__938939,25552J,938939,2024-07-31,2024-08-01,1,43.850007,43.050004,0.0,0.0,0.0,0.018244079185665733,0.018244079185665733,0.036488158371331465,0.017765,0.0004790791856657331,0.018723158371331466,overnight_abort,True
25552J__938939,25552J,938939,2024-08-05,2024-08-06,1,40.539994,41.460007,0.0,0.0,0.0,-0.022693959944838603,-0.022693959944838603,-0.045387919889677206,0.017765,-0.0404589599448386,-0.06315291988967721,overnight_abort,True
25552J__938939,25552J,938939,2024-09-11,2024-09-13,2,43.009995,45.25,44.3747106614,45.2657334,0.020079516583193624,-0.05208103372251023,-0.03200151713931661,-0.08408255086182684,0.017765,-0.04976651713931661,-0.10184755086182684,convergence,False
25552J__938939,25552J,938939,2024-10-30,2024-10-31,1,60.770005,57.779999,0.0,0.0,0.0,0.04920200352130959,0.04920200352130959,0.09840400704261917,0.017765,0.031437003521309584,0.08063900704261917,overnight_abort,True
25552J__938939,25552J,938939,2025-04-09,2025-04-10,1,41.669999,38.979996,0.0,0.0,0.0,0.06455490915658524,0.06455490915658524,0.12910981831317048,0.017765,0.046789909156585235,0.11134481831317047,overnight_abort,True
25552J__938939,25552J,938939,2025-07-29,2025-07-30,1,73.399994,68.190003,0.0,0.0,0.0,0.07098080961695993,0.07098080961695993,0.14196161923391987,0.017765,0.05321580961695993,0.12419661923391986,overnight_abort,True
25552J__938939,25552J,938939,2025-09-18,2025-09-24,6,102.7,102.30001,101.5104921,103.455222936,0.019157929350635126,0.0038947419668938898,0.023052671317529014,0.026947413284422905,0.017765,0.005287671317529014,0.009182413284422906,convergence,False
25552J__938939,25552J,938939,2025-10-06,2025-10-07,1,122.89,117.39,0.0,0.0,0.0,0.044755472373667504,0.044755472373667504,0.08951094474733501,0.017765,0.026990472373667505,0.071745944747335,overnight_abort,True
25552J__938939,25552J,938939,2025-10-28,2025-10-29,1,126.38001,141.76,0.0,0.0,0.0,-0.12169638220474893,-0.12169638220474893,-0.24339276440949786,0.017765,-0.13946138220474893,-0.26115776440949784,overnight_abort,True
25552J__938939,25552J,938939,2025-11-05,2025-11-06,1,138.39,133.68,0.0,0.0,0.0,0.03403425102969853,0.03403425102969853,0.06806850205939706,0.017765,0.01626925102969853,0.05030350205939706,overnight_abort,True
25552J__938939,25552J,938939,2026-01-09,2026-01-14,5,135.57401,143.78,138.1531398095,145.534869952,0.05343150472496467,-0.060527751594867,-0.007096246869902331,-0.06762399846476932,0.017765,-0.02486124686990233,-0.08538899846476933,convergence,False
25552J__938939,25552J,938939,2026-01-28,2026-01-29,1,190.01,174.53,0.0,0.0,0.0,0.0814693963475606,0.0814693963475606,0.1629387926951212,0.017765,0.0637043963475606,0.1451737926951212,overnight_abort,True
25552J__938939,25552J,938939,2026-02-06,2026-02-10,4,171.0,179.08001,175.481925617,179.25964281,0.021527671181618437,-0.047251520467836185,-0.025723849286217747,-0.07297536975405393,0.017765,-0.04348884928621775,-0.09074036975405393,convergence,False
25552J__938939,25552J,938939,2026-03-09,2026-03-11,2,157.5,154.63001,152.32520454750002,156.558667041,0.02779226527924899,0.018222158730158738,0.04601442400940772,0.06423658273956646,0.017765,0.028249424009407723,0.04647158273956646,convergence,False
151516__951410,151516,951410,2024-07-05,2024-07-09,4,1.33,1.1613999,1.259931283488359,1.2570484898792957,-0.002288056219289692,0.1267669924812031,0.1244789362619134,0.2512459287431165,0.028568,0.09591093626191341,0.2226779287431165,convergence,False
151516__951410,151516,951410,2024-08-12,2024-08-13,1,1.2600003,1.1700001,0.0,0.0,0.0,0.07142871315189368,0.07142871315189368,0.14285742630378737,0.028568,0.04286071315189369,0.11428942630378737,overnight_abort,True
151516__951410,151516,951410,2024-09-05,2024-09-09,1,1.2791997,1.0600005,0.0,0.0,0.0,0.1713565129822967,0.1713565129822967,0.3427130259645934,0.028568,0.1427885129822967,0.3141450259645934,overnight_abort,True
151516__951410,151516,951410,2025-05-16,2025-05-22,1,1.4600001,1.3113003,0.0,0.0,0.0,0.10184917110622112,0.10184917110622112,0.20369834221244223,0.028568,0.07328117110622112,0.17513034221244222,overnight_abort,True
151516__951410,151516,951410,2025-09-03,2025-09-11,8,1.6688996,1.5,1.5434115587519999,1.581717887904,0.024819257659942945,0.10120417070026264,0.12602342836020558,0.22722759906046822,0.028568,0.09745542836020558,0.1986595990604682,convergence,False
151516__951410,151516,951410,2025-12-05,2026-01-05,31,1.8400002,1.6949997,1.691353595652,1.739130523798,0.02824774681581727,0.07880461099949873,0.107052357815316,0.18585696881481473,0.028568,0.078484357815316,0.15728896881481472,convergence,False
891264__771566,891264,771566,2024-04-03,2024-04-10,7,9.3500004,8.6700001,4.547342597140222,4.42853344316964,-0.02612716139868143,0.07272730170150596,0.04660014030282453,0.11932744200433049,0.026834,0.019766140302824527,0.09249344200433049,convergence,False
891264__771566,891264,771566,2024-05-13,2024-05-14,1,10.100001,9.54,0.0,0.0,0.0,0.05544563807468945,0.05544563807468945,0.1108912761493789,0.026834,0.028611638074689447,0.0840572761493789,overnight_abort,True
891264__771566,891264,771566,2024-08-08,2024-08-09,1,6.3900004,6.1700001,0.0,0.0,0.0,0.0344288397853621,0.0344288397853621,0.0688576795707242,0.026834,0.007594839785362097,0.0420236795707242,overnight_abort,True
891264__771566,891264,771566,2024-08-19,2024-08-20,1,6.3999997,5.8100005,0.0,0.0,0.0,0.09218737932128344,0.09218737932128344,0.1843747586425669,0.026834,0.06535337932128345,0.1575407586425669,overnight_abort,True
891264__771566,891264,771566,2024-09-24,2024-09-27,3,6.9166003,8.2700005,3.346286521860107,4.1558646689281,0.24193330181958558,-0.1956741956015588,0.046259106218026785,-0.149415089383532,0.026834,0.019425106218026785,-0.176249089383532,convergence,False
891264__771566,891264,771566,2024-10-25,2024-10-29,4,8.0200005,7.6999999,3.9759633018181413,3.8604075599999996,-0.029063583601312407,0.03990032170197498,0.010836738100662574,0.050737059802637555,0.026834,-0.015997261899337426,0.023903059802637554,convergence,False
891264__771566,891264,771566,2024-12-31,2025-01-03,3,6.75,6.1599999,3.1182693208,3.091876104421263,-0.008464059278871401,0.08740742222222224,0.07894336294335083,0.16635078516557308,0.026834,0.052109362943350834,0.1395167851655731,convergence,False
891264__771566,891264,771566,2025-03-17,2025-03-20,3,7.3400002,7.4200001,3.6682839088500003,3.7116618390713114,0.011825128942898529,-0.010899168640349599,0.0009259603025489303,-0.009973208337800668,0.026834,-0.02590803969745107,-0.03680720833780067,convergence,False
891264__771566,891264,771566,2025-03-27,2025-03-28,1,7.6920004,7.3000002,0.0,0.0,0.0,0.05096206183244608,0.05096206183244608,0.10192412366489216,0.026834,0.02412806183244608,0.07509012366489216,overnight_abort,True
891264__771566,891264,771566,2025-04-01,2025-04-02,1,7.5100003,7.3900004,0.0,0.0,0.0,0.015978681119360252,0.015978681119360252,0.031957362238720505,0.026834,-0.010855318880639748,0.0051233622387205045,overnight_abort,True
891264__771566,891264,771566,2025-04-09,2025-04-16,7,7.4799996,6.9300004,3.5250757967579536,3.4525410994645647,-0.020576776635583202,0.07352930874488285,0.05295253210929965,0.12648184085418251,0.026834,0.02611853210929965,0.09964784085418252,convergence,False
891264__771566,891264,771566,2025-07-25,2025-08-04,10,7.1999999,6.5600005,3.452296246486808,3.253564673304165,-0.0575650404813549,0.08888880679012229,0.03132376630876739,0.12021257309888968,0.026834,0.004489766308767389,0.09337857309888968,convergence,False
891264__771566,891264,771566,2025-08-12,2025-08-19,7,7.1400004,7.2600003,3.482913263546204,3.626059288564077,0.04109950899900564,-0.016806707741921112,0.02429280125708453,0.007486093515163418,0.026834,-0.00254119874291547,-0.019347906484836582,convergence,False
891264__771566,891264,771566,2025-08-27,2025-09-05,9,7.4899998,7.0585003,3.549020740153029,3.4988037110007273,-0.014149545136255407,0.05761008164512892,0.043460536508873514,0.10107061815400244,0.026834,0.016626536508873514,0.07423661815400244,convergence,False
891264__771566,891264,771566,2025-11-28,2025-12-02,4,7.4099999,7.2799998,3.6103579889234902,3.609645274319667,-0.0001974082919228141,0.017543873381158908,0.017346465089236093,0.034890338470395,0.026834,-0.009487534910763908,0.008056338470395,convergence,False
951742__905323,951742,905323,2024-05-23,2024-05-29,6,31.339997,31.570008,31.960763523,31.653076692600003,-0.009627017520359818,-0.007339215763166827,-0.016966233283526644,-0.024305449046693472,0.014342,-0.031308233283526644,-0.03864744904669347,convergence,False
951742__905323,951742,905323,2024-08-05,2024-08-06,1,30.5,30.455994,0.0,0.0,0.0,0.0014428196721311326,0.0014428196721311326,0.002885639344262265,0.014342,-0.012899180327868867,-0.011456360655737735,overnight_abort,True
951742__905323,951742,905323,2024-09-26,2024-09-27,1,27.570008,27.600007,0.0,0.0,0.0,-0.0010881026947834078,-0.0010881026947834078,-0.0021762053895668155,0.014342,-0.015430102694783409,-0.016518205389566817,overnight_abort,True
951742__905323,951742,905323,2025-03-11,2025-03-13,2,18.800004,18.14,18.2894324679,18.13015712,-0.008708599798246643,0.03510658827519402,0.026397988476947378,0.061504576752141396,0.014342,0.012055988476947378,0.047162576752141395,convergence,False
951742__905323,951742,905323,2025-04-09,2025-04-10,1,16.25,17.190003,0.0,0.0,0.0,-0.05784633846153851,-0.05784633846153851,-0.11569267692307703,0.014342,-0.07218833846153852,-0.13003467692307702,overnight_abort,True
951742__905323,951742,905323,2025-04-17,2025-04-23,6,16.690003,16.039994,15.7373558772,16.008503286899998,0.01722954045239779,0.038946008577709704,0.05617554903010749,0.0951215576078172,0.014342,0.04183354903010749,0.08077955760781719,convergence,False
951742__905323,951742,905323,2025-05-12,2025-05-13,1,17.25,16.470002,0.0,0.0,0.0,0.04521727536231879,0.04521727536231879,0.09043455072463757,0.014342,0.030875275362318787,0.07609255072463758,overnight_abort,True
951742__905323,951742,905323,2025-06-30,2025-07-02,2,18.330002,18.520005,18.195760116,18.4987994046,0.016654390180354743,-0.010365683538932555,0.006288706641422188,-0.004076976897510368,0.014342,-0.008053293358577813,-0.018418976897510368,convergence,False
951742__905323,951742,905323,2025-07-03,2025-07-15,12,19.289994,16.585007,17.7650723347,16.5575146925,-0.06797369689518876,0.1402274671521411,0.07225377025695234,0.21248123740909344,0.014342,0.05791177025695234,0.19813923740909345,convergence,False
951742__905323,951742,905323,2025-08-06,2025-08-07,1,17.121995,18.050004,0.0,0.0,0.0,-0.05419981725260421,-0.05419981725260421,-0.10839963450520843,0.014342,-0.06854181725260422,-0.12274163450520842,overnight_abort,True
951742__905323,951742,905323,2025-12-10,2025-12-12,2,15.15,15.49,14.88206188865,15.642547781249998,0.051100841959271316,-0.022442244224422432,0.028658597734848884,0.006216353510426452,0.014342,0.014316597734848883,-0.008125646489573549,convergence,False
951742__905323,951742,905323,2026-02-10,2026-02-12,1,19.990006,21.0,0.0,0.0,0.0,-0.05052494731617384,-0.05052494731617384,-0.10104989463234768,0.014342,-0.06486694731617385,-0.11539189463234767,overnight_abort,True
951742__905323,951742,905323,2026-03-23,2026-03-25,2,19.490006,19.190003,18.8128159667,19.100769989,0.01530626902478066,0.015392658165420792,0.030698927190201453,0.046091585355622244,0.014342,0.016356927190201452,0.031749585355622244,convergence,False
26133J__932252,26133J,932252,2024-04-26,2024-04-30,1,25.229996,26.309998,0.0,0.0,0.0,-0.04280626917261502,-0.04280626917261502,-0.08561253834523004,0.009628000000000001,-0.052434269172615025,-0.09524053834523004,overnight_abort,True
26133J__932252,26133J,932252,2024-06-27,2024-07-11,14,25.0,25.240006,24.9728016447,25.5706310801,0.023939221714311707,-0.009600240000000043,0.014338981714311664,0.0047387417143116214,0.009628000000000001,0.004710981714311663,-0.00488925828568838,convergence,False
26133J__932252,26133J,932252,2024-07-22,2024-07-23,1,25.550004,25.350007,0.0,0.0,0.0,0.007827670007409774,0.007827670007409774,0.01565534001481955,0.009628000000000001,-0.0018003299925902268,0.0060273400148195475,overnight_abort,True
26133J__932252,26133J,932252,2024-08-05,2024-08-06,1,20.899994,20.179993,0.0,0.0,0.0,0.03444981850234024,0.03444981850234024,0.06889963700468048,0.009628000000000001,0.024821818502340238,0.05927163700468048,overnight_abort,True
26133J__932252,26133J,932252,2025-01-24,2025-01-27,1,21.425004,21.330002,0.0,0.0,0.0,0.004434164866433673,0.004434164866433673,0.008868329732867346,0.009628000000000001,-0.005193835133566328,-0.000759670267132655,overnight_abort,True
26133J__932252,26133J,932252,2025-03-14,2025-03-26,12,23.369996,24.279999,23.489595545500002,24.2156635126,0.030910194502650465,-0.0389389454752153,-0.008028750972564835,-0.046967696447780136,0.009628000000000001,-0.017656750972564837,-0.05659569644778013,convergence,False
26133J__932252,26133J,932252,2025-04-07,2025-04-08,1,20.289994,20.369996,0.0,0.0,0.0,-0.003942928716489534,-0.003942928716489534,-0.007885857432979069,0.009628000000000001,-0.013570928716489536,-0.01751385743297907,overnight_abort,True
26133J__932252,26133J,932252,2025-04-09,2025-04-10,1,22.089997,21.059998,0.0,0.0,0.0,0.04662739429072806,0.04662739429072806,0.09325478858145612,0.009628000000000001,0.03699939429072806,0.08362678858145613,overnight_abort,True
26133J__932252,26133J,932252,2025-09-29,2025-09-30,1,29.369996,28.919999,0.0,0.0,0.0,0.015321656836453085,0.015321656836453085,0.03064331367290617,0.009628000000000001,0.005693656836453084,0.02101531367290617,overnight_abort,True
26133J__932252,26133J,932252,2025-10-06,2025-10-09,3,29.770005,29.440003,29.0839670324,29.457109425600002,0.012829831390756132,0.011085050204056073,0.023914881594812205,0.034999931798868275,0.009628000000000001,0.014286881594812204,0.025371931798868274,convergence,False
26133J__932252,26133J,932252,2026-01-09,2026-01-14,5,36.669999,37.649994,37.389637565,37.746923555200006,0.009555748957953417,-0.02672470757362176,-0.017168958615668344,-0.04389366618929011,0.009628000000000001,-0.026796958615668345,-0.05352166618929011,convergence,False
26133J__932252,26133J,932252,2026-01-15,2026-01-16,1,39.350007,39.720002,0.0,0.0,0.0,-0.009402666688216928,-0.009402666688216928,-0.018805333376433857,0.009628000000000001,-0.01903066668821693,-0.028433333376433858,overnight_abort,True
26133J__932252,26133J,932252,2026-02-02,2026-02-03,1,39.824997,40.619996,0.0,0.0,0.0,-0.0199623116104691,-0.0199623116104691,-0.0399246232209382,0.009628000000000001,-0.0295903116104691,-0.0495526232209382,overnight_abort,True
26133J__932252,26133J,932252,2026-02-06,2026-02-12,6,40.190003,43.649994,40.6261025382,44.1192834749,0.08598365874293316,-0.08609083706711847,-0.00010717832418530304,-0.08619801539130377,0.009628000000000001,-0.009735178324185304,-0.09582601539130377,convergence,False
26133J__932252,26133J,932252,2026-03-04,2026-03-05,1,38.970002,37.5,0.0,0.0,0.0,0.037721373481068875,0.037721373481068875,0.07544274696213775,0.009628000000000001,0.028093373481068874,0.06581474696213775,overnight_abort,True
267768__148375,267768,148375,2024-06-20,2024-06-27,7,5.8900004,6.0200005,5.870421425415915,6.121295501987049,0.04273527544121071,-0.022071322779536683,0.020663952661674027,-0.0014073701178626552,0.015964,0.004699952661674028,-0.017371370117862654,convergence,False
267768__148375,267768,148375,2024-07-11,2024-07-19,8,6.4899998,6.0900002,6.706935846273069,6.654802214708292,-0.007773092327064182,0.061633222238311816,0.05386012991124763,0.11549335214955946,0.015964,0.037896129911247634,0.09952935214955946,convergence,False
267768__148375,267768,148375,2024-10-18,2024-10-30,12,6.6899996,6.6800004,6.51879263879345,6.721964813725,0.031167147996466294,0.0014946488188131144,0.032661796815279406,0.03415644563409252,0.015964,0.016697796815279407,0.018192445634092523,convergence,False
267768__148375,267768,148375,2024-11-11,2024-12-11,30,7.0,3.6199999,6.762056031902931,3.6429015794999997,-0.4612730858317305,0.48285715714285715,0.021584071311126662,0.5044412284539839,0.015964,0.005620071311126663,0.4884772284539839,convergence,False
267768__148375,267768,148375,2025-04-09,2025-04-15,6,2.8900004,2.8199997,2.781322607875,2.8468589224,0.023563003565081387,0.02422169214924677,0.047784695714328154,0.07200638786357492,0.015964,0.031820695714328155,0.056042387863574926,convergence,False
267768__148375,267768,148375,2025-12-09,2025-12-12,3,2.8599997,2.7799998,2.8730523589207437,2.87688886226772,0.0013353405603848609,0.027971995941118384,0.029307336501503245,0.05727933244262163,0.015964,0.013343336501503246,0.04131533244262163,convergence,False
267768__148375,267768,148375,2025-12-19,2025-12-24,5,3.0600005,2.9099999,3.0430552064369083,2.984613438173326,-0.019204964845843636,0.049019795911798135,0.0298148310659545,0.07883462697775263,0.015964,0.0138508310659545,0.06287062697775264,convergence,False
267768__148375,267768,148375,2026-01-14,2026-01-16,1,3.0299998,2.75,0.0,0.0,0.0,0.0924091810171077,0.0924091810171077,0.1848183620342154,0.015964,0.0764451810171077,0.1688543620342154,overnight_abort,True
267768__148375,267768,148375,2026-01-27,2026-01-29,2,2.6099997,2.5299998,2.578686169299873,2.612712904393828,0.013195376583259593,0.0306513062051309,0.0438466827883905,0.07449798899352139,0.015964,0.027882682788390498,0.05853398899352139,convergence,False
267768__148375,267768,148375,2026-03-04,2026-04-10,37,2.1999999,2.1700001,2.131892252816,2.2008810562869283,0.032360361261129275,0.013636273347103193,0.045996634608232466,0.05963290795533566,0.015964,0.030032634608232467,0.04366890795533566,convergence,False
29235P__29235V,29235P,29235V,2024-04-04,2024-05-07,33,4.0900002,3.9899998,7.5928565699999995,7.841435238,0.03273849120002545,0.02444997435452456,0.05718846555455001,0.08163843990907457,0.02571,0.031478465554550014,0.055928439909074576,convergence,False
29235P__29235V,29235P,29235V,2024-12-20,2025-03-10,80,3.2100001,3.1599999,6.60574656,6.2471306879999995,-0.05428846970477786,0.015576385807589209,-0.03871208389718865,-0.023135698089599442,0.02571,-0.06442208389718865,-0.048845698089599446,convergence,False
29235P__29235V,29235P,29235V,2025-04-09,2025-04-10,1,2.6700001,2.6599999,0.0,0.0,0.0,0.0037453931181502,0.0037453931181502,0.0074907862363004,0.02571,-0.0219646068818498,-0.0182192137636996,overnight_abort,True
29235P__29235V,29235P,29235V,2025-07-24,2025-07-29,5,3.5900002,3.7799998,7.263450570000001,7.45467858,0.02632743324361876,-0.052924676717288247,-0.026597243473669485,-0.07952192019095773,0.02571,-0.05230724347366948,-0.10523192019095773,convergence,False
29235P__29235V,29235P,29235V,2026-02-19,2026-02-23,4,4.4499999,4.8699999,9.203524264,9.666251604,0.05027719020744888,-0.09438202459285447,-0.04410483438540559,-0.13848685897826007,0.02571,-0.06981483438540559,-0.16419685897826009,convergence,False
29235P__29235V,29235P,29235V,2026-02-24,2026-02-26,2,5.1199999,5.58,10.387680342000001,11.06735443,0.06543078585619405,-0.0898437712860112,-0.024412985429817152,-0.11425675671582836,0.02571,-0.05012298542981715,-0.13996675671582837,convergence,False
29235P__29235V,29235P,29235V,2026-03-04,2026-03-05,1,4.29,3.9600001,0.0,0.0,0.0,0.07692305361305367,0.07692305361305367,0.15384610722610734,0.02571,0.05121305361305367,0.12813610722610733,overnight_abort,True
29235P__29235V,29235P,29235V,2026-03-23,2026-03-26,3,4.29,3.8500004,7.65241285,7.648094589,-0.000564300578738362,0.10256400932400936,0.10199970874527099,0.20456371806928036,0.02571,0.076289708745271,0.17885371806928035,convergence,False
516496__916822,516496,916822,2024-04-11,2024-04-12,1,18.899994,19.554993,0.0,0.0,0.0,-0.03465604274795009,-0.03465604274795009,-0.06931208549590018,0.01295,-0.04760604274795009,-0.08226208549590018,overnight_abort,True
516496__916822,516496,916822,2024-04-19,2024-04-24,5,18.320008,18.039994,18.0406202211,18.1853281475,0.00802122790827083,0.015284600312401682,0.023305828220672512,0.03859042853307419,0.01295,0.010355828220672512,0.025640428533074192,convergence,False
516496__916822,516496,916822,2024-04-26,2024-04-30,1,18.100007,18.350007,0.0,0.0,0.0,-0.013812149354417375,-0.013812149354417375,-0.02762429870883475,0.01295,-0.026762149354417376,-0.04057429870883475,overnight_abort,True
516496__916822,516496,916822,2024-05-10,2024-05-13,1,19.350007,17.880005,0.0,0.0,0.0,0.07596906812488496,0.07596906812488496,0.15193813624976993,0.01295,0.06301906812488496,0.13898813624976994,overnight_abort,True
516496__916822,516496,916822,2024-08-05,2024-08-06,1,15.5,15.37,0.0,0.0,0.0,0.008387096774193598,0.008387096774193598,0.016774193548387197,0.01295,-0.0045629032258064015,0.003824193548387197,overnight_abort,True
516496__916822,516496,916822,2024-09-11,2024-09-13,2,16.300004,16.199997,16.2782487783,16.2992142776,0.0012879456252044275,0.006135397267387266,0.007423342892591694,0.013558740159978959,0.01295,-0.005526657107408306,0.0006087401599789589,convergence,False
516496__916822,516496,916822,2024-10-09,2024-10-15,6,16.580002,15.420001,16.34582915475,15.69369980535,-0.03989576443177826,0.0699638636955533,0.030068099263775037,0.10003196295932834,0.01295,0.017118099263775038,0.08708196295932834,convergence,False
516496__916822,516496,916822,2025-03-24,2025-03-26,2,16.570008,16.929993,17.297043679799998,17.0479067915,-0.014403437541812223,-0.021725095123671528,-0.03612853266548375,-0.05785362778915528,0.01295,-0.049078532665483746,-0.07080362778915528,convergence,False
516496__916822,516496,916822,2025-04-07,2025-04-08,1,15.57,15.19,0.0,0.0,0.0,0.024405908798972434,0.024405908798972434,0.04881181759794487,0.01295,0.011455908798972434,0.035861817597944864,overnight_abort,True
516496__916822,516496,916822,2025-04-09,2025-04-10,1,16.229996,15.87,0.0,0.0,0.0,0.02218090503534324,0.02218090503534324,0.04436181007068648,0.01295,0.00923090503534324,0.03141181007068648,overnight_abort,True
516496__916822,516496,916822,2025-05-12,2025-05-13,1,17.970002,17.470002,0.0,0.0,0.0,0.027824148266650164,0.027824148266650164,0.05564829653330033,0.01295,0.014874148266650164,0.04269829653330033,overnight_abort,True
516496__916822,516496,916822,2025-09-29,2025-09-30,1,23.0,22.850007,0.0,0.0,0.0,0.00652143478260863,0.00652143478260863,0.01304286956521726,0.01295,-0.0064285652173913695,9.286956521726078e-05,overnight_abort,True
516496__916822,516496,916822,2025-10-17,2025-10-21,4,22.460007,21.740006,22.328358307200002,21.8580312699,-0.021064111871957048,0.03205702473734758,0.010992912865390534,0.04304993760273812,0.01295,-0.0019570871346094657,0.03009993760273812,convergence,False
516496__916822,516496,916822,2026-01-09,2026-01-14,5,25.789994,26.149994,25.889967524000003,26.2354056544,0.013342547845213666,-0.01395890204549871,-0.0006163542002850433,-0.014575256245783753,0.01295,-0.013566354200285043,-0.027525256245783752,convergence,False
516496__916822,516496,916822,2026-02-04,2026-02-12,8,26.960007,32.820008,26.630158000799998,32.8848732593,0.23487338146142822,-0.2173590311011418,0.017514350360286424,-0.19984468074085537,0.01295,0.004564350360286424,-0.21279468074085536,convergence,False
516496__916822,516496,916822,2026-03-04,2026-03-05,1,31.960007,30.865006,0.0,0.0,0.0,0.034261600756220104,0.034261600756220104,0.06852320151244021,0.01295,0.021311600756220104,0.055573201512440204,overnight_abort,True
516496__916822,516496,916822,2026-03-09,2026-03-11,2,31.160004,31.490006,31.085097816900003,31.5696761588,0.015588766834651779,-0.010590563467193405,0.004998203367458374,-0.00559236009973503,0.01295,-0.007951796632541626,-0.01854236009973503,convergence,False
516895__916116,516895,916116,2024-07-26,2024-07-29,1,45.925004,42.5,0.0,0.0,0.0,0.07457819709716304,0.07457819709716304,0.14915639419432608,0.018708,0.05587019709716304,0.13044839419432608,overnight_abort,True
516895__916116,516895,916116,2024-08-05,2024-08-06,1,33.710007,35.669999,0.0,0.0,0.0,-0.05814273488581595,-0.05814273488581595,-0.1162854697716319,0.018708,-0.07685073488581595,-0.1349934697716319,overnight_abort,True
516895__916116,516895,916116,2024-09-26,2024-12-10,75,44.990006,16.190003,18.2706833688,16.2740184251,-0.109282444635301,0.6401422351444007,0.5308597905090997,1.1710020256535005,0.018708,0.5121517905090998,1.1522940256535006,convergence,False
516895__916116,516895,916116,2025-01-21,2025-04-01,70,17.330002,18.369996,17.48810046,18.313670635999998,0.04720753851387696,-0.06001118753477351,-0.012803649020896549,-0.07281483655567006,0.018708,-0.03151164902089655,-0.09152283655567006,convergence,False
516895__916116,516895,916116,2025-07-18,2025-10-16,90,19.399994,24.938508,19.37738676055,25.1479093866,0.29779674098253955,-0.28549050066716514,0.012306240315374417,-0.2731842603517907,0.018708,-0.006401759684625582,-0.2918922603517907,force_close,False
516895__916116,516895,916116,2025-10-24,2025-11-18,25,25.875,23.580002,26.6099754492,23.663312272,-0.11073528357158216,0.08869557487922704,-0.022039708692355123,0.06665586618687191,0.018708,-0.040747708692355125,0.04794786618687191,convergence,False
906640__906433,906640,906433,2024-04-26,2024-04-30,1,27.979996,29.779999,0.0,0.0,0.0,-0.06433178189160571,-0.06433178189160571,-0.12866356378321142,0.013393,-0.07772478189160571,-0.1420565637832114,overnight_abort,True
906640__906433,906640,906433,2024-08-05,2024-08-06,1,25.990006,24.509995,0.0,0.0,0.0,0.05694538893142237,0.05694538893142237,0.11389077786284474,0.013393,0.04355238893142237,0.10049777786284474,overnight_abort,True
906640__906433,906640,906433,2025-04-07,2025-04-08,1,25.610001,25.800004,0.0,0.0,0.0,-0.007419093814170519,-0.007419093814170519,-0.014838187628341038,0.013393,-0.02081209381417052,-0.028231187628341037,overnight_abort,True
906640__906433,906640,906433,2025-04-09,2025-04-10,1,27.869996,26.929993,0.0,0.0,0.0,0.03372813544716694,0.03372813544716694,0.06745627089433388,0.013393,0.02033513544716694,0.05406327089433388,overnight_abort,True
906640__906433,906640,906433,2025-09-18,2025-09-24,6,35.429993,35.669999,35.271854745,35.6536045808,0.010823072349324534,-0.006774091092820535,0.004048981256503999,-0.0027251098363165367,0.013393,-0.009344018743496002,-0.016118109836316535,convergence,False
906640__906433,906640,906433,2026-01-09,2026-01-14,5,33.789994,34.0,33.185659828700004,34.0738405408,0.02676399133495211,-0.00621503513732497,0.020548956197627137,0.014333921060302169,0.013393,0.007155956197627137,0.0009409210603021686,convergence,False
906640__906433,906640,906433,2026-02-02,2026-02-03,1,40.589997,44.5,0.0,0.0,0.0,-0.09632922613913973,-0.09632922613913973,-0.19265845227827946,0.013393,-0.10972222613913973,-0.20605145227827945,overnight_abort,True
906640__906433,906640,906433,2026-02-06,2026-02-12,6,46.279999,50.539994,47.9456008796,51.0589541209,0.06493511780399176,-0.09204829498807905,-0.02711317718408729,-0.11916147217216634,0.013393,-0.04050617718408729,-0.13255447217216634,convergence,False
906640__906433,906640,906433,2026-03-04,2026-03-05,1,46.589997,44.699997,0.0,0.0,0.0,0.04056664781498041,0.04056664781498041,0.08113329562996081,0.013393,0.027173647814980405,0.06774029562996081,overnight_abort,True
906640__906433,906640,906433,2026-03-23,2026-03-25,2,38.824997,40.380005,39.427831017799996,40.308519202,0.022336713977555864,-0.04005172234784702,-0.017715008370291156,-0.057766730718138176,0.013393,-0.03110800837029116,-0.07115973071813818,convergence,False
906640__906433,906640,906433,2026-03-31,2026-04-15,15,39.259995,45.360016,40.8803246028,45.306158343599996,0.1082631751044574,-0.15537498158112342,-0.04711180647666602,-0.20248678805778944,0.013393,-0.06050480647666602,-0.21587978805778943,convergence,False
510265__932173,510265,932173,2024-04-26,2024-04-30,1,12.511,12.54,0.0,0.0,0.0,-0.0023179601950283684,-0.0023179601950283684,-0.004635920390056737,0.012586,-0.01490396019502837,-0.01722192039005674,overnight_abort,True
510265__932173,510265,932173,2024-06-27,2024-07-11,14,13.520001,13.680001,13.2479562621,13.962786116750001,0.05395774567093032,-0.011834318651307803,0.04212342701962252,0.030289108368314714,0.012586,0.029537427019622517,0.017703108368314714,convergence,False
510265__932173,510265,932173,2024-08-05,2024-08-06,1,12.430001,12.275,0.0,0.0,0.0,0.01246991050121399,0.01246991050121399,0.02493982100242798,0.012586,-0.00011608949878601053,0.012353821002427979,overnight_abort,True
510265__932173,510265,932173,2024-08-07,2024-08-16,9,13.050001,14.270001,13.6571943078,14.5121941566,0.06260435558947026,-0.0934865828745914,-0.030882227285121133,-0.12436881015971253,0.012586,-0.04346822728512113,-0.13695481015971253,convergence,False
510265__932173,510265,932173,2024-11-22,2024-11-26,4,13.270001,13.460001,13.4033653845,13.54299329955,0.010417377355948873,-0.014318009471137153,-0.00390063211518828,-0.018218641586325433,0.012586,-0.01648663211518828,-0.030804641586325433,convergence,False
510265__932173,510265,932173,2024-12-12,2024-12-18,6,14.12,13.550001,13.852461689550001,13.72605925,-0.009124908076472487,0.040368201133144425,0.031243293056671936,0.07161149418981637,0.012586,0.018657293056671936,0.05902549418981637,convergence,False
510265__932173,510265,932173,2025-01-06,2025-01-07,1,13.925001,13.630001,0.0,0.0,0.0,0.021184917688695314,0.021184917688695314,0.04236983537739063,0.012586,0.008598917688695314,0.029783835377390627,overnight_abort,True
510265__932173,510265,932173,2025-03-17,2025-03-18,1,13.545001,13.310001,0.0,0.0,0.0,0.0173495742082263,0.0173495742082263,0.0346991484164526,0.012586,0.0047635742082263,0.0221131484164526,overnight_abort,True
510265__932173,510265,932173,2025-04-09,2025-04-10,1,12.510001,11.930001,0.0,0.0,0.0,0.04636290596619457,0.04636290596619457,0.09272581193238914,0.012586,0.03377690596619457,0.08013981193238914,overnight_abort,True
510265__932173,510265,932173,2025-05-02,2025-05-08,6,13.892001,13.005001,13.3634624602,13.1167763628,-0.018459744107090316,0.06384969307157409,0.04538994896448378,0.10923964203605788,0.012586,0.03280394896448378,0.09665364203605788,convergence,False
510265__932173,510265,932173,2025-09-29,2025-09-30,1,12.880001,12.53,0.0,0.0,0.0,0.027173988573448143,0.027173988573448143,0.054347977146896286,0.012586,0.014587988573448143,0.041761977146896286,overnight_abort,True
510265__932173,510265,932173,2025-11-12,2025-11-13,1,13.36,14.390001,0.0,0.0,0.0,-0.07709588323353296,-0.07709588323353296,-0.15419176646706592,0.012586,-0.08968188323353296,-0.16677776646706594,overnight_abort,True
510265__932173,510265,932173,2025-11-28,2025-12-04,6,15.74,15.243001,15.2336828608,15.348656296349999,0.007547317126172658,0.031575540025413,0.03912285715158566,0.07069839717699865,0.012586,0.026536857151585658,0.05811239717699865,convergence,False
510265__932173,510265,932173,2026-01-08,2026-01-14,6,16.089997,16.494996,16.3156727664,16.6266962224,0.019062864305572073,-0.025170856153671133,-0.00610799184809906,-0.03127884800177019,0.012586,-0.01869399184809906,-0.04386484800177019,convergence,False
510265__932173,510265,932173,2026-02-06,2026-02-10,4,17.720002,17.800004,17.5802674887,17.844997866,0.015058381646932328,-0.004514785043478005,0.010543596603454324,0.006028811559976317,0.012586,-0.0020424033965456764,-0.006557188440023683,convergence,False
510265__932173,510265,932173,2026-03-04,2026-03-05,1,16.940003,16.589997,0.0,0.0,0.0,0.020661507556993967,0.020661507556993967,0.041323015113987935,0.012586,0.008075507556993967,0.028737015113987935,overnight_abort,True
510265__932173,510265,932173,2026-03-23,2026-03-26,3,14.78,14.28,14.7106075613,14.4193459146,-0.019799430138170405,0.03382949932341001,0.014030069185239608,0.04785956850864962,0.012586,0.0014440691852396076,0.03527356850864962,convergence,False
29072L__141024,29072L,141024,2024-04-01,2024-04-02,1,15.86,15.41,0.0,0.0,0.0,0.028373266078184068,0.028373266078184068,0.056746532156368136,0.025526,0.002847266078184068,0.031220532156368136,overnight_abort,True
29072L__141024,29072L,141024,2024-06-03,2024-06-04,1,17.39,16.820008,0.0,0.0,0.0,0.032776998274870565,0.032776998274870565,0.06555399654974113,0.025526,0.007250998274870565,0.04002799654974113,overnight_abort,True
29072L__141024,29072L,141024,2024-06-05,2024-06-06,1,17.779999,17.330002,0.0,0.0,0.0,0.025309169027512304,0.025309169027512304,0.05061833805502461,0.025526,-0.00021683097248769573,0.02509233805502461,overnight_abort,True
29072L__141024,29072L,141024,2024-06-13,2024-06-21,8,16.699997,16.266495,3.2200003,3.2600003,0.012422359091084568,0.0259582082559656,0.03838056734705017,0.06433877560301576,0.025526,0.01285456734705017,0.03881277560301576,convergence,False
29072L__141024,29072L,141024,2024-06-28,2024-07-01,1,16.589005,16.085007,0.0,0.0,0.0,0.0303814484352738,0.0303814484352738,0.0607628968705476,0.025526,0.004855448435273801,0.0352368968705476,overnight_abort,True
29072L__141024,29072L,141024,2024-07-03,2024-07-08,5,16.410004,15.9197,3.2200003,3.1999999,-0.006211303769133267,0.029878359566518086,0.023667055797384817,0.05354541536390291,0.025526,-0.0018589442026151828,0.028019415363902907,convergence,False
29072L__141024,29072L,141024,2024-07-30,2024-08-01,2,16.89,16.229996,3.2299996,3.2399998,0.0030960375351129776,0.03907661338069868,0.042172650915811655,0.08124926429651033,0.025526,0.016646650915811655,0.05572326429651033,convergence,False
29072L__141024,29072L,141024,2024-08-05,2024-08-06,1,17.039994,16.259995,0.0,0.0,0.0,0.045774605319696716,0.045774605319696716,0.09154921063939343,0.025526,0.020248605319696716,0.06602321063939343,overnight_abort,True
29072L__141024,29072L,141024,2024-08-13,2024-08-23,10,17.789994,17.800004,3.4399996,3.5500002,0.03197692232289788,-0.000562675850256115,0.031414246472641766,0.03085157062238565,0.025526,0.005888246472641766,0.005325570622385652,convergence,False
29072L__141024,29072L,141024,2024-08-30,2024-09-03,1,19.479996,18.154999,0.0,0.0,0.0,0.06801834045551138,0.06801834045551138,0.13603668091102275,0.025526,0.042492340455511375,0.11051068091102276,overnight_abort,True
29072L__141024,29072L,141024,2024-09-10,2024-09-13,3,19.14,18.199997,3.7100001,3.6300002,-0.021563314782659923,0.04911196447230934,0.027548649689649415,0.07666061416195875,0.025526,0.0020226496896494153,0.051134614161958754,convergence,False
29072L__141024,29072L,141024,2024-10-03,2024-10-04,1,20.050004,19.539994,0.0,0.0,0.0,0.025436902655979577,0.025436902655979577,0.050873805311959154,0.025526,-8.909734402042305e-05,0.025347805311959154,overnight_abort,True
29072L__141024,29072L,141024,2024-10-08,2024-10-09,1,21.5,20.039994,0.0,0.0,0.0,0.06790725581395349,0.06790725581395349,0.13581451162790698,0.025526,0.04238125581395349,0.11028851162790698,overnight_abort,True
29072L__141024,29072L,141024,2024-11-11,2024-11-15,4,23.690003,23.279999,4.4899998,4.6700001,0.04008915546054157,0.017307047196237192,0.057396202656778764,0.07470324985301596,0.025526,0.031870202656778764,0.04917724985301596,convergence,False
29072L__141024,29072L,141024,2024-12-10,2024-12-11,1,24.460007,21.990006,0.0,0.0,0.0,0.10098120576989204,0.10098120576989204,0.2019624115397841,0.025526,0.07545520576989204,0.1764364115397841,overnight_abort,True
29072L__141024,29072L,141024,2024-12-17,2024-12-18,1,22.899994,21.220002,0.0,0.0,0.0,0.07336211529138385,0.07336211529138385,0.1467242305827677,0.025526,0.04783611529138385,0.12119823058276771,overnight_abort,True
29072L__141024,29072L,141024,2025-01-08,2025-01-10,1,22.39,21.414994,0.0,0.0,0.0,0.04354649397052258,0.04354649397052258,0.08709298794104516,0.025526,0.018020493970522578,0.061566987941045155,overnight_abort,True
29072L__141024,29072L,141024,2025-01-13,2025-01-16,3,22.279999,20.830002,4.2399998,4.1800004,-0.01415080255428307,0.06508065821726472,0.05092985566298165,0.11601051388024637,0.025526,0.02540385566298165,0.09048451388024636,convergence,False
29072L__141024,29072L,141024,2025-03-11,2025-03-14,3,23.119996,21.899994,4.3699999,4.3900004,0.004576773560109255,0.0527682617246128,0.057345035284722054,0.11011329700933485,0.025526,0.031819035284722054,0.08458729700933484,convergence,False
29072L__141024,29072L,141024,2025-03-18,2025-03-21,3,23.559998,21.455002,4.4399996,4.29,-0.033783696737270004,0.08934618755061015,0.055562490813340144,0.1449086783639503,0.025526,0.030036490813340144,0.1193826783639503,convergence,False
29072L__141024,29072L,141024,2025-04-11,2025-04-14,1,21.550004,20.169999,0.0,0.0,0.0,0.06403734310211731,0.06403734310211731,0.12807468620423462,0.025526,0.03851134310211731,0.10254868620423463,overnight_abort,True
29072L__141024,29072L,141024,2025-05-30,2025-06-05,6,27.289994,27.0,5.29,5.3900004,0.018903667296786365,0.010626385626907799,0.029530052923694164,0.04015643855060196,0.025526,0.004004052923694164,0.014630438550601962,convergence,False
29072L__141024,29072L,141024,2025-06-12,2025-06-18,6,29.240006,28.050004,5.6099997,5.6599999,0.008912692098717846,0.040697734466949145,0.04961042656566699,0.09030816103261613,0.025526,0.02408442656566699,0.06478216103261614,convergence,False
29072L__141024,29072L,141024,2025-06-23,2025-06-24,1,29.899994,27.330002,0.0,0.0,0.0,0.08595292694707561,0.08595292694707561,0.17190585389415122,0.025526,0.06042692694707561,0.14637985389415123,overnight_abort,True
29072L__141024,29072L,141024,2025-07-03,2025-07-08,5,34.190003,31.0,6.2100001,6.1800004,-0.0048308694874256595,0.09330221468538617,0.08847134519796052,0.18177355988334667,0.025526,0.06294534519796052,0.15624755988334668,convergence,False
29072L__141024,29072L,141024,2025-08-01,2025-08-04,1,31.75,30.020005,0.0,0.0,0.0,0.054488031496062954,0.054488031496062954,0.10897606299212591,0.025526,0.028962031496062954,0.0834500629921259,overnight_abort,True
29072L__141024,29072L,141024,2025-09-04,2025-09-05,1,33.699997,31.940003,0.0,0.0,0.0,0.05222534589543146,0.05222534589543146,0.10445069179086292,0.025526,0.026699345895431457,0.07892469179086292,overnight_abort,True
29072L__141024,29072L,141024,2025-11-04,2025-11-05,1,32.328995,30.550004,0.0,0.0,0.0,0.05502772356517726,0.05502772356517726,0.11005544713035452,0.025526,0.02950172356517726,0.08452944713035451,overnight_abort,True
29072L__141024,29072L,141024,2025-11-28,2025-12-01,1,33.649994,32.630005,0.0,0.0,0.0,0.03031171417147957,0.03031171417147957,0.06062342834295914,0.025526,0.00478571417147957,0.03509742834295914,overnight_abort,True
29072L__141024,29072L,141024,2025-12-17,2025-12-22,5,36.300004,34.580002,6.9099999,6.9300004,0.0028944284065764007,0.04738296998534768,0.050277398391924084,0.09766036837727177,0.025526,0.024751398391924084,0.07213436837727177,convergence,False
29072L__141024,29072L,141024,2026-02-23,2026-02-24,1,44.470002,43.610001,0.0,0.0,0.0,0.019338901761236798,0.019338901761236798,0.038677803522473596,0.025526,-0.006187098238763202,0.013151803522473596,overnight_abort,True
29072L__141024,29072L,141024,2026-03-05,2026-03-06,1,43.029999,41.604996,0.0,0.0,0.0,0.033116500885812174,0.033116500885812174,0.06623300177162435,0.025526,0.007590500885812174,0.04070700177162435,overnight_abort,True
29072L__141024,29072L,141024,2026-03-19,2026-03-20,1,43.610001,39.970002,0.0,0.0,0.0,0.08346706985858579,0.08346706985858579,0.16693413971717158,0.025526,0.05794106985858579,0.1414081397171716,overnight_abort,True
518085__912002,518085,912002,2024-08-05,2024-08-08,1,8.2200003,7.9499999,0.0,0.0,0.0,0.03284676279148076,0.03284676279148076,0.06569352558296152,0.035128999999999994,-0.002282237208519236,0.03056452558296152,overnight_abort,True
518085__912002,518085,912002,2024-10-07,2024-11-20,44,12.0,9.7100001,10.8305418144,10.5317334638,-0.02758941849083785,0.19083332499999997,0.16324390650916212,0.3540772315091621,0.035128999999999994,0.12811490650916213,0.3189482315091621,convergence,False
518085__912002,518085,912002,2024-11-21,2024-11-26,1,11.050001,10.260001,0.0,0.0,0.0,0.07149320619970977,0.07149320619970977,0.14298641239941953,0.035128999999999994,0.03636420619970977,0.10785741239941954,overnight_abort,True
518085__912002,518085,912002,2024-12-19,2024-12-20,1,12.2,11.010001,0.0,0.0,0.0,0.09754090163934415,0.09754090163934415,0.1950818032786883,0.035128999999999994,0.06241190163934415,0.1599528032786883,overnight_abort,True
518085__912002,518085,912002,2025-01-15,2025-02-07,1,11.300001,10.460001,0.0,0.0,0.0,0.07433627660740914,0.07433627660740914,0.1486725532148183,0.035128999999999994,0.03920727660740915,0.1135435532148183,overnight_abort,True
518085__912002,518085,912002,2025-05-19,2025-06-10,22,11.45,8.6199999,10.16907955095,9.0745918604,-0.10762898304279198,0.24716158078602618,0.1395325977432342,0.38669417852926036,0.035128999999999994,0.10440359774323421,0.3515651785292604,convergence,False
518085__912002,518085,912002,2026-03-23,2026-03-24,1,9.1925002,8.6499997,0.0,0.0,0.0,0.05901555487591931,0.05901555487591931,0.11803110975183861,0.035128999999999994,0.023886554875919314,0.08290210975183862,overnight_abort,True
874567__929751,874567,929751,2024-06-12,2024-06-26,14,15.546501,14.841501,3.916052275867,3.8352534876223094,-0.020632714415642472,0.04534782456837073,0.024715110152728256,0.07006293472109898,0.022495,0.0022201101527282545,0.04756793472109898,convergence,False
874567__929751,874567,929751,2024-07-03,2024-07-10,7,15.605,15.388,3.907755403080747,3.9220053265829997,0.0036465750878416476,0.01390579942326181,0.017552374511103457,0.031458173934365265,0.022495,-0.004942625488896544,0.008963173934365264,convergence,False
874567__929751,874567,929751,2024-08-06,2024-08-22,16,16.199997,16.25,3.9917145565807326,4.081166539168924,0.022409413629218874,-0.003086605509865233,0.019322808119353642,0.01623620260948841,0.022495,-0.003172191880646359,-0.006258797390511592,convergence,False
874567__929751,874567,929751,2024-09-11,2024-09-12,1,17.300004,17.028794,0.0,0.0,0.0,0.015676874988005778,0.015676874988005778,0.031353749976011556,0.022495,-0.006818125011994223,0.008858749976011555,overnight_abort,True
874567__929751,874567,929751,2024-12-19,2024-12-24,5,15.100001,14.62,3.754793964305103,3.8039868871280818,0.013101364093644137,0.03178814359018926,0.0448895076838334,0.07667765127402267,0.022495,0.0223945076838334,0.054182651274022664,convergence,False
874567__929751,874567,929751,2024-12-31,2025-02-19,50,16.0,15.239001,3.764775027455242,3.805480293886271,0.01081213781279874,0.0475624375,0.058374575312798736,0.10593701281279874,0.022495,0.035879575312798735,0.08344201281279874,convergence,False
874567__929751,874567,929751,2025-05-22,2025-05-23,1,18.990006,18.179993,0.0,0.0,0.0,0.04265469952984751,0.04265469952984751,0.08530939905969502,0.022495,0.02015969952984751,0.06281439905969502,overnight_abort,True
874567__929751,874567,929751,2025-05-28,2025-05-29,1,19.0,17.830002,0.0,0.0,0.0,0.06157884210526314,0.06157884210526314,0.12315768421052628,0.022495,0.03908384210526314,0.10066268421052628,overnight_abort,True
547123__912005,547123,912005,2024-04-26,2024-04-30,1,21.630005,22.039994,0.0,0.0,0.0,-0.01895464194298612,-0.01895464194298612,-0.03790928388597224,0.012862,-0.03181664194298612,-0.05077128388597224,overnight_abort,True
547123__912005,547123,912005,2024-08-05,2024-08-06,1,18.509995,19.449997,0.0,0.0,0.0,-0.05078348211331228,-0.05078348211331228,-0.10156696422662456,0.012862,-0.06364548211331228,-0.11442896422662456,overnight_abort,True
547123__912005,547123,912005,2025-03-14,2025-03-26,12,20.279999,20.380005,40.867205031800005,41.1075329878,0.0058807044869593605,-0.0049312625705751015,0.0009494419163842589,-0.003981820654190843,0.012862,-0.011912558083615741,-0.016843820654190843,convergence,False
547123__912005,547123,912005,2025-04-07,2025-04-08,1,18.240006,18.169999,0.0,0.0,0.0,0.0038381018076419694,0.0038381018076419694,0.007676203615283939,0.012862,-0.009023898192358031,-0.005185796384716061,overnight_abort,True
547123__912005,547123,912005,2025-04-09,2025-04-10,1,19.220002,18.509995,0.0,0.0,0.0,0.036941047144532085,0.036941047144532085,0.07388209428906417,0.012862,0.024079047144532087,0.06102009428906417,overnight_abort,True
547123__912005,547123,912005,2025-04-15,2025-04-16,1,20.64,20.289994,0.0,0.0,0.0,0.016957655038759713,0.016957655038759713,0.033915310077519426,0.012862,0.004095655038759713,0.021053310077519427,overnight_abort,True
547123__912005,547123,912005,2025-09-18,2025-09-24,6,23.820008,23.279999,47.436893745,46.6539067664,-0.016505865304102668,0.02267039540876734,0.006164530104664671,0.02883492551343201,0.012862,-0.0066974698953353295,0.01597292551343201,convergence,False
547123__912005,547123,912005,2025-10-06,2025-10-10,4,23.699997,21.960007,47.266383724,45.1397357176,-0.044992822358021343,0.07341730887138925,0.02842448651336791,0.10184179538475716,0.012862,0.01556248651336791,0.08897979538475716,convergence,False
547123__912005,547123,912005,2025-12-29,2026-01-08,10,23.0,11.210001,22.4665927878,22.049402418,-0.018569365356839795,0.512608652173913,0.49403928681707326,1.0066479389909864,0.012862,0.4811772868170733,0.9937859389909863,convergence,False
547520__936485,547520,936485,2024-08-05,2024-08-07,2,23.130005,23.169999,23.4262947765,23.429563286500002,0.00013952313121579969,-0.0017290960378089017,-0.001589572906593102,-0.0033186689444020035,0.027961999999999997,-0.0295515729065931,-0.031280668944402,convergence,False
547520__936485,547520,936485,2024-08-29,2024-09-03,5,26.149994,24.789994,24.9623751339,25.090220085000002,0.0051215058829230916,0.05200766011648031,0.0571291659994034,0.10913682611588371,0.027961999999999997,0.029167165999403406,0.08117482611588371,convergence,False
547520__936485,547520,936485,2024-09-11,2024-09-13,2,27.460007,27.960007,27.5922839374,28.0754054688,0.017509298342104643,-0.018208298344570707,-0.0006990000024660638,-0.01890729834703677,0.027961999999999997,-0.02866100000246606,-0.046869298347036764,convergence,False
547520__936485,547520,936485,2024-09-20,2024-09-24,1,28.449997,27.369996,0.0,0.0,0.0,0.03796137482896744,0.03796137482896744,0.07592274965793488,0.027961999999999997,0.009999374828967445,0.047960749657934884,overnight_abort,True
547520__936485,547520,936485,2024-11-01,2024-11-08,7,24.970002,25.229996,24.864793719999998,25.294811384699997,0.017294238172348667,-0.010412253871665647,0.006881984300683019,-0.0035302695709826283,0.027961999999999997,-0.02108001569931698,-0.031492269570982626,convergence,False
547520__936485,547520,936485,2024-11-21,2024-11-26,5,23.960007,23.229996,23.3142692904,23.2324220721,-0.003510606199170056,0.030467895940097224,0.02695728974092717,0.05742518568102439,0.027961999999999997,-0.001004710259072828,0.029463185681024396,convergence,False
547520__936485,547520,936485,2025-01-06,2025-01-07,1,23.520005,22.75,0.0,0.0,0.0,0.0327383008634565,0.0327383008634565,0.065476601726913,0.027961999999999997,0.004776300863456501,0.037514601726913,overnight_abort,True
547520__936485,547520,936485,2025-01-29,2025-01-31,2,24.475998,24.169999,24.432131178,24.258237615,-0.007117412792731856,0.012502002982677148,0.005384590189945292,0.01788659317262244,0.027961999999999997,-0.022577409810054704,-0.010075406827377557,convergence,False
547520__936485,547520,936485,2025-04-02,2025-04-03,1,24.919999,25.380005,0.0,0.0,0.0,-0.018459310532075057,-0.018459310532075057,-0.036918621064150114,0.027961999999999997,-0.04642131053207506,-0.06488062106415012,overnight_abort,True
547520__936485,547520,936485,2025-04-07,2025-04-08,1,25.470002,25.4115,0.0,0.0,0.0,0.0022968981313782667,0.0022968981313782667,0.004593796262756533,0.027961999999999997,-0.02566510186862173,-0.023368203737243465,overnight_abort,True
547520__936485,547520,936485,2025-04-09,2025-04-10,1,26.679993,26.649994,0.0,0.0,0.0,0.0011244005948577314,0.0011244005948577314,0.002248801189715463,0.027961999999999997,-0.026837599405142267,-0.025713198810284534,overnight_abort,True
547520__936485,547520,936485,2025-04-11,2025-04-14,1,30.429993,27.070008,0.0,0.0,0.0,0.11041688376333174,0.11041688376333174,0.22083376752666348,0.027961999999999997,0.08245488376333174,0.1928717675266635,overnight_abort,True
547520__936485,547520,936485,2025-06-12,2025-06-18,6,30.899994,30.710007,30.8754620544,30.8927380897,0.0005595393283365659,0.00614844779581506,0.006707987124151626,0.012856434919966686,0.027961999999999997,-0.021254012875848372,-0.015105565080033311,convergence,False
547520__936485,547520,936485,2025-07-07,2025-07-08,1,32.240006,31.130005,0.0,0.0,0.0,0.034429305006953174,0.034429305006953174,0.06885861001390635,0.027961999999999997,0.006467305006953177,0.04089661001390635,overnight_abort,True
547520__936485,547520,936485,2025-07-31,2025-08-01,1,33.440003,34.440003,0.0,0.0,0.0,-0.029904303537293345,-0.029904303537293345,-0.05980860707458669,0.027961999999999997,-0.05786630353729334,-0.08777060707458668,overnight_abort,True
547520__936485,547520,936485,2025-08-18,2025-08-19,1,37.910004,37.619996,0.0,0.0,0.0,0.00764990686890986,0.00764990686890986,0.01529981373781972,0.027961999999999997,-0.02031209313109014,-0.012662186262180278,overnight_abort,True
547520__936485,547520,936485,2025-08-26,2025-09-08,13,38.190003,12.225001,36.483275324400005,12.1809862437,-0.6661213628603856,0.6798900225276233,0.013768659667237726,0.693658682194861,0.027961999999999997,-0.014193340332762271,0.665696682194861,convergence,False
547520__936485,547520,936485,2026-02-09,2026-02-12,3,14.560001,14.94,14.379635304,15.05777593,0.04715979311459729,-0.026098830625080296,0.021060962489516992,-0.0050378681355633045,0.027961999999999997,-0.006901037510483005,-0.0329998681355633,convergence,False
547520__936485,547520,936485,2026-02-18,2026-03-02,12,15.840001,13.48,15.064516121499999,13.6021343184,-0.09707459511513257,0.1489899527152808,0.05191535760014822,0.20090531031542902,0.027961999999999997,0.02395335760014822,0.17294331031542903,convergence,False
921505__916933,921505,916933,2024-04-26,2024-05-01,5,14.574601,14.61,14.577656567,14.88817577,0.021301037074980513,-0.002428814346272667,0.018872222728707845,0.01644340838243518,0.016598,0.0022742227287078434,-0.00015459161756482126,convergence,False
921505__916933,921505,916933,2024-05-09,2024-05-23,14,14.810001,13.95,14.7494130189,14.0567751694,-0.046960367074435405,0.05806893598454183,0.011108568910106427,0.06917750489464826,0.016598,-0.005489431089893575,0.05257950489464826,convergence,False
921505__916933,921505,916933,2024-08-05,2024-08-06,1,13.760001,13.73,0.0,0.0,0.0,0.002180305074105764,0.002180305074105764,0.004360610148211528,0.016598,-0.014417694925894238,-0.012237389851788474,overnight_abort,True
921505__916933,921505,916933,2024-09-05,2024-09-06,1,15.75,15.57,0.0,0.0,0.0,0.011428571428571411,0.011428571428571411,0.022857142857142822,0.016598,-0.00516942857142859,0.006259142857142821,overnight_abort,True
921505__916933,921505,916933,2024-09-12,2024-09-27,15,15.728,15.5,15.333545298399999,15.7424652506,0.0266683238769752,0.014496439471007106,0.04116476334798231,0.05566120281898941,0.016598,0.024566763347982308,0.03906320281898941,convergence,False
921505__916933,921505,916933,2024-10-16,2024-10-22,6,15.170001,14.58,14.706077093100001,14.56230358,-0.009776469427557857,0.03889261444346636,0.029116145015908503,0.06800875945937486,0.016598,0.012518145015908502,0.05141075945937486,convergence,False
921505__916933,921505,916933,2024-11-01,2024-11-07,6,14.83,14.4,14.62537933,14.642996280299998,0.0012045465558532622,0.028995279838165862,0.030199826394019125,0.059195106232184984,0.016598,0.013601826394019124,0.04259710623218498,convergence,False
921505__916933,921505,916933,2024-11-12,2024-11-15,3,14.12,13.69,13.566189741599999,13.6965878196,0.009611989842670556,0.030453257790368254,0.040065247633038814,0.07051850542340707,0.016598,0.023467247633038812,0.05392050542340707,convergence,False
921505__916933,921505,916933,2025-02-14,2025-02-20,6,13.0,13.41,12.942259555200001,13.3749865221,0.03343519460835846,-0.03153846153846155,0.0018967330698969123,-0.029641728468564638,0.016598,-0.01470126693010309,-0.04623972846856464,convergence,False
921505__916933,921505,916933,2025-03-18,2025-03-19,1,13.99,13.992,0.0,0.0,0.0,-0.00014295925661191337,-0.00014295925661191337,-0.00028591851322382674,0.016598,-0.016740959256611915,-0.01688391851322383,overnight_abort,True
921505__916933,921505,916933,2025-03-25,2025-03-27,2,14.130001,14.07,13.8142824069,14.05779360455,0.01762749526014971,0.004246354971949383,0.021873850232099094,0.026120205204048477,0.016598,0.005275850232099092,0.009522205204048475,convergence,False
921505__916933,921505,916933,2025-04-07,2025-04-08,1,13.9325,13.78,0.0,0.0,0.0,0.010945630719540633,0.010945630719540633,0.021891261439081267,0.016598,-0.005652369280459368,0.005293261439081265,overnight_abort,True
921505__916933,921505,916933,2025-04-09,2025-04-10,1,14.060001,14.28,0.0,0.0,0.0,-0.015647153936902254,-0.015647153936902254,-0.03129430787380451,0.016598,-0.032245153936902256,-0.04789230787380451,overnight_abort,True
921505__916933,921505,916933,2025-05-02,2025-05-07,1,15.4,14.952501,0.0,0.0,0.0,0.029058376623376656,0.029058376623376656,0.05811675324675331,0.016598,0.012460376623376655,0.04151875324675331,overnight_abort,True
921505__916933,921505,916933,2025-09-29,2025-10-10,11,14.810001,14.12,14.653686333,14.23846440975,-0.028335663382866534,0.046590206172167074,0.01825454278930054,0.06484474896146761,0.016598,0.0016565427893005386,0.048246748961467606,convergence,False
921505__916933,921505,916933,2025-11-11,2025-11-13,2,14.710001,15.29,15.0849539095,15.3074748736,0.014751186210775542,-0.03942888922985111,-0.02467770301907557,-0.06410659224892667,0.016598,-0.04127570301907557,-0.08070459224892668,convergence,False
921505__916933,921505,916933,2025-12-11,2025-12-12,1,15.25,14.9,0.0,0.0,0.0,0.022950819672131126,0.022950819672131126,0.04590163934426225,0.016598,0.006352819672131124,0.02930363934426225,overnight_abort,True
921505__916933,921505,916933,2025-12-29,2025-12-30,1,15.350001,15.047,0.0,0.0,0.0,0.01973947754140212,0.01973947754140212,0.03947895508280424,0.016598,0.0031414775414021177,0.022880955082804237,overnight_abort,True
921505__916933,921505,916933,2026-02-13,2026-02-17,1,17.779999,16.820008,0.0,0.0,0.0,0.05399274769363028,0.05399274769363028,0.10798549538726056,0.016598,0.03739474769363028,0.09138749538726056,overnight_abort,True
151426__315299,151426,315299,2024-11-21,2024-12-23,32,8.6700001,6.8800002,8.217930261176658,7.429623537813155,-0.0959252145382202,0.20645904029459006,0.11053382575636986,0.3169928660509599,0.027509,0.08302482575636985,0.2894838660509599,convergence,False
151426__315299,151426,315299,2025-01-16,2025-01-28,12,8.7399998,7.8500004,8.432411026368,8.410453649549998,-0.002603926296920409,0.10183059729589465,0.09922667099897424,0.2010572682948689,0.027509,0.07171767099897425,0.17354826829486888,convergence,False
151426__315299,151426,315299,2025-02-10,2025-02-20,10,9.1400004,8.7849999,8.466271485492,8.980060361689999,0.06068655807676851,0.038840315586856994,0.0995268736636255,0.1383671892504825,0.027509,0.0720178736636255,0.11085818925048249,convergence,False
151426__315299,151426,315299,2025-07-17,2025-07-18,1,11.600001,10.5,0.0,0.0,0.0,0.09482766423899451,0.09482766423899451,0.18965532847798902,0.027509,0.06731866423899452,0.16214632847798902,overnight_abort,True
151426__315299,151426,315299,2025-07-24,2025-07-25,1,11.65,10.520001,0.0,0.0,0.0,0.09699562231759654,0.09699562231759654,0.19399124463519307,0.027509,0.06948662231759653,0.16648224463519307,overnight_abort,True
151426__315299,151426,315299,2025-12-23,2026-01-02,10,12.880001,12.07,12.07671067007687,12.19544571722364,0.009831737332332184,0.06288827151488573,0.07272000884721791,0.13560828036210365,0.027509,0.04521100884721791,0.10809928036210364,convergence,False
151426__315299,151426,315299,2026-01-06,2026-01-09,3,12.880001,12.5,12.736070668020195,12.531348254075983,-0.01607422094934374,0.02950318093919403,0.01342895998985029,0.04293214092904432,0.027509,-0.01408004001014971,0.015423140929044322,convergence,False
151426__315299,151426,315299,2026-03-10,2026-03-11,1,13.95,13.0917,0.0,0.0,0.0,0.061526881720430096,0.061526881720430096,0.12305376344086019,0.027509,0.0340178817204301,0.09554476344086019,overnight_abort,True
151426__315299,151426,315299,2026-03-16,2026-03-18,2,14.15,14.260001,13.37122841152138,14.526545444465143,0.08640320824586897,-0.007773922261484131,0.07862928598438484,0.07085536372290072,0.027509,0.051120285984384846,0.04334636372290072,convergence,False
151426__315299,151426,315299,2026-03-23,2026-03-26,3,15.2499,13.720001,14.30669500898803,14.048616077412879,-0.01803903217430827,0.10032190375018854,0.08228287157588027,0.1826047753260688,0.027509,0.05477387157588027,0.1550957753260688,convergence,False
151427__997310,151427,997310,2024-06-06,2024-06-13,7,5.6499997,5.2849999,1.085516396844394,1.055023780720626,-0.02809042425559879,0.06460173794345521,0.036511313687856414,0.10111305163131162,0.037563,-0.0010516863121435849,0.06355005163131162,convergence,False
151427__997310,151427,997310,2024-09-12,2024-09-16,4,5.3465004,5.1499997,1.012924351414517,1.0317215888279998,0.01855739511764435,0.03675314416884728,0.05531053928649163,0.09206368345533891,0.037563,0.01774753928649163,0.054500683455338914,convergence,False
151427__997310,151427,997310,2024-10-16,2024-10-21,5,5.75,5.4700003,1.0908645723201214,1.0935007325,0.0024165787823430722,0.048695600000000054,0.05111217878234313,0.09980777878234318,0.037563,0.01354917878234313,0.06224477878234318,convergence,False
151427__997310,151427,997310,2024-10-25,2024-11-08,14,5.3000002,4.9499999,1.0216554419412094,1.0199750728389292,-0.0016447512862921697,0.0660377899608382,0.06439303867454603,0.13043082863538424,0.037563,0.02683003867454603,0.09286782863538424,convergence,False
151427__997310,151427,997310,2024-11-26,2024-12-02,6,5.08,4.8649998,0.9805119210854913,0.9933625896610173,0.013106080914650617,0.042322874015748115,0.05542895493039873,0.09775182894614684,0.037563,0.017865954930398734,0.06018882894614684,convergence,False
151427__997310,151427,997310,2024-12-10,2024-12-12,2,5.4499999,5.1499997,1.028978584,1.0328439362273683,0.003756494340574311,0.05504590926689733,0.05880240360747164,0.11384831287436897,0.037563,0.02123940360747164,0.07628531287436897,convergence,False
151427__997310,151427,997310,2025-02-04,2025-02-18,14,5.1499997,4.915,0.9554937655813648,0.9865332302722324,0.0324852613475524,0.045631012366855156,0.07811627371440755,0.1237472860812627,0.037563,0.04055327371440755,0.0861842860812627,convergence,False
151427__997310,151427,997310,2025-02-19,2025-02-21,1,5.3000002,4.9700003,0.0,0.0,0.0,0.06226412972588202,0.06226412972588202,0.12452825945176405,0.037563,0.024701129725882023,0.08696525945176405,overnight_abort,True
151427__997310,151427,997310,2025-02-26,2025-02-27,1,5.4300004,4.75,0.0,0.0,0.0,0.1252302670180282,0.1252302670180282,0.2504605340360564,0.037563,0.0876672670180282,0.21289753403605638,overnight_abort,True
151427__997310,151427,997310,2025-03-14,2025-03-18,1,5.4399996,5.0900002,0.0,0.0,0.0,0.06433812973074478,0.06433812973074478,0.12867625946148956,0.037563,0.02677512973074478,0.09111325946148956,overnight_abort,True
151427__997310,151427,997310,2025-05-27,2025-05-29,2,5.4899998,4.9799996,1.0040057790766201,1.0023144283137226,-0.0016846026169819773,0.09289621467745764,0.09121161206047566,0.1841078267379333,0.037563,0.053648612060475664,0.1465448267379333,convergence,False
151427__997310,151427,997310,2025-06-23,2025-06-25,1,5.6555005,5.2287999,0.0,0.0,0.0,0.07544877769880833,0.07544877769880833,0.15089755539761665,0.037563,0.037885777698808326,0.11333455539761665,overnight_abort,True
151427__997310,151427,997310,2025-09-05,2025-09-11,6,6.5950003,6.3000002,1.256271718196,1.2902813599961922,0.027071883659874126,0.04473086983786784,0.07180275349774196,0.11653362333560979,0.037563,0.03423975349774196,0.0789706233356098,convergence,False
151427__997310,151427,997310,2026-04-16,2026-04-23,7,8.2399998,8.0,1.5015994464310172,1.598519132413237,0.0645443005540375,0.02912619002733467,0.09367049058137217,0.12279668060870683,0.037563,0.05610749058137217,0.08523368060870683,convergence,False
151643__932197,151643,932197,2024-04-26,2024-04-30,1,88.940003,89.710007,0.0,0.0,0.0,-0.008657566607008099,-0.008657566607008099,-0.017315133214016197,0.009351,-0.0180085666070081,-0.026666133214016195,overnight_abort,True
151643__932197,151643,932197,2024-07-10,2024-07-11,1,102.23,100.34,0.0,0.0,0.0,0.018487723760148688,0.018487723760148688,0.036975447520297376,0.009351,0.009136723760148688,0.027624447520297378,overnight_abort,True
151643__932197,151643,932197,2024-08-05,2024-08-06,1,86.25,86.199997,0.0,0.0,0.0,0.0005797449275362759,0.0005797449275362759,0.0011594898550725517,0.009351,-0.008771255072463725,-0.008191510144927448,overnight_abort,True
151643__932197,151643,932197,2024-08-15,2024-08-16,1,97.429993,95.669999,0.0,0.0,0.0,0.018064190972486183,0.018064190972486183,0.036128381944972365,0.009351,0.008713190972486183,0.026777381944972367,overnight_abort,True
151643__932197,151643,932197,2025-02-26,2025-02-27,1,88.5,89.440003,0.0,0.0,0.0,-0.010621502824858806,-0.010621502824858806,-0.021243005649717612,0.009351,-0.019972502824858806,-0.030594005649717614,overnight_abort,True
151643__932197,151643,932197,2025-03-17,2025-03-18,1,97.800004,95.110001,0.0,0.0,0.0,0.027505142024329614,0.027505142024329614,0.05501028404865923,0.009351,0.018154142024329613,0.04565928404865923,overnight_abort,True
151643__932197,151643,932197,2025-04-07,2025-04-08,1,85.460007,84.160004,0.0,0.0,0.0,0.015211828849955556,0.015211828849955556,0.03042365769991111,0.009351,0.005860828849955556,0.02107265769991111,overnight_abort,True
151643__932197,151643,932197,2025-04-09,2025-04-10,1,92.919999,88.929993,0.0,0.0,0.0,0.042940228615370606,0.042940228615370606,0.08588045723074121,0.009351,0.03358922861537061,0.07652945723074121,overnight_abort,True
151643__932197,151643,932197,2025-09-29,2025-10-01,2,115.44001,113.59,56.9651492696,56.8048099206,-0.0028146919837101873,0.016025726262497705,0.013211034278787517,0.029236760541285222,0.009351,0.0038600342787875174,0.01988576054128522,convergence,False
151643__932197,151643,932197,2025-12-29,2026-01-06,8,128.7,13.08,12.6270690825,13.0522217103,0.033669937577931144,0.8983682983682983,0.9320382359462295,1.830406534314528,0.009351,0.9226872359462295,1.8210555343145278,convergence,False
696046__147535,696046,147535,2024-07-18,2024-07-31,13,22.25,22.130005,21.413726646465,22.318600058175,0.04225669948296352,0.005393033707865142,0.04764973319082866,0.053042766898693805,0.011699000000000001,0.03595073319082866,0.041343766898693804,convergence,False
696046__147535,696046,147535,2024-11-25,2024-11-27,2,22.839997,22.740006,22.818531601265,22.7967309528,-0.0009553922594997816,0.004377890242279772,0.0034224979827799907,0.0078003882250597635,0.011699000000000001,-0.00827650201722001,-0.0038986117749402376,convergence,False
696046__147535,696046,147535,2024-12-09,2024-12-12,3,23.160004,23.25,22.95517718766951,23.4233167314,0.02039363669046102,-0.0038858369799935825,0.01650779971046744,0.012621962730473855,0.011699000000000001,0.004808799710467437,0.0009229627304738544,convergence,False
696046__147535,696046,147535,2024-12-19,2024-12-30,11,23.419999,22.100007,22.62630770667,22.2920076308,-0.014774839987323807,0.0563617445073332,0.04158690452000939,0.0979486490273426,0.011699000000000001,0.02988790452000939,0.0862496490273426,convergence,False
696046__147535,696046,147535,2025-02-03,2025-02-18,15,21.990006,21.410004,21.80523722688929,21.312625990795002,-0.022591418335353865,0.026375709038005735,0.00378429070265187,0.030159999740657605,0.011699000000000001,-0.007914709297348131,0.018460999740657603,convergence,False
696046__147535,696046,147535,2025-02-28,2025-03-06,6,20.100007,19.75,19.578320246749083,19.713691605981893,0.0069143500324185285,0.01741327751776412,0.02432762755018265,0.04174090506794677,0.011699000000000001,0.01262862755018265,0.030041905067946767,convergence,False
696046__147535,696046,147535,2025-04-09,2025-04-16,7,17.660004,16.580002,16.350928674325,16.50538250904642,0.009446181180152169,0.061155252286466094,0.07060143346661826,0.13175668575308436,0.011699000000000001,0.05890243346661826,0.12005768575308436,convergence,False
696046__147535,696046,147535,2025-08-22,2025-08-26,4,17.339997,17.220002,17.48802912072168,17.454312782063013,-0.0019279667494787448,0.006920128071533081,0.0049921613220543365,0.011912289393587417,0.011699000000000001,-0.006706838677945665,0.00021328939358741632,convergence,False
696046__147535,696046,147535,2025-09-08,2025-09-10,2,16.789994,16.979996,17.04627939876013,17.405328905393223,0.021063218443973603,-0.011316382840875333,0.00974683560309827,-0.001569547237777063,0.011699000000000001,-0.0019521643969017313,-0.013268547237777064,convergence,False
696046__147535,696046,147535,2025-09-17,2025-09-19,2,17.679993,16.970002,17.465934312509802,17.48240497338,0.0009430163068001873,0.04015787789056244,0.041100894197362625,0.08125877208792506,0.011699000000000001,0.029401894197362624,0.06955977208792506,convergence,False
696046__147535,696046,147535,2025-10-21,2025-10-28,7,17.410004,16.89,17.41304724675,17.00251715006,-0.023576005444229275,0.029868114906808758,0.006292109462579482,0.03616022436938824,0.011699000000000001,-0.005406890537420519,0.02446122436938824,convergence,False
696046__147535,696046,147535,2025-11-21,2025-11-24,1,17.699997,17.270005,0.0,0.0,0.0,0.024293337450848076,0.024293337450848076,0.04858667490169615,0.011699000000000001,0.012594337450848075,0.03688767490169615,overnight_abort,True
696046__147535,696046,147535,2025-12-04,2025-12-08,4,18.289994,17.720002,17.96875709128,17.87196289994843,-0.005386805043880575,0.0311641436295714,0.025777338585690826,0.056941482215262226,0.011699000000000001,0.014078338585690825,0.045242482215262225,convergence,False
696046__147535,696046,147535,2025-12-17,2025-12-23,6,18.220002,18.570008,18.02209137526458,18.65356237747792,0.035038719373048775,-0.019209986914381263,0.015828732458667512,-0.0033812544557137517,0.011699000000000001,0.004129732458667511,-0.015080254455713753,convergence,False
696046__147535,696046,147535,2026-01-14,2026-01-16,1,19.350007,18.630005,0.0,0.0,0.0,0.03720939222399252,0.03720939222399252,0.07441878444798504,0.011699000000000001,0.02551039222399252,0.06271978444798504,overnight_abort,True
905168__922020,905168,922020,2024-04-26,2024-05-01,5,971.92994,967.64991,48.406311026,48.9238402042,0.010691357536458933,0.004403640451697589,0.015094997988156523,0.01949863843985411,0.013145,0.001949997988156522,0.00635363843985411,convergence,False
905168__922020,905168,922020,2024-06-27,2024-07-10,13,911.71998,469.65992,22.6974604941,23.081918419199997,0.01693836740898543,0.4848638504116143,0.5018022178205997,0.986666068232214,0.013145,0.48865721782059973,0.9735210682322141,convergence,False
905168__922020,905168,922020,2025-03-17,2025-03-18,1,395.0,387.0,0.0,0.0,0.0,0.020253164556962026,0.020253164556962026,0.04050632911392405,0.013145,0.007108164556962025,0.02736132911392405,overnight_abort,True
905168__922020,905168,922020,2025-04-07,2025-04-08,1,351.93995,341.25,0.0,0.0,0.0,0.030374357898272163,0.030374357898272163,0.060748715796544325,0.013145,0.017229357898272162,0.04760371579654432,overnight_abort,True
905168__922020,905168,922020,2025-04-09,2025-04-10,1,373.49,351.17994,0.0,0.0,0.0,0.05973402232991518,0.05973402232991518,0.11946804465983037,0.013145,0.046589022329915186,0.10632304465983036,overnight_abort,True
905168__922020,905168,922020,2025-09-29,2025-09-30,1,509.47999,496.49,0.0,0.0,0.0,0.025496565625668592,0.025496565625668592,0.050993131251337184,0.013145,0.012351565625668592,0.03784813125133718,overnight_abort,True
905168__922020,905168,922020,2025-10-06,2025-10-10,4,501.05005,477.25,24.3375794746,24.5675525286,0.009449298531927311,0.04750034452645998,0.05694964305838729,0.10444998758484728,0.013145,0.043804643058387285,0.09130498758484727,convergence,False
905168__922020,905168,922020,2025-10-17,2025-10-22,5,493.36011,487.0,24.6699835248,24.5345072742,-0.005491541997334931,0.012891415157176003,0.007399873159841072,0.020291288317017077,0.013145,-0.005745126840158928,0.007146288317017076,convergence,False
905168__922020,905168,922020,2026-01-09,2026-01-14,5,620.01001,634.0,31.4198635,31.8586306816,0.013964643150025123,-0.02256413569838983,-0.008599492548364708,-0.03116362824675454,0.013145,-0.02174449254836471,-0.044308628246754536,convergence,False
905168__922020,905168,922020,2026-02-02,2026-02-03,1,652.84009,660.0,0.0,0.0,0.0,-0.010967325857699651,-0.010967325857699651,-0.021934651715399302,0.013145,-0.02411232585769965,-0.0350796517153993,overnight_abort,True
905168__922020,905168,922020,2026-02-06,2026-02-10,4,676.19996,712.5,34.4099816856,35.592836034,0.03437532629943259,-0.0536824048318488,-0.019307078532416214,-0.07298948336426501,0.013145,-0.03245207853241622,-0.08613448336426502,convergence,False
905168__922020,905168,922020,2026-03-04,2026-03-05,1,745.0,742.0,0.0,0.0,0.0,0.004026845637583893,0.004026845637583893,0.008053691275167786,0.013145,-0.009118154362416107,-0.005091308724832214,overnight_abort,True
905168__922020,905168,922020,2026-03-09,2026-03-11,2,762.90992,747.05005,37.2793397796,37.5463984288,0.0071637172433547894,0.020788653528060037,0.027952370771414825,0.04874102429947486,0.013145,0.014807370771414825,0.035596024299474865,convergence,False
905168__922020,905168,922020,2026-03-23,2026-03-26,3,767.37012,795.68799,38.734677523799995,39.982477932,0.03221403889146393,-0.03690249237225965,-0.004688453480795718,-0.04159094585305537,0.013145,-0.01783345348079572,-0.05473594585305537,convergence,False
905168__922020,905168,922020,2026-03-31,2026-04-15,15,775.31006,745.29004,39.8287204425,37.122996882399995,-0.06793398156002045,0.038720018672271636,-0.029213962887748815,0.009506055784522821,0.013145,-0.04235896288774882,-0.0036389442154771794,convergence,False
512142__929143,512142,929143,2024-08-05,2024-08-07,1,78.240006,75.800004,0.0,0.0,0.0,0.03118611724032834,0.03118611724032834,0.06237223448065668,0.021276999999999997,0.009909117240328343,0.04109523448065668,overnight_abort,True
512142__929143,512142,929143,2024-12-19,2024-12-23,4,85.75,82.399994,8.2281110769,8.238699609,0.0012868727708023587,0.03906712536443141,0.04035399813523377,0.07942112349966518,0.021276999999999997,0.019076998135233773,0.05814412349966518,convergence,False
512142__929143,512142,929143,2025-03-18,2025-03-24,6,87.100007,77.960007,8.30615058,8.1948171825,-0.013403729733491182,0.10493684575708473,0.09153311602359354,0.19646996178067827,0.021276999999999997,0.07025611602359355,0.17519296178067828,convergence,False
512142__929143,512142,929143,2025-09-22,2025-09-26,4,88.800004,82.039994,8.256942330400001,8.3141027013,0.006922704387742682,0.07612623530962913,0.08304893969737182,0.15917517500700093,0.021276999999999997,0.06177193969737182,0.13789817500700094,convergence,False
512142__929143,512142,929143,2026-01-29,2026-02-02,4,96.0,100.0,9.7431756344,10.02120555335,0.028535862370002545,-0.041666666666666664,-0.01313080429666412,-0.054797470963330784,0.021276999999999997,-0.03440780429666412,-0.07607447096333078,convergence,False
512142__929143,512142,929143,2026-02-09,2026-02-10,1,107.7,104.60001,0.0,0.0,0.0,0.028783565459610076,0.028783565459610076,0.05756713091922015,0.021276999999999997,0.007506565459610079,0.036290130919220155,overnight_abort,True
512142__929143,512142,929143,2026-02-12,2026-02-13,1,111.15,99.720002,0.0,0.0,0.0,0.10283399010346389,0.10283399010346389,0.20566798020692778,0.021276999999999997,0.0815569901034639,0.1843909802069278,overnight_abort,True
512142__929143,512142,929143,2026-03-26,2026-03-30,4,96.600007,89.729996,9.12209571,9.0029733114,-0.013058665726277506,0.07111812114050887,0.05805945541423137,0.12917757655474024,0.021276999999999997,0.03678245541423137,0.10790057655474025,convergence,False
512142__929143,512142,929143,2026-04-02,2026-04-06,1,99.289994,96.479996,0.0,0.0,0.0,0.028300918217398555,0.028300918217398555,0.05660183643479711,0.021276999999999997,0.007023918217398558,0.03532483643479711,overnight_abort,True
151663__929587,151663,929587,2024-08-06,2024-08-07,1,44.940003,44.800004,0.0,0.0,0.0,0.003115242337656186,0.003115242337656186,0.006230484675312372,0.00856,-0.005444757662343814,-0.0023295153246876282,overnight_abort,True
151663__929587,151663,929587,2024-08-08,2024-08-14,6,45.479996,44.899994,22.11399908533402,22.511774993917907,0.01798751582872647,0.01275290349629759,0.030740419325024058,0.04349332282132165,0.00856,0.022180419325024056,0.03493332282132165,convergence,False
151663__929587,151663,929587,2024-08-15,2024-08-20,5,45.940995,46.800004,23.130118386856427,23.599292067468312,0.020284101999170495,-0.018698093064810642,0.0015860089343598532,-0.01711208413045079,0.00856,-0.006973991065640147,-0.025672084130450787,convergence,False
151663__929587,151663,929587,2024-11-12,2024-11-15,3,53.688004,53.940003,26.43631477005,27.086208776907025,0.024583381326405494,-0.004693767345122345,0.01988961398128315,0.015195846636160804,0.00856,0.011329613981283149,0.006635846636160804,convergence,False
151663__929587,151663,929587,2025-01-15,2025-01-16,1,53.994996,54.210007,0.0,0.0,0.0,-0.003982054188873298,-0.003982054188873298,-0.007964108377746595,0.00856,-0.012542054188873298,-0.016524108377746594,overnight_abort,True
151663__929587,151663,929587,2025-02-28,2025-03-03,1,57.039994,56.710007,0.0,0.0,0.0,0.0057851864430421,0.0057851864430421,0.0115703728860842,0.00856,-0.0027748135569579,0.0030103728860842,overnight_abort,True
151663__929587,151663,929587,2025-03-05,2025-03-06,1,57.895005,57.440003,0.0,0.0,0.0,0.007859089052673894,0.007859089052673894,0.01571817810534779,0.00856,-0.0007009109473261055,0.007158178105347789,overnight_abort,True
151663__929587,151663,929587,2025-04-07,2025-04-08,1,49.819504,47.024994,0.0,0.0,0.0,0.05609269012393223,0.05609269012393223,0.11218538024786447,0.00856,0.047532690123932235,0.10362538024786447,overnight_abort,True
151663__929587,151663,929587,2025-04-09,2025-04-10,1,48.460007,49.5,0.0,0.0,0.0,-0.02146085121283624,-0.02146085121283624,-0.04292170242567248,0.00856,-0.030020851212836243,-0.05148170242567248,overnight_abort,True
151663__929587,151663,929587,2025-04-11,2025-04-15,4,50.300004,51.360001,25.020908268580083,25.71667612756186,0.027807458127149052,-0.02107349733013929,0.006733960797009761,-0.01433953653312953,0.00856,-0.001826039202990239,-0.02289953653312953,convergence,False
151663__929587,151663,929587,2025-04-28,2025-05-05,7,54.690003,54.380005,26.25705935454716,27.118380272868176,0.032803403712908706,0.005668275425035179,0.03847167913794389,0.04413995456297906,0.00856,0.02991167913794389,0.03557995456297906,convergence,False
151663__929587,151663,929587,2025-08-15,2025-08-18,1,56.75,54.199997,0.0,0.0,0.0,0.04493397356828188,0.04493397356828188,0.08986794713656376,0.00856,0.036373973568281884,0.08130794713656377,overnight_abort,True
151663__929587,151663,929587,2025-12-11,2025-12-12,1,53.509995,53.5,0.0,0.0,0.0,0.00018678753380566617,0.00018678753380566617,0.00037357506761133235,0.00856,-0.008373212466194335,-0.008186424932388667,overnight_abort,True
151663__929587,151663,929587,2026-03-09,2026-03-10,1,56.039994,56.848008,0.0,0.0,0.0,-0.014418524027679232,-0.014418524027679232,-0.028837048055358465,0.00856,-0.022978524027679234,-0.03739704805535846,overnight_abort,True
151663__929587,151663,929587,2026-04-13,2026-04-16,3,59.199997,58.729996,29.570210439651344,29.476010561343262,-0.003185634356587712,0.007939206483405792,0.00475357212681808,0.012692778610223871,0.00856,-0.0038064278731819202,0.004132778610223872,convergence,False
151663__929587,151663,929587,2026-04-24,2026-04-27,1,57.419999,56.029999,0.0,0.0,0.0,0.02420759359469861,0.02420759359469861,0.04841518718939722,0.00856,0.01564759359469861,0.03985518718939722,overnight_abort,True
151293__937357,151293,937357,2024-06-11,2024-08-05,55,2.3599997,2.125,0.46866894860283714,0.4339425363930716,-0.0740958245970625,0.0995761567257826,0.0254803321287201,0.1250564888545027,0.025897,-0.00041666787127990143,0.09915948885450271,convergence,False
151293__937357,151293,937357,2024-11-07,2024-11-12,5,2.8599997,2.7650004,0.5672244315677677,0.5618338467653899,-0.009503442557081966,0.033216541945791114,0.02371309938870915,0.056929641334500264,0.025897,-0.0021839006112908503,0.031032641334500264,convergence,False
151293__937357,151293,937357,2024-12-27,2024-12-30,1,2.9399996,2.8400002,0.0,0.0,0.0,0.03401340598821856,0.03401340598821856,0.06802681197643712,0.025897,0.00811640598821856,0.042129811976437115,overnight_abort,True
151293__937357,151293,937357,2025-01-22,2025-01-23,1,2.79,2.7201005,0.0,0.0,0.0,0.02505358422939068,0.02505358422939068,0.05010716845878136,0.025897,-0.0008434157706093195,0.02421016845878136,overnight_abort,True
151293__937357,151293,937357,2025-02-10,2025-02-13,3,2.8000002,2.7700005,0.5518515947275149,0.5610980733782268,0.016755371804764867,0.010714177806130104,0.02746954961089497,0.038183727417025075,0.025897,0.0015725496108949695,0.012286727417025075,convergence,False
151293__937357,151293,937357,2025-03-27,2025-04-02,6,3.29,3.0500002,0.6621026363609122,0.6219360990078378,-0.0606651222140424,0.07294826747720368,0.01228314526316128,0.08523141274036496,0.025897,-0.01361385473683872,0.05933441274036495,convergence,False
151293__937357,151293,937357,2025-04-07,2025-04-08,1,2.9300004,2.8050004,0.0,0.0,0.0,0.042662110216776766,0.042662110216776766,0.08532422043355353,0.025897,0.016765110216776766,0.05942722043355353,overnight_abort,True
151293__937357,151293,937357,2025-05-14,2025-06-24,41,3.6700001,3.6800004,0.6994440357243301,0.7401274142792642,0.05816530912698856,-0.002724877309948776,0.05544043181703978,0.052715554507091006,0.025897,0.02954343181703978,0.026818554507091006,convergence,False
151293__937357,151293,937357,2025-09-09,2025-09-10,1,4.4300004,4.2749997,0.0,0.0,0.0,0.03498886817256259,0.03498886817256259,0.06997773634512518,0.025897,0.009091868172562589,0.044080736345125174,overnight_abort,True
151293__937357,151293,937357,2025-12-04,2025-12-08,4,4.1599999,3.9300004,0.780999133792,0.7801303813223072,-0.001112360349844177,0.055288342675200525,0.05417598232535635,0.10946432500055688,0.025897,0.02827898232535635,0.08356732500055687,convergence,False
151293__937357,151293,937357,2025-12-11,2025-12-12,1,3.8500004,3.6999999,0.0,0.0,0.0,0.038961164783255606,0.038961164783255606,0.07792232956651121,0.025897,0.013064164783255606,0.05202532956651121,overnight_abort,True
151293__937357,151293,937357,2025-12-16,2025-12-19,3,3.9799996,3.797,0.754387201913429,0.7543629746628417,-3.2115139978264345e-05,0.045979803616060674,0.04594768847608241,0.09192749209214308,0.025897,0.02005068847608241,0.06603049209214308,convergence,False
29057L__140891,29057L,140891,2024-05-16,2024-05-23,7,40.14,38.0,39.339997,38.449997,-0.022623285914332773,0.053313403089187854,0.03069011717485508,0.08400352026404294,0.017733,0.012957117174855082,0.06627052026404294,convergence,False
29057L__140891,29057L,140891,2024-06-24,2024-06-26,2,37.479996,36.0,36.119996,36.199997,0.002214867354913408,0.03948762427829501,0.04170249163320842,0.08119011591150344,0.017733,0.02396949163320842,0.06345711591150344,convergence,False
29057L__140891,29057L,140891,2024-07-22,2024-07-23,1,36.179993,36.0,0.0,0.0,0.0,0.004974931863585578,0.004974931863585578,0.009949863727171156,0.017733,-0.01275806813641442,-0.007783136272828842,overnight_abort,True
29057L__140891,29057L,140891,2024-08-22,2024-08-27,5,37.399994,36.570008,36.649994,36.550004,-0.0027282405557828536,0.022192142597669884,0.01946390204188703,0.04165604463955691,0.017733,0.0017309020418870315,0.023923044639556912,convergence,False
29057L__140891,29057L,140891,2024-10-25,2024-10-29,4,37.600007,36.529999,37.149994,36.619996,-0.014266435682331446,0.02845765427650057,0.014191218594169126,0.04264887287066969,0.017733,-0.003541781405830873,0.024915872870669695,convergence,False
29057L__140891,29057L,140891,2024-12-11,2024-12-12,1,44.130005,44.160004,0.0,0.0,0.0,-0.000679786915954432,-0.000679786915954432,-0.001359573831908864,0.017733,-0.01841278691595443,-0.019092573831908863,overnight_abort,True
29057L__140891,29057L,140891,2025-02-12,2025-02-18,6,39.529999,40.914994,39.5,40.979996,0.03746825316455696,-0.03503655540188614,0.002431697762670819,-0.03260485763921532,0.017733,-0.01530130223732918,-0.05033785763921532,convergence,False
29057L__140891,29057L,140891,2025-03-20,2025-03-24,4,44.130005,42.942505,42.240006,42.979996,0.017518700163063394,0.026909129060828343,0.04442782922389174,0.07133695828472009,0.017733,0.02669482922389174,0.05360395828472009,convergence,False
29057L__140891,29057L,140891,2025-04-09,2025-04-10,1,37.470994,39.707001,0.0,0.0,0.0,-0.059673010008755065,-0.059673010008755065,-0.11934602001751013,0.017733,-0.07740601000875506,-0.13707902001751013,overnight_abort,True
29057L__140891,29057L,140891,2025-06-02,2025-06-03,1,44.100007,44.419999,0.0,0.0,0.0,-0.007256053270014201,-0.007256053270014201,-0.014512106540028403,0.017733,-0.0249890532700142,-0.0322451065400284,overnight_abort,True
29057L__140891,29057L,140891,2025-07-14,2025-07-15,1,50.119996,51.089997,0.0,0.0,0.0,-0.019353572973150206,-0.019353572973150206,-0.03870714594630041,0.017733,-0.037086572973150204,-0.05644014594630041,overnight_abort,True
29057L__140891,29057L,140891,2025-07-17,2025-07-18,1,53.488007,53.570008,0.0,0.0,0.0,-0.0015330726381335954,-0.0015330726381335954,-0.0030661452762671907,0.017733,-0.019266072638133593,-0.020799145276267188,overnight_abort,True
29057L__140891,29057L,140891,2025-07-28,2025-07-29,1,56.25,56.322007,0.0,0.0,0.0,-0.0012801244444444315,-0.0012801244444444315,-0.002560248888888863,0.017733,-0.019013124444444432,-0.02029324888888886,overnight_abort,True
29057L__140891,29057L,140891,2025-08-21,2025-08-25,4,58.020005,56.804993,57.589997,57.089997,-0.008682063310404409,0.020941259829260518,0.012259196518856109,0.03320045634811663,0.017733,-0.00547380348114389,0.01546745634811663,convergence,False
29057L__140891,29057L,140891,2025-10-30,2025-11-03,4,60.509995,60.350007,58.75,60.75,0.03404255319148936,0.0026439929469504264,0.03668654613843979,0.03933053908539021,0.017733,0.01895354613843979,0.021597539085390215,convergence,False
29057L__140891,29057L,140891,2025-11-21,2025-11-24,1,62.75,66.919999,0.0,0.0,0.0,-0.06645416733067736,-0.06645416733067736,-0.1329083346613547,0.017733,-0.08418716733067735,-0.1506413346613547,overnight_abort,True
29057L__140891,29057L,140891,2025-12-24,2025-12-30,6,68.935196,68.529999,66.649994,68.869996,0.033308360087774255,0.005877940783689091,0.039186300871463346,0.04506424165515244,0.017733,0.021453300871463347,0.02733124165515244,convergence,False
29057L__140891,29057L,140891,2026-03-10,2026-03-12,2,81.475007,75.770005,74.660004,76.309998,0.022100105968384257,0.07002149751272813,0.09212160348111238,0.1621431009938405,0.017733,0.07438860348111238,0.1444101009938405,convergence,False
29057L__140891,29057L,140891,2026-03-19,2026-03-24,5,76.690003,75.229996,73.710007,75.220002,0.020485617373499763,0.01903777471491303,0.039523392088412795,0.05856116680332582,0.017733,0.021790392088412797,0.04082816680332582,convergence,False
30913C__755998,30913C,755998,2024-07-02,2024-07-09,7,6.1599999,4.6000004,2.13208762802,2.137015386768956,0.002311236500880717,0.25324667618906943,0.25555791268995015,0.5088045888790196,0.108071,0.14748691268995015,0.40073358887901955,convergence,False
30913C__755998,30913C,755998,2024-07-12,2024-07-17,5,5.9899998,4.6000004,2.1706090868599914,2.161466756064,-0.004211873455858681,0.23205332995169714,0.22784145649583845,0.4598947864475356,0.108071,0.11977045649583845,0.35182378644753565,convergence,False
30913C__755998,30913C,755998,2024-07-24,2024-07-26,2,5.9499999,4.9399996,2.1745658511262045,2.177133730329447,0.0011808698282982505,0.16974795243273866,0.1709288222610369,0.34067677469377555,0.108071,0.0628578222610369,0.23260577469377555,convergence,False
30913C__755998,30913C,755998,2024-11-26,2024-12-03,7,5.6300002,4.6817999,2.291502654788471,2.277404992383632,-0.006152147533139282,0.1684192302515371,0.16226708271839782,0.3306863129699349,0.108071,0.05419608271839782,0.2226153129699349,convergence,False
30913C__755998,30913C,755998,2024-12-04,2024-12-31,27,6.2200003,4.7200003,2.3083007250931056,2.2900590592000003,-0.007902638375842253,0.24115754463870365,0.23325490626286138,0.47441245090156503,0.108071,0.12518390626286138,0.366341450901565,convergence,False
30913C__755998,30913C,755998,2025-12-16,2026-01-08,23,5.4189997,4.7700005,2.519261525758474,2.6190771697218462,0.039620993272352266,0.11976365305943819,0.15938464633179045,0.27914829939122865,0.108071,0.05131364633179045,0.17107729939122865,convergence,False
30913C__755998,30913C,755998,2026-02-09,2026-04-07,57,6.5249997,5.8999997,3.0584936136,2.768543647848,-0.09480155997799013,0.09578544501695532,0.000983885038965196,0.09676933005592052,0.108071,-0.1070871149610348,-0.011301669944079482,convergence,False
32601M__257189,32601M,257189,2025-03-07,2025-06-06,91,0.89319999,0.80057502,0.1934105564999198,0.18805441037992845,-0.02769314259221201,0.10370014670510691,0.0760070041128949,0.17970715081800182,0.077704,-0.0016969958871050905,0.10200315081800182,force_close,False
32601M__257189,32601M,257189,2026-03-09,2026-03-25,16,0.63010002,0.46749998,0.14088082857939324,0.13997477480156795,-0.006431349012933215,0.2580543323899593,0.25162298337702604,0.5096773157669854,0.077704,0.17391898337702605,0.4319733157669854,convergence,False
32601M__257189,32601M,257189,2026-03-27,2026-03-31,1,0.62699998,0.58920002,0.0,0.0,0.0,0.06028701946689052,0.06028701946689052,0.12057403893378103,0.077704,-0.01741698053310948,0.04287003893378104,overnight_abort,True
53401V__932034,53401V,932034,2024-04-26,2024-04-30,1,94.149994,94.460007,0.0,0.0,0.0,-0.0032927564498835536,-0.0032927564498835536,-0.006585512899767107,0.02609,-0.029382756449883553,-0.032675512899767105,overnight_abort,True
53401V__932034,53401V,932034,2024-05-10,2024-05-16,6,99.279999,95.070008,97.72101017600001,95.759058528,-0.020077070882366498,0.042405228066128425,0.022328157183761927,0.06473338524989035,0.02609,-0.0037618428162380715,0.03864338524989035,convergence,False
53401V__932034,53401V,932034,2024-07-05,2024-07-09,4,89.929993,84.009995,86.42665689,84.45684196250001,-0.022791751970773193,0.0658289609785691,0.04303720900779591,0.10886616998636502,0.02609,0.01694720900779591,0.08277616998636501,convergence,False
53401V__932034,53401V,932034,2024-08-05,2024-08-06,1,69.309998,70.914994,0.0,0.0,0.0,-0.023156774582506843,-0.023156774582506843,-0.046313549165013686,0.02609,-0.04924677458250684,-0.07240354916501368,overnight_abort,True
53401V__932034,53401V,932034,2024-10-02,2024-10-07,5,80.100007,78.725007,77.82617547,78.820393952,0.012774859820565818,0.01716604094678793,0.02994090076735375,0.047106941714141676,0.02609,0.003850900767353751,0.021016941714141677,convergence,False
53401V__932034,53401V,932034,2024-12-24,2024-12-27,3,77.690003,81.850007,80.430311146,81.984344906,0.01932149382313183,-0.053546194353989156,-0.03422470053085733,-0.08777089488484649,0.02609,-0.06031470053085733,-0.11386089488484649,convergence,False
53401V__932034,53401V,932034,2025-03-13,2025-03-18,5,86.990006,90.25,85.107814825,90.77509901500001,0.06658946891837325,-0.037475500346557125,0.029113968571816126,-0.008361531774740999,0.02609,0.0030239685718161276,-0.034451531774741,convergence,False
53401V__932034,53401V,932034,2025-04-07,2025-04-08,1,78.119996,74.990006,0.0,0.0,0.0,0.04006643830345315,0.04006643830345315,0.0801328766069063,0.02609,0.013976438303453149,0.05404287660690629,overnight_abort,True
53401V__932034,53401V,932034,2025-04-09,2025-04-10,1,80.582398,79.210007,0.0,0.0,0.0,0.01703090295227989,0.01703090295227989,0.03406180590455978,0.02609,-0.009059097047720108,0.007971805904559783,overnight_abort,True
53401V__932034,53401V,932034,2025-04-17,2025-04-21,1,91.600007,90.0,0.0,0.0,0.0,0.017467323992671802,0.017467323992671802,0.034934647985343605,0.02609,-0.008622676007328196,0.008844647985343606,overnight_abort,True
53401V__932034,53401V,932034,2025-04-25,2025-05-02,7,117.65,114.92,114.24849488250001,114.759744747,0.004474893651997668,0.023204419889502795,0.027679313541500463,0.05088373343100326,0.02609,0.0015893135415004644,0.024793733431003263,convergence,False
53401V__932034,53401V,932034,2025-05-19,2025-05-20,1,126.10001,125.06,0.0,0.0,0.0,0.008247501328508976,0.008247501328508976,0.016495002657017952,0.02609,-0.01784249867149102,-0.009594997342982046,overnight_abort,True
53401V__932034,53401V,932034,2025-09-29,2025-09-30,1,115.7484,110.97001,0.0,0.0,0.0,0.04128255768546262,0.04128255768546262,0.08256511537092524,0.02609,0.015192557685462623,0.05647511537092524,overnight_abort,True
53401V__932034,53401V,932034,2025-10-24,2025-10-27,1,113.45,108.00541,0.0,0.0,0.0,0.04799109739973561,0.04799109739973561,0.09598219479947122,0.02609,0.02190109739973561,0.06989219479947122,overnight_abort,True
53401V__932034,53401V,932034,2026-01-14,2026-01-15,1,117.71001,119.89,0.0,0.0,0.0,-0.01852000522300528,-0.01852000522300528,-0.03704001044601056,0.02609,-0.044610005223005275,-0.06313001044601056,overnight_abort,True
53401V__932034,53401V,932034,2026-01-16,2026-01-20,1,128.95,121.19501,0.0,0.0,0.0,0.060139511438542015,0.060139511438542015,0.12027902287708403,0.02609,0.03404951143854201,0.09418902287708403,overnight_abort,True
53401V__932034,53401V,932034,2026-01-22,2026-01-23,1,127.0,125.2425,0.0,0.0,0.0,0.0138385826771653,0.0138385826771653,0.0276771653543306,0.02609,-0.012251417322834699,0.001587165354330601,overnight_abort,True
53401V__932034,53401V,932034,2026-02-06,2026-02-10,4,128.29,123.21401,126.631811796,127.40875064400001,0.006135416029991259,0.03956652895782984,0.0457019449878211,0.08526847394565094,0.02609,0.0196119449878211,0.05917847394565094,convergence,False
54184D__31722D,54184D,31722D,2024-07-10,2024-08-07,28,29.600007,27.949997,5.645124377105632,5.7145778511932255,0.012303267288364615,0.055743567898480624,0.06804683518684523,0.12379040308532586,0.025723000000000003,0.04232383518684523,0.09806740308532585,convergence,False
54184D__31722D,54184D,31722D,2024-09-24,2024-09-25,1,33.830002,33.0,0.0,0.0,0.0,0.024534494559001217,0.024534494559001217,0.049068989118002435,0.025723000000000003,-0.0011885054409987855,0.023345989118002432,overnight_abort,True
54184D__31722D,54184D,31722D,2024-10-01,2024-10-02,1,33.350495,30.024994,0.0,0.0,0.0,0.09971369240546513,0.09971369240546513,0.19942738481093025,0.025723000000000003,0.07399069240546513,0.17370438481093026,overnight_abort,True
54184D__31722D,54184D,31722D,2024-10-04,2024-10-21,17,31.330002,26.503205,5.709893508936435,5.49323850127412,-0.03794379130245306,0.15406309262284756,0.1161193013203945,0.27018239394324206,0.025723000000000003,0.0903963013203945,0.24445939394324206,convergence,False
54184D__31722D,54184D,31722D,2024-12-10,2024-12-17,7,27.300004,25.375,5.2080938868,5.0913710613,-0.022411812850731443,0.07051295670139833,0.04810114385066688,0.11861410055206521,0.025723000000000003,0.02237814385066688,0.0928911005520652,convergence,False
54184D__31722D,54184D,31722D,2025-04-10,2025-04-17,7,24.100007,23.229996,4.572188180362575,4.647194502430648,0.016404907039964566,0.03610003100828982,0.05250493804825439,0.0886049690565442,0.025723000000000003,0.026781938048254385,0.0628819690565442,convergence,False
54184D__31722D,54184D,31722D,2025-09-22,2025-11-06,45,31.649903,26.830002,5.906450410400001,5.398360184998591,-0.08602293934556211,0.15228801807070302,0.06626507872514091,0.21855309679584395,0.025723000000000003,0.04054207872514091,0.19283009679584395,convergence,False
54184D__31722D,54184D,31722D,2026-02-24,2026-02-26,1,38.740006,35.550004,0.0,0.0,0.0,0.08234386953889475,0.08234386953889475,0.1646877390777895,0.025723000000000003,0.056620869538894746,0.1389647390777895,overnight_abort,True
54190K__315775,54190K,315775,2024-04-19,2024-04-23,4,7.54,7.4600001,1.480413272101823,1.506129929478119,0.017371269132020535,0.01061006631299732,0.027981335445017855,0.038591401758015176,0.033312999999999995,-0.00533166455498214,0.00527840175801518,convergence,False
54190K__315775,54190K,315775,2024-04-25,2024-04-26,1,8.1800004,9.0349999,0.0,0.0,0.0,-0.10452316114801166,-0.10452316114801166,-0.20904632229602332,0.033312999999999995,-0.13783616114801167,-0.2423593222960233,overnight_abort,True
54190K__315775,54190K,315775,2024-05-30,2024-06-03,4,9.4899998,8.9899998,1.836587315336,1.8312840788479998,-0.0028875493387745155,0.05268704009877851,0.04979949076000399,0.10248653085878251,0.033312999999999995,0.016486490760003997,0.06917353085878251,convergence,False
54190K__315775,54190K,315775,2024-08-16,2024-08-20,4,8.7299996,8.3699999,1.6460165836260001,1.6974181375057313,0.031227846906924258,0.041237080927243056,0.07246492783416732,0.11370200876141037,0.033312999999999995,0.03915192783416732,0.08038900876141038,convergence,False
54190K__315775,54190K,315775,2024-09-11,2024-09-12,1,8.6467,8.4799996,0.0,0.0,0.0,0.01927907756716434,0.01927907756716434,0.03855815513432868,0.033312999999999995,-0.014033922432835657,0.0052451551343286815,overnight_abort,True
54190K__315775,54190K,315775,2024-09-24,2024-09-30,6,9.4875002,9.2200003,1.834355631276,1.9092343125185949,0.0408201550265955,0.028194982277839523,0.06901513730443502,0.09721011958227455,0.033312999999999995,0.03570213730443503,0.06389711958227455,convergence,False
54190K__315775,54190K,315775,2024-10-04,2024-10-07,1,9.3599997,9.0,0.0,0.0,0.0,0.03846150764299699,0.03846150764299699,0.07692301528599398,0.033312999999999995,0.0051485076429969925,0.04361001528599398,overnight_abort,True
54190K__315775,54190K,315775,2024-12-02,2024-12-04,2,11.54,11.2,2.2639806683608645,2.2763333198584674,0.005456164741259159,0.029462738301559783,0.034918903042818944,0.06438164134437872,0.033312999999999995,0.0016059030428189486,0.031068641344378728,convergence,False
54190K__315775,54190K,315775,2024-12-09,2024-12-16,7,11.8785,11.4,2.2561797838324575,2.3076481970382825,0.022812195009742613,0.04028286399797957,0.06309505900772218,0.10337792300570176,0.033312999999999995,0.029782059007722184,0.07006492300570176,convergence,False
54190K__315775,54190K,315775,2025-01-06,2025-01-15,9,11.340001,9.7299996,2.1422561092110817,1.9519586251199998,-0.08883040793902171,0.1419754195788873,0.05314501163986558,0.1951204312187529,0.033312999999999995,0.019832011639865588,0.1618074312187529,convergence,False
54190K__315775,54190K,315775,2025-01-28,2025-02-03,1,11.4,10.99,0.0,0.0,0.0,0.03596491228070177,0.03596491228070177,0.07192982456140354,0.033312999999999995,0.0026519122807017736,0.03861682456140354,overnight_abort,True
54190K__315775,54190K,315775,2025-05-19,2025-05-20,1,8.1827002,7.6199999,0.0,0.0,0.0,0.06876706786837913,0.06876706786837913,0.13753413573675827,0.033312999999999995,0.03545406786837914,0.10422113573675827,overnight_abort,True
54190K__315775,54190K,315775,2025-05-22,2025-05-23,1,7.9200001,7.3999997,0.0,0.0,0.0,0.06565661533261846,0.06565661533261846,0.13131323066523692,0.033312999999999995,0.03234361533261847,0.09800023066523693,overnight_abort,True
54190K__315775,54190K,315775,2025-06-05,2025-06-06,1,7.1899996,6.8000002,0.0,0.0,0.0,0.05424192235003737,0.05424192235003737,0.10848384470007474,0.033312999999999995,0.020928922350037377,0.07517084470007475,overnight_abort,True
54190K__315775,54190K,315775,2025-06-24,2025-06-25,1,7.6899996,7.0500002,0.0,0.0,0.0,0.0832248937958332,0.0832248937958332,0.1664497875916664,0.033312999999999995,0.049911893795833204,0.13313678759166642,overnight_abort,True
54190K__315775,54190K,315775,2025-09-08,2025-09-10,1,8.9600001,8.3199997,0.0,0.0,0.0,0.07142861527423419,0.07142861527423419,0.14285723054846838,0.033312999999999995,0.038115615274234196,0.10954423054846839,overnight_abort,True
54190K__315775,54190K,315775,2025-10-16,2025-10-22,6,8.9799996,8.5229998,1.678703273344,1.75242201252,0.04391409747426738,0.050890848592020005,0.0948049460662874,0.1456957946583074,0.033312999999999995,0.0614919460662874,0.1123827946583074,convergence,False
54190K__315775,54190K,315775,2025-11-19,2025-11-21,2,10.600001,10.148,2.0645587052302914,2.0276130828239998,-0.017895166803779755,0.04264159975079257,0.024746432947012814,0.06738803269780538,0.033312999999999995,-0.008566567052987181,0.03407503269780539,convergence,False
54190K__315775,54190K,315775,2025-11-24,2025-11-28,4,11.010001,10.300001,2.116130954115802,2.112806930500596,-0.0015708024159567175,0.06448682429729123,0.06291602188133451,0.12740284617862574,0.033312999999999995,0.029603021881334513,0.09408984617862574,convergence,False
54190K__315775,54190K,315775,2025-12-10,2025-12-11,1,11.100001,10.850001,0.0,0.0,0.0,0.022522520493466622,0.022522520493466622,0.045045040986933245,0.033312999999999995,-0.010790479506533373,0.01173204098693325,overnight_abort,True
54190K__315775,54190K,315775,2026-01-02,2026-01-05,1,10.8447,9.8100005,0.0,0.0,0.0,0.09541061532361433,0.09541061532361433,0.19082123064722867,0.033312999999999995,0.06209761532361434,0.1575082306472287,overnight_abort,True
54186D__29730F,54186D,29730F,2024-06-27,2024-07-02,5,14.86,15.300001,14.7151161297,15.4155819249,0.0476017850641509,-0.029609757738896403,0.017992027325254498,-0.011617730413641905,0.020454,-0.0024619726747455023,-0.032071730413641905,convergence,False
54186D__29730F,54186D,29730F,2024-08-05,2024-08-06,1,13.130001,13.57,0.0,0.0,0.0,-0.03351096469832716,-0.03351096469832716,-0.06702192939665431,0.020454,-0.05396496469832716,-0.08747592939665431,overnight_abort,True
54186D__29730F,54186D,29730F,2024-08-08,2024-08-14,6,14.49,14.4,13.9671271424,14.5014582841,0.03825633834734205,0.0062111801242235925,0.044467518471565645,0.05067869859578924,0.020454,0.024013518471565645,0.03022469859578924,convergence,False
54186D__29730F,54186D,29730F,2025-01-15,2025-01-16,1,12.95,12.680001,0.0,0.0,0.0,0.020849343629343518,0.020849343629343518,0.041698687258687035,0.020454,0.00039534362934351766,0.021244687258687035,overnight_abort,True
54186D__29730F,54186D,29730F,2025-02-13,2025-02-14,1,12.960001,12.36,0.0,0.0,0.0,0.04629636988453941,0.04629636988453941,0.09259273976907882,0.020454,0.02584236988453941,0.07213873976907882,overnight_abort,True
54186D__29730F,54186D,29730F,2025-04-07,2025-04-08,1,12.03,11.710001,0.0,0.0,0.0,0.026600083125519473,0.026600083125519473,0.05320016625103895,0.020454,0.006146083125519473,0.03274616625103895,overnight_abort,True
54186D__29730F,54186D,29730F,2025-04-09,2025-04-10,1,12.16,11.7,0.0,0.0,0.0,0.03782894736842112,0.03782894736842112,0.07565789473684224,0.020454,0.01737494736842112,0.05520389473684224,overnight_abort,True
54186D__29730F,54186D,29730F,2025-08-08,2025-08-12,1,15.53,16.089997,0.0,0.0,0.0,-0.0360590470057953,-0.0360590470057953,-0.0721180940115906,0.020454,-0.0565130470057953,-0.0925720940115906,overnight_abort,True
54186D__29730F,54186D,29730F,2025-11-13,2025-11-17,4,20.289994,20.356003,20.5441781775,20.462450193,-0.003978157889494497,-0.003253278438623545,-0.007231436328118042,-0.010484714766741586,0.020454,-0.02768543632811804,-0.030938714766741586,convergence,False
54186D__29730F,54186D,29730F,2025-12-29,2026-01-06,8,20.199997,20.059998,19.9923265929,20.3587845606,0.018329931036147794,0.006930644593660065,0.02526057562980786,0.032191220223467924,0.020454,0.004806575629807859,0.011737220223467924,convergence,False
54186D__29730F,54186D,29730F,2026-01-08,2026-01-14,6,19.839997,20.410004,19.761218568,20.6121806272,0.04306222595897966,-0.028730195876541735,0.014332030082437927,-0.014398165794103808,0.020454,-0.006121969917562073,-0.03485216579410381,convergence,False
54181K__916020,54181K,916020,2024-04-25,2024-05-01,6,9.54,9.6999999,9.5108774922,9.8715078475,0.03791767432560849,-0.016771477987421464,0.021146196338187026,0.004374718350765562,0.017699,0.0034471963381870266,-0.013324281649234437,convergence,False
54181K__916020,54181K,916020,2024-08-01,2024-08-02,1,12.300001,11.720001,0.0,0.0,0.0,0.04715446771101889,0.04715446771101889,0.09430893542203778,0.017699,0.02945546771101889,0.07660993542203778,overnight_abort,True
54181K__916020,54181K,916020,2024-08-05,2024-08-06,1,11.69,11.12,0.0,0.0,0.0,0.04875962360992304,0.04875962360992304,0.09751924721984608,0.017699,0.031060623609923038,0.07982024721984607,overnight_abort,True
54181K__916020,54181K,916020,2024-10-30,2024-10-31,1,12.295001,11.680001,0.0,0.0,0.0,0.05002032940054242,0.05002032940054242,0.10004065880108484,0.017699,0.03232132940054242,0.08234165880108485,overnight_abort,True
54181K__916020,54181K,916020,2025-04-09,2025-04-10,1,9.0100003,8.9399996,0.0,0.0,0.0,0.007769222826773889,0.007769222826773889,0.015538445653547778,0.017699,-0.009929777173226111,-0.0021605543464522214,overnight_abort,True
54181K__916020,54181K,916020,2025-04-25,2025-04-28,1,10.07,10.063,0.0,0.0,0.0,0.0006951340615689844,0.0006951340615689844,0.0013902681231379688,0.017699,-0.017003865938431013,-0.01630873187686203,overnight_abort,True
54181K__916020,54181K,916020,2025-05-12,2025-05-13,1,9.4399996,9.2299996,0.0,0.0,0.0,0.0222457636544816,0.0222457636544816,0.0444915273089632,0.017699,0.0045467636544816,0.0267925273089632,overnight_abort,True
54181K__916020,54181K,916020,2025-07-30,2025-07-31,1,10.350001,10.340001,0.0,0.0,0.0,0.0009661834815281454,0.0009661834815281454,0.0019323669630562908,0.017699,-0.016732816518471853,-0.015766633036943707,overnight_abort,True
54181K__916020,54181K,916020,2025-09-18,2025-09-24,6,11.560001,11.19,11.2019734125,11.215204304,0.0011811214875083519,0.03200700415164326,0.03318812563915161,0.06519512979079486,0.017699,0.015489125639151613,0.047496129790794865,convergence,False
54181K__916020,54181K,916020,2025-10-30,2025-10-31,1,10.9,10.44,0.0,0.0,0.0,0.0422018348623854,0.0422018348623854,0.0844036697247708,0.017699,0.0245028348623854,0.0667046697247708,overnight_abort,True
54181K__916020,54181K,916020,2026-02-04,2026-02-10,6,15.37,16.380005,15.416454452399998,16.3973183658,0.06362448100038355,-0.06571275211450887,-0.002088271114125323,-0.0678010232286342,0.017699,-0.019787271114125322,-0.0855000232286342,convergence,False
54186Q__317701,54186Q,317701,2024-05-10,2024-05-16,6,13.99,13.770001,28.6089220096,27.801016992,-0.028239617603518903,0.015725446747676883,-0.01251417085584202,0.0032112758918348625,0.009713,-0.02222717085584202,-0.006501724108165137,convergence,False
54186Q__317701,54186Q,317701,2024-07-05,2024-07-09,4,13.8425,13.769901,27.519739812599997,27.6770494945,0.00571624888066631,0.005244645114682935,0.010960893995349245,0.01620553911003218,0.009713,0.0012478939953492457,0.00649253911003218,convergence,False
54186Q__317701,54186Q,317701,2024-08-05,2024-08-06,1,15.15,14.91,0.0,0.0,0.0,0.015841584158415856,0.015841584158415856,0.03168316831683171,0.009713,0.006128584158415856,0.021970168316831712,overnight_abort,True
54186Q__317701,54186Q,317701,2024-08-15,2024-08-16,1,15.460001,15.61,0.0,0.0,0.0,-0.009702392645382063,-0.009702392645382063,-0.019404785290764125,0.009713,-0.019415392645382064,-0.029117785290764125,overnight_abort,True
54186Q__317701,54186Q,317701,2024-11-01,2024-11-08,7,16.029999,15.99,31.605329312,32.1344340435,0.016740997262734113,0.0024952590452438517,0.019236256307977963,0.021731515353221816,0.009713,0.009523256307977963,0.012018515353221817,convergence,False
54186Q__317701,54186Q,317701,2024-12-06,2024-12-10,4,16.779999,16.259995,32.7745265736,32.5611982076,-0.00650896865042242,0.03098951316981605,0.02448054451939363,0.05547005768920968,0.009713,0.01476754451939363,0.04575705768920968,convergence,False
54186Q__317701,54186Q,317701,2025-03-25,2025-03-26,1,16.149994,15.99,0.0,0.0,0.0,0.009906752906533544,0.009906752906533544,0.019813505813067088,0.009713,0.00019375290653354457,0.010100505813067089,overnight_abort,True
54186Q__317701,54186Q,317701,2025-03-28,2025-06-26,90,16.240006,16.570008,15.73419479775,16.5795203574,0.053725377784879215,-0.02032031268953967,0.033405065095339546,0.013084752405799878,0.009713,0.023692065095339547,0.0033717524057998785,force_close,False
54186Q__317701,54186Q,317701,2025-08-12,2025-09-09,28,17.873993,16.690003,17.898700738,16.891089798,-0.05629520012370405,0.06624093452425532,0.00994573440055127,0.07618666892480659,0.009713,0.00023273440055127104,0.06647366892480659,convergence,False
54187L__946076,54187L,946076,2024-08-05,2024-08-06,1,7.7799998,8.1499997,0.0,0.0,0.0,-0.047557828986062534,-0.047557828986062534,-0.09511565797212507,0.022413,-0.06997082898606254,-0.11752865797212507,overnight_abort,True
54187L__946076,54187L,946076,2024-08-07,2024-08-16,9,8.915,8.9099999,16.6751524832,18.15379283035,0.08867327292147456,0.0005608637128433425,0.08923413663431791,0.08979500034716124,0.022413,0.06682113663431791,0.06738200034716124,convergence,False
54187L__946076,54187L,946076,2024-11-12,2024-11-15,3,10.32,10.630001,19.812168992,21.6333522846,0.09192245903693737,-0.03003885658914726,0.061883602447790106,0.031844745858642845,0.022413,0.039470602447790104,0.009431745858642846,convergence,False
54187L__946076,54187L,946076,2025-04-07,2025-04-08,1,10.520001,10.32,0.0,0.0,0.0,0.0190115000939639,0.0190115000939639,0.0380230001879278,0.022413,-0.003401499906036099,0.0156100001879278,overnight_abort,True
54187L__946076,54187L,946076,2025-04-09,2025-04-10,1,10.94,11.375,0.0,0.0,0.0,-0.03976234003656312,-0.03976234003656312,-0.07952468007312624,0.022413,-0.06217534003656312,-0.10193768007312624,overnight_abort,True
54187L__946076,54187L,946076,2025-06-27,2025-06-30,1,13.8475,13.325,0.0,0.0,0.0,0.037732442679184026,0.037732442679184026,0.07546488535836805,0.022413,0.015319442679184028,0.05305188535836805,overnight_abort,True
54187L__946076,54187L,946076,2025-09-04,2025-09-05,1,13.78,13.630001,0.0,0.0,0.0,0.010885268505079778,0.010885268505079778,0.021770537010159557,0.022413,-0.01152773149492022,-0.0006424629898404421,overnight_abort,True
54187L__946076,54187L,946076,2025-09-19,2025-09-25,6,13.885001,13.600001,27.701054251200002,27.4241461416,-0.009996302201675418,0.020525745730950982,0.010529443529275564,0.031055189260226546,0.022413,-0.011883556470724435,0.008642189260226547,convergence,False
54187L__946076,54187L,946076,2026-02-02,2026-02-03,1,14.975001,15.07,0.0,0.0,0.0,-0.006343839309259453,-0.006343839309259453,-0.012687678618518905,0.022413,-0.02875683930925945,-0.035100678618518906,overnight_abort,True
54187L__946076,54187L,946076,2026-02-06,2026-02-12,6,16.380005,15.250101,32.6073707882,34.04366732,0.04404821661732278,0.06898068712433236,0.11302890374165514,0.1820095908659875,0.022413,0.09061590374165514,0.15959659086598751,convergence,False
54185K__140271,54185K,140271,2024-04-22,2024-04-24,2,27.240006,27.425004,272.41901118600003,277.318207644,0.01798404757682244,-0.006791408195725075,0.011192639381097366,0.004401231185372291,0.011574000000000001,-0.00038136061890263473,-0.00717276881462771,convergence,False
54185K__140271,54185K,140271,2024-07-02,2024-07-09,7,26.070008,26.878006,259.439049265,270.323880953,0.0419552558446276,-0.030993392867389905,0.010961862977237696,-0.020031529890152208,0.011574000000000001,-0.0006121370227623046,-0.03160552989015221,convergence,False
54185K__140271,54185K,140271,2024-07-10,2024-07-17,7,27.869996,26.470002,284.60786132,271.362237978,-0.04653990680569156,0.05023301761507248,0.003693110809380916,0.05392612842445339,0.011574000000000001,-0.007880889190619085,0.04235212842445339,convergence,False
54185K__140271,54185K,140271,2024-07-25,2024-07-29,4,26.529999,26.630005,265.73425004,267.2293449,0.005626278358077453,-0.0037695440546379397,0.0018567343034395136,-0.001912809751198426,0.011574000000000001,-0.009717265696560487,-0.013486809751198427,convergence,False
54185K__140271,54185K,140271,2024-08-05,2024-08-06,1,26.470002,26.380005,0.0,0.0,0.0,0.0033999619644909857,0.0033999619644909857,0.0067999239289819715,0.011574000000000001,-0.008174038035509016,-0.0047740760710180295,overnight_abort,True
54185K__140271,54185K,140271,2024-08-15,2024-08-16,1,28.350007,29.350007,0.0,0.0,0.0,-0.03527335989723036,-0.03527335989723036,-0.07054671979446071,0.011574000000000001,-0.04684735989723036,-0.08212071979446071,overnight_abort,True
54185K__140271,54185K,140271,2024-09-11,2024-09-13,2,30.979996,30.979996,313.930099896,311.71226608,-0.007064737713060099,0.0,-0.007064737713060099,-0.007064737713060099,0.011574000000000001,-0.0186387377130601,-0.0186387377130601,convergence,False
54185K__140271,54185K,140271,2024-10-02,2024-10-07,5,32.839997,33.600007,330.02109737999996,340.45281463,0.031609243569021006,-0.023142815756042892,0.008466427812978114,-0.014676387943064778,0.011574000000000001,-0.003107572187021887,-0.02625038794306478,convergence,False
54185K__140271,54185K,140271,2024-10-10,2024-10-15,5,35.800004,34.979996,365.349134609,358.713138408,-0.018163437578966376,0.022905248837402404,0.004741811258436028,0.027647060095838432,0.011574000000000001,-0.006832188741563973,0.01607306009583843,convergence,False
54185K__140271,54185K,140271,2025-03-04,2025-03-06,2,31.809998,31.5,316.95603782700005,322.6438677,0.01794516965821126,0.009745300832775916,0.027690470490987176,0.03743577132376309,0.011574000000000001,0.016116470490987175,0.02586177132376309,convergence,False
54185K__140271,54185K,140271,2025-04-07,2025-04-08,1,29.059998,28.550004,0.0,0.0,0.0,0.017549691503764005,0.017549691503764005,0.03509938300752801,0.011574000000000001,0.0059756915037640045,0.02352538300752801,overnight_abort,True
54185K__140271,54185K,140271,2025-04-09,2025-04-16,7,31.550004,32.229996,321.761081488,323.310633624,0.004815846990673975,-0.02155283403450594,-0.016736987043831964,-0.03828982107833791,0.011574000000000001,-0.028310987043831965,-0.04986382107833791,convergence,False
54185K__140271,54185K,140271,2025-10-09,2025-10-10,1,32.300004,32.509995,0.0,0.0,0.0,-0.006501268544734615,-0.006501268544734615,-0.01300253708946923,0.011574000000000001,-0.018075268544734617,-0.024576537089469233,overnight_abort,True
54185K__140271,54185K,140271,2025-10-17,2025-10-22,5,34.820008,36.14,355.22388216,364.958197506,0.027403324592954668,-0.03790900909614952,-0.010505684503194852,-0.048414693599344374,0.011574000000000001,-0.022079684503194853,-0.059988693599344375,convergence,False
54185K__140271,54185K,140271,2025-11-04,2025-11-06,2,36.690003,36.75,364.196732178,369.646860444,0.014964791785491097,-0.001635241076431712,0.013329550709059385,0.011694309632627672,0.011574000000000001,0.001755550709059384,0.00012030963262767147,convergence,False
54185K__140271,54185K,140271,2026-01-08,2026-01-14,6,37.820008,40.89,397.441174725,411.23383027200003,0.034703640246996396,-0.08117375332125787,-0.04647011307426147,-0.12764386639551933,0.011574000000000001,-0.05804411307426147,-0.13921786639551934,convergence,False
54185K__140271,54185K,140271,2026-02-06,2026-02-12,6,41.690003,44.399994,435.25675939,447.15047653,0.027325749418960626,-0.06500337742839699,-0.03767762800943636,-0.10268100543783334,0.011574000000000001,-0.04925162800943636,-0.11425500543783335,convergence,False
54185K__140271,54185K,140271,2026-03-04,2026-03-05,1,42.279999,40.460007,0.0,0.0,0.0,0.04304616941925659,0.04304616941925659,0.08609233883851318,0.011574000000000001,0.03147216941925659,0.07451833883851318,overnight_abort,True
54185K__140271,54185K,140271,2026-04-02,2026-04-07,5,40.910004,40.860001,407.86548776999996,407.76820996099997,-0.00023850463428974085,0.0012222682745277609,0.00098376364023802,0.0022060319147657807,0.011574000000000001,-0.01059023635976198,-0.00936796808523422,convergence,False
54185K__140271,54185K,140271,2026-04-09,2026-04-10,1,44.449997,47.540009,0.0,0.0,0.0,-0.06951658511922947,-0.06951658511922947,-0.13903317023845893,0.011574000000000001,-0.08109058511922947,-0.15060717023845893,overnight_abort,True
54190Q__982367,54190Q,982367,2024-08-19,2024-11-11,84,14.9,14.374,13.3076304453,14.383762206,0.08086576833669665,0.03530201342281878,0.11616778175951542,0.15146979518233422,0.018844,0.09732378175951542,0.13262579518233422,convergence,False
54190Q__982367,54190Q,982367,2024-11-19,2024-12-20,31,17.360001,15.340001,16.7079485678,15.4460888592,-0.07552451478285543,0.11635944030187553,0.0408349255190201,0.15719436582089563,0.018844,0.0219909255190201,0.13835036582089563,convergence,False
54190Q__982367,54190Q,982367,2025-11-26,2025-12-08,12,13.840001,13.170001,13.7538010188,13.2627856724,-0.03570033809045476,0.04841040112641622,0.012710063035961464,0.06112046416237769,0.018844,-0.006133936964038536,0.04227646416237769,convergence,False
54190Q__982367,54190Q,982367,2025-12-15,2026-02-27,74,14.2,14.020001,14.22246546405,14.068757852600001,-0.010807381592068144,0.012675985915492866,0.0018686043234247222,0.014544590238917588,0.018844,-0.01697539567657528,-0.004299409761082411,convergence,False
54444M__932127,54444M,932127,2024-06-12,2024-08-01,50,10.0,10.235,20.3839894467,21.3637718044,0.048066270847614584,-0.023499999999999945,0.02456627084761464,0.0010662708476146948,0.010548,0.01401827084761464,-0.009481729152385305,convergence,False
54444M__932127,54444M,932127,2025-02-13,2025-03-03,18,8.9099999,8.3400002,17.6704180236,17.1794528323,-0.0277845827214887,0.0639730310210217,0.036188448299532994,0.10016147932055469,0.010548,0.025640448299532992,0.08961347932055469,convergence,False
54444M__932127,54444M,932127,2025-07-23,2025-10-21,90,7.6499997,9.5699997,15.36290037055,19.22203562895,0.25119835221985765,-0.25098040199923144,0.00021795022062620628,-0.25076245177860523,0.010548,-0.010330049779373794,-0.26131045177860523,force_close,False
54444M__932127,54444M,932127,2025-10-28,2025-11-20,23,10.371001,9.4600001,19.9633339029,19.5453390906,-0.020938126584121357,0.08784117367262807,0.06690304708850672,0.15474422076113478,0.010548,0.05635504708850672,0.14419622076113478,convergence,False
54444M__932127,54444M,932127,2026-02-17,2026-03-27,38,11.44,11.270001,23.315140597000003,23.358802348,0.0018726780058798526,0.014860052447552351,0.016732730453432203,0.03159278290098456,0.010548,0.006184730453432203,0.021044782900984556,convergence,False
54633R__871051,54633R,871051,2024-05-15,2024-05-16,1,112.7576,112.86001,0.0,0.0,0.0,-0.0009082314628903605,-0.0009082314628903605,-0.001816462925780721,0.035597000000000004,-0.036505231462890364,-0.037413462925780724,overnight_abort,True
54633R__871051,54633R,871051,2024-06-20,2024-06-21,1,107.0,107.67,0.0,0.0,0.0,-0.00626168224299067,-0.00626168224299067,-0.01252336448598134,0.035597000000000004,-0.04185868224299068,-0.048120364485981344,overnight_abort,True
54633R__871051,54633R,871051,2024-07-15,2024-07-17,2,115.721,113.57001,224.80818681616884,227.1695992999406,0.010504121389950664,0.018587723922192233,0.029091845312142896,0.047679569234335126,0.035597000000000004,-0.006505154687857107,0.012082569234335122,convergence,False
54633R__871051,54633R,871051,2024-07-26,2024-07-29,1,113.5,111.771,0.0,0.0,0.0,0.015233480176211447,0.015233480176211447,0.030466960352422894,0.035597000000000004,-0.020363519823788555,-0.005130039647577109,overnight_abort,True
54633R__871051,54633R,871051,2024-08-08,2024-08-15,7,112.68,102.06751,222.471289356867,206.969571381,-0.06967963381108756,0.09418255236066744,0.02450291854957988,0.11868547091024732,0.035597000000000004,-0.011094081450420124,0.08308847091024732,convergence,False
54633R__871051,54633R,871051,2024-10-02,2024-10-07,5,103.15,98.509995,196.7986862090336,196.9928036790036,0.0009863758427930255,0.04498308288899663,0.045969458731789654,0.09095254162078628,0.035597000000000004,0.01037245873178965,0.05535554162078628,convergence,False
54633R__871051,54633R,871051,2025-01-22,2025-02-03,12,100.03,97.380005,196.05890215743818,194.3211135221076,-0.008863604846339078,0.026492002399280255,0.017628397552941176,0.04412039995222143,0.035597000000000004,-0.017968602447058828,0.008523399952221428,convergence,False
54633R__871051,54633R,871051,2025-04-09,2025-04-10,1,82.059998,78.179993,0.0,0.0,0.0,0.04728253832031531,0.04728253832031531,0.09456507664063062,0.035597000000000004,0.011685538320315304,0.05896807664063061,overnight_abort,True
54633R__871051,54633R,871051,2025-05-08,2025-05-09,1,87.225007,83.669999,0.0,0.0,0.0,0.04075675224652032,0.04075675224652032,0.08151350449304064,0.035597000000000004,0.005159752246520315,0.04591650449304063,overnight_abort,True
54633R__871051,54633R,871051,2025-09-18,2025-09-19,1,99.850007,96.550004,0.0,0.0,0.0,0.033049602089662386,0.033049602089662386,0.06609920417932477,0.035597000000000004,-0.0025473979103376176,0.03050220417932477,overnight_abort,True
54633R__871051,54633R,871051,2025-10-30,2025-10-31,1,95.720002,93.64,0.0,0.0,0.0,0.021730066407645847,0.021730066407645847,0.043460132815291694,0.035597000000000004,-0.013866933592354157,0.00786313281529169,overnight_abort,True
54633R__871051,54633R,871051,2026-02-06,2026-02-10,4,90.020005,90.820008,179.543248547264,181.78590242140467,0.012490883908398831,-0.0088869468514249,0.0036039370569739305,-0.00528300979445097,0.035597000000000004,-0.03199306294302608,-0.04088000979445097,convergence,False
54633R__871051,54633R,871051,2026-04-02,2026-04-16,14,60.589997,60.619996,120.75338246994157,121.58687230970101,0.006902414016989652,-0.0004951147299116662,0.0064072992870779855,0.005912184557166319,0.035597000000000004,-0.02918970071292202,-0.029684815442833683,convergence,False
51655V__32146V,51655V,32146V,2024-05-09,2024-05-16,7,32.160004,32.100007,16.221751705600003,16.1593411266,-0.003847339062553674,0.0018655781261719601,-0.001981760936381714,-0.00011618281020975372,0.039638,-0.041619760936381714,-0.03975418281020975,convergence,False
51655V__32146V,51655V,32146V,2024-09-17,2024-09-24,7,20.642197,20.440003,10.2544278673,10.3120855152,0.005622707443665561,0.009795178294248362,0.015417885737913924,0.025213064032162284,0.039638,-0.024220114262086076,-0.014424935967837716,convergence,False
51655V__32146V,51655V,32146V,2024-12-26,2024-12-30,4,15.8425,15.020001,7.44131476755,7.5424777064,0.013594766786529463,0.05191724790910518,0.06551201469563464,0.11742926260473982,0.039638,0.02587401469563464,0.07779126260473981,convergence,False
51655V__32146V,51655V,32146V,2025-04-09,2025-04-10,1,11.94,12.0,0.0,0.0,0.0,-0.005025125628140745,-0.005025125628140745,-0.01005025125628149,0.039638,-0.044663125628140746,-0.04968825125628149,overnight_abort,True
51655V__32146V,51655V,32146V,2025-09-18,2025-09-30,12,21.235993,20.520005,9.914506785,10.6615286492,0.07534634656059684,0.03371577679461466,0.10906212335521151,0.14277790014982616,0.039638,0.0694241233552115,0.10313990014982616,convergence,False
51655V__32146V,51655V,32146V,2025-10-01,2025-10-08,7,21.470002,20.919999,10.8488858464,10.8917050834,0.003946878749231982,0.025617277539145094,0.029564156288377077,0.05518143382752217,0.039638,-0.010073843711622923,0.015543433827522171,convergence,False
51655V__32146V,51655V,32146V,2025-10-16,2025-10-27,11,23.580002,21.899994,11.0100573989,10.94031070275,-0.006334816760988773,0.07124715256597522,0.06491233580498644,0.13615948837096167,0.039638,0.02527433580498644,0.09652148837096167,convergence,False
51655V__32146V,51655V,32146V,2025-11-04,2025-11-06,2,23.190003,19.259995,9.5866857615,9.7278928102,0.01472949590849068,0.16946992201769015,0.18419941792618083,0.35366933994387095,0.039638,0.14456141792618082,0.31403133994387095,convergence,False
51655V__32146V,51655V,32146V,2026-03-12,2026-03-18,6,22.147507,21.419999,9.8103048849,11.0617669521,0.12756607280638607,0.032848302068490154,0.16041437487487623,0.19326267694336638,0.039638,0.12077637487487622,0.15362467694336637,convergence,False
54339N__297127,54339N,297127,2024-06-13,2024-06-24,11,23.369996,23.300004,2.268947207651753,2.3284175629109254,0.02621055045204039,0.0029949513042278296,0.02920550175626822,0.03220045306049605,0.030321,-0.0011154982437317808,0.0018794530604960488,convergence,False
54339N__297127,54339N,297127,2024-07-31,2024-08-07,7,24.729996,23.020005,2.371423125529298,2.3121815148589016,-0.024981459458937313,0.06914643253480506,0.04416497307586774,0.1133114056106728,0.030321,0.013843973075867738,0.0829904056106728,convergence,False
54339N__297127,54339N,297127,2024-08-13,2024-08-28,15,23.300004,24.089997,2.3476671446245563,2.416570170010438,0.02934957178390835,-0.03390527314930929,-0.0045557013654009375,-0.03846097451471023,0.030321,-0.03487670136540094,-0.06878197451471023,convergence,False
54339N__297127,54339N,297127,2024-09-11,2024-09-13,2,24.570008,24.089997,2.397510753676704,2.4041600447355855,0.002773414487790856,0.019536460875389256,0.02230987536318011,0.04184633623856937,0.030321,-0.00801112463681989,0.01152533623856937,convergence,False
54339N__297127,54339N,297127,2024-09-19,2024-09-23,4,25.550004,24.509003,2.432882211911261,2.4407252008849585,0.003223743811064272,0.04074367268200824,0.043967416493072516,0.08471108917508076,0.030321,0.013646416493072515,0.05439008917508076,convergence,False
54339N__297127,54339N,297127,2024-09-25,2024-09-27,2,25.595002,26.289994,2.4472946328832386,2.6225401097646124,0.0716078377023658,-0.02715342628220928,0.04445441142015652,0.017300985137947235,0.030321,0.01413341142015652,-0.013020014862052766,convergence,False
54339N__297127,54339N,297127,2024-10-09,2024-10-10,1,26.309998,25.600007,0.0,0.0,0.0,0.026985596882219402,0.026985596882219402,0.053971193764438805,0.030321,-0.0033354031177805984,0.023650193764438804,overnight_abort,True
54339N__297127,54339N,297127,2024-11-05,2024-11-06,1,25.199997,23.429993,0.0,0.0,0.0,0.07023826232995187,0.07023826232995187,0.14047652465990373,0.030321,0.039917262329951866,0.11015552465990373,overnight_abort,True
54339N__297127,54339N,297127,2025-01-17,2025-01-22,5,23.326996,22.490006,2.2776851706840002,2.257553710681265,-0.008838561299799636,0.03588074521039915,0.02704218391059951,0.06292292912099866,0.030321,-0.003278816089400491,0.03260192912099866,convergence,False
54339N__297127,54339N,297127,2025-02-04,2025-02-10,6,24.350007,23.869996,2.409638196875,2.3905269901085964,-0.00793115198422257,0.019712971745757653,0.011781819761535082,0.03149479150729274,0.030321,-0.018539180238464917,0.001173791507292736,convergence,False
54339N__297127,54339N,297127,2025-03-04,2025-03-10,6,24.712494,24.334504,2.418507060350724,2.435916654275,0.007198487947251033,0.015295501943268069,0.022493989890519102,0.03778949183378717,0.030321,-0.007827010109480899,0.007468491833787172,convergence,False
54339N__297127,54339N,297127,2025-04-02,2025-04-03,1,25.824997,24.9375,0.0,0.0,0.0,0.03436581231742253,0.03436581231742253,0.06873162463484506,0.030321,0.0040448123174225276,0.038410624634845056,overnight_abort,True
54339N__297127,54339N,297127,2025-07-25,2025-07-29,4,23.720002,23.240006,2.323502972410731,2.3527575875194593,0.012590737113787897,0.020235917349416745,0.03282665446320464,0.05306257181262139,0.030321,0.0025056544632046374,0.02274157181262139,convergence,False
54339N__297127,54339N,297127,2025-08-01,2025-08-07,6,22.919999,22.955506,2.282520309678977,2.2987602124559223,0.007114899573108009,-0.0015491710972587332,0.005565728475849276,0.004016557378590543,0.030321,-0.024755271524150725,-0.026304442621409456,convergence,False
54339N__297127,54339N,297127,2025-08-12,2025-08-15,3,23.360001,22.699997,2.2961566005356993,2.2755606430581565,-0.008969752965776652,0.028253594680924914,0.019283841715148263,0.04753743639607318,0.030321,-0.011037158284851738,0.017216436396073176,convergence,False
54339N__297127,54339N,297127,2025-08-18,2025-08-25,7,22.940003,22.785004,2.240984395975906,2.286780160947405,0.020435557272836736,0.006756712281162304,0.02719226955399904,0.033948981835161346,0.030321,-0.0031287304460009616,0.003627981835161345,convergence,False
54339N__297127,54339N,297127,2025-09-23,2025-09-25,2,22.89,22.270005,2.25791373582646,2.232263682754789,-0.011360067776142293,0.02708584534731321,0.01572577757117092,0.04281162291848413,0.030321,-0.014595222428829081,0.012490622918484129,convergence,False
54339N__297127,54339N,297127,2025-09-26,2025-09-29,1,22.5,22.089997,0.0,0.0,0.0,0.01822235555555554,0.01822235555555554,0.03644471111111108,0.030321,-0.012098644444444459,0.006123711111111083,overnight_abort,True
54339N__297127,54339N,297127,2025-11-05,2025-11-06,1,24.899994,25.039994,0.0,0.0,0.0,-0.005622491314656565,-0.005622491314656565,-0.01124498262931313,0.030321,-0.035943491314656566,-0.04156598262931313,overnight_abort,True
54339N__297127,54339N,297127,2026-02-05,2026-02-19,14,27.479996,28.059998,2.706103727872739,2.8150131682142514,0.04024584838332332,-0.021106334949975988,0.01913951343334733,-0.001966821516628657,0.030321,-0.01118148656665267,-0.03228782151662866,convergence,False
54339N__297127,54339N,297127,2026-03-23,2026-03-24,1,29.599,28.479996,0.0,0.0,0.0,0.037805466400891934,0.037805466400891934,0.07561093280178387,0.030321,0.007484466400891933,0.045289932801783866,overnight_abort,True
54187R__937334,54187R,937334,2024-04-08,2024-04-09,1,35.270005,17.360001,0.0,0.0,0.0,0.5077970360367116,0.5077970360367116,1.0155940720734231,0.027692,0.48010503603671156,0.9879020720734231,overnight_abort,True
54187R__937334,54187R,937334,2024-07-10,2024-07-11,1,17.699997,17.279999,0.0,0.0,0.0,0.023728704586786067,0.023728704586786067,0.047457409173572135,0.027692,-0.003963295413213934,0.019765409173572134,overnight_abort,True
54187R__937334,54187R,937334,2024-08-05,2024-08-06,1,15.470001,16.570008,0.0,0.0,0.0,-0.07110581311533215,-0.07110581311533215,-0.1422116262306643,0.027692,-0.09879781311533214,-0.1699036262306643,overnight_abort,True
54187R__937334,54187R,937334,2024-08-08,2024-08-14,6,17.649994,18.149994,17.8067231293,18.292267762999998,0.027267489373216613,-0.028328621528143295,-0.001061132154926682,-0.029389753683069977,0.027692,-0.028753132154926683,-0.057081753683069975,convergence,False
54187R__937334,54187R,937334,2024-11-07,2024-11-08,1,20.300004,19.839997,0.0,0.0,0.0,0.022660438884642628,0.022660438884642628,0.045320877769285256,0.027692,-0.005031561115357373,0.017628877769285255,overnight_abort,True
54187R__937334,54187R,937334,2025-04-07,2025-04-08,1,18.690003,18.339997,0.0,0.0,0.0,0.018726909781662446,0.018726909781662446,0.03745381956332489,0.027692,-0.008965090218337555,0.009761819563324892,overnight_abort,True
54187R__937334,54187R,937334,2025-04-09,2025-04-10,1,19.039994,19.110001,0.0,0.0,0.0,-0.0036768393939620135,-0.0036768393939620135,-0.007353678787924027,0.027692,-0.03136883939396201,-0.03504567878792403,overnight_abort,True
54187R__937334,54187R,937334,2025-05-14,2025-05-15,1,19.119996,18.339997,0.0,0.0,0.0,0.04079493531274798,0.04079493531274798,0.08158987062549596,0.027692,0.013102935312747976,0.053897870625495954,overnight_abort,True
54187R__937334,54187R,937334,2025-08-07,2025-08-13,6,18.669999,18.860001,18.51751452475,18.9673305205,0.0242913807438244,-0.010176861819864038,0.01411451892396036,0.0039376571040963225,0.027692,-0.01357748107603964,-0.02375434289590368,convergence,False
54187R__937334,54187R,937334,2026-01-09,2026-01-14,5,14.680001,14.300001,14.264618029000001,14.376775097600001,0.007862605810543585,0.02588555681978501,0.03374816263032859,0.05963371945011361,0.027692,0.006056162630328592,0.031941719450113606,convergence,False
54187R__937334,54187R,937334,2026-02-13,2026-02-17,1,14.65,12.560001,0.0,0.0,0.0,0.14266204778157002,0.14266204778157002,0.28532409556314003,0.027692,0.11497004778157002,0.25763209556314004,overnight_abort,True
54184F__912392,54184F,912392,2024-07-30,2024-08-01,2,30.990006,28.600007,10.4910484755,9.6843296506,-0.07689592005831916,0.07712160494580089,0.00022568488748173077,0.07734728983328262,0.022838999999999998,-0.022613315112518267,0.054508289833282625,convergence,False
54184F__912392,54184F,912392,2024-08-05,2024-08-06,1,28.880005,29.550004,0.0,0.0,0.0,-0.02319940734082285,-0.02319940734082285,-0.0463988146816457,0.022838999999999998,-0.046038407340822846,-0.06923781468164569,overnight_abort,True
54184F__912392,54184F,912392,2024-08-13,2024-09-06,24,30.990006,29.410004,10.171043874899999,10.137746904,-0.003273702415360585,0.05098424311373158,0.047710540698370996,0.09869478381210257,0.022838999999999998,0.024871540698370997,0.07585578381210258,convergence,False
54184F__912392,54184F,912392,2025-01-27,2025-02-20,24,27.0,25.229996,9.1271499308,8.4700451745,-0.07199451759662341,0.06555570370370371,-0.006438813892919698,0.059116889810784015,0.022838999999999998,-0.029277813892919696,0.03627788981078402,convergence,False
54184F__912392,54184F,912392,2025-03-24,2025-04-03,10,28.007004,26.64,9.4123133946,9.142876136649999,-0.028626039811273332,0.04880936211527652,0.020183322304003187,0.0689926844192797,0.022838999999999998,-0.002655677695996811,0.04615368441927971,convergence,False
54184F__912392,54184F,912392,2025-04-07,2025-04-08,1,27.160004,26.559998,0.0,0.0,0.0,0.0220915284106733,0.0220915284106733,0.0441830568213466,0.022838999999999998,-0.0007474715893266981,0.021344056821346602,overnight_abort,True
54184F__912392,54184F,912392,2025-04-09,2025-04-10,1,28.990006,27.210007,0.0,0.0,0.0,0.06140043572257281,0.06140043572257281,0.12280087144514562,0.022838999999999998,0.03856143572257281,0.09996187144514562,overnight_abort,True
54184F__912392,54184F,912392,2025-04-11,2025-05-14,33,29.279999,28.020005,9.678660076,9.4579394312,-0.022804876198443742,0.043032583436905136,0.020227707238461394,0.06326029067536654,0.022838999999999998,-0.002611292761538604,0.04042129067536654,convergence,False
54184F__912392,54184F,912392,2025-08-05,2025-10-10,66,29.807007,31.039994,10.1279130645,10.67967516355,0.05447934787118357,-0.04136567619821747,0.0131136716729661,-0.028252004525251367,0.022838999999999998,-0.009725328327033898,-0.051091004525251366,convergence,False
54184F__912392,54184F,912392,2025-11-25,2026-01-20,56,34.815003,34.039994,11.739519341,11.479245102050001,-0.02217077474722467,0.022260776481909172,9.000173468450348e-05,0.022350778216593675,0.022838999999999998,-0.022748998265315495,-0.00048822178340632294,convergence,False
54184F__912392,54184F,912392,2026-02-04,2026-03-06,30,35.630005,37.470002,11.9619205654,12.785576187,0.06885646975306242,-0.0516417833789247,0.01721468637413772,-0.03442709700478698,0.022838999999999998,-0.0056243136258622775,-0.05726609700478698,convergence,False
54188K__141076,54188K,141076,2024-05-09,2024-05-13,4,15.83,14.911101,14.775097673700001,14.941424025600002,0.011257208282017993,0.058047946936197074,0.06930515521821506,0.12735310215441215,0.082878,-0.013572844781784929,0.04447510215441215,convergence,False
54188K__141076,54188K,141076,2024-06-27,2024-07-01,4,15.090001,14.535,14.6840322342,14.61307412565,-0.0048323312982611446,0.03677938788738322,0.03194705658912207,0.06872644447650529,0.082878,-0.05093094341087792,-0.014151555523494702,convergence,False
54188K__141076,54188K,141076,2024-08-05,2024-08-06,1,14.140001,14.350001,0.0,0.0,0.0,-0.01485148409819779,-0.01485148409819779,-0.02970296819639558,0.082878,-0.09772948409819779,-0.11258096819639557,overnight_abort,True
54188K__141076,54188K,141076,2024-10-15,2024-10-22,7,17.466004,15.850001,16.5937114655,15.962270492350001,-0.0380530283693813,0.09252276594005136,0.054469737570670064,0.14699250351072143,0.082878,-0.02840826242932993,0.06411450351072144,convergence,False
54188K__141076,54188K,141076,2024-11-07,2024-11-12,5,18.14,17.289994,18.01297174365,17.4524640171,-0.03111689367678003,0.04685810363836827,0.015741209961588242,0.06259931359995652,0.082878,-0.06713679003841175,-0.020278686400043475,convergence,False
54188K__141076,54188K,141076,2024-12-02,2024-12-03,1,19.919999,18.905503,0.0,0.0,0.0,0.050928516612877395,0.050928516612877395,0.10185703322575479,0.082878,-0.0319494833871226,0.018979033225754796,overnight_abort,True
54188K__141076,54188K,141076,2024-12-19,2024-12-26,7,19.699997,19.100007,18.965572268549998,19.1235562772,0.008330041741581426,0.030456349815687702,0.03878639155726913,0.06924274137295683,0.082878,-0.04409160844273086,-0.013635258627043165,convergence,False
54188K__141076,54188K,141076,2025-02-26,2025-02-27,1,19.880005,19.070008,0.0,0.0,0.0,0.04074430564781041,0.04074430564781041,0.08148861129562082,0.082878,-0.04213369435218958,-0.0013893887043791714,overnight_abort,True
54188K__141076,54188K,141076,2025-04-09,2025-04-10,1,16.684998,17.279999,0.0,0.0,0.0,-0.03566083735820645,-0.03566083735820645,-0.0713216747164129,0.082878,-0.11853883735820644,-0.15419967471641288,overnight_abort,True
54188K__141076,54188K,141076,2025-04-17,2025-04-21,1,18.729996,18.220002,0.0,0.0,0.0,0.02722872978723535,0.02722872978723535,0.0544574595744707,0.082878,-0.05564927021276464,-0.028420540425529293,overnight_abort,True
54188K__141076,54188K,141076,2025-04-23,2025-04-24,1,19.380005,18.809998,0.0,0.0,0.0,0.029412118314726975,0.029412118314726975,0.05882423662945395,0.082878,-0.05346588168527302,-0.024053763370546044,overnight_abort,True
54188K__141076,54188K,141076,2025-04-25,2025-05-09,14,20.031998,27.294999,20.0260535868,27.449090088,0.3706689622608834,-0.3625699742981204,0.008098987962763038,-0.35447098633535734,0.082878,-0.07477901203723696,-0.43734898633535735,convergence,False
53562J__2556P4,53562J,2556P4,2024-06-05,2024-08-05,61,82.649994,80.940003,67.75537862052501,67.25023019230518,-0.007455473476858446,0.0206895477814554,0.013234074304596954,0.03392362208605235,0.007567000000000001,0.005667074304596953,0.026356622086052352,convergence,False
53562J__2556P4,53562J,2556P4,2024-08-19,2024-10-01,43,93.949997,92.220002,69.73295649474,70.84493460534,0.015946234986951736,0.01841399739480569,0.03436023238175742,0.05277422977656311,0.007567000000000001,0.02679323238175742,0.04520722977656311,convergence,False
53562J__2556P4,53562J,2556P4,2024-11-07,2025-01-13,67,99.100007,94.539994,67.954701079197,63.398491521302,-0.06704774630065718,0.04601425507467433,-0.021033491225982852,0.02498076384869148,0.007567000000000001,-0.028600491225982853,0.01741376384869148,convergence,False
53562J__2556P4,53562J,2556P4,2025-02-12,2025-02-21,9,104.4,98.410798,64.6913851392,65.14924529416915,0.007077606299261507,0.0573678352490422,0.06444544154830371,0.12181327679734591,0.007567000000000001,0.05687844154830371,0.1142462767973459,convergence,False
53562J__2556P4,53562J,2556P4,2025-04-22,2025-07-21,90,108.66001,116.05001,64.6634356552,66.392617947975,0.026741268465773804,-0.06801030112182026,-0.04126903265604645,-0.10927933377786671,0.007567000000000001,-0.048836032656046455,-0.11684633377786671,force_close,False
53562J__2556P4,53562J,2556P4,2025-11-03,2025-11-11,8,115.2,107.65,66.12804219350001,66.599234100144,0.007125447707422223,0.06553819444444442,0.07266364215186664,0.13820183659631105,0.007567000000000001,0.06509664215186664,0.13063483659631106,convergence,False
53562J__2556P4,53562J,2556P4,2026-02-10,2026-04-29,78,114.5,122.05001,72.46169393185156,71.861651591796,-0.008280821320846805,-0.06593895196506551,-0.07421977328591231,-0.14015872525097783,0.007567000000000001,-0.08178677328591231,-0.14772572525097782,convergence,False
53562J__314054,53562J,314054,2024-07-03,2024-07-09,6,85.199997,86.589997,85.79145173094699,86.74173363173665,0.011076650197852672,-0.01631455456506648,-0.0052379043672138095,-0.02155245893228029,0.02092,-0.02615790436721381,-0.04247245893228029,convergence,False
53562J__314054,53562J,314054,2024-08-21,2024-08-27,6,94.160004,92.820008,91.50408197258226,93.35006294290201,0.02017375542735762,0.014231052921365629,0.03440480834872325,0.04863586127008888,0.02092,0.013484808348723246,0.027715861270088876,convergence,False
53562J__314054,53562J,314054,2024-09-25,2024-09-30,5,94.630005,93.539994,92.64239465558514,93.58866169135499,0.010214190158704003,0.011518661549262352,0.021732851707966357,0.03325151325722871,0.02092,0.0008128517079663555,0.012331513257228706,convergence,False
53562J__314054,53562J,314054,2024-11-21,2024-11-25,4,104.98,103.93,103.393777376673,104.156070470886,0.007372717329360055,0.010001905124785646,0.0173746224541457,0.027376527578931345,0.02092,-0.0035453775458543016,0.006456527578931344,convergence,False
53562J__314054,53562J,314054,2025-01-15,2025-01-21,6,95.899994,98.14,96.7661468263,98.00168172014,0.012768255576589642,-0.02335772826012892,-0.010589472683539278,-0.033947200943668196,0.02092,-0.03150947268353928,-0.0548672009436682,convergence,False
53562J__314054,53562J,314054,2025-01-28,2025-01-31,3,101.48301,98.936204,99.13695575669101,99.74220838884001,0.006105217045744855,0.025095885508322917,0.031201102554067772,0.05629698806239069,0.02092,0.010281102554067771,0.03537698806239069,convergence,False
53562J__314054,53562J,314054,2025-02-20,2025-02-24,4,101.67,98.240006,96.46817628381498,99.206273611999,0.028383425847383802,0.033736539785580874,0.06211996563296468,0.09585650541854555,0.02092,0.04119996563296468,0.07493650541854555,convergence,False
53562J__314054,53562J,314054,2025-04-09,2025-04-10,1,97.369996,93.089997,0.0,0.0,0.0,0.04395603549167244,0.04395603549167244,0.08791207098334489,0.02092,0.023036035491672442,0.06699207098334489,overnight_abort,True
53562J__314054,53562J,314054,2025-05-12,2025-05-14,2,109.75,107.80001,107.509618687068,107.6754811445,0.0015427685397599662,0.017767562642369016,0.019310331182128982,0.037077893824498,0.02092,-0.001609668817871019,0.016157893824497997,convergence,False
53562J__314054,53562J,314054,2025-08-20,2025-08-25,5,112.67,110.25,111.58909866396615,110.39805725063316,-0.010673456704938886,0.02147865447767819,0.010805197772739302,0.032283852250417494,0.02092,-0.010114802227260699,0.011363852250417493,convergence,False
53562J__314054,53562J,314054,2026-02-02,2026-02-03,1,106.84,106.94001,0.0,0.0,0.0,-0.0009360726319730203,-0.0009360726319730203,-0.0018721452639460406,0.02092,-0.02185607263197302,-0.022792145263946042,overnight_abort,True
53562J__314054,53562J,314054,2026-02-10,2026-02-12,2,114.5,125.53,120.846687989868,126.73897183827243,0.04875833956573515,-0.09633187772925765,-0.0475735381635225,-0.14390541589278016,0.02092,-0.0684935381635225,-0.16482541589278016,convergence,False
53562J__314054,53562J,314054,2026-02-18,2026-02-26,8,127.28,126.24001,125.77818852220545,125.94669429591524,0.0013397058400156031,0.008170883092394745,0.009510588932410347,0.017681472024805092,0.02092,-0.011409411067589654,-0.003238527975194909,convergence,False
53562J__314054,53562J,314054,2026-03-23,2026-03-26,3,124.67,118.4,119.71452367147201,119.261767051812,-0.0037819690190848553,0.05029277292051011,0.04651080390142526,0.09680357682193537,0.02092,0.025590803901425256,0.07588357682193536,convergence,False
54761N__502586,54761N,502586,2024-04-22,2024-04-25,3,32.600007,30.020005,1.5382248850000002,1.498070425,-0.026104414505035204,0.07914114865067351,0.05303673414563831,0.13217788279631182,0.028713,0.02432373414563831,0.10346488279631182,convergence,False
54761N__502586,54761N,502586,2024-06-14,2024-06-24,10,27.0,26.550004,1.342057815,1.3251793775,-0.012576535311185497,0.016666518518518473,0.004089983207332976,0.02075650172585145,0.028713,-0.024623016792667023,-0.00795649827414855,convergence,False
54761N__502586,54761N,502586,2024-08-01,2024-08-02,1,32.677002,31.699997,0.0,0.0,0.0,0.029898856694381016,0.029898856694381016,0.05979771338876203,0.028713,0.001185856694381017,0.031084713388762033,overnight_abort,True
54761N__502586,54761N,502586,2024-08-05,2024-08-08,3,31.629899,31.0,1.4939673,1.54927695,0.03702199505973129,0.019914669977289582,0.05693666503702087,0.07685133501431046,0.028713,0.02822366503702087,0.04813833501431046,convergence,False
54761N__502586,54761N,502586,2024-08-15,2024-08-16,1,33.032502,32.089997,0.0,0.0,0.0,0.02853265550396407,0.02853265550396407,0.05706531100792814,0.028713,-0.00018034449603593003,0.02835231100792814,overnight_abort,True
54761N__502586,54761N,502586,2024-08-23,2024-08-28,5,36.359894,36.0,1.7465971599999999,1.79578546,0.02816236114800518,0.009898103663338433,0.03806046481134361,0.04795856847468205,0.028713,0.009347464811343614,0.01924556847468205,convergence,False
54761N__502586,54761N,502586,2024-09-09,2024-09-10,1,37.1904,34.399994,0.0,0.0,0.0,0.07503027663052825,0.07503027663052825,0.1500605532610565,0.028713,0.046317276630528245,0.12134755326105649,overnight_abort,True
54761N__502586,54761N,502586,2024-09-12,2024-09-17,5,36.449204,34.923996,1.711039885,1.7394847525000001,0.016624315861579225,0.04184475468929305,0.058469070550872276,0.10031382524016533,0.028713,0.029756070550872277,0.07160082524016533,convergence,False
54761N__502586,54761N,502586,2024-12-16,2024-12-17,1,36.0,32.600007,0.0,0.0,0.0,0.09444425000000006,0.09444425000000006,0.18888850000000013,0.028713,0.06573125000000006,0.16017550000000014,overnight_abort,True
54761N__502586,54761N,502586,2024-12-27,2025-01-07,11,33.269608,31.744996,1.6594368525,1.602604355,-0.03424806277767058,0.045825968253067416,0.011577905475396832,0.05740387372846425,0.028713,-0.017135094524603166,0.02869087372846425,convergence,False
54761N__502586,54761N,502586,2025-01-21,2025-01-22,1,33.660004,31.538407,0.0,0.0,0.0,0.06303020641352275,0.06303020641352275,0.1260604128270455,0.028713,0.03431720641352275,0.0973474128270455,overnight_abort,True
54761N__502586,54761N,502586,2025-02-19,2025-02-20,1,32.492997,29.309998,0.0,0.0,0.0,0.09795953878923518,0.09795953878923518,0.19591907757847035,0.028713,0.06924653878923517,0.16720607757847036,overnight_abort,True
54761N__502586,54761N,502586,2025-05-07,2025-05-14,7,27.410004,26.25,1.3019884475,1.32628485,0.018660996990144084,0.04232046080693752,0.060981457797081605,0.10330191860401913,0.028713,0.03226845779708161,0.07458891860401913,convergence,False
54761N__502586,54761N,502586,2025-06-04,2025-06-11,7,27.289902,26.455002,1.3164355575,1.3303591875,0.010576765357540166,0.030593733902012584,0.041170499259552754,0.07176423316156533,0.028713,0.012457499259552755,0.043051233161565325,convergence,False
54761N__502586,54761N,502586,2025-07-29,2025-08-06,8,30.520005,29.434998,1.487187,1.470049035,-0.011523745836939193,0.035550682249232954,0.02402693641229376,0.059577618661526714,0.028713,-0.004686063587706239,0.030864618661526715,convergence,False
54761N__502586,54761N,502586,2025-08-08,2025-08-12,4,30.8499,29.800004,1.4920094700000002,1.48603004,-0.004007635420705626,0.03403239556692243,0.030024760146216807,0.06405715571313923,0.028713,0.0013117601462168081,0.03534415571313923,convergence,False
54761N__502586,54761N,502586,2025-08-25,2025-09-02,8,32.0,31.3741,1.50971184,1.57926804,0.04607250082903242,0.019559375000000045,0.06563187582903246,0.0851912508290325,0.028713,0.03691887582903246,0.0564782508290325,convergence,False
54761N__502586,54761N,502586,2025-09-26,2025-10-01,5,32.64,31.190003,1.6151769,1.56880394,-0.02871076227006467,0.044423927696078426,0.015713165426013757,0.060137093122092186,0.028713,-0.012999834573986242,0.031424093122092184,convergence,False
54761N__502586,54761N,502586,2025-10-17,2025-10-20,1,34.789994,32.089997,0.0,0.0,0.0,0.0776084353449444,0.0776084353449444,0.1552168706898888,0.028713,0.048895435344944393,0.1265038706898888,overnight_abort,True
54761N__502586,54761N,502586,2025-10-21,2025-10-30,9,33.839997,33.600007,1.621417125,1.681191195,0.03686532544794728,0.007091903702000885,0.043957229149948165,0.05104913285194905,0.028713,0.015244229149948166,0.02233613285194905,convergence,False
54761N__502586,54761N,502586,2025-12-01,2025-12-02,1,34.960007,34.25,0.0,0.0,0.0,0.020309120647487213,0.020309120647487213,0.040618241294974426,0.028713,-0.008403879352512786,0.011905241294974427,overnight_abort,True
54761N__502586,54761N,502586,2026-02-12,2026-03-03,19,36.100007,35.186005,1.74688038,1.74725672,0.00021543547246210762,0.025318610049022885,0.025534045521484992,0.05085265557050788,0.028713,-0.0031789544785150066,0.02213965557050788,convergence,False
54761N__502586,54761N,502586,2026-03-09,2026-03-10,1,36.380005,35.625,0.0,0.0,0.0,0.02075329566337325,0.02075329566337325,0.0415065913267465,0.028713,-0.007959704336626749,0.012793591326746501,overnight_abort,True
54339E__898285,54339E,898285,2024-11-19,2024-11-29,1,35.800004,32.64,0.0,0.0,0.0,0.08826825829404937,0.08826825829404937,0.17653651658809874,0.027967000000000002,0.060301258294049365,0.14856951658809875,overnight_abort,True
54339E__898285,54339E,898285,2024-12-02,2024-12-06,4,35.300004,32.25,3.3835274276764737,3.4121812936260003,0.008468637113783845,0.08640236981276266,0.0948710069265465,0.18127337673930916,0.027967000000000002,0.0669040069265465,0.15330637673930916,convergence,False
54339E__898285,54339E,898285,2024-12-10,2024-12-23,13,35.690003,33.279999,3.363278491537877,3.3517494400396397,-0.0034279205624049916,0.06752602402415044,0.06409810346174544,0.1316241274858959,0.027967000000000002,0.03613110346174543,0.10365712748589588,convergence,False
54339E__898285,54339E,898285,2025-03-18,2025-03-20,2,50.230301,49.449997,4.937250845695746,5.174092800375666,0.04797041148646456,0.015534527654930715,0.06350493914139528,0.079039466796326,0.027967000000000002,0.035537939141395275,0.05107246679632599,convergence,False
54339E__898285,54339E,898285,2025-04-10,2025-04-11,1,52.141297,48.320008,0.0,0.0,0.0,0.07328718731334972,0.07328718731334972,0.14657437462669945,0.027967000000000002,0.04532018731334972,0.11860737462669944,overnight_abort,True
54339E__898285,54339E,898285,2025-08-22,2025-09-03,12,64.75,61.0,6.082524695777054,6.11848761535156,0.0059124987358413995,0.05791505791505792,0.06382755665089931,0.12174261456595724,0.027967000000000002,0.03586055665089931,0.09377561456595723,convergence,False
54339E__898285,54339E,898285,2026-04-20,2026-04-21,1,94.649994,87.520005,0.0,0.0,0.0,0.07533005231886236,0.07533005231886236,0.15066010463772472,0.027967000000000002,0.047363052318862356,0.12269310463772472,overnight_abort,True
54188U__362347,54188U,362347,2024-07-11,2024-07-19,8,19.235001,18.765,0.368706625,0.3752314875,0.01769662397576937,0.024434675100874697,0.04213129907664406,0.06656597417751876,0.053471,-0.011339700923355935,0.013094974177518766,convergence,False
54188U__362347,54188U,362347,2024-07-26,2024-08-09,14,19.850007,18.910004,0.37315748249999997,0.3940342325,0.05594621836371741,0.04735529816185963,0.10330151652557704,0.15065681468743666,0.053471,0.04983051652557704,0.09718581468743667,convergence,False
54188U__362347,54188U,362347,2024-10-07,2024-10-10,3,23.630005,22.600007,0.44334196249999996,0.44845211500000004,0.011526435420603968,0.04358856462366381,0.05511500004426778,0.09870356466793159,0.053471,0.0016440000442677835,0.045232564667931595,convergence,False
54188U__362347,54188U,362347,2025-07-11,2025-07-15,4,27.809998,23.800004,0.5140042899999999,0.511992495,-0.003913965387331549,0.144192531045849,0.14027856565851746,0.28447109670436643,0.053471,0.08680756565851747,0.23100009670436644,convergence,False
54188U__362347,54188U,362347,2025-11-06,2025-11-11,5,23.580002,21.330002,0.42642671,0.422535405,-0.00912537819218691,0.0954198392349585,0.0862944610427716,0.18171430027773008,0.053471,0.0328234610427716,0.1282433002777301,convergence,False
54188U__362347,54188U,362347,2026-04-02,2026-04-06,1,20.990006,19.470002,0.0,0.0,0.0,0.07241560578877396,0.07241560578877396,0.1448312115775479,0.053471,0.01894460578877396,0.09136021157754792,overnight_abort,True
54188U__362347,54188U,362347,2026-04-07,2026-04-20,13,21.25,20.654999,0.390946185,0.4033196175,0.03164996353654149,0.028000047058823523,0.05965001059536501,0.08765005765418854,0.053471,0.006179010595365013,0.03417905765418854,convergence,False
54238F__932322,54238F,932322,2024-12-10,2024-12-17,1,9.1599999,8.75,0.0,0.0,0.0,0.04475981489912469,0.04475981489912469,0.08951962979824939,0.026862999999999998,0.017896814899124695,0.06265662979824939,overnight_abort,True
54238F__932322,54238F,932322,2025-04-22,2025-05-28,36,6.0100003,5.8455,3.1100586585834487,3.1249357512408,0.004783540855826657,0.027371096803439326,0.03215463765926598,0.05952573446270531,0.026862999999999998,0.005291637659265984,0.03266273446270531,convergence,False
54238F__932322,54238F,932322,2025-06-25,2025-07-15,20,6.6599999,5.6000004,3.010526765248272,3.0401350124044497,0.009834905803847285,0.15915908647386015,0.16899399227770745,0.3281530787515676,0.026862999999999998,0.14213099227770745,0.30129007875156755,convergence,False
54394H__932153,54394H,932153,2025-04-08,2025-04-11,3,10.920001,9.1000004,9.3105892131,10.033095312,0.07760046999855112,0.16666670634920258,0.2442671763477537,0.4109338826969563,0.028328,0.2159391763477537,0.3826058826969563,convergence,False
54394H__932153,54394H,932153,2025-07-01,2025-07-11,10,13.44,12.511501,12.7501130584,12.8005969674,0.003959487164448377,0.06908474702380943,0.07304423418825781,0.14212898121206724,0.028328,0.04471623418825781,0.11380098121206725,convergence,False
54394H__932153,54394H,932153,2025-10-31,2025-12-01,31,19.39,16.637497,17.8168201082,17.7104429543,-0.005970602680724339,0.1419547705002579,0.13598416781953357,0.27793893831979144,0.028328,0.10765616781953358,0.24961093831979145,convergence,False
54394H__932153,54394H,932153,2026-04-08,2026-04-14,6,16.14,13.414,14.301890308150002,14.48093453625,0.01251892052325205,0.16889714993804217,0.1814160704612942,0.3503132203993364,0.028328,0.15308807046129422,0.32198522039933636,convergence,False
54338Q__675705,54338Q,675705,2024-05-07,2024-05-08,1,43.649994,42.781998,0.0,0.0,0.0,0.019885363558125528,0.019885363558125528,0.039770727116251056,0.017999,0.001886363558125527,0.021771727116251055,overnight_abort,True
54338Q__675705,54338Q,675705,2024-08-08,2024-08-28,20,42.350007,41.134995,42.4909673021174,41.32456438077394,-0.02745060880940055,0.02868977093675556,0.001239162127355007,0.029928933064110565,0.017999,-0.016759837872644994,0.011929933064110564,convergence,False
54338Q__675705,54338Q,675705,2024-11-22,2024-11-25,1,44.919999,44.880005,0.0,0.0,0.0,0.000890338399161587,0.000890338399161587,0.001780676798323174,0.017999,-0.017108661600838414,-0.016218323201676828,overnight_abort,True
54338Q__675705,54338Q,675705,2024-12-02,2024-12-03,1,44.169999,43.240006,0.0,0.0,0.0,0.021054856713942787,0.021054856713942787,0.042109713427885574,0.017999,0.003055856713942786,0.024110713427885573,overnight_abort,True
54338Q__675705,54338Q,675705,2025-02-28,2025-03-03,1,42.058594,41.369996,0.0,0.0,0.0,0.016372349489381384,0.016372349489381384,0.03274469897876277,0.017999,-0.0016266505106186172,0.014745698978762767,overnight_abort,True
54338Q__675705,54338Q,675705,2025-03-12,2025-03-18,6,40.369996,41.149994,40.212430756317275,41.41353541900785,0.029868989267749866,-0.01932123054953979,0.010547758718210076,-0.008773471831329715,0.017999,-0.0074512412817899255,-0.026772471831329716,convergence,False
54338Q__675705,54338Q,675705,2025-04-09,2025-04-10,1,42.330002,40.630005,0.0,0.0,0.0,0.04016056980105986,0.04016056980105986,0.08032113960211971,0.017999,0.022161569801059856,0.062322139602119714,overnight_abort,True
54338Q__675705,54338Q,675705,2025-04-15,2025-04-17,2,44.419999,43.259995,43.35085735717162,43.33354756055534,-0.0003992953697239349,0.026114453537020424,0.025715158167296488,0.051829611704316915,0.017999,0.007716158167296486,0.033830611704316914,convergence,False
54338Q__675705,54338Q,675705,2025-07-11,2025-07-15,4,48.132996,46.035996,45.94541932868045,46.16287010929584,0.004732806529848078,0.04356678732402199,0.048299593853870074,0.09186638117789206,0.017999,0.030300593853870073,0.07386738117789206,convergence,False
54338Q__675705,54338Q,675705,2025-08-22,2025-08-25,1,42.0,40.699997,0.0,0.0,0.0,0.030952452380952303,0.030952452380952303,0.061904904761904606,0.017999,0.012953452380952302,0.043905904761904604,overnight_abort,True
54338Q__675705,54338Q,675705,2025-11-03,2025-11-07,4,37.289994,38.699997,36.587824823451825,38.75576133308198,0.059252948763452114,-0.037811832310833925,0.02144111645261819,-0.016370715858215736,0.017999,0.003442116452618188,-0.03436971585821574,convergence,False
54338Q__675705,54338Q,675705,2025-12-10,2025-12-12,2,38.559998,37.559998,38.06731330319757,37.845938757299,-0.005815344627433291,0.025933611303610545,0.020118266676177256,0.0460518779797878,0.017999,0.0021192666761772547,0.028052877979787796,convergence,False
54338Q__675705,54338Q,675705,2026-01-07,2026-01-14,7,34.699997,35.009995,34.931160355146,35.07401457928501,0.004089592864554518,-0.008933660714725716,-0.004844067850171198,-0.013777728564896913,0.017999,-0.0228430678501712,-0.03177672856489691,convergence,False
54338Q__675705,54338Q,675705,2026-02-06,2026-02-10,4,39.779999,39.0,39.76451546489065,39.87403839085608,0.0027542879545993755,0.01960781849190083,0.022362106446500208,0.041969924938401036,0.017999,0.004363106446500207,0.023970924938401035,convergence,False
54338Q__675705,54338Q,675705,2026-02-20,2026-03-02,10,38.309998,37.649994,37.09870237227955,37.782034907475,0.018419310959675125,0.01722798314946403,0.03564729410913915,0.052875277258603186,0.017999,0.01764829410913915,0.034876277258603185,convergence,False
54338Q__675705,54338Q,675705,2026-03-09,2026-03-12,3,36.25,34.789994,35.59020282307517,34.854913677525,-0.02065987511241265,0.040276027586206894,0.019616152473794245,0.05989218006000114,0.017999,0.0016171524737942436,0.04189318006000114,convergence,False
68923D__68039H,68923D,68039H,2024-05-30,2024-06-07,8,9.3660002,8.8800002,0.9489887230816053,0.9088640584136061,-0.042281497864067714,0.05188981311360645,0.009608315249538736,0.06149812836314519,0.023294999999999996,-0.01368668475046126,0.03820312836314519,convergence,False
68923D__68039H,68923D,68039H,2024-08-07,2024-08-12,5,7.2700005,6.7399998,0.683776069756,0.6815425748183777,-0.0032664128453915855,0.07290242964907642,0.06963601680368484,0.14253844645276126,0.023294999999999996,0.04634101680368484,0.11924344645276126,convergence,False
68923D__68039H,68923D,68039H,2024-08-29,2024-09-05,7,7.04,6.6199999,0.6848480831157401,0.6646821159888003,-0.029445898476044466,0.059659105113636396,0.03021320663759193,0.08987231175122833,0.023294999999999996,0.006918206637591934,0.06657731175122833,convergence,False
68923D__68039H,68923D,68039H,2024-09-24,2024-09-30,6,7.1800004,8.4499999,0.679533703743,0.8697050980923784,0.2798557206241256,-0.17688014334929564,0.10297557727482998,-0.07390456607446566,0.023294999999999996,0.07968057727482998,-0.09719956607446566,convergence,False
68923D__68039H,68923D,68039H,2024-12-09,2024-12-11,2,7.8800002,7.5,0.7576342289082361,0.7575855339189292,-6.42724252004681e-05,0.0482233744105742,0.04815910198537373,0.09638247639594794,0.023294999999999996,0.024864101985373734,0.07308747639594794,convergence,False
68923D__68039H,68923D,68039H,2025-01-17,2025-02-10,24,7.0920001,6.58,0.7128911343097698,0.6676296069609688,-0.06349009711366903,0.07219403451503051,0.00870393740136148,0.08089797191639199,0.023294999999999996,-0.014591062598638516,0.05760297191639199,convergence,False
68923D__68039H,68923D,68039H,2025-03-14,2025-03-19,5,7.25,7.3000002,0.7168965839529736,0.7386674038324589,0.030368145652809198,-0.006896579310344881,0.023471566342464317,0.01657498703211944,0.023294999999999996,0.00017656634246432032,-0.006720012967880558,convergence,False
68923D__68039H,68923D,68039H,2025-03-27,2025-03-28,1,7.7700005,7.4399996,0.0,0.0,0.0,0.0424711555681367,0.0424711555681367,0.0849423111362734,0.023294999999999996,0.019176155568136705,0.061647311136273406,overnight_abort,True
68923D__68039H,68923D,68039H,2025-05-27,2025-05-28,1,6.9600001,6.75,0.0,0.0,0.0,0.03017242772740768,0.03017242772740768,0.06034485545481536,0.023294999999999996,0.006877427727407685,0.037049855454815366,overnight_abort,True
68923D__68039H,68923D,68039H,2025-08-28,2025-09-05,8,9.6750002,8.4700003,0.9195550079850348,0.8618754710205818,-0.06272548837599462,0.12454779070702231,0.06182230233102769,0.18637009303805,0.023294999999999996,0.03852730233102769,0.16307509303805,convergence,False
68923D__68039H,68923D,68039H,2025-10-02,2025-10-09,7,9.4600001,8.4200001,0.8919219321243929,0.8558540843413379,-0.040438346097340615,0.10993657389073398,0.06949822779339337,0.17943480168412734,0.023294999999999996,0.04620322779339338,0.15613980168412733,convergence,False
68923D__68039H,68923D,68039H,2025-12-22,2025-12-23,1,8.1709996,7.9799996,0.0,0.0,0.0,0.023375352998426267,0.023375352998426267,0.046750705996852535,0.023294999999999996,8.035299842627103e-05,0.02345570599685254,overnight_abort,True
68923D__68039H,68923D,68039H,2026-02-13,2026-02-20,1,7.6499997,7.3529997,0.0,0.0,0.0,0.03882353093425619,0.03882353093425619,0.07764706186851238,0.023294999999999996,0.015528530934256192,0.05435206186851238,overnight_abort,True
68923D__68039H,68923D,68039H,2026-03-09,2026-03-11,2,7.2399998,7.1359997,0.7259760701170717,0.734782025225,0.012129814563320672,0.014364655092946203,0.026494469656266874,0.04085912474921308,0.023294999999999996,0.0031994696562668776,0.01756412474921308,convergence,False
68923D__68039H,68923D,68039H,2026-03-31,2026-04-01,1,7.0900002,7.04,0.0,0.0,0.0,0.007052214187525747,0.007052214187525747,0.014104428375051494,0.023294999999999996,-0.01624278581247425,-0.009190571624948502,overnight_abort,True
54319F__771681,54319F,771681,2024-10-09,2024-10-15,6,33.899994,29.800004,0.6594580899039589,0.6398578885972102,-0.029721678461179055,0.12094367922307002,0.09122200076189096,0.212165679984961,0.035404000000000005,0.05581800076189096,0.176761679984961,convergence,False
54319F__771681,54319F,771681,2024-11-01,2024-11-04,1,34.399994,31.399994,0.0,0.0,0.0,0.08720931753650887,0.08720931753650887,0.17441863507301775,0.035404000000000005,0.05180531753650887,0.13901463507301776,overnight_abort,True
54319F__771681,54319F,771681,2024-11-15,2024-12-10,25,32.800004,36.179993,0.6243897119354229,0.7267627971708229,0.1639570340101758,-0.10304843255506925,0.060908601455106556,-0.042139831099962693,0.035404000000000005,0.02550460145510655,-0.0775438310999627,convergence,False
54189X__930759,54189X,930759,2024-04-26,2024-04-30,1,11.326001,10.590001,0.0,0.0,0.0,0.06498321870181707,0.06498321870181707,0.12996643740363414,0.012517,0.05246621870181707,0.11744943740363414,overnight_abort,True
54189X__930759,54189X,930759,2024-05-15,2024-05-23,8,11.014,10.08,2.03101938490206,2.037148893647404,0.0030179469437408932,0.08480116215725435,0.08781910910099525,0.17262027125824958,0.012517,0.07530210910099525,0.16010327125824958,convergence,False
54189X__930759,54189X,930759,2024-07-08,2024-07-09,1,11.670801,11.29,0.0,0.0,0.0,0.032628523097943465,0.032628523097943465,0.06525704619588693,0.012517,0.020111523097943465,0.05274004619588693,overnight_abort,True
54189X__930759,54189X,930759,2024-08-02,2024-08-06,4,13.225001,12.98,2.4758138139000003,2.649574982007415,0.0701834552872532,0.01852559406233695,0.08870904934959015,0.1072346434119271,0.012517,0.07619204934959015,0.0947176434119271,convergence,False
54189X__930759,54189X,930759,2025-02-05,2025-02-07,2,11.497501,10.856,2.2468721883710403,2.2282387383867337,-0.00829306183090711,0.0557948201091698,0.04750175827826269,0.10329657838743249,0.012517,0.03498475827826269,0.09077957838743249,convergence,False
54189X__930759,54189X,930759,2025-04-02,2025-04-03,1,12.090001,11.5,0.0,0.0,0.0,0.04880074038041857,0.04880074038041857,0.09760148076083713,0.012517,0.036283740380418567,0.08508448076083713,overnight_abort,True
54189X__930759,54189X,930759,2025-04-07,2025-04-08,1,10.155,10.220001,0.0,0.0,0.0,-0.00640088626292472,-0.00640088626292472,-0.01280177252584944,0.012517,-0.01891788626292472,-0.02531877252584944,overnight_abort,True
54189X__930759,54189X,930759,2025-04-09,2025-04-10,1,10.73,10.205,0.0,0.0,0.0,0.04892823858341103,0.04892823858341103,0.09785647716682205,0.012517,0.036411238583411026,0.08533947716682205,overnight_abort,True
54189X__930759,54189X,930759,2025-05-14,2025-05-21,7,12.8425,11.615,2.391021154691575,2.3468816770835637,-0.018460513208510266,0.09558107845045741,0.07712056524194714,0.17270164369240454,0.012517,0.06460356524194714,0.16018464369240454,convergence,False
54189X__930759,54189X,930759,2025-07-14,2025-07-15,1,12.91,12.074001,0.0,0.0,0.0,0.06475592563903945,0.06475592563903945,0.1295118512780789,0.012517,0.05223892563903945,0.1169948512780789,overnight_abort,True
54189X__930759,54189X,930759,2025-09-11,2025-09-12,1,16.850007,16.369996,0.0,0.0,0.0,0.02848728786878255,0.02848728786878255,0.0569745757375651,0.012517,0.01597028786878255,0.0444575757375651,overnight_abort,True
54189X__930759,54189X,930759,2025-10-14,2025-10-16,1,15.430001,15.178001,0.0,0.0,0.0,0.016331820069227516,0.016331820069227516,0.03266364013845503,0.012517,0.003814820069227516,0.020146640138455033,overnight_abort,True
54189X__930759,54189X,930759,2025-11-04,2025-11-07,3,14.350001,14.010001,2.81339282900506,2.8144045878521102,0.00035962231673419885,0.023693378139834263,0.02405300045656846,0.047746378596402725,0.012517,0.011536000456568461,0.035229378596402725,convergence,False
54189X__930759,54189X,930759,2026-01-30,2026-02-03,4,15.66,16.149994,2.941781598835465,3.25200639705,0.10545473475574833,-0.031289527458492936,0.0741652072972554,0.04287567983876246,0.012517,0.0616482072972554,0.030358679838762462,convergence,False
54189X__930759,54189X,930759,2026-02-19,2026-02-20,1,20.5,18.195008,0.0,0.0,0.0,0.11243863414634139,0.11243863414634139,0.22487726829268279,0.012517,0.09992163414634139,0.21236026829268279,overnight_abort,True
69311L__912087,69311L,912087,2024-05-09,2024-05-17,8,13.37,13.220001,26.512984917300003,26.531333108000002,0.0006920454546039058,0.011219072550486113,0.011911118005090019,0.023130190555576132,0.010279,0.0016321180050900188,0.012851190555576132,convergence,False
69311L__912087,69311L,912087,2024-08-05,2024-08-06,1,13.82,13.310001,0.0,0.0,0.0,0.03690296671490597,0.03690296671490597,0.07380593342981194,0.010279,0.02662396671490597,0.06352693342981194,overnight_abort,True
69311L__912087,69311L,912087,2024-10-02,2024-10-07,5,14.32,14.33,28.585040399999997,28.8018357352,0.007584223501744782,-0.0006983240223463538,0.006885899479398428,0.006187575457052075,0.010279,-0.003393100520601572,-0.004091424542947925,convergence,False
69311L__912087,69311L,912087,2025-01-30,2025-01-31,1,13.7,13.390001,0.0,0.0,0.0,0.022627664233576605,0.022627664233576605,0.04525532846715321,0.010279,0.012348664233576605,0.034976328467153206,overnight_abort,True
69311L__912087,69311L,912087,2025-03-17,2025-03-19,2,15.180001,15.130001,30.2472008895,30.520899864,0.00904873728646448,0.003293807424650414,0.012342544711114893,0.015636352135765308,0.010279,0.002063544711114893,0.005357352135765308,convergence,False
69311L__912087,69311L,912087,2025-04-07,2025-04-08,1,14.380001,14.060001,0.0,0.0,0.0,0.022253127798808937,0.022253127798808937,0.04450625559761787,0.010279,0.011974127798808937,0.03422725559761787,overnight_abort,True
69311L__912087,69311L,912087,2025-04-09,2025-04-10,1,14.340001,13.87,0.0,0.0,0.0,0.03277552072695125,0.03277552072695125,0.0655510414539025,0.010279,0.02249652072695125,0.05527204145390251,overnight_abort,True
69311L__912087,69311L,912087,2025-05-12,2025-05-13,1,14.19,13.720001,0.0,0.0,0.0,0.03312184637068356,0.03312184637068356,0.06624369274136711,0.010279,0.022842846370683557,0.05596469274136712,overnight_abort,True
69311L__912087,69311L,912087,2025-09-29,2025-10-02,3,14.62,14.44,29.172159874,29.1806708988,0.0002917516164987906,0.012311901504787942,0.012603653121286734,0.024915554626074674,0.010279,0.0023246531212867336,0.014636554626074674,convergence,False
69311L__912087,69311L,912087,2025-11-11,2025-11-14,3,14.010001,14.29,27.8635572641,28.7489082339,0.031774513261474555,-0.01998565167839733,0.011788861583077223,-0.008196790095320108,0.010279,0.0015098615830772232,-0.01847579009532011,convergence,False
69311L__912087,69311L,912087,2025-12-18,2025-12-24,6,14.83,15.58,29.182645066000003,31.16683251,0.0679920356606648,-0.05057316250842886,0.017418873152235947,-0.03315428935619291,0.010279,0.0071398731522359475,-0.04343328935619291,convergence,False
69311L__912087,69311L,912087,2026-01-21,2026-01-23,2,16.080002,16.289994,31.7341057748,32.8548952124,0.03531813518092007,-0.013059202355820585,0.022258932825099484,0.0091997304692789,0.010279,0.011979932825099484,-0.0010792695307210998,convergence,False
69311L__912087,69311L,912087,2026-03-04,2026-03-05,1,18.220002,17.759995,0.0,0.0,0.0,0.025247362760992063,0.025247362760992063,0.05049472552198413,0.010279,0.014968362760992063,0.04021572552198413,overnight_abort,True
69311L__912087,69311L,912087,2026-03-31,2026-04-10,10,18.520005,18.080002,37.0769179392,35.9835522788,-0.02948911940827827,0.023758254924877223,-0.005730864483401047,0.018027390441476176,0.010279,-0.016009864483401047,0.007748390441476176,convergence,False
53401R__14790N,53401R,14790N,2024-04-08,2024-04-15,7,27.800004,27.240006,27.3940096122,27.4112002235,0.0006275317685638304,0.02014381005125036,0.02077134181981419,0.04091515187106455,0.011405,0.00936634181981419,0.029510151871064552,convergence,False
53401R__14790N,53401R,14790N,2024-04-19,2024-04-30,11,27.259995,26.910004,27.2013933672,27.051517446000002,-0.005509861909527144,0.012838997219185083,0.007329135309657939,0.020168132528843023,0.011405,-0.0040758646903420615,0.008763132528843023,convergence,False
53401R__14790N,53401R,14790N,2024-06-12,2024-06-13,1,26.779999,26.093995,0.0,0.0,0.0,0.025616281763117338,0.025616281763117338,0.051232563526234676,0.011405,0.014211281763117338,0.03982756352623468,overnight_abort,True
53401R__14790N,53401R,14790N,2024-08-05,2024-08-06,1,26.550004,27.012497,0.0,0.0,0.0,-0.017419696057296204,-0.017419696057296204,-0.03483939211459241,0.011405,-0.028824696057296206,-0.04624439211459241,overnight_abort,True
53401R__14790N,53401R,14790N,2024-08-16,2024-08-20,4,29.399994,29.479996,29.0119015938,29.671954071,0.02275109320448867,-0.002721157017923213,0.020029936186565456,0.017308779168642242,0.011405,0.008624936186565456,0.005903779168642242,convergence,False
53401R__14790N,53401R,14790N,2024-10-23,2024-10-30,7,31.589997,31.199997,30.5341479952,31.22148345,0.022510385909836072,0.012345680184774964,0.03485606609461103,0.047201746279386,0.011405,0.023451066094611034,0.035796746279386005,convergence,False
53401R__14790N,53401R,14790N,2025-03-05,2025-03-06,1,21.699997,21.759995,0.0,0.0,0.0,-0.0027648851748689283,-0.0027648851748689283,-0.0055297703497378566,0.011405,-0.014169885174868928,-0.01693477034973786,overnight_abort,True
53401R__14790N,53401R,14790N,2025-03-17,2025-03-18,1,23.123002,22.479996,0.0,0.0,0.0,0.02780806748189529,0.02780806748189529,0.05561613496379058,0.011405,0.016403067481895288,0.04421113496379058,overnight_abort,True
53401R__14790N,53401R,14790N,2025-04-04,2025-04-08,4,21.64,19.5,19.097702522349998,19.874226717,0.04066060793130675,0.09889094269870613,0.13955155063001287,0.238442493328719,0.011405,0.12814655063001287,0.227037493328719,convergence,False
53401R__14790N,53401R,14790N,2025-04-09,2025-04-10,1,19.940003,19.274003,0.0,0.0,0.0,0.033400195576700785,0.033400195576700785,0.06680039115340157,0.011405,0.021995195576700786,0.05539539115340157,overnight_abort,True
53401R__14790N,53401R,14790N,2025-11-28,2025-12-04,6,23.559998,21.979996,22.4838351345,22.1992957901,-0.012655285128087203,0.0670629089187529,0.054407623790665695,0.1214705327094186,0.011405,0.043002623790665696,0.1100655327094186,convergence,False
53401R__14790N,53401R,14790N,2025-12-29,2026-01-06,8,21.904999,21.858002,21.2518367748,22.056945957,0.03788421634946308,0.002145491994772566,0.04002970834423565,0.04217520033900821,0.011405,0.028624708344235653,0.030770200339008215,convergence,False
69368T__68341V,69368T,68341V,2024-05-02,2024-05-07,5,25.089997,25.39,2.5923648381749995,2.5545129400638955,-0.014601300539838902,-0.011957075961388128,-0.02655837650122703,-0.03851545246261516,0.021394,-0.04795237650122703,-0.059909452462615156,convergence,False
69368T__68341V,69368T,68341V,2024-07-26,2024-07-31,5,19.240006,18.630005,1.9128832021439999,1.87649188926,-0.019024325606086002,0.031704823792674516,0.012680498186588514,0.04438532197926303,0.021394,-0.008713501813411486,0.02299132197926303,convergence,False
69368T__68341V,69368T,68341V,2024-08-08,2024-08-14,6,18.009995,17.809998,1.7902946241885913,1.8017439953759997,0.006395244130612057,0.011104778207878445,0.017500022338490503,0.028604800546368946,0.021394,-0.0038939776615094963,0.0072108005463689465,convergence,False
69368T__68341V,69368T,68341V,2024-08-15,2024-08-20,5,18.570008,18.949997,1.893679597218067,1.9156942808857311,0.01162534765649119,-0.02046251137856259,-0.0088371637220714,-0.02929967510063399,0.021394,-0.0302311637220714,-0.050693675100633995,convergence,False
69368T__68341V,69368T,68341V,2024-09-24,2024-09-30,6,21.039994,25.059998,2.011625293122,2.5627993957774056,0.2739944186126209,-0.19106488338352187,0.08292953522909904,-0.10813534815442283,0.021394,0.06153553522909905,-0.12952934815442282,convergence,False
69368T__68341V,69368T,68341V,2024-10-09,2024-10-10,1,25.554993,25.5,0.0,0.0,0.0,0.002151947370911024,0.002151947370911024,0.004303894741822048,0.021394,-0.019242052629088974,-0.017090105258177953,overnight_abort,True
69368T__68341V,69368T,68341V,2024-11-07,2024-11-08,1,27.557999,26.080002,0.0,0.0,0.0,0.053632232151543315,0.053632232151543315,0.10726446430308663,0.021394,0.03223823215154331,0.08587046430308663,overnight_abort,True
69368T__68341V,69368T,68341V,2024-12-09,2024-12-11,2,27.279999,27.024994,2.7141063578541327,2.707500413639292,-0.002433929752135211,0.009347690958493093,0.006913761206357881,0.016261452164850976,0.021394,-0.014480238793642118,-0.005132547835149024,convergence,False
69368T__68341V,69368T,68341V,2025-02-21,2025-02-24,1,22.686005,22.970002,0.0,0.0,0.0,-0.012518599021731653,-0.012518599021731653,-0.025037198043463306,0.021394,-0.03391259902173165,-0.04643119804346331,overnight_abort,True
69368T__68341V,69368T,68341V,2025-04-25,2025-04-30,5,18.589798,17.600007,1.8023244573000001,1.802568467016,0.00013538612041333445,0.05324377381615426,0.0533791599365676,0.10662293375272186,0.021394,0.0319851599365676,0.08522893375272186,convergence,False
69368T__68341V,69368T,68341V,2025-05-15,2025-05-20,5,20.669007,19.707993,1.9937678247300001,1.977857779392,-0.007979888701511511,0.04649541218888756,0.038515523487376045,0.08501093567626361,0.021394,0.017121523487376045,0.06361693567626361,convergence,False
69368T__68341V,69368T,68341V,2025-07-25,2025-07-28,1,24.110001,23.839997,0.0,0.0,0.0,0.011198838191669927,0.011198838191669927,0.022397676383339855,0.021394,-0.010195161808330072,0.0010036763833398549,overnight_abort,True
69368T__68341V,69368T,68341V,2025-08-15,2025-08-18,1,26.350007,25.563004,0.0,0.0,0.0,0.0298672785931329,0.0298672785931329,0.0597345571862658,0.021394,0.008473278593132901,0.038340557186265806,overnight_abort,True
69368T__68341V,69368T,68341V,2025-08-28,2025-08-29,1,26.410004,26.080002,0.0,0.0,0.0,0.01249534078071326,0.01249534078071326,0.02499068156142652,0.021394,-0.00889865921928674,0.0035966815614265207,overnight_abort,True
69368T__68341V,69368T,68341V,2025-10-14,2025-10-15,1,24.229996,23.75,0.0,0.0,0.0,0.019809990888979095,0.019809990888979095,0.03961998177795819,0.021394,-0.001584009111020905,0.01822598177795819,overnight_abort,True
69368T__68341V,69368T,68341V,2026-02-06,2026-02-11,5,23.580002,23.649994,2.3839387173016147,2.367688274147791,-0.006816636281748738,-0.002968277950103616,-0.009784914231852354,-0.012753192181955971,0.021394,-0.031178914231852352,-0.03414719218195597,convergence,False
69368T__68341V,69368T,68341V,2026-03-23,2026-03-24,1,21.298996,21.320008,0.0,0.0,0.0,-0.0009865253742478038,-0.0009865253742478038,-0.0019730507484956076,0.021394,-0.022380525374247805,-0.023367050748495606,overnight_abort,True
69368T__68341V,69368T,68341V,2026-03-31,2026-04-10,10,21.440003,21.911698,2.1804026986653127,2.197648594364813,0.007909500254268174,-0.022000696548410015,-0.014091196294141841,-0.036091892842551855,0.021394,-0.03548519629414184,-0.05748589284255186,convergence,False
54189H__140292,54189H,140292,2024-06-05,2024-06-14,9,31.210007,31.75,61.375827230300004,64.17384157000001,0.0455882138940635,-0.017301918580152804,0.028286295313910696,0.010984376733757892,0.01073,0.017556295313910696,0.00025437673375789185,convergence,False
54189H__140292,54189H,140292,2024-06-18,2024-06-20,1,33.070008,31.899994,0.0,0.0,0.0,0.035379912820099765,0.035379912820099765,0.07075982564019953,0.01073,0.024649912820099765,0.06002982564019953,overnight_abort,True
54189H__140292,54189H,140292,2024-08-05,2024-08-06,1,24.199997,24.710007,0.0,0.0,0.0,-0.02107479600100782,-0.02107479600100782,-0.04214959200201564,0.01073,-0.031804796001007815,-0.05287959200201564,overnight_abort,True
54189H__140292,54189H,140292,2024-09-11,2024-09-12,1,29.130005,29.89,0.0,0.0,0.0,-0.02608976551840619,-0.02608976551840619,-0.05217953103681238,0.01073,-0.03681976551840619,-0.06290953103681238,overnight_abort,True
54189H__140292,54189H,140292,2025-01-21,2025-01-23,2,30.729996,33.399994,65.352791856,68.91800988600001,0.05455341583349191,-0.0868857255952783,-0.03233230976178639,-0.11921803535706468,0.01073,-0.04306230976178639,-0.12994803535706467,convergence,False
54189H__140292,54189H,140292,2025-04-07,2025-04-08,1,21.050004,21.020005,0.0,0.0,0.0,0.0014251303705215498,0.0014251303705215498,0.0028502607410430996,0.01073,-0.00930486962947845,-0.007879739258956901,overnight_abort,True
54189H__140292,54189H,140292,2025-04-09,2025-04-10,1,23.740006,21.979996,0.0,0.0,0.0,0.07413688101005539,0.07413688101005539,0.14827376202011078,0.01073,0.06340688101005539,0.1375437620201108,overnight_abort,True
54189H__140292,54189H,140292,2025-08-18,2025-08-19,1,57.429993,53.25,0.0,0.0,0.0,0.07278414608199592,0.07278414608199592,0.14556829216399184,0.01073,0.062054146081995915,0.13483829216399185,overnight_abort,True
54189H__140292,54189H,140292,2025-08-22,2025-08-25,1,51.830002,51.753006,0.0,0.0,0.0,0.0014855488525738658,0.0014855488525738658,0.0029710977051477317,0.01073,-0.009244451147426135,-0.007758902294852268,overnight_abort,True
54189H__140292,54189H,140292,2025-09-10,2025-09-12,2,56.240006,61.149994,121.63308932550001,123.450938526,0.014945350895719507,-0.08730418698746224,-0.07235883609174273,-0.159663023079205,0.01073,-0.08308883609174274,-0.17039302307920498,convergence,False
54189H__140292,54189H,140292,2025-09-22,2025-09-24,1,62.089997,63.369996,0.0,0.0,0.0,-0.020615220838229444,-0.020615220838229444,-0.04123044167645889,0.01073,-0.031345220838229444,-0.051960441676458885,overnight_abort,True
54189H__140292,54189H,140292,2025-10-01,2025-10-03,2,64.360001,67.039994,131.031195018,135.498957408,0.03409693691175025,-0.041640661254806324,-0.007543724343056071,-0.049184385597862396,0.01073,-0.01827372434305607,-0.0599143855978624,convergence,False
54189H__140292,54189H,140292,2025-10-06,2025-10-07,1,71.509995,68.778,0.0,0.0,0.0,0.03820437968146967,0.03820437968146967,0.07640875936293934,0.01073,0.02747437968146967,0.06567875936293933,overnight_abort,True
54189H__140292,54189H,140292,2025-10-08,2025-10-09,1,69.130005,74.800004,0.0,0.0,0.0,-0.0820193633719541,-0.0820193633719541,-0.1640387267439082,0.01073,-0.09274936337195411,-0.1747687267439082,overnight_abort,True
54189H__140292,54189H,140292,2025-11-05,2025-11-06,1,76.259995,72.789994,0.0,0.0,0.0,0.045502245312237566,0.045502245312237566,0.09100449062447513,0.01073,0.03477224531223756,0.08027449062447513,overnight_abort,True
54189H__140292,54189H,140292,2025-12-11,2025-12-12,1,59.050004,54.949997,0.0,0.0,0.0,0.06943279800624565,0.06943279800624565,0.1388655960124913,0.01073,0.05870279800624564,0.1281355960124913,overnight_abort,True
54189H__140292,54189H,140292,2025-12-29,2026-01-08,10,57.360001,13.9,28.13119188,27.4103586,-0.02562398646580206,0.7576708549917912,0.7320468685259891,1.4897177235177803,0.01073,0.7213168685259891,1.4789877235177804,convergence,False
54233V__28557J,54233V,28557J,2024-04-30,2024-05-01,1,8.4499999,8.2849999,0.0,0.0,0.0,0.01952662745001916,0.01952662745001916,0.03905325490003832,0.026683000000000002,-0.007156372549980843,0.012370254900038315,overnight_abort,True
54233V__28557J,54233V,28557J,2024-07-03,2024-07-11,8,9.5200005,9.3699999,18.77002414,19.0347248843,0.01410231240650928,0.01575636471867835,0.02985867712518763,0.045615041843865986,0.026683000000000002,0.0031756771251876294,0.018932041843865984,convergence,False
54233V__28557J,54233V,28557J,2024-08-05,2024-08-06,1,7.5900002,7.2200003,0.0,0.0,0.0,0.048748338636407505,0.048748338636407505,0.09749667727281501,0.026683000000000002,0.022065338636407503,0.07081367727281501,overnight_abort,True
54233V__28557J,54233V,28557J,2024-09-13,2024-09-19,6,8.8142005,8.6049996,16.6140006578,17.4787899696,0.05205184046950175,0.023734529297353833,0.07578636976685559,0.09952089906420941,0.026683000000000002,0.04910336976685559,0.07283789906420941,convergence,False
54233V__28557J,54233V,28557J,2024-09-26,2024-09-27,1,9.0500002,8.2200003,0.0,0.0,0.0,0.0917126941057967,0.0917126941057967,0.1834253882115934,0.026683000000000002,0.0650296941057967,0.1567423882115934,overnight_abort,True
54233V__28557J,54233V,28557J,2024-12-13,2024-12-17,4,9.3699999,8.8800002,18.0818618975,18.0885371103,0.000369166230659052,0.052294525638148646,0.0526636918688077,0.10495821750695634,0.026683000000000002,0.025980691868807696,0.07827521750695635,convergence,False
54233V__28557J,54233V,28557J,2025-02-12,2025-02-14,2,9.9965001,10.0,20.091621754,20.2435249572,0.007560524733139461,-0.00035011253588639046,0.007210412197253071,0.00686029966136668,0.026683000000000002,-0.01947258780274693,-0.01982270033863332,convergence,False
54233V__28557J,54233V,28557J,2025-02-25,2025-03-04,7,11.170001,10.44,21.215373354,21.1474916928,-0.003199644902181403,0.06535370945803852,0.06215406455585712,0.12750777401389563,0.026683000000000002,0.03547106455585712,0.10082477401389563,convergence,False
54233V__28557J,54233V,28557J,2025-03-27,2025-04-01,5,11.350001,10.57,21.8106568368,21.2278167664,-0.026722719758563326,0.06872254901122919,0.04199982925266586,0.11072237826389505,0.026683000000000002,0.015316829252665861,0.08403937826389506,convergence,False
54233V__28557J,54233V,28557J,2025-04-07,2025-04-08,1,9.0,8.9899998,0.0,0.0,0.0,0.001111133333333372,0.001111133333333372,0.002222266666666744,0.026683000000000002,-0.02557186666666663,-0.02446073333333326,overnight_abort,True
54233V__28557J,54233V,28557J,2025-04-09,2025-04-10,1,9.3400002,8.9899998,0.0,0.0,0.0,0.03747327542883787,0.03747327542883787,0.07494655085767574,0.026683000000000002,0.010790275428837866,0.04826355085767574,overnight_abort,True
54233V__28557J,54233V,28557J,2025-05-12,2025-05-13,1,11.07,10.310001,0.0,0.0,0.0,0.06865392953929544,0.06865392953929544,0.1373078590785909,0.026683000000000002,0.041970929539295446,0.11062485907859089,overnight_abort,True
54233V__28557J,54233V,28557J,2025-08-08,2025-08-12,1,13.670001,12.639201,0.0,0.0,0.0,0.07540599302077589,0.07540599302077589,0.15081198604155177,0.026683000000000002,0.04872299302077589,0.12412898604155177,overnight_abort,True
54233V__28557J,54233V,28557J,2025-08-14,2025-08-20,6,13.720001,12.69,27.106897314,26.4643977766,-0.023702437426070467,0.07507295371188387,0.051370516285813406,0.12644346999769726,0.026683000000000002,0.024687516285813404,0.09976046999769726,convergence,False
54233V__28557J,54233V,28557J,2025-08-21,2025-08-22,1,13.69,13.25,0.0,0.0,0.0,0.032140248356464535,0.032140248356464535,0.06428049671292907,0.026683000000000002,0.005457248356464533,0.03759749671292907,overnight_abort,True
54233V__28557J,54233V,28557J,2025-09-03,2025-09-05,2,13.390001,12.970001,26.406706158600002,26.6883755936,0.010666587241448327,0.03136668921832044,0.042033276459768766,0.07339996567808921,0.026683000000000002,0.015350276459768764,0.04671696567808921,convergence,False
54233V__28557J,54233V,28557J,2025-09-26,2025-10-02,6,12.69,11.890001,23.9240874105,23.924483029199997,1.6536417594910033e-05,0.06304168636721826,0.06305822278481317,0.12609990915203143,0.026683000000000002,0.03637522278481317,0.09941690915203143,convergence,False
54233V__28557J,54233V,28557J,2025-11-04,2025-11-05,1,11.890001,10.48,0.0,0.0,0.0,0.11858712207004855,0.11858712207004855,0.2371742441400971,0.026683000000000002,0.09190412207004856,0.2104912441400971,overnight_abort,True
54233V__28557J,54233V,28557J,2025-11-19,2025-11-20,1,11.550001,10.600001,0.0,0.0,0.0,0.08225107512977699,0.08225107512977699,0.16450215025955398,0.026683000000000002,0.05556807512977699,0.13781915025955396,overnight_abort,True
54233V__28557J,54233V,28557J,2025-12-26,2026-01-08,13,12.350001,11.7,23.4406455894,24.299601623999997,0.036643872768948975,0.052631655657355926,0.0892755284263049,0.14190718408366082,0.026683000000000002,0.0625925284263049,0.11522418408366082,convergence,False
54235U__906764,54235U,906764,2024-11-11,2024-11-22,11,46.529999,43.300004,21.867320381,21.8215874151,-0.002091384088364742,0.06941747409020996,0.06732609000184521,0.13674356409205518,0.031812999999999994,0.035513090001845216,0.10493056409205519,convergence,False
54235U__906764,54235U,906764,2025-04-09,2025-04-30,21,50.600007,59.304993,26.7972707926,29.6627644772,0.10693229570943097,-0.17203527264334184,-0.06510297693391087,-0.2371382495772527,0.031812999999999994,-0.09691597693391087,-0.2689512495772527,convergence,False
54235U__906764,54235U,906764,2026-04-08,2026-04-22,1,75.490006,67.279999,0.0,0.0,0.0,0.10875621072278085,0.10875621072278085,0.2175124214455617,0.031812999999999994,0.07694321072278086,0.18569942144556173,overnight_abort,True
54297Q__503004,54297Q,503004,2024-05-14,2024-08-02,80,4.3999997,4.6239996,23.1404945408,23.760619585,0.02679826237536249,-0.05090907165289123,-0.024110809277528737,-0.07501988093041996,0.026372,-0.05048280927752874,-0.10139188093041995,convergence,False
54297Q__503004,54297Q,503004,2024-08-15,2024-09-10,26,4.9300004,4.8800002,24.8780471256,24.4357849081,-0.017777207964402537,0.01014202757468344,-0.007635180389719097,0.002506847184964342,0.026372,-0.034007180389719095,-0.023865152815035658,convergence,False
54297Q__503004,54297Q,503004,2024-12-03,2024-12-18,15,5.1899996,4.7600003,24.9095433832,23.873654112,-0.04158604014791552,0.08285150927564626,0.04126546912773074,0.124116978403377,0.026372,0.014893469127730742,0.09774497840337701,convergence,False
54297Q__503004,54297Q,503004,2025-02-18,2025-03-10,20,5.2299996,5.04,25.872254330999997,25.381949640600002,-0.0189509844842749,0.03632879818958307,0.01737781370530817,0.05370661189489123,0.026372,-0.008994186294691831,0.027334611894891232,convergence,False
54297Q__503004,54297Q,503004,2025-03-25,2025-04-01,7,5.455,5.0179997,26.679061144400002,24.8571317866,-0.06829060992584551,0.08011004582951425,0.01181943590366874,0.091929481733183,0.026372,-0.01455256409633126,0.06555748173318299,convergence,False
54297Q__503004,54297Q,503004,2025-08-08,2025-10-07,60,5.5900002,5.6000004,28.0988922304,27.5961950656,-0.017890284096542995,-0.0017889444798229988,-0.019679228576365993,-0.02146817305618899,0.026372,-0.046051228576365996,-0.04784017305618899,convergence,False
54297Q__503004,54297Q,503004,2025-12-11,2026-03-06,85,6.0100003,6.4799996,30.040109195499998,32.890775916,0.09489535147651974,-0.07820287463213613,0.016692476844383616,-0.06151039778775251,0.026372,-0.009679523155616383,-0.0878823977877525,convergence,False
54350L__904660,54350L,904660,2025-02-20,2025-02-24,1,11.850001,9.6999999,0.0,0.0,0.0,0.18143467667217925,0.18143467667217925,0.3628693533443585,0.029418,0.15201667667217925,0.3334513533443585,overnight_abort,True
54350L__904660,54350L,904660,2025-11-06,2025-11-17,1,15.350001,15.23,0.0,0.0,0.0,0.007817654213833618,0.007817654213833618,0.015635308427667235,0.029418,-0.021600345786166382,-0.013782691572332764,overnight_abort,True
54350L__904660,54350L,904660,2026-01-21,2026-01-28,1,19.0,17.228501,0.0,0.0,0.0,0.09323678947368413,0.09323678947368413,0.18647357894736827,0.029418,0.06381878947368413,0.15705557894736827,overnight_abort,True
54350L__904660,54350L,904660,2026-02-25,2026-03-06,9,18.5,14.57,16.62345083860792,16.23311929307738,-0.0234807772056567,0.21243243243243243,0.18895165522677573,0.40138408765920813,0.029418,0.15953365522677573,0.37196608765920813,convergence,False
75750Q__865082,75750Q,865082,2024-08-08,2024-10-23,76,17.839997,18.369996,17.8953816512,18.460329966,0.03156950356306681,-0.029708469121379342,0.0018610344416874654,-0.027847434679691876,0.013438,-0.011576965558312535,-0.041285434679691875,convergence,False
75750Q__865082,75750Q,865082,2024-11-08,2024-12-12,34,20.440003,19.539994,20.55752536,19.7149878594,-0.040984383375217634,0.04403174500512552,0.003047361629907888,0.04707910663503341,0.013438,-0.010390638370092112,0.03364110663503341,convergence,False
75750Q__865082,75750Q,865082,2025-04-09,2025-04-10,1,18.75,18.610001,0.0,0.0,0.0,0.007466613333333308,0.007466613333333308,0.014933226666666617,0.013438,-0.005971386666666692,0.0014952266666666165,overnight_abort,True
54468C__906299,54468C,906299,2025-08-07,2025-08-25,18,8.1300002,8.1836997,8.280357546433999,8.401402515280317,0.014618326342495581,-0.006605104388558374,0.008013221953937208,0.0014081175653788327,0.043272,-0.03525877804606279,-0.041863882434621164,convergence,False
54468C__906299,54468C,906299,2025-10-03,2025-10-30,27,8.4300004,8.2349997,8.038024573326009,8.259317509261338,0.027530761310395165,0.023131754537046207,0.05066251584744137,0.07379427038448758,0.043272,0.007390515847441374,0.030522270384487578,convergence,False
54468C__906299,54468C,906299,2026-03-25,2026-03-27,2,8.9899998,8.5924998,8.511811068023999,8.563866507426654,0.006115671387280962,0.04421579631180849,0.05033146769908945,0.09454726401089794,0.043272,0.007059467699089453,0.05127526401089794,convergence,False
54468C__906299,54468C,906299,2026-04-07,2026-04-09,2,9.3999997,8.7650004,8.495947588129207,8.744600475539759,0.029267234152665595,0.06755311917722726,0.09682035332989285,0.16437347250712012,0.043272,0.05354835332989285,0.12110147250712011,convergence,False
54468C__906299,54468C,906299,2026-04-22,2026-04-28,6,9.4200001,8.2849999,8.875108826415,8.373429084636,-0.056526601711727756,0.12048834266997499,0.06396174095824723,0.18445008362822224,0.043272,0.020689740958247237,0.14117808362822223,convergence,False
75986N__75858Q,75986N,75858Q,2024-06-12,2024-06-13,1,8.0900002,7.9449997,0.0,0.0,0.0,0.017923423537121803,0.017923423537121803,0.035846847074243605,0.015311,0.0026124235371218028,0.020535847074243607,overnight_abort,True
75986N__75858Q,75986N,75858Q,2024-07-03,2024-07-17,14,8.4392005,8.3000002,8.268648316425,8.311739189590266,0.005211356380905594,0.01649448902179781,0.021705845402703407,0.038200334424501214,0.015311,0.006394845402703407,0.022889334424501216,convergence,False
75986N__75858Q,75986N,75858Q,2024-11-11,2024-11-12,1,7.4700003,7.1499997,0.0,0.0,0.0,0.04283809734251273,0.04283809734251273,0.08567619468502546,0.015311,0.027527097342512734,0.07036519468502546,overnight_abort,True
75986N__75858Q,75986N,75858Q,2024-11-13,2024-11-18,5,7.2200003,7.2399998,6.995579556068609,7.268822033781976,0.0390593053117853,-0.002770013735317982,0.03628929157646732,0.03351927784114934,0.015311,0.02097829157646732,0.01820827784114934,convergence,False
75986N__75858Q,75986N,75858Q,2024-12-04,2024-12-05,1,7.5299998,7.4600001,0.0,0.0,0.0,0.0092961091446509,0.0092961091446509,0.0185922182893018,0.015311,-0.006014890855349101,0.0032812182893017985,overnight_abort,True
75986N__75858Q,75986N,75858Q,2024-12-06,2024-12-09,1,7.5498,7.4399996,0.0,0.0,0.0,0.014543484595618444,0.014543484595618444,0.029086969191236888,0.015311,-0.0007675154043815559,0.013775969191236888,overnight_abort,True
75986N__75858Q,75986N,75858Q,2025-02-13,2025-02-18,5,6.8100005,6.8800002,6.879248356791001,6.879686229936,6.365130640579365e-05,-0.010278956660869473,-0.010215305354463678,-0.02049426201533315,0.015311,-0.02552630535446368,-0.03580526201533315,convergence,False
75986N__75858Q,75986N,75858Q,2025-03-04,2025-03-06,2,6.9099999,6.3599997,6.316524451503926,6.371119578656022,0.008643222641067611,0.0795948202546283,0.08823804289569591,0.16783286315032422,0.015311,0.0729270428956959,0.15252186315032423,convergence,False
75986N__75858Q,75986N,75858Q,2025-05-14,2025-05-21,7,6.0900002,5.3999997,5.542206725139732,5.497263534252,-0.008109259202452113,0.11330057099177106,0.10519131178931894,0.21849188278109,0.015311,0.08988031178931893,0.20318088278109,convergence,False
75986N__75858Q,75986N,75858Q,2025-08-26,2025-09-15,20,5.2159997,5.04,4.98357139000232,5.035010796857766,0.010321795923028306,0.03374227571370454,0.04406407163673285,0.07780634735043739,0.015311,0.028753071636732852,0.06249534735043739,convergence,False
75986N__75858Q,75986N,75858Q,2025-11-21,2025-12-17,26,3.7399998,3.1899996,3.652466501058716,3.2890821420266745,-0.0994901278154665,0.14705888486945906,0.047568757053992564,0.1946276419234516,0.015311,0.032257757053992565,0.17931664192345162,convergence,False
75986N__75858Q,75986N,75858Q,2026-04-01,2026-04-08,7,2.6300002,2.75,2.5778358616224466,2.8108479574293583,0.09039058664513179,-0.04562729691047172,0.044763289734660074,-0.000864007175811643,0.015311,0.029452289734660075,-0.01617500717581164,convergence,False
70162L__952259,70162L,952259,2024-04-30,2024-05-07,7,9.9399996,9.7930003,9.9515110255,9.8710358802,-0.008086726236225805,0.014788662566948286,0.006701936330722481,0.021490598897670767,0.016567,-0.009865063669277517,0.004923598897670769,convergence,False
70162L__952259,70162L,952259,2024-05-09,2024-05-14,5,10.315,10.245,10.4793391584,10.308453855,-0.016306877830461537,0.006786233640329645,-0.009520644190131891,-0.0027344105498022468,0.016567,-0.02608764419013189,-0.019301410549802243,convergence,False
70162L__952259,70162L,952259,2024-07-29,2024-07-30,1,11.930001,11.54,0.0,0.0,0.0,0.03269077680714374,0.03269077680714374,0.06538155361428748,0.016567,0.01612377680714374,0.04881455361428748,overnight_abort,True
70162L__952259,70162L,952259,2024-08-22,2024-08-23,1,12.91,12.325,0.0,0.0,0.0,0.04531371030209147,0.04531371030209147,0.09062742060418294,0.016567,0.02874671030209147,0.07406042060418294,overnight_abort,True
70162L__952259,70162L,952259,2024-09-20,2024-10-01,11,12.7345,12.153,12.322837464,12.307584381,-0.0012377898389522473,0.04566335545172563,0.04442556561277339,0.09008892106449902,0.016567,0.02785856561277339,0.07352192106449902,convergence,False
70162L__952259,70162L,952259,2024-10-18,2024-10-21,1,12.600001,11.62,0.0,0.0,0.0,0.07777785097001194,0.07777785097001194,0.15555570194002388,0.016567,0.06121085097001194,0.13898870194002388,overnight_abort,True
70162L__952259,70162L,952259,2024-12-03,2024-12-06,3,12.5,11.233,11.8639003267,11.364014254999999,-0.04213505322317946,0.10135999999999995,0.05922494677682049,0.16058494677682045,0.016567,0.04265794677682049,0.14401794677682045,convergence,False
70162L__952259,70162L,952259,2024-12-24,2024-12-27,3,10.930001,10.08,9.9224805568,10.19735727405,0.02770241933723157,0.07776769645309278,0.10547011579032435,0.18323781224341715,0.016567,0.08890311579032435,0.16667081224341715,convergence,False
70162L__952259,70162L,952259,2025-01-24,2025-01-27,1,10.74,9.9600001,0.0,0.0,0.0,0.07262568901303537,0.07262568901303537,0.14525137802607074,0.016567,0.05605868901303537,0.12868437802607074,overnight_abort,True
70162L__952259,70162L,952259,2025-05-01,2025-05-08,7,10.420001,9.9700003,10.1686723028,9.971217141,-0.01941798849645578,0.04318624345621451,0.02376825495975873,0.06695449841597324,0.016567,0.0072012549597587315,0.050387498415973245,convergence,False
70162L__952259,70162L,952259,2025-05-13,2025-05-16,3,10.090001,10.74,9.9281107718,10.7773117037,0.08553499768677918,-0.06442011254508292,0.021114885141696252,-0.04330522740338667,0.016567,0.0045478851416962535,-0.05987222740338667,convergence,False
70162L__952259,70162L,952259,2025-07-14,2025-07-16,1,11.600001,11.165,0.0,0.0,0.0,0.037500082974130905,0.037500082974130905,0.07500016594826181,0.016567,0.020933082974130907,0.05843316594826181,overnight_abort,True
70162L__952259,70162L,952259,2025-07-17,2025-07-18,1,11.83,11.310001,0.0,0.0,0.0,0.04395595942519022,0.04395595942519022,0.08791191885038044,0.016567,0.02738895942519022,0.07134491885038044,overnight_abort,True
70162L__952259,70162L,952259,2025-09-10,2025-09-12,2,11.590001,10.880001,11.249617197600001,10.9670211159,-0.02512050647912628,0.06125970135809314,0.03613919487896686,0.09739889623706,0.016567,0.01957219487896686,0.08083189623706,convergence,False
70162L__952259,70162L,952259,2025-09-24,2025-09-25,1,11.41,10.75,0.0,0.0,0.0,0.05784399649430325,0.05784399649430325,0.1156879929886065,0.016567,0.041276996494303254,0.09912099298860651,overnight_abort,True
70162L__952259,70162L,952259,2025-10-02,2025-10-03,1,11.800001,11.100001,0.0,0.0,0.0,0.05932202887101444,0.05932202887101444,0.11864405774202888,0.016567,0.04275502887101444,0.10207705774202888,overnight_abort,True
70162L__952259,70162L,952259,2025-11-17,2025-11-18,1,10.680001,10.180001,0.0,0.0,0.0,0.04681647501718399,0.04681647501718399,0.09363295003436797,0.016567,0.030249475017183988,0.07706595003436797,overnight_abort,True
70162L__952259,70162L,952259,2026-01-09,2026-01-13,1,11.03,10.770001,0.0,0.0,0.0,0.02357198549410687,0.02357198549410687,0.04714397098821374,0.016567,0.007004985494106872,0.030576970988213742,overnight_abort,True
70162L__952259,70162L,952259,2026-01-22,2026-01-27,5,11.44,11.340001,11.3091224529,11.498405975,0.01673724224742674,0.008741171328671207,0.02547841357609795,0.03421958490476916,0.016567,0.00891141357609795,0.01765258490476916,convergence,False
70162L__952259,70162L,952259,2026-01-28,2026-01-29,1,11.7,11.25,0.0,0.0,0.0,0.0384615384615384,0.0384615384615384,0.0769230769230768,0.016567,0.021894538461538403,0.060356076923076804,overnight_abort,True
70162L__952259,70162L,952259,2026-02-20,2026-02-27,7,11.48,11.100001,11.059080202799999,11.204383104200001,0.013138787198886042,0.033100958188153284,0.04623974538703933,0.07934070357519261,0.016567,0.02967274538703933,0.06277370357519262,convergence,False
70162L__952259,70162L,952259,2026-04-06,2026-04-09,3,12.220001,11.945,11.8465153639,11.9334444313,0.007337944089862883,0.022504171644503107,0.02984211573436599,0.052346287378869094,0.016567,0.013275115734365992,0.035779287378869096,convergence,False
86981X__725535,86981X,725535,2024-04-19,2024-04-24,5,20.199997,20.380005,40.8279223332,40.9282535794,0.0024574173865911713,-0.008911288452171593,-0.006453871065580422,-0.015365159517752015,0.009615,-0.01606887106558042,-0.024980159517752017,convergence,False
86981X__725535,86981X,725535,2024-04-26,2024-04-30,1,20.470002,21.25,0.0,0.0,0.0,-0.038104441807089176,-0.038104441807089176,-0.07620888361417835,0.009615,-0.047719441807089175,-0.08582388361417835,overnight_abort,True
86981X__725535,86981X,725535,2024-05-29,2024-05-31,2,19.630005,20.510499,39.8915992064,41.153097765,0.03162316336512294,-0.044854496980515225,-0.013231333615392284,-0.05808583059590751,0.009615,-0.022846333615392282,-0.06770083059590751,convergence,False
86981X__725535,86981X,725535,2024-06-20,2024-06-26,6,19.880005,20.899994,39.973718082000005,41.979912075,0.05018782563294699,-0.05130728085832971,-0.0011194552253827178,-0.05242673608371243,0.009615,-0.010734455225382718,-0.062041736083712426,convergence,False
86981X__725535,86981X,725535,2024-07-10,2024-07-11,1,22.119996,22.210007,0.0,0.0,0.0,-0.004069214117398598,-0.004069214117398598,-0.008138428234797195,0.009615,-0.013684214117398598,-0.017753428234797197,overnight_abort,True
86981X__725535,86981X,725535,2024-07-26,2024-07-29,1,24.914994,24.660004,0.0,0.0,0.0,0.010234399414264333,0.010234399414264333,0.020468798828528666,0.009615,0.0006193994142643326,0.010853798828528665,overnight_abort,True
86981X__725535,86981X,725535,2024-08-05,2024-08-06,1,25.718003,25.419999,0.0,0.0,0.0,0.011587369361454653,0.011587369361454653,0.023174738722909306,0.009615,0.0019723693614546525,0.013559738722909305,overnight_abort,True
86981X__725535,86981X,725535,2024-08-30,2024-09-03,1,29.791001,28.875,0.0,0.0,0.0,0.030747573738794522,0.030747573738794522,0.061495147477589045,0.009615,0.02113257373879452,0.051880147477589046,overnight_abort,True
86981X__725535,86981X,725535,2024-10-22,2024-10-24,2,30.485001,30.220002,59.5967531952,60.561149874,0.016182033870893387,0.008692766649408984,0.024874800520302373,0.033567567169711356,0.009615,0.015259800520302373,0.023952567169711357,convergence,False
86981X__725535,86981X,725535,2025-02-07,2025-02-10,1,26.615006,26.354508,0.0,0.0,0.0,0.009787636343196838,0.009787636343196838,0.019575272686393676,0.009615,0.00017263634319683759,0.009960272686393675,overnight_abort,True
86981X__725535,86981X,725535,2025-02-14,2025-02-19,5,24.479996,23.860001,49.2108375262,47.842875002999996,-0.0277979931244149,0.025326597275587767,-0.0024713958488271313,0.022855201426760636,0.009615,-0.012086395848827132,0.013240201426760636,convergence,False
86981X__725535,86981X,725535,2025-04-07,2025-04-08,1,24.857499,24.279999,0.0,0.0,0.0,0.023232425756106862,0.023232425756106862,0.046464851512213724,0.009615,0.013617425756106862,0.036849851512213726,overnight_abort,True
86981X__725535,86981X,725535,2025-04-09,2025-04-10,1,24.479996,23.919999,0.0,0.0,0.0,0.022875698182303592,0.022875698182303592,0.045751396364607184,0.009615,0.013260698182303592,0.036136396364607186,overnight_abort,True
86981X__725535,86981X,725535,2025-05-12,2025-05-14,2,23.679993,22.494996,46.413072838,45.518037032,-0.01928413163084515,0.05004211783339629,0.030757986202551137,0.08080010403594742,0.009615,0.021142986202551138,0.07118510403594742,convergence,False
86981X__725535,86981X,725535,2025-06-06,2025-06-10,4,25.779999,25.190003,49.341309077,50.3883195048,0.021219753739530556,0.022885803835756523,0.04410555757528708,0.0669913614110436,0.009615,0.03449055757528708,0.0573763614110436,convergence,False
86981X__725535,86981X,725535,2025-10-01,2025-10-02,1,28.419999,27.826005,0.0,0.0,0.0,0.020900563719231734,0.020900563719231734,0.04180112743846347,0.009615,0.011285563719231733,0.03218612743846347,overnight_abort,True
86981X__725535,86981X,725535,2026-01-09,2026-01-14,5,29.130005,28.860001,57.7811289765,57.7974127936,0.0002818189500351578,0.009268930781165335,0.009550749731200493,0.01881968051236583,0.009615,-6.425026879950703e-05,0.009204680512365828,convergence,False
86981X__725535,86981X,725535,2026-02-06,2026-02-10,4,30.110001,31.899994,61.6544246794,63.846876212400005,0.035560327493130366,-0.0594484536881948,-0.023888126195064432,-0.08333657988325924,0.009615,-0.03350312619506443,-0.09295157988325924,convergence,False
86981X__725535,86981X,725535,2026-02-25,2026-02-26,1,33.580002,33.25,0.0,0.0,0.0,0.009827337115703577,0.009827337115703577,0.019654674231407154,0.009615,0.00021233711570357687,0.010039674231407154,overnight_abort,True
86981X__725535,86981X,725535,2026-03-04,2026-03-05,1,32.800004,31.919999,0.0,0.0,0.0,0.026829417459827157,0.026829417459827157,0.053658834919654314,0.009615,0.017214417459827158,0.044043834919654315,overnight_abort,True
86981X__725535,86981X,725535,2026-03-23,2026-03-26,3,33.669999,34.589997,66.857805194,69.390560292,0.03788271377815595,-0.0273239687354906,0.010558745042665348,-0.01676522369282525,0.009615,0.000943745042665348,-0.02638022369282525,convergence,False
86981X__725535,86981X,725535,2026-03-31,2026-04-16,16,35.369996,33.449997,72.41585535,67.2487982245,-0.07135256637550708,0.05428326879087001,-0.017069297584637065,0.037213971206232946,0.009615,-0.026684297584637064,0.027598971206232947,convergence,False
74116U__30185X,74116U,30185X,2024-05-02,2024-05-06,4,22.490006,24.820603,1.1342395895565949,1.2649728561916909,0.11526071549504209,-0.10362811819614443,0.011632597298897665,-0.09199552089724676,0.023909,-0.012276402701102335,-0.11590452089724676,convergence,False
74116U__30185X,74116U,30185X,2024-06-04,2024-06-07,3,25.059998,23.339997,1.2199492663437066,1.1802431576247048,-0.03254734423342412,0.06863532072109503,0.03608797648767091,0.10472329720876594,0.023909,0.012178976487670912,0.08081429720876594,convergence,False
74116U__30185X,74116U,30185X,2024-08-13,2024-08-14,1,18.850007,17.929993,0.0,0.0,0.0,0.048807090628666706,0.048807090628666706,0.09761418125733341,0.023909,0.024898090628666707,0.07370518125733341,overnight_abort,True
74116U__30185X,74116U,30185X,2024-09-24,2024-10-02,8,20.119996,26.154999,0.9518609975013724,1.3190351298560001,0.38574343661359894,-0.2999505069484109,0.08579292966518803,-0.21415757728322288,0.023909,0.061883929665188034,-0.2380665772832229,convergence,False
74116U__30185X,74116U,30185X,2024-10-09,2024-10-17,8,23.490006,20.360001,1.1544327497427898,1.0252584173059087,-0.11189420298901029,0.13324836954064637,0.021354166551636078,0.15460253609228244,0.023909,-0.002554833448363922,0.13069353609228246,convergence,False
74116U__30185X,74116U,30185X,2025-02-07,2025-02-10,1,19.800004,18.472199,0.0,0.0,0.0,0.06706084503821319,0.06706084503821319,0.13412169007642638,0.023909,0.04315184503821319,0.11021269007642638,overnight_abort,True
74116U__30185X,74116U,30185X,2025-02-13,2025-02-14,1,18.960007,18.020005,0.0,0.0,0.0,0.04957814625279409,0.04957814625279409,0.09915629250558818,0.023909,0.025669146252794088,0.07524729250558818,overnight_abort,True
74116U__30185X,74116U,30185X,2025-04-01,2025-04-02,1,20.320008,19.75,0.0,0.0,0.0,0.028051563759226933,0.028051563759226933,0.056103127518453866,0.023909,0.004142563759226933,0.032194127518453866,overnight_abort,True
74116U__30185X,74116U,30185X,2025-05-08,2025-05-14,6,19.6875,18.946396,0.9603147562038561,0.9772654879993947,0.01765122496143371,0.03764337777777778,0.05529460273921149,0.09293798051698926,0.023909,0.03138560273921149,0.06902898051698926,convergence,False
74116U__30185X,74116U,30185X,2025-05-27,2025-05-29,1,19.765,18.781006,0.0,0.0,0.0,0.04978466987098402,0.04978466987098402,0.09956933974196804,0.023909,0.025875669870984018,0.07566033974196804,overnight_abort,True
74116U__30185X,74116U,30185X,2025-09-23,2025-09-24,1,22.492493,22.660004,0.0,0.0,0.0,-0.00744741812301558,-0.00744741812301558,-0.01489483624603116,0.023909,-0.03135641812301558,-0.03880383624603116,overnight_abort,True
74116U__30185X,74116U,30185X,2025-12-22,2025-12-23,1,22.354996,20.965607,0.0,0.0,0.0,0.062151162988353985,0.062151162988353985,0.12430232597670797,0.023909,0.038242162988353985,0.10039332597670797,overnight_abort,True
74116U__30185X,74116U,30185X,2026-03-23,2026-04-22,30,27.220002,23.410004,1.248772306034,1.2293905004815124,-0.015520688166157788,0.13997052608592755,0.12444983791976977,0.2644203640056973,0.023909,0.10054083791976977,0.24051136400569728,convergence,False
54310V__981800,54310V,981800,2025-11-17,2026-01-23,67,8.9499999,9.2449999,4.153786108735214,4.675539480252477,0.12560910886095944,-0.03296089422302674,0.0926482146379327,0.05968732041490596,0.036535,0.0561132146379327,0.02315232041490596,convergence,False
86615F__410120,86615F,410120,2024-06-04,2024-06-25,21,48.309998,36.520005,42.74290568514,37.1647835475137,-0.13050404618527353,0.24404871637543854,0.11354467019016501,0.3575933865656036,0.027825999999999997,0.08571867019016502,0.32976738656560356,convergence,False
86615F__410120,86615F,410120,2024-10-11,2024-10-17,6,35.229996,31.479996,34.081055473569826,31.641320683350003,-0.07158624509478177,0.10644338421156789,0.03485713911678612,0.14130052332835402,0.027825999999999997,0.007031139116786121,0.11347452332835403,convergence,False
86615F__410120,86615F,410120,2024-10-18,2024-10-21,1,31.839997,26.135499,0.0,0.0,0.0,0.17916138622751757,0.17916138622751757,0.35832277245503513,0.027825999999999997,0.15133538622751758,0.3304967724550351,overnight_abort,True
86615F__410120,86615F,410120,2024-12-31,2025-01-02,1,21.880005,21.444504,0.0,0.0,0.0,0.01990406309322151,0.01990406309322151,0.03980812618644302,0.027825999999999997,-0.007921936906778487,0.011982126186443023,overnight_abort,True
86615F__410120,86615F,410120,2025-04-09,2025-04-10,1,9.7100001,9.9300004,0.0,0.0,0.0,-0.02265708524555016,-0.02265708524555016,-0.04531417049110032,0.027825999999999997,-0.05048308524555016,-0.07314017049110032,overnight_abort,True
86615F__410120,86615F,410120,2025-07-17,2025-07-18,1,18.289994,18.759995,0.0,0.0,0.0,-0.025697165346254346,-0.025697165346254346,-0.05139433069250869,0.027825999999999997,-0.05352316534625434,-0.0792203306925087,overnight_abort,True
86615F__410120,86615F,410120,2025-08-26,2025-08-27,1,23.149994,24.149994,0.0,0.0,0.0,-0.04319655547210941,-0.04319655547210941,-0.08639311094421882,0.027825999999999997,-0.07102255547210941,-0.11421911094421883,overnight_abort,True
86615F__410120,86615F,410120,2025-10-13,2025-10-15,2,28.520005,27.949997,28.221173992567056,28.090395833214547,-0.00463404390571965,0.01998625175556601,0.01535220784984636,0.03533845960541237,0.027825999999999997,-0.012473792150153637,0.007512459605412372,convergence,False
86615F__410120,86615F,410120,2025-11-19,2025-11-20,1,32.029999,31.580002,0.0,0.0,0.0,0.014049235530728435,0.014049235530728435,0.02809847106145687,0.027825999999999997,-0.013776764469271561,0.00027247106145687414,overnight_abort,True
86615F__410120,86615F,410120,2025-12-01,2025-12-08,7,31.5,33.875,30.969179228813605,34.093989845362124,0.10090065976437655,-0.07539682539682539,0.02550383436755116,-0.04989299102927423,0.027825999999999997,-0.0023221656324488374,-0.07771899102927424,convergence,False
86615F__410120,86615F,410120,2026-02-02,2026-02-04,2,39.782395,38.619996,39.01685800568142,38.94331280720962,-0.0018849595336735995,0.029218929629550975,0.027333970095877375,0.05655289972542835,0.027825999999999997,-0.000492029904122622,0.028726899725428356,convergence,False
86615F__410120,86615F,410120,2026-02-06,2026-02-10,4,37.029999,36.720002,36.991068799305964,36.90205154435765,-0.002406452634047356,0.008371509812895098,0.0059650571788477415,0.01433656699174284,0.027825999999999997,-0.021860942821152255,-0.013489433008257157,convergence,False
86615F__410120,86615F,410120,2026-03-09,2026-03-11,2,40.009995,42.279999,40.90131626339592,43.148331918634426,0.0549374900496648,-0.05673592311121241,-0.0017984330615476093,-0.05853435617276002,0.027825999999999997,-0.029624433061547606,-0.08636035617276001,convergence,False
86615F__410120,86615F,410120,2026-03-23,2026-03-26,3,36.600007,37.229996,37.02950502530007,38.12409945288185,0.02956006100632214,-0.017212810915582664,0.012347250090739476,-0.004865560824843188,0.027825999999999997,-0.015478749909260521,-0.03269156082484319,convergence,False
54184M__916983,54184M,916983,2024-05-08,2024-05-16,8,5.54,5.0100003,10.908856355200001,10.1325697347,-0.07116113689864131,0.09566781588447659,0.02450667898583528,0.12017449487031187,0.011294,0.013212678985835278,0.10888049487031187,convergence,False
54184M__916983,54184M,916983,2024-08-05,2024-08-06,1,3.8900004,3.8599997,0.0,0.0,0.0,0.00771226141776232,0.00771226141776232,0.01542452283552464,0.011294,-0.00358173858223768,0.00413052283552464,overnight_abort,True
54184M__916983,54184M,916983,2025-02-03,2025-02-05,2,3.1999999,3.3599997,6.6962550602999995,6.8409667043999995,0.021610832143767952,-0.049999939062498104,-0.028389106918730152,-0.07838904598122826,0.011294,-0.03968310691873015,-0.08968304598122825,convergence,False
54184M__916983,54184M,916983,2025-04-07,2025-04-08,1,2.6999999,2.6300002,0.0,0.0,0.0,0.025925815775030173,0.025925815775030173,0.05185163155006035,0.011294,0.014631815775030173,0.04055763155006035,overnight_abort,True
54184M__916983,54184M,916983,2025-04-09,2025-04-10,1,2.9499999,2.6199999,0.0,0.0,0.0,0.11186441057167497,0.11186441057167497,0.22372882114334994,0.011294,0.10057041057167497,0.21243482114334994,overnight_abort,True
54184M__916983,54184M,916983,2025-09-05,2025-09-09,4,3.7250004,3.8199997,7.9715302296,7.9537360595,-0.002232215093900868,-0.02550316504664,-0.027735380140540868,-0.053238545187180866,0.011294,-0.039029380140540866,-0.06453254518718086,convergence,False
54184M__916983,54184M,916983,2025-09-29,2025-09-30,1,3.6800004,3.58,0.0,0.0,0.0,0.02717401878543271,0.02717401878543271,0.05434803757086542,0.011294,0.015880018785432708,0.04305403757086542,overnight_abort,True
54184M__916983,54184M,916983,2025-10-03,2025-10-09,6,3.5699997,3.5349999,7.2162548185,7.1764548024,-0.005515328532740623,0.009803866370072812,0.004288537837332189,0.014092404207405002,0.011294,-0.007005462162667811,0.002798404207405002,convergence,False
54184M__916983,54184M,916983,2025-11-19,2025-11-20,1,3.4300004,3.3999997,0.0,0.0,0.0,0.008746558746756995,0.008746558746756995,0.01749311749351399,0.011294,-0.0025474412532430057,0.006199117493513989,overnight_abort,True
54184M__916983,54184M,916983,2025-12-18,2025-12-22,4,3.83,3.9700003,7.6664659442500005,8.0348894848,0.048056502595739715,-0.036553603133159286,0.01150289946258043,-0.025050703670578857,0.011294,0.00020889946258042906,-0.036344703670578855,convergence,False
54184M__916983,54184M,916983,2026-02-06,2026-02-10,4,4.0500002,4.3249999,7.7749623048,8.792952669,0.13093187134444717,-0.06790115714068347,0.0630307142037637,-0.004870442936919767,0.011294,0.0517367142037637,-0.016164442936919765,convergence,False
54184M__916983,54184M,916983,2026-03-04,2026-03-05,1,3.8301001,3.7200003,0.0,0.0,0.0,0.02874593277601282,0.02874593277601282,0.05749186555202564,0.011294,0.01745193277601282,0.04619786555202564,overnight_abort,True
54184M__916983,54184M,916983,2026-03-31,2026-04-16,16,3.33,3.4099999,6.8133874338,6.9761597784500005,0.023890076152504682,-0.02402399399399393,-0.0001339178414892471,-0.024157911835483176,0.011294,-0.011427917841489247,-0.03545191183548318,convergence,False
87527P__691252,87527P,691252,2025-02-28,2025-03-03,1,6.1499997,5.75,0.0,0.0,0.0,0.06504060479872875,0.06504060479872875,0.1300812095974575,0.047825,0.017215604798728752,0.0822562095974575,overnight_abort,True
51133P__41345T,51133P,41345T,2025-07-29,2025-09-10,1,4.0500002,3.6840001,0.0,0.0,0.0,0.09037039059899314,0.09037039059899314,0.18074078119798628,0.035788,0.05458239059899314,0.14495278119798627,overnight_abort,True
54188Q__930854,54188Q,930854,2024-04-16,2024-07-16,91,5.0600005,4.6700001,15.0694691598,14.0065043154,-0.0705376435711228,0.07707517024948908,0.006537526678366282,0.08361269692785536,0.014364,-0.007826473321633718,0.06924869692785536,force_close,False
54188Q__930854,54188Q,930854,2024-10-16,2025-01-14,90,4.3500004,3.4200001,13.214831611500001,10.349411352,-0.21683365658677128,0.21379315275465255,-0.003040503832118735,0.21075264892253381,0.014364,-0.017404503832118737,0.19638864892253383,force_close,False
54188Q__930854,54188Q,930854,2025-02-14,2025-02-26,12,3.3900004,3.6499997,9.9697487224,11.0671407,0.11007218016782934,-0.07669594965239533,0.03337623051543401,-0.043319719136961324,0.014364,0.019012230515434006,-0.057683719136961326,convergence,False
54188Q__930854,54188Q,930854,2025-05-12,2025-06-12,31,3.4700003,3.6300002,10.4895578788,11.0038676781,0.04903064602364709,-0.04610947728160135,0.002921168742045739,-0.04318830853955561,0.014364,-0.011442831257954261,-0.05755230853955561,convergence,False
87734F__932076,87734F,932076,2024-08-05,2024-08-06,1,61.220002,60.162507,0.0,0.0,0.0,0.017273684505923457,0.017273684505923457,0.034547369011846914,0.013599,0.003674684505923457,0.020948369011846914,overnight_abort,True
87734F__932076,87734F,932076,2025-04-09,2025-04-10,1,40.399994,40.304505,0.0,0.0,0.0,0.0023635894599390436,0.0023635894599390436,0.004727178919878087,0.013599,-0.011235410540060956,-0.008871821080121913,overnight_abort,True
87734F__932076,87734F,932076,2025-08-22,2025-08-25,1,41.949997,41.539994,0.0,0.0,0.0,0.009773612141140395,0.009773612141140395,0.01954722428228079,0.013599,-0.0038253878588596045,0.005948224282280791,overnight_abort,True
87734F__932076,87734F,932076,2025-09-19,2025-09-25,6,42.246506,42.169999,21.7167600288,21.2089854654,-0.0233816905802986,0.0018109663317482266,-0.021570724248550374,-0.019759757916802147,0.013599,-0.035169724248550374,-0.03335875791680215,convergence,False
87734F__932076,87734F,932076,2025-10-03,2025-10-07,4,48.419999,47.709,25.207009919,23.9096804576,-0.051467011183350515,0.01468399452052847,-0.03678301666282205,-0.022099022142293576,0.013599,-0.05038201666282205,-0.035698022142293576,convergence,False
87734F__932076,87734F,932076,2026-02-02,2026-02-03,1,62.880005,65.580002,0.0,0.0,0.0,-0.04293888017343504,-0.04293888017343504,-0.08587776034687009,0.013599,-0.05653788017343504,-0.09947676034687009,overnight_abort,True
87734F__932076,87734F,932076,2026-02-06,2026-02-12,6,69.559998,69.460007,33.6594283938,35.0584304805,0.041563453494584436,0.0014374784772131337,0.04300093197179757,0.0444384104490107,0.013599,0.029401931971797572,0.0308394104490107,convergence,False
87734F__932076,87734F,932076,2026-03-04,2026-03-05,1,61.279999,58.75,0.0,0.0,0.0,0.04128588513847718,0.04128588513847718,0.08257177027695436,0.013599,0.027686885138477182,0.06897277027695436,overnight_abort,True
87734F__932076,87734F,932076,2026-03-23,2026-03-25,2,55.699997,56.604996,27.6442216198,28.281179465,0.023041265330610152,-0.016247738756610643,0.006793526573999509,-0.009454212182611135,0.013599,-0.006805473426000491,-0.023053212182611135,convergence,False
87734F__932076,87734F,932076,2026-04-10,2026-04-16,6,65.460007,65.770005,32.8556623746,33.219210183200005,0.011064997091066238,-0.004735685408649484,0.006329311682416754,0.00159362627376727,0.013599,-0.007269688317583246,-0.01200537372623273,convergence,False
87137P__317614,87137P,317614,2024-12-12,2024-12-23,11,19.449997,17.574997,4.37095231302504,4.580699251243276,0.047986553775297355,0.09640104314669046,0.14438759692198783,0.24078864006867828,0.045856,0.09853159692198782,0.19493264006867828,convergence,False
87137P__317614,87137P,317614,2025-02-03,2025-02-21,18,16.649994,17.824997,4.0510260444999995,4.467711583992689,0.10285925958398016,-0.0705707761816611,0.03228848340231906,-0.038282292779342045,0.045856,-0.013567516597680941,-0.08413829277934204,convergence,False
87137P__317614,87137P,317614,2025-07-01,2025-09-16,77,17.990006,15.4,3.8427790278,3.868709988,0.006747970677576463,0.14396915709755742,0.15071712777513388,0.29468628487269133,0.045856,0.10486112777513387,0.24883028487269132,convergence,False
87137P__317614,87137P,317614,2025-11-07,2025-11-18,11,13.850001,12.755001,3.2232330312300004,3.2321924962799997,0.0027796516612949842,0.07906136613275339,0.08184101779404837,0.16090238392680176,0.045856,0.03598501779404837,0.11504638392680175,convergence,False
87137P__317614,87137P,317614,2025-11-26,2026-01-06,41,14.025,13.94,3.2234409458999997,3.5457702840000005,0.09999542213111799,0.006060606060606121,0.10605602819172412,0.11211663425233023,0.045856,0.06020002819172412,0.06626063425233022,convergence,False
89661R__41345R,89661R,41345R,2024-05-20,2024-05-23,3,10.83,10.08,10.70982615375,10.2207920996,-0.04566218415961561,0.06925207756232687,0.023589893402711268,0.09284197096503814,0.017946,0.005643893402711268,0.07489597096503814,convergence,False
89661R__41345R,89661R,41345R,2024-08-05,2024-08-06,1,15.25,15.2,0.0,0.0,0.0,0.0032786885245902103,0.0032786885245902103,0.006557377049180421,0.017946,-0.01466731147540979,-0.01138862295081958,overnight_abort,True
89661R__41345R,89661R,41345R,2024-08-08,2024-08-13,5,15.95,16.100007,16.074472009100003,16.19845291465,0.007712906867473563,-0.009404827586207037,-0.0016919207187334742,-0.01109674830494051,0.017946,-0.019637920718733475,-0.02904274830494051,convergence,False
89661R__41345R,89661R,41345R,2024-12-06,2024-12-09,1,18.619996,17.856995,0.0,0.0,0.0,0.04097750611761673,0.04097750611761673,0.08195501223523347,0.017946,0.023031506117616733,0.06400901223523346,overnight_abort,True
89661R__41345R,89661R,41345R,2025-01-31,2025-02-05,5,17.300004,19.539994,17.5976479562,19.6120817493,0.11447176339212282,-0.1294791608140668,-0.015007397421943972,-0.14448655823601075,0.017946,-0.032953397421943975,-0.16243255823601074,convergence,False
89661R__41345R,89661R,41345R,2025-04-07,2025-04-08,1,17.024994,17.559998,0.0,0.0,0.0,-0.03142462194112965,-0.03142462194112965,-0.0628492438822593,0.017946,-0.04937062194112965,-0.08079524388225931,overnight_abort,True
89661R__41345R,89661R,41345R,2025-04-09,2025-04-10,1,18.600007,18.850007,0.0,0.0,0.0,-0.013440855156667413,-0.013440855156667413,-0.026881710313334826,0.017946,-0.03138685515666741,-0.04482771031333482,overnight_abort,True
89661R__41345R,89661R,41345R,2025-05-01,2025-05-07,6,19.800004,20.419999,18.930011396799998,20.50756114795,0.08333591132526615,-0.031312872462045935,0.05202303886322021,0.020710166401174276,0.017946,0.03407703886322021,0.0027641664011742763,convergence,False
89661R__41345R,89661R,41345R,2025-08-15,2025-08-21,6,19.289994,17.970002,18.9545564776,17.97809613325,-0.051515863507751156,0.0684288445087126,0.016912981000961447,0.08534182550967405,0.017946,-0.0010330189990385534,0.06739582550967405,convergence,False
89661R__41345R,89661R,41345R,2025-09-12,2025-09-19,7,16.100007,15.631,15.99713291025,15.6895211325,-0.019229181846260827,0.02913085689962751,0.009901675053366685,0.03903253195299419,0.017946,-0.008044324946633315,0.021086531952994193,convergence,False
89661R__41345R,89661R,41345R,2025-10-30,2025-11-04,5,13.4,13.560001,13.976818133250001,13.68146978725,-0.02113130064255362,-0.011940373134328313,-0.03307167377688193,-0.045012046911210246,0.017946,-0.05101767377688193,-0.06295804691121025,convergence,False
89661R__41345R,89661R,41345R,2025-11-10,2025-11-12,2,15.510001,15.035,14.650838457899999,15.0397313496,0.02654407069039131,0.03062546546579853,0.05716953615618984,0.08779500162198836,0.017946,0.03922353615618984,0.06984900162198836,convergence,False
89661R__41345R,89661R,41345R,2025-12-10,2025-12-17,7,14.29,15.16,14.557490899500001,15.2487394736,0.047484046452245514,-0.06088173547935627,-0.013397689027110755,-0.07427942450646702,0.017946,-0.03134368902711075,-0.09222542450646702,convergence,False
89661R__41345R,89661R,41345R,2026-01-09,2026-01-15,6,15.380001,14.24,14.641656391000001,14.2803105617,-0.024679299913233504,0.07412229687111202,0.049442996957878516,0.12356529382899054,0.017946,0.03149699695787851,0.10561929382899053,convergence,False
89661R__41345R,89661R,41345R,2026-02-03,2026-02-04,1,14.49,13.5,0.0,0.0,0.0,0.06832298136645965,0.06832298136645965,0.1366459627329193,0.017946,0.05037698136645964,0.11869996273291929,overnight_abort,True
93324N__2557WX,93324N,2557WX,2024-05-31,2024-06-03,1,28.399994,28.610001,0.0,0.0,0.0,-0.007394614238298816,-0.007394614238298816,-0.014789228476597633,0.022488,-0.029882614238298816,-0.03727722847659763,overnight_abort,True
93324N__2557WX,93324N,2557WX,2024-06-21,2024-06-27,6,26.350007,27.190003,6.512677324243628,6.9600523634287725,0.06869295328355632,-0.03187839760346171,0.03681455568009461,0.004936158076632904,0.022488,0.01432655568009461,-0.017551841923367097,convergence,False
93324N__2557WX,93324N,2557WX,2024-12-20,2024-12-24,4,26.360001,26.449997,6.583010386259278,6.7590617955,0.026743298113002315,-0.0034141121618318335,0.02332918595117048,0.01991507378933865,0.022488,0.0008411859511704804,-0.0025729262106613526,convergence,False
93324N__2557WX,93324N,2557WX,2024-12-30,2025-01-21,22,26.169999,27.0,6.430143573265168,6.929814985833456,0.07770766031504948,-0.031715744429336785,0.0459919158857127,0.014276171456375913,0.022488,0.023503915885712698,-0.008211828543624088,convergence,False
93324N__2557WX,93324N,2557WX,2025-04-09,2025-04-16,7,25.5,25.509995,6.070605199582953,6.499278437061577,0.07061458015884033,-0.00039196078431372454,0.0702226193745266,0.06983065859021288,0.022488,0.0477346193745266,0.04734265859021288,convergence,False
93324N__2557WX,93324N,2557WX,2025-09-03,2025-09-04,1,29.009995,28.610001,0.0,0.0,0.0,0.0137881443964399,0.0137881443964399,0.0275762887928798,0.022488,-0.0086998556035601,0.0050882887928798,overnight_abort,True
93324N__2557WX,93324N,2557WX,2025-11-21,2025-12-15,24,23.479996,23.300004,5.836808559348543,6.049781321008046,0.036487878520256534,0.007665759397914659,0.044153637918171194,0.051819397316085855,0.022488,0.021665637918171193,0.029331397316085854,convergence,False
93324N__2557WX,93324N,2557WX,2025-12-30,2026-01-15,16,23.240006,23.240006,5.524968145899999,5.8943111451449,0.06684979704706259,0.0,0.06684979704706259,0.06684979704706259,0.022488,0.04436179704706259,0.04436179704706259,convergence,False
93324N__2557WX,93324N,2557WX,2026-02-11,2026-02-23,12,21.770005,20.820008,5.27376412903974,5.314985617033897,0.007816331368931164,0.043637886164931965,0.05145421753386313,0.09509210369879509,0.022488,0.02896621753386313,0.07260410369879508,convergence,False
93642Z__280340,93642Z,280340,2024-08-05,2024-08-06,1,4.8000002,4.9399996,0.0,0.0,0.0,-0.029166540451394097,-0.029166540451394097,-0.058333080902788194,0.006797,-0.0359635404513941,-0.0651300809027882,overnight_abort,True
93642Z__280340,93642Z,280340,2024-08-15,2024-08-16,1,5.9799996,5.9499999,0.0,0.0,0.0,0.005016672576366108,0.005016672576366108,0.010033345152732217,0.006797,-0.0017803274236338918,0.0032363451527322165,overnight_abort,True
93642Z__280340,93642Z,280340,2024-08-22,2024-08-28,6,6.58,7.0299998,6.554469932048134,7.11370818675,0.08532165995109176,-0.06838902735562304,0.01693263259546872,-0.05145639476015432,0.006797,0.010135632595468718,-0.058253394760154315,convergence,False
93642Z__280340,93642Z,280340,2024-09-09,2024-09-27,18,6.8500004,6.4905005,6.652626365979597,6.791377289616176,0.020856563408720545,0.052481734161650605,0.07333829757037115,0.12582003173202175,0.006797,0.06654129757037115,0.11902303173202175,convergence,False
93642Z__280340,93642Z,280340,2024-11-13,2024-11-14,1,6.6499997,6.0,0.0,0.0,0.0,0.09774432019899194,0.09774432019899194,0.1954886403979839,0.006797,0.09094732019899195,0.1886916403979839,overnight_abort,True
93642Z__280340,93642Z,280340,2025-02-14,2025-02-19,5,7.0500002,6.6800004,6.206102553125945,6.6908726115,0.07811183495991084,0.05248223964589397,0.1305940746058048,0.1830763142516988,0.006797,0.1237970746058048,0.1762793142516988,convergence,False
93642Z__280340,93642Z,280340,2025-03-13,2025-03-18,5,6.3000002,6.0620003,6.043664372544526,6.084946640153466,0.006830668459433221,0.037777760705467935,0.04460842916490115,0.0823861898703691,0.006797,0.037811429164901156,0.0755891898703691,convergence,False
93642Z__280340,93642Z,280340,2025-04-09,2025-04-10,1,5.3400002,5.1999999,0.0,0.0,0.0,0.026217283662274115,0.026217283662274115,0.05243456732454823,0.006797,0.019420283662274114,0.04563756732454823,overnight_abort,True
93642Z__280340,93642Z,280340,2025-07-25,2025-07-31,6,5.5200005,5.0699997,5.2978791439,5.1208911564,-0.03340732823318273,0.08152187667374301,0.04811454844056028,0.1296364251143033,0.006797,0.041317548440560285,0.12283942511430329,convergence,False
93642Z__280340,93642Z,280340,2025-08-25,2025-08-28,3,6.1560002,6.0600005,6.296936745918784,6.09269691016152,-0.03243479234401361,0.015594492670744248,-0.016840299673269367,-0.001245807002525117,0.006797,-0.023637299673269368,-0.008042807002525118,convergence,False
93642Z__280340,93642Z,280340,2025-09-04,2025-09-05,1,6.1400004,6.0600005,0.0,0.0,0.0,0.013029298825452812,0.013029298825452812,0.026058597650905624,0.006797,0.006232298825452812,0.019261597650905623,overnight_abort,True
93642Z__280340,93642Z,280340,2025-11-13,2025-11-17,4,7.04,6.1000004,6.1593705065153435,6.1451765109809,-0.002304455547759235,0.13352267045454547,0.13121821490678623,0.2647408853613317,0.006797,0.12442121490678623,0.2579438853613317,convergence,False
93642Z__280340,93642Z,280340,2026-01-09,2026-01-14,5,6.5200005,6.3100005,6.346812427000001,6.342694896,-0.0006487557411471521,0.03220858648707158,0.03155983074592443,0.063768417232996,0.006797,0.02476283074592443,0.05697141723299601,convergence,False
93642Z__280340,93642Z,280340,2026-02-06,2026-02-12,6,6.1300002,6.3000002,6.10129325543854,6.441454079272681,0.05575224949742098,-0.027732462390458134,0.02801978710696285,0.0002873247165047152,0.006797,0.021222787106962848,-0.006509675283495285,convergence,False
93642Z__280340,93642Z,280340,2026-03-04,2026-03-05,1,5.1499997,4.9200001,0.0,0.0,0.0,0.044660119106414736,0.044660119106414736,0.08932023821282947,0.006797,0.03786311910641474,0.08252323821282948,overnight_abort,True
93642Z__280340,93642Z,280340,2026-03-31,2026-04-21,21,4.7200003,5.0600005,4.7542583295,5.074346243535965,0.06732657164416819,-0.07203393609953805,-0.0047073644553698585,-0.07674130055490791,0.006797,-0.01150436445536986,-0.08353830055490791,convergence,False
73097V__912082,73097V,912082,2024-12-30,2025-01-16,17,45.119996,41.979996,21.487708193099998,21.6893857855,0.009385719062620387,0.06959220475108199,0.07897792381370237,0.14857012856478438,0.013472000000000001,0.06550592381370238,0.13509812856478437,convergence,False
73097V__912082,73097V,912082,2025-01-17,2025-01-31,14,45.550004,42.539994,21.9707441448,22.061143584,0.004114536977182646,0.06608144315420919,0.07019598013139183,0.13627742328560102,0.013472000000000001,0.056723980131391835,0.12280542328560103,convergence,False
73097V__912082,73097V,912082,2025-04-07,2025-04-08,1,36.529999,37.350007,0.0,0.0,0.0,-0.022447523198673,-0.022447523198673,-0.044895046397346,0.013472000000000001,-0.035919523198673003,-0.058367046397345995,overnight_abort,True
73097V__912082,73097V,912082,2025-04-09,2025-04-10,1,39.550004,38.550004,0.0,0.0,0.0,0.025284447505997724,0.025284447505997724,0.05056889501199545,0.013472000000000001,0.011812447505997723,0.03709689501199545,overnight_abort,True
73097V__912082,73097V,912082,2025-05-07,2025-05-28,21,45.449997,48.175004,22.375274203,24.634927744,0.10098886478437132,-0.05995615357246333,0.041032711211907984,-0.018923442360555348,0.013472000000000001,0.027560711211907982,-0.032395442360555346,convergence,False
73097V__912082,73097V,912082,2025-09-18,2025-10-14,26,62.100007,53.360001,29.0185016752,28.180050265400002,-0.02889368373269806,0.1407408214945934,0.11184713776189535,0.25258795925648875,0.013472000000000001,0.09837513776189535,0.23911595925648874,convergence,False
73097V__912082,73097V,912082,2026-02-06,2026-02-13,7,65.929993,63.0,33.0943727505,32.638090822399995,-0.01378729645489688,0.04444097241144855,0.03065367595655167,0.07509464836800023,0.013472000000000001,0.017181675956551668,0.06162264836800023,convergence,False
87417L__86521D,87417L,86521D,2024-09-17,2024-09-30,13,8.2399998,10.470101,0.80694823253,1.1257277027500001,0.39504327213226625,-0.2706433560835766,0.12439991604868966,-0.14624344003488693,0.030086,0.09431391604868966,-0.17632944003488693,convergence,False
87417L__86521D,87417L,86521D,2024-12-17,2025-01-06,20,8.9600001,8.5,0.8610037539959519,0.855261405026777,-0.006669365775148296,0.05133929630201681,0.04466993052686851,0.09600922682888532,0.030086,0.014583930526868509,0.06592322682888532,convergence,False
87417L__86521D,87417L,86521D,2025-04-30,2025-05-02,1,14.027501,13.0,0.0,0.0,0.0,0.07324904129395542,0.07324904129395542,0.14649808258791083,0.030086,0.043163041293955415,0.11641208258791083,overnight_abort,True
87417L__86521D,87417L,86521D,2025-06-02,2025-06-06,1,15.4,14.707,0.0,0.0,0.0,0.04499999999999997,0.04499999999999997,0.08999999999999994,0.030086,0.014913999999999969,0.05991399999999994,overnight_abort,True
87417L__86521D,87417L,86521D,2025-06-09,2025-06-16,7,15.65,16.89,1.5010097663420001,1.7478376247854037,0.1644412074978896,-0.07923322683706072,0.08520798066082888,0.005974753823768164,0.030086,0.05512198066082888,-0.024111246176231838,convergence,False
54390R__26568P,54390R,26568P,2024-08-07,2024-08-15,8,9.7440005,9.4200001,9.170017195495001,9.41612363088,0.026838165091544686,0.03325127087175344,0.060089435963298125,0.09334070683505157,0.029998,0.030091435963298125,0.06334270683505157,convergence,False
54390R__26568P,54390R,26568P,2024-08-30,2024-09-12,13,11.0,9.9099999,9.745520513172,9.922357556910402,0.018145469346597755,0.09909091818181812,0.11723638752841586,0.21632730571023398,0.029998,0.08723838752841587,0.18632930571023398,convergence,False
87241F__540515,87241F,540515,2024-08-05,2024-08-06,1,8.4600001,9.5109997,0.0,0.0,0.0,-0.12423162973721466,-0.12423162973721466,-0.24846325947442932,0.026295,-0.15052662973721465,-0.27475825947442933,overnight_abort,True
87241F__540515,87241F,540515,2024-08-15,2024-08-16,1,10.16,10.24,0.0,0.0,0.0,-0.007874015748031503,-0.007874015748031503,-0.015748031496063006,0.026295,-0.0341690157480315,-0.042043031496063005,overnight_abort,True
87241F__540515,87241F,540515,2024-09-26,2024-09-27,1,12.180001,11.770001,0.0,0.0,0.0,0.03366173779460282,0.03366173779460282,0.06732347558920564,0.026295,0.007366737794602819,0.04102847558920564,overnight_abort,True
87241F__540515,87241F,540515,2024-10-04,2024-10-07,1,11.300001,11.165,0.0,0.0,0.0,0.01194699009318679,0.01194699009318679,0.02389398018637358,0.026295,-0.01434800990681321,-0.0024010198136264205,overnight_abort,True
87241F__540515,87241F,540515,2025-02-25,2025-02-27,2,13.5,12.37,24.971493834,24.911554557600002,-0.0024003079991308926,0.08370370370370377,0.08130339570457287,0.16500709940827665,0.026295,0.055008395704572874,0.13871209940827667,convergence,False
87241F__540515,87241F,540515,2025-02-28,2025-03-03,1,12.54,12.630001,0.0,0.0,0.0,-0.007177113237639625,-0.007177113237639625,-0.01435422647527925,0.026295,-0.03347211323763962,-0.04064922647527925,overnight_abort,True
87241F__540515,87241F,540515,2025-03-18,2025-03-21,3,12.090001,12.15,23.849076888,24.552119599799997,0.02947882281153382,-0.004962696032862153,0.024516126778671668,0.019553430745809515,0.026295,-0.001778873221328331,-0.006741569254190484,convergence,False
87241F__540515,87241F,540515,2025-03-24,2025-03-26,2,12.510001,12.640001,25.1083966104,25.430762614,0.012838972101726074,-0.010391685820009046,0.002447286281717028,-0.007944399538292018,0.026295,-0.02384771371828297,-0.03423939953829202,convergence,False
87241F__540515,87241F,540515,2025-04-07,2025-04-08,1,11.960001,12.020001,0.0,0.0,0.0,-0.005016721988568437,-0.005016721988568437,-0.010033443977136874,0.026295,-0.031311721988568436,-0.03632844397713687,overnight_abort,True
87241F__540515,87241F,540515,2025-04-09,2025-04-10,1,12.800001,12.74,0.0,0.0,0.0,0.004687577758782968,0.004687577758782968,0.009375155517565936,0.026295,-0.02160742224121703,-0.01691984448243406,overnight_abort,True
87241F__540515,87241F,540515,2025-07-10,2025-07-11,1,15.19,14.41,0.0,0.0,0.0,0.051349572086899234,0.051349572086899234,0.10269914417379847,0.026295,0.025054572086899235,0.07640414417379847,overnight_abort,True
87241F__540515,87241F,540515,2025-09-26,2025-09-30,4,13.79,13.48,26.3736986109,27.1980531108,0.03125668917590884,0.022480058013052844,0.05373674718896168,0.07621680520201453,0.026295,0.027441747188961682,0.04992180520201453,convergence,False
87241F__540515,87241F,540515,2025-10-02,2025-10-08,6,14.11,14.25,28.930858473599997,28.522775489,-0.014105457153038877,-0.009922041105598908,-0.024027498258637786,-0.03394953936423669,0.026295,-0.050322498258637785,-0.06024453936423669,convergence,False
87241F__540515,87241F,540515,2025-11-05,2025-11-06,1,13.140001,12.760001,0.0,0.0,0.0,0.02891932808833112,0.02891932808833112,0.05783865617666224,0.026295,0.0026243280883311224,0.031543656176662244,overnight_abort,True
87241F__540515,87241F,540515,2025-12-22,2025-12-23,1,11.390001,11.53,0.0,0.0,0.0,-0.012291394882230435,-0.012291394882230435,-0.02458278976446087,0.026295,-0.03858639488223044,-0.05087778976446087,overnight_abort,True
87241F__540515,87241F,540515,2026-01-13,2026-01-14,1,11.640001,11.590001,0.0,0.0,0.0,0.004295532277016036,0.004295532277016036,0.008591064554032073,0.026295,-0.021999467722983963,-0.017703935445967926,overnight_abort,True
87241F__540515,87241F,540515,2026-01-23,2026-01-28,5,11.800001,12.630001,23.6362455528,25.448143968,0.07665762361253523,-0.0703389770899172,0.006318646522618029,-0.06402033056729917,0.026295,-0.01997635347738197,-0.09031533056729917,convergence,False
86969D__916526,86969D,916526,2024-05-13,2024-05-14,1,14.630001,14.105,0.0,0.0,0.0,0.03588523336396215,0.03588523336396215,0.0717704667279243,0.043825,-0.007939766636037855,0.027945466727924292,overnight_abort,True
86969D__916526,86969D,916526,2024-05-28,2024-05-29,1,15.210001,14.380001,0.0,0.0,0.0,0.05456935867394092,0.05456935867394092,0.10913871734788184,0.043825,0.01074435867394092,0.06531371734788184,overnight_abort,True
86969D__916526,86969D,916526,2024-06-27,2024-09-19,84,13.982501,13.45,14.4477946284,14.3973907752,-0.0034886883774580984,0.038083387228078865,0.03459469885062077,0.07267808607869963,0.043825,-0.009230301149379234,0.02885308607869963,convergence,False
86969D__916526,86969D,916526,2024-10-16,2024-10-21,5,16.059998,14.401001,13.84395079905,14.6546008226,0.05855626297123423,0.10329995059775221,0.16185621356898644,0.26515616416673865,0.043825,0.11803121356898644,0.22133116416673865,convergence,False
86969D__916526,86969D,916526,2024-10-29,2024-11-07,9,15.920001,14.550001,14.78294874,14.852228645099999,0.0046864740126264124,0.08605527097642766,0.09074174498905407,0.17679701596548175,0.043825,0.04691674498905407,0.13297201596548175,convergence,False
86969D__916526,86969D,916526,2024-11-14,2024-11-18,4,15.87,13.91,14.1954701574,14.195654020249998,1.2952219824973495e-05,0.12350346565847506,0.12351641787830003,0.2470198835367751,0.043825,0.07969141787830003,0.2031948835367751,convergence,False
86969D__916526,86969D,916526,2025-01-07,2025-01-08,1,15.630001,12.19,0.0,0.0,0.0,0.22008962123546894,0.22008962123546894,0.44017924247093787,0.043825,0.17626462123546893,0.39635424247093787,overnight_abort,True
86969D__916526,86969D,916526,2025-01-27,2025-02-04,8,16.660004,14.010001,14.441408062399999,14.059867906,-0.02641987226947676,0.15906376733162847,0.1326438950621517,0.29170766239378015,0.043825,0.08881889506215171,0.24788266239378015,convergence,False
86969D__916526,86969D,916526,2025-03-06,2025-03-10,4,16.860001,14.25,14.5033259436,14.660146943300001,0.010812761176976955,0.15480432059286356,0.16561708176984052,0.32042140236270406,0.043825,0.12179208176984052,0.27659640236270405,convergence,False
86969D__916526,86969D,916526,2025-03-13,2025-03-26,13,16.649994,13.560001,14.142025831,13.674844805100001,-0.033034943612952214,0.18558523204272626,0.15255028842977403,0.3381355204725003,0.043825,0.10872528842977403,0.2943105204725003,convergence,False
86969D__916526,86969D,916526,2025-07-03,2025-07-07,1,13.720001,10.920001,0.0,0.0,0.0,0.2040816177783078,0.2040816177783078,0.4081632355566156,0.043825,0.1602566177783078,0.3643382355566156,overnight_abort,True
86969D__916526,86969D,916526,2025-10-15,2025-10-21,6,12.5,11.810001,11.5635179429,11.75831763435,0.01684605778379115,0.05519992000000002,0.07204597778379117,0.1272458977837912,0.043825,0.028220977783791165,0.08342089778379119,convergence,False
86969D__916526,86969D,916526,2025-10-23,2025-10-28,5,13.076001,11.78,11.817230408350001,11.7349279005,-0.0069646190355945005,0.09911294745235952,0.09214832841676501,0.19126127586912453,0.043825,0.04832332841676501,0.14743627586912453,convergence,False
86969D__916526,86969D,916526,2026-02-05,2026-02-20,15,12.0,10.87,10.5174442367,10.61744323055,0.009507917665116798,0.09416666666666673,0.10367458433178353,0.19784125099845026,0.043825,0.05984958433178353,0.15401625099845026,convergence,False
93053R__87406E,93053R,87406E,2024-08-05,2024-08-06,1,7.54,7.7799998,0.0,0.0,0.0,-0.03183021220159146,-0.03183021220159146,-0.06366042440318292,0.011753,-0.04358321220159146,-0.07541342440318292,overnight_abort,True
93053R__87406E,93053R,87406E,2025-02-04,2025-02-07,3,8.25,8.4499999,16.057269070049998,16.9891691865,0.058036027943766694,-0.024242412121212108,0.033793615822554586,0.009551203701342478,0.011753,0.022040615822554586,-0.0022017962986575212,convergence,False
93053R__87406E,93053R,87406E,2025-03-14,2025-03-18,4,8.75,8.6475001,17.3306973126,17.401352006750002,0.004076852354846245,0.011714274285714258,0.015791126640560503,0.02750540092627476,0.011753,0.0040381266405605035,0.01575240092627476,convergence,False
93053R__87406E,93053R,87406E,2025-04-07,2025-04-08,1,7.79,7.8400002,0.0,0.0,0.0,-0.0064185109114249525,-0.0064185109114249525,-0.012837021822849905,0.011753,-0.01817151091142495,-0.024590021822849903,overnight_abort,True
93053R__87406E,93053R,87406E,2025-04-09,2025-04-10,1,8.2849999,8.2100001,0.0,0.0,0.0,0.009052480495503747,0.009052480495503747,0.018104960991007495,0.011753,-0.0027005195044962522,0.006351960991007495,overnight_abort,True
93053R__87406E,93053R,87406E,2025-08-12,2025-08-13,1,10.850001,10.86,0.0,0.0,0.0,-0.000921566735339357,-0.000921566735339357,-0.001843133470678714,0.011753,-0.012674566735339357,-0.013596133470678713,overnight_abort,True
93053R__87406E,93053R,87406E,2025-09-08,2025-09-10,2,10.840001,10.73,21.4632161128,21.544095107700002,0.003768260752486534,0.010147692790803289,0.013915953543289823,0.024063646334093112,0.011753,0.0021629535432898233,0.012310646334093112,convergence,False
93053R__87406E,93053R,87406E,2025-09-29,2025-09-30,1,10.25,10.03,0.0,0.0,0.0,0.021463414634146402,0.021463414634146402,0.042926829268292804,0.011753,0.009710414634146403,0.031173829268292805,overnight_abort,True
93053R__87406E,93053R,87406E,2025-11-05,2025-11-06,1,9.6899996,9.5600005,0.0,0.0,0.0,0.013415800347401554,0.013415800347401554,0.026831600694803108,0.011753,0.0016628003474015544,0.015078600694803108,overnight_abort,True
93053R__87406E,93053R,87406E,2026-01-09,2026-01-14,5,9.6000004,9.3319998,18.5062996015,18.807194816000003,0.016259069667045364,0.027916728003469726,0.04417579767051509,0.07209252567398482,0.011753,0.03242279767051509,0.06033952567398482,convergence,False
93053R__87406E,93053R,87406E,2026-02-02,2026-02-03,1,9.5500002,9.5,0.0,0.0,0.0,0.005235622927002609,0.005235622927002609,0.010471245854005218,0.011753,-0.006517377072997391,-0.0012817541459947818,overnight_abort,True
93053R__87406E,93053R,87406E,2026-02-06,2026-02-12,6,10.027501,9.9899998,20.1622991122,20.1708728871,0.0004252379578483898,0.0037398350795478583,0.0041650730373962485,0.007904908116944106,0.011753,-0.007587926962603751,-0.0038480918830558937,convergence,False
93053R__87406E,93053R,87406E,2026-03-04,2026-03-05,1,8.8900004,8.5299998,0.0,0.0,0.0,0.04049500380224948,0.04049500380224948,0.08099000760449895,0.011753,0.028742003802249477,0.06923700760449895,overnight_abort,True
93053R__87406E,93053R,87406E,2026-03-23,2026-03-26,3,8.2799998,8.29,16.5317108319,16.743835828799998,0.012831400153133374,-0.0012077536523610267,0.011623646500772347,0.01041589284841132,0.011753,-0.00012935349922765273,-0.0013371071515886797,convergence,False
93053R__87406E,93053R,87406E,2026-03-30,2026-04-15,16,8.1999999,8.0,16.1258809666,16.0738425166,-0.003227014394300911,0.024390232004758913,0.021163217610458,0.045553449615216915,0.011753,0.009410217610458002,0.033800449615216915,convergence,False
93053R__87406E,93053R,87406E,2026-04-17,2026-04-21,4,8.3680001,7.8350001,16.22327775865,15.9859463764,-0.01462906484008501,0.06369502791951442,0.04906596307942941,0.11276099099894384,0.011753,0.03731296307942941,0.10100799099894384,convergence,False
8748D0__887921,8748D0,887921,2025-01-14,2025-01-31,1,13.25,13.0,0.0,0.0,0.0,0.018867924528301886,0.018867924528301886,0.03773584905660377,0.032371,-0.013503075471698111,0.005364849056603775,overnight_abort,True
90534M__88801L,90534M,88801L,2024-05-13,2024-05-16,3,17.899994,18.039994,36.311328928,36.2442888192,-0.0018462587511718774,-0.007821231671921263,-0.009667490423093141,-0.017488722095014404,0.012975,-0.02264249042309314,-0.030463722095014405,convergence,False
90534M__88801L,90534M,88801L,2024-06-17,2024-06-21,4,18.535004,17.720994,36.1108471951,35.5245456405,-0.01623616171153015,0.04391744398868215,0.027681282277152,0.07159872626583415,0.012975,0.014706282277152,0.05862372626583415,convergence,False
90534M__88801L,90534M,88801L,2024-06-27,2024-07-01,4,18.899994,17.630005,35.4791583237,35.2893818046,-0.005348957756228118,0.06719520651699672,0.0618462487607686,0.1290414552777653,0.012975,0.0488712487607686,0.11606645527776531,convergence,False
90534M__88801L,90534M,88801L,2024-07-26,2024-07-30,4,18.315995,17.410004,35.6240868675,35.224036762000004,-0.011229764484572946,0.04946447080816522,0.03823470632359227,0.0876991771317575,0.012975,0.02525970632359227,0.0747241771317575,convergence,False
90534M__88801L,90534M,88801L,2024-08-20,2024-08-21,1,18.259903,17.600007,0.0,0.0,0.0,0.03613907478040818,0.03613907478040818,0.07227814956081637,0.012975,0.023164074780408182,0.059303149560816365,overnight_abort,True
90534M__88801L,90534M,88801L,2025-02-13,2025-02-20,7,15.24,15.33,29.7810871371,30.8262866982,0.03509608485037262,-0.005905511811023612,0.029190573039349008,0.023285061228325396,0.012975,0.016215573039349007,0.010310061228325396,convergence,False
90534M__88801L,90534M,88801L,2025-02-28,2025-03-06,6,16.263596,16.119996,31.9777940398,32.81857188,0.026292552861950317,0.008829535608238135,0.03512208847018845,0.043951624078426586,0.012975,0.022147088470188453,0.030976624078426586,convergence,False
90534M__88801L,90534M,88801L,2025-03-24,2025-03-26,2,16.600007,16.199997,32.7129588144,32.53544042,-0.005426546568507096,0.024096977790431157,0.01867043122192406,0.04276740901235522,0.012975,0.00569543122192406,0.02979240901235522,convergence,False
90534M__88801L,90534M,88801L,2025-04-07,2025-04-08,1,16.100007,16.119996,0.0,0.0,0.0,-0.0012415522552256606,-0.0012415522552256606,-0.0024831045104513213,0.012975,-0.01421655225522566,-0.015458104510451322,overnight_abort,True
90534M__88801L,90534M,88801L,2025-04-09,2025-04-10,1,16.535004,16.270005,0.0,0.0,0.0,0.01602654586597013,0.01602654586597013,0.03205309173194026,0.012975,0.003051545865970128,0.019078091731940257,overnight_abort,True
90534M__88801L,90534M,88801L,2025-09-19,2025-09-26,7,15.890001,15.7,31.857566301600002,31.617669725699997,-0.0075302856981877,0.01195726796996429,0.00442698227177659,0.01638425024174088,0.012975,-0.00854801772822341,0.00340925024174088,convergence,False
90534M__88801L,90534M,88801L,2025-10-14,2025-10-22,8,15.630001,15.893,31.360474788,31.844198232,0.015424621191803331,-0.016826550426964185,-0.001401929235160854,-0.01822847966212504,0.012975,-0.014376929235160854,-0.03120347966212504,convergence,False
90534M__88801L,90534M,88801L,2025-12-30,2026-01-05,1,15.460001,15.140001,0.0,0.0,0.0,0.02069857563398607,0.02069857563398607,0.04139715126797214,0.012975,0.007723575633986068,0.028422151267972137,overnight_abort,True
90534M__88801L,90534M,88801L,2026-03-04,2026-03-05,1,15.19,14.680001,0.0,0.0,0.0,0.033574654377880105,0.033574654377880105,0.06714930875576021,0.012975,0.020599654377880104,0.05417430875576021,overnight_abort,True
90534M__88801L,90534M,88801L,2026-04-13,2026-04-20,7,14.760001,14.58,29.509745265,29.2667552968,-0.008234227914132414,0.01219518887566476,0.003960960961532346,0.016156149837197105,0.012975,-0.009014039038467654,0.0031811498371971045,convergence,False
86965N__932147,86965N,932147,2024-08-05,2024-08-06,1,13.170001,13.49,0.0,0.0,0.0,-0.024297568390465655,-0.024297568390465655,-0.04859513678093131,0.028520999999999998,-0.052818568390465656,-0.07711613678093131,overnight_abort,True
86965N__932147,86965N,932147,2024-12-30,2025-01-07,8,13.58,12.416001,12.5741475166,12.6704418795,0.0076581225703671214,0.08571421207658324,0.09337233464695036,0.1790865467235336,0.028520999999999998,0.06485133464695036,0.15056554672353362,convergence,False
86965N__932147,86965N,932147,2025-01-29,2025-02-06,8,13.69,12.819001,13.321020062699999,13.2976782912,-0.001752251058112085,0.06362300949598243,0.06187075843787034,0.12549376793385278,0.028520999999999998,0.033349758437870344,0.09697276793385279,convergence,False
86965N__932147,86965N,932147,2025-02-13,2025-02-14,1,13.54,12.915,0.0,0.0,0.0,0.04615952732644018,0.04615952732644018,0.09231905465288036,0.028520999999999998,0.01763852732644018,0.06379805465288035,overnight_abort,True
86965N__932147,86965N,932147,2025-02-27,2025-03-03,4,13.61,12.74,12.59087127565,12.831917562300001,0.01914452791810919,0.06392358559882434,0.08306811351693354,0.14699169911575788,0.028520999999999998,0.05454711351693354,0.11847069911575789,convergence,False
86965N__932147,86965N,932147,2025-04-09,2025-04-10,1,11.36,11.270001,0.0,0.0,0.0,0.007922447183098489,0.007922447183098489,0.015844894366196977,0.028520999999999998,-0.02059855281690151,-0.01267610563380302,overnight_abort,True
86965N__932147,86965N,932147,2025-05-28,2025-05-30,2,12.53,12.210001,12.2429865129,12.685686462749999,0.03615947378391225,0.025538627294493157,0.06169810107840541,0.08723672837289856,0.028520999999999998,0.033177101078405415,0.05871572837289856,convergence,False
86965N__932147,86965N,932147,2025-07-24,2025-07-30,6,13.510001,12.670001,12.6498273816,13.049729984099999,0.03161328533871408,0.06217616120087641,0.0937894465395905,0.15596560774046692,0.028520999999999998,0.06526844653959049,0.12744460774046693,convergence,False
86965N__932147,86965N,932147,2025-09-17,2025-09-19,2,16.0,14.897601,15.182432529600002,15.1826445075,1.3962051178843018e-05,0.06889993750000001,0.06891389955117885,0.13781383705117886,0.028520999999999998,0.040392899551178855,0.10929283705117887,convergence,False
86965N__932147,86965N,932147,2026-01-09,2026-01-21,12,15.510001,15.25,15.370779521600001,15.2239833658,-0.009550339043879542,0.016763441859223658,0.007213102815344116,0.023976544674567772,0.028520999999999998,-0.02130789718465588,-0.004544455325432226,convergence,False
86965N__932147,86965N,932147,2026-04-27,2026-04-30,1,17.14,15.745,0.0,0.0,0.0,0.08138856476079354,0.08138856476079354,0.16277712952158707,0.028520999999999998,0.05286756476079354,0.13425612952158708,overnight_abort,True
91091C__140619,91091C,140619,2024-04-26,2024-04-30,1,13.36,13.41,0.0,0.0,0.0,-0.0037425149700599336,-0.0037425149700599336,-0.007485029940119867,0.004004000000000001,-0.007746514970059935,-0.011489029940119869,overnight_abort,True
91091C__140619,91091C,140619,2024-05-09,2024-05-10,1,14.130001,14.090001,0.0,0.0,0.0,0.0028308561336973116,0.0028308561336973116,0.005661712267394623,0.004004000000000001,-0.001173143866302689,0.0016577122673946225,overnight_abort,True
91091C__140619,91091C,140619,2024-06-27,2024-07-01,4,13.87,13.61,27.0305555268,27.343387270500003,0.011573263575357843,0.01874549387166545,0.030318757447023295,0.049064251318688745,0.004004000000000001,0.026314757447023295,0.045060251318688745,convergence,False
91091C__140619,91091C,140619,2024-08-05,2024-08-06,1,12.470001,12.75,0.0,0.0,0.0,-0.022453807341314577,-0.022453807341314577,-0.04490761468262915,0.004004000000000001,-0.026457807341314577,-0.048911614682629154,overnight_abort,True
91091C__140619,91091C,140619,2024-12-27,2025-01-06,10,13.2,12.810001,26.012940864,25.6875495937,-0.012508822897080437,0.029545378787878756,0.01703655589079832,0.04658193467867708,0.004004000000000001,0.013032555890798318,0.04257793467867708,convergence,False
91091C__140619,91091C,140619,2025-03-24,2025-03-26,2,13.7,13.7,27.583214661,27.5488861842,-0.0012445422776822348,0.0,-0.0012445422776822348,-0.0012445422776822348,0.004004000000000001,-0.005248542277682235,-0.005248542277682235,convergence,False
91091C__140619,91091C,140619,2025-04-07,2025-04-08,1,13.2,13.560001,0.0,0.0,0.0,-0.027272803030303067,-0.027272803030303067,-0.054545606060606135,0.004004000000000001,-0.03127680303030307,-0.058549606060606135,overnight_abort,True
91091C__140619,91091C,140619,2025-04-09,2025-04-10,1,13.99,13.86,0.0,0.0,0.0,0.009292351679771322,0.009292351679771322,0.018584703359542643,0.004004000000000001,0.005288351679771321,0.014580703359542643,overnight_abort,True
91091C__140619,91091C,140619,2025-06-27,2025-06-30,1,14.94,14.7,0.0,0.0,0.0,0.016064257028112466,0.016064257028112466,0.03212851405622493,0.004004000000000001,0.012060257028112465,0.02812451405622493,overnight_abort,True
91091C__140619,91091C,140619,2025-07-31,2025-08-01,1,14.9,15.3501,0.0,0.0,0.0,-0.030208053691275105,-0.030208053691275105,-0.06041610738255021,0.004004000000000001,-0.034212053691275106,-0.06442010738255022,overnight_abort,True
91091C__140619,91091C,140619,2025-10-02,2025-10-09,7,16.399994,15.86,33.4271451984,31.8089744496,-0.04840888263702075,0.032926475460905665,-0.015482407176115084,0.01744406828479058,0.004004000000000001,-0.019486407176115085,0.01344006828479058,convergence,False
91091C__140619,91091C,140619,2025-10-30,2025-10-31,1,16.800004,17.360001,0.0,0.0,0.0,-0.03333314682544118,-0.03333314682544118,-0.06666629365088236,0.004004000000000001,-0.03733714682544118,-0.07067029365088237,overnight_abort,True
91091C__140619,91091C,140619,2025-11-25,2025-12-01,6,18.869996,18.860001,37.365797271,37.7303842815,0.009757238895661482,0.0005296768478382283,0.01028691574349971,0.010816592591337939,0.004004000000000001,0.00628291574349971,0.006812592591337938,convergence,False
91091C__140619,91091C,140619,2025-12-29,2026-01-05,7,18.570008,18.0,36.059073227999995,36.0369554124,-0.000613377261810028,0.03069508639953205,0.030081709137722023,0.06077679553725407,0.004004000000000001,0.026077709137722022,0.05677279553725407,convergence,False
8751Q5__951907,8751Q5,951907,2024-04-26,2024-05-01,5,43.14,42.397004,42.836321840000004,43.5446775673,0.01653633404720902,0.017222902178952202,0.03375923622616123,0.050982138405113425,0.028038,0.005721236226161226,0.022944138405113425,convergence,False
8751Q5__951907,8751Q5,951907,2024-05-10,2024-05-16,6,52.5,52.869996,56.01433600000001,53.1951866796,-0.050329067908615535,-0.007047542857142866,-0.0573766107657584,-0.06442415362290127,0.028038,-0.0854146107657584,-0.09246215362290128,convergence,False
8751Q5__951907,8751Q5,951907,2024-06-27,2024-07-09,12,61.509995,15.600001,15.2994933651,15.744614942,0.029093876919831632,0.7463826651262124,0.7754765420460441,1.5218592071722565,0.028038,0.7474385420460441,1.4938212071722565,convergence,False
8751Q5__951907,8751Q5,951907,2025-02-14,2025-02-18,1,23.5,24.399994,0.0,0.0,0.0,-0.03829761702127658,-0.03829761702127658,-0.07659523404255315,0.028038,-0.06633561702127658,-0.10463323404255315,overnight_abort,True
8751Q5__951907,8751Q5,951907,2025-04-07,2025-04-08,1,18.887497,19.25,0.0,0.0,0.0,-0.019192749573964208,-0.019192749573964208,-0.038385499147928416,0.028038,-0.04723074957396421,-0.06642349914792842,overnight_abort,True
8751Q5__951907,8751Q5,951907,2025-04-09,2025-04-10,1,20.399994,20.190003,0.0,0.0,0.0,0.010293679498140966,0.010293679498140966,0.020587358996281932,0.028038,-0.017744320501859034,-0.007450641003718068,overnight_abort,True
8751Q5__951907,8751Q5,951907,2025-07-30,2025-07-31,1,25.119996,23.669999,0.0,0.0,0.0,0.05772281970108593,0.05772281970108593,0.11544563940217185,0.028038,0.029684819701085927,0.08740763940217186,overnight_abort,True
8751Q5__951907,8751Q5,951907,2026-02-06,2026-02-10,4,24.589997,25.820008,25.0120280746,25.8380023548,0.033023083043745134,-0.0500207869077821,-0.016997703864036963,-0.06701849077181907,0.028038,-0.04503570386403696,-0.09505649077181907,convergence,False
8751Q5__951907,8751Q5,951907,2026-02-24,2026-02-27,3,31.949997,30.550004,29.867928807000002,30.7199385768,0.028525907347158173,0.043818251375735605,0.07234415872289378,0.11616241009862938,0.028038,0.04430615872289378,0.08812441009862937,convergence,False
8751Q5__951907,8751Q5,951907,2026-03-04,2026-03-05,1,30.550004,28.634995,0.0,0.0,0.0,0.0626844107778186,0.0626844107778186,0.1253688215556372,0.028038,0.0346464107778186,0.09733082155563719,overnight_abort,True
8751Q5__951907,8751Q5,951907,2026-03-10,2026-03-11,1,28.210999,28.210007,0.0,0.0,0.0,3.5163589917539034e-05,3.5163589917539034e-05,7.032717983507807e-05,0.028038,-0.02800283641008246,-0.02796767282016492,overnight_abort,True
8751Q5__951907,8751Q5,951907,2026-03-23,2026-03-25,2,27.610001,27.190003,27.222028127999998,27.152440595,-0.0025562949488109657,0.015211806765236974,0.012655511816426008,0.027867318581662984,0.028038,-0.015382488183573993,-0.00017068141833701672,convergence,False
8748DZ__28545H,8748DZ,28545H,2024-04-26,2024-04-30,1,12.16,11.630001,0.0,0.0,0.0,0.04358544407894738,0.04358544407894738,0.08717088815789475,0.008069,0.03551644407894738,0.07910188815789476,overnight_abort,True
8748DZ__28545H,8748DZ,28545H,2024-07-26,2024-07-30,4,11.86,11.549,23.671481815,23.310313122,-0.015257544746148363,0.026222596964586842,0.010965052218438479,0.03718764918302532,0.008069,0.0028960522184384788,0.02911864918302532,convergence,False
8748DZ__28545H,8748DZ,28545H,2024-08-05,2024-08-06,1,10.340001,10.73,0.0,0.0,0.0,-0.037717501187862504,-0.037717501187862504,-0.07543500237572501,0.008069,-0.045786501187862504,-0.083504002375725,overnight_abort,True
8748DZ__28545H,8748DZ,28545H,2024-08-15,2024-08-16,1,11.62,11.670001,0.0,0.0,0.0,-0.0043030120481927685,-0.0043030120481927685,-0.008606024096385537,0.008069,-0.012372012048192767,-0.016675024096385535,overnight_abort,True
8748DZ__28545H,8748DZ,28545H,2024-09-27,2024-12-20,84,12.78,11.310001,12.91860943815,11.28088733115,-0.12677232134316532,0.11502339593114239,-0.011748925412022937,0.10327447051911945,0.008069,-0.019817925412022937,0.09520547051911946,convergence,False
8748DZ__28545H,8748DZ,28545H,2025-05-12,2025-05-21,9,11.53,10.79,11.4320585544,10.906180380299999,-0.04600030445939235,0.0641803989592368,0.01818009449984445,0.08236049345908125,0.008069,0.010111094499844452,0.07429149345908126,convergence,False
8748DZ__28545H,8748DZ,28545H,2025-08-15,2025-08-29,14,11.37,10.41,11.600621347599999,10.53078995605,-0.09222190428371589,0.08443271767810019,-0.0077891866056157,0.07664353107248449,0.008069,-0.0158581866056157,0.06857453107248448,convergence,False
8748DZ__28545H,8748DZ,28545H,2025-10-06,2025-10-29,23,11.670001,10.95,11.168164343699999,11.042362291649999,-0.011264344629828575,0.06169673850070792,0.05043239387087935,0.11212913237158727,0.008069,0.04236339387087935,0.10406013237158726,convergence,False
8748DZ__28545H,8748DZ,28545H,2026-02-10,2026-03-12,30,11.800001,11.54,11.83999468235,11.68219823805,-0.013327408375886148,0.022033981183560987,0.00870657280767484,0.030740553991235826,0.008069,0.0006375728076748396,0.022671553991235827,convergence,False
9518JQ__9374RF,9518JQ,9374RF,2024-04-17,2024-04-18,1,10.66,10.49,0.0,0.0,0.0,0.015947467166979354,0.015947467166979354,0.03189493433395871,0.027402,-0.011454532833020645,0.004492934333958708,overnight_abort,True
9518JQ__9374RF,9518JQ,9374RF,2024-04-19,2024-04-24,5,10.390001,10.630001,2.173702367306444,2.150677411211693,-0.010592506334380252,-0.023099131559275135,-0.03369163789365539,-0.056790769452930524,0.027402,-0.06109363789365539,-0.08419276945293053,convergence,False
9518JQ__9374RF,9518JQ,9374RF,2024-04-29,2024-04-30,1,11.7,11.390001,0.0,0.0,0.0,0.026495641025640983,0.026495641025640983,0.052991282051281965,0.027402,-0.0009063589743590166,0.025589282051281966,overnight_abort,True
9518JQ__9374RF,9518JQ,9374RF,2024-05-03,2024-05-08,5,12.0,11.945,2.398224452570704,2.401552903617074,0.0013878813731560526,0.00458333333333331,0.0059712147064893625,0.010554548039822673,0.027402,-0.021430785293510637,-0.016847451960177326,convergence,False
9518JQ__9374RF,9518JQ,9374RF,2024-05-17,2024-05-22,5,12.776001,12.600001,2.5938530622250817,2.5816704559599497,-0.004696721816108358,0.013775828602392888,0.00907910678628453,0.022854935388677416,0.027402,-0.01832289321371547,-0.004547064611322583,convergence,False
9518JQ__9374RF,9518JQ,9374RF,2024-07-03,2024-07-08,5,12.9,12.4,2.5784680888284903,2.4929260862336173,-0.03317551338544524,0.03875968992248062,0.005584176537035378,0.044343866459516,0.027402,-0.02181782346296462,0.016941866459515998,convergence,False
9518JQ__9374RF,9518JQ,9374RF,2024-10-11,2024-10-15,4,12.340001,12.28,2.508828217738731,2.4803086281446296,-0.011367693249164222,0.004862317272097589,-0.006505375977066633,-0.0016430587049690443,0.027402,-0.03390737597706663,-0.029045058704969044,convergence,False
9518JQ__9374RF,9518JQ,9374RF,2024-11-07,2024-11-08,1,12.99,12.270001,0.0,0.0,0.0,0.05542717474980751,0.05542717474980751,0.11085434949961502,0.027402,0.02802517474980751,0.08345234949961503,overnight_abort,True
9518JQ__9374RF,9518JQ,9374RF,2025-01-06,2025-01-07,1,10.840001,10.520001,0.0,0.0,0.0,0.02952029247967784,0.02952029247967784,0.05904058495935568,0.027402,0.00211829247967784,0.031638584959355676,overnight_abort,True
9518JQ__9374RF,9518JQ,9374RF,2025-01-15,2025-01-24,9,10.86,11.140001,2.1683071144177055,2.234283989676,0.030427827690826113,-0.025782780847145526,0.004645046843680587,-0.02113773400346494,0.027402,-0.022756953156319412,-0.04853973400346494,convergence,False
9518JQ__9374RF,9518JQ,9374RF,2025-01-30,2025-01-31,1,10.630001,10.29,0.0,0.0,0.0,0.031985039324079166,0.031985039324079166,0.06397007864815833,0.027402,0.004583039324079167,0.036568078648158336,overnight_abort,True
9518JQ__9374RF,9518JQ,9374RF,2025-02-05,2025-02-11,6,11.08,10.710001,2.1804019831803596,2.158997766949136,-0.009816637664217831,0.03339341155234657,0.02357677388812874,0.05697018544047531,0.027402,-0.00382522611187126,0.02956818544047531,convergence,False
9518JQ__9374RF,9518JQ,9374RF,2025-02-13,2025-02-19,6,11.560001,11.550001,2.318490714544104,2.322261433638232,0.0016263679946932747,0.0008650518282826954,0.0024914198229759703,0.0033564716512586657,0.027402,-0.02491058017702403,-0.024045528348741334,convergence,False
9518JQ__9374RF,9518JQ,9374RF,2025-04-09,2025-04-10,1,8.3999997,8.3999997,0.0,0.0,0.0,0.0,0.0,0.0,0.027402,-0.027402,-0.027402,overnight_abort,True
9518JQ__9374RF,9518JQ,9374RF,2025-10-03,2025-10-09,6,9.33,10.36,1.8595108069977502,2.0849036927800038,0.12121085015158306,-0.11039657020364409,0.010814279947938973,-0.09958229025570511,0.027402,-0.016587720052061026,-0.12698429025570512,convergence,False
9518JQ__9374RF,9518JQ,9374RF,2025-10-13,2025-10-15,2,10.140001,10.420001,2.0561051404063586,2.090659934624591,0.016805947098309987,-0.027613409505580853,-0.010807462407270867,-0.03842087191285172,0.027402,-0.03820946240727087,-0.06582287191285172,convergence,False
9518JQ__9374RF,9518JQ,9374RF,2025-10-20,2025-10-21,1,10.4,10.510001,0.0,0.0,0.0,-0.010577019230769275,-0.010577019230769275,-0.02115403846153855,0.027402,-0.037979019230769274,-0.04855603846153855,overnight_abort,True
9518JQ__9374RF,9518JQ,9374RF,2025-11-10,2025-11-13,3,10.62,10.510001,2.0822457134153263,2.1413417519023734,0.028380914945007645,0.010357721280602488,0.038738636225610135,0.04909635750621262,0.027402,0.011336636225610135,0.02169435750621262,convergence,False
9518JQ__9374RF,9518JQ,9374RF,2025-11-21,2025-12-02,11,10.170001,11.0,2.029866705003713,2.1923925427049826,0.08006724643575669,-0.08161247968412205,-0.001545233248365363,-0.08315771293248742,0.027402,-0.028947233248365362,-0.11055971293248741,convergence,False
9518JQ__9374RF,9518JQ,9374RF,2026-03-09,2026-03-11,2,15.61,15.5,3.032891708461908,3.1182945132464366,0.028158870475411563,0.007046764894298491,0.03520563536971005,0.04225240026400855,0.027402,0.007803635369710054,0.014850400264008547,convergence,False
9518JQ__9374RF,9518JQ,9374RF,2026-03-31,2026-04-08,8,15.130001,16.046998,3.1039968603293984,3.219442347390038,0.0371925270080294,-0.060607861162732146,-0.023415334154702747,-0.08402319531743489,0.027402,-0.05081733415470274,-0.11142519531743489,convergence,False
94542N__932145,94542N,932145,2024-04-23,2024-04-25,2,16.14,16.130005,161.6080223515,162.86017253999998,0.00774806949729588,0.0006192688971499366,0.008367338394445816,0.008986607291595753,0.012563000000000001,-0.004195661605554185,-0.003576392708404248,convergence,False
94542N__932145,94542N,932145,2024-08-05,2024-08-06,1,17.149994,17.759995,0.0,0.0,0.0,-0.03556858387239089,-0.03556858387239089,-0.07113716774478178,0.012563000000000001,-0.04813158387239089,-0.08370016774478178,overnight_abort,True
94542N__932145,94542N,932145,2024-11-14,2024-11-15,1,13.7,13.448,0.0,0.0,0.0,0.018394160583941527,0.018394160583941527,0.036788321167883054,0.012563000000000001,0.0058311605839415255,0.024225321167883052,overnight_abort,True
94542N__932145,94542N,932145,2025-02-12,2025-02-19,7,14.11,13.470001,135.896588183,135.170810775,-0.005340659524304306,0.045357831325301176,0.04001717180099687,0.08537500312629805,0.012563000000000001,0.02745417180099687,0.07281200312629804,convergence,False
94542N__932145,94542N,932145,2025-04-07,2025-04-08,1,14.23,14.260001,0.0,0.0,0.0,-0.0021082923401265206,-0.0021082923401265206,-0.004216584680253041,0.012563000000000001,-0.014671292340126521,-0.01677958468025304,overnight_abort,True
94542N__932145,94542N,932145,2025-04-09,2025-04-10,1,14.25,14.11,0.0,0.0,0.0,0.009824561403508812,0.009824561403508812,0.019649122807017624,0.012563000000000001,-0.002738438596491189,0.007086122807017623,overnight_abort,True
94542N__932145,94542N,932145,2026-02-04,2026-02-10,6,11.58,11.840001,116.46714247599999,121.77348816,0.04556088156016594,-0.0224525906735752,0.02310829088659074,0.0006557002130155379,0.012563000000000001,0.010545290886590737,-0.011907299786984463,convergence,False
94542N__932145,94542N,932145,2026-03-04,2026-03-05,1,10.470001,10.100001,0.0,0.0,0.0,0.0353390606170906,0.0353390606170906,0.0706781212341812,0.012563000000000001,0.022776060617090598,0.058115121234181194,overnight_abort,True
8674W2__8745RP,8674W2,8745RP,2025-08-08,2025-08-15,1,1.4799996,1.2489996,0.0,0.0,0.0,0.15608112326516838,0.15608112326516838,0.31216224653033675,0.053043,0.10303812326516837,0.25911924653033674,overnight_abort,True
8674W2__8745RP,8674W2,8745RP,2026-04-10,2026-04-17,1,2.0,1.7760001,0.0,0.0,0.0,0.11199994999999996,0.11199994999999996,0.22399989999999992,0.053043,0.05895694999999996,0.1709568999999999,overnight_abort,True
8711AE__30877L,8711AE,30877L,2024-11-27,2024-12-02,5,11.350001,10.49,21.228796035089456,21.163370915514424,-0.003081904384350841,0.07577100653999946,0.07268910215564862,0.14846010869564807,0.06124,0.011449102155648622,0.08722010869564807,convergence,False
8711AE__30877L,8711AE,30877L,2024-12-09,2024-12-10,1,11.135001,9.8800002,0.0,0.0,0.0,0.11270774021484158,0.11270774021484158,0.22541548042968315,0.06124,0.05146774021484157,0.16417548042968316,overnight_abort,True
8711AE__30877L,8711AE,30877L,2025-02-14,2025-02-18,1,11.850001,10.460001,0.0,0.0,0.0,0.11729956816037404,0.11729956816037404,0.23459913632074808,0.06124,0.05605956816037404,0.17335913632074806,overnight_abort,True
8711AE__30877L,8711AE,30877L,2025-02-25,2025-02-27,2,10.670001,8.8000002,17.538542068097,17.479425038277938,-0.0033706923636827543,0.17525779051004772,0.17188709814636496,0.3471448886564127,0.06124,0.11064709814636496,0.28590488865641267,convergence,False
8711AE__30877L,8711AE,30877L,2025-03-07,2025-03-18,11,9.8100005,8.0008002,16.801131201574602,17.131583702274153,0.019668467362994012,0.18442407826584706,0.20409254562884108,0.3885166238946881,0.06124,0.1428525456288411,0.3272766238946881,convergence,False
8711AE__30877L,8711AE,30877L,2025-10-20,2025-10-23,1,5.6800004,4.8549996,0.0,0.0,0.0,0.14524660948967535,0.14524660948967535,0.2904932189793507,0.06124,0.08400660948967535,0.2292532189793507,overnight_abort,True
8711AE__30877L,8711AE,30877L,2026-02-26,2026-02-27,1,8.7399998,7.25,0.0,0.0,0.0,0.17048053021694573,0.17048053021694573,0.34096106043389146,0.06124,0.10924053021694573,0.27972106043389144,overnight_abort,True
8711AE__30877L,8711AE,30877L,2026-03-02,2026-03-31,29,8.6199999,5.1400004,12.438096598013894,11.178581530031925,-0.1012626858182696,0.40371224366255504,0.30244955784428545,0.7061618015068405,0.06124,0.24120955784428544,0.6449218015068405,convergence,False
9289GW__2559M8,9289GW,2559M8,2024-05-02,2024-05-06,4,14.720001,14.770001,14.65806291215,14.84968203374227,0.01307260875742588,-0.0033967388996781122,0.009675869857747769,0.006279130958069656,0.044035,-0.034359130142252226,-0.037755869041930346,convergence,False
9289GW__2559M8,9289GW,2559M8,2024-05-13,2024-05-20,7,15.810001,16.100007,15.3868809714,16.4135170176,0.06672151738277794,-0.018343199345781304,0.04837831803699664,0.030035118691215335,0.044035,0.004343318036996641,-0.013999881308784663,convergence,False
9289GW__2559M8,9289GW,2559M8,2024-08-23,2024-08-26,1,14.94,14.260001,0.0,0.0,0.0,0.045515327978580905,0.045515327978580905,0.09103065595716181,0.044035,0.0014803279785809073,0.04699565595716181,overnight_abort,True
9289GW__2559M8,9289GW,2559M8,2024-09-24,2024-09-30,6,18.630005,23.380005,17.534281769550002,24.933261720025946,0.42197222833073195,-0.25496504160895284,0.1670071867217791,-0.08795785488717373,0.044035,0.12297218672177912,-0.13199285488717372,convergence,False
9289GW__2559M8,9289GW,2559M8,2024-12-09,2024-12-10,1,23.210007,20.610001,0.0,0.0,0.0,0.11202090546547445,0.11202090546547445,0.2240418109309489,0.044035,0.06798590546547445,0.18000681093094892,overnight_abort,True
9289GW__2559M8,9289GW,2559M8,2025-02-20,2025-02-21,1,22.110001,22.820008,0.0,0.0,0.0,-0.03211248158695248,-0.03211248158695248,-0.06422496317390496,0.044035,-0.07614748158695248,-0.10825996317390496,overnight_abort,True
9289GW__2559M8,9289GW,2559M8,2025-03-17,2025-03-18,1,22.279999,21.600007,0.0,0.0,0.0,0.030520288622993143,0.030520288622993143,0.061040577245986286,0.044035,-0.013514711377006855,0.017005577245986288,overnight_abort,True
9289GW__2559M8,9289GW,2559M8,2025-07-14,2025-07-18,4,22.320008,25.199997,23.553689464730002,25.44840548684,0.08044243025905562,-0.12903171898504687,-0.04858928872599125,-0.17762100771103811,0.044035,-0.09262428872599124,-0.2216560077110381,convergence,False
9289GW__2559M8,9289GW,2559M8,2026-01-12,2026-01-13,1,31.779999,31.399994,0.0,0.0,0.0,0.011957363497714415,0.011957363497714415,0.02391472699542883,0.044035,-0.03207763650228558,-0.020120273004571167,overnight_abort,True
9289GW__2559M8,9289GW,2559M8,2026-02-06,2026-02-11,5,31.529999,31.839997,30.7621424492,32.33667104618041,0.051183970673712345,-0.009831843001327093,0.041352127672385254,0.03152028467105816,0.044035,-0.0026828723276147437,-0.012514715328941835,convergence,False
87275J__77933E,87275J,77933E,2024-05-14,2024-05-16,2,18.369996,16.820008,17.4134804064,16.9734218325,-0.025271144172779193,0.08437606627676995,0.059104922103990765,0.1434809883807607,0.027403,0.03170192210399077,0.11607798838076071,convergence,False
87275J__77933E,87275J,77933E,2024-06-24,2024-06-26,2,18.770005,18.354996,18.477817229299998,18.5274993375,0.0026887433501194256,0.02211022319919474,0.024798966549314166,0.046909189748508905,0.027403,-0.0026040334506858345,0.019506189748508904,convergence,False
87275J__77933E,87275J,77933E,2024-08-05,2024-08-06,1,19.130005,20.449997,0.0,0.0,0.0,-0.06900113199134025,-0.06900113199134025,-0.1380022639826805,0.027403,-0.09640413199134025,-0.16540526398268052,overnight_abort,True
87275J__77933E,87275J,77933E,2025-02-28,2025-03-03,1,13.53,13.310001,0.0,0.0,0.0,0.01626008869179598,0.01626008869179598,0.03252017738359196,0.027403,-0.01114291130820402,0.005117177383591961,overnight_abort,True
87275J__77933E,87275J,77933E,2025-03-05,2025-03-06,1,13.770001,13.41,0.0,0.0,0.0,0.026143861572704347,0.026143861572704347,0.05228772314540869,0.027403,-0.0012591384272956536,0.024884723145408693,overnight_abort,True
87275J__77933E,87275J,77933E,2025-04-09,2025-04-10,1,14.25,14.54,0.0,0.0,0.0,-0.020350877192982397,-0.020350877192982397,-0.040701754385964795,0.027403,-0.047753877192982394,-0.06810475438596479,overnight_abort,True
87275J__77933E,87275J,77933E,2025-04-22,2025-04-25,3,15.453001,15.470001,15.2417123609,15.640765815249999,0.026181668102706293,-0.0011001099398103616,0.02508155816289593,0.02398144822308557,0.027403,-0.0023214418371040706,-0.0034215517769144305,convergence,False
87275J__77933E,87275J,77933E,2025-05-13,2025-05-14,1,16.070008,17.880005,0.0,0.0,0.0,-0.1126319912224063,-0.1126319912224063,-0.2252639824448126,0.027403,-0.1400349912224063,-0.2526669824448126,overnight_abort,True
87275J__77933E,87275J,77933E,2025-06-12,2025-06-13,1,20.770005,19.759995,0.0,0.0,0.0,0.04862829835621133,0.04862829835621133,0.09725659671242266,0.027403,0.02122529835621133,0.06985359671242267,overnight_abort,True
87275J__77933E,87275J,77933E,2025-08-13,2025-08-14,1,21.759995,21.990006,0.0,0.0,0.0,-0.010570360884733709,-0.010570360884733709,-0.021140721769467418,0.027403,-0.03797336088473371,-0.04854372176946742,overnight_abort,True
87275J__77933E,87275J,77933E,2025-09-04,2025-09-05,1,23.910004,23.149994,0.0,0.0,0.0,0.0317862765727685,0.0317862765727685,0.063572553145537,0.027403,0.004383276572768501,0.036169553145537006,overnight_abort,True
87275J__77933E,87275J,77933E,2025-10-06,2025-10-09,3,22.979905,21.399994,21.8755143614,21.486900177600003,-0.017764802115269082,0.06875185080182009,0.050987048686551004,0.11973889948837109,0.027403,0.023584048686551003,0.09233589948837109,convergence,False
87275J__77933E,87275J,77933E,2025-11-11,2025-11-13,2,23.440003,23.520005,23.9485756499,23.931677750400002,-0.000705591002447311,-0.003413054170684208,-0.004118645173131519,-0.007531699343815727,0.027403,-0.03152164517313152,-0.034934699343815726,convergence,False
87275J__77933E,87275J,77933E,2025-11-28,2025-12-01,1,25.259995,24.490006,0.0,0.0,0.0,0.03048254760145435,0.03048254760145435,0.0609650952029087,0.027403,0.00307954760145435,0.033562095202908704,overnight_abort,True
87275J__77933E,87275J,77933E,2025-12-29,2026-01-05,7,25.259995,25.597001,24.467743482899998,25.5570814023,0.044521388748468685,-0.013341491160231774,0.03117989758823691,0.017838406428005136,0.027403,0.0037768975882369084,-0.009564593571994864,convergence,False
8785V9__50631X,8785V9,50631X,2024-05-02,2024-05-07,5,52.839997,52.869996,5.2999451232718995,5.318707580734682,0.0035401229685185884,-0.000567732810431531,0.0029723901580870574,0.0024046573476555265,0.015332000000000002,-0.012359609841912944,-0.012927342652344475,convergence,False
8785V9__50631X,8785V9,50631X,2024-05-16,2024-05-20,4,56.5,56.201996,5.63299009806553,5.654970432584212,0.0039020722806222844,0.005274407079645997,0.009176479360268282,0.014450886439914278,0.015332000000000002,-0.00615552063973172,-0.0008811135600857237,convergence,False
8785V9__50631X,8785V9,50631X,2024-05-30,2024-06-03,4,59.100007,55.259995,5.493135075481843,5.620455989631101,0.023178187392031386,0.06497481463919276,0.08815300203122414,0.15312781667041692,0.015332000000000002,0.07282100203122414,0.1377958166704169,convergence,False
8785V9__50631X,8785V9,50631X,2024-06-05,2024-06-06,1,61.190003,62.490006,0.0,0.0,0.0,-0.02124534950586624,-0.02124534950586624,-0.04249069901173248,0.015332000000000002,-0.03657734950586625,-0.05782269901173248,overnight_abort,True
8785V9__50631X,8785V9,50631X,2024-07-03,2024-07-05,1,61.529999,56.744996,0.0,0.0,0.0,0.07776699297524767,0.07776699297524767,0.15553398595049533,0.015332000000000002,0.06243499297524767,0.14020198595049532,overnight_abort,True
8785V9__50631X,8785V9,50631X,2024-09-24,2024-09-30,6,65.865006,71.800004,6.159478082396171,7.3976391895,0.2010172112865378,-0.09010851680481147,0.11090869448172633,0.02080017767691486,0.015332000000000002,0.09557669448172633,0.005468177676914859,convergence,False
8785V9__50631X,8785V9,50631X,2024-11-07,2024-11-08,1,71.134995,70.404999,0.0,0.0,0.0,0.010262122039932663,0.010262122039932663,0.020524244079865327,0.015332000000000002,-0.0050698779600673385,0.005192244079865325,overnight_abort,True
8785V9__50631X,8785V9,50631X,2024-11-26,2024-12-04,8,75.356003,82.410004,7.7747011364,8.337133302852598,0.07234132304062128,-0.09360901214465953,-0.021267689104038243,-0.11487670124869777,0.015332000000000002,-0.03659968910403824,-0.13020870124869777,convergence,False
8785V9__50631X,8785V9,50631X,2024-12-09,2024-12-10,1,89.914994,83.550004,0.0,0.0,0.0,0.0707889720817864,0.0707889720817864,0.1415779441635728,0.015332000000000002,0.055456972081786404,0.1262459441635728,overnight_abort,True
8785V9__50631X,8785V9,50631X,2025-02-12,2025-02-13,1,116.09501,109.83501,0.0,0.0,0.0,0.05392135286434796,0.05392135286434796,0.10784270572869592,0.015332000000000002,0.03858935286434796,0.09251070572869592,overnight_abort,True
8785V9__50631X,8785V9,50631X,2025-03-03,2025-03-05,2,112.94001,113.97001,11.111040236766197,11.472434945393697,0.0325257312480656,-0.009119885857987804,0.023405845390077794,0.014285959532089991,0.015332000000000002,0.008073845390077793,-0.001046040467910011,convergence,False
8785V9__50631X,8785V9,50631X,2025-03-17,2025-03-18,1,115.9,113.25,0.0,0.0,0.0,0.022864538395168298,0.022864538395168298,0.045729076790336595,0.015332000000000002,0.007532538395168296,0.030397076790336593,overnight_abort,True
8785V9__50631X,8785V9,50631X,2025-07-18,2025-07-22,4,99.600007,94.440003,9.637126305279166,9.49062745125,-0.015201508145526087,0.051807265435232355,0.03660575728970627,0.08841302272493862,0.015332000000000002,0.021273757289706267,0.07308102272493862,convergence,False
8785V9__50631X,8785V9,50631X,2025-08-14,2025-08-20,6,104.12681,101.3125,9.877522311216612,10.527864970175001,0.06584066717013429,0.027027717453362934,0.09286838462349722,0.11989610207686016,0.015332000000000002,0.07753638462349723,0.10456410207686016,convergence,False
8785V9__50631X,8785V9,50631X,2025-08-22,2025-08-27,5,105.89,105.96421,10.707953345060911,10.736876522780689,0.0027010929902041747,-0.0007008216073282999,0.0020002713828758747,0.001299449775547575,0.015332000000000002,-0.013331728617124127,-0.014032550224452427,convergence,False
8785V9__50631X,8785V9,50631X,2025-09-18,2025-09-24,6,109.41001,107.314,10.489219082012633,11.075114747327879,0.055856938513179175,0.019157387884344467,0.07501432639752365,0.0941717142818681,0.015332000000000002,0.05968232639752365,0.0788397142818681,convergence,False
8785V9__50631X,8785V9,50631X,2025-10-06,2025-10-08,1,119.68,111.338,0.0,0.0,0.0,0.06970254010695198,0.06970254010695198,0.13940508021390396,0.015332000000000002,0.054370540106951984,0.12407308021390397,overnight_abort,True
8785V9__50631X,8785V9,50631X,2025-10-13,2025-10-14,1,106.78901,97.679993,0.0,0.0,0.0,0.08529919885950818,0.08529919885950818,0.17059839771901636,0.015332000000000002,0.06996719885950818,0.15526639771901635,overnight_abort,True
8785V9__50631X,8785V9,50631X,2026-01-29,2026-01-30,1,82.960007,79.740006,0.0,0.0,0.0,0.03881389498918449,0.03881389498918449,0.07762778997836899,0.015332000000000002,0.02348189498918449,0.06229578997836899,overnight_abort,True
8785V9__50631X,8785V9,50631X,2026-03-23,2026-03-24,1,70.0,65.591797,0.0,0.0,0.0,0.06297432857142858,0.06297432857142858,0.12594865714285716,0.015332000000000002,0.04764232857142858,0.11061665714285716,overnight_abort,True
9326MM__9313M7,9326MM,9313M7,2024-08-08,2024-08-09,1,10.340001,10.4,0.0,0.0,0.0,-0.005802610657387699,-0.005802610657387699,-0.011605221314775397,0.022456,-0.0282586106573877,-0.034061221314775396,overnight_abort,True
9326MM__9313M7,9326MM,9313M7,2024-08-21,2024-08-22,1,11.680001,12.0,0.0,0.0,0.0,-0.027397172311885865,-0.027397172311885865,-0.05479434462377173,0.022456,-0.049853172311885866,-0.07725034462377173,overnight_abort,True
9326MM__9313M7,9326MM,9313M7,2024-09-24,2024-09-30,6,14.180001,14.010001,2.639777000010107,2.8947283785,0.09658064999010021,0.011988715656649102,0.10856936564674932,0.12055808130339841,0.022456,0.08611336564674932,0.09810208130339841,convergence,False
9326MM__9313M7,9326MM,9313M7,2024-10-07,2024-10-10,3,16.940003,15.23,3.0481134752028023,3.056608348875,0.002786928289023993,0.10094466925419082,0.10373159754321482,0.20467626679740564,0.022456,0.08127559754321481,0.18222026679740563,convergence,False
9326MM__9313M7,9326MM,9313M7,2024-11-18,2024-11-19,1,19.110001,18.100007,0.0,0.0,0.0,0.0528515932573734,0.0528515932573734,0.1057031865147468,0.022456,0.030395593257373402,0.0832471865147468,overnight_abort,True
9326MM__9313M7,9326MM,9313M7,2024-12-09,2024-12-12,3,20.64,20.070008,3.9811163869882287,4.064492705802109,0.02094294934114083,0.027615891472868175,0.048558840814009005,0.07617473228687718,0.022456,0.026102840814009005,0.05371873228687718,convergence,False
9326MM__9313M7,9326MM,9313M7,2025-01-28,2025-02-06,9,25.570008,25.990006,4.869879502594258,5.207731843229626,0.0693759138096515,-0.016425415275583787,0.052950498534067705,0.03652508325848392,0.022456,0.030494498534067705,0.014069083258483921,convergence,False
9326MM__9313M7,9326MM,9313M7,2025-02-13,2025-02-14,1,27.300004,28.449997,0.0,0.0,0.0,-0.042124279542230046,-0.042124279542230046,-0.08424855908446009,0.022456,-0.06458027954223004,-0.1067045590844601,overnight_abort,True
9326MM__9313M7,9326MM,9313M7,2025-02-20,2025-02-24,4,32.520005,32.039994,6.654010615877177,6.636699442407322,-0.002601614946112254,0.014760483585411427,0.012158868639299172,0.0269193522247106,0.022456,-0.010297131360700828,0.004463352224710601,convergence,False
9326MM__9313M7,9326MM,9313M7,2025-02-27,2025-03-03,4,36.050004,31.350007,6.6656817076640476,6.551411243874655,-0.017143102356358755,0.130374382205339,0.11323127984898025,0.24360566205431927,0.022456,0.09077527984898025,0.22114966205431927,convergence,False
9326MM__9313M7,9326MM,9313M7,2025-03-17,2025-03-19,2,36.970002,37.199997,7.420229660894704,7.489624074036884,0.009352057323494305,-0.006221124900128552,0.0031309324233657525,-0.0030901924767627997,0.022456,-0.01932506757663425,-0.025546192476762798,convergence,False
9326MM__9313M7,9326MM,9313M7,2025-06-26,2025-07-02,6,39.479996,38.240006,7.509649137179542,7.662566231529166,0.020362748186535905,0.03140805789342022,0.05177080607995613,0.08317886397337634,0.022456,0.029314806079956127,0.06072286397337634,convergence,False
9326MM__9313M7,9326MM,9313M7,2025-10-17,2025-10-21,4,30.279999,29.699997,6.068368606221999,5.977831716383273,-0.014919477657619126,0.019154624146453914,0.004235146488834787,0.0233897706352887,0.022456,-0.018220853511165213,0.0009337706352887006,convergence,False
9326MM__9313M7,9326MM,9313M7,2025-11-24,2025-12-02,8,25.800004,25.990006,5.188090211990737,5.228203389268716,0.007731780990482597,-0.007364417462881005,0.00036736352760159165,-0.006997053935279413,0.022456,-0.022088636472398407,-0.029453053935279413,convergence,False
9326MM__9313M7,9326MM,9313M7,2026-03-04,2026-03-05,1,20.899994,20.520005,0.0,0.0,0.0,0.018181297085539755,0.018181297085539755,0.03636259417107951,0.022456,-0.004274702914460245,0.01390659417107951,overnight_abort,True
9326MM__9313M7,9326MM,9313M7,2026-03-31,2026-04-08,8,20.699997,20.850007,4.085226305965811,4.1826786711539325,0.023854826609191214,-0.00724686095365143,0.016607965655539784,0.009361104701888353,0.022456,-0.005848034344460216,-0.013094895298111647,convergence,False
9320A0__70177J,9320A0,70177J,2024-06-05,2024-06-11,1,27.289994,26.580002,0.0,0.0,0.0,0.02601656856355482,0.02601656856355482,0.05203313712710964,0.202011,-0.17599443143644516,-0.14997786287289036,overnight_abort,True
9320A0__70177J,9320A0,70177J,2024-06-25,2024-07-02,7,28.820008,26.649994,2.7467597412327445,2.7260168286379467,-0.007551775382250345,0.0752953989464542,0.06774362356420387,0.14303902251065806,0.202011,-0.13426737643579612,-0.05897197748934194,convergence,False
9320A0__70177J,9320A0,70177J,2024-08-09,2024-08-23,14,22.75,22.0,2.1434572284577342,2.2575253591590476,0.05321689147181536,0.03296703296703297,0.08618392443884833,0.1191509574058813,0.202011,-0.11582707556115167,-0.0828600425941187,convergence,False
9320A0__70177J,9320A0,70177J,2024-09-26,2024-10-02,1,28.0,27.800004,0.0,0.0,0.0,0.00714271428571424,0.00714271428571424,0.01428542857142848,0.202011,-0.19486828571428574,-0.18772557142857152,overnight_abort,True
9320A0__70177J,9320A0,70177J,2024-10-08,2024-10-10,1,26.770005,24.5,0.0,0.0,0.0,0.08479658483440705,0.08479658483440705,0.1695931696688141,0.202011,-0.11721441516559294,-0.03241783033118589,overnight_abort,True
9320A0__70177J,9320A0,70177J,2024-11-05,2024-11-06,1,31.970002,27.274506,0.0,0.0,0.0,0.14687193325793355,0.14687193325793355,0.2937438665158671,0.202011,-0.05513906674206645,0.0917328665158671,overnight_abort,True
9320A0__70177J,9320A0,70177J,2024-12-17,2024-12-24,7,27.789994,23.899994,2.612461926890722,2.6521280057282395,0.015183409346266271,0.13997843972186538,0.15516184906813166,0.29514028878999704,0.202011,-0.04684915093186834,0.09312928878999704,convergence,False
9320A0__70177J,9320A0,70177J,2025-04-28,2025-04-29,1,30.594803,26.016007,0.0,0.0,0.0,0.14965927383157202,0.14965927383157202,0.29931854766314403,0.202011,-0.05235172616842798,0.09730754766314403,overnight_abort,True
9320A0__70177J,9320A0,70177J,2025-05-02,2025-05-07,1,28.710007,26.570008,0.0,0.0,0.0,0.0745384353267486,0.0745384353267486,0.1490768706534972,0.202011,-0.1274725646732514,-0.052934129346502795,overnight_abort,True
9291FF__140134,9291FF,140134,2024-08-05,2024-09-27,53,2.8999997,2.8400002,0.7491982197374724,0.7269545270856426,-0.02968999667354287,0.020689484898912227,-0.009000511774630644,0.011688973124281583,0.136789,-0.14578951177463065,-0.12510002687571842,convergence,False
9291FF__140134,9291FF,140134,2025-10-17,2025-12-23,67,4.6700001,4.4499999,1.161151630511386,1.1417550593392034,-0.016704597971963518,0.0471092495265686,0.030404651554605082,0.07751390108117368,0.136789,-0.1063843484453949,-0.05927509891882632,convergence,False
9291FF__140134,9291FF,140134,2026-03-23,2026-03-27,4,4.4133997,4.6575003,1.0642511408620001,1.186000375266,0.11439897006395308,-0.05530897190209159,0.059089998161861494,0.003781026259769907,0.136789,-0.07769900183813849,-0.1330079737402301,convergence,False
7086Q0__503359,7086Q0,503359,2025-04-09,2025-07-01,83,13.74,15.0,26.333458562399997,31.7484642024,0.20563214767891422,-0.09170305676855893,0.11392909091035529,0.022226034141796358,0.031377,0.08255209091035529,-0.009150965858203644,convergence,False
7086Q0__503359,7086Q0,503359,2025-11-17,2025-12-08,21,17.050004,14.215001,28.8735077469,28.969053618100002,0.003309118934822203,0.16627579676814153,0.16958491570296372,0.33586071247110527,0.031377,0.1382079157029637,0.3044837124711053,convergence,False
7018KV__68923Q,7018KV,68923Q,2024-08-05,2024-08-06,1,9.3999997,9.6300002,0.0,0.0,0.0,-0.024468139078770306,-0.024468139078770306,-0.04893627815754061,0.046083,-0.07055113907877031,-0.0950192781575406,overnight_abort,True
7018KV__68923Q,7018KV,68923Q,2024-11-19,2024-11-20,1,12.210001,12.770001,0.0,0.0,0.0,-0.0458640421077771,-0.0458640421077771,-0.0917280842155542,0.046083,-0.0919470421077771,-0.1378110842155542,overnight_abort,True
7018KV__68923Q,7018KV,68923Q,2025-02-14,2025-02-18,1,14.550001,14.54,0.0,0.0,0.0,0.0006873539046492722,0.0006873539046492722,0.0013747078092985444,0.046083,-0.045395646095350725,-0.04470829219070145,overnight_abort,True
7018KV__68923Q,7018KV,68923Q,2025-02-28,2025-03-03,1,14.95,14.99,0.0,0.0,0.0,-0.0026755852842809983,-0.0026755852842809983,-0.005351170568561997,0.046083,-0.048758585284280995,-0.051434170568562,overnight_abort,True
7018KV__68923Q,7018KV,68923Q,2025-03-14,2025-03-18,4,15.449001,15.720001,31.163086815000003,31.419573017,0.008230449169641984,-0.017541587316875634,-0.00931113814723365,-0.026852725464109287,0.046083,-0.05539413814723365,-0.07293572546410929,convergence,False
7018KV__68923Q,7018KV,68923Q,2025-04-07,2025-04-08,1,13.640001,14.140001,0.0,0.0,0.0,-0.03665688880814598,-0.03665688880814598,-0.07331377761629196,0.046083,-0.08273988880814598,-0.11939677761629196,overnight_abort,True
7018KV__68923Q,7018KV,68923Q,2025-04-09,2025-04-10,1,15.390001,14.61,0.0,0.0,0.0,0.05068232289263661,0.05068232289263661,0.10136464578527322,0.046083,0.004599322892636613,0.055281645785273226,overnight_abort,True
7018KV__68923Q,7018KV,68923Q,2025-09-18,2025-09-25,7,16.029999,15.210001,31.66965153,30.541740165,-0.03561489661266252,0.051153964513659674,0.015539067900997156,0.06669303241465682,0.046083,-0.030543932099002843,0.020610032414656823,convergence,False
7018KV__68923Q,7018KV,68923Q,2025-09-29,2025-09-30,1,15.310001,15.310001,0.0,0.0,0.0,0.0,0.0,0.0,0.046083,-0.046083,-0.046083,overnight_abort,True
7018KV__68923Q,7018KV,68923Q,2025-10-06,2025-10-08,2,15.554,15.630001,30.6309865554,31.306284004,0.022046219353027953,-0.004886267198148371,0.01715995215487958,0.012273684956731212,0.046083,-0.02892304784512042,-0.033809315043268784,convergence,False
7018KV__68923Q,7018KV,68923Q,2025-11-19,2025-11-20,1,15.15,15.57,0.0,0.0,0.0,-0.027722772277227716,-0.027722772277227716,-0.05544554455445543,0.046083,-0.07380577227722772,-0.10152854455445542,overnight_abort,True
7018KV__68923Q,7018KV,68923Q,2026-02-06,2026-02-10,4,18.880005,19.270005,37.8676588162,38.5918320456,0.0191237919649312,-0.020656774190472967,-0.001532982225541768,-0.022189756416014735,0.046083,-0.04761598222554177,-0.06827275641601474,convergence,False
7018KV__68923Q,7018KV,68923Q,2026-03-04,2026-03-05,1,18.710007,18.649994,0.0,0.0,0.0,0.003207534876924494,0.003207534876924494,0.006415069753848988,0.046083,-0.0428754651230755,-0.03966793024615101,overnight_abort,True
7018KV__68923Q,7018KV,68923Q,2026-03-23,2026-03-26,3,18.330002,18.740006,36.264530527,38.011510709999996,0.0481732469057974,-0.022367918999681543,0.025805327906115855,0.0034374089064343125,0.046083,-0.020277672093884144,-0.042645591093565687,convergence,False
7018KV__68923Q,7018KV,68923Q,2026-03-31,2026-04-16,16,19.490006,18.720002,39.4320074958,37.5286614286,-0.04826906333396106,0.039507632783694374,-0.008761430550266687,0.030746202233427687,0.046083,-0.054844430550266686,-0.015336797766572312,convergence,False
2721ME__32307F,2721ME,32307F,2024-05-02,2024-05-07,5,10.53,10.58,10.625495386099999,10.656592295409684,0.0029266314820827364,-0.0047483380816714825,-0.001821706599588746,-0.0065700446812602285,0.034472,-0.03629370659958875,-0.04104204468126023,convergence,False
2721ME__32307F,2721ME,32307F,2024-09-09,2024-09-13,4,7.7100001,7.1020003,7.5280537682512865,7.1802235232000005,-0.04620453782068091,0.07885859819898056,0.03265406037829965,0.11151265857728021,0.034472,-0.0018179396217003554,0.07704065857728021,convergence,False
2721ME__32307F,2721ME,32307F,2024-09-24,2024-09-30,6,8.5299998,8.75,8.381772054675,9.076582163648379,0.08289537158026654,-0.025791348787604827,0.05710402279266171,0.031312674005056884,0.034472,0.02263202279266171,-0.0031593259949431185,convergence,False
2721ME__32307F,2721ME,32307F,2024-10-09,2024-10-15,6,8.29,7.988,8.487718376357103,8.14306016315,-0.04060669757459938,0.03642943305186957,-0.004177264522729811,0.03225216852913976,0.034472,-0.03864926452272981,-0.002219831470860245,convergence,False
2721ME__32307F,2721ME,32307F,2024-11-11,2024-11-13,2,7.9899998,7.441,7.578971244671699,7.5828654901,0.0005138224308527937,0.06871086529939585,0.06922468773024865,0.1379355530296445,0.034472,0.034752687730248644,0.1034635530296445,convergence,False
2721ME__32307F,2721ME,32307F,2024-12-09,2024-12-11,2,8.2100001,7.6372004,7.833602183576457,7.698046931906261,-0.017304331837835002,0.06976853751804461,0.05246420568020961,0.12223274319825422,0.034472,0.017992205680209608,0.08776074319825422,convergence,False
2721ME__32307F,2721ME,32307F,2025-01-13,2025-01-16,3,7.691,7.4300004,7.474186315312646,7.538058724879961,0.008545734194029563,0.03393571707190221,0.04248145126593177,0.07641716833783399,0.034472,0.00800945126593177,0.04194516833783399,convergence,False
2721ME__32307F,2721ME,32307F,2025-06-04,2025-06-05,1,7.0600005,6.7100001,0.0,0.0,0.0,0.04957512396776741,0.04957512396776741,0.09915024793553481,0.034472,0.015103123967767404,0.06467824793553481,overnight_abort,True
2721ME__32307F,2721ME,32307F,2025-08-22,2025-08-27,5,8.0459996,7.33,8.05176628173591,7.6224120027306865,-0.053324235202795445,0.0889882718860687,0.035664036683273254,0.12465230856934195,0.034472,0.001192036683273251,0.09018030856934195,convergence,False
2721ME__32307F,2721ME,32307F,2025-09-04,2025-09-12,8,7.7299996,7.4499999,7.5862986106733645,7.737440929513224,0.019923064803593862,0.03622247276701027,0.056145537570604136,0.09236801033761441,0.034472,0.021673537570604133,0.057896010337614406,convergence,False
2721ME__32307F,2721ME,32307F,2025-09-18,2025-09-23,5,8.2399998,7.6125002,7.9746358208,7.728860966310007,-0.030819570951308575,0.07615286592604036,0.04533329497473178,0.12148616090077213,0.034472,0.010861294974731775,0.08701416090077213,convergence,False
2721ME__32307F,2721ME,32307F,2025-10-06,2025-10-10,1,8.7200003,7.6999999,0.0,0.0,0.0,0.11697251891149599,0.11697251891149599,0.23394503782299197,0.034472,0.08250051891149598,0.19947303782299197,overnight_abort,True
2721ME__32307F,2721ME,32307F,2025-10-15,2025-10-16,1,8.2399998,8.1300002,0.0,0.0,0.0,0.01334946634343366,0.01334946634343366,0.02669893268686732,0.034472,-0.021122533656566342,-0.007773067313132681,overnight_abort,True
2721ME__32307F,2721ME,32307F,2025-11-25,2025-12-01,6,8.9636002,8.9600001,8.909345153057886,8.987378918,0.008758642032779464,0.0004016354946308163,0.00916027752741028,0.009561913022041096,0.034472,-0.025311722472589723,-0.024910086977958906,convergence,False
9602KM__503745,9602KM,503745,2024-07-31,2024-08-01,1,12.12,11.850001,0.0,0.0,0.0,0.022277145214521333,0.022277145214521333,0.044554290429042666,0.034090999999999996,-0.011813854785478663,0.01046329042904267,overnight_abort,True
9602KM__503745,9602KM,503745,2024-08-07,2024-08-08,1,13.15,13.390001,0.0,0.0,0.0,-0.01825102661596954,-0.01825102661596954,-0.03650205323193908,0.034090999999999996,-0.05234202661596954,-0.07059305323193907,overnight_abort,True
9602KM__503745,9602KM,503745,2024-08-23,2024-08-26,1,15.16,15.245,0.0,0.0,0.0,-0.005606860158311285,-0.005606860158311285,-0.01121372031662257,0.034090999999999996,-0.03969786015831128,-0.04530472031662257,overnight_abort,True
9602KM__503745,9602KM,503745,2024-09-03,2024-09-05,2,14.98,15.100001,153.0541144,152.730810806,-0.00211234827150788,-0.008010747663551417,-0.010123095935059298,-0.018133843598610713,0.034090999999999996,-0.044214095935059296,-0.05222484359861071,convergence,False
9602KM__503745,9602KM,503745,2024-12-20,2024-12-27,7,11.920001,11.850001,116.932277076,119.74529511,0.024056813946859833,0.005872482728818438,0.02992929667567827,0.035801779404496706,0.034090999999999996,-0.004161703324321725,0.0017107794044967095,convergence,False
9602KM__503745,9602KM,503745,2025-01-06,2025-01-07,1,11.82,11.7,0.0,0.0,0.0,0.010152284263959475,0.010152284263959475,0.02030456852791895,0.034090999999999996,-0.02393871573604052,-0.013786431472081046,overnight_abort,True
9602KM__503745,9602KM,503745,2025-01-21,2025-01-24,3,12.45,11.95,120.548111664,120.188446875,-0.0029835787888780004,0.040160642570281124,0.037177063781403126,0.07733770635168424,0.034090999999999996,0.0030860637814031297,0.04324670635168425,convergence,False
9602KM__503745,9602KM,503745,2025-04-09,2025-04-16,7,10.960001,12.050001,113.633996399,121.118113512,0.06586160260280927,-0.09945254567038815,-0.033590943067578885,-0.13304348873796704,0.034090999999999996,-0.06768194306757888,-0.16713448873796705,convergence,False
9602KM__503745,9602KM,503745,2025-04-17,2025-04-22,5,12.180001,12.460001,126.35315048000001,125.2560214895,-0.008683036286251297,-0.022988503859728695,-0.03167154014597999,-0.05466004400570869,0.034090999999999996,-0.06576254014597999,-0.08875104400570868,convergence,False
9602KM__503745,9602KM,503745,2025-05-02,2025-05-07,1,11.87,11.890001,0.0,0.0,0.0,-0.0016850042122999666,-0.0016850042122999666,-0.003370008424599933,0.034090999999999996,-0.03577600421229996,-0.03746100842459993,overnight_abort,True
9602KM__503745,9602KM,503745,2025-08-04,2025-08-05,1,8.6999999,8.1000004,0.0,0.0,0.0,0.06896546056282128,0.06896546056282128,0.13793092112564256,0.034090999999999996,0.034874460562821286,0.10383992112564257,overnight_abort,True
9602KM__503745,9602KM,503745,2025-08-07,2025-08-14,7,8.7600003,9.1599999,90.2690755575,92.782459275,0.027843242018126182,-0.04566205323075172,-0.017818811212625536,-0.06348086444337725,0.034090999999999996,-0.05190981121262553,-0.09757186444337725,convergence,False
9602KM__503745,9602KM,503745,2025-09-16,2025-09-17,1,9.8599997,9.8000002,0.0,0.0,0.0,0.006085142172975927,0.006085142172975927,0.012170284345951854,0.034090999999999996,-0.02800585782702407,-0.021920715654048142,overnight_abort,True
9602KM__503745,9602KM,503745,2025-09-19,2025-09-24,5,10.04,9.4399996,96.66936820800001,95.631442688,-0.010736860488906213,0.05976099601593616,0.049024135527029944,0.10878513154296611,0.034090999999999996,0.014933135527029948,0.07469413154296611,convergence,False
9602KM__503745,9602KM,503745,2025-09-26,2025-12-26,91,9.9099999,8.7399998,18.8095145745,17.500717568,-0.06958164716671278,0.11806257434977381,0.04848092718306103,0.16654350153283484,0.034090999999999996,0.014389927183061035,0.13245250153283483,force_close,False
9602KM__503745,9602KM,503745,2026-02-09,2026-03-05,24,9.3000002,8.8800002,19.030346181600002,17.8881908657,-0.060017579554297616,0.045161289351370114,-0.014856290202927502,0.03030499914844261,0.034090999999999996,-0.0489472902029275,-0.003786000851557385,convergence,False
9816EQ__2593G1,9816EQ,2593G1,2025-03-12,2025-03-14,2,29.729996,27.460007,14.230847776554981,14.56341962176,0.023369784458865735,0.0763534916049097,0.09972327606377543,0.17607676766868513,0.012045,0.08767827606377543,0.16403176766868513,convergence,False
9816EQ__2593G1,9816EQ,2593G1,2025-04-07,2025-04-08,1,21.509995,19.789994,0.0,0.0,0.0,0.07996287307365715,0.07996287307365715,0.1599257461473143,0.012045,0.06791787307365715,0.1478807461473143,overnight_abort,True
9816EQ__2593G1,9816EQ,2593G1,2025-06-23,2025-06-25,2,28.080002,28.110001,14.229298633449998,14.22939018277,6.433860330051889e-06,-0.00106834037974784,-0.0010619065194177881,-0.0021302468991656284,0.012045,-0.013106906519417788,-0.014175246899165628,convergence,False
9816EQ__2593G1,9816EQ,2593G1,2025-07-16,2025-07-17,1,29.399994,31.360001,0.0,0.0,0.0,-0.06666691836739834,-0.06666691836739834,-0.13333383673479668,0.012045,-0.07871191836739834,-0.14537883673479668,overnight_abort,True
9816EQ__2593G1,9816EQ,2593G1,2025-08-26,2025-08-27,1,24.649994,22.600007,0.0,0.0,0.0,0.08316379306218079,0.08316379306218079,0.16632758612436158,0.012045,0.07111879306218079,0.15428258612436158,overnight_abort,True
9816EQ__2593G1,9816EQ,2593G1,2025-09-02,2025-09-05,3,24.399994,23.649994,11.87156747269864,11.946977882473366,0.006352186427626279,0.030737712476486677,0.037089898904112954,0.06782761138059963,0.012045,0.025044898904112954,0.05578261138059963,convergence,False
9816EQ__2593G1,9816EQ,2593G1,2025-09-15,2025-09-17,2,26.169999,26.690003,12.864589301453629,13.43472604265,0.04431830102278891,-0.019870233850601222,0.024448067172187685,0.004577833321586462,0.012045,0.012403067172187685,-0.007467166678413538,convergence,False
9816EQ__2593G1,9816EQ,2593G1,2026-02-06,2026-02-12,6,18.970002,18.800004,9.20688875596303,9.46130088788439,0.027632801771020014,0.0089614118121864,0.036594213583206414,0.04555562539539282,0.012045,0.024549213583206414,0.03351062539539282,convergence,False
9816EQ__2593G1,9816EQ,2593G1,2026-03-23,2026-03-26,3,17.130005,17.580002,8.63666081296869,8.817328419599999,0.02091868727321333,-0.02626951947766505,-0.005350832204451723,-0.03162035168211677,0.012045,-0.017395832204451723,-0.04366535168211677,convergence,False
9816EQ__2593G1,9816EQ,2593G1,2026-03-31,2026-04-08,8,17.830002,18.630005,9.083949260129312,9.358681627585655,0.030243714445013534,-0.044868362886330594,-0.01462464844131706,-0.05949301132764766,0.012045,-0.02666964844131706,-0.07153801132764766,convergence,False
98215C__539910,98215C,539910,2024-04-30,2024-05-01,1,47.25,49.5,0.0,0.0,0.0,-0.047619047619047616,-0.047619047619047616,-0.09523809523809523,0.026859,-0.07447804761904761,-0.12209709523809523,overnight_abort,True
98215C__539910,98215C,539910,2024-06-05,2024-06-07,2,47.149994,45.75,221.829500156,230.99256562,0.04130679399068266,0.029692347362758935,0.0709991413534416,0.10069148871620054,0.026859,0.044140141353441596,0.07383248871620054,convergence,False
98215C__539910,98215C,539910,2024-08-05,2024-08-06,1,29.678696,30.259995,0.0,0.0,0.0,-0.019586406356937022,-0.019586406356937022,-0.039172812713874045,0.026859,-0.04644540635693702,-0.06603181271387404,overnight_abort,True
98215C__539910,98215C,539910,2024-08-07,2024-08-14,7,34.75,37.310502,184.472269124,187.50422892499998,0.016435856811420933,-0.0736835107913669,-0.05724765397994597,-0.13093116477131286,0.026859,-0.08410665397994596,-0.15779016477131286,convergence,False
98215C__539910,98215C,539910,2025-04-07,2025-04-08,1,15.032501,15.140001,0.0,0.0,0.0,-0.007151171983956624,-0.007151171983956624,-0.014302343967913248,0.026859,-0.03401017198395662,-0.04116134396791325,overnight_abort,True
98215C__539910,98215C,539910,2025-04-09,2025-04-10,1,16.179993,15.670001,0.0,0.0,0.0,0.03151991474903607,0.03151991474903607,0.06303982949807214,0.026859,0.004660914749036071,0.036180829498072144,overnight_abort,True
98215C__539910,98215C,539910,2025-09-18,2025-09-24,6,24.800004,28.589997,129.659040675,144.521674624,0.11462859721640474,-0.1528222737383429,-0.038193676521938155,-0.19101595026028106,0.026859,-0.06505267652193816,-0.21787495026028106,convergence,False
98215C__539910,98215C,539910,2025-10-31,2025-11-04,1,40.110001,39.169999,0.0,0.0,0.0,0.023435601509957577,0.023435601509957577,0.04687120301991515,0.026859,-0.0034233984900424244,0.020012203019915152,overnight_abort,True
98215C__539910,98215C,539910,2026-01-09,2026-01-14,5,40.899994,43.399994,207.873816916,219.62764416000002,0.05654308665891109,-0.06112470334347726,-0.004581616684566171,-0.06570632002804344,0.026859,-0.03144061668456617,-0.09256532002804344,convergence,False
98215C__539910,98215C,539910,2026-02-06,2026-02-12,6,40.970002,39.460007,200.78904302,203.934660965,0.0156662828692633,0.03685611243074881,0.05252239530001211,0.08937850773076092,0.026859,0.02566339530001211,0.06251950773076093,convergence,False
98215C__539910,98215C,539910,2026-03-04,2026-03-05,1,43.839997,41.460007,0.0,0.0,0.0,0.05428809678066355,0.05428809678066355,0.1085761935613271,0.026859,0.027429096780663548,0.08171719356132709,overnight_abort,True
98215C__539910,98215C,539910,2026-03-09,2026-03-12,3,41.550004,44.5,219.993659901,228.121356945,0.03694514218117727,-0.07099869352599818,-0.03405355134482091,-0.10505224487081909,0.026859,-0.06091255134482091,-0.1319112448708191,convergence,False
98215C__539910,98215C,539910,2026-03-23,2026-03-25,2,42.401993,41.850007,200.825471398,209.50647581500002,0.043226610432278455,0.013017925831929632,0.056244536264208084,0.06926246209613772,0.026859,0.029385536264208083,0.04240346209613772,convergence,False
9112YH__362017,9112YH,362017,2024-04-26,2024-05-01,5,8.2700005,8.6000004,16.367783922,17.47742373,0.06779413836888021,-0.03990325030814698,0.027890888060733227,-0.012012362247413755,0.030026999999999998,-0.0021361119392667716,-0.04203936224741375,convergence,False
9112YH__362017,9112YH,362017,2024-08-05,2024-08-06,1,7.8100005,8.04,0.0,0.0,0.0,-0.029449357909772097,-0.029449357909772097,-0.058898715819544194,0.030026999999999998,-0.0594763579097721,-0.0889257158195442,overnight_abort,True
9112YH__362017,9112YH,362017,2024-08-26,2024-08-28,2,9.8999997,9.25,18.7914555339,18.771613047,-0.0010559313441262674,0.06565653734312743,0.06460060599900116,0.1302571433421286,0.030026999999999998,0.03457360599900117,0.1002301433421286,convergence,False
9112YH__362017,9112YH,362017,2024-09-19,2024-09-20,1,9.3479996,8.8199997,0.0,0.0,0.0,0.05648266180927086,0.05648266180927086,0.11296532361854172,0.030026999999999998,0.026455661809270864,0.08293832361854173,overnight_abort,True
9112YH__362017,9112YH,362017,2025-03-12,2025-03-28,16,8.6999999,8.29,16.91246,16.8752282166,-0.0022014410322330003,0.04712642582903946,0.04492498479680646,0.09205141062584592,0.030026999999999998,0.014897984796806464,0.06202441062584592,convergence,False
9112YH__362017,9112YH,362017,2025-04-07,2025-04-08,1,6.9099999,7.0194998,0.0,0.0,0.0,-0.015846584889241507,-0.015846584889241507,-0.031693169778483014,0.030026999999999998,-0.04587358488924151,-0.06172016977848301,overnight_abort,True
9112YH__362017,9112YH,362017,2025-04-09,2025-04-10,1,7.6700001,7.3599997,0.0,0.0,0.0,0.04041726153302134,0.04041726153302134,0.08083452306604268,0.030026999999999998,0.01039026153302134,0.05080752306604268,overnight_abort,True
9112YH__362017,9112YH,362017,2025-08-07,2025-08-14,7,7.6400004,7.4099999,14.662378527,15.02047179875,0.024422590856632884,0.030104775910744723,0.05452736676737761,0.08463214267812233,0.030026999999999998,0.02450036676737761,0.05460514267812233,convergence,False
9112YH__362017,9112YH,362017,2025-09-08,2025-09-09,1,8.0850001,7.8800002,0.0,0.0,0.0,0.02535558410197183,0.02535558410197183,0.05071116820394366,0.030026999999999998,-0.004671415898028167,0.020684168203943663,overnight_abort,True
9112YH__362017,9112YH,362017,2025-09-25,2025-09-26,1,8.0,7.7860003,0.0,0.0,0.0,0.026749962499999946,0.026749962499999946,0.05349992499999989,0.030026999999999998,-0.003277037500000052,0.023472924999999895,overnight_abort,True
9112YH__362017,9112YH,362017,2026-01-09,2026-01-14,1,8.3140002,8.25,0.0,0.0,0.0,0.0076978829035872064,0.0076978829035872064,0.015395765807174413,0.030026999999999998,-0.02232911709641279,-0.014631234192825585,overnight_abort,True
9112YH__362017,9112YH,362017,2026-03-09,2026-03-11,2,9.0100003,9.3500004,18.086047651050002,18.8644228701,0.04303733098949393,-0.03773585889891713,0.005301472090576798,-0.032434386808340335,0.030026999999999998,-0.0247255279094232,-0.06246138680834033,convergence,False
9077LA__87834U,9077LA,87834U,2024-12-11,2024-12-20,9,12.15,10.880001,35.597051857800004,34.4404307469,-0.03249204781116072,0.10452666666666668,0.07203461885550597,0.17656128552217265,0.076929,-0.004894381144494031,0.09963228552217265,convergence,False
9077LA__87834U,9077LA,87834U,2025-03-28,2025-07-15,109,13.670001,10.0,20.3276258484,21.2997481095,0.04782271517342578,0.26847115812208056,0.31629387329550634,0.5847650314175868,0.076929,0.23936487329550635,0.5078360314175868,force_close,False
9077LA__87834U,9077LA,87834U,2025-11-17,2026-03-05,108,12.340001,9.8699999,19.677459160799998,19.893394240499997,0.01097372775292908,0.20016214747470448,0.21113587522763355,0.41129802270233806,0.076929,0.13420687522763355,0.33436902270233804,force_close,False
9103NM__9091D9,9103NM,9091D9,2024-05-15,2024-05-16,1,9.2600003,9.7100001,0.0,0.0,0.0,-0.0485960891383557,-0.0485960891383557,-0.0971921782767114,0.020734000000000002,-0.0693300891383557,-0.1179261782767114,overnight_abort,True
9103NM__9091D9,9103NM,9091D9,2024-07-09,2024-07-11,2,11.970001,11.7,58.657265350399996,59.446522538100005,0.013455403742149178,0.022556472635215367,0.03601187637736455,0.058568349012579915,0.020734000000000002,0.015277876377364545,0.03783434901257991,convergence,False
9103NM__9091D9,9103NM,9091D9,2024-08-05,2024-08-06,1,10.44,10.12,0.0,0.0,0.0,0.030651340996168612,0.030651340996168612,0.061302681992337224,0.020734000000000002,0.00991734099616861,0.04056868199233722,overnight_abort,True
9103NM__9091D9,9103NM,9091D9,2024-08-08,2024-08-14,6,11.28,11.48,56.6186960626,57.605371615799996,0.01742667390483674,-0.017730496453900804,-0.0003038225490640638,-0.018034319002964868,0.020734000000000002,-0.021037822549064066,-0.038768319002964874,convergence,False
9103NM__9091D9,9103NM,9091D9,2024-11-11,2024-11-12,1,13.65,13.16,0.0,0.0,0.0,0.03589743589743591,0.03589743589743591,0.07179487179487182,0.020734000000000002,0.015163435897435906,0.051060871794871815,overnight_abort,True
9103NM__9091D9,9103NM,9091D9,2025-04-07,2025-04-08,1,9.3400002,9.8100005,0.0,0.0,0.0,-0.05032123018584077,-0.05032123018584077,-0.10064246037168154,0.020734000000000002,-0.07105523018584077,-0.12137646037168154,overnight_abort,True
9103NM__9091D9,9103NM,9091D9,2025-04-09,2025-04-10,1,10.61,10.19,0.0,0.0,0.0,0.039585296889726666,0.039585296889726666,0.07917059377945333,0.020734000000000002,0.018851296889726664,0.05843659377945333,overnight_abort,True
9103NM__9091D9,9103NM,9091D9,2025-08-05,2025-08-06,1,12.11,11.272501,0.0,0.0,0.0,0.06915763831544174,0.06915763831544174,0.13831527663088347,0.020734000000000002,0.04842363831544173,0.11758127663088347,overnight_abort,True
9103NM__9091D9,9103NM,9091D9,2025-11-06,2025-11-13,7,10.050001,10.380001,55.316926751400004,53.175036342400006,-0.038720343569082855,-0.03283581762827686,-0.07155616119735972,-0.10439197882563657,0.020734000000000002,-0.09229016119735972,-0.12512597882563659,convergence,False
9103NM__9091D9,9103NM,9091D9,2026-01-09,2026-01-14,5,12.12,11.37,57.6491655498,57.412433302400004,-0.004106429731328876,0.06188118811881189,0.05777475838748301,0.1196559465062949,0.020734000000000002,0.03704075838748301,0.09892194650629489,convergence,False
9103NM__9091D9,9103NM,9091D9,2026-02-09,2026-02-10,1,9.58,9.4099999,0.0,0.0,0.0,0.017745313152400764,0.017745313152400764,0.03549062630480153,0.020734000000000002,-0.002988686847599238,0.014756626304801526,overnight_abort,True
9103NM__9091D9,9103NM,9091D9,2026-02-13,2026-02-18,5,8.6499997,8.1440001,39.8851852392,40.862851677900004,0.024512019508916162,0.05849706561261509,0.08300908512153125,0.14150615073414635,0.020734000000000002,0.06227508512153125,0.12077215073414635,convergence,False
9103NM__9091D9,9103NM,9091D9,2026-03-31,2026-04-01,1,8.9300004,8.9799996,0.0,0.0,0.0,-0.005599014306874887,-0.005599014306874887,-0.011198028613749774,0.020734000000000002,-0.02633301430687489,-0.031932028613749774,overnight_abort,True
7731LX__314060,7731LX,314060,2024-05-02,2024-05-07,5,23.649994,23.64,4.800675626249999,4.756150787359422,-0.009274702637086438,0.00042257938839218936,-0.00885212324869425,-0.00842954386030206,0.05692,-0.06577212324869425,-0.06534954386030206,convergence,False
7731LX__314060,7731LX,314060,2024-06-12,2024-06-13,1,24.759995,24.591004,0.0,0.0,0.0,0.006825162929152382,0.006825162929152382,0.013650325858304764,0.05692,-0.050094837070847616,-0.04326967414169523,overnight_abort,True
7731LX__314060,7731LX,314060,2024-08-08,2024-08-14,6,19.759995,18.630005,3.949933928098366,3.7536333237,-0.0496971868319002,0.05718574321501597,0.007488556383115769,0.06467429959813173,0.05692,-0.04943144361688423,0.007754299598131731,convergence,False
7731LX__314060,7731LX,314060,2024-08-15,2024-08-20,5,19.979996,19.979996,4.002899305505799,4.038108267336805,0.008795864982808457,0.0,0.008795864982808457,0.008795864982808457,0.05692,-0.04812413501719154,-0.04812413501719154,convergence,False
7731LX__314060,7731LX,314060,2024-09-24,2024-09-30,6,21.199997,24.600007,4.0592192429139375,5.023962433748379,0.23766718009099053,-0.16037785288365852,0.077289327207332,-0.08308852567632652,0.05692,0.020369327207332005,-0.14000852567632652,convergence,False
7731LX__314060,7731LX,314060,2024-10-09,2024-10-15,6,25.110001,22.89,5.0192726571,4.609036939336137,-0.08173210458761702,0.08841102794062015,0.00667892335300313,0.09508995129362328,0.05692,-0.05024107664699687,0.038169951293623286,convergence,False
7731LX__314060,7731LX,314060,2024-12-09,2024-12-10,1,24.030503,23.350007,0.0,0.0,0.0,0.028318008990490046,0.028318008990490046,0.05663601798098009,0.05692,-0.028601991009509952,-0.0002839820190199058,overnight_abort,True
7731LX__314060,7731LX,314060,2025-03-17,2025-03-18,1,21.490006,21.104508,0.0,0.0,0.0,0.017938478006939686,0.017938478006939686,0.03587695601387937,0.05692,-0.03898152199306031,-0.021043043986120627,overnight_abort,True
7731LX__314060,7731LX,314060,2025-03-28,2025-04-02,5,20.632508,19.5,3.907278564026447,3.9192252553499998,0.003057547888585037,0.054889497680068816,0.057947045568653856,0.11283654324872266,0.05692,0.0010270455686538574,0.05591654324872267,convergence,False
7731LX__314060,7731LX,314060,2025-07-17,2025-07-23,6,24.399994,23.483994,4.75963006045224,4.694358228361807,-0.013713635568607873,0.03754099283794907,0.023827357269341203,0.061368350107290276,0.05692,-0.033092642730658796,0.004448350107290278,convergence,False
7731LX__314060,7731LX,314060,2025-08-13,2025-08-14,1,25.350007,25.339997,0.0,0.0,0.0,0.0003948716858342952,0.0003948716858342952,0.0007897433716685904,0.05692,-0.0565251283141657,-0.05613025662833141,overnight_abort,True
7731LX__314060,7731LX,314060,2025-08-22,2025-08-25,1,26.0,26.990006,0.0,0.0,0.0,-0.038077153846153886,-0.038077153846153886,-0.07615430769230777,0.05692,-0.09499715384615388,-0.13307430769230777,overnight_abort,True
7731LX__314060,7731LX,314060,2025-10-17,2025-10-21,4,24.313004,24.434998,4.917515115667683,4.90732818148,-0.002071561336990529,-0.005017644055831226,-0.0070892053928217555,-0.01210684944865298,0.05692,-0.06400920539282176,-0.06902684944865298,convergence,False
7731LX__314060,7731LX,314060,2026-02-02,2026-02-03,1,26.160004,26.740006,0.0,0.0,0.0,-0.022171326885118227,-0.022171326885118227,-0.044342653770236454,0.05692,-0.07909132688511822,-0.10126265377023645,overnight_abort,True
7731LX__314060,7731LX,314060,2026-02-06,2026-02-12,6,27.770005,27.229996,5.617545211926061,5.49894105223652,-0.02111316513087321,0.019445765314050224,-0.0016673998168229877,0.017778365497227236,0.05692,-0.05858739981682298,-0.03914163450277276,convergence,False
7731LX__314060,7731LX,314060,2026-03-23,2026-03-24,1,22.460007,22.380005,0.0,0.0,0.0,0.0035619757375854933,0.0035619757375854933,0.007123951475170987,0.05692,-0.053358024262414504,-0.04979604852482901,overnight_abort,True
7731LX__314060,7731LX,314060,2026-03-31,2026-04-16,16,22.742005,22.309998,4.587905796988936,4.495989392238729,-0.020034501320958284,0.01899599441649928,-0.0010385069044590023,0.01795748751204028,0.05692,-0.057958506904459,-0.03896251248795972,convergence,False
9331D3__9301C6,9331D3,9301C6,2024-05-09,2024-05-10,1,5.8999997,6.0699997,0.0,0.0,0.0,-0.028813560787130196,-0.028813560787130196,-0.05762712157426039,0.040694,-0.06950756078713019,-0.0983211215742604,overnight_abort,True
9331D3__9301C6,9331D3,9301C6,2024-07-26,2024-07-29,1,7.29,7.4799996,0.0,0.0,0.0,-0.02606304526748973,-0.02606304526748973,-0.05212609053497946,0.040694,-0.06675704526748974,-0.09282009053497947,overnight_abort,True
9331D3__9301C6,9331D3,9301C6,2024-08-26,2024-08-29,1,8.1700001,7.6687003,0.0,0.0,0.0,0.06135860390013938,0.06135860390013938,0.12271720780027875,0.040694,0.020664603900139376,0.08202320780027875,overnight_abort,True
9331D3__9301C6,9331D3,9301C6,2024-09-30,2024-10-07,7,9.1339999,8.6171999,16.735860558,17.9032966742,0.0697565632884022,0.05657981231201896,0.12633637560042116,0.18291618791244013,0.040694,0.08564237560042115,0.14222218791244012,convergence,False
9331D3__9301C6,9331D3,9301C6,2024-10-22,2024-10-29,7,7.7799998,6.3900004,14.1791045058,13.70305077705,-0.03357431553983316,0.17866316654661094,0.14508885100677776,0.3237520175533887,0.040694,0.10439485100677776,0.2830580175533887,convergence,False
9331D3__9301C6,9331D3,9301C6,2024-11-25,2024-12-02,7,6.8699999,6.3000002,12.48489592095,12.87012806985,0.03085585585487901,0.08296938985399395,0.11382524570887295,0.19679463556286692,0.040694,0.07313124570887294,0.1561006355628669,convergence,False
9331D3__9301C6,9331D3,9301C6,2025-02-06,2025-02-07,1,6.7100001,7.0500002,0.0,0.0,0.0,-0.050670654982553597,-0.050670654982553597,-0.10134130996510719,0.040694,-0.0913646549825536,-0.1420353099651072,overnight_abort,True
9331D3__9301C6,9331D3,9301C6,2025-04-07,2025-04-10,3,7.3699999,7.4350005,14.8911445926,15.3923357291,0.03365699213941291,-0.00881962020108037,0.02483737193833254,0.01601775173725217,0.040694,-0.01585662806166746,-0.024676248262747832,convergence,False
9331D3__9301C6,9331D3,9301C6,2025-05-07,2025-05-14,7,8.6199999,6.8500004,16.4336623396,15.67237802,-0.04632469037443611,0.20533637129160523,0.1590116809171691,0.36434805220877436,0.040694,0.1183176809171691,0.32365405220877436,convergence,False
9331D3__9301C6,9331D3,9301C6,2025-11-07,2025-11-11,1,8.1700001,8.3999997,0.0,0.0,0.0,-0.02815172548161916,-0.02815172548161916,-0.05630345096323832,0.040694,-0.06884572548161916,-0.09699745096323832,overnight_abort,True
98208H__2584JD,98208H,2584JD,2024-04-09,2024-04-12,3,8.0699997,7.4600001,4.103093254639281,3.9234699561750004,-0.04377753253869724,0.075588552995857,0.03181102045715976,0.10739957345301676,0.022155,0.009656020457159756,0.08524457345301675,convergence,False
98208H__2584JD,98208H,2584JD,2024-05-02,2024-05-03,1,9.3999997,9.0600005,0.0,0.0,0.0,0.036170128813940404,0.036170128813940404,0.07234025762788081,0.022155,0.014015128813940403,0.05018525762788081,overnight_abort,True
98208H__2584JD,98208H,2584JD,2024-05-21,2024-05-22,1,8.7700005,8.75,0.0,0.0,0.0,0.002280558592898608,0.002280558592898608,0.004561117185797216,0.022155,-0.019874441407101394,-0.017593882814202787,overnight_abort,True
98208H__2584JD,98208H,2584JD,2024-07-03,2024-07-08,5,8.3199997,7.4499999,3.8909251608540925,3.796438438674233,-0.024283870358256555,0.10456728742430128,0.08028341706604472,0.18485070449034602,0.022155,0.05812841706604472,0.162695704490346,convergence,False
98208H__2584JD,98208H,2584JD,2024-09-24,2024-09-30,6,10.7,12.180001,5.0097947913,6.812260398106217,0.3597883110774068,-0.13831785046728987,0.2214704606101169,0.08315261014282704,0.022155,0.1993154606101169,0.06099761014282704,convergence,False
98208H__2584JD,98208H,2584JD,2024-11-07,2024-11-08,1,14.220001,14.49,0.0,0.0,0.0,-0.018987270113412814,-0.018987270113412814,-0.03797454022682563,0.022155,-0.041142270113412815,-0.06012954022682563,overnight_abort,True
98208H__2584JD,98208H,2584JD,2025-02-03,2025-02-05,2,15.69,16.550004,8.43713865012251,8.328465150241119,-0.012880373831454458,-0.05481223709369036,-0.06769261092514482,-0.12250484801883518,0.022155,-0.08984761092514482,-0.1446598480188352,convergence,False
98208H__2584JD,98208H,2584JD,2025-02-26,2025-02-27,1,21.990006,22.259995,0.0,0.0,0.0,-0.012277804744573463,-0.012277804744573463,-0.024555609489146927,0.022155,-0.03443280474457346,-0.04671060948914693,overnight_abort,True
98208H__2584JD,98208H,2584JD,2025-02-28,2025-03-03,1,21.490006,20.25,0.0,0.0,0.0,0.057701519487709824,0.057701519487709824,0.11540303897541965,0.022155,0.03554651948770982,0.09324803897541964,overnight_abort,True
98208H__2584JD,98208H,2584JD,2025-03-11,2025-03-14,3,26.339997,23.729996,12.259554738525,11.848860857844818,-0.03349990186752864,0.09908888751961514,0.06558898565208651,0.16467787317170166,0.022155,0.04343398565208651,0.14252287317170165,convergence,False
98208H__2584JD,98208H,2584JD,2025-05-21,2025-05-22,1,22.25,20.5,0.0,0.0,0.0,0.07865168539325842,0.07865168539325842,0.15730337078651685,0.022155,0.056496685393258424,0.13514837078651684,overnight_abort,True
98208H__2584JD,98208H,2584JD,2025-08-19,2025-08-20,1,20.740006,20.369996,0.0,0.0,0.0,0.017840399853307688,0.017840399853307688,0.035680799706615376,0.022155,-0.004314600146692313,0.013525799706615375,overnight_abort,True
98208H__2584JD,98208H,2584JD,2025-08-21,2025-08-25,4,22.75,23.070008,11.760263422361675,11.71282488165,-0.004033799159759609,-0.014066285714285776,-0.018100084874045387,-0.03216637058833116,0.022155,-0.04025508487404539,-0.05432137058833116,convergence,False
98208H__2584JD,98208H,2584JD,2025-10-27,2025-11-04,8,23.020005,22.690003,11.191196245954757,11.434965567046243,0.021782239872667825,0.014335444323317929,0.03611768419598575,0.05045312851930368,0.022155,0.013962684195985751,0.028298128519303682,convergence,False
98208H__2584JD,98208H,2584JD,2025-11-10,2025-11-13,3,26.039994,26.380005,13.95920346135,13.62732724038,-0.023774724817851815,-0.013057261073101649,-0.03683198589095346,-0.04988924696405511,0.022155,-0.05898698589095346,-0.07204424696405512,convergence,False
98208H__2584JD,98208H,2584JD,2026-04-14,2026-04-21,7,17.869996,17.210007,8.635379182032644,8.722359904336319,0.010072600226363325,0.036932800656474654,0.04700540088283798,0.08393820153931264,0.022155,0.024850400882837978,0.06178320153931264,convergence,False
9387PK__93766U,9387PK,93766U,2024-04-25,2024-04-30,5,12.07,12.010001,11.86333557045,12.109498674000001,0.020749906473450968,0.004970919635459774,0.025720826108910744,0.030691745744370516,0.018854000000000003,0.006866826108910741,0.011837745744370513,convergence,False
9387PK__93766U,9387PK,93766U,2024-05-09,2024-05-10,1,12.590001,12.48,0.0,0.0,0.0,0.008737171665038028,0.008737171665038028,0.017474343330076057,0.018854000000000003,-0.010116828334961974,-0.0013796566699239461,overnight_abort,True
9387PK__93766U,9387PK,93766U,2024-08-05,2024-08-07,2,12.83,12.640001,12.374848409,12.747536615000001,0.030116587588172143,0.014808963367108359,0.0449255509552805,0.05973451432238886,0.018854000000000003,0.0260715509552805,0.04088051432238886,convergence,False
9387PK__93766U,9387PK,93766U,2024-08-15,2024-08-16,1,12.840001,12.91,0.0,0.0,0.0,-0.0054516350894364615,-0.0054516350894364615,-0.010903270178872923,0.018854000000000003,-0.024305635089436464,-0.029757270178872926,overnight_abort,True
9387PK__93766U,9387PK,93766U,2024-09-27,2024-12-26,90,13.340001,12.45,1.30334879376,1.245372622961126,-0.044482467837039914,0.06671671164042653,0.022234243803386615,0.08895095544381315,0.018854000000000003,0.0033802438033866122,0.07009695544381314,force_close,False
9387PK__93766U,9387PK,93766U,2025-02-10,2025-05-12,91,13.600001,15.060001,1.350905096040548,1.49467859114,0.10642753182355055,-0.10735293328287247,-0.0009254014593219201,-0.1082783347421944,0.018854000000000003,-0.019779401459321923,-0.1271323347421944,force_close,False
9387PK__93766U,9387PK,93766U,2025-08-08,2025-09-22,45,15.856,15.340001,1.610579326202976,1.5292444172400002,-0.05050040543779179,0.03254282290615534,-0.01795758253163645,0.014585240374518887,0.018854000000000003,-0.03681158253163645,-0.004268759625481115,convergence,False
9344KQ__9330CR,9344KQ,9330CR,2024-05-02,2024-05-06,4,31.440003,30.660004,15.323756598989998,15.386879787142272,0.004119302453318389,0.02480912613144471,0.028928428584763098,0.05373755471620781,0.035153000000000004,-0.0062245714152369055,0.018584554716207805,convergence,False
9344KQ__9330CR,9344KQ,9330CR,2024-05-16,2024-05-20,4,32.89,31.509995,16.021019575,15.9005946108,-0.007516685416695754,0.041958193979933125,0.03444150856323737,0.0763997025431705,0.035153000000000004,-0.0007114914367626346,0.04124670254317049,convergence,False
9344KQ__9330CR,9344KQ,9330CR,2024-06-06,2024-06-07,1,30.080002,27.720002,0.0,0.0,0.0,0.0784574415919254,0.0784574415919254,0.1569148831838508,0.035153000000000004,0.0433044415919254,0.1217618831838508,overnight_abort,True
9344KQ__9330CR,9344KQ,9330CR,2024-08-28,2024-08-29,1,28.059998,29.570008,0.0,0.0,0.0,-0.0538136175205715,-0.0538136175205715,-0.107627235041143,0.035153000000000004,-0.0889666175205715,-0.142780235041143,overnight_abort,True
9344KQ__9330CR,9344KQ,9330CR,2024-09-24,2024-09-30,6,38.240006,42.5,18.15087318227277,22.1285902712,0.2191474233213259,-0.11140149925708691,0.10774592406423898,-0.0036555751928479263,0.035153000000000004,0.07259292406423898,-0.03880857519284793,convergence,False
9344KQ__9330CR,9344KQ,9330CR,2024-10-07,2024-10-10,3,56.75,49.899994,23.17595433584,24.92905419693,0.0756430495023436,0.12070495154185022,0.1963480010441938,0.31705295258604405,0.035153000000000004,0.16119500104419382,0.28189995258604406,convergence,False
9344KQ__9330CR,9344KQ,9330CR,2024-12-09,2024-12-10,1,46.179993,44.050004,0.0,0.0,0.0,0.046123631937319734,0.046123631937319734,0.09224726387463947,0.035153000000000004,0.01097063193731973,0.057094263874639464,overnight_abort,True
9344KQ__9330CR,9344KQ,9330CR,2025-02-20,2025-02-21,1,41.559998,41.429993,0.0,0.0,0.0,0.0031281281582351624,0.0031281281582351624,0.006256256316470325,0.035153000000000004,-0.03202487184176484,-0.02889674368352968,overnight_abort,True
9344KQ__9330CR,9344KQ,9330CR,2025-03-05,2025-03-06,1,45.399994,45.419999,0.0,0.0,0.0,-0.000440638824753977,-0.000440638824753977,-0.000881277649507954,0.035153000000000004,-0.03559363882475398,-0.03603427764950796,overnight_abort,True
9344KQ__9330CR,9344KQ,9330CR,2025-03-17,2025-03-18,1,46.580002,44.839997,0.0,0.0,0.0,0.03735519375890116,0.03735519375890116,0.07471038751780232,0.035153000000000004,0.0022021937589011553,0.039557387517802314,overnight_abort,True
9344KQ__9330CR,9344KQ,9330CR,2025-07-18,2025-07-23,5,34.080002,33.789994,16.662740476909725,16.968477537,0.018348545997817458,0.008509623913754472,0.02685816991157193,0.0353677938253264,0.035153000000000004,-0.008294830088428073,0.00021479382532639535,convergence,False
9344KQ__9330CR,9344KQ,9330CR,2025-11-25,2025-11-26,1,26.580002,26.350007,0.0,0.0,0.0,0.008652933886159935,0.008652933886159935,0.01730586777231987,0.035153000000000004,-0.02650006611384007,-0.017847132227680133,overnight_abort,True
9344KQ__9330CR,9344KQ,9330CR,2026-03-31,2026-04-16,16,21.880005,22.479996,10.455472555929312,11.34221540525,0.08481136023046758,-0.027421885872512337,0.057389474357955245,0.029967588485442904,0.035153000000000004,0.02223647435795524,-0.005185411514557099,convergence,False
9602NL__29375R,9602NL,29375R,2024-07-10,2024-07-11,1,4.7399998,4.79,0.0,0.0,0.0,-0.01054856584593113,-0.01054856584593113,-0.02109713169186226,0.026659000000000002,-0.03720756584593113,-0.04775613169186226,overnight_abort,True
9602NL__29375R,9602NL,29375R,2024-07-26,2024-07-30,4,5.1199999,4.6099997,9.258237265,9.390239869,0.014257854948157908,0.0996094160079963,0.11386727095615422,0.2134766869641505,0.026659000000000002,0.08720827095615422,0.18681768696415052,convergence,False
9602NL__29375R,9602NL,29375R,2024-08-05,2024-08-06,1,4.1899996,4.08,0.0,0.0,0.0,0.026252890334404824,0.026252890334404824,0.05250578066880965,0.026659000000000002,-0.0004061096655951779,0.025846780668809646,overnight_abort,True
9602NL__29375R,9602NL,29375R,2024-10-04,2024-10-07,1,5.79,5.6199999,0.0,0.0,0.0,0.029360984455958587,0.029360984455958587,0.05872196891191717,0.026659000000000002,0.0027019844559585844,0.03206296891191717,overnight_abort,True
9602NL__29375R,9602NL,29375R,2025-02-10,2025-02-18,8,4.79,5.9499999,10.7437749132,11.9821122508,0.1152609159820127,-0.2421711691022964,-0.1269102531202837,-0.3690814222225801,0.026659000000000002,-0.1535692531202837,-0.3957404222225801,convergence,False
9602NL__29375R,9602NL,29375R,2025-04-07,2025-04-08,1,5.25,5.2399998,0.0,0.0,0.0,0.0019048000000000662,0.0019048000000000662,0.0038096000000001325,0.026659000000000002,-0.024754199999999935,-0.02284939999999987,overnight_abort,True
9602NL__29375R,9602NL,29375R,2025-04-09,2025-04-10,1,5.7399998,5.5299998,0.0,0.0,0.0,0.03658536712841,0.03658536712841,0.07317073425682,0.026659000000000002,0.009926367128409996,0.046511734256819995,overnight_abort,True
9602NL__29375R,9602NL,29375R,2025-08-06,2025-08-15,9,7.0,7.5600005,15.021240494,15.241685244100001,0.014675535631564759,-0.08000007142857145,-0.06532453579700669,-0.14532460722557813,0.026659000000000002,-0.09198353579700669,-0.17198360722557815,convergence,False
9602NL__29375R,9602NL,29375R,2025-09-25,2025-10-07,12,8.2798996,7.7299996,14.79883525875,15.473486760899998,0.04558814868562731,0.06641384878628238,0.1120019974719097,0.17841584625819207,0.026659000000000002,0.0853429974719097,0.15175684625819208,convergence,False
9602NL__29375R,9602NL,29375R,2025-11-12,2025-11-13,1,7.7299996,8.2700005,0.0,0.0,0.0,-0.06985781732770076,-0.06985781732770076,-0.13971563465540152,0.026659000000000002,-0.09651681732770076,-0.16637463465540153,overnight_abort,True
9602NL__29375R,9602NL,29375R,2026-03-16,2026-03-18,2,5.3900004,5.0299998,10.48394637,10.3236903333,-0.015285850484563275,0.06679045886527211,0.05150460838070884,0.11829506724598096,0.026659000000000002,0.024845608380708838,0.09163606724598096,convergence,False
95296E__93369K,95296E,93369K,2024-05-02,2024-05-06,4,14.82,14.66,0.7258621674908016,0.7367283858912681,0.014970085075558416,0.010796221322537122,0.02576630639809554,0.03656252772063266,0.017654,0.008112306398095539,0.018908527720632663,convergence,False
95296E__93369K,95296E,93369K,2024-05-22,2024-05-23,1,14.28,13.535,0.0,0.0,0.0,0.05217086834733888,0.05217086834733888,0.10434173669467776,0.017654,0.034516868347338886,0.08668773669467776,overnight_abort,True
95296E__93369K,95296E,93369K,2024-08-08,2024-08-16,8,9.4399996,8.33,0.4514210258502957,0.4208176341003866,-0.06779345665670895,0.1175847083722334,0.049791251715524454,0.16737596008775785,0.017654,0.03213725171552445,0.14972196008775784,convergence,False
95296E__93369K,95296E,93369K,2024-09-24,2024-09-30,6,8.3100005,10.57,0.3982145091525107,0.5429224278083784,0.36339187882389923,-0.27196141564612436,0.09143046317777487,-0.1805309524683495,0.017654,0.07377646317777486,-0.1981849524683495,convergence,False
95296E__93369K,95296E,93369K,2024-10-02,2024-10-04,2,11.86,11.015001,0.5203470106,0.5588031272512951,0.07390475176738742,0.07124780775716692,0.14515255952455436,0.21640036728172127,0.017654,0.12749855952455436,0.19874636728172126,convergence,False
95296E__93369K,95296E,93369K,2024-12-09,2024-12-10,1,9.1199999,8.2950001,0.0,0.0,0.0,0.09046050537785648,0.09046050537785648,0.18092101075571296,0.017654,0.07280650537785648,0.16326701075571295,overnight_abort,True
95296E__93369K,95296E,93369K,2025-01-21,2025-02-06,16,8.6300002,8.4600001,0.4134301008643288,0.427663263312,0.034427010558532006,0.01969873650756107,0.05412574706609308,0.07382448357365415,0.017654,0.036471747066093074,0.056170483573654145,convergence,False
95296E__93369K,95296E,93369K,2025-03-17,2025-03-18,1,8.9300004,8.79,0.0,0.0,0.0,0.01567753569193588,0.01567753569193588,0.03135507138387176,0.017654,-0.00197646430806412,0.01370107138387176,overnight_abort,True
95296E__93369K,95296E,93369K,2025-07-22,2025-07-31,9,8.0,7.6599999,0.38599462119680555,0.3885449465483554,0.0066071525650859796,0.04250001250000002,0.049107165065086,0.09160717756508602,0.017654,0.031453165065086,0.07395317756508601,convergence,False
95296E__93369K,95296E,93369K,2026-01-06,2026-01-30,24,8.4499999,8.5299998,0.4397803005093264,0.43257079778790364,-0.01639341897095706,-0.009467443899023086,-0.02586086286998015,-0.03532830676900323,0.017654,-0.043514862869980145,-0.05298230676900323,convergence,False
95296E__93369K,95296E,93369K,2026-02-24,2026-04-13,48,9.6300002,7.3199997,0.41794752554433967,0.3805485468836513,-0.08948247417419089,0.2398754363473429,0.150392962173152,0.3902683985204949,0.017654,0.132738962173152,0.3726143985204949,convergence,False
86734L__32361L,86734L,32361L,2024-05-30,2024-06-04,5,41.419999,38.934998,1.9823888153,1.955602223336,-0.013512279607946806,0.059995197006161134,0.04648291739821433,0.10647811440437546,0.024854,0.021628917398214327,0.08162411440437546,convergence,False
86734L__32361L,86734L,32361L,2024-09-12,2024-09-27,15,33.315003,39.490006,1.659144506968,1.98143368346,0.19425021457652691,-0.1853520169276288,0.008898197648898126,-0.17645381927873066,0.024854,-0.015955802351101875,-0.20130781927873065,convergence,False
86734L__32361L,86734L,32361L,2025-02-05,2025-02-11,6,39.130005,37.679993,2.011173184224,1.9096632324335743,-0.0504730038102575,0.03705626922357904,-0.013416734586678462,0.023639534636900578,0.024854,-0.03827073458667846,-0.0012144653630994234,convergence,False
86734L__32361L,86734L,32361L,2025-02-20,2025-02-21,1,55.197098,56.244996,0.0,0.0,0.0,-0.01898465749050799,-0.01898465749050799,-0.03796931498101598,0.024854,-0.04383865749050799,-0.06282331498101598,overnight_abort,True
86734L__32361L,86734L,32361L,2025-02-28,2025-03-06,6,53.289994,58.145005,2.584561719635808,2.9336272871913636,0.135057934544021,-0.09110548970975672,0.04395244483426429,-0.047153044875492434,0.024854,0.01909844483426429,-0.07200704487549243,convergence,False
86734L__32361L,86734L,32361L,2025-03-17,2025-03-18,1,62.468995,65.201996,0.0,0.0,0.0,-0.043749719360780405,-0.043749719360780405,-0.08749943872156081,0.024854,-0.06860371936078041,-0.11235343872156081,overnight_abort,True
86734L__32361L,86734L,32361L,2025-03-24,2025-03-25,1,61.009995,54.745499,0.0,0.0,0.0,0.1026798313948395,0.1026798313948395,0.205359662789679,0.024854,0.07782583139483949,0.180505662789679,overnight_abort,True
86734L__32361L,86734L,32361L,2025-05-20,2025-05-22,2,55.339997,54.970002,2.6940591441434005,2.7597671158886827,0.024389951456011787,0.006685851464719015,0.031075802920730804,0.03776165438544982,0.024854,0.006221802920730803,0.012907654385449815,convergence,False
86734L__32361L,86734L,32361L,2025-05-23,2025-06-05,13,58.64,51.033494,2.749215861505193,2.587240193010923,-0.058917042769274806,0.1297153137789905,0.0707982710097157,0.2005135847887062,0.024854,0.045944271009715695,0.1756595847887062,convergence,False
86734L__32361L,86734L,32361L,2026-02-13,2026-02-23,10,113.0775,113.38001,5.827328777041897,5.921171009888208,0.016103816420316584,-0.0026752448541929037,0.01342857156612368,0.010753326711930775,0.024854,-0.011425428433876322,-0.014100673288069226,convergence,False
86734L__32361L,86734L,32361L,2026-03-04,2026-03-05,1,105.055,98.440003,0.0,0.0,0.0,0.0629669887201942,0.0629669887201942,0.1259339774403884,0.024854,0.038112988720194196,0.1010799774403884,overnight_abort,True
2573X6__68528P,2573X6,68528P,2024-05-06,2024-05-21,15,23.820008,25.600007,0.5754394234269757,0.6210027107707905,0.0791799892201804,-0.0747270529883953,0.004452936231785096,-0.0702741167566102,0.043364,-0.038911063768214904,-0.1136381167566102,convergence,False
2573X6__68528P,2573X6,68528P,2024-08-27,2024-08-28,1,27.5,25.550004,0.0,0.0,0.0,0.0709089454545454,0.0709089454545454,0.1418178909090908,0.043364,0.027544945454545403,0.0984538909090908,overnight_abort,True
2573X6__68528P,2573X6,68528P,2024-12-09,2024-12-10,1,27.020005,26.210007,0.0,0.0,0.0,0.029977714659934377,0.029977714659934377,0.059955429319868754,0.043364,-0.013386285340065623,0.016591429319868754,overnight_abort,True
2573X6__68528P,2573X6,68528P,2025-03-24,2025-03-25,1,33.740006,32.679993,0.0,0.0,0.0,0.03141709577645001,0.03141709577645001,0.06283419155290002,0.043364,-0.011946904223549992,0.019470191552900015,overnight_abort,True
2573X6__68528P,2573X6,68528P,2025-06-27,2025-07-29,32,30.559998,29.171006,0.7398276134388712,0.7401287551184365,0.00040704303826337207,0.045451311875085915,0.04585835491334929,0.0913096667884352,0.043364,0.0024943549133492893,0.047945666788435204,convergence,False
2573X6__68528P,2573X6,68528P,2026-01-12,2026-01-13,1,32.679993,30.589997,0.0,0.0,0.0,0.06395337967177664,0.06395337967177664,0.12790675934355328,0.043364,0.02058937967177664,0.08454275934355328,overnight_abort,True
2573X6__68528P,2573X6,68528P,2026-01-27,2026-02-03,7,30.610001,29.899994,0.7412969970226173,0.7612207314263377,0.026876858376255548,0.023195262228184865,0.05007212060444041,0.07326738283262528,0.043364,0.006708120604440412,0.02990338283262528,convergence,False
2573X6__68528P,2573X6,68528P,2026-03-03,2026-03-04,1,33.515503,32.679993,0.0,0.0,0.0,0.02492906044107407,0.02492906044107407,0.04985812088214814,0.043364,-0.01843493955892593,0.006494120882148138,overnight_abort,True
25611Z__9307L8,25611Z,9307L8,2024-09-26,2024-09-27,1,0.67790002,0.68000001,0.0,0.0,0.0,-0.0030977871928664943,-0.0030977871928664943,-0.006195574385732989,0.02691,-0.030007787192866495,-0.033105574385732986,overnight_abort,True
25611Z__9307L8,25611Z,9307L8,2024-10-25,2024-11-06,12,0.75019998,0.69,0.7591646227484071,0.7600210576090835,0.0011281279909695608,0.08024524340829767,0.08137337139926723,0.1616186148075649,0.02691,0.05446337139926723,0.1347086148075649,convergence,False
