pair_id,adr_ticker,underlying_ticker,open_date,close_date,duration_days,adr_open_price,adr_cover_price,local_open_price_usd,local_close_price_usd,local_return,adr_return,roce,ruce,roll_cost_pct,borrow_cost,fx_open,fx_close,fx_pnl,roce_net,ruce_net,ruce_net_fx,close_reason,was_aborted
951078__912109,951078,912109,2023-01-04,2023-01-12,8,23.560252862943,24.0279359290665,23.027290353385826,24.087097734596462,0.04602397264056761,-0.019850511318539484,0.026173461322028125,0.006322950003488641,0.011174,0.000219,0.0074959709,0.0077378413,0.032267,0.025954283239836343,0.00610377192129686,-0.026592974737511328,convergence,False
951078__912109,951078,912109,2023-02-10,2023-02-16,6,25.205156279952497,25.234308450981,25.122646128144208,25.272964436900494,0.005983378820429638,-0.0011565955277051806,0.004826783292724458,0.003670187765019277,0.011174,0.000164,0.0075520145,0.0074657503,-0.011423,0.0046623997310806225,0.0035058042033754414,0.015129599254120928,convergence,False
951078__912109,951078,912109,2023-05-11,2023-05-19,8,27.6725048860285,28.1156649089715,27.63465250087475,28.23801729767907,0.02183363068470726,-0.016014452785108983,0.005819177899598276,-0.010195274885510707,0.011174,0.000219,0.0073678388,0.0072482151,-0.016236,0.005599999817406495,-0.010414452967702489,0.006449770568784125,convergence,False
951078__912109,951078,912109,2023-06-02,2023-06-05,1,29.678485886028497,29.740795379019,0.0,0.0,0.0,-0.0020994835528263017,-0.0020994835528263017,-0.0041989671056526035,0.011174,0.0,0.0,0.0,0.0,-0.0020994835528263017,-0.0041989671056526035,-0.0041989671056526035,overnight_abort,True
951078__912109,951078,912109,2023-07-28,2023-08-01,4,31.885061977056996,31.8345063559335,31.79815167825284,31.953651018007385,0.004890200579202004,0.0015855581889686848,0.006475758768170688,0.008061316957139374,0.011174,0.00011,0.0070276538,0.0069766626,-0.007256,0.006366169727074798,0.007951727916043483,0.015296293668123042,convergence,False
951078__912109,951078,912109,2023-08-09,2023-08-10,1,32.095696,31.874395709019,0.0,0.0,0.0,0.00689501455213793,0.00689501455213793,0.01379002910427586,0.011174,0.0,0.0,0.0,0.0,0.00689501455213793,0.01379002910427586,0.01379002910427586,overnight_abort,True
516889__916561,516889,916561,2023-08-22,2023-08-24,2,11.049592963596,10.50209816,10.869329489824679,10.728557056587508,-0.012951344732805717,0.04954886622518836,0.03659752149238264,0.086146387717571,0.012118,5.5e-05,0.0069039313,0.0068547143,-0.007129,0.0365427269718347,0.08609159319702304,0.09317862433211867,convergence,False
500326__256938,500326,256938,2023-01-04,2023-02-02,29,7.18131794515785,7.2086035295264494,6.877538248840433,7.227760733167394,0.050922651631346356,-0.0037995232319434622,0.04712312839940289,0.04332360516745943,0.015214,0.000795,0.0074959709,0.0077721214,0.03684,0.04632860785145769,0.042529084619514226,0.005188852683697823,convergence,False
500326__256938,500326,256938,2023-02-03,2023-02-21,18,7.2113650998421495,7.2784927349999995,6.89315118450528,7.238788666715648,0.05014215892831515,-0.009308589182278316,0.04083356974603684,0.03152498056375852,0.015214,0.000493,0.0075377831,0.0074071325,-0.017333,0.04034041906110533,0.031031829878827015,0.0495547472357502,convergence,False
500326__256938,500326,256938,2023-05-15,2023-05-19,4,6.7706709604735495,6.629519159368599,6.708823680786169,6.677868230764708,-0.004614139750030515,0.020847535189492925,0.01623339543946241,0.03708093062895534,0.015214,0.00011,0.0073321846,0.0072482151,-0.011452,0.016123806398366518,0.036971341587859446,0.04850273957193125,convergence,False
755020__929593,755020,929593,2023-03-02,2023-03-29,27,7.363029450627501,7.17740990031375,7.250029469813078,7.202928368323763,-0.006496677245993264,0.025209671040760526,0.018712993794767263,0.043922664835527786,0.010091,0.00074,0.127398279,0.1273909725,-5.7e-05,0.017973267767370002,0.043182938808130525,0.04323992111924131,convergence,False
755020__929593,755020,929593,2023-06-01,2023-06-12,11,7.4031549506275,7.267127625,7.203465543431131,7.248057657320126,0.006190369568666653,0.01837423727244431,0.02456460684111096,0.042938844113555266,0.010091,0.000301,0.1275908893,0.1276259078,0.000274,0.024263236978097263,0.04263747425054157,0.04236139176804173,convergence,False
755020__929593,755020,929593,2023-06-14,2023-06-20,6,7.413186526255,7.84530777531375,7.211888108734955,7.881939293592019,0.09290925964942601,-0.058290891174574214,0.03461836847485179,-0.02367252269972242,0.010091,0.000164,0.1278535261,0.127783273,-0.000549,0.03445398491320796,-0.023836906261366256,-0.0232360430833736,convergence,False
519310__930378,519310,930378,2023-02-13,2023-02-16,3,11.617625767383503,11.5224715726165,5.814733608986741,5.796772204423412,-0.0030889471076662235,0.00819050266140857,0.005101555553742348,0.013292058215150919,0.011061000000000001,8.2e-05,0.0075123008,0.0074657503,-0.006197,0.00501936377292043,0.013209866434329,0.01942581340588312,convergence,False
519310__930378,519310,930378,2023-06-02,2023-06-05,1,10.800682212500002,10.9737815,0.0,0.0,0.0,-0.016026699433825016,-0.016026699433825016,-0.03205339886765003,0.011061000000000001,0.0,0.0,0.0,0.0,-0.016026699433825016,-0.03205339886765003,-0.03205339886765003,overnight_abort,True
519310__930378,519310,930378,2023-09-20,2023-09-21,1,11.276814375,10.923900674999999,0.0,0.0,0.0,0.03129551380950189,0.03129551380950189,0.06259102761900379,0.011061000000000001,0.0,0.0,0.0,0.0,0.03129551380950189,0.06259102761900379,0.06259102761900379,overnight_abort,True
516495__932074,516495,932074,2023-01-30,2023-02-02,3,22.032568069624002,22.568724954342,10.972966166530773,11.353672860911697,0.03469496657541313,-0.02433474314132218,0.010360223434090949,-0.01397451970723123,0.012109,8.2e-05,0.0076860997,0.0077721214,0.011192,0.01027803165326903,-0.014056711488053148,-0.02550869678594886,convergence,False
516495__932074,516495,932074,2023-04-24,2023-04-25,1,24.770926870564,24.88729596453,0.0,0.0,0.0,-0.004697809434990693,-0.004697809434990693,-0.009395618869981385,0.012109,0.0,0.0,0.0,0.0,-0.004697809434990693,-0.009395618869981385,-0.009395618869981385,overnight_abort,True
516495__932074,516495,932074,2023-04-28,2023-05-02,4,25.38392053547,24.87735,12.760556641020456,12.614107146843955,-0.01147673242605423,0.019956355235281675,0.008479622809227445,0.02843597804450912,0.012109,0.00011,0.0072729917,0.0073230566,0.006884,0.008370033768131554,0.02832638900341323,0.021568238514891456,convergence,False
516495__932074,516495,932074,2023-06-29,2023-06-30,1,28.197660350188002,27.962148365658003,0.0,0.0,0.0,0.008352181762783356,0.008352181762783356,0.01670436352556671,0.012109,0.0,0.0,0.0,0.0,0.008352181762783356,0.01670436352556671,0.01670436352556671,overnight_abort,True
26981M__26030V,26981M,26030V,2023-03-14,2023-03-15,1,66.984459375,64.91119575,0.0,0.0,0.0,0.030951412377507086,0.030951412377507086,0.06190282475501417,0.010967000000000001,0.0,0.0,0.0,0.0,0.030951412377507086,0.06190282475501417,0.06190282475501417,overnight_abort,True
26981M__26030V,26981M,26030V,2023-03-20,2023-03-23,3,64.054204882025,64.58235288202499,3.173462527765737,3.2421907657804776,0.021657176479448873,-0.008245329107944281,0.013411847371504592,0.005166518263560311,0.010967000000000001,8.2e-05,0.1274534827,0.1273958331,-0.000452,0.013329655590682674,0.005084326482738393,0.005546650297638659,convergence,False
26981M__26030V,26981M,26030V,2023-06-01,2023-06-12,11,59.7390981214875,61.742372475412495,3.0362563098917446,3.0951973878955754,0.019412418448274005,-0.03353372275307982,-0.014121304304805817,-0.04765502705788564,0.010967000000000001,0.000301,0.1275908893,0.1276259078,0.000274,-0.014422674167819515,-0.04795639692089934,-0.04823610732132488,convergence,False
26981M__26030V,26981M,26030V,2023-07-07,2023-07-18,11,57.93277261095,57.985610614462495,2.867216826380514,2.912312734685343,0.01572811232478595,-0.0009120572196212148,0.014816055105164736,0.013903997885543522,0.010967000000000001,0.000301,0.1277489922,0.1279852512,0.001849,0.014514685242151038,0.013602628022529824,0.01172760800389688,convergence,False
26981M__26030V,26981M,26030V,2023-07-24,2023-07-27,3,59.2774914031,59.938717146075,2.988584893198454,3.031481129893172,0.014353360613025553,-0.011154752458711826,0.003198608154313727,-0.007956144304398099,0.010967000000000001,8.2e-05,0.1280131102,0.1281632221,0.001173,0.0031164163734918094,-0.008038336085220017,-0.009226403205709634,convergence,False
151440__916546,151440,916546,2023-06-28,2023-06-29,1,7.652981760602399,7.626957900903601,0.0,0.0,0.0,0.003400486308848889,0.003400486308848889,0.006800972617697778,0.015264,0.0,0.0,0.0,0.0,0.003400486308848889,0.006800972617697778,0.006800972617697778,overnight_abort,True
151440__916546,151440,916546,2023-07-10,2023-07-14,4,7.7231922996988,7.9160843212048,7.656214627329421,7.955193111749459,0.039050431443341804,-0.02497568544467329,0.014074745998668516,-0.010900939446004773,0.015264,0.00011,0.1277620511,0.1279762542,0.001677,0.013965156957572625,-0.011010528487100664,-0.01274966224173988,convergence,False
151440__916546,151440,916546,2023-07-24,2023-07-27,3,8.3249998006024,8.3447894603012,8.243551322532564,8.432451132716414,0.022914858268367835,-0.0023771363570925107,0.020537721911275324,0.018160585554182814,0.015264,8.2e-05,0.1280131102,0.1281632221,0.001173,0.020455530130453408,0.018078393773360898,0.016880298950236863,convergence,False
151440__916546,151440,916546,2023-10-09,2023-10-12,3,7.041144741506,7.0487048609036,6.918623931835056,7.048198541048763,0.01872837871957282,-0.0010737060059332112,0.01765467271363961,0.016580966707706396,0.015264,8.2e-05,0.1278886906,0.1278143163,-0.000582,0.017572480932817693,0.01649877492688448,0.017091566190419835,convergence,False
514782__929594,514782,929594,2023-06-26,2023-06-29,3,14.32176608,13.919611999999999,14.205832734602046,14.022584862206571,-0.012899481207400552,0.028079922389013127,0.015180441181612575,0.0432603635706257,0.014825999999999999,8.2e-05,0.1276519632,0.1275754273,-0.0006,0.015098249400790657,0.043178171789803786,0.043770359707141646,convergence,False
514782__929594,514782,929594,2023-07-07,2023-07-18,11,13.89935444,13.850014934258,13.691983301958384,13.978189830269784,0.020903219204953558,0.003549769592176771,0.02445298879713033,0.0280027583893071,0.014825999999999999,0.000301,0.1277489922,0.1279852512,0.001849,0.02415161893411663,0.0277013885262934,0.02581681533208034,convergence,False
514782__929594,514782,929594,2023-10-10,2023-10-17,7,12.501374065742,12.308915034258,12.354447593937858,12.402315214431411,0.003874525358547108,0.0153950302160307,0.01926955557457781,0.03466458579060851,0.014825999999999999,0.000192,0.1278780522,0.127809409,-0.000537,0.019077774752660002,0.0344728049686907,0.03501196057826778,convergence,False
514782__929594,514782,929594,2023-10-24,2023-10-25,1,11.726951719999999,11.25500056,0.0,0.0,0.0,0.04024499897915498,0.04024499897915498,0.08048999795830997,0.014825999999999999,0.0,0.0,0.0,0.0,0.04024499897915498,0.08048999795830997,0.08048999795830997,overnight_abort,True
777026__901842,777026,901842,2023-05-10,2023-05-15,5,9.13977364,8.7549838223166,17.703643489081692,17.69858149905052,-0.0002859292797154941,0.042100585073505135,0.041814655793789644,0.08391524086729478,0.016625,0.000137,0.6701964574,0.6700392871,-0.000235,0.04167766949241978,0.08377825456592491,0.08401275627863687,convergence,False
777026__901842,777026,901842,2023-07-12,2023-07-27,15,9.1246744923668,9.4473959680251,18.32179691244028,19.06857870480829,0.040759200417779556,-0.03536799870814799,0.005391201709631567,-0.029976796998516422,0.016625,0.000411,0.6888949649,0.6709383072,-0.026066,0.004980242805521978,-0.03038775590262601,-0.0025333965532247584,convergence,False
510442__929995,510442,929995,2023-06-07,2023-06-20,13,9.985795242141599,9.58376625,9.889406811300052,9.716279669571083,-0.017506322172038336,0.040260087693864806,0.02275376552182647,0.06301385321569128,0.039561,0.000356,0.007138013,0.0070693855,-0.009614,0.022397601138264826,0.06265768883212963,0.0721954463748664,convergence,False
510442__929995,510442,929995,2023-10-02,2023-10-10,1,9.773546461070799,9.1855761210708,0.0,0.0,0.0,0.06015936408978606,0.06015936408978606,0.12031872817957212,0.039561,0.0,0.0,0.0,0.0,0.06015936408978606,0.12031872817957212,0.12031872817957212,overnight_abort,True
873621__930111,873621,930111,2023-08-31,2023-09-28,28,7.025819532885,5.146509375,1.1340235444685236,1.0675268484133595,-0.058637844319474594,0.26748625538824544,0.20884841106877083,0.4763346664570163,0.047018000000000004,0.000767,0.1275095424,0.1277228973,0.001673,0.2080812877810996,0.475567543169345,0.47399504338399134,convergence,False
951465__912507,951465,912507,2023-05-17,2023-05-19,2,24.374216212215998,24.55478496473,24.319009725143566,24.71096483375217,0.01611723145960823,-0.007408187034276979,0.00870904442533125,0.0013008573910542713,0.010061,5.5e-05,0.0072085055,0.0072482151,0.005509,0.008654249904783305,0.0012460628705063261,-0.004320770930323983,convergence,False
951465__912507,951465,912507,2023-06-15,2023-06-20,5,26.651152804431998,27.156815021676,26.759873733001783,27.36089106937077,0.0224596476936204,-0.018973371281707244,0.0034862764119131563,-0.015487094869794087,0.010061,0.000137,0.0070504454,0.0070693855,0.002686,0.0033492901105432933,-0.01562408117116395,-0.018363426475403188,convergence,False
951465__912507,951465,912507,2023-10-16,2023-10-18,2,24.635004233891998,24.465048858324,24.592112581853822,24.742568749705427,0.006118065999853314,0.006898938354318571,0.013017004354171885,0.019915942708490456,0.010061,5.5e-05,0.0066748986,0.0066697792,-0.000767,0.01296220983362394,0.01986114818794251,0.020633395765055566,convergence,False
517131__912003,517131,912003,2023-01-30,2023-02-06,7,58.15180107390599,56.413589642603995,57.37935798749359,56.5832839873206,-0.013873874300693735,0.02989093027562258,0.016017055974928845,0.045907986250551425,0.010129999999999998,0.000192,0.0076860997,0.0075377831,-0.019297,0.015825275153011038,0.04571620542863362,0.06511963906350342,convergence,False
517131__912003,517131,912003,2023-04-26,2023-05-02,6,59.346979396952996,58.63388739,57.747259344393235,59.7133564584311,0.03404658742872022,0.01201564113622958,0.046062228564949806,0.05807786970117938,0.010129999999999998,0.000164,0.007465193,0.0073230566,-0.01904,0.04589784500330597,0.05791348613953555,0.07798374742488523,convergence,False
517131__912003,517131,912003,2023-05-26,2023-05-30,1,62.10392744544299,60.836759253593996,0.0,0.0,0.0,0.020403994464958372,0.020403994464958372,0.040807988929916744,0.010129999999999998,0.0,0.0,0.0,0.0,0.020403994464958372,0.040807988929916744,0.040807988929916744,overnight_abort,True
133553__745287,133553,745287,2023-03-13,2023-03-16,3,16.553190588597,16.376893936090998,16.541036057712507,16.462890108591214,-0.004724368464504742,0.010650312491867833,0.005925944027363092,0.016576256519230927,0.0042439999999999995,8.2e-05,0.6681142922,0.6656458765,-0.003695,0.0058437522465411736,0.01649406473840901,0.0201848470018361,convergence,False
133553__745287,133553,745287,2023-03-17,2023-03-21,4,17.023851,16.776433594388,17.246811426133263,17.198874373887005,-0.0027794733218698847,0.014533574431073282,0.011754101109203397,0.026287675540276677,0.0042439999999999995,0.00011,0.6719073649,0.6668442695,-0.007535,0.011644512068107507,0.026178086499180787,0.033749603407012156,convergence,False
133553__745287,133553,745287,2023-07-12,2023-07-13,1,18.946543758597002,19.058230735179,0.0,0.0,0.0,-0.005894846997163708,-0.005894846997163708,-0.011789693994327416,0.0042439999999999995,0.0,0.0,0.0,0.0,-0.005894846997163708,-0.011789693994327416,-0.011789693994327416,overnight_abort,True
133553__745287,133553,745287,2023-10-06,2023-10-09,1,16.142612354388,16.062439735179,0.0,0.0,0.0,0.004966520749487297,0.004966520749487297,0.009933041498974594,0.0042439999999999995,0.0,0.0,0.0,0.0,0.004966520749487297,0.009933041498974594,0.009933041498974594,overnight_abort,True
516146__930446,516146,930446,2023-01-20,2023-01-25,5,120.9090923775,122.426174745635,12.005283440322623,12.250170158972017,0.02039824547806033,-0.012547297629183983,0.007850947848876346,-0.004696349780307637,0.013999000000000001,0.000137,0.0076525726,0.0077160488,0.008295,0.007713961547506484,-0.0048333360816774995,-0.013227658718622786,convergence,False
516146__930446,516146,930446,2023-02-14,2023-02-16,2,133.654076284365,129.727320200635,13.124887727838354,13.021323295601007,-0.007890690906077844,0.02937999493090922,0.021489304024831377,0.0508692989557406,0.013999000000000001,5.5e-05,0.0074557316,0.0074657503,0.001344,0.021434509504283432,0.050814504435192656,0.04948313851273222,convergence,False
516146__930446,516146,930446,2023-05-17,2023-05-23,6,141.846188085,140.21586885563502,14.197253946632353,14.09501002555225,-0.0072016688202126,0.011493570968491715,0.004291902148279116,0.01578547311677083,0.013999000000000001,0.000164,0.0072085055,0.007215267,0.000938,0.0041275185866352804,0.015621089555126994,0.014690728153910359,convergence,False
516146__930446,516146,930446,2023-05-26,2023-05-30,1,147.658990459365,150.74425009,0.0,0.0,0.0,-0.020894492242137266,-0.020894492242137266,-0.04178898448427453,0.013999000000000001,0.0,0.0,0.0,0.0,-0.020894492242137266,-0.04178898448427453,-0.04178898448427453,overnight_abort,True
516146__930446,516146,930446,2023-06-02,2023-06-05,1,150.941862814365,148.483195905635,0.0,0.0,0.0,0.01628883374623372,0.01628883374623372,0.03257766749246744,0.013999000000000001,0.0,0.0,0.0,0.0,0.01628883374623372,0.03257766749246744,0.03257766749246744,overnight_abort,True
516146__930446,516146,930446,2023-06-13,2023-06-14,1,167.63731676999998,168.862645155,0.0,0.0,0.0,-0.0073094010844922674,-0.0073094010844922674,-0.014618802168984535,0.013999000000000001,0.0,0.0,0.0,0.0,-0.0073094010844922674,-0.014618802168984535,-0.014618802168984535,overnight_abort,True
516146__930446,516146,930446,2023-07-28,2023-08-01,4,176.83337511,172.86683038563498,17.718112682271958,17.44387505080015,-0.015477812811643345,0.02243097334933296,0.006953160537689613,0.029384133887022573,0.013999000000000001,0.00011,0.0070276538,0.0069766626,-0.007256,0.006843571496593722,0.029274544845926682,0.036470244370131744,convergence,False
510311__912023,510311,912023,2023-03-14,2023-03-15,1,30.895677954240004,30.08070817004,0.0,0.0,0.0,0.026378116233832603,0.026378116233832603,0.052756232467665205,0.011288,0.0,0.0,0.0,0.0,0.026378116233832603,0.052756232467665205,0.052756232467665205,overnight_abort,True
510311__912023,510311,912023,2023-03-20,2023-03-23,1,31.062373370040003,30.043362695720003,0.0,0.0,0.0,0.03280530634864003,0.03280530634864003,0.06561061269728007,0.011288,0.0,0.0,0.0,0.0,0.03280530634864003,0.06561061269728007,0.06561061269728007,overnight_abort,True
510311__912023,510311,912023,2023-05-09,2023-05-23,14,39.06648597432,34.611222221400006,18.602988789867954,17.379486006458542,-0.06576915124927603,0.11404311500780039,0.04827396375852436,0.16231707876632473,0.011288,0.000384,0.0074429683,0.007215267,-0.030593,0.04789040211468874,0.1619335171224891,0.1914162207785899,convergence,False
510003__932107,510003,932107,2023-01-31,2023-02-01,1,20.973428616436504,21.372730750000002,0.0,0.0,0.0,-0.019038476772966557,-0.019038476772966557,-0.038076953545933115,0.029803000000000003,0.0,0.0,0.0,0.0,-0.019038476772966557,-0.038076953545933115,-0.038076953545933115,overnight_abort,True
510003__932107,510003,932107,2023-07-13,2023-07-14,1,18.407225368147504,17.510733971983,0.0,0.0,0.0,0.04870323355283207,0.04870323355283207,0.09740646710566414,0.029803000000000003,0.0,0.0,0.0,0.0,0.04870323355283207,0.09740646710566414,0.09740646710566414,overnight_abort,True
510003__932107,510003,932107,2023-07-18,2023-07-19,1,18.648544450278,17.564415313063503,0.0,0.0,0.0,0.05813478580620994,0.05813478580620994,0.11626957161241988,0.029803000000000003,0.0,0.0,0.0,0.0,0.05813478580620994,0.11626957161241988,0.11626957161241988,overnight_abort,True
510003__932107,510003,932107,2023-07-28,2023-08-10,13,18.058262840322,16.3078896084195,8.902469502064875,8.185167137808328,-0.08057341438689263,0.09692921447538799,0.016355800088495367,0.11328501456388336,0.029803000000000003,0.000356,0.0070276538,0.0069087015,-0.016926,0.015999635704933724,0.11292885018032171,0.1287593079066868,convergence,False
514853__997697,514853,997697,2023-06-02,2023-06-12,10,3.2704035,3.02091488,3.1740430535588375,3.065849223732829,-0.034087070654160785,0.07628680069599979,0.042199730041839,0.1184865307378388,0.014872,0.000274,0.1275803167,0.1276259078,0.000357,0.04192575743909928,0.11821255813509907,0.11786751038020207,convergence,False
151497__951407,151497,951407,2023-01-20,2023-01-27,7,9.852607009003851,9.7674592993359,1.9622209555894183,1.9795459052202007,0.008829255228078137,0.008642150203508335,0.01747140543158647,0.026113555635094807,0.012,0.000192,0.1277400284,0.1277261486,-0.000109,0.017279624609668663,0.025921774813177,0.026031402704178155,convergence,False
151497__951407,151497,951407,2023-04-06,2023-04-11,1,9.60177688400385,9.378753995332051,0.0,0.0,0.0,0.023227251722891636,0.023227251722891636,0.04645450344578327,0.012,0.0,0.0,0.0,0.0,0.023227251722891636,0.04645450344578327,0.04645450344578327,overnight_abort,True
151497__951407,151497,951407,2023-06-06,2023-06-07,1,8.6335725011718,8.34220731533205,0.0,0.0,0.0,0.033747928311275995,0.033747928311275995,0.06749585662255199,0.012,0.0,0.0,0.0,0.0,0.033747928311275995,0.06749585662255199,0.06749585662255199,overnight_abort,True
151497__951407,151497,951407,2023-07-24,2023-07-25,1,7.29414053666025,7.305660735,0.0,0.0,0.0,-0.0015793770742213663,-0.0015793770742213663,-0.0031587541484427327,0.012,0.0,0.0,0.0,0.0,-0.0015793770742213663,-0.0031587541484427327,-0.0031587541484427327,overnight_abort,True
151497__951407,151497,951407,2023-09-05,2023-09-06,1,6.842645509003851,6.7076526363282,0.0,0.0,0.0,0.019728169828178432,0.019728169828178432,0.039456339656356865,0.012,0.0,0.0,0.0,0.0,0.019728169828178432,0.039456339656356865,0.039456339656356865,overnight_abort,True
151497__951407,151497,951407,2023-09-28,2023-10-27,29,6.662048521328201,6.528250924335901,1.3726128906598625,1.3082623983490653,-0.04688174848763196,0.020083551863057363,-0.0267981966245746,-0.006714644761517237,0.012,0.000795,0.127700063,0.1278535261,0.001202,-0.027592717172519807,-0.007509165309462443,-0.008653196968231651,convergence,False
514939__929610,514939,929610,2023-01-04,2023-01-12,8,0.9555784212389099,0.930303795083365,0.9762708634518771,0.9798143479801102,0.003629612089112432,0.026449557245941425,0.030079169335053856,0.05652872658099528,0.016018,0.000219,0.1279737861,0.1280606528,0.000679,0.029859991252862074,0.0563095484988035,0.05562876177377691,convergence,False
514939__929610,514939,929610,2023-01-20,2023-01-27,7,0.977826324606955,0.939253804583365,0.9834514404031826,0.99636684386401,0.013132731246529606,0.03944720964542905,0.05257994089195865,0.0920271505373877,0.016018,0.000192,0.1277400284,0.1277261486,-0.000109,0.052388160070040844,0.09183536971546989,0.09194546525845222,convergence,False
514939__929610,514939,929610,2023-03-10,2023-03-13,1,0.8888096124944549,0.8353342001110899,0.0,0.0,0.0,0.06016520482185781,0.06016520482185781,0.12033040964371562,0.016018,0.0,0.0,0.0,0.0,0.06016520482185781,0.12033040964371562,0.12033040964371562,overnight_abort,True
514939__929610,514939,929610,2023-03-17,2023-03-20,1,0.9049990298889099,0.85025092238891,0.0,0.0,0.0,0.06049521125643675,0.06049521125643675,0.1209904225128735,0.016018,0.0,0.0,0.0,0.0,0.06049521125643675,0.1209904225128735,0.1209904225128735,overnight_abort,True
514939__929610,514939,929610,2023-05-31,2023-06-05,5,0.9025857191999999,0.870537600644455,0.9064628842313465,0.930323082274129,0.02632231110379686,0.0355070082251584,0.06182931932895526,0.09733632755411366,0.016018,0.000137,0.127717997,0.1275803167,-0.001078,0.061692333027585394,0.09719934125274379,0.0983069130737303,convergence,False
514939__929610,514939,929610,2023-06-14,2023-06-27,13,0.871313004416635,0.81246195361109,0.8805096307065773,0.872269744911287,-0.009358087075865513,0.06754295013070208,0.05818486305483657,0.12572781318553863,0.016018,0.000356,0.1278535261,0.1276519632,-0.001577,0.05782869867127492,0.125371648801977,0.12693587587553706,convergence,False
514939__929610,514939,929610,2023-08-03,2023-08-09,6,0.8165102338889099,0.76190438416891,0.8187859968218624,0.816295912113109,-0.003041191127374749,0.06687711611392884,0.06383592498655409,0.13071304110048293,0.016018,0.000164,0.1280221288,0.1278600748,-0.001266,0.06367154142491026,0.1305486575388391,0.13181223542322362,convergence,False
514939__929610,514939,929610,2023-08-15,2023-08-18,3,0.8045441856166349,0.696111840055545,0.7680515536875916,0.7475494393870491,-0.026693669457612767,0.134774879365989,0.10808120990837623,0.24285608927436525,0.016018,8.2e-05,0.1276951645,0.1276641954,-0.000243,0.10799901812755432,0.24277389749354333,0.24301000457890717,convergence,False
997641__912004,997641,912004,2023-02-14,2023-02-16,2,77.2783165,76.8512185969275,15.102777380964108,15.49020804938207,0.02565294175005781,0.005526749577580501,0.03117969132763831,0.03670644090521881,0.007387,5.5e-05,0.0074557316,0.0074657503,0.001344,0.031124896807090366,0.03665164638467087,0.03527526642089003,convergence,False
997641__912004,997641,912004,2023-06-02,2023-06-05,1,73.4445020846985,72.41729116530149,0.0,0.0,0.0,0.013986219393418924,0.013986219393418924,0.027972438786837847,0.007387,0.0,0.0,0.0,0.0,0.013986219393418924,0.027972438786837847,0.027972438786837847,overnight_abort,True
997641__912004,997641,912004,2023-08-29,2023-09-06,8,78.281931,79.959936375,15.590441075552711,16.14053593097041,0.035284111126291456,-0.02143541112954914,0.013848699996742316,-0.007586711132806824,0.007387,0.000219,0.0068373726,0.0067723143,-0.009515,0.013629521914550535,-0.007805889214998605,0.002139577179980507,convergence,False
362819__315035,362819,315035,2023-05-15,2023-05-16,1,19.268144508775,19.052097497075,0.0,0.0,0.0,0.011212652655869787,0.011212652655869787,0.022425305311739575,0.007194000000000001,0.0,0.0,0.0,0.0,0.011212652655869787,0.022425305311739575,0.022425305311739575,overnight_abort,True
362819__315035,362819,315035,2023-05-26,2023-06-21,26,18.39686211915,18.512879258774998,1.8553230703288044,1.8537579921420122,-0.0008435610012194932,-0.0063063547942901884,-0.007149915795509681,-0.01345627058979987,0.007194000000000001,0.000712,0.7405485273,0.7460736754,0.007461,-0.007862244562632969,-0.014168599356923158,-0.021567985614020506,convergence,False
362819__315035,362819,315035,2023-06-30,2023-07-05,5,18.6572513823125,18.63271374415,1.8687827935613448,1.8653069578402572,-0.001859946342112692,0.0013151796939264893,-0.0005447666481862028,0.0007704130457402865,0.007194000000000001,0.000137,0.7400007948,0.7388526166,-0.001552,-0.0006817529495560658,0.0006334267443704235,0.0021845380545402787,convergence,False
362819__315035,362819,315035,2023-07-26,2023-08-11,16,20.1294032602375,18.02360586915,1.9945586593165907,1.8006814486584397,-0.09720306281921058,0.10461300635012732,0.007409943530916743,0.11202294988104407,0.007194000000000001,0.000438,0.7510605914,0.7395629183,-0.015309,0.006971587366533182,0.1115845937166605,0.1256199973348491,convergence,False
151619__540775,151619,540775,2023-02-23,2023-02-24,1,49.34759736236499,48.7025798063625,0.0,0.0,0.0,0.013070900924842524,0.013070900924842524,0.026141801849685047,0.024993,0.0,0.0,0.0,0.0,0.013070900924842524,0.026141801849685047,0.026141801849685047,overnight_abort,True
151619__540775,151619,540775,2023-06-27,2023-06-29,2,56.00913137508999,54.197891887635,11.30494911823918,10.890521313809257,-0.03665897122538073,0.03233828918583333,-0.004320682039547406,0.02801760714628592,0.024993,5.5e-05,0.1276707084,0.1275754273,-0.000746,-0.004375476560095352,0.027962812625737975,0.02868229438519113,convergence,False
151619__540775,151619,540775,2023-07-12,2023-07-14,2,55.244354212364996,55.300929412635,11.043695238566567,11.070996004684362,0.002472068046794349,-0.0010240901731337617,0.001447977873660587,0.0004238877005268253,0.024993,5.5e-05,0.1278437222,0.1279762542,0.001037,0.0013931833531126419,0.00036909317997888013,-0.0006690652577163796,convergence,False
151619__540775,151619,540775,2023-07-24,2023-07-25,1,54.6003408186375,53.661285,0.0,0.0,0.0,0.017198717161065007,0.017198717161065007,0.034397434322130015,0.024993,0.0,0.0,0.0,0.0,0.017198717161065007,0.034397434322130015,0.034397434322130015,overnight_abort,True
151767__729076,151767,729076,2023-01-06,2023-01-30,24,5.5594718376935495,5.004658773204301,1.083058942167382,1.0171364259770341,-0.060866970045439873,0.09979600233381583,0.03892903228837596,0.1387250346221918,0.025552000000000002,0.000658,0.1281427046,0.1276267157,-0.004027,0.03827149804180061,0.13806750037561646,0.14186437171577507,convergence,False
151767__729076,151767,729076,2023-04-27,2023-05-02,5,5.01462344769355,4.7569033982043,0.9680302146166405,0.9644948109055597,-0.0036521625644515077,0.05139369928320081,0.047741536718749304,0.09913523600195011,0.025552000000000002,0.000137,0.1273934036,0.1273909725,-1.9e-05,0.04760455041737944,0.09899824970058024,0.09901726377339917,convergence,False
151767__729076,151767,729076,2023-07-11,2023-07-12,1,5.3475862517957005,5.10376042769355,0.0,0.0,0.0,0.04559549161460919,0.04559549161460919,0.09119098322921838,0.025552000000000002,0.0,0.0,0.0,0.0,0.04559549161460919,0.09119098322921838,0.09119098322921838,overnight_abort,True
151767__729076,151767,729076,2023-08-25,2023-08-29,4,5.5248639760414004,5.2524141482043,1.0580497732171346,1.0677247889114307,0.00914419712494061,0.04931340011601736,0.058457597240957976,0.10777099735697533,0.025552000000000002,0.00011,0.1274542885,0.1274429183,-8.9e-05,0.058348008199862085,0.10766140831587945,0.10775144212476585,convergence,False
151767__729076,151767,729076,2023-09-22,2023-09-26,4,5.44848359730645,4.9865230797543,1.0350877780310952,1.020224336823369,-0.01435959492826674,0.0847869887651911,0.07042739383692435,0.15521438260211545,0.025552000000000002,0.00011,0.1279369527,0.1278543532,-0.000646,0.07031780479582847,0.15510479356101955,0.15574156033978825,convergence,False
951464__905475,951464,905475,2023-02-08,2023-02-09,1,53.116280039975,50.443656277005,0.0,0.0,0.0,0.05031647097572729,0.05031647097572729,0.10063294195145459,0.01391,0.0,0.0,0.0,0.0,0.05031647097572729,0.10063294195145459,0.10063294195145459,overnight_abort,True
951464__905475,951464,905475,2023-05-01,2023-05-02,1,52.865778789975,51.825873364035004,0.0,0.0,0.0,0.019670672592781276,0.019670672592781276,0.03934134518556255,0.01391,0.0,0.0,0.0,0.0,0.019670672592781276,0.03934134518556255,0.03934134518556255,overnight_abort,True
951464__905475,951464,905475,2023-05-10,2023-05-19,9,56.02210355802,59.59526843101499,57.202720688337656,59.43686456293646,0.03905660163912958,-0.06378134068625968,-0.0247247390471301,-0.08850607973338978,0.01391,0.000247,0.0074319052,0.0072482151,-0.024716,-0.024971314389595854,-0.08875265507585553,-0.062420046505677736,convergence,False
951173__906169,951173,906169,2023-04-11,2023-04-12,1,63.047198707639,62.05452897,0.0,0.0,0.0,0.015744866671113862,0.015744866671113862,0.031489733342227724,0.016767999999999998,0.0,0.0,0.0,0.0,0.015744866671113862,0.031489733342227724,0.031489733342227724,overnight_abort,True
951173__906169,951173,906169,2023-06-02,2023-06-05,1,59.035739450754,57.558829031508004,0.0,0.0,0.0,0.025017225717617962,0.025017225717617962,0.050034451435235924,0.016767999999999998,0.0,0.0,0.0,0.0,0.025017225717617962,0.050034451435235924,0.050034451435235924,overnight_abort,True
951173__906169,951173,906169,2023-07-24,2023-07-26,2,61.820637762261995,62.780599781508,31.213897864267917,31.58577212551146,0.01191373992638218,-0.015528180458727153,-0.003614440532344972,-0.019142620991072126,0.016767999999999998,5.5e-05,0.6791862425,0.6757899664,-0.005001,-0.0036692350528929173,-0.01919741551162007,-0.014111902821217926,convergence,False
951173__906169,951173,906169,2023-09-14,2023-09-15,1,58.714010767737996,58.135711366131005,0.0,0.0,0.0,0.009849427658666319,0.009849427658666319,0.019698855317332637,0.016767999999999998,0.0,0.0,0.0,0.0,0.009849427658666319,0.019698855317332637,0.019698855317332637,overnight_abort,True
27220J__912748,27220J,912748,2023-05-01,2023-05-02,1,40.45404088104151,38.8181317135415,0.0,0.0,0.0,0.04043870851642579,0.04043870851642579,0.08087741703285158,0.019344,0.0,0.0,0.0,0.0,0.04043870851642579,0.08087741703285158,0.08087741703285158,overnight_abort,True
27220J__912748,27220J,912748,2023-05-16,2023-05-22,6,41.2188537642365,40.790588499722,39.71580874915572,40.842377738580815,0.028365757236381194,0.010390033331933278,0.03875579056831447,0.04914582390024775,0.019344,0.000164,0.0072629553,0.0072147469,-0.006638,0.03859140700667064,0.04898144033860392,0.05585290353174158,convergence,False
27220J__912748,27220J,912748,2023-05-26,2023-05-30,1,40.6351864415975,39.618037560278,0.0,0.0,0.0,0.0250312345135019,0.0250312345135019,0.0500624690270038,0.019344,0.0,0.0,0.0,0.0,0.0250312345135019,0.0500624690270038,0.0500624690270038,overnight_abort,True
27220J__912748,27220J,912748,2023-06-12,2023-06-14,2,41.158461512083,41.207932322360996,40.59493458160292,41.26168030622151,0.016424357656700014,-0.0012019596569097218,0.015222397999790293,0.01402043834288057,0.019344,5.5e-05,0.0071319046,0.007138013,0.000856,0.015167603479242347,0.013965643822332625,0.013095832217014524,convergence,False
27220J__912748,27220J,912748,2023-10-25,2023-10-27,2,27.271265494236502,26.0443728607635,26.018647582870802,26.405844655030766,0.014881521836472098,0.04498847454410556,0.05986999638057766,0.10485847092468321,0.019344,5.5e-05,0.0066491568,0.0066838214,0.005213,0.05981520186002972,0.10480367640413527,0.0995401512593952,convergence,False
670845__362033,670845,362033,2023-05-31,2023-06-16,16,19.081865262274498,21.670770895902,0.9563753827532047,1.086644551875705,0.1362113365439026,-0.13567361460967112,0.0005377219342314887,-0.13513589267543963,0.013006,0.000438,0.127717997,0.1278739674,0.001221,9.936576984792707e-05,-0.1355742488398232,-0.13696010821564863,convergence,False
670845__362033,670845,362033,2023-06-26,2023-07-05,9,20.977016457274498,21.890172283176497,1.0442934347613018,1.0952609305160363,0.04880572266202595,-0.043531253730095205,0.005274468931930745,-0.03825678479816446,0.013006,0.000247,0.1276519632,0.1278388274,0.001464,0.005027893589464992,-0.038503360140630216,-0.04003641739957579,convergence,False
670845__362033,670845,362033,2023-07-13,2023-07-14,1,21.849382628647,21.6757622547745,0.0,0.0,0.0,0.007946237054994084,0.007946237054994084,0.015892474109988168,0.013006,0.0,0.0,0.0,0.0,0.007946237054994084,0.015892474109988168,0.015892474109988168,overnight_abort,True
670845__362033,670845,362033,2023-07-24,2023-07-26,2,21.928607970402,20.843031066353,1.098646637337659,1.0446158199438391,-0.04917943181872599,0.04950505319417674,0.00032562137545074504,0.04983067456962748,0.013006,5.5e-05,0.1280131102,0.1281878689,0.001365,0.00027082685490279986,0.04977588004907954,0.04847962504574346,convergence,False
670845__362033,670845,362033,2023-10-10,2023-10-12,2,22.110101285902,22.124532787951,1.0936367345199762,1.1166972986716992,0.021086127983662523,-0.0006527108068112607,0.02043341717685126,0.01978070637004,0.013006,5.5e-05,0.1278780522,0.1278143163,-0.000498,0.020378622656303316,0.019725911849492055,0.0202350867621974,convergence,False
670845__362033,670845,362033,2023-10-16,2023-10-18,2,21.618759774548998,19.4917291052255,1.1033130490823624,0.9835432654600802,-0.10855466970312373,0.09838819115921614,-0.010166478543907592,0.08822171261530855,0.013006,5.5e-05,0.127809409,0.1277196299,-0.000702,-0.010221273064455538,0.0881669180947606,0.08879354972151948,convergence,False
670845__362033,670845,362033,2023-10-24,2023-10-27,3,22.059960999999998,23.1356704007755,1.146001063480909,1.165440580346021,0.016962913460189705,-0.048762978355922824,-0.031800064895733116,-0.08056304325165595,0.013006,8.2e-05,0.1278486321,0.1278535261,3.8e-05,-0.03188225667655503,-0.08064523503247786,-0.08068416251966024,convergence,False
501286__912361,501286,912361,2023-01-26,2023-01-31,5,39.407757196747504,36.68031198699,38.910077012263066,38.4073504272555,-0.012920215625610907,0.06921087125411474,0.05629065562850383,0.12550152688261856,0.015673,0.000137,0.0077003036,0.0076860997,-0.001845,0.05615366932713396,0.1253645405812487,0.1271886624501434,convergence,False
501286__912361,501286,912361,2023-04-26,2023-05-02,6,34.792789677232506,32.9823717847575,34.23482237511028,33.09427419679702,-0.03331544022096242,0.052034283806213416,0.018718843585251,0.07075312739146442,0.015673,0.000164,0.007465193,0.0073230566,-0.01904,0.018554460023607163,0.07058874382982058,0.08935154613597478,convergence,False
501286__912361,501286,912361,2023-05-11,2023-05-19,8,34.501853475000004,32.882706005485,34.08442774093761,32.82820123301628,-0.036856318007431985,0.04692928948551237,0.010072971478080388,0.05700226096359276,0.015673,0.000219,0.0073678388,0.0072482151,-0.016236,0.009853793395888606,0.05678308288140098,0.07267869432256445,convergence,False
501286__912361,501286,912361,2023-07-28,2023-08-01,4,32.47527941199,30.051931144515,30.85868549769892,30.056581872360844,-0.025992799511757834,0.07462132155144116,0.048628522039683326,0.12324984359112448,0.015673,0.00011,0.0070276538,0.0069766626,-0.007256,0.048518932998587436,0.1231402545500286,0.13025910188564954,convergence,False
501286__912361,501286,912361,2023-08-18,2023-08-22,4,27.137984138010005,26.14468293801,26.402241774269186,26.13231392642843,-0.010223671540793872,0.036601878568009304,0.026378207027215432,0.06298008559522474,0.015673,0.00011,0.0068406471,0.0068544794,0.002022,0.02626861798611954,0.06287049655412885,0.0608731336168141,convergence,False
512956__912534,512956,912534,2023-01-17,2023-01-18,1,23.564043306581997,23.4389705,0.0,0.0,0.0,0.005307782070959836,0.005307782070959836,0.010615564141919671,0.008891,0.0,0.0,0.0,0.0,0.005307782070959836,0.010615564141919671,0.010615564141919671,overnight_abort,True
512956__912534,512956,912534,2023-04-24,2023-04-25,1,24.774178888179,24.645835111821,0.0,0.0,0.0,0.005180546121721932,0.005180546121721932,0.010361092243443865,0.008891,0.0,0.0,0.0,0.0,0.005180546121721932,0.010361092243443865,0.010361092243443865,overnight_abort,True
512956__912534,512956,912534,2023-05-16,2023-05-23,7,26.498631691821,25.673159204418003,25.940297811788856,25.840523329274394,-0.003846312144848182,0.031151513670714767,0.027305201525866584,0.058456715196581355,0.008891,0.000192,0.0072629553,0.007215267,-0.006566,0.027113420703948777,0.05826493437466355,0.064848873113527,convergence,False
512956__912534,512956,912534,2023-07-28,2023-08-01,4,27.370902110388002,26.979755139612003,27.190968742506396,27.10297820290374,-0.00323602076983398,0.014290613045872105,0.011054592276038125,0.02534520532191023,0.008891,0.00011,0.0070276538,0.0069766626,-0.007256,0.010945003234942234,0.02523561628081434,0.032520788910163155,convergence,False
133142__912732,133142,912732,2023-02-14,2023-02-21,7,22.2398875999045,19.9770602635305,41.77606094883677,40.49405218278638,-0.030687641125870326,0.10174634769214011,0.07105870656626978,0.1728050542584099,0.058508000000000004,0.000192,0.0074557316,0.0074071325,-0.006518,0.07086692574435197,0.17261327343649208,0.1789730500788244,convergence,False
133142__912732,133142,912732,2023-05-17,2023-05-31,14,22.870945480687,21.970836976374,44.91107021636774,44.34090888451844,-0.012695340571988971,0.03935598137265824,0.026660640800669273,0.06601662217332752,0.058508000000000004,0.000384,0.0072085055,0.0071764321,-0.004449,0.026277079156833655,0.0656330605294919,0.07004558987867894,convergence,False
133142__912732,133142,912732,2023-06-15,2023-06-23,8,27.135711781374,23.2771061035305,51.57062907633581,47.03014963909746,-0.08804390248017821,0.1421965898271389,0.05415268734696069,0.19634927717409958,0.058508000000000004,0.000219,0.0070504454,0.0069591839,-0.012944,0.053933509264768906,0.19613009909190782,0.20808932916683165,convergence,False
133142__912732,133142,912732,2023-07-18,2023-07-19,1,26.209470124999996,24.4311429375,0.0,0.0,0.0,0.06785055855836372,0.06785055855836372,0.13570111711672744,0.058508000000000004,0.0,0.0,0.0,0.0,0.06785055855836372,0.13570111711672744,0.13570111711672744,overnight_abort,True
951089__922894,951089,922894,2023-02-07,2023-02-08,1,27.765983305326,27.0957802114945,0.0,0.0,0.0,0.024137560210336334,0.024137560210336334,0.04827512042067267,0.017509999999999998,0.0,0.0,0.0,0.0,0.024137560210336334,0.04827512042067267,0.04827512042067267,overnight_abort,True
951089__922894,951089,922894,2023-04-27,2023-05-02,5,25.5575570168205,27.444446159674,28.16543356913435,27.69060581715362,-0.01685852805408538,-0.07382901040235029,-0.09068753845643568,-0.16451654885878597,0.017509999999999998,0.000137,0.0073370263,0.0073230566,-0.001904,-0.09082452475780554,-0.16465353516015582,-0.1627780626394816,convergence,False
951089__922894,951089,922894,2023-05-17,2023-05-24,7,28.393377992826,27.534097340000002,28.90354634154871,27.574622076556302,-0.04597789659748731,0.030263417513869167,-0.01571447908361814,0.014548938430251027,0.017509999999999998,0.000192,0.0072085055,0.0071697432,-0.005377,-0.015906259905535947,0.014357157608333218,0.019514956144091024,convergence,False
951089__922894,951089,922894,2023-07-31,2023-08-01,1,30.195253527663,31.5088146358425,0.0,0.0,0.0,-0.04350223809103309,-0.04350223809103309,-0.08700447618206618,0.017509999999999998,0.0,0.0,0.0,0.0,-0.04350223809103309,-0.08700447618206618,-0.08700447618206618,overnight_abort,True
511280__929864,511280,929864,2023-05-12,2023-05-19,7,14.525752,13.675668799999999,7.08986862968912,6.868158300779199,-0.031271429766907,0.058522491641052526,0.027251061874145527,0.08577355351519805,0.010775,0.000192,0.007346459,0.0072482151,-0.013373,0.02705928105222772,0.08558177269328024,0.09871213257748433,convergence,False
511280__929864,511280,929864,2023-07-28,2023-08-01,4,14.00482848,13.41613056,6.830157657099946,6.769338311358293,-0.00890453028978488,0.04203535379535054,0.03313082350556566,0.0751661773009162,0.010775,0.00011,0.0070276538,0.0069766626,-0.007256,0.03302123446446977,0.07505658825982031,0.0823003307499742,convergence,False
547686__923879,547686,923879,2023-03-03,2023-03-06,1,27.7969748569695,27.652943991169,0.0,0.0,0.0,0.005181530239949332,0.005181530239949332,0.010363060479898665,0.013336,0.0,0.0,0.0,0.0,0.005181530239949332,0.010363060479898665,0.010363060479898665,overnight_abort,True
547686__923879,547686,923879,2023-05-26,2023-05-30,1,31.6289559018615,31.0821345919695,0.0,0.0,0.0,0.01728862981088215,0.01728862981088215,0.0345772596217643,0.013336,0.0,0.0,0.0,0.0,0.01728862981088215,0.0345772596217643,0.0345772596217643,overnight_abort,True
547686__923879,547686,923879,2023-06-02,2023-06-05,1,32.501681381169,32.3282114669695,0.0,0.0,0.0,0.005337259699432251,0.005337259699432251,0.010674519398864503,0.013336,0.0,0.0,0.0,0.0,0.005337259699432251,0.010674519398864503,0.010674519398864503,overnight_abort,True
547686__923879,547686,923879,2023-09-20,2023-09-21,1,35.7117376219695,34.2421995030305,0.0,0.0,0.0,0.04115000324249006,0.04115000324249006,0.08230000648498012,0.013336,0.0,0.0,0.0,0.0,0.04115000324249006,0.08230000648498012,0.08230000648498012,overnight_abort,True
997662__930971,997662,930971,2023-02-02,2023-02-08,6,12.74762606,12.32409315,12.111497415748246,12.509049812174682,0.032824380238029804,0.03322445355759051,0.06604883379562032,0.09927328735321082,0.02508,0.000164,0.0076228227,0.0076112189,-0.001522,0.06588445023397649,0.09910890379156699,0.1006835119720525,convergence,False
997662__930971,997662,930971,2023-05-12,2023-05-19,7,13.46480629,12.076621399999999,12.453012455484162,12.23783058170427,-0.01727950361802848,0.1030972789434761,0.08581777532544763,0.18891505426892372,0.02508,0.000192,0.007346459,0.0072482151,-0.013373,0.08562599450352981,0.1887232734470059,0.2020432829724544,convergence,False
677521__675585,677521,675585,2023-02-13,2023-03-01,16,48.419552337109494,46.4553286136715,47.75074820867807,46.94700755530713,-0.0168320012465243,0.04056674687453863,0.02373474562801433,0.06430149250255296,0.010936,0.000438,0.0075123008,0.0073429526,-0.022543,0.023296389463630766,0.0638631363381694,0.08653762982277985,convergence,False
677521__675585,677521,675585,2023-03-29,2023-04-03,5,50.144524999999994,49.336974071562,49.50346882980442,49.411656548303874,-0.0018546635957209425,0.016104468602265106,0.014249805006544164,0.030354273608809268,0.010936,0.000137,0.0075383514,0.0075517293,0.001775,0.0141128187051743,0.030217287307439406,0.028449071318039164,convergence,False
677521__675585,677521,675585,2023-05-12,2023-05-19,7,47.9632351538285,46.255909705,46.69660111777964,46.413600740221995,-0.006060406341863215,0.03559654479838017,0.029536138456516953,0.06513268325489713,0.010936,0.000192,0.007346459,0.0072482151,-0.013373,0.029344357634599146,0.06494090243297931,0.07841297806790214,convergence,False
677521__675585,677521,675585,2023-05-26,2023-05-30,1,47.481852728281,47.342755071561996,0.0,0.0,0.0,0.002929490926038642,0.002929490926038642,0.005858981852077284,0.010936,0.0,0.0,0.0,0.0,0.002929490926038642,0.005858981852077284,0.005858981852077284,overnight_abort,True
677521__675585,677521,675585,2023-06-02,2023-06-05,1,49.392357125,50.015016508438,0.0,0.0,0.0,-0.012606391346381921,-0.012606391346381921,-0.025212782692763842,0.010936,0.0,0.0,0.0,0.0,-0.012606391346381921,-0.025212782692763842,-0.025212782692763842,overnight_abort,True
677521__675585,677521,675585,2023-06-13,2023-06-14,1,51.307881991562,53.106046984452504,0.0,0.0,0.0,-0.03504656444766573,-0.03504656444766573,-0.07009312889533147,0.010936,0.0,0.0,0.0,0.0,-0.03504656444766573,-0.07009312889533147,-0.07009312889533147,overnight_abort,True
677521__675585,677521,675585,2023-06-28,2023-07-03,5,49.683189352656996,49.107642874999996,48.50321401072341,49.161044270097676,0.013562611731849923,0.011584330337002005,0.02514694206885193,0.03673127240585393,0.010936,0.000137,0.0069072699,0.0069118054,0.000657,0.025009955767482068,0.036594286104484064,0.035929190234523664,convergence,False
677521__675585,677521,675585,2023-08-25,2023-08-28,1,42.096932477581,41.778882067343,0.0,0.0,0.0,0.007555192065535444,0.007555192065535444,0.015110384131070888,0.010936,0.0,0.0,0.0,0.0,0.007555192065535444,0.015110384131070888,0.015110384131070888,overnight_abort,True
677521__675585,677521,675585,2023-09-01,2023-09-06,5,43.114268612343,41.734014134062,41.70618966284996,41.981446571227224,0.006599905448146282,0.032013867397157905,0.038613772845304185,0.0706276402424621,0.010936,0.000137,0.0067695636,0.0067723143,0.000406,0.03847678654393432,0.07049065394109223,0.07008180487749867,convergence,False
677521__675585,677521,675585,2023-10-06,2023-10-11,5,38.500966295,37.949985575781,38.82489230631904,38.03525612927997,-0.02033839967433862,0.014310828330834708,-0.006027571343503912,0.008283256987330796,0.010936,0.000137,0.0067242713,0.0067042098,-0.002983,-0.006164557644873774,0.008146270685960933,0.011077784135157092,convergence,False
29666P__691924,29666P,691924,2023-01-04,2023-04-04,90,3.8194028199999996,4.6436929568968,14.72479963946871,18.87798594505582,0.28205384163291486,-0.21581649690901158,0.06623734472390327,-0.1495791521851083,0.024066,0.002466,0.0074959709,0.0075927256,0.012908,0.06377159129924574,-0.15204490560976586,-0.16838221863356856,force_close,False
29666P__691924,29666P,691924,2023-04-11,2023-05-23,42,4.8372386015516,4.8322184407758,19.589906377291058,19.994245684539226,0.020640185790621504,0.0010378154127417933,0.021678001203363297,0.02271581661610509,0.024066,0.001151,0.0075111729,0.007215267,-0.039395,0.020527316271856447,0.02156513168459824,0.06342268910451646,convergence,False
29666P__691924,29666P,691924,2023-06-13,2023-06-20,7,5.2655359531032,5.1001242768968,20.691956088092237,20.899277550775885,0.010019423093738202,0.031414024646231116,0.04143344773996932,0.07284747238620043,0.024066,0.000192,0.007138013,0.0070693855,-0.009614,0.04124166691805151,0.07265569156428262,0.08246066088705706,convergence,False
29666P__691924,29666P,691924,2023-06-30,2023-07-06,6,5.4318160231032,5.1199686207758,21.657022508425204,20.98227372770034,-0.031156119474058296,0.05741126006496101,0.026255140590902712,0.08366640065586373,0.024066,0.000164,0.0069118054,0.0069408294,0.004199,0.026090757029258876,0.0835020170942199,0.07945066772833793,convergence,False
29666P__691924,29666P,691924,2023-07-11,2023-07-13,2,5.4822031168968,5.2390375615516,22.01349167354106,21.848317659444966,-0.007503308268657121,0.04435544436428035,0.036852136095623225,0.08120758045990357,0.024066,5.5e-05,0.0072199554,0.0072440146,0.003332,0.03679734157507528,0.08115278593935563,0.07785645403995523,convergence,False
29666P__691924,29666P,691924,2023-07-14,2023-07-27,13,5.542669,5.3878744568968,21.96275087158515,22.098660110260173,0.006188170119019954,0.027927798521470523,0.03411596864049048,0.062043767161961,0.024066,0.000356,0.0072033135,0.0071707714,-0.004518,0.03375980425692883,0.06168760277839935,0.06625384457085563,convergence,False
29666P__691924,29666P,691924,2023-08-01,2023-08-07,6,5.7845307184484,5.1100460023274,21.112022048685134,20.667704268573868,-0.021045723573357978,0.11660145808715117,0.09555573451379319,0.21215719260094434,0.024066,0.000164,0.0069771498,0.0070170514,0.005719,0.09539135095214936,0.2119928090393005,0.20642610591435745,convergence,False
759739__922362,759739,922362,2023-01-20,2023-02-21,32,6.7771977407632,7.949724619236799,3.3309136809516313,3.9728464379353445,0.19271972151506342,-0.17301057506720433,0.019709146447859094,-0.15330142861934523,0.010464999999999999,0.000877,0.0076525726,0.0074071325,-0.032073,0.01883243411909197,-0.15417814094811236,-0.11465660576285297,convergence,False
759739__922362,759739,922362,2023-05-11,2023-05-16,5,7.946163443236801,7.4509966192368,3.933922152431849,3.7439856751118845,-0.04828170715136051,0.06231520752589753,0.014033500374537024,0.07634870790043455,0.010464999999999999,0.000137,0.0073678388,0.0073321846,-0.004839,0.01389651407316716,0.07621172159906468,0.08083964031743478,convergence,False
759739__922362,759739,922362,2023-07-28,2023-08-01,4,8.9727686997456,8.9272311002544,4.389999184231331,4.493415941046308,0.02355735217137287,0.00507508897365115,0.028632441145024022,0.03370753011867517,0.010464999999999999,0.00011,0.0070276538,0.0069766626,-0.007256,0.02852285210392813,0.03359794107757928,0.04107894175776703,convergence,False
151377__912644,151377,912644,2023-03-06,2023-03-10,4,11.498205005,11.3317186822695,5.683399046316198,5.796376070168331,0.019878425380910333,0.014479331570284599,0.03435775695119493,0.04883708852147953,0.019334,0.00011,0.0072910211,0.0074076818,0.016001,0.03424816791009904,0.048727499480383636,0.03266583076510035,convergence,False
151377__912644,151377,912644,2023-05-12,2023-05-30,18,12.445472682730502,12.085843502269501,6.484763853128934,6.1395129651002005,-0.053240317742973456,0.02889638582872203,-0.024343931914251427,0.004552453914470601,0.019334,0.000493,0.007346459,0.00715282,-0.026358,-0.024837082599182936,0.0040593032295390945,0.029689697691103717,convergence,False
151377__912644,151377,912644,2023-06-15,2023-06-20,1,13.312120912730501,12.3388722247695,0.0,0.0,0.0,0.07310996454594064,0.07310996454594064,0.14621992909188128,0.019334,0.0,0.0,0.0,0.0,0.07310996454594064,0.14621992909188128,0.14621992909188128,overnight_abort,True
28335J__27121Q,28335J,27121Q,2023-05-08,2023-05-09,1,7.761354459448199,7.4992528186205005,0.0,0.0,0.0,0.03377009028477398,0.03377009028477398,0.06754018056954796,0.015788,0.0,0.0,0.0,0.0,0.03377009028477398,0.06754018056954796,0.06754018056954796,overnight_abort,True
28335J__27121Q,28335J,27121Q,2023-06-02,2023-06-05,1,7.8917132297240995,7.8383139608277,0.0,0.0,0.0,0.0067664989010587755,0.0067664989010587755,0.013532997802117551,0.015788,0.0,0.0,0.0,0.0,0.0067664989010587755,0.013532997802117551,0.013532997802117551,overnight_abort,True
28335J__27121Q,28335J,27121Q,2023-08-14,2023-08-15,1,8.1424029797241,7.957982781103601,0.0,0.0,0.0,0.022649357822222146,0.022649357822222146,0.04529871564444429,0.015788,0.0,0.0,0.0,0.0,0.022649357822222146,0.04529871564444429,0.04529871564444429,overnight_abort,True
28335J__27121Q,28335J,27121Q,2023-09-11,2023-09-13,2,7.8917132297240995,7.638865960275901,15.539836491435903,15.351543056672055,-0.01211682213436528,0.03203959166887247,0.01992276953450719,0.05196236120337966,0.015788,5.5e-05,0.0067987894,0.0067812701,-0.002577,0.019867975013959243,0.05190756668283172,0.05445974665837651,convergence,False
263502__140539,263502,140539,2023-03-14,2023-03-23,9,5.2582403097406,4.983600272370301,0.5021406361200049,0.5017310609519127,-0.0008156582810286134,0.05223040811990734,0.051414749838878726,0.10364515795878607,0.032189,0.000247,0.1273958331,0.1273958331,0.0,0.05116817449641297,0.10339858261632032,0.10339858261632033,convergence,False
263502__140539,263502,140539,2023-07-21,2023-07-31,10,5.43047565605545,5.0329430447406,0.5134655988190904,0.5088770681718374,-0.008936393514591875,0.07320401314598787,0.064267619631396,0.13747163277738386,0.032189,0.000274,0.1279893431,0.128236357,0.00193,0.06399364702865627,0.13719766017464413,0.135288634588507,convergence,False
510095__921754,510095,921754,2023-01-10,2023-01-11,1,5.9710265589674005,5.6609355769022,0.0,0.0,0.0,0.05193260807046654,0.05193260807046654,0.10386521614093308,0.025813,0.0,0.0,0.0,0.0,0.05193260807046654,0.10386521614093308,0.10386521614093308,overnight_abort,True
510095__921754,510095,921754,2023-03-31,2023-04-03,1,5.727032931,5.4630009748370005,0.0,0.0,0.0,0.0461027480274846,0.0461027480274846,0.0922054960549692,0.025813,0.0,0.0,0.0,0.0,0.0461027480274846,0.0922054960549692,0.0922054960549692,overnight_abort,True
510095__921754,510095,921754,2023-04-06,2023-04-10,1,5.646206952032601,5.3640331789674,0.0,0.0,0.0,0.04997581127691745,0.04997581127691745,0.0999516225538349,0.025813,0.0,0.0,0.0,0.0,0.04997581127691745,0.0999516225538349,0.0999516225538349,overnight_abort,True
510095__921754,510095,921754,2023-05-23,2023-05-24,1,5.2536950989674,4.923924953232601,0.0,0.0,0.0,0.06276918236073782,0.06276918236073782,0.12553836472147564,0.025813,0.0,0.0,0.0,0.0,0.06276918236073782,0.12553836472147564,0.12553836472147564,overnight_abort,True
510095__921754,510095,921754,2023-06-30,2023-07-05,5,5.1902471313304,4.9582670369022,5.0227335545363285,5.0701886784585035,0.009448067154451276,0.0446953851248963,0.054143452279347574,0.09883883740424387,0.025813,0.000137,0.7400007948,0.7388526166,-0.001552,0.05400646597797771,0.09870185110287401,0.10027053508490057,convergence,False
510095__921754,510095,921754,2023-07-18,2023-07-24,6,5.6578260041304,5.175994624130401,5.235919449002618,5.280920174951861,0.008594617695620773,0.08516192962601647,0.09375654732163724,0.17891847694765373,0.025813,0.000164,0.7546882745,0.7510046377,-0.004881,0.09359216375999341,0.1787540933860099,0.18370119499300366,convergence,False
510095__921754,510095,921754,2023-07-25,2023-08-07,13,5.6982390441304,5.277437099837,5.4310071230356245,5.361312336812216,-0.012832755443791956,0.07384771699370114,0.06101496154990919,0.13486267854361034,0.025813,0.000356,0.7544607492,0.7455177423,-0.011854,0.06065879716634754,0.1345065141600487,0.1463482759030812,convergence,False
266613__755996,266613,755996,2023-01-17,2023-01-26,9,6.264015865714801,5.6828424885704,1.1337330317732535,1.1940214481248994,0.05317690731595763,0.09277967834107358,0.1459565856570312,0.23873626399810477,0.061392999999999996,0.000247,0.2318302733,0.2355435333,0.016017,0.14571001031456546,0.23848968865563902,0.22188672941464324,convergence,False
266613__755996,266613,755996,2023-01-31,2023-02-07,7,6.4388735485722,5.605128505713,1.1989594771423167,1.1641517469650076,-0.029031615197097616,0.12948616502091123,0.10045454982381362,0.22994071484472484,0.061392999999999996,0.000192,0.2355157629,0.2323959758,-0.013247,0.1002627690018958,0.22974893402280702,0.24278364613857492,convergence,False
266613__755996,266613,755996,2023-05-19,2023-06-08,20,5.400013500000001,4.186846545713,0.9717149814861934,0.892331807542711,-0.08169388705119011,0.22465998544022167,0.14296609838903157,0.3676260838292532,0.061392999999999996,0.000548,0.2198768496,0.2165205247,-0.015265,0.1424181531835521,0.36707813862377375,0.38131297237444367,convergence,False
266613__755996,266613,755996,2023-07-25,2023-07-26,1,5.1325840542852,4.2354170685722,0.0,0.0,0.0,0.17479830358821963,0.17479830358821963,0.34959660717643926,0.061392999999999996,0.0,0.0,0.0,0.0,0.17479830358821963,0.34959660717643926,0.34959660717643926,overnight_abort,True
266613__755996,266613,755996,2023-08-02,2023-08-08,6,5.235441865714801,4.4685599885704,0.9237164352125122,0.93636071604121,0.013688487447761778,0.14647892132399754,0.1601674087717593,0.30664633009575687,0.061392999999999996,0.000164,0.2194666718,0.218221471,-0.005674,0.16000302521011547,0.30648194653411304,0.31226618815679336,convergence,False
266613__755996,266613,755996,2023-08-09,2023-08-11,2,5.2765848257148,4.5657021028574,0.9490793535793105,0.9593720887407415,0.010844967939312477,0.1347240206189805,0.14556898855829298,0.2802930091772735,0.061392999999999996,5.5e-05,0.2187226788,0.218007417,-0.00327,0.14551419403774504,0.28023821465672555,0.28355470178013936,convergence,False
29573D__929164,29573D,929164,2023-05-26,2023-05-30,1,124.27858120596001,123.12153071403999,0.0,0.0,0.0,0.009310135991997703,0.009310135991997703,0.018620271983995407,0.019832000000000002,0.0,0.0,0.0,0.0,0.009310135991997703,0.018620271983995407,0.018620271983995407,overnight_abort,True
134093__740847,134093,740847,2023-01-20,2023-02-09,20,29.796308892567,29.015844510405,29.424919837107694,29.08494007642663,-0.01155414398962327,0.026193324313290925,0.014639180323667655,0.04083250463695858,0.015724000000000002,0.000548,0.0076525726,0.007600228,-0.00684,0.014091235118188203,0.04028455943147913,0.04709222401134716,convergence,False
134093__740847,134093,740847,2023-03-16,2023-03-17,1,30.418749715676,30.181258284324002,0.0,0.0,0.0,0.007807402788471913,0.007807402788471913,0.015614805576943827,0.015724000000000002,0.0,0.0,0.0,0.0,0.007807402788471913,0.015614805576943827,0.015614805576943827,overnight_abort,True
134093__740847,134093,740847,2023-05-12,2023-05-22,10,31.041174476081,30.02188134,30.96941414282756,30.21120163909975,-0.024482623411312042,0.03283680960159622,0.008354186190284177,0.041190995791880396,0.015724000000000002,0.000274,0.007346459,0.0072147469,-0.017929,0.008080213587544452,0.04091702318914067,0.058726025228697416,convergence,False
134093__740847,134093,740847,2023-06-29,2023-09-27,90,29.585494937838,30.390426329594998,1.185937368395769,1.2194850370077683,0.02828789235082425,-0.02720696048682766,0.0010809318639965898,-0.02612602862283107,0.015724000000000002,0.002466,0.006928326,0.0066829285,-0.035419,-0.0013848215606609444,-0.028591782047488606,0.009167005595258312,force_close,False
27604J__315206,27604J,315206,2023-06-02,2023-06-05,1,27.446130816932,26.865406637301,0.0,0.0,0.0,0.02115869021773891,0.02115869021773891,0.04231738043547782,0.015793,0.0,0.0,0.0,0.0,0.02115869021773891,0.04231738043547782,0.04231738043547782,overnight_abort,True
27604J__315206,27604J,315206,2023-07-07,2023-07-14,7,25.61772075,26.7160901538495,25.2401377360272,26.776977558170405,0.060888725656578074,-0.04287537578258205,0.018013349873996026,-0.024862025908586022,0.015793,0.000192,0.0007693462,0.0007878327,0.024029,0.01782156905207822,-0.02505380673050383,-0.0499475683462002,convergence,False
510421__916570,510421,916570,2023-02-09,2023-02-17,8,19.193497486595003,18.508374143448002,19.16625794278678,18.73483401607997,-0.02250955444691675,0.03569559657511617,0.013186042128199422,0.04888163870331559,0.011354,0.000219,0.0076089018,0.0074535087,-0.020423,0.01296686404600764,0.04866246062112381,0.06904148970240392,convergence,False
510421__916570,510421,916570,2023-03-09,2023-03-10,1,20.790777321319002,20.392100236767003,0.0,0.0,0.0,0.019175669980515463,0.019175669980515463,0.03835133996103093,0.011354,0.0,0.0,0.0,0.0,0.019175669980515463,0.03835133996103093,0.03835133996103093,overnight_abort,True
510421__916570,510421,916570,2023-05-01,2023-05-02,1,20.979404303276002,20.132953209957,0.0,0.0,0.0,0.04034676490727739,0.04034676490727739,0.08069352981455478,0.011354,0.0,0.0,0.0,0.0,0.04034676490727739,0.08069352981455478,0.08069352981455478,overnight_abort,True
510421__916570,510421,916570,2023-06-02,2023-06-05,1,20.116549963276004,19.963519433319,0.0,0.0,0.0,0.007607195579578529,0.007607195579578529,0.015214391159157058,0.011354,0.0,0.0,0.0,0.0,0.007607195579578529,0.015214391159157058,0.015214391159157058,overnight_abort,True
510421__916570,510421,916570,2023-07-28,2023-08-01,4,20.683427204914004,20.152891813362,20.421208297207503,20.254215842104575,-0.008177403250216278,0.02565026512752965,0.01747286187731337,0.04312312700484302,0.011354,0.00011,0.0070276538,0.0069766626,-0.007256,0.01736327283621748,0.04301353796374713,0.05026259489755778,convergence,False
510421__916570,510421,916570,2023-08-25,2023-08-30,5,20.5680395,19.998407255043002,20.068363775884414,20.037422096514526,-0.001541813757984117,0.027695019010295027,0.02615320525231091,0.05384822426260594,0.011354,0.000137,0.0068238425,0.0068373726,0.001983,0.02601621895094105,0.05371123796123607,0.05173544405676578,convergence,False
25552J__938939,25552J,938939,2023-03-16,2023-03-17,1,87.702203551788,87.66805579649,0.0,0.0,0.0,0.0003893602887394257,0.0003893602887394257,0.0007787205774788514,0.017382,0.0,0.0,0.0,0.0,0.0003893602887394257,0.0007787205774788514,0.0007787205774788514,overnight_abort,True
25552J__938939,25552J,938939,2023-03-29,2023-04-04,6,91.78371142119201,85.574212065298,89.85947683244638,86.41472296488767,-0.03833489787595641,0.06765360933596214,0.029318711460005725,0.09697232079596786,0.017382,0.000164,0.0075383514,0.0075927256,0.007213,0.02915432789836189,0.09680793723432403,0.08992111248249676,convergence,False
25552J__938939,25552J,938939,2023-05-18,2023-05-23,5,106.21979673298,99.77855762,101.16476336723511,101.31816909088221,0.0015163948250461845,0.06064066502755856,0.062157059852604744,0.12279772488016331,0.017382,0.000137,0.0072482151,0.007215267,-0.004546,0.06202007355123488,0.12266073857879345,0.12723410534794222,convergence,False
25552J__938939,25552J,938939,2023-05-26,2023-05-30,1,125.18975994,127.35169705999999,0.0,0.0,0.0,-0.017269280818464284,-0.017269280818464284,-0.03453856163692857,0.017382,0.0,0.0,0.0,0.0,-0.017269280818464284,-0.03453856163692857,-0.03453856163692857,overnight_abort,True
25552J__938939,25552J,938939,2023-07-21,2023-07-26,5,143.66714723298,135.4286773,144.13731751603046,143.28112528938095,-0.005940114894633646,0.05734414646390908,0.051404031569275435,0.10874817803318453,0.017382,0.000137,0.0070693855,0.0071313955,0.008772,0.05126704526790557,0.10861119173181466,0.09996749030263656,convergence,False
25552J__938939,25552J,938939,2023-09-28,2023-10-11,13,110.38173045298001,29.542646415893998,28.084928215166773,29.478612180047623,0.04962391052608123,0.73235927454065,0.7819831850667311,1.5143424596073811,0.017382,0.000356,0.0066945607,0.0067042098,0.001441,0.7816270206831695,1.5139862952238194,1.5124756136704085,convergence,False
151516__951410,151516,951410,2023-01-04,2023-01-05,1,1.2976490772423,1.19331601362115,0.0,0.0,0.0,0.08040160121168768,0.08040160121168768,0.16080320242337537,0.0318,0.0,0.0,0.0,0.0,0.08040160121168768,0.16080320242337537,0.16080320242337537,overnight_abort,True
151516__951410,151516,951410,2023-03-30,2023-04-18,19,1.25517164322885,1.207122876,1.274054385012735,1.2737379942927114,-0.00024833376325649473,0.038280634754660064,0.03803230099140357,0.07631293574606364,0.0318,0.000521,0.1273917774,0.1273885285,-2.6e-05,0.03751175304619809,0.07579238780085816,0.07581788533369485,convergence,False
151516__951410,151516,951410,2023-05-22,2023-05-23,1,1.31082883463655,1.21599868087885,0.0,0.0,0.0,0.07234365864708277,0.07234365864708277,0.14468731729416553,0.0318,0.0,0.0,0.0,0.0,0.07234365864708277,0.14468731729416553,0.14468731729416553,overnight_abort,True
151516__951410,151516,951410,2023-05-25,2023-05-31,6,1.28751190189425,1.18345370137885,1.2573961027036835,1.2502361037746779,-0.005694306602040557,0.0808211561868318,0.07512684958479125,0.15594800577162304,0.0318,0.000164,0.1276446292,0.1277147298,0.000549,0.07496246602314742,0.1557836222099792,0.15523786350383953,convergence,False
151516__951410,151516,951410,2023-06-16,2023-06-26,10,1.36749920627115,1.18345370137885,1.3010193677903454,1.259109074620096,-0.03221342756905308,0.13458545646556458,0.10237202889651151,0.2369574853620761,0.0318,0.000274,0.127783273,0.1277098465,-0.000575,0.10209805629377178,0.23668351275933636,0.2372399395557666,convergence,False
151516__951410,151516,951410,2023-08-17,2023-08-18,1,1.4537728103788499,1.2722128350000002,0.0,0.0,0.0,0.12488882312466389,0.12488882312466389,0.24977764624932777,0.0318,0.0,0.0,0.0,0.0,0.12488882312466389,0.24977764624932777,0.24977764624932777,overnight_abort,True
151516__951410,151516,951410,2023-09-05,2023-09-06,1,1.4584357305846,1.31659245112115,0.0,0.0,0.0,0.0972571341258854,0.0972571341258854,0.1945142682517708,0.0318,0.0,0.0,0.0,0.0,0.0972571341258854,0.1945142682517708,0.1945142682517708,overnight_abort,True
151516__951410,151516,951410,2023-09-18,2023-09-19,1,1.3179252527577,1.1357210647788498,0.0,0.0,0.0,0.13825077529821658,0.13825077529821658,0.27650155059643317,0.0318,0.0,0.0,0.0,0.0,0.13825077529821658,0.27650155059643317,0.27650155059643317,overnight_abort,True
891264__771566,891264,771566,2023-01-12,2023-01-17,5,15.833574500000001,15.081001188270001,7.856913827034513,7.618376715356488,-0.030360153735841302,0.04753022204367055,0.01717006830782925,0.0647002903514998,0.033530000000000004,0.000137,0.1280516288,0.1279353126,-0.000908,0.017033082006459387,0.06456330405012993,0.0654448809970569,convergence,False
891264__771566,891264,771566,2023-06-06,2023-06-09,3,13.540184936000001,13.06493038827,6.645040292189,6.72711056678598,0.012350606014150172,0.03509956104561151,0.04745016705976168,0.08254972810537319,0.033530000000000004,8.2e-05,0.1275168609,0.127568924,0.000408,0.04736797527893977,0.08246753632455127,0.0820543784081612,convergence,False
891264__771566,891264,771566,2023-06-14,2023-06-16,2,13.78988091173,13.68754048827,6.983827448103578,6.927679759801613,-0.008039672904176854,0.0074214145948821204,-0.0006182583092947339,0.0068031562855873865,0.033530000000000004,5.5e-05,0.1278535261,0.1278739674,0.00016,-0.0006730528298426791,0.006748361765039441,0.006589791893105745,convergence,False
891264__771566,891264,771566,2023-07-24,2023-07-25,1,12.84391235,12.5411463,0.0,0.0,0.0,0.023572727822297905,0.023572727822297905,0.04714545564459581,0.033530000000000004,0.0,0.0,0.0,0.0,0.023572727822297905,0.04714545564459581,0.04714545564459581,overnight_abort,True
891264__771566,891264,771566,2023-08-14,2023-08-15,1,12.225138282,11.226747199999998,0.0,0.0,0.0,0.08166705839802306,0.08166705839802306,0.16333411679604612,0.033530000000000004,0.0,0.0,0.0,0.0,0.08166705839802306,0.16333411679604612,0.16333411679604612,overnight_abort,True
891264__771566,891264,771566,2023-08-25,2023-08-30,5,12.498507728,11.593790678000001,5.9244409639701345,5.882939869610937,-0.007005065053663068,0.07238600556874406,0.06538094051508099,0.13776694608382503,0.033530000000000004,0.000137,0.1274542885,0.1274291192,-0.000197,0.06524395421371113,0.13762995978245518,0.1378260922486691,convergence,False
951742__905323,951742,905323,2023-02-06,2023-02-07,1,50.747904500000004,50.301854030364,0.0,0.0,0.0,0.008789534741006027,0.008789534741006027,0.017579069482012055,0.015459,0.0,0.0,0.0,0.0,0.008789534741006027,0.017579069482012055,0.017579069482012055,overnight_abort,True
951742__905323,951742,905323,2023-05-12,2023-05-16,4,50.295699469636006,49.824214330728,50.84090702419316,50.01068854561618,-0.01632973381418837,0.009374263483355037,-0.006955470330833331,0.002418793152521706,0.015459,0.00011,0.007346459,0.0073321846,-0.001943,-0.007065059371929222,0.0023092041114258157,0.004224227206676742,convergence,False
951742__905323,951742,905323,2023-08-08,2023-08-10,2,45.733403565455006,44.679579929454,44.68298514156708,44.669673350106414,-0.00029791634149980355,0.023042755488179276,0.022744839146679473,0.04578759463485875,0.015459,5.5e-05,0.0069577313,0.0069087015,-0.007047,0.022690044626131528,0.04573280011431081,0.052827504266944804,convergence,False
26133J__932252,26133J,932252,2023-05-17,2023-05-23,6,19.375640134722,19.104780864166,19.168744421391477,19.101040974284686,-0.003531970880222936,0.013979371451610028,0.010447400571387093,0.02442677202299712,0.01014,0.000164,0.0072085055,0.007215267,0.000938,0.010283017009743257,0.024262388461353285,0.023328588148919516,convergence,False
26133J__932252,26133J,932252,2023-06-02,2023-06-05,1,19.754125634156,19.6280485055,0.0,0.0,0.0,0.006382318862952131,0.006382318862952131,0.012764637725904263,0.01014,0.0,0.0,0.0,0.0,0.006382318862952131,0.012764637725904263,0.012764637725904263,overnight_abort,True
26133J__932252,26133J,932252,2023-07-28,2023-08-01,4,21.701109635834,21.179871979444002,21.471269652997382,21.28379646948978,-0.008731350615841736,0.024018940281712815,0.01528758966587108,0.03930652994758389,0.01014,0.00011,0.0070276538,0.0069766626,-0.007256,0.015178000624775189,0.039196940906488,0.04644194913642275,convergence,False
267768__148375,267768,148375,2023-03-16,2023-03-22,6,4.628953713766551,4.3619918291777,4.58041886994912,4.421378330081207,-0.03472183317367212,0.05767218708515149,0.02295035391147937,0.08062254099663085,0.016551,0.000164,0.0121153389,0.012117541,0.000182,0.022785970349835535,0.08045815743498702,0.08028273908474834,convergence,False
267768__148375,267768,148375,2023-04-27,2023-04-28,1,4.709282533355401,4.680675850411149,0.0,0.0,0.0,0.006074531044088535,0.006074531044088535,0.01214906208817707,0.016551,0.0,0.0,0.0,0.0,0.006074531044088535,0.01214906208817707,0.01214906208817707,overnight_abort,True
267768__148375,267768,148375,2023-08-23,2023-08-24,1,5.110927735822301,4.929647975411149,0.0,0.0,0.0,0.035469051761496985,0.035469051761496985,0.07093810352299397,0.016551,0.0,0.0,0.0,0.0,0.035469051761496985,0.07093810352299397,0.07093810352299397,overnight_abort,True
29235P__29235V,29235P,29235V,2023-04-06,2023-04-11,5,6.16683931923465,5.8449212819386,11.861706347063999,11.683597185971552,-0.015015475504207914,0.05220146344529735,0.03718598794108944,0.08938745138638679,0.026757,0.000137,0.000757008,0.0007561693,-0.001108,0.037049001639719574,0.08925046508501693,0.09034295392408336,convergence,False
516496__916822,516496,916822,2023-03-14,2023-03-15,1,12.198068500611502,11.952550764388501,0.0,0.0,0.0,0.020127591201073537,0.020127591201073537,0.04025518240214707,0.014751,0.0,0.0,0.0,0.0,0.020127591201073537,0.04025518240214707,0.04025518240214707,overnight_abort,True
516496__916822,516496,916822,2023-03-16,2023-03-17,1,12.198068500611502,12.05198862,0.0,0.0,0.0,0.01197565668730087,0.01197565668730087,0.02395131337460174,0.014751,0.0,0.0,0.0,0.0,0.01197565668730087,0.02395131337460174,0.02395131337460174,overnight_abort,True
516496__916822,516496,916822,2023-04-27,2023-05-09,12,12.278517420611502,12.21109078,12.28914785766543,12.309092065759065,0.0016229122087741076,0.005491431766698157,0.007114343975472264,0.012605775742170422,0.014751,0.000329,0.0073370263,0.0073948088,0.007875,0.006785576852184593,0.012277008618882751,0.00445039977881318,convergence,False
516496__916822,516496,916822,2023-05-17,2023-05-19,2,12.057281885000002,11.6045147893885,11.73448461851575,11.735866241170159,0.00011774037798202748,0.037551340337723414,0.03766908071570544,0.07522042105342885,0.014751,5.5e-05,0.0072085055,0.0072482151,0.005509,0.0376142861951575,0.0751656265328809,0.06968644650367434,convergence,False
516496__916822,516496,916822,2023-06-02,2023-06-05,1,12.18801138,11.87299869,0.0,0.0,0.0,0.025846110590028133,0.025846110590028133,0.051692221180056265,0.014751,0.0,0.0,0.0,0.0,0.025846110590028133,0.051692221180056265,0.051692221180056265,overnight_abort,True
516496__916822,516496,916822,2023-06-14,2023-06-20,6,12.630481445611501,12.111652924388501,12.52829806527931,12.250804620505807,-0.022149332920370343,0.041077493637684606,0.018928160717314263,0.06000565435499887,0.014751,0.000164,0.0071280918,0.0070693855,-0.008236,0.018763777155670427,0.059841270793355036,0.06796163636356996,convergence,False
516496__916822,516496,916822,2023-07-21,2023-07-25,4,12.298628645,12.201147889388501,12.244528844222039,12.312793438599474,0.005575109932437142,0.007926148388188819,0.013501258320625962,0.02142740670881478,0.014751,0.00011,0.0070693855,0.0070969802,0.003903,0.013391669279530071,0.02131781766771889,0.017407909128583785,convergence,False
516496__916822,516496,916822,2023-07-28,2023-08-01,4,12.409246915611503,12.042044735,12.228567859723661,12.152800813717933,-0.006195905103105034,0.029591012501293947,0.023395107398188914,0.05298611989948286,0.014751,0.00011,0.0070276538,0.0069766626,-0.007256,0.023285518357093023,0.05287653085838697,0.06014007021368087,convergence,False
516895__916116,516895,916116,2023-01-20,2023-01-24,4,30.80870384,30.630419177976002,61.14720165880167,61.68483706946954,0.008792477759944704,0.0057868277402999616,0.014579305500244666,0.020366133240544627,0.018653,0.00011,0.0076525726,0.0076825568,0.003918,0.014469716459148775,0.020256544199448737,0.016319334726210614,convergence,False
516895__916116,516895,916116,2023-02-03,2023-02-08,5,31.864488156518,31.744247485506,63.332284646791805,64.06908501272704,0.01163388262470588,0.0037735007831093334,0.015407383407815214,0.01918088419092455,0.018653,0.000137,0.0075377831,0.0076112189,0.009742,0.01527039710644535,0.019043897889554687,0.009283287341663114,convergence,False
516895__916116,516895,916116,2023-05-08,2023-05-16,8,33.292304665505995,34.757562316518005,66.43639296983258,69.75484249242594,0.049949272894755065,-0.044011902021615125,0.00593737087313994,-0.038074531148475185,0.018653,0.000219,0.0073948088,0.0073321846,-0.008469,0.005718192790948159,-0.03829370923066697,-0.029326090868246522,convergence,False
516895__916116,516895,916116,2023-05-17,2023-05-23,6,36.32893680753,35.503432816518,71.70921184905386,71.877010724265,0.0023399905100666843,0.02272304293917279,0.025063033449239474,0.047786076388412264,0.018653,0.000164,0.0072085055,0.007215267,0.000938,0.024898649887595638,0.04762169282676843,0.046682389839667035,convergence,False
516895__916116,516895,916116,2023-05-26,2023-05-30,1,36.429478357976,36.124991566518005,0.0,0.0,0.0,0.00835825285407446,0.00835825285407446,0.01671650570814892,0.018653,0.0,0.0,0.0,0.0,0.00835825285407446,0.01671650570814892,0.01671650570814892,overnight_abort,True
516895__916116,516895,916116,2023-06-02,2023-06-05,1,36.731133174494,36.826111825506,0.0,0.0,0.0,-0.002585780584573746,-0.002585780584573746,-0.005171561169147492,0.018653,0.0,0.0,0.0,0.0,-0.002585780584573746,-0.005171561169147492,-0.005171561169147492,overnight_abort,True
906640__906433,906640,906433,2023-01-31,2023-02-02,2,24.720406707861,23.722037882139,24.36976111780059,23.70446281264955,-0.027300157023906216,0.04038642395816743,0.013086266934261216,0.05347269089242865,0.014894000000000001,5.5e-05,0.0077552439,0.0077721214,0.002176,0.01303147241371327,0.053417896371880706,0.051305636313793,convergence,False
906640__906433,906640,906433,2023-03-03,2023-03-09,6,25.612948992861,25.0582211407175,25.319848746644467,25.36228815367373,0.0016761319332481335,0.021658101622664287,0.02333423355591242,0.04499233517857671,0.014894000000000001,0.000164,0.0073567277,0.0073448402,-0.001616,0.023169849994268583,0.04482795161693288,0.046449147544157715,convergence,False
906640__906433,906640,906433,2023-04-28,2023-05-02,4,25.051351358574,24.3801555835695,25.046265046871255,24.565413166243847,-0.019198546359209596,0.026792797138856836,0.0075942507796472394,0.034387047918504075,0.014894000000000001,0.00011,0.0072729917,0.0073230566,0.006884,0.007484661738551349,0.034277458877408185,0.027572099438239,convergence,False
906640__906433,906640,906433,2023-06-02,2023-06-05,1,24.7705525414305,24.968467257139,0.0,0.0,0.0,-0.00798991929540018,-0.00798991929540018,-0.01597983859080036,0.014894000000000001,0.0,0.0,0.0,0.0,-0.00798991929540018,-0.01597983859080036,-0.01597983859080036,overnight_abort,True
906640__906433,906640,906433,2023-07-28,2023-08-02,5,29.042731259995502,28.134400861069498,27.98550006626392,28.2805335013291,0.010542367810709118,0.03127565347743899,0.04181802128814811,0.0730936747655871,0.014894000000000001,0.000137,0.0070276538,0.0069771498,-0.007186,0.04168103498677825,0.07295668846421724,0.08027148507986569,convergence,False
510265__932173,510265,932173,2023-02-09,2023-02-16,7,12.456737932151,12.163779309999999,12.132626101933974,12.275613497533403,0.01178536241025642,0.023518085051373802,0.03530344746163022,0.058821532513004024,0.011263,0.000192,0.0076089018,0.0074657503,-0.018814,0.035111666639712415,0.05862975169108622,0.07803015841337808,convergence,False
510265__932173,510265,932173,2023-05-18,2023-05-23,5,12.486802462151001,12.243608227849,12.40849292659037,12.345494869925561,-0.005077011127580908,0.019476101671276676,0.014399090543695769,0.03387519221497244,0.011263,0.000137,0.0072482151,0.007215267,-0.004546,0.014262104242325905,0.033738205913602576,0.038281464275305294,convergence,False
510265__932173,510265,932173,2023-05-25,2023-05-30,5,12.31643579,11.59500538,11.609220896894353,11.6185171142837,0.0008007615215447728,0.05857460894536925,0.05937537046691402,0.11794997941228327,0.011263,0.000137,0.0071106055,0.00715282,0.005937,0.05923838416554415,0.11781299311091341,0.11190646900611954,convergence,False
510265__932173,510265,932173,2023-06-02,2023-06-05,1,12.116006592151,12.082954538848998,0.0,0.0,0.0,0.0027279659391580596,0.0027279659391580596,0.005455931878316119,0.011263,0.0,0.0,0.0,0.0,0.0027279659391580596,0.005455931878316119,0.005455931878316119,overnight_abort,True
510265__932173,510265,932173,2023-07-13,2023-07-19,6,12.77742525,12.652726317849,12.38212986038981,12.648667144803113,0.02152596422574687,0.009759316115036585,0.031285280340783456,0.04104459645582004,0.011263,0.000164,0.0072074669,0.0071589648,-0.006729,0.03112089677913962,0.040880212894176204,0.04780106749447734,convergence,False
510265__932173,510265,932173,2023-07-20,2023-07-21,1,13.10813508,12.38330609,0.0,0.0,0.0,0.05529611844677455,0.05529611844677455,0.1105922368935491,0.011263,0.0,0.0,0.0,0.0,0.05529611844677455,0.1105922368935491,0.1105922368935491,overnight_abort,True
510265__932173,510265,932173,2023-09-11,2023-09-13,2,13.148221119999999,12.967047755,13.071819155746836,12.974722347680544,-0.007427949156074771,0.013779306215379452,0.006351357059304681,0.020130663274684133,0.011263,5.5e-05,0.0067987894,0.0067812701,-0.002577,0.006296562538756736,0.020075868754136188,0.022640162356060256,convergence,False
29072L__141024,29072L,141024,2023-05-25,2023-05-26,1,22.257240367287,21.504950948003,0.0,0.0,0.0,0.033799761644740654,0.033799761644740654,0.06759952328948131,0.0277,0.0,0.0,0.0,0.0,0.033799761644740654,0.06759952328948131,0.06759952328948131,overnight_abort,True
29072L__141024,29072L,141024,2023-07-28,2023-08-01,4,18.559456812429,18.151520455426,3.5823537431395,3.6469561693721,0.01803351395889339,0.02197997285835507,0.040013486817248464,0.06199345967560353,0.0277,0.00011,1.0,1.0,0.0,0.03990389777615257,0.06188387063450764,0.06188387063450764,convergence,False
29072L__141024,29072L,141024,2023-08-23,2023-08-25,2,17.934767830284002,17.377426827855,3.5421025831394997,3.5277097487441997,-0.004063358995815138,0.03107600877263078,0.027012649776815643,0.05808865854944642,0.0277,5.5e-05,1.0,1.0,0.0,0.026957855256267697,0.05803386402889848,0.05803386402889848,convergence,False
29072L__141024,29072L,141024,2023-09-08,2023-09-15,7,18.811349562429,17.139253792145002,3.5421025831394997,3.5277097487441997,-0.004063358995815138,0.08888760291944152,0.08482424392362638,0.1737118468430679,0.0277,0.000192,1.0,1.0,0.0,0.08463246310170856,0.17352006602115008,0.17352006602115008,convergence,False
518085__912002,518085,912002,2023-04-18,2023-04-21,3,8.0458726615893,7.5382595215893,7.727078887197044,7.796880933872262,0.009033432645662807,0.06308987991114084,0.07212331255680365,0.1352131924679445,0.035472000000000004,8.2e-05,0.0074233533,0.0074535087,0.004062,0.07204112077598174,0.13513100068712258,0.13104865396968965,convergence,False
518085__912002,518085,912002,2023-06-13,2023-06-26,13,9.3360562636428,8.2911016718214,8.989018625954465,8.41911336888697,-0.06340016422059438,0.11192676675383197,0.04852660253323758,0.16045336928706955,0.035472000000000004,0.000356,0.007138013,0.0069679128,-0.02383,0.048170438149675934,0.1600972049035079,0.18296141459712584,convergence,False
518085__912002,518085,912002,2023-07-31,2023-08-02,2,9.346215498410698,8.2861810384107,8.887175429131943,8.7436672411693,-0.016147783860800936,0.11341857676834599,0.09727079290754506,0.21068936967589105,0.035472000000000004,5.5e-05,0.0069766626,0.0069771498,7e-05,0.09721599838699711,0.21063457515534312,0.210565874781488,convergence,False
518085__912002,518085,912002,2023-09-08,2023-09-11,1,8.675726219999998,8.101660975910699,0.0,0.0,0.0,0.06616912861610555,0.06616912861610555,0.1323382572322111,0.035472000000000004,0.0,0.0,0.0,0.0,0.06616912861610555,0.1323382572322111,0.1323382572322111,overnight_abort,True
874567__929751,874567,929751,2023-03-10,2023-03-29,19,19.428000861644,20.515557655068,4.720498294114506,5.125334467248255,0.08576132177369843,-0.05597883185043107,0.029782489923267354,-0.02619634192716372,0.026366,0.000521,0.7428043061,0.7521909253,0.012637,0.029261941978061874,-0.0267168898723692,-0.04026614675221464,convergence,False
874567__929751,874567,929751,2023-04-04,2023-04-05,1,22.440245367534,21.217865132466,0.0,0.0,0.0,0.05447267688242445,0.05447267688242445,0.1089453537648489,0.026366,0.0,0.0,0.0,0.0,0.05447267688242445,0.1089453537648489,0.1089453537648489,overnight_abort,True
874567__929751,874567,929751,2023-05-08,2023-05-10,2,22.015702149178,21.118957224246003,5.187164302482853,5.2402290054586285,0.010230002344513316,0.04073206109238171,0.05096206343689503,0.09169412452927675,0.026366,5.5e-05,0.7532672969,0.7546882745,0.001886,0.05090726891634709,0.0916393300087288,0.08973720133827809,convergence,False
874567__929751,874567,929751,2023-05-31,2023-06-08,8,19.478544994110003,19.447243436712,4.818291543874529,4.8967985245791805,0.01629353059892302,0.0016069761579967873,0.017900506756919808,0.019507482914916593,0.026366,0.000219,0.7418121373,0.7448235323,0.00406,0.017681328674728027,0.019288304832724812,0.015179329855622072,convergence,False
874567__929751,874567,929751,2023-06-30,2023-07-06,6,19.670603195754005,19.259297638356,4.828779290288545,4.864194815924594,0.0073342605878208645,0.020909656572544143,0.028243917160365006,0.04915357373290915,0.026366,0.000164,0.7400007948,0.7387433429,-0.001699,0.02807953359872117,0.048989190171265316,0.05070382407231524,convergence,False
547123__912005,547123,912005,2023-02-16,2023-02-21,5,18.741220445651,19.04637669,38.44105376848385,38.47600357669122,0.0009091792440930974,-0.016282623921635427,-0.01537344467754233,-0.03165606859917776,0.013452,0.000137,0.0074535087,0.0074071325,-0.006222,-0.015510430978912193,-0.031793054900547624,-0.02552634314961569,convergence,False
547123__912005,547123,912005,2023-05-17,2023-05-23,6,20.8967177376085,20.320114574891498,40.665558833306136,41.06597843950983,0.009846651999670473,0.027593001444397726,0.0374396534440682,0.06503265488846592,0.013452,0.000164,0.0072085055,0.007215267,0.000938,0.03727526988242437,0.06486827132682209,0.06392193377098448,convergence,False
547123__912005,547123,912005,2023-07-28,2023-07-31,1,21.0524739103255,20.5688916998915,0.0,0.0,0.0,0.022970327026355843,0.022970327026355843,0.04594065405271169,0.013452,0.0,0.0,0.0,0.0,0.022970327026355843,0.04594065405271169,0.04594065405271169,overnight_abort,True
547123__912005,547123,912005,2023-09-12,2023-09-15,3,19.9772480444575,20.205671126740498,40.408989102310784,40.85567728961549,0.011054178716862897,-0.011434161590959042,-0.00037998287409614535,-0.011814144465055187,0.013452,8.2e-05,0.0067812701,0.0067642976,-0.002503,-0.0004621746549180631,-0.011896336245877106,-0.009359470178915141,convergence,False
547123__912005,547123,912005,2023-10-24,2023-10-25,1,19.4345985953255,18.9269686455425,0.0,0.0,0.0,0.026119909155473686,0.026119909155473686,0.05223981831094737,0.013452,0.0,0.0,0.0,0.0,0.026119909155473686,0.05223981831094737,0.05223981831094737,overnight_abort,True
547520__936485,547520,936485,2023-04-12,2023-04-20,8,20.3726420152675,19.976280205893,20.15965284559,20.19258986568563,0.0016338088928369411,0.019455591919666518,0.021089400812503458,0.04054499273216998,0.030613,0.000219,0.0075429002,0.0074493439,-0.012403,0.020870222730311676,0.0403258146499782,0.05290533230587828,convergence,False
547520__936485,547520,936485,2023-05-08,2023-05-11,3,20.8584236470535,20.2133923056255,20.502030976348458,20.497186730667636,-0.00023628125849630086,0.03092426121660045,0.03068797995810415,0.0616122411747046,0.030613,8.2e-05,0.0073948088,0.0074319052,0.005017,0.030605788177282232,0.06153004939388269,0.056539722712115784,convergence,False
547520__936485,547520,936485,2023-05-18,2023-05-19,1,21.323975341428,20.25290325,0.0,0.0,0.0,0.05022853732845641,0.05022853732845641,0.10045707465691282,0.030613,0.0,0.0,0.0,0.0,0.05022853732845641,0.10045707465691282,0.10045707465691282,overnight_abort,True
547520__936485,547520,936485,2023-08-09,2023-08-15,6,22.224701944374498,21.151938516786,21.403469962464698,21.368644014857022,-0.0016271168959402316,0.0482689680281645,0.04664185113222427,0.09491081916038877,0.030613,0.000164,0.0069087015,0.006869075,-0.005736,0.04647746757058044,0.09474643559874493,0.10050587526890786,convergence,False
547520__936485,547520,936485,2023-08-21,2023-08-22,1,21.475777294107,20.578927570893,0.0,0.0,0.0,0.041760990111407874,0.041760990111407874,0.08352198022281575,0.030613,0.0,0.0,0.0,0.0,0.041760990111407874,0.08352198022281575,0.08352198022281575,overnight_abort,True
547520__936485,547520,936485,2023-08-25,2023-08-29,4,21.809756973214,20.7468765,21.072112534810394,20.94135477758114,-0.006205251467466642,0.048734173173932874,0.04252892170646623,0.0912630948803991,0.030613,0.00011,0.0068238425,0.0068547143,0.004524,0.04241933266537034,0.09115350583930322,0.08667772006982971,convergence,False
547520__936485,547520,936485,2023-08-30,2023-08-31,1,21.3442052788395,20.480126993214,0.0,0.0,0.0,0.040483038573572036,0.040483038573572036,0.08096607714714407,0.030613,0.0,0.0,0.0,0.0,0.040483038573572036,0.08096607714714407,0.08096607714714407,overnight_abort,True
547520__936485,547520,936485,2023-10-11,2023-10-12,1,20.797703473214,20.144229135,0.0,0.0,0.0,0.0314205046271397,0.0314205046271397,0.0628410092542794,0.030613,0.0,0.0,0.0,0.0,0.0314205046271397,0.0628410092542794,0.0628410092542794,overnight_abort,True
547520__936485,547520,936485,2023-10-24,2023-10-25,1,21.151912077678997,20.341815471160498,0.0,0.0,0.0,0.03829897758384552,0.03829897758384552,0.07659795516769104,0.030613,0.0,0.0,0.0,0.0,0.03829897758384552,0.07659795516769104,0.07659795516769104,overnight_abort,True
921505__916933,921505,916933,2023-02-03,2023-02-07,4,15.73029774,15.41051028,15.407107780510207,15.435337787744192,0.0018322716785103119,0.020329396511473714,0.022161668189984024,0.04249106470145774,0.017314,0.00011,0.0075377831,0.0076298014,0.012208,0.022052079148888133,0.04238147566036185,0.030298998320257578,convergence,False
921505__916933,921505,916933,2023-05-22,2023-06-05,14,16.06177911,15.012305880000001,15.70065228459895,15.113013588033136,-0.037427661342595314,0.06533978725598341,0.027912125913388097,0.09325191316937151,0.017314,0.000384,0.007215267,0.0071653769,-0.006915,0.02752856426955248,0.0928683515255359,0.0995704177117336,convergence,False
921505__916933,921505,916933,2023-06-26,2023-06-28,2,15.509310159999998,14.87293434,15.037254561246323,15.012437857415382,-0.0016503480558810605,0.04103185850530427,0.03938151044942321,0.08041336895472748,0.017314,5.5e-05,0.0069408294,0.0069216123,-0.002769,0.03932671592887527,0.08035857443417953,0.08313038312048453,convergence,False
921505__916933,921505,916933,2023-07-31,2023-08-01,1,15.147694119999999,14.58423615,0.0,0.0,0.0,0.03719760681304266,0.03719760681304266,0.07439521362608532,0.017314,0.0,0.0,0.0,0.0,0.03719760681304266,0.07439521362608532,0.07439521362608532,overnight_abort,True
151426__315299,151426,315299,2023-04-21,2023-05-08,17,11.306629599999999,10.3207973804795,10.222589486496059,10.51222216113084,0.028332613279383172,0.08719063544104247,0.11552324872042564,0.2027138841614681,0.026987999999999998,0.000466,0.6598917777,0.6782878171,0.027877,0.11505749529576811,0.20224813073681056,0.1743584255212979,convergence,False
151426__315299,151426,315299,2023-08-16,2023-08-28,12,10.337489920000001,9.4254027239041,9.517584659636967,9.637828119440972,0.012633820880411425,0.0882310118949941,0.10086483277540553,0.18909584467039964,0.026987999999999998,0.000329,0.6401023344,0.6429419377,0.004436,0.10053606565211787,0.18876707754711197,0.18429470116153968,convergence,False
151426__315299,151426,315299,2023-09-20,2023-09-21,1,9.36734102235615,8.32993249595205,0.0,0.0,0.0,0.1107473854029884,0.1107473854029884,0.2214947708059768,0.026987999999999998,0.0,0.0,0.0,0.0,0.1107473854029884,0.2214947708059768,0.2214947708059768,overnight_abort,True
151426__315299,151426,315299,2023-10-10,2023-10-12,1,9.085684500000001,8.1615508819041,0.0,0.0,0.0,0.10171315304817165,0.10171315304817165,0.2034263060963433,0.026987999999999998,0.0,0.0,0.0,0.0,0.10171315304817165,0.2034263060963433,0.2034263060963433,overnight_abort,True
151427__997310,151427,997310,2023-03-14,2023-03-16,1,6.599922666129001,6.2721620950968,0.0,0.0,0.0,0.04966127447436294,0.04966127447436294,0.09932254894872589,0.035237,0.0,0.0,0.0,0.0,0.04966127447436294,0.09932254894872589,0.09932254894872589,overnight_abort,True
151427__997310,151427,997310,2023-03-22,2023-03-24,1,7.004825461225801,6.5190975950968,0.0,0.0,0.0,0.06934189421530595,0.06934189421530595,0.1386837884306119,0.035237,0.0,0.0,0.0,0.0,0.06934189421530595,0.1386837884306119,0.1386837884306119,overnight_abort,True
151427__997310,151427,997310,2023-07-25,2023-07-31,1,6.397470256322601,5.926452,0.0,0.0,0.0,0.07362570476308107,0.07362570476308107,0.14725140952616214,0.035237,0.0,0.0,0.0,0.0,0.07362570476308107,0.14725140952616214,0.14725140952616214,overnight_abort,True
151643__932197,151643,932197,2023-05-17,2023-05-23,6,70.1942698809065,68.6295917418225,34.907569040686816,34.56469465722926,-0.009822350650024224,0.022290681871022865,0.01246833122099864,0.03475901309202151,0.009566999999999999,0.000164,0.0072085055,0.007215267,0.000938,0.012303947659354804,0.034594629530377674,0.03366672399672516,convergence,False
151643__932197,151643,932197,2023-05-26,2023-05-30,1,69.33566071429199,70.144054821813,0.0,0.0,0.0,-0.011659139023021934,-0.011659139023021934,-0.023318278046043868,0.009566999999999999,0.0,0.0,0.0,0.0,-0.011659139023021934,-0.023318278046043868,-0.023318278046043868,overnight_abort,True
151643__932197,151643,932197,2023-06-02,2023-06-05,1,72.1212480336355,71.807997485916,0.0,0.0,0.0,0.004343387784601275,0.004343387784601275,0.00868677556920255,0.009566999999999999,0.0,0.0,0.0,0.0,0.004343387784601275,0.00868677556920255,0.00868677556920255,overnight_abort,True
151643__932197,151643,932197,2023-07-28,2023-08-01,4,80.55178021182249,79.29068890272899,40.455398892733804,40.09066296035141,-0.009015754197591291,0.01565566031908023,0.006639906121488938,0.022295566440569167,0.009566999999999999,0.00011,0.0070276538,0.0069766626,-0.007256,0.006530317080393047,0.022185977399473276,0.029428906973645266,convergence,False
696046__147535,696046,147535,2023-03-23,2023-04-06,14,17.0021304610025,17.186735625,16.82447326140123,17.315498910581006,0.029185201910973832,-0.010857766585247963,0.01832743532572587,0.007469668740477907,0.014086000000000001,0.000384,0.0121449124,0.0122189643,0.006097,0.01794387368189025,0.007086107096642291,0.0008488256231713918,convergence,False
696046__147535,696046,147535,2023-04-11,2023-04-12,1,17.5139948639975,17.00740374566,0.0,0.0,0.0,0.028924932448100116,0.028924932448100116,0.05784986489620023,0.014086000000000001,0.0,0.0,0.0,0.0,0.028924932448100116,0.05784986489620023,0.05784986489620023,overnight_abort,True
932939__691938,932939,691938,2023-03-13,2023-03-21,8,19.4115753531755,20.667980168649,3.7954591993141955,4.116914557172269,0.0846947209750423,-0.06472451579093325,0.019970205184109052,-0.044754310606824194,0.031714,0.000219,0.6681142922,0.6668442695,-0.001901,0.01975102710191727,-0.044973488689015975,-0.04290765865760339,convergence,False
932939__691938,932939,691938,2023-03-30,2023-04-12,13,24.314805634053,26.785945221351,4.7292593249226105,5.3624935179220365,0.1338971178134302,-0.10163106481250908,0.03226605300092111,-0.06936501181158797,0.031714,0.000356,0.6686054889,0.6688963658,0.000435,0.031909888617359466,-0.06972117619514961,-0.07021426375760631,convergence,False
905168__922020,905168,922020,2023-01-20,2023-01-24,4,607.34043171594,598.60441881812,29.572510363558614,30.14995027115183,0.019526239081305043,0.014384046313428817,0.03391028539473386,0.04829433170816268,0.013028999999999999,0.00011,0.0076525726,0.0076825568,0.003918,0.03380069635363797,0.048184742667066786,0.04420564046793155,convergence,False
905168__922020,905168,922020,2023-06-02,2023-06-05,1,670.3387948219801,665.72423857005,0.0,0.0,0.0,0.0068839164428123245,0.0068839164428123245,0.013767832885624649,0.013028999999999999,0.0,0.0,0.0,0.0,0.0068839164428123245,0.013767832885624649,0.013767832885624649,overnight_abort,True
905168__922020,905168,922020,2023-07-21,2023-07-25,4,766.15733693609,766.23981164203,37.97157115338726,38.33528467711838,0.009578574514651765,-0.00010764721808938827,0.009470927296562378,0.009363280078472988,0.013028999999999999,0.00011,0.0070693855,0.0070969802,0.003903,0.009361338255466487,0.009253691037377098,0.005328216102254682,convergence,False
905168__922020,905168,922020,2023-07-28,2023-08-01,4,785.35532428599,786.36679,39.01481971580146,39.474940913014805,0.011793497972438215,-0.001287908393477284,0.01050558957896093,0.009217681185483648,0.013028999999999999,0.00011,0.0070276538,0.0069766626,-0.007256,0.01039600053786504,0.009108092144387757,0.016503112883073292,convergence,False
512142__929143,512142,929143,2023-01-06,2023-01-11,5,102.861528475,98.66942375,9.913459301403538,10.060028164651504,0.014784835322541217,0.04075483601256094,0.05553967133510216,0.0962945073476631,0.020062000000000003,0.000137,0.0075605791,0.0075483092,-0.001623,0.055402685033732295,0.09615752104629323,0.0978070703852267,convergence,False
512142__929143,512142,929143,2023-05-01,2023-05-10,9,98.213040449915,96.7148836140675,9.57267738035086,9.875052185550176,0.03158727628489584,0.015254153918710014,0.04684143020360586,0.06209558412231587,0.020062000000000003,0.000247,0.0073230566,0.0074429683,0.016375,0.0465948548611401,0.06184900877985011,0.045229378141668844,convergence,False
512142__929143,512142,929143,2023-06-02,2023-06-05,1,88.2632713200675,83.10048346661,0.0,0.0,0.0,0.058493048991304405,0.058493048991304405,0.11698609798260881,0.020062000000000003,0.0,0.0,0.0,0.0,0.058493048991304405,0.11698609798260881,0.11698609798260881,overnight_abort,True
512142__929143,512142,929143,2023-06-07,2023-06-08,1,89.32950199995749,85.04411344173751,0.0,0.0,0.0,0.04797282490416232,0.04797282490416232,0.09594564980832464,0.020062000000000003,0.0,0.0,0.0,0.0,0.04797282490416232,0.09594564980832464,0.09594564980832464,overnight_abort,True
512142__929143,512142,929143,2023-07-31,2023-08-04,4,88.60349079161,85.520117549915,8.522363326108517,8.848338354825103,0.03824937006827107,0.03479968130089711,0.07304905136916817,0.10784873267006528,0.020062000000000003,0.00011,0.0069766626,0.0070539273,0.011075,0.07293946232807229,0.1077391436289694,0.09636675167030627,convergence,False
151663__929587,151663,929587,2023-01-12,2023-01-18,6,46.119168931851,44.265330685,23.18408513161879,22.16661786710119,-0.04388645308802642,0.0401966967269155,-0.0036897563611109213,0.036506940365804576,0.009412,0.000164,0.7579488177,0.7572027778,-0.000984,-0.003854139922754757,0.03634255680416074,0.03728457507963411,convergence,False
151663__929587,151663,929587,2023-01-20,2023-01-30,10,45.607726568766,45.5517007396595,22.818783444748252,22.83308099270461,0.0006265692468214085,0.00122842845547281,0.0018549977022942186,0.0030834261577670284,0.009412,0.000274,0.7614698683,0.7607742948,-0.000913,0.0015810250995544925,0.0028094535550273023,0.0037243232209995683,convergence,False
151663__929587,151663,929587,2023-04-28,2023-05-02,1,42.900146627191496,41.921924676851,0.0,0.0,0.0,0.022802298529219216,0.022802298529219216,0.04560459705843843,0.009412,0.0,0.0,0.0,0.0,0.022802298529219216,0.04560459705843843,0.04560459705843843,overnight_abort,True
151663__929587,151663,929587,2023-07-18,2023-07-21,3,42.579255929659496,42.8892014290425,21.65528526314474,21.46666383045548,-0.00871018000442949,-0.007279260583957408,-0.015989440588386895,-0.023268701172344305,0.009412,8.2e-05,0.7546882745,0.7514841813,-0.004246,-0.01607163236920881,-0.02335089295316622,-0.01912434361185819,convergence,False
151293__937357,151293,937357,2023-03-10,2023-03-13,1,1.5619598726780999,1.4883285,0.0,0.0,0.0,0.04714037406854333,0.04714037406854333,0.09428074813708666,0.025508,0.0,0.0,0.0,0.0,0.04714037406854333,0.09428074813708666,0.09428074813708666,overnight_abort,True
151293__937357,151293,937357,2023-04-14,2023-04-19,5,1.5620607515562,1.56770602,0.32392255269464404,0.325772843816053,0.005712140466962726,-0.0036139877646729746,0.002098152702289752,-0.0015158350623832228,0.025508,0.000137,0.127399084,0.1273934036,-4.5e-05,0.0019611664009198887,-0.0016528213637530859,-0.0016079772267627046,convergence,False
151293__937357,151293,937357,2023-06-20,2023-07-05,15,1.7736948623343,1.7463057376656999,0.3594760319038472,0.361256786588822,0.004953750812101742,0.015441846988581967,0.020395597800683708,0.03583744478926568,0.025508,0.000411,0.1277489922,0.1278388274,0.000703,0.01998463889657412,0.03542648588515609,0.03472028243327002,convergence,False
151293__937357,151293,937357,2023-07-14,2023-07-25,11,1.8946284815562,1.7859943984437998,0.36399947284743583,0.3681181388491993,0.011315032875033146,0.05733793414905855,0.0686529670240917,0.12599090117315026,0.025508,0.000301,0.1279852512,0.1280131102,0.000218,0.068351597161078,0.12568953131013655,0.12546944271564156,convergence,False
29057L__140891,29057L,140891,2023-06-30,2023-07-05,5,51.23733302410301,48.802125509103,50.14743240000001,48.8864376,-0.02514575003445253,0.04752799123745261,0.022382241203000083,0.06991023244045269,0.020020999999999997,0.000137,1.0,1.0,0.0,0.02224525490163022,0.06977324613908283,0.06977324613908283,convergence,False
29057L__140891,29057L,140891,2023-07-28,2023-08-02,5,50.513839659252504,47.836844426196,49.6348058258,48.030874205159996,-0.03231465488691982,0.0529952830969594,0.020680628210039582,0.07367591130699899,0.020020999999999997,0.000137,1.0,1.0,0.0,0.02054364190866972,0.07353892500562913,0.07353892500562913,convergence,False
29057L__140891,29057L,140891,2023-08-29,2023-08-31,2,48.373503070000005,47.259655725897005,47.56417924128,47.31458841032,-0.005247453754933874,0.023025980617760542,0.017778526862826667,0.04080450748058721,0.020020999999999997,5.5e-05,1.0,1.0,0.0,0.01772373234227872,0.04074971296003927,0.04074971296003927,convergence,False
30913C__755998,30913C,755998,2023-05-22,2023-06-30,39,4.3991050952594,3.5055463010376,1.8913730767853685,1.841745742267105,-0.026238786587049992,0.20312285677937636,0.17688407019232638,0.38000692697170274,0.102611,0.001068,0.2188183951,0.2142474742,-0.020889,0.17581557704164144,0.37893843382101783,0.3997134067751615,convergence,False
30913C__755998,30913C,755998,2023-08-15,2023-08-25,10,5.9702140952594,3.8818204547406,1.9581405120890094,1.936384964113423,-0.011110309929892053,0.3498021356013132,0.33869182567142114,0.6884939612727343,0.102611,0.000274,0.2160060295,0.2155172228,-0.002263,0.33841785306868144,0.6882199886699946,0.6904628530674992,convergence,False
32601M__257189,32601M,257189,2023-03-08,2023-03-13,5,0.65659838974065,0.5167414825,0.15627753580415263,0.15424182142899848,-0.013026276391415039,0.2130022086954739,0.19997593230405886,0.4129781409995328,0.070083,0.000137,0.2212389136,0.2223704791,0.005115,0.199838946002689,0.4128411546981629,0.40781879103027796,convergence,False
32601M__257189,32601M,257189,2023-08-24,2023-10-13,50,0.8087445399813,0.52414438624065,0.16637206807311422,0.1550726737881064,-0.06791641419064502,0.3519036477788532,0.28398723358820815,0.6358908813670614,0.070083,0.00137,0.2155172228,0.2114835393,-0.018716,0.28261737057450953,0.6345210183533627,0.6522989040136109,convergence,False
53401V__932034,53401V,932034,2023-01-10,2023-01-11,1,57.00125627509499,55.13569075,0.0,0.0,0.0,0.03272849840522006,0.03272849840522006,0.06545699681044012,0.029790999999999998,0.0,0.0,0.0,0.0,0.03272849840522006,0.06545699681044012,0.06545699681044012,overnight_abort,True
53401V__932034,53401V,932034,2023-01-20,2023-01-24,4,60.337606842867,59.299307682866996,59.23005342014287,59.99775888954804,0.012961417811993474,0.017208159460218083,0.030169577272211555,0.04737773673242964,0.029790999999999998,0.00011,0.0076525726,0.0076825568,0.003918,0.030059988231115664,0.04726814769133375,0.04331466728960627,convergence,False
53401V__932034,53401V,932034,2023-06-02,2023-06-05,1,65.028750168152,64.382670022867,0.0,0.0,0.0,0.009935300057503139,0.009935300057503139,0.019870600115006277,0.029790999999999998,0.0,0.0,0.0,0.0,0.009935300057503139,0.019870600115006277,0.019870600115006277,overnight_abort,True
53401V__932034,53401V,932034,2023-06-13,2023-06-20,7,70.64495262499999,70.217651,70.56765118082104,71.05358856353234,0.006886120971578653,0.006048579680818835,0.012934700652397487,0.01898328033321632,0.029790999999999998,0.000192,0.007138013,0.0070693855,-0.009614,0.012742919830479678,0.018791499511298514,0.028566051665368658,convergence,False
53401V__932034,53401V,932034,2023-07-05,2023-07-06,1,73.91053995092399,70.474781115095,0.0,0.0,0.0,0.04648537053186606,0.04648537053186606,0.09297074106373213,0.029790999999999998,0.0,0.0,0.0,0.0,0.04648537053186606,0.09297074106373213,0.09297074106373213,overnight_abort,True
53401V__932034,53401V,932034,2023-07-28,2023-08-01,4,74.683969485924,72.55164714898099,72.38323808954549,73.6311981269325,0.017241008696559864,0.028551272135379644,0.04579228083193951,0.07434355296731915,0.029790999999999998,0.00011,0.0070276538,0.0069766626,-0.007256,0.04568269179084362,0.07423396392622326,0.08166879956277076,convergence,False
53401V__932034,53401V,932034,2023-10-25,2023-10-27,2,75.57367024999999,70.85059884,72.02251904585681,72.90413165145475,0.0122407910369896,0.06249625556593884,0.07473704660292843,0.13723330216886728,0.029790999999999998,5.5e-05,0.0066491568,0.0066838214,0.005213,0.07468225208238048,0.13717850764831935,0.13192867824309595,convergence,False
54045T__890954,54045T,890954,2023-01-30,2023-02-08,9,12.320024700000001,11.577377839999999,122.0177341632728,117.48451448449889,-0.03715213784176638,0.060279656744519544,0.023127518902753164,0.08340717564727271,0.01177,0.000247,0.0076860997,0.0076112189,-0.009742,0.02288094356028741,0.08316060030480696,0.09263330357927171,convergence,False
54045T__890954,54045T,890954,2023-03-28,2023-04-04,7,12.164456159999999,12.165214716332,120.24189222480831,122.61582055507559,0.01974293889045674,-6.235842540140803e-05,0.019680580465055334,0.019618222039653924,0.01177,0.000192,0.0075267193,0.0075927256,0.00877,0.019488799643137527,0.019426441217736116,0.01056144834254446,convergence,False
54045T__890954,54045T,890954,2023-04-26,2023-05-02,6,12.6713085,12.28477356,124.57102649246863,123.99675887829706,-0.004609961323601151,0.03050473753361783,0.02589477621001668,0.05639951374363451,0.01177,0.000164,0.007465193,0.0073230566,-0.01904,0.025730392648372843,0.05623513018199068,0.07555508964991625,convergence,False
54045T__890954,54045T,890954,2023-05-25,2023-05-30,5,11.893466803668002,11.965948316332002,121.64713099055702,120.47192190325279,-0.009660803980617116,-0.006094229198306275,-0.01575503317892339,-0.021849262377229665,0.01177,0.000137,0.0071106055,0.00715282,0.005937,-0.015892019480293253,-0.021986248678599527,-0.027831030735237298,convergence,False
54045T__890954,54045T,890954,2023-06-13,2023-06-16,3,12.83691372,12.36448012,127.80331542017716,124.09412888335024,-0.02902261592066121,0.03680274015271643,0.007780124232055222,0.04458286438477165,0.01177,8.2e-05,0.007138013,0.0070504454,-0.012268,0.0076979324512333035,0.044500672603949736,0.056560358815845715,convergence,False
54045T__890954,54045T,890954,2023-07-28,2023-08-01,4,12.917207159999998,12.61356312,127.72905055718687,127.2854567739039,-0.0034729278997056184,0.023506942037770824,0.020034014138065204,0.04354095617583603,0.01177,0.00011,0.0070276538,0.0069766626,-0.007256,0.019924425096969314,0.04343136713474014,0.05071480825154014,convergence,False
54045T__890954,54045T,890954,2023-08-22,2023-08-24,2,12.636181123668,12.35949846,127.03719711610695,124.92378528171938,-0.01663616548825461,0.021896066616975393,0.005259901128720781,0.027155967745696175,0.01177,5.5e-05,0.0069039313,0.0068547143,-0.007129,0.005205106608172836,0.02710117322514823,0.03416174726587292,convergence,False
54184D__31722D,54184D,31722D,2023-02-16,2023-02-27,11,30.204405838914,28.981899330181,6.0165842853070215,5.96198461699886,-0.00907486136968081,0.04047444320715542,0.031399581837474606,0.07187402504463003,0.023874000000000003,0.000301,0.0074535087,0.0073407959,-0.015122,0.03109821197446091,0.07157265518161633,0.08678761940169656,convergence,False
54184D__31722D,54184D,31722D,2023-06-05,2023-06-07,2,30.143798009457,27.804012740543,5.848329247935844,5.734069637090618,-0.019537137189318356,0.07762078515056198,0.05808364796124362,0.1357044331118056,0.023874000000000003,5.5e-05,0.0071615283,0.0071364853,-0.003497,0.05802885344069568,0.13564963859125767,0.13909023020480274,convergence,False
54184D__31722D,54184D,31722D,2023-08-16,2023-09-25,40,29.860948339638,32.1691175,5.826438374796714,6.553940985516484,0.12486231964053905,-0.07729724903941146,0.04756507060112759,-0.029732178438283866,0.023874000000000003,0.001096,0.0068547143,0.0067165933,-0.02015,0.04646918019016869,-0.03082806884924277,-0.007696236756465812,convergence,False
54190K__315775,54190K,315775,2023-07-18,2023-07-19,1,7.19197444154115,6.804630823152951,0.0,0.0,0.0,0.053857757912887806,0.053857757912887806,0.10771551582577561,0.031128,0.0,0.0,0.0,0.0,0.053857757912887806,0.10771551582577561,0.10771551582577561,overnight_abort,True
54190K__315775,54190K,315775,2023-07-27,2023-07-31,4,7.44485681654115,6.34598070884705,1.4475539015569285,1.3282774691439083,-0.08239861208949212,0.14760204726202283,0.06520343517253072,0.21280548243455355,0.031128,0.00011,0.1282684353,0.128236357,-0.00025,0.06509384613143483,0.21269589339345765,0.2129254312038762,convergence,False
54190K__315775,54190K,315775,2023-08-03,2023-08-04,1,7.0705910026940995,6.6870033278882,0.0,0.0,0.0,0.054251147416070525,0.054251147416070525,0.10850229483214105,0.031128,0.0,0.0,0.0,0.0,0.054251147416070525,0.10850229483214105,0.10850229483214105,overnight_abort,True
54190K__315775,54190K,315775,2023-09-20,2023-09-22,2,6.19056043884705,5.876456825958851,1.150248312232747,1.1958462965418124,0.03964186152167025,0.05073912386302439,0.09038098538469463,0.14112010924771903,0.031128,5.5e-05,0.1278600748,0.1278690555,7e-05,0.09032619086414669,0.1410653147271711,0.14099229696983143,convergence,False
54186D__29730F,54186D,29730F,2023-01-26,2023-01-27,1,11.7149872323075,11.068521375,0.0,0.0,0.0,0.05518280511008003,0.05518280511008003,0.11036561022016006,0.02403,0.0,0.0,0.0,0.0,0.05518280511008003,0.11036561022016006,0.11036561022016006,overnight_abort,True
54186D__29730F,54186D,29730F,2023-03-27,2023-03-29,2,10.5364374573075,10.4431260926925,10.509605098841464,10.555223761873409,0.004340663859670035,0.00885606401528856,0.013196727874958595,0.022052791890247156,0.02403,5.5e-05,0.0076408787,0.0075267193,-0.014941,0.01314193335441065,0.02199799736969921,0.03723105217244999,convergence,False
54186D__29730F,54186D,29730F,2023-05-17,2023-05-19,2,11.0400912073075,10.681372292692501,10.812962232684386,10.821141191125125,0.0007564031266119348,0.032492386872452685,0.03324878999906462,0.0657411768715173,0.02403,5.5e-05,0.0072085055,0.0072482151,0.005509,0.033193995478516675,0.06568638235096935,0.06020370338555114,convergence,False
54186D__29730F,54186D,29730F,2023-06-02,2023-06-05,1,11.191186325,10.989105975,0.0,0.0,0.0,0.01805709816023468,0.01805709816023468,0.03611419632046936,0.02403,0.0,0.0,0.0,0.0,0.01805709816023468,0.03611419632046936,0.03611419632046936,overnight_abort,True
54186D__29730F,54186D,29730F,2023-07-25,2023-07-26,1,13.437483057307501,12.8404784801925,0.0,0.0,0.0,0.04442830361675071,0.04442830361675071,0.08885660723350142,0.02403,0.0,0.0,0.0,0.0,0.04442830361675071,0.08885660723350142,0.08885660723350142,overnight_abort,True
54186D__29730F,54186D,29730F,2023-07-27,2023-08-02,6,13.5180676573075,12.8355150176925,13.09575177811002,12.899046291040397,-0.01502055707854994,0.050491879232904206,0.035471322154354265,0.08596320138725848,0.02403,0.000164,0.0070839089,0.0069771498,-0.015071,0.03530693859271043,0.08579881782561465,0.100870232638121,convergence,False
54186D__29730F,54186D,29730F,2023-08-09,2023-08-10,1,13.628870475,14.294772,0.0,0.0,0.0,-0.04885962679163261,-0.04885962679163261,-0.09771925358326522,0.02403,0.0,0.0,0.0,0.0,-0.04885962679163261,-0.09771925358326522,-0.09771925358326522,overnight_abort,True
54181K__916020,54181K,916020,2023-01-20,2023-01-24,4,15.337460765076003,14.973607194924,15.005060355618365,15.055105592955494,0.003335223994509959,0.023723194844645436,0.027058418839155395,0.05078161368380083,0.01864,0.00011,0.0076525726,0.0076825568,0.003918,0.026948829798059504,0.05067202464270494,0.0467561142490067,convergence,False
54181K__916020,54181K,916020,2023-04-14,2023-04-17,1,14.885176565076002,14.734825434924,0.0,0.0,0.0,0.010100728701113266,0.010100728701113266,0.020201457402226532,0.01864,0.0,0.0,0.0,0.0,0.010100728701113266,0.020201457402226532,0.020201457402226532,overnight_abort,True
54181K__916020,54181K,916020,2023-05-17,2023-05-23,6,16.513391644468,16.625187004468,16.240917254436777,16.729446829854883,0.0300801714438048,-0.006769981746145414,0.023310189697659387,0.016540207951513973,0.01864,0.000164,0.0072085055,0.007215267,0.000938,0.02314580613601555,0.016375824389870137,0.015410525797424874,convergence,False
54181K__916020,54181K,916020,2023-07-18,2023-07-20,2,14.754516685076002,14.655230520000002,14.795677045125847,14.718108521481886,-0.0052426477955271975,0.006729204839113898,0.0014865570435867006,0.008215761882700599,0.01864,5.5e-05,0.0071589648,0.0071387773,-0.00282,0.0014317625230387554,0.008160967362152653,0.010974007075217597,convergence,False
54181K__916020,54181K,916020,2023-09-22,2023-09-25,1,14.463044645076002,14.36670256,0.0,0.0,0.0,0.006661258914719683,0.006661258914719683,0.013322517829439365,0.01864,0.0,0.0,0.0,0.0,0.006661258914719683,0.013322517829439365,0.013322517829439365,overnight_abort,True
54186Q__317701,54186Q,317701,2023-01-20,2023-01-25,5,15.560780459999998,15.718783499999999,30.871861744323837,31.501334904969625,0.020389867182581674,-0.0101539277162966,0.010235939466285074,8.201174998847399e-05,0.01052,0.000137,0.0076525726,0.0077160488,0.008295,0.01009895316491521,-5.497455138138901e-05,-0.008449228264143637,convergence,False
54186Q__317701,54186Q,317701,2023-02-03,2023-02-07,4,15.139948019999999,15.00520063,30.121405448806165,30.175810334890855,0.0018061868386970055,0.008900122366470276,0.010706309205167281,0.019606431571637557,0.01052,0.00011,0.0075377831,0.0076298014,0.012208,0.01059672016407139,0.019496842530541666,0.0074146797835034275,convergence,False
54186Q__317701,54186Q,317701,2023-05-11,2023-05-16,5,16.532702999999998,16.417393105945997,32.63563839121395,32.82820844737435,0.005900606381649391,0.006974654661975148,0.012875261043624539,0.019849915705599686,0.01052,0.000137,0.0073678388,0.0073321846,-0.004839,0.012738274742254675,0.019712929404229824,0.024604320354759412,convergence,False
54186Q__317701,54186Q,317701,2023-09-14,2023-09-15,1,15.831316601982,15.898427738018,0.0,0.0,0.0,-0.004239138015065586,-0.004239138015065586,-0.008478276030131172,0.01052,0.0,0.0,0.0,0.0,-0.004239138015065586,-0.008478276030131172,-0.008478276030131172,overnight_abort,True
54186Q__317701,54186Q,317701,2023-09-22,2023-10-02,10,15.991633721982,14.95030964,31.779286141021178,29.982800650600577,-0.0565300769327751,0.06511680420435104,0.008586727271575938,0.07370353147592698,0.01052,0.000274,0.0067165933,0.0066728943,-0.006506,0.008312754668836212,0.07342955887318725,0.07960809105346084,convergence,False
54187L__946076,54187L,946076,2023-03-03,2023-03-07,4,12.0260737,11.635455133634,23.949840122325305,23.509884558932445,-0.018369874752639688,0.03248097226994371,0.014111097517304022,0.04659206978724773,0.022301,0.00011,0.0073567277,0.0072910211,-0.008931,0.014001508476208131,0.04648248074615184,0.0553289203741455,convergence,False
54187L__946076,54187L,946076,2023-04-18,2023-04-19,1,11.502764386366001,10.949847673634,0.0,0.0,0.0,0.04806815945803101,0.04806815945803101,0.09613631891606202,0.022301,0.0,0.0,0.0,0.0,0.04806815945803101,0.09613631891606202,0.09613631891606202,overnight_abort,True
54187L__946076,54187L,946076,2023-05-15,2023-05-16,1,11.452446086366,10.79583341,0.0,0.0,0.0,0.05733383693005899,0.05733383693005899,0.11466767386011797,0.022301,0.0,0.0,0.0,0.0,0.05733383693005899,0.11466767386011797,0.11466767386011797,overnight_abort,True
54187L__946076,54187L,946076,2023-06-02,2023-06-05,1,10.828499166366003,10.91506949,0.0,0.0,0.0,-0.007994674266854147,-0.007994674266854147,-0.015989348533708293,0.022301,0.0,0.0,0.0,0.0,-0.007994674266854147,-0.015989348533708293,-0.015989348533708293,overnight_abort,True
54187L__946076,54187L,946076,2023-07-13,2023-07-25,12,10.526589366366002,9.846912840636602,20.317293601712148,20.56399640890567,0.01214250342736259,0.06456759184518648,0.07671009527254907,0.14127768711773556,0.022301,0.000329,0.0072074669,0.0070969802,-0.015329,0.07638132814926141,0.1409489199944479,0.15670608458868315,convergence,False
54187L__946076,54187L,946076,2023-07-26,2023-07-27,1,10.778180866366002,10.271691475,0.0,0.0,0.0,0.04699210355121553,0.04699210355121553,0.09398420710243106,0.022301,0.0,0.0,0.0,0.0,0.04699210355121553,0.09398420710243106,0.09398420710243106,overnight_abort,True
54187L__946076,54187L,946076,2023-09-13,2023-09-14,1,9.500094637453602,8.8334066574536,0.0,0.0,0.0,0.07017698301358197,0.07017698301358197,0.14035396602716393,0.022301,0.0,0.0,0.0,0.0,0.07017698301358197,0.14035396602716393,0.14035396602716393,overnight_abort,True
54185K__140271,54185K,140271,2023-02-27,2023-03-09,10,59.398590256649996,21.26459274335,198.1951455543101,213.94297396475332,0.07945617621662658,0.6420017267839229,0.7214579030005495,1.3634596297844723,0.010622,0.000274,0.0073410654,0.0073448402,0.000514,0.7211839303978097,1.3631856571817327,1.3626308825286393,convergence,False
54185K__140271,54185K,140271,2023-07-13,2023-07-14,1,26.8946451366375,24.93846675665,0.0,0.0,0.0,0.07273486487920508,0.07273486487920508,0.14546972975841016,0.010622,0.0,0.0,0.0,0.0,0.07273486487920508,0.14546972975841016,0.14546972975841016,overnight_abort,True
54185K__140271,54185K,140271,2023-10-12,2023-10-13,1,23.33874025665,23.4010339950125,0.0,0.0,0.0,-0.0026691131431034534,-0.0026691131431034534,-0.005338226286206907,0.010622,0.0,0.0,0.0,0.0,-0.0026691131431034534,-0.005338226286206907,-0.005338226286206907,overnight_abort,True
54190Q__982367,54190Q,982367,2023-01-12,2023-01-13,1,23.245379351999997,23.672590501542,0.0,0.0,0.0,-0.018378325561946438,-0.018378325561946438,-0.036756651123892876,0.0207,0.0,0.0,0.0,0.0,-0.018378325561946438,-0.036756651123892876,-0.036756651123892876,overnight_abort,True
54190Q__982367,54190Q,982367,2023-06-02,2023-06-05,1,21.87551925,21.336161299603003,0.0,0.0,0.0,0.024655778188990757,0.024655778188990757,0.049311556377981514,0.0207,0.0,0.0,0.0,0.0,0.024655778188990757,0.049311556377981514,0.049311556377981514,overnight_abort,True
54190Q__982367,54190Q,982367,2023-07-11,2023-07-13,2,21.945931266168,21.027937384626,44.78011816484474,44.469276533823084,-0.006941509843216163,0.04182979844456112,0.034888288601344956,0.07671808704590607,0.0207,5.5e-05,0.0072199554,0.0072440146,0.003332,0.034833494080797014,0.07666329252535813,0.07336509475165671,convergence,False
54185J__950853,54185J,950853,2023-01-27,2023-02-06,10,17.8140065,17.272496964758002,177.99856306663858,173.78523068508107,-0.023670597722635165,0.030397964390660774,0.006727366668025609,0.03712533105868639,0.011953,0.000274,0.0076657723,0.0075377831,-0.016696,0.006453394065285883,0.03685135845594666,0.05342912641188028,convergence,False
54185J__950853,54185J,950853,2023-03-30,2023-06-28,90,17.874220852788,17.476744781636,35.92698763817646,34.850567707262265,-0.029961318821241263,0.02223739285900125,-0.007723925962240013,0.014513466896761237,0.011953,0.002466,0.007529837,0.0069216123,-0.080775,-0.010189679386897547,0.012047713472103703,0.09728818350657048,force_close,False
54444M__932127,54444M,932127,2023-01-17,2023-02-21,35,14.364307453795,13.553369025,58.16887609747852,54.9492211435661,-0.05535013171849786,0.05645510104844996,0.0011049693299520977,0.05756007037840206,0.011513,0.000959,0.0077582522,0.0074071325,-0.045258,0.0001460652203630566,0.056601166268813015,0.1013803272134891,convergence,False
54444M__932127,54444M,932127,2023-05-26,2023-05-31,5,15.0333358175,14.55455505,59.54219193042044,58.72415297764554,-0.013738811525965303,0.031847939360382084,0.01810912783441678,0.049957067194798865,0.011513,0.000137,0.00715282,0.0071764321,0.003301,0.01797214153304692,0.049820080893429,0.04657505641833248,convergence,False
54444M__932127,54444M,932127,2023-06-02,2023-06-20,18,15.177380399999999,14.624290396205001,61.25491200488673,59.22402564946865,-0.03315466937991941,0.03644173033938039,0.0032870609594609773,0.03972879129884137,0.011513,0.000493,0.0071653769,0.0070693855,-0.013397,0.0027939102745294705,0.03923564061390986,0.052363915606083423,convergence,False
54444M__932127,54444M,932127,2023-07-31,2023-08-01,1,14.996597924295001,14.943075,0.0,0.0,0.0,0.003569004421215537,0.003569004421215537,0.007138008842431074,0.011513,0.0,0.0,0.0,0.0,0.003569004421215537,0.007138008842431074,0.007138008842431074,overnight_abort,True
54633R__871051,54633R,871051,2023-04-06,2023-04-14,8,84.0261981280185,82.0353762419815,166.33429222351813,164.98098325156616,-0.008136079180433905,0.023692871156730015,0.01555679197629611,0.03924966313302612,0.039686,0.000219,0.6654025792,0.6708932494,0.008252,0.015337613894104329,0.03903048505083434,0.030912952675348934,convergence,False
54633R__871051,54633R,871051,2023-05-26,2023-05-30,1,81.5691064738545,78.604050138127,0.0,0.0,0.0,0.036350236798019915,0.036350236798019915,0.07270047359603983,0.039686,0.0,0.0,0.0,0.0,0.036350236798019915,0.07270047359603983,0.07270047359603983,overnight_abort,True
54633R__871051,54633R,871051,2023-06-16,2023-06-21,5,84.307295565873,80.809191717709,165.53989926684196,161.9259015548044,-0.021831580954462085,0.041492302945843926,0.01966072199138184,0.06115302493722577,0.039686,0.000137,0.6784032233,0.6796480348,0.001835,0.01952373569001198,0.061016038635855904,0.05922447118532541,convergence,False
54633R__871051,54633R,871051,2023-06-22,2023-06-23,1,81.68033247885451,75.3408273215635,0.0,0.0,0.0,0.07761360617541796,0.07761360617541796,0.15522721235083592,0.039686,0.0,0.0,0.0,0.0,0.07761360617541796,0.15522721235083592,0.15522721235083592,overnight_abort,True
54633R__871051,54633R,871051,2023-06-26,2023-06-28,2,77.91887020770899,74.7475086884365,152.71054373182884,149.60464678194197,-0.020338457803811223,0.04070081497355608,0.020362357169744855,0.06106317214330093,0.039686,5.5e-05,0.6684937939,0.6598917777,-0.012868,0.02030756264919691,0.06100837762275299,0.07377875110105336,convergence,False
54633R__871051,54633R,871051,2023-07-05,2023-07-06,1,77.0594056330185,73.0961236511455,0.0,0.0,0.0,0.05143151506705632,0.05143151506705632,0.10286303013411265,0.039686,0.0,0.0,0.0,0.0,0.05143151506705632,0.10286303013411265,0.10286303013411265,overnight_abort,True
54633R__871051,54633R,871051,2023-07-19,2023-07-20,1,81.49580348083201,78.37907683968649,0.0,0.0,0.0,0.038244013900403835,0.038244013900403835,0.07648802780080767,0.039686,0.0,0.0,0.0,0.0,0.038244013900403835,0.07648802780080767,0.07648802780080767,overnight_abort,True
54633R__871051,54633R,871051,2023-07-28,2023-08-01,4,81.3618196240635,78.12938910072751,162.06643820746234,156.60360116815653,-0.0337073924726648,0.03972908347270999,0.006021691000045189,0.045750774472755176,0.039686,0.00011,0.6717493913,0.6613539224,-0.015475,0.005912101958949298,0.045641185431659285,0.06082982257377761,convergence,False
54633R__871051,54633R,871051,2023-08-16,2023-08-18,2,81.2354264365635,82.7770171169815,162.12280498338419,166.13223487414916,0.024730819894066725,-0.01897682757438124,0.005753992319685486,-0.013222835254695753,0.039686,5.5e-05,0.6403892747,0.6403892747,0.0,0.0056991977991375405,-0.013277629775243698,-0.01327762977524367,convergence,False
54633R__871051,54633R,871051,2023-09-20,2023-09-21,1,87.05963462801851,80.773596911127,0.0,0.0,0.0,0.07220381458927545,0.07220381458927545,0.1444076291785509,0.039686,0.0,0.0,0.0,0.0,0.07220381458927545,0.1444076291785509,0.1444076291785509,overnight_abort,True
54189D__945101,54189D,945101,2023-05-26,2023-05-30,1,43.3638554759335,42.905562554488505,0.0,0.0,0.0,0.010568546463755771,0.010568546463755771,0.021137092927511543,0.026390999999999998,0.0,0.0,0.0,0.0,0.010568546463755771,0.021137092927511543,0.021137092927511543,overnight_abort,True
54189D__945101,54189D,945101,2023-08-01,2023-08-02,1,49.2510411890665,45.2207562267775,0.0,0.0,0.0,0.08183146721340177,0.08183146721340177,0.16366293442680355,0.026390999999999998,0.0,0.0,0.0,0.0,0.08183146721340177,0.16366293442680355,0.16366293442680355,overnight_abort,True
51655V__32146V,51655V,32146V,2023-01-04,2023-01-13,9,27.5251728906,28.522290744535,13.637403554633293,14.374361695134846,0.05403947588330862,-0.0362256708758229,0.017813805007485715,-0.018411865868337186,0.048921,0.000247,0.0074959709,0.0078189133,0.043082,0.017567229665019963,-0.01865844121080294,-0.062193140340475954,convergence,False
51655V__32146V,51655V,32146V,2023-05-01,2023-05-02,1,28.549201824744,26.870757654279,0.0,0.0,0.0,0.058791281828771406,0.058791281828771406,0.11758256365754281,0.048921,0.0,0.0,0.0,0.0,0.058791281828771406,0.11758256365754281,0.11758256365754281,overnight_abort,True
51655V__32146V,51655V,32146V,2023-05-26,2023-05-30,1,30.706519836650997,28.864500643349,0.0,0.0,0.0,0.059987885410035344,0.059987885410035344,0.11997577082007069,0.048921,0.0,0.0,0.0,0.0,0.059987885410035344,0.11997577082007069,0.11997577082007069,overnight_abort,True
51655V__32146V,51655V,32146V,2023-07-10,2023-07-11,1,29.738743499999998,29.062879067628,0.0,0.0,0.0,0.02272673128815945,0.02272673128815945,0.0454534625763189,0.048921,0.0,0.0,0.0,0.0,0.02272673128815945,0.0454534625763189,0.0454534625763189,overnight_abort,True
54339N__297127,54339N,297127,2023-01-03,2023-01-18,15,31.767827911281,30.889518226281,3.0658451495866346,3.118377673106517,0.017134760875631726,0.027647772691695528,0.044782533567327254,0.07243030625902278,0.031344,0.000411,0.7456842406,0.7572027778,0.015447,0.044371574663217665,0.07201934735491318,0.05654673562652159,convergence,False
54339N__297127,54339N,297127,2023-07-13,2023-07-17,4,29.827810092135,27.886160212989,2.8985383605724513,2.844521191483965,-0.018636002829308114,0.06509528769119974,0.046459284861891624,0.11155457255309137,0.031344,0.00011,0.7568016985,0.756486646,-0.000416,0.04634969582079573,0.11144498351199549,0.11185369023848357,convergence,False
54339N__297127,54339N,297127,2023-07-24,2023-07-25,1,29.009366242989,26.797638819146,0.0,0.0,0.0,0.0762418387674198,0.0762418387674198,0.1524836775348396,0.031344,0.0,0.0,0.0,0.0,0.0762418387674198,0.1524836775348396,0.1524836775348396,overnight_abort,True
54187R__937334,54187R,937334,2023-02-13,2023-02-21,8,29.649866380000002,27.004095745368,29.173146558852267,27.1672027271764,-0.06875994084591422,0.08923381308782818,0.020473872241913965,0.10970768532974215,0.030843,0.000219,0.0075123008,0.0074071325,-0.013999,0.020254694159722184,0.10948850724755037,0.12271048402643668,convergence,False
54187R__937334,54187R,937334,2023-03-30,2023-04-03,4,26.835204261894003,27.043749994632,27.08870255652332,27.179900691486964,0.003366648320396668,-0.007771348811163481,-0.004404700490766814,-0.012176049301930295,0.030843,0.00011,0.007529837,0.0075517293,0.002907,-0.004514289531862704,-0.012285638343026185,-0.015194376567398823,convergence,False
54187R__937334,54187R,937334,2023-05-09,2023-05-10,1,31.354811377684,30.424978466568,0.0,0.0,0.0,0.029655190711106835,0.029655190711106835,0.05931038142221367,0.030843,0.0,0.0,0.0,0.0,0.029655190711106835,0.05931038142221367,0.05931038142221367,overnight_abort,True
54187R__937334,54187R,937334,2023-05-26,2023-05-30,1,30.497289624632,29.853674995368,0.0,0.0,0.0,0.021103994393789235,0.021103994393789235,0.04220798878757847,0.030843,0.0,0.0,0.0,0.0,0.021103994393789235,0.04220798878757847,0.04220798878757847,overnight_abort,True
54187R__937334,54187R,937334,2023-08-09,2023-08-10,1,32.182053746948,29.823941246526,0.0,0.0,0.0,0.0732741458629138,0.0732741458629138,0.1465482917258276,0.030843,0.0,0.0,0.0,0.0,0.0732741458629138,0.1465482917258276,0.1465482917258276,overnight_abort,True
53562J__314054,53562J,314054,2023-01-03,2023-01-05,2,69.7113503778315,69.3437705226105,70.80726418410538,69.47554458524888,-0.018807669159394462,0.005272883873698241,-0.01353478528569622,-0.00826190141199798,0.022838,5.5e-05,0.683760824,0.6751512018,-0.012592,-0.013589579806244166,-0.008316695932545925,0.004195605388332895,convergence,False
53562J__314054,53562J,314054,2023-01-06,2023-01-13,7,73.0458076080525,73.85021524433701,71.70303057583546,74.00464023642441,0.03209919639525828,-0.011012372408842145,0.021086823986416134,0.01007445157757399,0.022838,0.000192,0.691204567,0.6976905953,0.009384,0.020895043164498327,0.009882670755656181,0.0002878379725821309,convergence,False
53562J__314054,53562J,314054,2023-02-22,2023-02-24,2,69.086773924779,67.1898077228315,68.28643317766603,67.8070720120011,-0.007019859485378825,0.027457733140251864,0.02043787365487304,0.047895606795124904,0.022838,5.5e-05,0.6808046185,0.6726081734,-0.012039,0.020383079134325095,0.04784081227457696,0.059941330122846005,convergence,False
53562J__314054,53562J,314054,2023-05-26,2023-05-30,1,65.11765728,63.6263399982735,0.0,0.0,0.0,0.022901887813837857,0.022901887813837857,0.045803775627675715,0.022838,0.0,0.0,0.0,0.0,0.022901887813837857,0.045803775627675715,0.045803775627675715,overnight_abort,True
53562J__314054,53562J,314054,2023-06-02,2023-06-05,1,65.278843629558,63.95388756672649,0.0,0.0,0.0,0.020296867854313047,0.020296867854313047,0.040593735708626094,0.022838,0.0,0.0,0.0,0.0,0.020296867854313047,0.040593735708626094,0.040593735708626094,overnight_abort,True
53562J__314054,53562J,314054,2023-07-12,2023-07-20,8,68.62639692327899,70.8525424530525,69.59592265374631,71.06838419762717,0.021157296113547427,-0.0324386188052715,-0.01128132269172407,-0.04371994149699557,0.022838,0.000219,0.6888949649,0.6779659178,-0.015865,-0.011500500773915852,-0.04393911957918735,-0.02747770774015472,convergence,False
53562J__314054,53562J,314054,2023-08-16,2023-08-18,2,66.306384949116,62.72306047283149,64.07192906727317,63.17496677818321,-0.013999302067964669,0.05404192189084614,0.04004261982288147,0.09408454171372761,0.022838,5.5e-05,0.6403892747,0.6403892747,0.0,0.03998782530233353,0.09402974719317966,0.09402974719317973,convergence,False
54761N__502586,54761N,502586,2023-01-09,2023-01-19,10,32.7560987580495,34.091391321099,1.6184896387051702,1.7202623879385,0.06288131032754117,-0.0407647007329092,0.02211660959463197,-0.01864809113827723,0.034255,0.000274,6.42158e-05,6.62076e-05,0.031017,0.021842636991892244,-0.018922063741016956,-0.05089795463436461,convergence,False
54761N__502586,54761N,502586,2023-03-01,2023-03-10,9,38.173497482802006,34.27013327975251,1.872595031393625,1.7185756726316772,-0.0822491548785769,0.1022532505649515,0.02000409568637461,0.12225734625132612,0.034255,0.000247,6.5445e-05,6.47249e-05,-0.011003,0.019757520343908857,0.12201077090886037,0.13222125224713888,convergence,False
54761N__502586,54761N,502586,2023-04-26,2023-04-28,2,43.5103381536535,34.64252684225251,2.13509472220429,1.9499573182256102,-0.08671156462208032,0.2038092942437032,0.11709772962162288,0.3209070238653261,0.034255,5.5e-05,6.80156e-05,6.81663e-05,0.002216,0.11704293510107493,0.32085222934477814,0.31883315881855845,convergence,False
54761N__502586,54761N,502586,2023-08-10,2023-08-11,1,37.146403945,35.2731232052475,0.0,0.0,0.0,0.0504296658843783,0.0504296658843783,0.1008593317687566,0.034255,0.0,0.0,0.0,0.0,0.0504296658843783,0.1008593317687566,0.1008593317687566,overnight_abort,True
54761N__502586,54761N,502586,2023-08-16,2023-08-22,6,36.95508032914851,35.749782,1.77119634818896,1.7838152604233999,0.007124513466472851,0.03261522687579763,0.039739740342270485,0.07235496721806811,0.034255,0.000164,6.54236e-05,6.52955e-05,-0.001958,0.03957535678062665,0.07219058365642428,0.07416641124293573,convergence,False
54761N__502586,54761N,502586,2023-08-24,2023-08-28,4,36.320712590604,34.309864197198,1.7205029994616803,1.70904628779984,-0.006658931524923172,0.05536368231735072,0.048704750792427545,0.10406843310977827,0.034255,0.00011,6.53808e-05,6.54022e-05,0.000327,0.048595161751331654,0.10395884406868239,0.10363381679337115,convergence,False
54761N__502586,54761N,502586,2023-09-01,2023-09-05,1,35.615835157198006,35.288017954698,0.0,0.0,0.0,0.009204254260867871,0.009204254260867871,0.018408508521735742,0.034255,0.0,0.0,0.0,0.0,0.009204254260867871,0.018408508521735742,0.018408508521735742,overnight_abort,True
54761N__502586,54761N,502586,2023-10-05,2023-10-06,1,34.6793782408515,33.594866571099004,0.0,0.0,0.0,0.03127252346395775,0.03127252346395775,0.0625450469279155,0.034255,0.0,0.0,0.0,0.0,0.03127252346395775,0.0625450469279155,0.0625450469279155,overnight_abort,True
54761N__502586,54761N,502586,2023-10-11,2023-10-12,1,35.2432675,32.800423991950495,0.0,0.0,0.0,0.0693137634882891,0.0693137634882891,0.1386275269765782,0.034255,0.0,0.0,0.0,0.0,0.0693137634882891,0.1386275269765782,0.1386275269765782,overnight_abort,True
54238F__932322,54238F,932322,2023-07-21,2023-08-04,14,7.391810877275399,6.3387358125,3.6628218685212053,3.2035393015050593,-0.12539036390584088,0.14246509850689787,0.01707473460105699,0.15953983310795486,0.024286000000000002,0.000384,0.0070969802,0.0070539273,-0.006066,0.016691172957221372,0.15915627146411923,0.16449435897202389,convergence,False
54238F__932322,54238F,932322,2023-08-07,2023-08-16,9,6.74816993556885,5.98575572715575,3.2659617792550244,3.0474017626902454,-0.06692056776446206,0.11298088454982434,0.04606031678536228,0.15904120133518662,0.024286000000000002,0.000247,0.0069087015,0.0068327013,-0.011001,0.04581374144289652,0.15879462599272087,0.16917327718091021,convergence,False
54394H__932153,54394H,932153,2023-07-24,2023-07-26,1,33.913958280953004,32.23831710120599,0.0,0.0,0.0,0.04940859942875191,0.04940859942875191,0.09881719885750383,0.028384,0.0,0.0,0.0,0.0,0.04940859942875191,0.09881719885750383,0.09881719885750383,overnight_abort,True
54394H__932153,54394H,932153,2023-07-28,2023-08-16,19,32.172979542698,30.674002395396,31.604439645142648,30.926310876938103,-0.021456756576564314,0.046591182060481934,0.02513442548391762,0.07172560754439955,0.028384,0.000521,0.0069577313,0.0068327013,-0.01797,0.02461387753871214,0.07120505959919407,0.08911119311116712,convergence,False
54338Q__675705,54338Q,675705,2023-02-02,2023-02-06,4,50.162578070843,48.623367840843,49.114663638181035,48.77518182082611,-0.006912025700833962,0.030684432283887356,0.023772406583053393,0.05445683886694075,0.02076,0.00011,0.6922093294,0.6881837407,-0.005816,0.023662817541957502,0.05434724982584486,0.06015640149713878,convergence,False
54338Q__675705,54338Q,675705,2023-03-31,2023-04-03,1,44.8351398553925,44.3538024120785,0.0,0.0,0.0,0.010735718565091186,0.010735718565091186,0.02147143713018237,0.02076,0.0,0.0,0.0,0.0,0.010735718565091186,0.02147143713018237,0.02147143713018237,overnight_abort,True
54338Q__675705,54338Q,675705,2023-05-26,2023-05-30,1,45.227899463314,44.3637256695495,0.0,0.0,0.0,0.01910709548794021,0.01910709548794021,0.03821419097588042,0.02076,0.0,0.0,0.0,0.0,0.01910709548794021,0.03821419097588042,0.03821419097588042,overnight_abort,True
54338Q__675705,54338Q,675705,2023-08-01,2023-08-02,1,42.025381776686,40.163671696235504,0.0,0.0,0.0,0.044299658961891815,0.044299658961891815,0.08859931792378363,0.02076,0.0,0.0,0.0,0.0,0.044299658961891815,0.08859931792378363,0.08859931792378363,overnight_abort,True
54338Q__675705,54338Q,675705,2023-09-20,2023-09-21,1,37.4331068379215,36.291284796686,0.0,0.0,0.0,0.030502999555430444,0.030502999555430444,0.06100599911086089,0.02076,0.0,0.0,0.0,0.0,0.030502999555430444,0.06100599911086089,0.06100599911086089,overnight_abort,True
54338Q__675705,54338Q,675705,2023-10-03,2023-10-12,9,36.038308150814004,36.191985696235506,35.5002111080571,36.48446625686767,0.02772533227519829,-0.004264283017348878,0.023461049257849413,0.019196766240500533,0.02076,0.000247,0.6324109872,0.6314527765,-0.001515,0.02321447391538366,0.01895019089803478,0.020509733347916097,convergence,False
68923D__68039H,68923D,68039H,2023-01-04,2023-01-17,13,12.52776976,11.87398416,1.2136960492277615,1.1766285151777167,-0.03054103543768621,0.052186910561485354,0.021645875123799143,0.0738327856852845,0.026057,0.000356,0.1279737861,0.1279353126,-0.000301,0.0212897107402375,0.07347662130172285,0.07376816300913018,convergence,False
68923D__68039H,68923D,68039H,2023-05-17,2023-05-22,5,9.4083653206048,8.9329050596976,0.9200805291159343,0.8915745504033957,-0.030982047560476837,0.050535905516542565,0.019553857956065727,0.07008976347260829,0.026057,0.000137,0.1277653207,0.1277424712,-0.000179,0.019416871654695866,0.06995277717123842,0.0701261069612155,convergence,False
68923D__68039H,68923D,68039H,2023-07-07,2023-07-14,7,9.2378511403024,9.9368598916976,0.9264143208167207,0.9970968443998259,0.0762968814221179,-0.07566789513911971,0.0006289862829981785,-0.07503890885612154,0.026057,0.000192,0.1277489922,0.1279762542,0.001779,0.00043720546108037025,-0.07523068967803935,-0.07714199254742554,convergence,False
68923D__68039H,68923D,68039H,2023-10-16,2023-10-18,2,9.1876997396976,8.72354,0.9036165476263835,0.8787709064513389,-0.02749577931071432,0.05051968967728551,0.02302391036657119,0.07354360004385671,0.026057,5.5e-05,0.127809409,0.1277196299,-0.000702,0.022969115846023246,0.07348880552330876,0.07417241659975854,convergence,False
69438E__133241,69438E,133241,2023-07-11,2023-07-14,1,1.62240598000175,1.4303945930007,0.0,0.0,0.0,0.11834977765604815,0.11834977765604815,0.2366995553120963,0.091579,0.0,0.0,0.0,0.0,0.11834977765604815,0.2366995553120963,0.2366995553120963,overnight_abort,True
54319F__771681,54319F,771681,2023-08-03,2023-08-07,4,42.49819447517,39.31887319932,0.8101048373287396,0.7906331369596531,-0.024036025304197666,0.07481073761163079,0.05077471230743312,0.12558544991906392,0.037205,0.00011,0.1280221288,0.1280868859,0.000506,0.05066512326633723,0.12547586087796803,0.12498244114758973,convergence,False
54189X__930759,54189X,930759,2023-07-25,2023-07-26,1,16.1837445295775,15.598271570422499,0.0,0.0,0.0,0.03617660659960286,0.03617660659960286,0.07235321319920572,0.012107,0.0,0.0,0.0,0.0,0.03617660659960286,0.07235321319920572,0.07235321319920572,overnight_abort,True
54189X__930759,54189X,930759,2023-10-04,2023-10-10,6,13.4111106295775,13.268981925,2.6515407943608778,2.6736524183546186,0.008339160400913476,0.010597832536258596,0.018936992937172072,0.02953482547343067,0.012107,0.000164,0.0067335533,0.0067242713,-0.001378,0.018772609375528236,0.029370441911786834,0.030762325681681853,convergence,False
69311L__912087,69311L,912087,2023-01-04,2023-01-12,8,15.639180402511501,15.700468990000001,30.634481777122247,31.594759507902594,0.031346302436801164,-0.003918913006378358,0.027427389430422805,0.023508476424044446,0.010811,0.000219,0.0074959709,0.0077378413,0.032267,0.027208211348231023,0.023289298341852664,-0.008948651887096874,convergence,False
69311L__912087,69311L,912087,2023-03-16,2023-03-17,1,16.4812920675345,16.348836515000002,0.0,0.0,0.0,0.008036721392457728,0.008036721392457728,0.016073442784915456,0.010811,0.0,0.0,0.0,0.0,0.008036721392457728,0.016073442784915456,0.016073442784915456,overnight_abort,True
69311L__912087,69311L,912087,2023-04-06,2023-04-12,6,17.112879325092003,16.578254880046,33.23589646393491,33.18568899129501,-0.0015106399399931547,0.031241057386649247,0.029730417446656093,0.06097147483330534,0.010811,0.000164,0.0074841891,0.0075111729,0.003605,0.029566033885012256,0.060807091271661506,0.05722003002933703,convergence,False
69311L__912087,69311L,912087,2023-10-06,2023-10-12,6,15.19807434,15.2715499324885,30.87280207974899,30.70424864253242,-0.005459609295624396,-0.004834533036538584,-0.01029414233216298,-0.015128675368701563,0.010811,0.000164,0.0067242713,0.0066753446,-0.007276,-0.010458525893806817,-0.0152930589303454,-0.008003610632219244,convergence,False
53401R__14790N,53401R,14790N,2023-01-23,2023-01-24,1,33.4900549638985,32.826526924702996,0.0,0.0,0.0,0.019812688868703642,0.019812688868703642,0.039625377737407284,0.010536,0.0,0.0,0.0,0.0,0.019812688868703642,0.039625377737407284,0.039625377737407284,overnight_abort,True
53401R__14790N,53401R,14790N,2023-04-13,2023-04-24,11,36.230693853304494,35.381530260507496,35.44107523763652,35.48602931446018,0.001268417408959581,0.023437685080920645,0.024706102489880227,0.04814378757080087,0.010536,0.000301,0.007474679,0.0074496214,-0.003352,0.02440473262686653,0.047842417707787174,0.0512102913417501,convergence,False
53401R__14790N,53401R,14790N,2023-05-01,2023-05-02,1,36.4816684783045,35.550865523304495,0.0,0.0,0.0,0.025514264939761434,0.025514264939761434,0.05102852987952287,0.010536,0.0,0.0,0.0,0.0,0.025514264939761434,0.05102852987952287,0.05102852987952287,overnight_abort,True
53401R__14790N,53401R,14790N,2023-05-18,2023-05-19,1,33.8916083405075,33.3345337091955,0.0,0.0,0.0,0.016436948807949773,0.016436948807949773,0.032873897615899546,0.010536,0.0,0.0,0.0,0.0,0.016436948807949773,0.032873897615899546,0.032873897615899546,overnight_abort,True
69368T__68341V,69368T,68341V,2023-01-04,2023-01-09,5,37.43144204349,35.37448603047,3.5836552212142916,3.5617908019947087,-0.00610115032555346,0.054952625405938385,0.048851475080384926,0.10380410048632331,0.021117,0.000137,0.1279737861,0.1281427046,0.00132,0.04871448877901506,0.10366711418495345,0.10235695061877306,convergence,False
69368T__68341V,69368T,68341V,2023-10-10,2023-10-12,2,29.626119146745,28.39727103047,2.911152317609952,2.8928833047758853,-0.006275526266198808,0.04147853825160938,0.03520301198541057,0.07668155023701996,0.021117,5.5e-05,0.1278780522,0.1278143163,-0.000498,0.03514821746486263,0.07662675571647201,0.07712228646387899,convergence,False
69368T__68341V,69368T,68341V,2023-10-24,2023-10-27,3,27.66977490651,26.65296728047,2.7430650937802503,2.697044642282734,-0.0167770176514823,0.03674795438255515,0.019970936731072846,0.05671889111362799,0.021117,8.2e-05,0.1278486321,0.1278535261,3.8e-05,0.01988874495025093,0.05663669933280607,0.0565990633487046,convergence,False
54189H__140292,54189H,140292,2023-01-20,2023-01-24,4,23.209269559636997,23.599422559758,45.9767617250813,47.341233090187615,0.02967741341300171,-0.016810223135997115,0.012867190277004593,-0.003943032858992522,0.013146999999999999,0.00011,0.0076525726,0.0076825568,0.003918,0.012757601235908703,-0.004052621900088413,-0.008071343050221474,convergence,False
54189H__140292,54189H,140292,2023-03-14,2023-03-15,1,19.279234404758,18.1533959076815,0.0,0.0,0.0,0.058396431800147135,0.058396431800147135,0.11679286360029427,0.013146999999999999,0.0,0.0,0.0,0.0,0.058396431800147135,0.11679286360029427,0.11679286360029427,overnight_abort,True
54189H__140292,54189H,140292,2023-03-28,2023-04-03,6,19.319345847802502,19.489961845363002,39.22043568741917,39.24679152944506,0.000671992586618495,-0.008831354793511634,-0.00815936220689314,-0.016990717000404772,0.013146999999999999,0.000164,0.0075267193,0.0075517293,0.003323,-0.008323745768536976,-0.01715510056204861,-0.020469150303555016,convergence,False
54189H__140292,54189H,140292,2023-06-12,2023-06-14,2,22.306971125,23.549547592439502,45.18291232823834,46.99292349682291,0.04005963925998094,-0.05570350454468084,-0.015643865284699902,-0.07134736982938075,0.013146999999999999,5.5e-05,0.0071319046,0.007138013,0.000856,-0.015698659805247848,-0.0714021643499287,-0.0722922019977245,convergence,False
54189H__140292,54189H,140292,2023-09-14,2023-09-15,1,22.9085144429235,22.242904839758,0.0,0.0,0.0,0.029055118559689418,0.029055118559689418,0.058110237119378835,0.013146999999999999,0.0,0.0,0.0,0.0,0.029055118559689418,0.058110237119378835,0.058110237119378835,overnight_abort,True
54233V__28557J,54233V,28557J,2023-01-05,2023-01-06,1,7.354337895,7.1265442585302,0.0,0.0,0.0,0.03097405092369633,0.03097405092369633,0.06194810184739266,0.027263000000000003,0.0,0.0,0.0,0.0,0.03097405092369633,0.06194810184739266,0.06194810184739266,overnight_abort,True
54233V__28557J,54233V,28557J,2023-01-10,2023-01-11,1,7.3240734326476495,7.10672126411745,0.0,0.0,0.0,0.029676404876190166,0.029676404876190166,0.05935280975238033,0.027263000000000003,0.0,0.0,0.0,0.0,0.029676404876190166,0.05935280975238033,0.05935280975238033,overnight_abort,True
54233V__28557J,54233V,28557J,2023-04-27,2023-05-02,5,6.315247932647649,6.0362529032349,12.193764432049962,12.316486763066877,0.010064351472491356,0.04417800098875626,0.05424235246124762,0.09842035345000387,0.027263000000000003,0.000137,0.0073370263,0.0073230566,-0.001904,0.05410536615987775,0.098283367148634,0.1002101986264577,convergence,False
54233V__28557J,54233V,28557J,2023-05-12,2023-05-23,11,6.577542764412749,6.79945677264765,13.235506584943524,13.85853952372014,0.04707284415432704,-0.03373813233652361,0.013334711817803428,-0.020403420518720183,0.027263000000000003,0.000301,0.007346459,0.007215267,-0.017858,0.01303334195478973,-0.02070479038173388,-0.0016663292173314116,convergence,False
54233V__28557J,54233V,28557J,2023-07-28,2023-08-02,5,8.74651718588255,7.38424992588255,16.31896173532023,15.44954920018617,-0.053276216295815686,0.15574968082138888,0.10247346452557318,0.25822314534696206,0.027263000000000003,0.000137,0.0070276538,0.0069771498,-0.007186,0.10233647822420332,0.2580861590455922,0.26493900574413903,convergence,False
54233V__28557J,54233V,28557J,2023-08-07,2023-08-17,10,8.22192752235235,7.50319066764765,15.294202763801254,15.152415498684945,-0.009270654201858394,0.08741707498037699,0.07814642077851859,0.16556349575889556,0.027263000000000003,0.000274,0.0068702552,0.0068568294,-0.001954,0.07787244817577886,0.16528952315615583,0.16722938971471646,convergence,False
54297Q__503004,54297Q,503004,2023-01-06,2023-01-12,6,3.5172344106183004,3.5925807991756,34.812452133361376,36.00392126087676,0.03422537208671886,-0.021422054876363526,0.012803317210355332,-0.008618737666008194,0.025399,0.000164,0.0075605791,0.0077378413,0.023446,0.012638933648711496,-0.00878312122765203,-0.03247565479666052,convergence,False
54297Q__503004,54297Q,503004,2023-05-17,2023-05-23,6,3.7677496606183007,3.6424770506183,37.92671572507567,36.684789436203346,-0.03274542140360463,0.033248655373627686,0.0005032339700230537,0.03375188934365074,0.025399,0.000164,0.0072085055,0.007215267,0.000938,0.0003388504083792181,0.03358750578200691,0.03268108169081526,convergence,False
54297Q__503004,54297Q,503004,2023-06-02,2023-06-20,18,3.6775639702061005,3.4628486293817002,36.8163236947739,34.90794161121003,-0.051835215796811565,0.058385208949163984,0.006549993152352419,0.0649352021015164,0.025399,0.000493,0.0071653769,0.0070693855,-0.013397,0.0060568424674209125,0.06444205141658489,0.07731667327252438,convergence,False
54297Q__503004,54297Q,503004,2023-10-06,2023-10-12,6,3.7577287500000005,3.7622305289695,39.14385097089629,38.060747718523324,-0.027669818515767882,-0.0011980053029371628,-0.028867823818705046,-0.03006582912164221,0.025399,0.000164,0.0067242713,0.0066753446,-0.007276,-0.02903220738034888,-0.030230212683286045,-0.023103553320947674,convergence,False
54297Q__503004,54297Q,503004,2023-10-16,2023-10-19,3,3.7176464102061,3.6624362297939004,37.6016996018065,36.96566064369339,-0.016915165134784343,0.01485084225886314,-0.0020643228759212023,0.012786519382941938,0.025399,8.2e-05,0.0066748986,0.006675567,0.0001,-0.00214651465674312,0.01270432760212002,0.01260589492911633,convergence,False
75750Q__865082,75750Q,865082,2023-01-06,2023-01-12,6,29.674863248368002,31.597563315178,60.01496051581018,63.84351362463988,0.06379331213291589,-0.06479221321822735,-0.0009989010853114627,-0.06579111430353882,0.014141,0.000164,0.0075605791,0.0077378413,0.023446,-0.0011632846469552983,-0.06595549786518265,-0.09032538806362447,convergence,False
75750Q__865082,75750Q,865082,2023-01-20,2023-01-24,4,33.132071190000005,32.554151183546,64.49281128569682,65.55387205934558,0.016452388297175748,0.017442918166505596,0.03389530646368134,0.05133822463018694,0.014141,0.00011,0.0076525726,0.0076825568,0.003918,0.03378571742258545,0.05122863558909105,0.04726153030180179,convergence,False
75750Q__865082,75750Q,865082,2023-05-26,2023-05-30,1,33.408040318724005,32.34490381517799,0.0,0.0,0.0,0.03182277360190332,0.03182277360190332,0.06364554720380663,0.014141,0.0,0.0,0.0,0.0,0.03182277360190332,0.06364554720380663,0.06364554720380663,overnight_abort,True
75750Q__865082,75750Q,865082,2023-06-21,2023-06-23,2,35.926950814184,35.065219249361995,70.64604454137891,70.24806787676928,-0.005633389203786574,0.02398565826749193,0.018352269063705358,0.04233792733119729,0.014141,5.5e-05,0.0069873873,0.0069591839,-0.004036,0.018297474543157412,0.04228313281064935,0.0463129902873185,convergence,False
75750Q__865082,75750Q,865082,2023-07-13,2023-07-14,1,34.521976378724,33.067323997092,0.0,0.0,0.0,0.04213699603040423,0.04213699603040423,0.08427399206080846,0.014141,0.0,0.0,0.0,0.0,0.04213699603040423,0.08427399206080846,0.08427399206080846,overnight_abort,True
54468C__906299,54468C,906299,2023-03-09,2023-03-15,6,5.512339723856149,5.15040551385615,5.568035851596779,5.317855872770619,-0.04493145976321511,0.06565890858170999,0.02072744881849488,0.08638635740020487,0.050376000000000004,0.000164,0.6577863752,0.6615942675,0.005789,0.020563065256851042,0.08622197383856103,0.0807249519945199,convergence,False
54468C__906299,54468C,906299,2023-03-27,2023-04-03,7,5.704513544575399,5.47663071,5.557119762054586,5.5349415813211325,-0.003990948851757983,0.03994781199040189,0.03595686313864391,0.0759046751290458,0.050376000000000004,0.000192,0.6709606358,0.6786100221,0.011401,0.0357650823167261,0.07571289430712799,0.06448574212485947,convergence,False
54468C__906299,54468C,906299,2023-10-03,2023-10-06,1,5.785428523431549,5.38271707093155,0.0,0.0,0.0,0.0696078865841966,0.0696078865841966,0.1392157731683932,0.050376000000000004,0.0,0.0,0.0,0.0,0.0696078865841966,0.1392157731683932,0.1392157731683932,overnight_abort,True
54468C__906299,54468C,906299,2023-10-26,2023-10-27,1,5.995200261468449,5.58814015063155,0.0,0.0,0.0,0.06789766698088495,0.06789766698088495,0.1357953339617699,0.050376000000000004,0.0,0.0,0.0,0.0,0.06789766698088495,0.1357953339617699,0.1357953339617699,overnight_abort,True
75986N__75858Q,75986N,75858Q,2023-04-06,2023-04-13,7,8.92598324912415,9.44235263412415,9.153600666266371,9.461068533779699,0.03358982751415348,-0.05785014049300047,-0.02426031297884699,-0.08211045347184745,0.014085,0.000192,0.6654025792,0.6781040212,0.019088,-0.024452093800764796,-0.08230223429376526,-0.10166221570595188,convergence,False
75986N__75858Q,75986N,75858Q,2023-05-25,2023-05-30,5,7.84283018912415,7.63763653029195,7.696335953155591,7.6785672143835395,-0.0023087270202603828,0.026163215814202768,0.023854488793942384,0.050017704608145155,0.014085,0.000137,0.6517630614,0.6517630614,0.0,0.023717502492572522,0.04988071830677529,0.049880718306775235,convergence,False
75986N__75858Q,75986N,75858Q,2023-07-21,2023-07-27,6,7.60212981,7.5080159655839,7.5662854065481975,7.53029943003663,-0.00475609557107427,0.01237993125193686,0.007623835680862591,0.02000376693279945,0.014085,0.000164,0.6739907898,0.6709383072,-0.004529,0.007459452119218756,0.019839383371155615,0.024367317859951883,convergence,False
75986N__75858Q,75986N,75858Q,2023-07-28,2023-08-02,5,7.5115665803178,7.3584542894161,7.5883389079537125,7.409903920832301,-0.02351436714751696,0.02038353641208387,-0.003130830735433087,0.017252705676650784,0.014085,0.000137,0.6717493913,0.6538295944,-0.026676,-0.00326781703680295,0.017115719375280922,0.04387869304052505,convergence,False
75986N__75858Q,75986N,75858Q,2023-08-03,2023-08-30,27,7.63221709412415,7.6575786388322005,7.771983635982286,7.695076159098266,-0.009895475915306592,-0.0033229590295034478,-0.01321843494481004,-0.016541393974313486,0.014085,0.00074,0.6570518949,0.6476893262,-0.014249,-0.013958160972207301,-0.017281120001710747,-0.00296882357819161,convergence,False
70162L__952259,70162L,952259,2023-08-03,2023-08-08,5,9.145477651999,8.626671774500249,9.16949776947436,8.917560155463852,-0.0274756175686327,0.05672813353661761,0.02925251596798491,0.08598064950460252,0.011402,0.000137,0.0070539273,0.0069744729,-0.011264,0.02911552966661505,0.08584366320323265,0.09692282895516435,convergence,False
70162L__952259,70162L,952259,2023-09-13,2023-09-15,2,9.8288753490005,9.621674274500249,9.720343492812084,9.733736039959297,0.0013777853794072095,0.021080852807978803,0.022458638187386012,0.04353949099536481,0.011402,5.5e-05,0.0067808098,0.0067642976,-0.002435,0.022403843666838067,0.04348469647481687,0.04592914100483614,convergence,False
70162L__952259,70162L,952259,2023-10-11,2023-10-18,7,9.3263765990005,8.45752125,9.07817531799457,8.62795513487581,-0.0495936867650421,0.09316108349019658,0.043567396725154486,0.13672848021535106,0.011402,0.000192,0.0066753446,0.0066697792,-0.000834,0.04337561590323668,0.13653669939343324,0.13732973783399774,convergence,False
86981X__725535,86981X,725535,2023-04-28,2023-05-02,4,17.158198323821,16.952109987015,33.926728903151854,34.33220451050157,0.011951509044894839,0.012011070912957417,0.023962579957852254,0.03597365087080967,0.007559000000000001,0.00011,0.0072729917,0.0073230566,0.006884,0.023852990916756363,0.03586406182971378,0.028945741533625738,convergence,False
86981X__725535,86981X,725535,2023-05-26,2023-05-30,1,18.683359846388,18.407148583194,0.0,0.0,0.0,0.014783811127386652,0.014783811127386652,0.029567622254773305,0.007559000000000001,0.0,0.0,0.0,0.0,0.014783811127386652,0.029567622254773305,0.029567622254773305,overnight_abort,True
86981X__725535,86981X,725535,2023-06-02,2023-06-09,7,19.104787099582,19.274182990209,38.22017411059599,38.73536568192743,0.013479571543569,-0.008866672512184337,0.004612899031384662,-0.004253773480799675,0.007559000000000001,0.000192,0.0071653769,0.0071759176,0.001471,0.004421118209466854,-0.004445554302717483,-0.005934253687973589,convergence,False
86981X__725535,86981X,725535,2023-06-14,2023-06-16,2,20.349011836597,19.523332240209,39.4973656416308,39.18571744462636,-0.00789035400062114,0.040575906241454095,0.03268555224083296,0.07326145848228705,0.007559000000000001,5.5e-05,0.0071280918,0.0070504454,-0.010893,0.032630757720285015,0.0732066639617391,0.08413274565540435,convergence,False
86981X__725535,86981X,725535,2023-07-25,2023-07-26,1,19.706834920000002,18.805781403612,0.0,0.0,0.0,0.04572289360751409,0.04572289360751409,0.09144578721502818,0.007559000000000001,0.0,0.0,0.0,0.0,0.04572289360751409,0.09144578721502818,0.09144578721502818,overnight_abort,True
74116U__30185X,74116U,30185X,2023-01-04,2023-01-18,14,41.206427062671004,41.378632374658004,2.094677677654765,2.1075859722301904,0.006162425232829922,-0.004179088658307891,0.001983336574522031,-0.00219575208378586,0.03077,0.000384,0.1279737861,0.1277996102,-0.001361,0.0015997749306864146,-0.0025793137276214763,-0.001208032190167407,convergence,False
74116U__30185X,74116U,30185X,2023-06-01,2023-06-05,4,30.251801902215,30.090863765114,1.5816629945665228,1.5391803296450257,-0.0268594922353482,0.005319952101405738,-0.021539540133942464,-0.016219588032536723,0.03077,0.00011,0.1275908893,0.1275803167,-8.3e-05,-0.021649129175038355,-0.016329177073632614,-0.016248532773645553,convergence,False
74116U__30185X,74116U,30185X,2023-07-07,2023-07-14,7,31.345242367101,30.308127292671003,1.5144354874683195,1.536300966644129,0.014438039359710199,0.03308684176959889,0.04752488112930909,0.08061172289890797,0.03077,0.000192,0.1277489922,0.1279762542,0.001779,0.04733310030739128,0.08041994207699016,0.07861848899382143,convergence,False
74116U__30185X,74116U,30185X,2023-07-24,2023-07-25,1,29.907560145342,29.261318847785002,0.0,0.0,0.0,0.021607957801186514,0.021607957801186514,0.04321591560237303,0.03077,0.0,0.0,0.0,0.0,0.021607957801186514,0.04321591560237303,0.04321591560237303,overnight_abort,True
74116U__30185X,74116U,30185X,2023-08-03,2023-08-04,1,33.29925027,31.562328632899,0.0,0.0,0.0,0.05216098329594619,0.05216098329594619,0.10432196659189238,0.03077,0.0,0.0,0.0,0.0,0.05216098329594619,0.10432196659189238,0.10432196659189238,overnight_abort,True
74116U__30185X,74116U,30185X,2023-10-24,2023-10-25,1,24.399883387101003,22.417540937329,0.0,0.0,0.0,0.08124393130583432,0.08124393130583432,0.16248786261166864,0.03077,0.0,0.0,0.0,0.0,0.08124393130583432,0.16248786261166864,0.16248786261166864,overnight_abort,True
54184M__916983,54184M,916983,2023-03-16,2023-03-17,1,4.3921535147315,4.1835860375000005,0.0,0.0,0.0,0.04748638146001809,0.04748638146001809,0.09497276292003617,0.017018,0.0,0.0,0.0,0.0,0.04748638146001809,0.09497276292003617,0.09497276292003617,overnight_abort,True
54184M__916983,54184M,916983,2023-05-17,2023-05-23,6,4.29174547754625,4.3009851225,8.643594364053696,8.7581703370787,0.013255593471796234,-0.002152887444535179,0.011102706027261055,0.008949818582725876,0.017018,0.000164,0.0072085055,0.007215267,0.000938,0.010938322465617219,0.00878543502108204,0.00783590291156205,convergence,False
54184M__916983,54184M,916983,2023-06-02,2023-06-05,1,4.372152777037,4.4671344760185,0.0,0.0,0.0,-0.02172424062588886,-0.02172424062588886,-0.04344848125177772,0.017018,0.0,0.0,0.0,0.0,-0.02172424062588886,-0.04344848125177772,-0.04344848125177772,overnight_abort,True
54184M__916983,54184M,916983,2023-07-28,2023-08-01,4,4.93500407449075,4.9148426520370005,9.911113441676422,9.952971610333094,0.004223356830995167,0.004085391247793382,0.00830874807878855,0.01239413932658193,0.017018,0.00011,0.0070276538,0.0069766626,-0.007256,0.008199159037692659,0.01228455028548604,0.019624242193883625,convergence,False
54184M__916983,54184M,916983,2023-10-06,2023-10-10,1,5.1460734994907495,5.17351890050925,0.0,0.0,0.0,-0.005333270312057594,-0.005333270312057594,-0.010666540624115189,0.017018,0.0,0.0,0.0,0.0,-0.005333270312057594,-0.010666540624115189,-0.010666540624115189,overnight_abort,True
54366J__930819,54366J,930819,2023-01-23,2023-02-06,14,23.067019815000002,21.482563771401,22.73463735548527,21.873782839323482,-0.03786532869212824,0.06868923928216607,0.030823910590037827,0.09951314987220389,0.024465,0.000384,0.0076825568,0.0075377831,-0.018844,0.03044034894620221,0.09912958822836827,0.11760873447277596,convergence,False
54366J__930819,54366J,930819,2023-02-15,2023-02-17,1,23.842978640934003,22.762596486799502,0.0,0.0,0.0,0.045312381913545134,0.045312381913545134,0.09062476382709027,0.024465,0.0,0.0,0.0,0.0,0.045312381913545134,0.09062476382709027,0.09062476382709027,overnight_abort,True
54366J__930819,54366J,930819,2023-06-23,2023-06-27,4,31.2397385,29.023795125000003,27.535094503729447,29.12397499495142,0.05770383286706248,0.07093348028505418,0.12863731315211666,0.19957079343717085,0.024465,0.00011,0.0069679128,0.0069408294,-0.003887,0.12852772411102076,0.19946120439607495,0.203588407981726,convergence,False
87527P__691252,87527P,691252,2023-01-05,2023-01-06,1,10.8053873076885,9.981719264999999,0.0,0.0,0.0,0.07622753532420128,0.07622753532420128,0.15245507064840255,0.04844,0.0,0.0,0.0,0.0,0.07622753532420128,0.15245507064840255,0.15245507064840255,overnight_abort,True
87527P__691252,87527P,691252,2023-08-04,2023-08-30,26,11.5385737816885,10.4704384575,0.2196515769991244,0.2169511608745069,-0.012294089400634199,0.09257082759080767,0.08027673819017347,0.17284756578098115,0.04844,0.000712,0.0177989787,0.0176149359,-0.01034,0.07956440942305018,0.17213523701385786,0.18245489769245593,convergence,False
54188Q__930854,54188Q,930854,2023-01-04,2023-04-04,90,7.3738150749999996,6.9979184000000005,21.39061258610087,21.274423342079483,-0.00543178665658607,0.050977231077360456,0.045545444420774385,0.09652267549813484,0.014843,0.002466,0.0074959709,0.0075927256,0.012908,0.04307969099611685,0.09405692207347731,0.08138306104107308,force_close,False
54188Q__930854,54188Q,930854,2023-05-10,2023-07-26,77,6.4181366511955,6.30707306070675,19.060593026909636,19.116586949868683,0.0029376800018758613,0.01730464720910271,0.020242327210978572,0.03754697442008128,0.014843,0.00211,0.0074319052,0.0071313955,-0.040435,0.018132738169882683,0.03543738537898539,0.0777001516687051,convergence,False
87734F__932076,87734F,932076,2023-01-20,2023-01-24,4,74.166569143375,74.106658481625,37.11134424247246,37.26280531234232,0.004081260675449186,0.0008077852655443638,0.004889045940993549,0.005696831206537914,0.015435,0.00011,0.0076525726,0.0076825568,0.003918,0.004779456899897659,0.005587242165442023,0.001668420070127965,convergence,False
87734F__932076,87734F,932076,2023-03-03,2023-03-06,1,83.76672252572502,81.84809277205001,0.0,0.0,0.0,0.022904438610282133,0.022904438610282133,0.045808877220564266,0.015435,0.0,0.0,0.0,0.0,0.022904438610282133,0.045808877220564266,0.045808877220564266,overnight_abort,True
87734F__932076,87734F,932076,2023-07-26,2023-07-27,1,91.68571827572501,89.54969598162499,0.0,0.0,0.0,0.02329721939546124,0.02329721939546124,0.04659443879092248,0.015435,0.0,0.0,0.0,0.0,0.02329721939546124,0.04659443879092248,0.04659443879092248,overnight_abort,True
87734F__932076,87734F,932076,2023-09-05,2023-09-06,1,81.388002738975,78.69971772795,0.0,0.0,0.0,0.033030482633254726,0.033030482633254726,0.06606096526650945,0.015435,0.0,0.0,0.0,0.0,0.033030482633254726,0.06606096526650945,0.06606096526650945,overnight_abort,True
87734F__932076,87734F,932076,2023-09-20,2023-09-21,1,80.815916018375,74.923637011025,0.0,0.0,0.0,0.07290988332063567,0.07290988332063567,0.14581976664127133,0.015435,0.0,0.0,0.0,0.0,0.07290988332063567,0.14581976664127133,0.14581976664127133,overnight_abort,True
89661R__41345R,89661R,41345R,2023-04-21,2023-04-25,4,14.675804539999998,14.47453899,14.632506096125956,14.521427236939669,-0.007591239563241751,0.013714106742934225,0.006122867179692474,0.019836973922626698,0.019098,0.00011,0.0074496214,0.0074783123,0.003851,0.006013278138596583,0.019727384881530807,0.015919961580311486,convergence,False
89661R__41345R,89661R,41345R,2023-04-27,2023-05-02,5,15.4587818,14.464578156183002,15.112360211971277,14.562161679137601,-0.0364071875680832,0.06431319470574315,0.02790600713765995,0.0922192018434031,0.019098,0.000137,0.0073370263,0.0073230566,-0.001904,0.027769020836290088,0.09208221554203323,0.09392039640654128,convergence,False
89661R__41345R,89661R,41345R,2023-10-26,2023-10-27,1,8.3518577213183,7.9689662073549,0.0,0.0,0.0,0.045845071448722206,0.045845071448722206,0.09169014289744441,0.019098,0.0,0.0,0.0,0.0,0.045845071448722206,0.09169014289744441,0.09169014289744441,overnight_abort,True
93642Z__280340,93642Z,280340,2023-03-02,2023-03-10,8,5.018216700492,4.812094900492,4.990026766624973,4.8227626133483845,-0.033519690594709585,0.04107471085889759,0.007555020264188007,0.0486297311230856,0.009256,0.000219,0.0073597056,0.0074076818,0.006519,0.007335842181996227,0.04841055304089382,0.042151097806181974,convergence,False
93642Z__280340,93642Z,280340,2023-03-20,2023-04-04,15,4.8203925000000005,4.672325199344,4.989951729080741,4.685853853726557,-0.060942047511591026,0.030716855661857556,-0.03022519184973347,0.0004916638121240866,0.009256,0.000411,0.0076071654,0.0075927256,-0.001898,-0.03063615075384306,8.070490801449754e-05,0.0018665996889799458,convergence,False
93642Z__280340,93642Z,280340,2023-07-28,2023-08-15,18,4.00656,3.933538000656,3.9127076685108904,3.9310678170386,0.004692440653174884,0.018225609835869228,0.022918050489044113,0.04114366032491334,0.009256,0.000493,0.0070276538,0.006869075,-0.022565,0.022424899804112608,0.04065050963998183,0.06384474199409822,convergence,False
93642Z__280340,93642Z,280340,2023-09-08,2023-09-13,5,3.9765111004920004,4.0333744000000005,3.9465415502777543,4.026856841339746,0.02035080336512332,-0.014299796497730022,0.006051006867393299,-0.008248789630336723,0.009256,0.000137,0.0068217477,0.0067812701,-0.005934,0.005914020566023436,-0.008385775931706587,-0.0022952720778206793,convergence,False
93642Z__280340,93642Z,280340,2023-10-23,2023-10-24,1,3.8963800006560003,3.7837844,0.0,0.0,0.0,0.02889748962807619,0.02889748962807619,0.05779497925615238,0.009256,0.0,0.0,0.0,0.0,0.02889748962807619,0.05779497925615238,0.05779497925615238,overnight_abort,True
73097V__912082,73097V,912082,2023-05-09,2023-06-01,1,36.57713888988,37.555648110119996,0.0,0.0,0.0,-0.026751934403232647,-0.026751934403232647,-0.05350386880646529,0.017488,0.0,0.0,0.0,0.0,-0.026751934403232647,-0.05350386880646529,-0.05350386880646529,overnight_abort,True
73097V__912082,73097V,912082,2023-08-08,2023-08-28,20,38.43580036197599,37.415925748144005,19.871748053635468,18.61822854218812,-0.06308048532338453,0.026534496595026952,-0.036545988728357584,-0.010011492133330628,0.017488,0.000548,0.0069087015,0.0068238425,-0.012283,-0.03709393393383704,-0.01055943733881008,0.0010917772218928554,convergence,False
87417L__86521D,87417L,86521D,2023-07-13,2023-07-14,1,17.459258349792503,16.5268903882905,0.0,0.0,0.0,0.053402495273407964,0.053402495273407964,0.10680499054681593,0.028673999999999998,0.0,0.0,0.0,0.0,0.053402495273407964,0.10680499054681593,0.10680499054681593,overnight_abort,True
54390R__26568P,54390R,26568P,2023-03-01,2023-03-03,2,10.842237382347001,10.172826887653,10.334930707700492,10.331910622144093,-0.00029222117127001234,0.061740992295918014,0.061448771124648,0.12318976342056602,0.030791,5.5e-05,0.672992799,0.6769107176,0.005822,0.06139397660410006,0.12313496890001807,0.11734872028642722,convergence,False
54390R__26568P,54390R,26568P,2023-04-03,2023-04-19,16,10.396703467647002,10.044431997653,10.03851380392102,10.313177375300391,0.027360979597606156,0.03388299676817939,0.061243976365785546,0.09512697313396493,0.030791,0.000438,0.6672002935,0.6712987173,0.006143,0.06080562020140198,0.09468861696958136,0.08841635607966139,convergence,False
54390R__26568P,54390R,26568P,2023-07-17,2023-07-24,7,11.965941540000001,11.215787468,11.539133246945235,11.40947278059195,-0.01123658628238921,0.06269076858618856,0.051454182303799355,0.11414495088998791,0.030791,0.000192,0.677506821,0.6739907898,-0.00519,0.05126240148188155,0.1139531700680701,0.11911128656559866,convergence,False
54390R__26568P,54390R,26568P,2023-08-16,2023-08-17,1,11.550879270000001,10.72591158,0.0,0.0,0.0,0.07142033699050176,0.07142033699050176,0.14284067398100353,0.030791,0.0,0.0,0.0,0.0,0.07142033699050176,0.14284067398100353,0.14284067398100353,overnight_abort,True
54390R__26568P,54390R,26568P,2023-08-25,2023-09-06,12,11.1952417689,10.537073314053,11.362141488180477,10.837879287527311,-0.04614114348061338,0.058790017083451496,0.012648873602838118,0.07143889068628961,0.030791,0.000329,0.648403433,0.6383452865,-0.015512,0.012320106479550447,0.07111012356300195,0.0861396887874871,convergence,False
54390R__26568P,54390R,26568P,2023-09-08,2023-09-12,4,11.267423122347001,10.745665627653,10.99982340459689,11.009280874943492,0.0008597838345886176,0.04630672772545339,0.04716651156004201,0.0934732392854954,0.030791,0.00011,0.6431900167,0.6424050824,-0.00122,0.047056922518946116,0.09336365024439952,0.0945865689219531,convergence,False
54390R__26568P,54390R,26568P,2023-09-14,2023-09-25,11,11.550879270000001,10.864183,11.059009686481026,10.996469378946523,-0.0056551453798756295,0.05944969676754318,0.05379455138766755,0.11324424815521072,0.030791,0.000301,0.6455150742,0.6424050824,-0.004818,0.05349318152465385,0.11294287829219703,0.11775667013314522,convergence,False
87241F__540515,87241F,540515,2023-03-02,2023-03-07,5,16.190224859946,15.84039073,32.03615244184243,31.947936243585126,-0.002753645226824662,0.02160773756833214,0.018854092341507478,0.04046182990983962,0.025737,0.000137,0.0073597056,0.0072910211,-0.009333,0.018717106040137616,0.04032484360846975,0.04971932571392108,convergence,False
87241F__540515,87241F,540515,2023-05-26,2023-05-30,1,19.7813237737365,19.0223495387905,0.0,0.0,0.0,0.03836822265422311,0.03836822265422311,0.07673644530844621,0.025737,0.0,0.0,0.0,0.0,0.03836822265422311,0.07673644530844621,0.07673644530844621,overnight_abort,True
87241F__540515,87241F,540515,2023-06-02,2023-06-05,1,20.8102390386825,20.484454279919,0.0,0.0,0.0,0.01565502242227613,0.01565502242227613,0.03131004484455226,0.025737,0.0,0.0,0.0,0.0,0.01565502242227613,0.03131004484455226,0.03131004484455226,overnight_abort,True
87241F__540515,87241F,540515,2023-07-20,2023-07-24,4,21.011983312473,20.231692000054,40.262998737294495,40.72037103807537,0.011359618387222211,0.03713553836471056,0.04849515675193278,0.08563069511664334,0.025737,0.00011,0.0070519375,0.0070693855,0.002474,0.04838556771083689,0.08552110607554746,0.08302496229874815,convergence,False
87241F__540515,87241F,540515,2023-07-26,2023-07-27,1,21.748356922526998,23.1013889286555,0.0,0.0,0.0,-0.062213067908915336,-0.062213067908915336,-0.12442613581783067,0.025737,0.0,0.0,0.0,0.0,-0.062213067908915336,-0.12442613581783067,-0.12442613581783067,overnight_abort,True
87241F__540515,87241F,540515,2023-07-28,2023-08-01,4,22.525088062473,21.94657389,45.16282921921024,44.348030997363196,-0.0180413458575014,0.025683103696132026,0.007641757838630626,0.03332486153476265,0.025737,0.00011,0.0070276538,0.0069766626,-0.007256,0.007532168797534735,0.03321527249366676,0.04039223560567269,convergence,False
86969D__916526,86969D,916526,2023-04-27,2023-05-02,5,14.340024405000001,13.839207935,27.683084473635795,28.351210880753776,0.024134825284887477,0.03492438059068993,0.059059205875577406,0.09398358646626734,0.045333,0.000137,0.0073370263,0.0073230566,-0.001904,0.05892221957420754,0.09384660016489747,0.09580027293437773,convergence,False
86969D__916526,86969D,916526,2023-05-25,2023-05-30,5,14.16676185,12.662237735,26.900137000004122,25.9101489600675,-0.03680234193366642,0.1062009886895925,0.06939864675592608,0.1755996354455186,0.045333,0.000137,0.0071106055,0.00715282,0.005937,0.06926166045455621,0.17546264914414875,0.16977805096658508,convergence,False
86969D__916526,86969D,916526,2023-06-07,2023-06-14,7,14.115803294191501,13.5743906208085,27.6863013495684,27.6561542779596,-0.0010888804260330833,0.03835507353703247,0.037266193110999386,0.07562126664803186,0.045333,0.000192,0.007198128,0.007138013,-0.008351,0.03707441228908158,0.07542948582611404,0.08384212698454122,convergence,False
86969D__916526,86969D,916526,2023-07-20,2023-08-04,15,13.73819182425,11.681429235,26.331444339045312,24.69433455294797,-0.06217318598318472,0.1497113022995866,0.08753811631640188,0.23724941861598847,0.045333,0.000411,0.0070519375,0.0070539273,0.000282,0.08712715741229228,0.2368384597118789,0.23657391377666193,convergence,False
86969D__916526,86969D,916526,2023-09-01,2023-09-13,12,14.115803294191501,12.426844675808498,26.43869784802092,26.010407262463225,-0.016199382738879987,0.11965019511698573,0.10345081237810574,0.22310100749509146,0.045333,0.000329,0.0067695636,0.0067812701,0.001729,0.10312204525481808,0.2227722403718038,0.22107390631990292,convergence,False
93053R__87406E,93053R,87406E,2023-03-03,2023-03-06,1,9.778782000000001,9.4569999808856,0.0,0.0,0.0,0.03290614507148246,0.03290614507148246,0.06581229014296491,0.011789,0.0,0.0,0.0,0.0,0.03290614507148246,0.06581229014296491,0.06581229014296491,overnight_abort,True
93053R__87406E,93053R,87406E,2023-06-27,2023-06-29,2,10.85194064,10.768119397048,22.04078378281198,21.631895056380763,-0.018551460350066194,0.007724078644794376,-0.010827381705271817,-0.0031033030604774407,0.011789,5.5e-05,0.0069216123,0.0069072699,-0.002072,-0.010882176225819763,-0.003158097581025386,-0.0011201972616711184,convergence,False
93053R__87406E,93053R,87406E,2023-07-13,2023-07-19,6,11.1829148,10.887765157048,21.729396663287872,21.80628311326218,0.0035383610123058537,0.026392908130892786,0.02993126914319864,0.056324177274091426,0.011789,0.000164,0.0072074669,0.0071589648,-0.006729,0.029766885581554804,0.056159793712447593,0.06295878201584794,convergence,False
93053R__87406E,93053R,87406E,2023-08-14,2023-08-15,1,10.81182256,10.598621237048,0.0,0.0,0.0,0.019719276909035688,0.019719276909035688,0.039438553818071376,0.011789,0.0,0.0,0.0,0.0,0.019719276909035688,0.039438553818071376,0.039438553818071376,overnight_abort,True
8748D0__887921,8748D0,887921,2023-03-15,2023-03-22,7,14.543729380683,13.95926287,14.283654294725249,14.31422285857435,0.002140108071671118,0.04018683897262898,0.042326947044300095,0.08251378601692907,0.032279,0.000192,0.007476915,0.0076071654,0.01742,0.04213516622238229,0.08232200519501126,0.06516329454933775,convergence,False
8748D0__887921,8748D0,887921,2023-04-11,2023-05-02,21,14.80650595,15.2354818,14.948259061481401,15.614962844523543,0.04460076456395517,-0.028972118840772186,0.015628645723182982,-0.013343473117589204,0.032279,0.000575,0.007474679,0.0073230566,-0.020285,0.015053303257429557,-0.013918815583342629,0.007709431146994256,convergence,False
8748D0__887921,8748D0,887921,2023-08-07,2023-08-17,10,13.593686349999999,14.2461648,14.11855562143588,14.341229977126828,0.015771751846404666,-0.04799863945661819,-0.03222688761021353,-0.08022552706683171,0.032279,0.000274,0.0069087015,0.0068568294,-0.007508,-0.03250086021295325,-0.08049949966957144,-0.0728151588736705,convergence,False
90534M__88801L,90534M,88801L,2023-02-13,2023-02-16,3,17.049840913287497,17.5587789836025,35.74774791748147,35.249078359451445,-0.013949677590351438,-0.029850018712982367,-0.0437996963033338,-0.07364971501631618,0.012517,8.2e-05,0.0075123008,0.0074657503,-0.006197,-0.04388188808415572,-0.07373190679713809,-0.06758367873045192,convergence,False
90534M__88801L,90534M,88801L,2023-03-20,2023-03-22,1,18.2426304929725,18.1374063663975,0.0,0.0,0.0,0.005768034747814138,0.005768034747814138,0.011536069495628276,0.012517,0.0,0.0,0.0,0.0,0.005768034747814138,0.011536069495628276,0.011536069495628276,overnight_abort,True
90534M__88801L,90534M,88801L,2023-05-11,2023-05-19,8,19.2149047226575,19.743635939055,38.68469527275439,39.49247606048615,0.020881146459506374,-0.027516723295226093,-0.00663557683571972,-0.03415230013094581,0.012517,0.000219,0.0073678388,0.0072482151,-0.016236,-0.0068547549179115005,-0.034371478213137595,-0.017522974365655537,convergence,False
90534M__88801L,90534M,88801L,2023-05-26,2023-05-30,1,19.445438485944997,18.8058508586025,0.0,0.0,0.0,0.032891396499224505,0.032891396499224505,0.06578279299844901,0.012517,0.0,0.0,0.0,0.0,0.032891396499224505,0.06578279299844901,0.06578279299844901,overnight_abort,True
86965N__932147,86965N,932147,2023-04-26,2023-05-02,6,19.739432166285,18.7932150219625,19.494439213193857,18.85399465845869,-0.03285267905022448,0.04793537809758484,0.015082699047360357,0.0630180771449452,0.031237,0.000164,0.007465193,0.0073230566,-0.01904,0.01491831548571652,0.06285369358330137,0.08162547782288312,convergence,False
91091C__140619,91091C,140619,2023-02-14,2023-02-16,2,10.422007935,10.2981084138465,20.790790671912625,20.728216210428464,-0.0030097201434814086,0.011888258186544987,0.008878538043063579,0.020766796229608565,0.003789,5.5e-05,0.0074557316,0.0074657503,0.001344,0.008823743522515633,0.02071200170906062,0.019374085744097387,convergence,False
91091C__140619,91091C,140619,2023-05-26,2023-05-30,1,10.99266543,10.907404778846498,0.0,0.0,0.0,0.007756139918605943,0.007756139918605943,0.015512279837211885,0.003789,0.0,0.0,0.0,0.0,0.007756139918605943,0.015512279837211885,0.015512279837211885,overnight_abort,True
91091C__140619,91091C,140619,2023-06-02,2023-06-05,1,11.1128048511535,11.107173079999999,0.0,0.0,0.0,0.0005067821516650359,0.0005067821516650359,0.0010135643033300718,0.003789,0.0,0.0,0.0,0.0,0.0005067821516650359,0.0010135643033300718,0.0010135643033300718,overnight_abort,True
8751Q5__951907,8751Q5,951907,2023-03-14,2023-03-15,1,26.029822035763,25.272469918815,0.0,0.0,0.0,0.029095554933393632,0.029095554933393632,0.058191109866787265,0.030997999999999998,0.0,0.0,0.0,0.0,0.029095554933393632,0.058191109866787265,0.058191109866787265,overnight_abort,True
8751Q5__951907,8751Q5,951907,2023-05-10,2023-05-11,1,30.714289382374,27.130561685289,0.0,0.0,0.0,0.11667949248214075,0.11667949248214075,0.2333589849642815,0.030997999999999998,0.0,0.0,0.0,0.0,0.11667949248214075,0.2333589849642815,0.2333589849642815,overnight_abort,True
8751Q5__951907,8751Q5,951907,2023-07-20,2023-07-24,4,30.970666067289002,29.713564932710998,29.951696964525002,29.517799049947275,-0.014486588692842313,0.04059005808421232,0.02610346939137001,0.06669352747558233,0.030997999999999998,0.00011,0.0070519375,0.0070693855,0.002474,0.02599388035027412,0.06658393843448644,0.06415158586289645,convergence,False
8751Q5__951907,8751Q5,951907,2023-08-08,2023-08-15,7,31.904614511185002,35.359736312259,34.13910513755771,35.500296800108444,0.039871919813540525,-0.10829536272449605,-0.06842344291095553,-0.1767188056354516,0.030997999999999998,0.000192,0.0069577313,0.006869075,-0.012742,-0.06861522373287335,-0.1769105864573694,-0.1634893911895108,convergence,False
8751Q5__951907,8751Q5,951907,2023-09-14,2023-09-15,1,39.657325155422,37.629877795422,0.0,0.0,0.0,0.05112415807304665,0.05112415807304665,0.1022483161460933,0.030997999999999998,0.0,0.0,0.0,0.0,0.05112415807304665,0.1022483161460933,0.1022483161460933,overnight_abort,True
8748DZ__28545H,8748DZ,28545H,2023-03-27,2023-03-28,1,7.906461240671599,7.704042261343201,0.0,0.0,0.0,0.025601716515997807,0.025601716515997807,0.051203433031995614,0.007757,0.0,0.0,0.0,0.0,0.025601716515997807,0.051203433031995614,0.051203433031995614,overnight_abort,True
8748DZ__28545H,8748DZ,28545H,2023-06-02,2023-06-05,1,8.4984425610074,8.3618267786568,0.0,0.0,0.0,0.01607539044594131,0.01607539044594131,0.03215078089188262,0.007757,0.0,0.0,0.0,0.0,0.01607539044594131,0.03215078089188262,0.03215078089188262,overnight_abort,True
8748DZ__28545H,8748DZ,28545H,2023-07-21,2023-07-25,4,8.518509219328399,8.3518601593284,17.007185069384786,16.935220854561585,-0.004231400700915857,0.01956317187775937,0.015331771176843513,0.03489494305460288,0.007757,0.00011,0.0070693855,0.0070969802,0.003903,0.015222182135747622,0.03478535401350699,0.030913575455201486,convergence,False
8748DZ__28545H,8748DZ,28545H,2023-07-28,2023-07-31,1,8.819516819999999,8.630919620335801,0.0,0.0,0.0,0.02138407392528764,0.02138407392528764,0.04276814785057528,0.007757,0.0,0.0,0.0,0.0,0.02138407392528764,0.04276814785057528,0.04276814785057528,overnight_abort,True
8748DZ__28545H,8748DZ,28545H,2023-09-25,2023-09-26,1,9.3111620393284,9.127247436,0.0,0.0,0.0,0.01975205699907095,0.01975205699907095,0.0395041139981419,0.007757,0.0,0.0,0.0,0.0,0.01975205699907095,0.0395041139981419,0.0395041139981419,overnight_abort,True
94542N__932145,94542N,932145,2023-01-20,2023-01-25,5,16.9628477625,17.816145015624997,168.5691919802004,178.76497743330987,0.06048427552709056,-0.05030389148521346,0.0101803840418771,-0.04012350744333636,0.012879999999999999,0.000137,0.0076525726,0.0077160488,0.008295,0.010043397740507236,-0.04026049374470623,-0.04898458475488914,convergence,False
94542N__932145,94542N,932145,2023-10-24,2023-10-25,1,14.124,14.026031249999999,0.0,0.0,0.0,0.00693633177570104,0.00693633177570104,0.01387266355140208,0.012879999999999999,0.0,0.0,0.0,0.0,0.00693633177570104,0.01387266355140208,0.01387266355140208,overnight_abort,True
8674W2__8745RP,8674W2,8745RP,2023-07-26,2023-08-29,34,2.305317167779,1.8704395046674,2.171340898967725,2.016084078021806,-0.07150273870847702,0.18864114196077061,0.11713840325229359,0.3057795452130642,0.050534,0.000932,0.0070276538,0.0068547143,-0.024608,0.11620689640297852,0.30484803836374913,0.328273354881919,convergence,False
87275J__77933E,87275J,77933E,2023-01-11,2023-01-12,1,23.707521267085003,22.895550361845,0.0,0.0,0.0,0.03424950656344344,0.03424950656344344,0.06849901312688687,0.031659,0.0,0.0,0.0,0.0,0.03424950656344344,0.06849901312688687,0.06849901312688687,overnight_abort,True
87275J__77933E,87275J,77933E,2023-02-09,2023-02-14,5,23.970611085535005,22.80661937631,23.452403770511847,22.97086987500957,-0.020532389780349068,0.04855911704009134,0.02802672725974227,0.07658584429983362,0.031659,0.000137,0.0076089018,0.0075123008,-0.012696,0.02788974095837241,0.07644885799846375,0.08904387424366365,convergence,False
87275J__77933E,87275J,77933E,2023-05-11,2023-05-16,5,22.715917214465,21.769053661845,22.006657962253335,22.01845307404082,0.0005359792389974296,0.04168282282773331,0.04221880206673074,0.08390162489446404,0.031659,0.000137,0.0073678388,0.0073321846,-0.004839,0.042081815765360873,0.08376463859309417,0.08862994298150034,convergence,False
87275J__77933E,87275J,77933E,2023-07-31,2023-08-01,1,19.579207832915003,18.231456785535,0.0,0.0,0.0,0.0688358313002977,0.0688358313002977,0.1376716626005954,0.031659,0.0,0.0,0.0,0.0,0.0688358313002977,0.1376716626005954,0.1376716626005954,overnight_abort,True
87275J__77933E,87275J,77933E,2023-08-09,2023-08-10,1,18.749486838155,18.735425717085,0.0,0.0,0.0,0.0007499469820894457,0.0007499469820894457,0.0014998939641788914,0.031659,0.0,0.0,0.0,0.0,0.0007499469820894457,0.0014998939641788914,0.0014998939641788914,overnight_abort,True
87275J__77933E,87275J,77933E,2023-09-20,2023-09-21,1,19.457775302620004,17.875720985535,0.0,0.0,0.0,0.08130705039398714,0.08130705039398714,0.16261410078797428,0.031659,0.0,0.0,0.0,0.0,0.08130705039398714,0.16261410078797428,0.16261410078797428,overnight_abort,True
8785V9__50631X,8785V9,50631X,2023-01-04,2023-01-09,5,115.48847026259999,117.410381,11.91149061655968,11.926411394649177,0.0012526373541153282,-0.016641581042938162,-0.015388943688822834,-0.032030524731761,0.017422,0.000137,0.1279737861,0.1281427046,0.00132,-0.015525929990192698,-0.03216751103313086,-0.03348736840738295,convergence,False
8785V9__50631X,8785V9,50631X,2023-06-01,2023-06-07,6,94.47021250008,97.00393606243999,9.727070399638189,9.769292060095408,0.004340634818350826,-0.026820343633267997,-0.02247970881491717,-0.049300052448185167,0.017422,0.000164,0.1275908893,0.1275168609,-0.00058,-0.022644092376561006,-0.049464436009829,-0.04888137797557497,convergence,False
8785V9__50631X,8785V9,50631X,2023-07-07,2023-07-14,7,98.32669288121998,98.47049755444,9.534223331565913,10.047045009367467,0.05378746227851657,-0.0014625191695782531,0.052324943108938315,0.050862423939360066,0.017422,0.000192,0.1277489922,0.1279762542,0.001779,0.05213316228702051,0.05067064311744226,0.04879931278550355,convergence,False
8785V9__50631X,8785V9,50631X,2023-10-24,2023-10-26,2,84.42520796244,81.28793597495999,8.304897406151513,8.18232789022755,-0.014758703200014864,0.03716037026376943,0.022401667063754564,0.05956203732752399,0.017422,5.5e-05,0.1278486321,0.1278633331,0.000115,0.02234687254320662,0.05950724280697605,0.059393965357115316,convergence,False
9326MM__9313M7,9326MM,9313M7,2023-07-07,2023-07-14,7,7.104039360000001,7.2137772818193,1.363765935883995,1.46705106257887,0.07573522990800127,-0.015447257012283654,0.06028797289571762,0.04484071588343397,0.021074000000000002,0.000192,0.1277489922,0.1279762542,0.001779,0.06009619207379981,0.04464893506151616,0.04273862958064709,convergence,False
9326MM__9313M7,9326MM,9313M7,2023-07-24,2023-07-25,1,7.2453132736386,7.2137772818193,0.0,0.0,0.0,0.004352605695331507,0.004352605695331507,0.008705211390663013,0.021074000000000002,0.0,0.0,0.0,0.0,0.004352605695331507,0.008705211390663013,0.008705211390663013,overnight_abort,True
9326MM__9313M7,9326MM,9313M7,2023-08-29,2023-08-31,2,8.251382181409651,7.7587744050000005,1.5900541309564273,1.5738881703180656,-0.010166924712580575,0.05970003153162572,0.049533106819045145,0.10923313835067087,0.021074000000000002,5.5e-05,0.1274291192,0.1275209245,0.00072,0.0494783122984972,0.10917834383012293,0.10846573981801291,convergence,False
9326MM__9313M7,9326MM,9313M7,2023-10-24,2023-10-25,1,8.552093241138602,8.29386219590965,0.0,0.0,0.0,0.03019506896706512,0.03019506896706512,0.06039013793413024,0.021074000000000002,0.0,0.0,0.0,0.0,0.03019506896706512,0.06039013793413024,0.06039013793413024,overnight_abort,True
7086Q0__503359,7086Q0,503359,2023-08-09,2023-08-25,16,24.344051276787003,23.003659730893503,49.09522568481409,47.40090006605948,-0.03451100580801877,0.055060332015140594,0.020549326207121826,0.07560965822226243,0.029615,0.000438,0.0068327013,0.0068294344,-0.000478,0.020110970042738263,0.07517130205787886,0.07563314938086158,convergence,False
7198TD__503096,7198TD,503096,2023-03-30,2023-04-04,5,69.69813252298,10.737954994255,115.51330102574431,109.42271418145805,-0.05272628165070672,0.8459362596162155,0.7932099779655089,1.6391462375817243,0.016816,0.000137,0.007529837,0.0075927256,0.008352,0.793072991664139,1.6390092512803545,1.631163225873644,convergence,False
7018KV__68923Q,7018KV,68923Q,2023-05-11,2023-05-18,7,21.850139320130502,21.3674835003915,42.626318686321326,42.81344088987767,0.004389827912031002,0.022089370354464115,0.026479198266495117,0.048568568620959235,0.056879,0.000192,0.0073678388,0.0072085055,-0.021626,0.02628741744457731,0.04837678779904143,0.0705773321098775,convergence,False
7018KV__68923Q,7018KV,68923Q,2023-05-19,2023-05-23,4,22.956344030522004,21.229566215522002,43.97828320681406,42.61160933511147,-0.03107610784340123,0.07522007043909669,0.04414396259569546,0.11936403303479215,0.056879,0.00011,0.0072147469,0.007215267,7.2e-05,0.04403437355459957,0.11925444399369627,0.11918460079644377,convergence,False
7018KV__68923Q,7018KV,68923Q,2023-05-26,2023-05-30,1,21.6776135348695,20.017859641044,0.0,0.0,0.0,0.07656534199005366,0.07656534199005366,0.15313068398010732,0.056879,0.0,0.0,0.0,0.0,0.07656534199005366,0.15313068398010732,0.15313068398010732,overnight_abort,True
7018KV__68923Q,7018KV,68923Q,2023-07-10,2023-07-11,1,24.194485835391504,23.121014805261,0.0,0.0,0.0,0.04436841673073445,0.04436841673073445,0.0887368334614689,0.056879,0.0,0.0,0.0,0.0,0.04436841673073445,0.0887368334614689,0.0887368334614689,overnight_abort,True
2644WA__98247H,2644WA,98247H,2023-03-16,2023-03-22,6,28.142464,28.126167214560002,222.54151068801002,223.41625460000003,0.003930699981705203,0.0005790816838212182,0.004509781665526421,0.00508886334934764,0.027777999999999997,0.000164,1.0,1.0,0.0,0.004345398103882586,0.004924479787703805,0.004924479787703805,convergence,False
2644WA__98247H,2644WA,98247H,2023-07-28,2023-08-04,7,28.132419150528,26.653686510528,216.48870468801002,207.5570706,-0.04125681337916325,0.05256329475569636,0.01130648137653311,0.06386977613222947,0.027777999999999997,0.000192,1.0,1.0,0.0,0.011114700554615302,0.06367799531031165,0.06367799531031165,convergence,False
2721ME__32307F,2721ME,32307F,2023-01-04,2023-01-09,5,11.70159,12.141165989500001,11.926630070129418,12.246938515894266,0.026856575904627873,-0.03756549233907542,-0.010708916434447546,-0.048274408773522966,0.037136,0.000137,0.1279737861,0.1281427046,0.00132,-0.01084590273581741,-0.04841139507489283,-0.04976500371815029,convergence,False
2721ME__32307F,2721ME,32307F,2023-03-02,2023-03-06,4,11.661169999999998,11.0527159895,11.48771679249586,11.151976310511966,-0.029226041000872373,0.05217778409027561,0.02295174308940324,0.07512952717967886,0.037136,0.00011,0.127398279,0.1273958331,-1.9e-05,0.022842154048307348,0.07501993813858297,0.07503857623661611,convergence,False
2721ME__32307F,2721ME,32307F,2023-06-01,2023-06-12,11,8.11684155315,8.60864990105,8.546818057068393,8.703490260841036,0.018331056391573994,-0.060591098727206166,-0.04226004233563217,-0.10285114106283834,0.037136,0.000301,0.1275908893,0.1276259078,0.000274,-0.04256141219864587,-0.10315251092585204,-0.10343192461789112,convergence,False
2721ME__32307F,2721ME,32307F,2023-06-14,2023-06-16,2,9.357230303149999,9.895,10.265693327653693,10.026882759631,-0.023262975076353165,-0.05747103356737592,-0.0807340086437291,-0.13820504221110502,0.037136,5.5e-05,0.1278535261,0.1278739674,0.00016,-0.08078880316427704,-0.13825983673165296,-0.13841597308179152,convergence,False
2721ME__32307F,2721ME,32307F,2023-07-07,2023-07-14,7,9.87005875,10.162165989500002,9.851644836783823,10.320526714579568,0.047594273399406944,-0.02959528883250079,0.017998984566906153,-0.011596304265594638,0.037136,0.000192,0.1277489922,0.1279762542,0.001779,0.017807203744988346,-0.011788085087512447,-0.013648417469090403,convergence,False
2721ME__32307F,2721ME,32307F,2023-07-24,2023-07-25,1,9.97363489895,9.84552490105,0.0,0.0,0.0,0.012844865407444025,0.012844865407444025,0.02568973081488805,0.037136,0.0,0.0,0.0,0.0,0.012844865407444025,0.02568973081488805,0.02568973081488805,overnight_abort,True
2721ME__32307F,2721ME,32307F,2023-10-24,2023-10-27,3,10.34752,9.895,10.020428930659111,10.06966634487114,0.004913703250903583,0.04373221796140523,0.04864592121230881,0.09237813917371404,0.037136,8.2e-05,0.1278486321,0.1278535261,3.8e-05,0.048563729431486895,0.09229594739289212,0.09225748112751997,convergence,False
9602KM__503745,9602KM,503745,2023-05-09,2023-05-16,7,13.443260376888,13.606271063112,136.29212361943732,138.40002575182632,0.015466059786952953,-0.01212582972090999,0.0033402300660429624,-0.008785599654867028,0.041619,0.000192,0.0074429683,0.0073321846,-0.014884,0.0031484492441251543,-0.008977380476784837,0.006365534829469196,convergence,False
9602KM__503745,9602KM,503745,2023-08-21,2023-08-24,3,11.490835416888,10.814232,109.92971387444942,112.38614003338216,0.02234542483880404,0.05888200399194653,0.08122742883075057,0.14010943282269708,0.041619,8.2e-05,0.0068544794,0.0068547143,3.4e-05,0.08114523704992865,0.14002724104187517,0.13999220691356812,convergence,False
9602KM__503745,9602KM,503745,2023-08-28,2023-08-30,2,11.694212,10.912544183112,113.821582327588,113.1574517972453,-0.005834838321183061,0.06684228205269406,0.061007443731511,0.12784972578420506,0.041619,5.5e-05,0.0068547143,0.0068373726,-0.00253,0.06095264921096306,0.12779493126365712,0.13031644281391047,convergence,False
9602KM__503745,9602KM,503745,2023-09-05,2023-09-06,1,12.3551892,11.502410399999999,0.0,0.0,0.0,0.0690219134806937,0.0690219134806937,0.1380438269613874,0.041619,0.0,0.0,0.0,0.0,0.0690219134806937,0.1380438269613874,0.1380438269613874,overnight_abort,True
9077LA__87834U,9077LA,87834U,2023-05-26,2023-06-15,20,12.412611530000001,11.4805607,36.03146446543788,36.410621073926244,0.010522930835965892,0.07508901956267065,0.08561195039863655,0.1607009699613072,0.084859,0.000548,0.0071764321,0.0071280918,-0.006736,0.0850640051931571,0.16015302475582774,0.1670060483986336,convergence,False
9077LA__87834U,9077LA,87834U,2023-06-27,2023-07-31,34,12.045099880247001,10.911357394752999,35.23308554786237,34.80913942846511,-0.012032614027555294,0.09412478906490838,0.0820921750373531,0.17621696410226148,0.084859,0.000932,0.0069216123,0.0070276538,0.01532,0.08116066818803802,0.17528545725294642,0.1603778441944322,convergence,False
9103NM__9091D9,9103NM,9091D9,2023-05-15,2023-05-23,8,5.827383135000001,6.3984197425826,29.629161759340104,32.41122072911168,0.09389597290563179,-0.09799194498691557,-0.0040959720812837885,-0.10208791706819936,0.028361,0.000219,0.0073321846,0.007215267,-0.015946,-0.004315150163475569,-0.10230709515039114,-0.0845813905019297,convergence,False
9103NM__9091D9,9103NM,9091D9,2023-05-26,2023-05-30,1,6.275255975563051,6.1897756075826,0.0,0.0,0.0,0.013621813725739087,0.013621813725739087,0.027243627451478174,0.028361,0.0,0.0,0.0,0.0,0.013621813725739087,0.027243627451478174,0.027243627451478174,overnight_abort,True
9103NM__9091D9,9103NM,9091D9,2023-08-10,2023-08-15,5,6.74325844935435,6.646805617582601,34.24966924011227,33.807450592912,-0.012911618039287703,0.014303594100117068,0.0013919760608293655,0.015695570160946436,0.028361,0.000137,0.0068702552,0.006869075,-0.000172,0.0012549897594595024,0.015558583859576572,0.015728178995513997,convergence,False
7731LX__314060,7731LX,314060,2023-01-04,2023-01-09,5,36.918306,33.113217272034,6.824387360451846,6.762234711012284,-0.009107432822430926,0.1030678040310409,0.09396037120860998,0.19702817523965088,0.06714,0.000137,0.1279737861,0.1281427046,0.00132,0.09382338490724011,0.19689118893828103,0.19558498827214654,convergence,False
7731LX__314060,7731LX,314060,2023-06-14,2023-06-16,2,34.2007156535595,32.97678943652549,6.676202971710805,6.722684904825661,0.006962330730778308,0.03578656743419997,0.04274889816497828,0.07853546559917825,0.06714,5.5e-05,0.1278535261,0.1278739674,0.00016,0.04269410364443034,0.0784806710786303,0.0783197030605912,convergence,False
7731LX__314060,7731LX,314060,2023-07-25,2023-07-27,2,35.636420375,35.052461203983,7.049019999235264,7.2019156794673584,0.02169034564360465,0.01638658330079259,0.03807692894439724,0.054463512245189825,0.06714,5.5e-05,0.1281878689,0.1281632221,-0.000192,0.038022134423849295,0.054408717724641883,0.054605196848671426,convergence,False
7731LX__314060,7731LX,314060,2023-10-24,2023-10-25,1,28.970615125,27.266268272033997,0.0,0.0,0.0,0.058830192096792806,0.058830192096792806,0.11766038419358561,0.06714,0.0,0.0,0.0,0.0,0.058830192096792806,0.11766038419358561,0.11766038419358561,overnight_abort,True
9331D3__9301C6,9331D3,9301C6,2023-02-07,2023-02-08,1,12.210308188303499,11.386477609999998,0.0,0.0,0.0,0.06747008884613283,0.06747008884613283,0.13494017769226566,0.035404,0.0,0.0,0.0,0.0,0.06747008884613283,0.13494017769226566,0.13494017769226566,overnight_abort,True
9331D3__9301C6,9331D3,9301C6,2023-04-28,2023-05-09,11,9.545319071330349,9.620290875,19.599266582561743,19.885525663165136,0.014605601663589278,-0.007854300428241466,0.006751301235347812,-0.0011029991928936545,0.035404,0.000301,0.0072729917,0.0073948088,0.016749,0.006449931372334113,-0.0014043690559073531,-0.018118298432744515,convergence,False
9331D3__9301C6,9331D3,9301C6,2023-08-01,2023-08-02,1,13.598533983303499,12.165967844999999,0.0,0.0,0.0,0.10534710139066665,0.10534710139066665,0.2106942027813333,0.035404,0.0,0.0,0.0,0.0,0.10534710139066665,0.2106942027813333,0.2106942027813333,overnight_abort,True
9387PK__93766U,9387PK,93766U,2023-01-06,2023-01-12,6,11.410822555,11.2020172791165,11.117728468603246,11.305078490435916,0.016851465869287117,0.018298880284664903,0.03515034615395202,0.05344922643861692,0.021072,0.000164,0.0075605791,0.0077378413,0.023446,0.034985962592308184,0.05328484287697309,0.02999031912999282,convergence,False
9387PK__93766U,9387PK,93766U,2023-02-03,2023-02-06,1,11.441036559999999,11.27896344,0.0,0.0,0.0,0.014165947215537851,0.014165947215537851,0.028331894431075703,0.021072,0.0,0.0,0.0,0.0,0.014165947215537851,0.028331894431075703,0.028331894431075703,overnight_abort,True
9387PK__93766U,9387PK,93766U,2023-03-31,2023-04-03,1,11.702891269999999,11.3186781,0.0,0.0,0.0,0.03283061947135384,0.03283061947135384,0.06566123894270769,0.021072,0.0,0.0,0.0,0.0,0.03283061947135384,0.06566123894270769,0.06566123894270769,overnight_abort,True
9387PK__93766U,9387PK,93766U,2023-05-17,2023-05-19,2,11.380609557133498,10.792458855,10.986976276304935,10.932847538333025,-0.004926627364131705,0.05168007031440938,0.046753442950277675,0.09843351326468706,0.021072,5.5e-05,0.0072085055,0.0072482151,0.005509,0.04669864842972973,0.09837871874413912,0.09292717446008193,convergence,False
9387PK__93766U,9387PK,93766U,2023-06-09,2023-06-20,11,11.0381841671335,10.574028225000001,10.903345776336515,10.701859180155264,-0.018479336555439395,0.042050026988636,0.023570690433196602,0.06562071742183259,0.021072,0.000301,0.0071630672,0.0070693855,-0.013078,0.023269320570182904,0.0653193475588189,0.07832620994263073,convergence,False
9387PK__93766U,9387PK,93766U,2023-08-04,2023-08-15,11,11.410822555,11.0456398125,11.14930777368469,11.110575924063188,-0.003473924158136501,0.03200319177165577,0.028529267613519267,0.060532459385175034,0.021072,0.000301,0.0070170514,0.006869075,-0.021088,0.02822789775050557,0.06023108952216134,0.08169865847565311,convergence,False
9344KQ__9330CR,9344KQ,9330CR,2023-03-24,2023-03-27,1,37.62326634856299,33.053477590957996,0.0,0.0,0.0,0.12146177621230216,0.12146177621230216,0.2429235524246043,0.037191,0.0,0.0,0.0,0.0,0.12146177621230216,0.2429235524246043,0.2429235524246043,overnight_abort,True
9344KQ__9330CR,9344KQ,9330CR,2023-06-06,2023-06-07,1,32.4988075167815,30.921006758084,0.0,0.0,0.0,0.0485494970202449,0.0485494970202449,0.0970989940404898,0.037191,0.0,0.0,0.0,0.0,0.0485494970202449,0.0970989940404898,0.0970989940404898,overnight_abort,True
9344KQ__9330CR,9344KQ,9330CR,2023-07-07,2023-07-14,7,31.962056594521,32.974494776437,15.560998920097843,16.857554346341136,0.08332083517907862,-0.0316762527130233,0.05164458246605532,0.01996832975303202,0.037191,0.000192,0.1277489922,0.1279762542,0.001779,0.051452801644137514,0.01977654893111421,0.017852772827621412,convergence,False
9344KQ__9330CR,9344KQ,9330CR,2023-07-24,2023-07-25,1,34.083746859760495,33.685324310958,0.0,0.0,0.0,0.011689517306938858,0.011689517306938858,0.023379034613877716,0.037191,0.0,0.0,0.0,0.0,0.011689517306938858,0.023379034613877716,0.023379034613877716,overnight_abort,True
9344KQ__9330CR,9344KQ,9330CR,2023-10-24,2023-10-27,3,29.308684168218498,28.028325595000002,14.094266866350843,14.362844191180901,0.019055785403870106,0.0436852970222007,0.06274108242607081,0.1064263794482715,0.037191,8.2e-05,0.1278486321,0.1278535261,3.8e-05,0.06265889064524889,0.10634418766744959,0.10630518006894292,convergence,False
9602NL__29375R,9602NL,29375R,2023-07-31,2023-08-01,1,11.92867375005,11.056903075000001,0.0,0.0,0.0,0.07308194467522808,0.07308194467522808,0.14616388935045616,0.028845999999999997,0.0,0.0,0.0,0.0,0.07308194467522808,0.14616388935045616,0.14616388935045616,overnight_abort,True
9602NL__29375R,9602NL,29375R,2023-08-08,2023-08-15,7,10.920425085,9.708258395,21.391966631690483,19.70716215007842,-0.07875874671177541,0.11099995472383209,0.03224120801205668,0.14324116273588877,0.028845999999999997,0.000192,0.0069577313,0.006869075,-0.012742,0.032049427190138875,0.14304938191397096,0.15493946040691156,convergence,False
516889__916561,516889,916561,2023-12-20,2023-12-22,2,9.956654500369499,9.649214423152499,9.820757008670821,9.786351584489285,-0.0035033372835881066,0.030877849302252194,0.027374512018664088,0.05825236132091628,0.009796,5.5e-05,0.0070365544,0.0070212388,-0.002177,0.027319717498116142,0.05819756680036834,0.06037124935443532,convergence,False
516889__916561,516889,916561,2024-03-05,2024-03-06,1,10.587477711195,10.052718446305,0.0,0.0,0.0,0.05050865555301757,0.05050865555301757,0.10101731110603514,0.009796,0.0,0.0,0.0,0.0,0.05050865555301757,0.10101731110603514,0.10101731110603514,overnight_abort,True
516889__916561,516889,916561,2024-04-08,2024-04-09,1,10.44846495,10.072643549999999,0.0,0.0,0.0,0.03596905399965009,0.03596905399965009,0.07193810799930019,0.009796,0.0,0.0,0.0,0.0,0.03596905399965009,0.07193810799930019,0.07193810799930019,overnight_abort,True
516889__916561,516889,916561,2024-04-10,2024-04-12,2,10.578945299999999,10.147367421304999,10.265147750579809,10.274978802548532,0.0009577116869231146,0.04079592685813398,0.04175363854505709,0.08254956540319107,0.009796,5.5e-05,0.0065242212,0.00652337,-0.00013,0.04169884402450915,0.08249477088264312,0.08262538055282717,convergence,False
516889__916561,516889,916561,2024-05-10,2024-05-13,1,11.251421953695,10.261942496305,0.0,0.0,0.0,0.08794261396134492,0.08794261396134492,0.17588522792268985,0.009796,0.0,0.0,0.0,0.0,0.08794261396134492,0.17588522792268985,0.17588522792268985,overnight_abort,True
516889__916561,516889,916561,2024-06-18,2024-06-21,3,10.217616103695,9.843493599260999,9.847278690918266,9.972032276923859,0.01266883876462719,0.03661543951516322,0.04928427827979041,0.08589971779495362,0.009796,8.2e-05,0.0062926722,0.0062576265,-0.005569,0.04920208649896849,0.0858175260141317,0.0914889556404754,convergence,False
516889__916561,516889,916561,2024-07-26,2024-07-29,1,11.211274153695,10.90754714,0.0,0.0,0.0,0.027091212785559902,0.027091212785559902,0.054182425571119804,0.009796,0.0,0.0,0.0,0.0,0.027091212785559902,0.054182425571119804,0.054182425571119804,overnight_abort,True
516889__916561,516889,916561,2024-08-05,2024-08-06,1,9.836211200739,10.11249575,0.0,0.0,0.0,-0.02808851331295572,-0.02808851331295572,-0.05617702662591144,0.009796,0.0,0.0,0.0,0.0,-0.02808851331295572,-0.05617702662591144,-0.05617702662591144,overnight_abort,True
500326__256938,500326,256938,2023-11-14,2023-11-16,2,8.8289608196952,8.3315267597968,8.36220406389707,8.341204427723879,-0.0025112561249077915,0.05634117877029747,0.05382992264538968,0.11017110141568714,0.012747000000000001,5.5e-05,0.0066065467,0.006634599,0.004246,0.05377512812484174,0.1101163068951392,0.10589874175068874,convergence,False
500326__256938,500326,256938,2024-08-05,2024-08-07,2,9.509651999999999,9.3804601595936,9.181092551525701,9.716231731716311,0.0582870913442302,0.013585338391604572,0.07187242973583477,0.08545776812743934,0.012747000000000001,5.5e-05,0.0069288065,0.0068168645,-0.016156,0.07181763521528682,0.08540297360689139,0.10278145803756407,convergence,False
755020__929593,755020,929593,2023-11-29,2023-12-04,5,7.865021560638301,7.4660954656383,7.790987610422866,7.561355481982817,-0.029474071827921406,0.05072155135549628,0.021247479527574876,0.07196903088307116,0.009788999999999999,0.000137,0.1280286768,0.1279434936,-0.000665,0.021110493226205014,0.0718320445817013,0.07247820877433395,convergence,False
755020__929593,755020,929593,2024-01-24,2024-01-25,1,7.9778808050266,7.8371075893382995,0.0,0.0,0.0,0.01764543982652684,0.01764543982652684,0.03529087965305368,0.009788999999999999,0.0,0.0,0.0,0.0,0.01764543982652684,0.03529087965305368,0.03529087965305368,overnight_abort,True
755020__929593,755020,929593,2024-05-02,2024-05-10,8,8.14591487968085,8.34328704531915,8.021164275915753,8.368811736105755,0.043341271694664556,-0.024229588518120147,0.01911168317654441,-0.005117905341575739,0.009788999999999999,0.000219,0.1280180167,0.1279860784,-0.000249,0.018892505094352627,-0.00533708342376752,-0.005076722711459438,convergence,False
755020__929593,755020,929593,2024-05-13,2024-05-20,7,8.607383070000001,8.51154871884255,8.463091503825487,8.519214084820941,0.006631451517460979,0.011133970729323138,0.017765422246784117,0.028899392976107253,0.009788999999999999,0.000192,0.128010657,0.1282306017,0.001718,0.01757364142486631,0.028707612154189446,0.026981009848036794,convergence,False
755020__929593,755020,929593,2024-05-31,2024-06-03,1,8.105787320000001,8.0641809643617,0.0,0.0,0.0,0.005132919727074807,0.005132919727074807,0.010265839454149614,0.009788999999999999,0.0,0.0,0.0,0.0,0.005132919727074807,0.010265839454149614,0.010265839454149614,overnight_abort,True
755020__929593,755020,929593,2024-08-08,2024-08-09,1,9.1290430512766,8.821755623723401,0.0,0.0,0.0,0.03366042046545369,0.03366042046545369,0.06732084093090739,0.009788999999999999,0.0,0.0,0.0,0.0,0.03366042046545369,0.06732084093090739,0.06732084093090739,overnight_abort,True
755020__929593,755020,929593,2024-08-16,2024-08-20,4,9.1290430512766,8.78188338340425,8.867871825813845,8.818720533079976,-0.005542625524964494,0.038028045866626094,0.0324854203416616,0.07051346620828769,0.009788999999999999,0.00011,0.1283944293,0.1283977314,2.6e-05,0.03237583130056571,0.0704038771671918,0.07037830196691043,convergence,False
755020__929593,755020,929593,2024-08-26,2024-08-27,1,9.14960777479255,8.9513399312766,0.0,0.0,0.0,0.02166954566754041,0.02166954566754041,0.04333909133508082,0.009788999999999999,0.0,0.0,0.0,0.0,0.02166954566754041,0.04333909133508082,0.04333909133508082,overnight_abort,True
519310__930378,519310,930378,2023-11-14,2023-11-15,1,10.4376681116955,10.232621125,0.0,0.0,0.0,0.01964490387136786,0.01964490387136786,0.03928980774273572,0.009357,0.0,0.0,0.0,0.0,0.01964490387136786,0.03928980774273572,0.03928980774273572,overnight_abort,True
519310__930378,519310,930378,2024-01-10,2024-01-12,2,10.3274816066955,10.146267785750002,5.162478442242394,5.103593556746628,-0.011406320850453386,0.01754675804293019,0.006140437192476804,0.023687195235406994,0.009357,5.5e-05,0.0068830225,0.0069005969,0.002553,0.0060856426719288585,0.02363240071485905,0.0211146560897751,convergence,False
519310__930378,519310,930378,2024-04-19,2024-04-24,5,9.335801759491352,9.15445236483045,4.692829225322555,4.6210189542718325,-0.015302127480632258,0.019425154832206155,0.004123027351573896,0.02354818218378005,0.009357,0.000137,0.0064580706,0.0064372843,-0.003219,0.003986041050204034,0.02341119588241019,0.026590832579137875,convergence,False
519310__930378,519310,930378,2024-07-26,2024-07-29,1,10.0643361988455,10.052926315,0.0,0.0,0.0,0.0011336946242721324,0.0011336946242721324,0.002267389248544265,0.009357,0.0,0.0,0.0,0.0,0.0011336946242721324,0.002267389248544265,0.002267389248544265,overnight_abort,True
519310__930378,519310,930378,2024-07-31,2024-08-01,1,10.55787057,10.052926315,0.0,0.0,0.0,0.04782633502202517,0.04782633502202517,0.09565267004405034,0.009357,0.0,0.0,0.0,0.0,0.04782633502202517,0.09565267004405034,0.09565267004405034,overnight_abort,True
519310__930378,519310,930378,2024-08-05,2024-08-06,1,9.596242890000001,9.49387609449135,0.0,0.0,0.0,0.010667382712386816,0.010667382712386816,0.02133476542477363,0.009357,0.0,0.0,0.0,0.0,0.010667382712386816,0.02133476542477363,0.02133476542477363,overnight_abort,True
516495__932074,516495,932074,2024-04-26,2024-04-30,1,32.526200722575,34.702608095485,0.0,0.0,0.0,-0.0669124374984088,-0.0669124374984088,-0.1338248749968176,0.010657,0.0,0.0,0.0,0.0,-0.0669124374984088,-0.1338248749968176,-0.1338248749968176,overnight_abort,True
516495__932074,516495,932074,2024-08-05,2024-08-06,1,28.538275168060004,27.973135468395,0.0,0.0,0.0,0.019802868124893094,0.019802868124893094,0.03960573624978619,0.010657,0.0,0.0,0.0,0.0,0.019802868124893094,0.03960573624978619,0.03960573624978619,overnight_abort,True
26981M__26030V,26981M,26030V,2023-11-14,2023-11-16,2,54.830078602445994,55.0531743907195,2.7720738106707516,2.7763046011352497,0.0015262185473605126,-0.004068857713867141,-0.0025426391665066285,-0.00661149688037377,0.010034000000000001,5.5e-05,0.1280926284,0.1281845776,0.000718,-0.002597433687054574,-0.0066662914009217155,-0.0073847049284977125,convergence,False
26981M__26030V,26981M,26030V,2023-11-24,2023-11-29,5,56.492736916807495,53.652547045108,2.7454758361874236,2.6920747389576767,-0.019450579941691918,0.05027531018513092,0.030824730243439003,0.08110004042856993,0.010034000000000001,0.000137,0.1283491046,0.1281336707,-0.001678,0.03068774394206914,0.08096305412720006,0.08261167298399145,convergence,False
26981M__26030V,26981M,26030V,2024-03-07,2024-03-14,7,54.5074689160425,54.17091809933449,2.7032136776645763,2.730502225894584,0.01009485430451926,0.0061743981769983155,0.016269252481517577,0.02244365065851589,0.010034000000000001,0.000192,0.1278706922,0.1278371915,-0.000262,0.01607747165959977,0.022251869836598083,0.022516572809876345,convergence,False
26981M__26030V,26981M,26030V,2024-03-20,2024-03-21,1,54.02758639311149,54.370292808669,0.0,0.0,0.0,-0.006343174634230989,-0.006343174634230989,-0.012686349268461978,0.010034000000000001,0.0,0.0,0.0,0.0,-0.006343174634230989,-0.012686349268461978,-0.012686349268461978,overnight_abort,True
26981M__26030V,26981M,26030V,2024-03-26,2024-04-10,15,54.8009813471655,58.422646554946,2.695584079220466,2.961591201005812,0.0986825541209875,-0.06608759768072708,0.03259495644026042,-0.033492641240466664,0.010034000000000001,0.000411,0.1278126794,0.1276234532,-0.00148,0.03218399753615083,-0.03390360014457625,-0.032274592940102605,convergence,False
26981M__26030V,26981M,26030V,2024-04-17,2024-04-24,7,58.571680484999995,59.643840948777,2.9233020514228594,2.982143876981638,0.02012854796518161,-0.01830509992028621,0.0018234480448953982,-0.016481651875390812,0.010034000000000001,0.000192,0.1276910897,0.1276853832,-4.5e-05,0.00163166722297759,-0.01667343269730862,-0.016627841233249948,convergence,False
26981M__26030V,26981M,26030V,2024-05-02,2024-05-07,5,63.72767259188849,61.8818506468345,3.110352409497429,3.0945401042458993,-0.00508376645786087,0.028964213974588725,0.023880447516727854,0.05284466149131658,0.010034000000000001,0.000137,0.1280180167,0.1278535261,-0.001285,0.023743461215357992,0.052707675189946714,0.05398768969714979,convergence,False
26981M__26030V,26981M,26030V,2024-06-17,2024-06-20,3,63.356526352446,62.106157537554,3.1119462310483463,3.1268580384529994,0.00479179468330003,0.019735438270973425,0.024527232954273455,0.04426267122524688,0.010034000000000001,8.2e-05,0.1280836163,0.1281320256,0.000378,0.02444504117345154,0.044180479444424964,0.043800861099997986,convergence,False
26981M__26030V,26981M,26030V,2024-07-02,2024-07-08,6,62.77471967622299,57.550369117445996,2.9826825700219572,2.8754507443630555,-0.035951470913015184,0.08322379750515732,0.04727232659214214,0.13049612409729947,0.010034000000000001,0.000164,0.1280434356,0.1280417945,-1.3e-05,0.047107943030498305,0.13033174053565563,0.13034409665771138,convergence,False
151440__916546,151440,916546,2023-12-05,2023-12-06,1,6.804777309269099,7.5224087242691,0.0,0.0,0.0,-0.10545994121254824,-0.10545994121254824,-0.2109198824250965,0.017021,0.0,0.0,0.0,0.0,-0.10545994121254824,-0.2109198824250965,-0.2109198824250965,overnight_abort,True
151440__916546,151440,916546,2024-01-24,2024-01-29,5,8.079418925730899,7.8611663935382,7.9430179867041035,7.896199091236275,-0.005894345895502115,0.02701339467589922,0.021119048780397106,0.04813244345629633,0.017021,0.000137,0.127906676,0.1279795184,0.000569,0.020982062479027244,0.047995457154926466,0.04742963972879578,convergence,False
151440__916546,151440,916546,2024-06-12,2024-06-13,1,8.55113684182725,8.92725577963455,0.0,0.0,0.0,-0.043984670665956654,-0.043984670665956654,-0.08796934133191331,0.017021,0.0,0.0,0.0,0.0,-0.043984670665956654,-0.08796934133191331,-0.08796934133191331,overnight_abort,True
151440__916546,151440,916546,2024-07-02,2024-07-08,6,9.00278116609635,9.295903515000001,9.090196634077994,9.352628963749506,0.028869818798824037,-0.032559088518948245,-0.0036892697201242088,-0.03624835823907245,0.017021,0.000164,0.1280434356,0.1280417945,-1.3e-05,-0.0038536532817680445,-0.03641274180071628,-0.036399554870103185,convergence,False
151440__916546,151440,916546,2024-07-10,2024-07-18,8,9.1332563514618,8.99580435003455,9.099193601795417,8.982766147581945,-0.012795359600932,0.01504961605564149,0.00225425645470949,0.01730387251035098,0.017021,0.000219,0.1280795167,0.1280368697,-0.000333,0.0020350783725177094,0.0170846944281592,0.01741351624641933,convergence,False
151440__916546,151440,916546,2024-07-22,2024-07-24,2,9.083073425730898,8.8475482392691,9.039193819251713,8.870024558364909,-0.018715082812640487,0.025930120282259606,0.007215037469619118,0.03314515775187872,0.017021,5.5e-05,0.1280499874,0.1280647512,0.000115,0.007160242949071173,0.03309036323133078,0.03297723690949287,convergence,False
31337Q__2557WW,31337Q,2557WW,2023-11-01,2023-11-28,27,105.70448515996999,118.79295882003,13.29837307748225,15.24824156877684,0.14662458933388214,-0.12382136519800745,0.022803224135874697,-0.10101814106213275,0.032612,0.00074,0.1277955288,0.128262677,0.003655,0.022063498108477436,-0.10175786708953001,-0.10593401268005952,convergence,False
31337Q__2557WW,31337Q,2557WW,2024-01-17,2024-01-25,8,102.91509339999999,107.85006576003,12.87293460305655,13.533269293192715,0.0512963601927548,-0.047951881468437915,0.003344478724316882,-0.04460740274412103,0.032612,0.000219,0.1278617113,0.127906676,0.000352,0.0031253006421251015,-0.044826580826312815,-0.04519615673060044,convergence,False
31337Q__2557WW,31337Q,2557WW,2024-07-02,2024-07-12,10,87.477825362012,98.376815154024,11.140090397694259,12.625601280272793,0.1333481892468306,-0.12459145785698719,0.008756731389843397,-0.1158347264671438,0.032612,0.000274,0.1280434356,0.1280827878,0.000307,0.008482758787103672,-0.11610869906988353,-0.11645690935932926,convergence,False
31337Q__2557WW,31337Q,2557WW,2024-08-08,2024-08-20,12,87.14551433801799,87.36439996798799,10.769276180756442,11.022093861764274,0.023475828529645307,-0.002511725722577011,0.020964102807068296,0.018452377084491284,0.032612,0.000329,0.1282445914,0.1283977314,0.001194,0.020635335683780624,0.018123609961203612,0.016902910135186223,convergence,False
514782__929594,514782,929594,2023-11-14,2023-11-15,1,11.44979850525,11.539100994750001,0.0,0.0,0.0,-0.007799481314806906,-0.007799481314806906,-0.015598962629613812,0.011736,0.0,0.0,0.0,0.0,-0.007799481314806906,-0.015598962629613812,-0.015598962629613812,overnight_abort,True
514782__929594,514782,929594,2023-12-14,2023-12-15,1,11.26885350525,11.320255994750001,0.0,0.0,0.0,-0.004561465767218753,-0.004561465767218753,-0.009122931534437505,0.011736,0.0,0.0,0.0,0.0,-0.004561465767218753,-0.009122931534437505,-0.009122931534437505,overnight_abort,True
514782__929594,514782,929594,2023-12-19,2023-12-20,1,11.33922,10.962145994750001,0.0,0.0,0.0,0.03325396325761368,0.03325396325761368,0.06650792651522736,0.011736,0.0,0.0,0.0,0.0,0.03325396325761368,0.06650792651522736,0.06650792651522736,overnight_abort,True
514782__929594,514782,929594,2024-04-09,2024-04-10,1,12.284156005249999,12.513955000000001,0.0,0.0,0.0,-0.01870694206844904,-0.01870694206844904,-0.03741388413689808,0.011736,0.0,0.0,0.0,0.0,-0.01870694206844904,-0.03741388413689808,-0.03741388413689808,overnight_abort,True
514782__929594,514782,929594,2024-05-02,2024-05-07,5,13.852345,13.5385475,13.450198842603662,13.544098337812242,0.006981271898460904,0.02265302372991719,0.029634295628378094,0.05228731935829528,0.011736,0.000137,0.1280180167,0.1278535261,-0.001285,0.029497309327008232,0.052150333056925416,0.05344586990018595,convergence,False
777026__901842,777026,901842,2023-11-14,2023-11-17,3,9.4387283812522,8.9635262768695,18.30326956338822,18.02222869673318,-0.015354681068414266,0.05034598784795816,0.03499130677954389,0.08533729462750204,0.015518,8.2e-05,0.6508508182,0.650893224,6.5e-05,0.03490911499872197,0.08525510284668013,0.08519095304310861,convergence,False
777026__901842,777026,901842,2024-02-29,2024-03-08,8,11.229872760000001,11.497560230000001,22.23953821764219,23.236060459647547,0.044808585153752745,-0.023837088426636833,0.020971496727115912,-0.002865591699520921,0.015518,0.000219,0.6523583177,0.6628003314,0.016007,0.02075231864492413,-0.0030847697817127017,-0.019545089795447123,convergence,False
777026__901842,777026,901842,2024-05-07,2024-05-10,3,11.632378166261,11.110003013739002,22.37778962949665,22.28781317855584,-0.004020792599739617,0.044906995375813684,0.04088620277607407,0.08579319815188775,0.015518,8.2e-05,0.6579597537,0.6601967386,0.0034,0.04080401099525215,0.08571100637106584,0.08233626923983892,convergence,False
777026__901842,777026,901842,2024-05-15,2024-05-16,1,11.632378166261,11.388249933739,0.0,0.0,0.0,0.020986958043547686,0.020986958043547686,0.04197391608709537,0.015518,0.0,0.0,0.0,0.0,0.020986958043547686,0.04197391608709537,0.04197391608709537,overnight_abort,True
777026__901842,777026,901842,2024-08-08,2024-08-28,20,11.873880806261,12.69998442,23.452767522123327,25.54355202602514,0.08914873274250237,-0.06957317722975637,0.019575555512746007,-0.04999762171701036,0.015518,0.000548,0.6572462683,0.6785643424,0.032435,0.019027610307266556,-0.050545566922489814,-0.084762739767742,convergence,False
510442__929995,510442,929995,2024-02-22,2024-02-26,1,8.7366258444734,8.157736125,0.0,0.0,0.0,0.06626010198658024,0.06626010198658024,0.13252020397316047,0.038853,0.0,0.0,0.0,0.0,0.06626010198658024,0.13252020397316047,0.13252020397316047,overnight_abort,True
510442__929995,510442,929995,2024-06-17,2024-06-25,8,9.1906466292633,8.2467298077633,9.237836894612787,8.56659897346727,-0.07266180695796452,0.10270407073366744,0.030042263775702918,0.13274633450937035,0.038853,0.000219,0.0063341251,0.0062615443,-0.011459,0.029823085693511137,0.13252715642717858,0.14327641327130022,convergence,False
510442__929995,510442,929995,2024-07-19,2024-08-16,28,9.11076363835505,8.948789522763299,9.339651632495118,9.141499381744818,-0.02121623573848033,0.017778324849726284,-0.003437910888754045,0.014340413960972239,0.038853,0.000767,0.0065051224,0.0067750673,0.041497,-0.004205034176425278,0.013573290673301007,-0.0254252422807849,convergence,False
873621__930111,873621,930111,2024-01-02,2024-01-03,1,6.8633511770742,6.02814053094435,0.0,0.0,0.0,0.12169137562415897,0.12169137562415897,0.24338275124831793,0.048746,0.0,0.0,0.0,0.0,0.12169137562415897,0.24338275124831793,0.24338275124831793,overnight_abort,True
873621__930111,873621,930111,2024-01-09,2024-01-24,15,6.812361267925801,5.60666135405565,1.2628845225038845,1.1905215802861144,-0.05729973004522865,0.1769870778208534,0.11968734777562476,0.29667442559647816,0.048746,0.000411,0.1278895002,0.1279115908,0.000173,0.11927638887151516,0.2962634666923686,0.2961006603786232,convergence,False
873621__930111,873621,930111,2024-03-27,2024-04-15,19,6.9653330350000005,6.0693090080742005,1.308762310081765,1.2448263645376805,-0.04885222095071644,0.12864051473538765,0.07978829378467121,0.20842880852005885,0.048746,0.000521,0.1277277833,0.1277351268,5.7e-05,0.07926774583946573,0.20790826057485337,0.2078535790327403,convergence,False
873621__930111,873621,930111,2024-05-21,2024-05-24,3,7.2712775889629,6.530779851381451,1.386689096175758,1.3582686237705823,-0.0204952014720202,0.10183873858776261,0.08134353711574241,0.18318227570350504,0.048746,8.2e-05,0.1280516288,0.128000811,-0.000397,0.08126134533492049,0.18310008392268312,0.18348895863809928,convergence,False
951465__912507,951465,912507,2024-01-30,2024-01-31,1,26.896339598559003,27.451301449323,0.0,0.0,0.0,-0.02063335974512052,-0.02063335974512052,-0.04126671949024104,0.009732,0.0,0.0,0.0,0.0,-0.02063335974512052,-0.04126671949024104,-0.04126671949024104,overnight_abort,True
951465__912507,951465,912507,2024-07-25,2024-07-29,4,29.484650495000004,30.7606163667795,30.11615044771832,30.969893091446952,0.02834833240758084,-0.04327559765362915,-0.014927265246048309,-0.05820286289967746,0.009732,0.00011,0.0065051224,0.0064924525,-0.001948,-0.0150368542871442,-0.05831245194077335,-0.056305649343947294,convergence,False
951465__912507,951465,912507,2024-08-05,2024-08-07,2,27.789204840338503,29.3551532846615,27.83717369074505,29.978876574394427,0.07693679349212892,-0.05635096266050352,0.020585830831625407,-0.03576513182887811,0.009732,5.5e-05,0.0069288065,0.0068168645,-0.016156,0.02053103631107746,-0.03581992634942605,-0.01813518895482245,convergence,False
951465__912507,951465,912507,2024-08-15,2024-08-16,1,32.0629342025435,31.448397212118003,0.0,0.0,0.0,0.019166586144094975,0.019166586144094975,0.03833317228818995,0.009732,0.0,0.0,0.0,0.0,0.019166586144094975,0.03833317228818995,0.03833317228818995,overnight_abort,True
517131__912003,517131,912003,2024-05-08,2024-05-10,2,38.792936423754,37.8932574656845,38.67973113923038,38.07409280468368,-0.01565777001827287,0.023191824105344143,0.007534054087071272,0.030725878192415415,0.007056000000000001,5.5e-05,0.0064321087,0.0064211637,-0.001702,0.007479259566523327,0.03067108367186747,0.03234891439079934,convergence,False
517131__912003,517131,912003,2024-08-05,2024-08-06,1,32.952917329684496,35.776551870630996,0.0,0.0,0.0,-0.08568693668899921,-0.08568693668899921,-0.17137387337799842,0.007056000000000001,0.0,0.0,0.0,0.0,-0.08568693668899921,-0.17137387337799842,-0.17137387337799842,overnight_abort,True
517131__912003,517131,912003,2024-08-14,2024-08-16,2,38.281172754368995,36.773113370631,35.75480744588709,37.15114374821795,0.03905310647929334,0.039394283801451206,0.07844739028074454,0.11784167408219576,0.007056000000000001,5.5e-05,0.006698821,0.0067750673,0.011382,0.0783925957601966,0.11778687956164781,0.10609342304461028,convergence,False
517131__912003,517131,912003,2024-08-21,2024-08-22,1,39.73617162406949,39.234622268754,0.0,0.0,0.0,0.012621984826834324,0.012621984826834324,0.02524396965366865,0.007056000000000001,0.0,0.0,0.0,0.0,0.012621984826834324,0.02524396965366865,0.02524396965366865,overnight_abort,True
516146__930446,516146,930446,2023-11-02,2023-11-06,1,155.5810175,154.568420225,0.0,0.0,0.0,0.006508488575735084,0.006508488575735084,0.013016977151470169,0.013401,0.0,0.0,0.0,0.0,0.006508488575735084,0.013016977151470169,0.013016977151470169,overnight_abort,True
516146__930446,516146,930446,2024-02-14,2024-02-28,14,162.10538275,165.54711175499997,15.935376580875904,16.598167704311827,0.04159243555193674,-0.021231429497364947,0.020361006054571796,-0.0008704234427931515,0.013401,0.000384,0.0066702241,0.0066363606,-0.005077,0.019977444410736178,-0.001253985086628768,0.004060971041781816,convergence,False
516146__930446,516146,930446,2024-03-18,2024-03-22,4,172.64474199999998,176.3365155,16.960197122602864,17.628659164817062,0.03941357741198294,-0.02138364283344355,0.018029934578539387,-0.003353708254904164,0.013401,0.00011,0.006628882,0.0066034932,-0.00383,0.017920345537443497,-0.0034632972960000545,0.0005329911281625192,convergence,False
516146__930446,516146,930446,2024-04-26,2024-04-30,1,175.15411325,177.93549915749998,0.0,0.0,0.0,-0.015879649389278508,-0.015879649389278508,-0.031759298778557016,0.013401,0.0,0.0,0.0,0.0,-0.015879649389278508,-0.031759298778557016,-0.031759298778557016,overnight_abort,True
516146__930446,516146,930446,2024-05-02,2024-05-07,1,195.17889582499998,187.43475721,0.0,0.0,0.0,0.03967713098419973,0.03967713098419973,0.07935426196839945,0.013401,0.0,0.0,0.0,0.0,0.03967713098419973,0.07935426196839945,0.07935426196839945,overnight_abort,True
516146__930446,516146,930446,2024-08-05,2024-08-06,1,148.69028404749997,144.01811684,0.0,0.0,0.0,0.03142214192023075,0.03142214192023075,0.0628442838404615,0.013401,0.0,0.0,0.0,0.0,0.03142214192023075,0.0628442838404615,0.0628442838404615,overnight_abort,True
510311__912023,510311,912023,2023-12-26,2024-01-10,15,34.427270052945,33.992293225233,16.781488380582246,17.153924676759882,0.02219328153327445,0.012634659298952754,0.034827940832227205,0.04746260013117996,0.012294,0.000411,0.0070504454,0.0068612988,-0.026828,0.03441698192811762,0.047051641227070375,0.0752306186161416,convergence,False
510311__912023,510311,912023,2024-02-22,2024-02-29,7,33.975208016712,31.964638032000003,16.28889888137651,16.232961102311062,-0.003434104384391736,0.0591775621718938,0.05574345778750207,0.11492101995939587,0.012294,0.000192,0.0066354795,0.006667333,0.0048,0.05555167696558426,0.11472923913747805,0.10996809825011118,convergence,False
510311__912023,510311,912023,2024-08-06,2024-08-07,1,32.709415830821996,30.847792862466,0.0,0.0,0.0,0.05691397785838146,0.05691397785838146,0.11382795571676292,0.012294,0.0,0.0,0.0,0.0,0.05691397785838146,0.11382795571676292,0.11382795571676292,overnight_abort,True
510311__912023,510311,912023,2024-08-21,2024-08-22,1,35.180711802945,30.080730141277,0.0,0.0,0.0,0.1449652778554945,0.1449652778554945,0.289930555710989,0.012294,0.0,0.0,0.0,0.0,0.1449652778554945,0.289930555710989,0.289930555710989,overnight_abort,True
510003__932107,510003,932107,2024-05-08,2024-05-15,7,20.5009634669235,18.779080587306,9.989290246861772,9.484433230659754,-0.05053982852892118,0.0839903394001753,0.03345051087125413,0.11744085027142943,0.030121000000000002,0.000192,0.0064321087,0.0064566112,0.003809,0.03325873004933632,0.11724906944951162,0.11364591802365685,convergence,False
510003__932107,510003,932107,2024-05-28,2024-06-03,1,19.272515790000003,18.37191525,0.0,0.0,0.0,0.04672978607532393,0.04672978607532393,0.09345957215064786,0.030121000000000002,0.0,0.0,0.0,0.0,0.04672978607532393,0.09345957215064786,0.09345957215064786,overnight_abort,True
510003__932107,510003,932107,2024-07-01,2024-07-02,1,19.242309091923502,18.491080457694,0.0,0.0,0.0,0.039040461861451554,0.039040461861451554,0.07808092372290311,0.030121000000000002,0.0,0.0,0.0,0.0,0.039040461861451554,0.07808092372290311,0.07808092372290311,overnight_abort,True
514853__997697,514853,997697,2023-11-01,2023-12-18,47,2.7175390993504,2.9705767612992005,2.7506660737122233,2.9597375257759606,0.07600757287909551,-0.09311279532621507,-0.017105222447119553,-0.11021801777333462,0.015221,0.001288,0.1277955288,0.1282700838,0.003713,-0.018392893679996265,-0.11150568900621133,-0.11548654532609795,convergence,False
514853__997697,514853,997697,2024-01-23,2024-01-25,2,2.7678640000000003,2.7420713380512005,2.714747559118023,2.695823910951386,-0.006970684291833313,0.009318616069575604,0.002347931777742291,0.011666547847317896,0.015221,5.5e-05,0.1279115908,0.127906676,-3.8e-05,0.0022931372571943455,0.01161175332676995,0.011649910369337841,convergence,False
514853__997697,514853,997697,2024-03-20,2024-03-21,1,2.9289032593504,2.8612917187008002,0.0,0.0,0.0,0.023084251906836675,0.023084251906836675,0.04616850381367335,0.015221,0.0,0.0,0.0,0.0,0.023084251906836675,0.04616850381367335,0.04616850381367335,overnight_abort,True
514853__997697,514853,997697,2024-05-02,2024-05-06,4,3.2207870993504,3.1196029574016,3.1207137663084046,3.104609280104618,-0.005160513718897389,0.031415967224038985,0.026255453505141597,0.05767142072918058,0.015221,0.00011,0.1280180167,0.127904227,-0.000889,0.026145864464045706,0.05756183168808469,0.05844688833826131,convergence,False
514853__997697,514853,997697,2024-06-05,2024-06-06,1,3.1805272593504,2.9209013625984004,0.0,0.0,0.0,0.08162982913877817,0.08162982913877817,0.16325965827755634,0.015221,0.0,0.0,0.0,0.0,0.08162982913877817,0.16325965827755634,0.16325965827755634,overnight_abort,True
151497__951407,151497,951407,2023-11-14,2023-11-16,2,7.117314425770501,7.0527242999999995,1.4573869860587378,1.4232038262387376,-0.023455101594150297,0.009075069879817646,-0.014380031714332652,-0.005304961834515006,0.010804000000000001,5.5e-05,0.1280926284,0.1281845776,0.000718,-0.014434826234880597,-0.0053597563550629515,-0.006060250313491472,convergence,False
151497__951407,151497,951407,2024-04-09,2024-04-10,1,5.350533825,5.23724518240575,0.0,0.0,0.0,0.02117333453064387,0.02117333453064387,0.04234666906128774,0.010804000000000001,0.0,0.0,0.0,0.0,0.02117333453064387,0.04234666906128774,0.04234666906128774,overnight_abort,True
151497__951407,151497,951407,2024-04-16,2024-05-07,21,5.250148173459,5.409081323459,1.0270859267037007,1.1169848992864455,0.08752819043219094,-0.030272126566532314,0.057256063865658624,0.026983937299126314,0.010804000000000001,0.000575,0.1277082123,0.1278535261,0.001138,0.0566807213999052,0.02640859483337289,0.02517254872045453,convergence,False
151497__951407,151497,951407,2024-08-14,2024-08-20,6,3.57341384463525,3.466592901541,0.7052215114554092,0.711503249729092,0.0089074683225682,0.029893247112874978,0.03880071543544318,0.06869396254831815,0.010804000000000001,0.000164,0.1282569193,0.1283977314,0.001098,0.03863633187379935,0.06852957898667432,0.06742312346155593,convergence,False
151497__951407,151497,951407,2024-08-23,2024-08-29,6,3.58375312384425,3.6628344571147498,0.7450954041526016,0.7528856501069792,0.010455367072405268,-0.02206662416122849,-0.011611257088823221,-0.03367788125005171,0.010804000000000001,0.000164,0.1282659723,0.1282404815,-0.000199,-0.011775640650467057,-0.03384226481169554,-0.03364141313545653,convergence,False
514939__929610,514939,929610,2024-02-05,2024-02-08,3,0.6906114606157551,0.675528669934245,0.7392930927939969,0.7245707130831949,-0.019914131288799163,0.021839763081924733,0.0019256317931255693,0.023765394875050302,0.017737,8.2e-05,0.1278339182,0.1278584368,0.000192,0.0018434400123036514,0.023683203094228385,0.023495258254748068,convergence,False
514939__929610,514939,929610,2024-03-20,2024-03-27,7,0.7438593246972651,0.7326505886184901,0.8098664326171106,0.7829704252543157,-0.03321042369403989,0.015068354602312414,-0.018142069091727477,-0.0030737144894150623,0.017737,0.000192,0.1278502683,0.1278126794,-0.000294,-0.018333849913645284,-0.0032654953113328703,-0.002981168616396233,convergence,False
514939__929610,514939,929610,2024-04-16,2024-04-19,3,0.724734390197265,0.6693694281,0.7270459994713852,0.7209592378377196,-0.008371907194443019,0.07639345234078831,0.0680215451463453,0.1444149974871336,0.017737,8.2e-05,0.1277082123,0.1276707084,-0.000294,0.06793935336552338,0.14433280570631168,0.1446241013472293,convergence,False
514939__929610,514939,929610,2024-05-09,2024-05-10,1,0.80163674833151,0.753523420853745,0.0,0.0,0.0,0.06001886462653547,0.06001886462653547,0.12003772925307093,0.017737,0.0,0.0,0.0,0.0,0.06001886462653547,0.12003772925307093,0.12003772925307093,overnight_abort,True
514939__929610,514939,929610,2024-06-17,2024-06-20,3,0.754931625,0.70533137513151,0.7471559175140703,0.7529671602518998,0.007777817991677859,0.06570164532250188,0.07347946331417973,0.13918110863668162,0.017737,8.2e-05,0.1280836163,0.1281320256,0.000378,0.07339727153335782,0.1390989168558597,0.1387181703680393,convergence,False
514939__929610,514939,929610,2024-08-13,2024-08-16,3,0.8555892051972651,0.7333459758342451,0.8489158351217222,0.8320252169603984,-0.019896693479515417,0.14287607723479348,0.12297938375527806,0.26585546099007157,0.017737,8.2e-05,0.1283293444,0.128298067,-0.000244,0.12289719197445614,0.26577326920924965,0.26601220564746864,convergence,False
997641__912004,997641,912004,2023-11-02,2023-11-09,7,70.433611246084,66.53698290174799,14.26845877239825,13.372041441394055,-0.0628250987232256,0.05532342123878612,-0.00750167748443948,0.04782174375434664,0.009676,0.000192,0.006663335,0.0066072014,-0.008424,-0.007693458306357288,0.04762996293242883,0.0555920330818736,convergence,False
997641__912004,997641,912004,2024-01-18,2024-01-23,5,74.205043147832,73.87459477870601,14.61565283222274,14.830940046236169,0.014729907482393893,0.004453179394662794,0.019183086877056686,0.02363626627171948,0.009676,0.000137,0.0067496878,0.0067396799,-0.001483,0.019046100575686824,0.023499279970349618,0.025006074891143048,convergence,False
997641__912004,997641,912004,2024-01-26,2024-01-31,5,75.970407098252,75.689050363042,15.154443711525218,15.306541148240232,0.01003649092043815,0.003703504376988791,0.01373999529742694,0.017443499674415733,0.009676,0.000137,0.0067789716,0.0068075832,0.004221,0.013603008996057077,0.01730651337304587,0.013061429734021327,convergence,False
997641__912004,997641,912004,2024-02-14,2024-02-16,2,74.87707928174801,73.52974501259,15.14855606557032,14.72803473695188,-0.027759829174359527,0.017993947975564757,-0.00976588119879477,0.008228066776769988,0.009676,5.5e-05,0.0066702241,0.0066566812,-0.00203,-0.009820675719342715,0.008173272256222042,0.010151277663702572,convergence,False
997641__912004,997641,912004,2024-04-26,2024-04-30,1,79.88226488,79.716768658706,0.0,0.0,0.0,0.0020717517404220116,0.0020717517404220116,0.004143503480844023,0.009676,0.0,0.0,0.0,0.0,0.0020717517404220116,0.004143503480844023,0.004143503480844023,overnight_abort,True
997641__912004,997641,912004,2024-08-05,2024-08-06,1,64.468023966294,61.94100552479,0.0,0.0,0.0,0.03919801299982773,0.03919801299982773,0.07839602599965546,0.009676,0.0,0.0,0.0,0.0,0.03919801299982773,0.07839602599965546,0.07839602599965546,overnight_abort,True
362819__315035,362819,315035,2023-11-14,2023-11-16,2,17.7153871473915,17.604675413478002,1.7654303725534817,1.7633690630505914,-0.0011675960349027308,0.00624946736937663,0.005081871334473899,0.01133133870385053,0.0052049999999999996,5.5e-05,0.7404941288,0.7421975371,0.0023,0.005027076813925954,0.011276544183302584,0.008984136404813985,convergence,False
362819__315035,362819,315035,2024-04-05,2024-04-12,7,17.9455831289135,16.995204809347502,1.7915296004539598,1.7378384101647602,-0.02996946870182593,0.052958898729502525,0.022989430027676595,0.07594832875717912,0.0052049999999999996,0.000192,0.7420872718,0.7345381375,-0.010173,0.022797649205758788,0.0757565479352613,0.08572592921312627,convergence,False
362819__315035,362819,315035,2024-06-03,2024-06-10,7,18.626182395869503,18.713710268478,1.8595373619317137,1.8746803665058351,0.008143425824147284,-0.004699184768420775,0.003444241055726509,-0.0012549437126942661,0.0052049999999999996,0.000192,0.7425281435,0.7393444203,-0.004288,0.003252460233808701,-0.0014467245346120744,0.0028944857668348816,convergence,False
362819__315035,362819,315035,2024-08-01,2024-08-02,1,22.289368769347504,22.140735876522,0.0,0.0,0.0,0.006668331183514914,0.006668331183514914,0.013336662367029828,0.0052049999999999996,0.0,0.0,0.0,0.0,0.006668331183514914,0.013336662367029828,0.013336662367029828,overnight_abort,True
362819__315035,362819,315035,2024-08-06,2024-08-07,1,21.688841064130504,21.6911301489135,0.0,0.0,0.0,-0.00010554205161212874,-0.00010554205161212874,-0.00021108410322425748,0.0052049999999999996,0.0,0.0,0.0,0.0,-0.00010554205161212874,-0.00021108410322425748,-0.00021108410322425748,overnight_abort,True
362819__315035,362819,315035,2024-08-08,2024-08-22,14,22.259343685217004,22.363533984977998,2.1479212574912583,2.2464627351023037,0.04587760248070752,-0.004680744465533781,0.04119685801517374,0.036516113549639954,0.0052049999999999996,0.000384,0.7550018305,0.7628348101,0.010375,0.040813296371338126,0.03613255190580434,0.025393217759196226,convergence,False
151619__540775,151619,540775,2023-11-14,2023-11-16,2,49.62858394516999,51.703405205102,10.535024864486315,10.41559117767868,-0.011336820590737078,-0.04180698087667151,-0.05314380146740859,-0.0949507823440801,0.022187,5.5e-05,0.1280926284,0.1281845776,0.000718,-0.05319859598795653,-0.09500557686462804,-0.09571476349314594,convergence,False
151619__540775,151619,540775,2024-01-23,2024-01-25,2,57.719095584762,56.504113170204,11.47885067467316,11.314714669213242,-0.014298993001282456,0.02104992121322774,0.006750928211945284,0.027800849425173024,0.022187,5.5e-05,0.1279115908,0.127906676,-3.8e-05,0.006696133691397339,0.02774605490462508,0.027783930357734393,convergence,False
151619__540775,151619,540775,2024-03-20,2024-03-21,1,66.09103081483,66.284630940136,0.0,0.0,0.0,-0.0029292949878238226,-0.0029292949878238226,-0.005858589975647645,0.022187,0.0,0.0,0.0,0.0,-0.0029292949878238226,-0.005858589975647645,-0.005858589975647645,overnight_abort,True
151619__540775,151619,540775,2024-07-16,2024-07-17,1,62.251808975101994,63.556444117796,0.0,0.0,0.0,-0.020957385241861817,-0.020957385241861817,-0.041914770483723635,0.022187,0.0,0.0,0.0,0.0,-0.020957385241861817,-0.041914770483723635,-0.041914770483723635,overnight_abort,True
151619__540775,151619,540775,2024-07-30,2024-08-01,2,63.116139220136,63.866870524898005,12.890522122381194,12.972985058581356,0.006397175802288558,-0.011894442753280755,-0.005497266950992197,-0.01739170970427295,0.022187,5.5e-05,0.128000811,0.1279615108,-0.000307,-0.0055520614715401425,-0.017446504224820896,-0.01713741432707597,convergence,False
151619__540775,151619,540775,2024-08-06,2024-08-07,1,60.784452299864,60.026300769932,0.0,0.0,0.0,0.012472787057319534,0.012472787057319534,0.024945574114639067,0.022187,0.0,0.0,0.0,0.0,0.012472787057319534,0.024945574114639067,0.024945574114639067,overnight_abort,True
151767__729076,151767,729076,2023-11-14,2023-11-16,2,5.1372837568579,4.8652803925921,1.0104813598600866,0.9987460897235896,-0.011613544398406212,0.05294692236976298,0.04133337797135676,0.09428030034111974,0.025875999999999996,5.5e-05,0.1280926284,0.1281845776,0.000718,0.04127858345080882,0.09422550582057179,0.09351651769122757,convergence,False
151767__729076,151767,729076,2024-04-11,2024-04-12,1,5.429977711857899,5.1318807862842,0.0,0.0,0.0,0.05489837001038133,0.05489837001038133,0.10979674002076266,0.025875999999999996,0.0,0.0,0.0,0.0,0.05489837001038133,0.10979674002076266,0.10979674002076266,overnight_abort,True
151767__729076,151767,729076,2024-04-23,2024-04-25,1,5.3492345518579,5.127917250786851,0.0,0.0,0.0,0.04137363933577765,0.04137363933577765,0.0827472786715553,0.025875999999999996,0.0,0.0,0.0,0.0,0.04137363933577765,0.0827472786715553,0.0827472786715553,overnight_abort,True
951464__905475,951464,905475,2023-11-08,2023-11-09,1,57.60720875,56.678123237593496,0.0,0.0,0.0,0.016127938370325952,0.016127938370325952,0.032255876740651904,0.013025,0.0,0.0,0.0,0.0,0.016127938370325952,0.032255876740651904,0.032255876740651904,overnight_abort,True
951464__905475,951464,905475,2024-01-05,2024-01-09,1,60.14192493313549,59.41900531686449,0.0,0.0,0.0,0.012020227438259189,0.012020227438259189,0.024040454876518378,0.013025,0.0,0.0,0.0,0.0,0.012020227438259189,0.024040454876518378,0.024040454876518378,overnight_abort,True
951464__905475,951464,905475,2024-03-28,2024-04-02,5,68.62771825,10.979490499999999,21.736620834552642,21.882507752776608,0.006711573033102858,0.8400137614949773,0.8467253345280802,1.6867390960230575,0.013025,0.000137,0.0065943482,0.006598047,0.000561,0.8465883482267104,1.6866021097216877,1.6860377571539755,convergence,False
951464__905475,951464,905475,2024-08-05,2024-08-09,4,9.9585327292542,11.598334509999999,22.2752370963584,23.14093108004014,0.038863513772576914,-0.16466299055569852,-0.12579947678312162,-0.29046246733882014,0.013025,0.00011,0.0069288065,0.0068198863,-0.01572,-0.12590906582421751,-0.290572056379916,-0.2739803982913038,convergence,False
951173__906169,951173,906169,2023-12-01,2023-12-04,1,63.23503426406249,61.0723759953125,0.0,0.0,0.0,0.034200317813049205,0.034200317813049205,0.06840063562609841,0.013354,0.0,0.0,0.0,0.0,0.034200317813049205,0.06840063562609841,0.06840063562609841,overnight_abort,True
951173__906169,951173,906169,2024-03-13,2024-03-14,1,57.136574106249995,55.777306528125,0.0,0.0,0.0,0.02378979838023411,0.02378979838023411,0.04757959676046822,0.013354,0.0,0.0,0.0,0.0,0.02378979838023411,0.04757959676046822,0.04757959676046822,overnight_abort,True
951173__906169,951173,906169,2024-04-08,2024-04-11,3,59.96979988906249,59.211146596875004,29.973681201031106,29.973269284222045,-1.3742616607472836e-05,0.012650589022990138,0.012636846406382666,0.0252874354293728,0.013354,8.2e-05,0.6628443087,0.6537444061,-0.013729,0.012554654625560747,0.025205243648550885,0.03912471654746767,convergence,False
951173__906169,951173,906169,2024-04-17,2024-04-22,5,58.683800893749996,58.235729398437506,29.01062557796713,29.2383204198406,0.007848670524581883,0.007635352320204113,0.015484022844785996,0.02311937516499011,0.013354,0.000137,0.6421163332,0.6450155584,0.004515,0.015347036543416133,0.022982388863620248,0.018452296177763727,convergence,False
951173__906169,951173,906169,2024-05-14,2024-05-22,8,59.065572096874995,58.454699143750005,29.570079827433155,30.548453096462037,0.03308659546198494,0.01034228453968211,0.04342888000166705,0.053771164541349156,0.013354,0.000219,0.6693438188,0.6619668345,-0.011021,0.04320970191947527,0.053551986459157375,0.06506474389362893,convergence,False
27220J__912748,27220J,912748,2023-11-02,2023-11-16,14,25.726100113836,22.700570238313503,25.132779553366486,22.856197555663194,-0.09058218144432612,0.11760546146266875,0.02702328001834263,0.14462874148101137,0.017419999999999998,0.000384,0.006663335,0.006634599,-0.004313,0.026639718374507012,0.14424517983717575,0.14818408110822712,convergence,False
27220J__912748,27220J,912748,2024-04-05,2024-04-10,5,21.751975265582,20.822107743313502,21.471430302145883,20.965566363558747,-0.023559862173531117,0.04274864746374649,0.019188785290215376,0.061937432753961866,0.017419999999999998,0.000137,0.0065873983,0.0065280543,-0.009009,0.019051798988845514,0.061800446452592,0.07067688357707702,convergence,False
27220J__912748,27220J,912748,2024-04-26,2024-04-30,1,21.188558757791,20.971202007268502,0.0,0.0,0.0,0.0102582130765537,0.0102582130765537,0.0205164261531074,0.017419999999999998,0.0,0.0,0.0,0.0,0.0102582130765537,0.0205164261531074,0.0205164261531074,overnight_abort,True
27220J__912748,27220J,912748,2024-05-08,2024-05-16,8,22.63735125,22.2930691077315,23.37069603460549,22.471704543805078,-0.03846661175470582,0.015208587721520521,-0.023258024033185304,-0.008049436311664781,0.017419999999999998,0.000219,0.0064321087,0.0064354206,0.000515,-0.023477202115377085,-0.008268614393856562,-0.008763454222744955,convergence,False
27220J__912748,27220J,912748,2024-05-24,2024-05-29,5,22.204734363836,21.6271611105225,21.849163871029983,21.831747018321735,-0.0007971404677568032,0.026011266059285564,0.02521412559152876,0.05122539165081433,0.017419999999999998,0.000137,0.0063627398,0.0063445734,-0.002855,0.0250771392901589,0.05108840534944446,0.053949420217269346,convergence,False
27220J__912748,27220J,912748,2024-08-05,2024-08-06,1,18.522387869418,18.734937132268502,0.0,0.0,0.0,-0.011475262495795044,-0.011475262495795044,-0.022950524991590088,0.017419999999999998,0.0,0.0,0.0,0.0,-0.011475262495795044,-0.022950524991590088,-0.022950524991590088,overnight_abort,True
14849F__998511,14849F,998511,2024-03-07,2024-04-10,34,5.2933009001586,4.4356550874207,1.0681347746935046,0.9302454341086501,-0.12909357868666063,0.16202476090339085,0.03293118221673022,0.19495594312012107,0.035398,0.000932,0.1278208447,0.1276234532,-0.001544,0.03199967536741515,0.194024436270806,0.19537144201741652,convergence,False
29057K__141025,29057K,141025,2024-07-16,2024-08-05,1,9.387461939119799,7.9266746002934,0.0,0.0,0.0,0.15561046727006675,0.15561046727006675,0.3112209345401335,0.022018000000000003,0.0,0.0,0.0,0.0,0.15561046727006675,0.3112209345401335,0.3112209345401335,overnight_abort,True
670845__362033,670845,362033,2023-11-14,2023-11-16,2,24.71479472,24.076686693213,1.2562272609343654,1.2169259812264246,-0.03128516704748873,0.025818868172537337,-0.005466298874951394,0.020352569297585943,0.011629,5.5e-05,0.1280926284,0.1281845776,0.000718,-0.005521093395499339,0.020297774777037998,0.019602897471313465,convergence,False
670845__362033,670845,362033,2023-12-14,2023-12-15,1,26.8612896869645,25.915099200858002,0.0,0.0,0.0,0.03522505796010513,0.03522505796010513,0.07045011592021026,0.011629,0.0,0.0,0.0,0.0,0.03522505796010513,0.07045011592021026,0.07045011592021026,overnight_abort,True
670845__362033,670845,362033,2024-01-19,2024-01-25,6,25.4971614069645,26.028751159929,1.2596065980547784,1.3086756790955063,0.038955878062647296,-0.020848977832461663,0.018106900230185633,-0.00274207760227603,0.011629,0.000164,0.1279140418,0.127906676,-5.8e-05,0.017942516668541797,-0.002906461163919866,-0.0028466305010808562,convergence,False
670845__362033,670845,362033,2024-05-30,2024-06-03,4,30.1813351858935,28.7474783362515,1.4389816859440439,1.4461628806040654,0.0049904698094265995,0.04750806552495301,0.052498535334379606,0.1000066008593326,0.011629,0.00011,0.1278960526,0.1278829664,-0.000102,0.052388946293283715,0.09989701181823672,0.09999985199043675,convergence,False
670845__362033,670845,362033,2024-07-31,2024-08-01,1,26.620556151787,25.1235024091065,0.0,0.0,0.0,0.05623675681847107,0.05623675681847107,0.11247351363694214,0.011629,0.0,0.0,0.0,0.0,0.05623675681847107,0.11247351363694214,0.11247351363694214,overnight_abort,True
501286__912361,501286,912361,2023-11-24,2023-11-28,4,26.278142007957,25.68946175,25.883866838243232,25.674354686735395,-0.008094314223494799,0.022401898040536872,0.014307583817042073,0.03670948185757895,0.013335999999999999,0.00011,0.006725628,0.0067803501,0.008136,0.014197994775946183,0.03659989281648306,0.028594530065726258,convergence,False
501286__912361,501286,912361,2024-03-12,2024-03-14,2,29.860030275894,28.482882940596003,28.854017567693397,28.543024568425608,-0.010778152419786234,0.046120091727092756,0.03534193930730652,0.08146203103439928,0.013335999999999999,5.5e-05,0.00676796,0.0067419518,-0.003843,0.03528714478675858,0.08140723651385133,0.08522332426105783,convergence,False
501286__912361,501286,912361,2024-04-02,2024-04-04,2,28.115949559404,27.191522084400003,27.09163071959215,27.072154855573235,-0.0007188885829907026,0.032879112727487565,0.03216022414449686,0.06503933687198443,0.013335999999999999,5.5e-05,0.0065921747,0.0066074197,0.002313,0.03210542962394892,0.06498454235143648,0.06267894633434785,convergence,False
501286__912361,501286,912361,2024-07-26,2024-07-29,1,26.542250470596,26.572376126755,0.0,0.0,0.0,-0.0011350076057934362,-0.0011350076057934362,-0.0022700152115868724,0.013335999999999999,0.0,0.0,0.0,0.0,-0.0011350076057934362,-0.0022700152115868724,-0.0022700152115868724,overnight_abort,True
501286__912361,501286,912361,2024-07-31,2024-08-01,1,29.839994281755,29.500488911192,0.0,0.0,0.0,0.011377528003434731,0.011377528003434731,0.022755056006869463,0.013335999999999999,0.0,0.0,0.0,0.0,0.011377528003434731,0.022755056006869463,0.022755056006869463,overnight_abort,True
501286__912361,501286,912361,2024-08-05,2024-08-06,1,30.013190511045,29.251076661192002,0.0,0.0,0.0,0.02539263026943225,0.02539263026943225,0.0507852605388645,0.013335999999999999,0.0,0.0,0.0,0.0,0.02539263026943225,0.0507852605388645,0.0507852605388645,overnight_abort,True
501286__912361,501286,912361,2024-08-19,2024-08-20,1,32.045163474702,31.755169665298002,0.0,0.0,0.0,0.009049534405806168,0.009049534405806168,0.018099068811612336,0.013335999999999999,0.0,0.0,0.0,0.0,0.009049534405806168,0.018099068811612336,0.018099068811612336,overnight_abort,True
512956__912534,512956,912534,2023-11-14,2023-11-15,1,28.690743555607504,27.880728283635502,0.0,0.0,0.0,0.028232634347801263,0.028232634347801263,0.056465268695602526,0.006965000000000001,0.0,0.0,0.0,0.0,0.028232634347801263,0.056465268695602526,0.056465268695602526,overnight_abort,True
512956__912534,512956,912534,2024-01-10,2024-01-11,1,31.606906097271004,31.6227726586355,0.0,0.0,0.0,-0.0005019966622379086,-0.0005019966622379086,-0.0010039933244758172,0.006965000000000001,0.0,0.0,0.0,0.0,-0.0005019966622379086,-0.0010039933244758172,-0.0010039933244758172,overnight_abort,True
512956__912534,512956,912534,2024-01-26,2024-01-29,1,30.845298767878504,30.4652296071215,0.0,0.0,0.0,0.012321785683359865,0.012321785683359865,0.02464357136671973,0.006965000000000001,0.0,0.0,0.0,0.0,0.012321785683359865,0.02464357136671973,0.02464357136671973,overnight_abort,True
512956__912534,512956,912534,2024-04-26,2024-04-30,1,28.009292918635502,27.8707395198505,0.0,0.0,0.0,0.004946693912891284,0.004946693912891284,0.009893387825782567,0.006965000000000001,0.0,0.0,0.0,0.0,0.004946693912891284,0.009893387825782567,0.009893387825782567,overnight_abort,True
512956__912534,512956,912534,2024-08-05,2024-08-06,1,27.205100436100505,27.072448694392502,0.0,0.0,0.0,0.004875987942760065,0.004875987942760065,0.00975197588552013,0.006965000000000001,0.0,0.0,0.0,0.0,0.004875987942760065,0.00975197588552013,0.00975197588552013,overnight_abort,True
133142__912732,133142,912732,2023-11-14,2023-11-15,1,26.392916076732,25.753258509972,0.0,0.0,0.0,0.024235956530923943,0.024235956530923943,0.048471913061847886,0.054899,0.0,0.0,0.0,0.0,0.024235956530923943,0.048471913061847886,0.048471913061847886,overnight_abort,True
133142__912732,133142,912732,2024-02-14,2024-02-16,2,33.50964807673199,36.88447832338,73.55615563441413,74.31133504786096,0.010266705851243806,-0.10071219604933368,-0.09044549019808987,-0.19115768624742355,0.054899,5.5e-05,0.0066702241,0.0066566812,-0.00203,-0.09050028471863782,-0.19121248076797148,-0.18915711104849742,convergence,False
133142__912732,133142,912732,2024-03-01,2024-03-05,4,44.69308407673199,42.922086700056,87.56343736864667,87.15768200047042,-0.004633844677293869,0.0396257589571449,0.03499191427985103,0.07461767323699593,0.054899,0.00011,0.0066434147,0.0066646673,0.003199,0.03488232523875514,0.07450808419590005,0.07133401446362533,convergence,False
133142__912732,133142,912732,2024-03-12,2024-03-13,1,47.783772,45.046070473351996,0.0,0.0,0.0,0.05729354155314492,0.05729354155314492,0.11458708310628984,0.054899,0.0,0.0,0.0,0.0,0.05729354155314492,0.11458708310628984,0.11458708310628984,overnight_abort,True
133142__912732,133142,912732,2024-06-28,2024-07-17,19,39.619865753351995,7.41426296,15.646910339189175,14.774263973240053,-0.05577116165633642,0.8128650155920145,0.7570938539356781,1.5699588695276927,0.054899,0.000521,0.0061932927,0.0064030731,0.033872,0.7565733059904726,1.5694383215824872,1.5385030659160683,convergence,False
951089__922894,951089,922894,2023-11-14,2023-11-28,14,25.438252111475,25.436484984179998,25.743227503424265,25.459151130976988,-0.011034994443081796,6.946732374757992e-05,-0.010965527119334217,-0.010896059795586636,0.013159,0.000384,0.0066065467,0.0067803501,0.026308,-0.011349088763169833,-0.011279621439422252,-0.03663015318361794,convergence,False
951089__922894,951089,922894,2023-12-22,2023-12-28,6,27.603198286229997,27.531367170385,26.828877201370886,27.488408521741107,0.02458288937773811,0.002602275109577808,0.027185164487315915,0.029787439596893724,0.013159,0.000164,0.007022718,0.0070713856,0.00693,0.02702078092567208,0.029623056035249888,0.022571539819378508,convergence,False
951089__922894,951089,922894,2024-02-28,2024-02-29,1,26.04965306377,26.02014839541,0.0,0.0,0.0,0.001132631912132182,0.001132631912132182,0.002265263824264364,0.013159,0.0,0.0,0.0,0.0,0.001132631912132182,0.002265263824264364,0.002265263824264364,overnight_abort,True
951089__922894,951089,922894,2024-03-11,2024-03-13,2,27.86380500918,26.47908471377,27.130877233362476,26.43021161284036,-0.025825394973241673,0.04969602302893625,0.023870628055694575,0.07356665108463083,0.013159,5.5e-05,0.0067707095,0.00676796,-0.000406,0.02381583353514663,0.07351185656408288,0.07390761733638668,convergence,False
951089__922894,951089,922894,2024-04-26,2024-04-30,1,27.23847115409,28.82369745,0.0,0.0,0.0,-0.05819806430919934,-0.05819806430919934,-0.11639612861839868,0.013159,0.0,0.0,0.0,0.0,-0.05819806430919934,-0.11639612861839868,-0.11639612861839868,overnight_abort,True
951089__922894,951089,922894,2024-06-18,2024-06-21,3,28.988572439819997,27.18746125,27.850623309858246,27.216202974370958,-0.022779394501476858,0.06213176566590467,0.039352371164427816,0.10148413683033249,0.013159,8.2e-05,0.0062926722,0.0062576265,-0.005569,0.0392701793836059,0.10140194504951057,0.10687484762273368,convergence,False
951089__922894,951089,922894,2024-07-01,2024-07-05,4,27.923939702294998,27.855922602295,27.983870351736396,27.98794522491318,0.00014561506773599708,0.0024357988423248374,0.0025814139100608343,0.005017212752385672,0.013159,0.00011,0.0061934841,0.00622142,0.004511,0.002471824868964944,0.004907623711289781,0.00041669271997730534,convergence,False
951089__922894,951089,922894,2024-07-30,2024-07-31,1,31.37183750918,32.4254125,0.0,0.0,0.0,-0.03358346448504023,-0.03358346448504023,-0.06716692897008046,0.013159,0.0,0.0,0.0,0.0,-0.03358346448504023,-0.06716692897008046,-0.06716692897008046,overnight_abort,True
951089__922894,951089,922894,2024-08-05,2024-08-06,1,28.13282299177,28.678538356435,0.0,0.0,0.0,-0.019397817447066864,-0.019397817447066864,-0.03879563489413373,0.013159,0.0,0.0,0.0,0.0,-0.019397817447066864,-0.03879563489413373,-0.03879563489413373,overnight_abort,True
511280__929864,511280,929864,2023-11-02,2023-11-09,7,12.580861452459,13.187493017541,6.377029249574207,6.620325153648593,0.038151919107259964,-0.04821860310395752,-0.010066683996697558,-0.05828528710065508,0.011907000000000001,0.000192,0.006663335,0.0066072014,-0.008424,-0.010258464818615367,-0.05847706792257289,-0.049657115110721364,convergence,False
511280__929864,511280,929864,2023-11-14,2023-11-17,3,13.803861432459,13.62641006,6.762225942992012,6.8293941690188475,0.0099328574042168,0.012855198042029982,0.022788055446246784,0.035643253488276766,0.011907000000000001,8.2e-05,0.0066065467,0.0066829285,0.011562,0.022705863665424868,0.03556106170745485,0.024018144627363795,convergence,False
511280__929864,511280,929864,2023-12-29,2024-01-11,13,14.931627807459,14.983066817541001,7.313027279156663,7.524289846327504,0.02888852442448476,-0.003444970015680756,0.025443554408804,0.021998584393123247,0.011907000000000001,0.000356,0.0069141944,0.0068830225,-0.004508,0.025087390025242358,0.021642420009561604,0.026302060479211214,convergence,False
511280__929864,511280,929864,2024-04-26,2024-04-30,1,13.68356535,13.8658199,0.0,0.0,0.0,-0.013319229699151449,-0.013319229699151449,-0.026638459398302897,0.011907000000000001,0.0,0.0,0.0,0.0,-0.013319229699151449,-0.026638459398302897,-0.026638459398302897,overnight_abort,True
511280__929864,511280,929864,2024-05-28,2024-05-29,1,13.563270269999999,12.87825431,0.0,0.0,0.0,0.05050522081795821,0.05050522081795821,0.10101044163591642,0.011907000000000001,0.0,0.0,0.0,0.0,0.05050522081795821,0.10101044163591642,0.10101044163591642,overnight_abort,True
511280__929864,511280,929864,2024-07-08,2024-07-09,1,12.911672922459,12.833364965000001,0.0,0.0,0.0,0.006064896309663056,0.006064896309663056,0.012129792619326112,0.011907000000000001,0.0,0.0,0.0,0.0,0.006064896309663056,0.012129792619326112,0.012129792619326112,overnight_abort,True
511280__929864,511280,929864,2024-08-05,2024-08-06,1,13.36277847,13.057812687541,0.0,0.0,0.0,0.022822033841514395,0.022822033841514395,0.04564406768302879,0.011907000000000001,0.0,0.0,0.0,0.0,0.022822033841514395,0.04564406768302879,0.04564406768302879,overnight_abort,True
547686__923879,547686,923879,2024-02-07,2024-04-25,78,17.084124896616,17.87520497,17.203740390162103,17.8011173484905,0.03472366734096991,-0.0463049806865258,-0.011581313345555885,-0.05788629403208168,0.012899,0.002137,0.0066970261,0.0064244644,-0.040699,-0.013718299646925749,-0.06002328033345154,-0.016124517068347523,convergence,False
997662__930971,997662,930971,2023-11-02,2023-11-09,7,11.403565509165,11.7116697,12.043215063974168,11.85410821144716,-0.01570235618333333,-0.02701823307695978,-0.04272058926029311,-0.0697388223372529,0.024863999999999997,0.000192,0.006663335,0.0066072014,-0.008424,-0.04291237008221092,-0.06993060315917071,-0.06156818662696881,convergence,False
997662__930971,997662,930971,2023-11-17,2023-11-21,4,13.018228500000001,12.033692065835002,12.360384737778471,12.153560447126926,-0.016732835994934993,0.07562752752150566,0.05889469152657066,0.13452221904807632,0.024863999999999997,0.00011,0.0067396799,0.0067385445,-0.000168,0.05878510248547477,0.13441263000698042,0.13457830399459184,convergence,False
997662__930971,997662,930971,2024-02-05,2024-02-06,1,14.537021825,13.78251485,0.0,0.0,0.0,0.05190244494938013,0.05190244494938013,0.10380488989876026,0.024863999999999997,0.0,0.0,0.0,0.0,0.05190244494938013,0.10380488989876026,0.10380488989876026,overnight_abort,True
997662__930971,997662,930971,2024-06-14,2024-06-26,12,17.206159306005002,15.501614565835,16.21332389518568,15.739845714985387,-0.029203029758807605,0.09906596294125387,0.06986293318244627,0.16892889612370016,0.024863999999999997,0.000329,0.006339948,0.006218325,-0.019184,0.0695341660591586,0.1686001290004125,0.1875877566833727,convergence,False
997662__930971,997662,930971,2024-07-03,2024-07-09,6,15.610773385000002,14.872434340835001,14.967705419177719,15.084603283972292,0.007810005710347255,0.04729676268790448,0.05510676839825174,0.10240353108615621,0.024863999999999997,0.000164,0.00622142,0.0061986673,-0.003657,0.054942384836607905,0.10223914752451238,0.10593839408948372,convergence,False
997662__930971,997662,930971,2024-08-05,2024-08-06,1,13.845744809165001,13.693339700000001,0.0,0.0,0.0,0.011007360836530658,0.011007360836530658,0.022014721673061316,0.024863999999999997,0.0,0.0,0.0,0.0,0.011007360836530658,0.022014721673061316,0.022014721673061316,overnight_abort,True
997662__930971,997662,930971,2024-08-15,2024-08-20,5,16.600761222505,16.130792809165,16.26910165829419,16.43094555128453,0.009947930524352616,0.028310051993452004,0.03825798251780462,0.06656803451125662,0.024863999999999997,0.000137,0.0067750673,0.0068844441,0.016144,0.038120996216434756,0.06643104820988675,0.050385471950886156,convergence,False
677521__675585,677521,675585,2023-11-02,2023-11-16,14,39.581461403362496,48.6192005144375,39.06163940185089,48.55485771435459,0.24303174310840306,-0.22833262822143394,0.014699114886969122,-0.21363351333446481,0.011652,0.000384,0.006663335,0.006634599,-0.004313,0.014315553243133506,-0.21401707497830044,-0.20863321377282848,convergence,False
677521__675585,677521,675585,2024-04-03,2024-04-04,1,51.52836476443749,51.351293749999996,0.0,0.0,0.0,0.0034363794629807616,0.0034363794629807616,0.006872758925961523,0.011652,0.0,0.0,0.0,0.0,0.0034363794629807616,0.006872758925961523,0.006872758925961523,overnight_abort,True
677521__675585,677521,675585,2024-04-22,2024-04-24,2,52.06991799711249,51.251576517325,51.08777407468157,51.346946720675604,0.005073085502123633,0.015716204504736736,0.02078929000686037,0.036505494511597104,0.011652,5.5e-05,0.0064584877,0.0064372843,-0.003283,0.020734495486312423,0.03645069999104916,0.03976125234014087,convergence,False
677521__675585,677521,675585,2024-04-30,2024-05-01,1,50.64581875,49.845659857674995,0.0,0.0,0.0,0.015799110609205053,0.015799110609205053,0.031598221218410105,0.011652,0.0,0.0,0.0,0.0,0.015799110609205053,0.031598221218410105,0.031598221218410105,overnight_abort,True
677521__675585,677521,675585,2024-05-09,2024-05-10,1,50.304841011549996,47.612121875,0.0,0.0,0.0,0.05352803194292469,0.05352803194292469,0.10705606388584939,0.011652,0.0,0.0,0.0,0.0,0.05352803194292469,0.10705606388584939,0.10705606388584939,overnight_abort,True
677521__675585,677521,675585,2024-07-22,2024-07-23,1,47.787583357675,46.6249755144375,0.0,0.0,0.0,0.024328659487460207,0.024328659487460207,0.04865731897492041,0.011652,0.0,0.0,0.0,0.0,0.024328659487460207,0.04865731897492041,0.04865731897492041,overnight_abort,True
677521__675585,677521,675585,2024-08-05,2024-08-06,1,45.170046982675,45.019623392324995,0.0,0.0,0.0,0.0033301623619673634,0.0033301623619673634,0.006660324723934727,0.011652,0.0,0.0,0.0,0.0,0.0033301623619673634,0.006660324723934727,0.006660324723934727,overnight_abort,True
677521__675585,677521,675585,2024-08-07,2024-08-13,6,47.466667380775,55.884173157674994,45.90970505185669,55.918554012975015,0.21801161540491196,-0.17733509094656308,0.04067652445834888,-0.1366585664882142,0.011652,0.000164,0.0067895572,0.0068103649,0.003065,0.040512140896705046,-0.13682295004985803,-0.1405443395292764,convergence,False
759739__922362,759739,922362,2023-12-12,2023-12-13,1,8.037984115261201,7.8247675898694,0.0,0.0,0.0,0.026526119277466696,0.026526119277466696,0.05305223855493339,0.004325,0.0,0.0,0.0,0.0,0.026526119277466696,0.05305223855493339,0.05305223855493339,overnight_abort,True
759739__922362,759739,922362,2024-05-09,2024-05-13,4,7.6800171201306,7.1206884197388,3.5468749668010164,3.5684145201707467,0.006072825676501674,0.07282909551408512,0.0789019211905868,0.1517310167046719,0.004325,0.00011,0.0064211637,0.0064016384,-0.003041,0.07879233214949091,0.151621427663576,0.15468999738210018,convergence,False
759739__922362,759739,922362,2024-08-05,2024-08-06,1,5.6673918598694,5.592686799477599,0.0,0.0,0.0,0.013181559037903232,0.013181559037903232,0.026363118075806463,0.004325,0.0,0.0,0.0,0.0,0.013181559037903232,0.026363118075806463,0.026363118075806463,overnight_abort,True
759739__922362,759739,922362,2024-08-15,2024-08-16,1,6.04788824,5.942229200130599,0.0,0.0,0.0,0.017470402176181815,0.017470402176181815,0.03494080435236363,0.004325,0.0,0.0,0.0,0.0,0.017470402176181815,0.03494080435236363,0.03494080435236363,overnight_abort,True
134517__314713,134517,314713,2023-11-02,2023-12-12,40,6.139779838537801,7.204712040974799,12.585433927783573,14.686380219558389,0.16693475201810662,-0.17344794608964578,-0.006513194071539163,-0.17996114016118495,0.012606,0.001096,0.0007635161,0.0007620413,-0.001932,-0.007609084482498068,-0.18105703057214384,-0.1787986288657321,convergence,False
134517__314713,134517,314713,2024-02-06,2024-02-13,7,7.82796846,7.841593079025199,15.714630392702666,15.858428256118978,0.009150572417095265,-0.001740505099735568,0.007410067317359698,0.00566956221762413,0.012606,0.000192,0.0007526238,0.0007455926,-0.009342,0.00721828649544189,0.005477781395706322,0.014994425612372426,convergence,False
134517__314713,134517,314713,2024-02-23,2024-03-15,21,9.043866000000001,9.24472054,18.67762591137443,18.643701544807918,-0.0018163104201510691,-0.022208924811579264,-0.024025235231730332,-0.046234160043309595,0.012606,0.000575,0.0007505422,0.0007513232,0.001041,-0.024600577697483757,-0.04680950250906302,-0.047847113834737325,convergence,False
134517__314713,134517,314713,2024-03-28,2024-04-01,1,8.37060042,8.1500815419496,0.0,0.0,0.0,0.026344451650506643,0.026344451650506643,0.052688903301013286,0.012606,0.0,0.0,0.0,0.0,0.026344451650506643,0.052688903301013286,0.052688903301013286,overnight_abort,True
134517__314713,134517,314713,2024-05-30,2024-06-07,8,7.154702779512601,7.2644199990252,14.082556121576085,14.464021352095708,0.02708778344118757,-0.015334979368643083,0.011752804072544486,-0.003582175296098597,0.012606,0.000219,0.0007230057,0.0007245983,0.002203,0.011533625990352705,-0.0038013533782903777,-0.006058797266729642,convergence,False
134517__314713,134517,314713,2024-07-03,2024-07-15,12,7.134605801949601,7.065394998050399,14.184041587364932,14.140920536889931,-0.0030401102682477508,0.009700718697070678,0.006660608428822927,0.016361327125893603,0.012606,0.000329,0.0007259765,0.0007217715,-0.005792,0.0063318413055352555,0.01603256000260593,0.02184079202107988,convergence,False
134517__314713,134517,314713,2024-07-17,2024-07-18,1,7.3858243019496,7.0753455614622,0.0,0.0,0.0,0.04203711431443671,0.04203711431443671,0.08407422862887343,0.012606,0.0,0.0,0.0,0.0,0.04203711431443671,0.08407422862887343,0.08407422862887343,overnight_abort,True
134517__314713,134517,314713,2024-08-08,2024-08-12,4,7.2652386180504,7.095248579025199,13.96317775631979,14.063659411034939,0.00719618817927529,0.023397722767544468,0.030593910946819756,0.053991633714364225,0.012606,0.00011,0.0007323137,0.0007297298,-0.003528,0.030484321905723866,0.053882044673268334,0.057448425312563056,convergence,False
134517__314713,134517,314713,2024-08-14,2024-08-16,1,7.3456294424370006,7.184810018537799,0.0,0.0,0.0,0.021893212169146303,0.021893212169146303,0.04378642433829261,0.012606,0.0,0.0,0.0,0.0,0.021893212169146303,0.04378642433829261,0.04378642433829261,overnight_abort,True
151377__912644,151377,912644,2024-01-09,2024-03-05,56,11.202666901796501,10.5109087694535,5.404688297413571,5.464434980892387,0.01105460300225035,0.06174941542107869,0.07280401842332904,0.13455343384440774,0.02019,0.001534,0.0068612988,0.0066646673,-0.028658,0.07126977184798657,0.13301918726906528,0.16284891082784478,convergence,False
151377__912644,151377,912644,2024-08-05,2024-08-06,1,9.78570411577965,9.574763477338951,0.0,0.0,0.0,0.021556000053236057,0.021556000053236057,0.04311200010647211,0.02019,0.0,0.0,0.0,0.0,0.021556000053236057,0.04311200010647211,0.04311200010647211,overnight_abort,True
151377__912644,151377,912644,2024-08-26,2024-08-29,1,11.216776052796499,10.189930937203501,0.0,0.0,0.0,0.09154547712816208,0.09154547712816208,0.18309095425632416,0.02019,0.0,0.0,0.0,0.0,0.09154547712816208,0.18309095425632416,0.18309095425632416,overnight_abort,True
28335J__27121Q,28335J,27121Q,2023-12-22,2023-12-28,6,7.4224438990901005,7.417434081213201,14.855503213599821,14.959918676425882,0.0070287395401370046,0.0006749553038068693,0.007703694843943874,0.008378650147750744,0.015422,0.000164,0.007022718,0.0070713856,0.00693,0.007539311282300038,0.008214266586106907,0.0012835637993087658,convergence,False
28335J__27121Q,28335J,27121Q,2024-04-03,2024-04-04,1,8.9169637712132,8.6636428312132,0.0,0.0,0.0,0.028408878459033414,0.028408878459033414,0.05681775691806683,0.015422,0.0,0.0,0.0,0.0,0.028408878459033414,0.05681775691806683,0.05681775691806683,overnight_abort,True
28335J__27121Q,28335J,27121Q,2024-07-10,2024-07-11,1,8.4129391871967,8.2847962684835,0.0,0.0,0.0,0.015231646855146119,0.015231646855146119,0.030463293710292237,0.015422,0.0,0.0,0.0,0.0,0.015231646855146119,0.030463293710292237,0.030463293710292237,overnight_abort,True
28335J__27121Q,28335J,27121Q,2024-07-26,2024-07-29,1,8.4455379603033,8.2997501753033,0.0,0.0,0.0,0.0172621075987401,0.0172621075987401,0.0345242151974802,0.015422,0.0,0.0,0.0,0.0,0.0172621075987401,0.0345242151974802,0.0345242151974802,overnight_abort,True
28335J__27121Q,28335J,27121Q,2024-07-31,2024-08-01,1,8.926993399090101,8.155190458786802,0.0,0.0,0.0,0.08645720970085703,0.08645720970085703,0.17291441940171406,0.015422,0.0,0.0,0.0,0.0,0.08645720970085703,0.17291441940171406,0.17291441940171406,overnight_abort,True
28335J__27121Q,28335J,27121Q,2024-08-05,2024-08-06,1,8.095379039700001,7.876039000909901,0.0,0.0,0.0,0.02709447423208342,0.02709447423208342,0.05418894846416684,0.015422,0.0,0.0,0.0,0.0,0.02709447423208342,0.05418894846416684,0.05418894846416684,overnight_abort,True
263502__140539,263502,140539,2024-06-03,2024-06-04,1,5.3228452866735,4.8632136845812,0.0,0.0,0.0,0.0863507348678823,0.0863507348678823,0.1727014697357646,0.033128,0.0,0.0,0.0,0.0,0.0863507348678823,0.1727014697357646,0.1727014697357646,overnight_abort,True
263502__140539,263502,140539,2024-08-02,2024-08-05,1,5.625186052709401,4.932265,0.0,0.0,0.0,0.1231818905573179,0.1231818905573179,0.2463637811146358,0.033128,0.0,0.0,0.0,0.0,0.1231818905573179,0.2463637811146358,0.2463637811146358,overnight_abort,True
263502__140539,263502,140539,2024-08-06,2024-08-07,1,5.7265402459359,5.3268459040641005,0.0,0.0,0.0,0.06979682752696287,0.06979682752696287,0.13959365505392574,0.033128,0.0,0.0,0.0,0.0,0.06979682752696287,0.13959365505392574,0.13959365505392574,overnight_abort,True
263502__140539,263502,140539,2024-08-13,2024-08-14,1,5.8481666967735,5.3684743193094,0.0,0.0,0.0,0.08202440223339592,0.08202440223339592,0.16404880446679185,0.033128,0.0,0.0,0.0,0.0,0.08202440223339592,0.16404880446679185,0.16404880446679185,overnight_abort,True
510095__921754,510095,921754,2024-01-02,2024-01-10,8,5.0834485778748,4.758889434687,4.887142119177401,4.84792656969344,-0.008024229401898736,0.0638462528371805,0.05582202343528176,0.11966827627246227,0.02581,0.000219,0.7524737575,0.7510046377,-0.001952,0.05560284535308998,0.11944909819027048,0.12138960717323644,convergence,False
510095__921754,510095,921754,2024-01-18,2024-01-29,11,4.7903670378748,4.4225020768122,4.710272310379954,4.593813356708906,-0.02472446304524894,0.07679264619059334,0.0520681831453444,0.12886082933593773,0.02581,0.000301,0.7459621999,0.7462409233,0.000374,0.0517668132823307,0.12855945947292402,0.12819519090347223,convergence,False
266613__755996,266613,755996,2024-01-17,2024-01-26,9,5.289535861637,4.76715572790925,0.9923150314763519,1.0064529526259853,0.014247412062880093,0.09875727235661168,0.11300468441949177,0.21176195677610346,0.063214,0.000247,0.2119541954,0.2115282919,-0.002009,0.11275810907702602,0.2115153814336377,0.21355752680711682,convergence,False
266613__755996,266613,755996,2024-01-29,2024-02-02,4,5.470244504637,4.9030830691815,1.0136476169840805,1.027779514444448,0.013941627468542073,0.10368118554385093,0.11762281301239301,0.22130399855624394,0.063214,0.00011,0.2115282919,0.2120103795,0.002279,0.11751322397129713,0.22119440951514804,0.21888882104877566,convergence,False
266613__755996,266613,755996,2024-02-09,2024-02-13,1,5.855535913363,4.80599202790925,0.0,0.0,0.0,0.1792395949717551,0.1792395949717551,0.3584791899435102,0.063214,0.0,0.0,0.0,0.0,0.1792395949717551,0.3584791899435102,0.3584791899435102,overnight_abort,True
266613__755996,266613,755996,2024-03-07,2024-03-12,5,5.804082111636999,5.155519310453751,1.0592200947896082,1.0704785690824998,0.010629022568843804,0.11174252684725135,0.12237154941609515,0.2341140762633465,0.063214,0.000137,0.213447149,0.2137802721,0.001561,0.12223456311472529,0.23397708996197664,0.2324022773301047,convergence,False
266613__755996,266613,755996,2024-03-14,2024-03-15,1,6.07164544127225,5.155519310453751,0.0,0.0,0.0,0.15088597311547472,0.15088597311547472,0.30177194623094944,0.063214,0.0,0.0,0.0,0.0,0.15088597311547472,0.30177194623094944,0.30177194623094944,overnight_abort,True
266613__755996,266613,755996,2024-04-15,2024-04-18,3,5.505645286637,4.611810625,0.9414264074648588,0.936283031606336,-0.005463386004194767,0.16234875570470655,0.15688536970051178,0.31923412540521834,0.063214,8.2e-05,0.2086811396,0.2090519581,0.001777,0.15680317791968987,0.3191519336243964,0.31738781441332187,convergence,False
29573D__929164,29573D,929164,2023-11-14,2023-11-15,1,104.97405008,105.92835176,0.0,0.0,0.0,-0.0090908341563723,-0.0090908341563723,-0.0181816683127446,0.017648999999999998,0.0,0.0,0.0,0.0,-0.0090908341563723,-0.0181816683127446,-0.0181816683127446,overnight_abort,True
29573D__929164,29573D,929164,2024-01-18,2024-01-23,5,122.01450951999999,126.00963663847999,124.60502253601108,126.382275968371,0.01426309627163141,-0.03274304944712447,-0.018479953175493065,-0.05122300262261754,0.017648999999999998,0.000137,0.0067496878,0.0067396799,-0.001483,-0.018616939476862927,-0.0513599889239874,-0.04985388718150299,convergence,False
29573D__929164,29573D,929164,2024-02-26,2024-02-28,2,130.01500020632,125.39121503048,127.39045729391607,125.63379894093543,-0.013789559989785288,0.03556347474139555,0.02177391475161026,0.057337389493005805,0.017648999999999998,5.5e-05,0.0066438561,0.0066363606,-0.001128,0.021719120231062313,0.05728259497245786,0.05839647964489352,convergence,False
29573D__929164,29573D,929164,2024-06-05,2024-06-07,2,123.81195164152,120.63204748,122.63440444442706,120.86323762075648,-0.014442658499419747,0.025683337669427608,0.01124067917000786,0.03692401683943547,0.017648999999999998,5.5e-05,0.0064261153,0.0063810101,-0.007019,0.011185884649459915,0.03686922231888753,0.04383579348915607,convergence,False
29573D__929164,29573D,929164,2024-08-05,2024-08-06,1,117.00380108152,125.6262252,0.0,0.0,0.0,-0.07369353849002308,-0.07369353849002308,-0.14738707698004616,0.017648999999999998,0.0,0.0,0.0,0.0,-0.07369353849002308,-0.14738707698004616,-0.14738707698004616,overnight_abort,True
29573D__929164,29573D,929164,2024-08-15,2024-08-16,1,135.37978268152,132.28844832,0.0,0.0,0.0,0.022834534819666203,0.022834534819666203,0.045669069639332406,0.017648999999999998,0.0,0.0,0.0,0.0,0.022834534819666203,0.045669069639332406,0.045669069639332406,overnight_abort,True
27604J__315206,27604J,315206,2023-12-13,2023-12-15,2,28.939956873296,29.227852270866002,29.468581417892626,29.790319643724168,0.010918008616328913,-0.009948024415877853,0.0009699842004510604,-0.008978040215426792,0.014287000000000001,5.5e-05,0.0007752238,0.0007681081,-0.009179,0.0009151896799031152,-0.009032834735974738,0.00033223936480762336,convergence,False
27604J__315206,27604J,315206,2023-12-22,2024-01-23,32,30.416060955028,28.88925540081,30.27231867707389,29.038398211549353,-0.04076068565104732,0.05019734660827632,0.009436660957229004,0.059634007565505326,0.014287000000000001,0.000877,0.0007719266,0.0007468009,-0.032549,0.008559948628461881,0.0587572952367382,0.09103036727044539,convergence,False
27604J__315206,27604J,315206,2024-08-05,2024-08-07,2,39.694522855837995,38.648470788324,38.784691692760724,38.910652963722,0.003247705872180177,0.02635255426329306,0.02960026013547324,0.0559528143987663,0.014287000000000001,5.5e-05,0.0007268684,0.00072676,-0.000149,0.029545465614925295,0.05589801987821836,0.05604765944467297,convergence,False
510421__916570,510421,916570,2023-11-09,2023-11-15,6,20.090435377589998,20.050307991308,19.789666396046606,20.080285696286996,0.014685406738258482,0.001997337814130139,0.01668274455238862,0.01868008236651876,0.011335,0.000164,0.0066000066,0.0066065467,0.000991,0.016518360990744784,0.018515698804874924,0.01751121880496667,convergence,False
510421__916570,510421,916570,2023-11-24,2023-11-29,5,21.184265983518,20.547454854072,20.52355802534037,20.493055239106614,-0.0014862328547562646,0.030060570894524123,0.02857433803976786,0.058634908934291984,0.011335,0.000137,0.006725628,0.0067914021,0.00978,0.028437351738398,0.05849792263292212,0.048827409327342974,convergence,False
510421__916570,510421,916570,2024-04-26,2024-04-30,1,22.930393324626,22.829406605928,0.0,0.0,0.0,0.004404055232212058,0.004404055232212058,0.008808110464424116,0.011335,0.0,0.0,0.0,0.0,0.004404055232212058,0.008808110464424116,0.008808110464424116,overnight_abort,True
510421__916570,510421,916570,2024-07-01,2024-07-09,8,22.528976089445997,22.101963784625998,22.176885659822652,22.124972857612452,-0.002340851777229002,0.018953915309983374,0.016613063532754373,0.03556697884273775,0.011335,0.000219,0.0061934841,0.0061986673,0.000837,0.01639388545056259,0.035347800760545965,0.03451357839518863,convergence,False
510421__916570,510421,916570,2024-08-05,2024-08-06,1,21.675995824626,22.321190821108,0.0,0.0,0.0,-0.02976541431831233,-0.02976541431831233,-0.05953082863662466,0.011335,0.0,0.0,0.0,0.0,-0.02976541431831233,-0.05953082863662466,-0.05953082863662466,overnight_abort,True
25552J__938939,25552J,938939,2024-01-16,2024-01-23,7,36.240971026541004,39.627783435964496,34.96706029166579,39.64676781377501,0.13383188300860974,-0.09345258456080456,0.040379298447805176,-0.053073286112999385,0.018406,0.000192,0.0067494596,0.0067396799,-0.001449,0.04018751762588737,-0.05326506693491719,-0.051619805463929545,convergence,False
25552J__938939,25552J,938939,2024-03-01,2024-03-04,1,49.122419064035505,48.846078342306,0.0,0.0,0.0,0.005625551977993366,0.005625551977993366,0.011251103955986733,0.018406,0.0,0.0,0.0,0.0,0.005625551977993366,0.011251103955986733,0.011251103955986733,overnight_abort,True
25552J__938939,25552J,938939,2024-06-05,2024-06-06,1,35.064448532694,34.5661558878825,0.0,0.0,0.0,0.01421076519560525,0.01421076519560525,0.0284215303912105,0.018406,0.0,0.0,0.0,0.0,0.01421076519560525,0.0284215303912105,0.0284215303912105,overnight_abort,True
25552J__938939,25552J,938939,2024-06-25,2024-07-09,14,37.7996176182705,42.292830460576496,38.83072895142097,42.609519860119164,0.09731444685021577,-0.1188692670831197,-0.021554820232903935,-0.14042408731602363,0.018406,0.000384,0.006218325,0.0061986673,-0.003161,-0.021938381876739552,-0.14080764895985926,-0.1373277593065063,convergence,False
25552J__938939,25552J,938939,2024-07-10,2024-07-11,1,44.366031157694,40.7713635,0.0,0.0,0.0,0.08102297104100133,0.08102297104100133,0.16204594208200265,0.018406,0.0,0.0,0.0,0.0,0.08102297104100133,0.16204594208200265,0.16204594208200265,overnight_abort,True
25552J__938939,25552J,938939,2024-07-31,2024-08-01,1,44.0945365640355,42.809935652694,0.0,0.0,0.0,0.02913288156404503,0.02913288156404503,0.05826576312809006,0.018406,0.0,0.0,0.0,0.0,0.02913288156404503,0.05826576312809006,0.05826576312809006,overnight_abort,True
25552J__938939,25552J,938939,2024-08-05,2024-08-06,1,40.766065276541006,41.2288052709645,0.0,0.0,0.0,-0.01135110762553234,-0.01135110762553234,-0.02270221525106468,0.018406,0.0,0.0,0.0,0.0,-0.01135110762553234,-0.02270221525106468,-0.02270221525106468,overnight_abort,True
151516__951410,151516,951410,2024-02-05,2024-02-06,1,1.17576371864105,1.1146440622821,0.0,0.0,0.0,0.051982941291633174,0.051982941291633174,0.10396588258326635,0.0315,0.0,0.0,0.0,0.0,0.051982941291633174,0.10396588258326635,0.10396588258326635,overnight_abort,True
151516__951410,151516,951410,2024-02-09,2024-02-20,11,1.2163072986410497,1.1836925013589499,1.1739687078578294,1.2222842682534627,0.041155748081050623,0.02681460295316778,0.0679703510342184,0.09478495398738618,0.0315,0.000301,0.1278862259,0.1278633331,-0.000179,0.0676689811712047,0.09448358412437248,0.09466999386148629,convergence,False
151516__951410,151516,951410,2024-02-23,2024-02-27,4,1.348074035,1.1845804680910499,1.2693277007623582,1.2663892710487052,-0.0023149496476663743,0.12127936794580434,0.11896441829813796,0.2402437862439423,0.0315,0.00011,0.127809409,0.1278077722,-1.3e-05,0.11885482925704208,0.2401341972028464,0.24014697428879594,convergence,False
151516__951410,151516,951410,2024-07-05,2024-07-09,4,1.348074035,1.1456170560589498,1.2626533650263356,1.2543326366169114,-0.006589875447922849,0.1501823888634204,0.14359251341549753,0.29377490227891795,0.0315,0.00011,0.1280417945,0.1280090151,-0.000256,0.14348292437440163,0.2936653132378221,0.2939196967889438,convergence,False
151516__951410,151516,951410,2024-08-12,2024-08-13,1,1.2771230740768498,1.15410038364105,0.0,0.0,0.0,0.09632798352243775,0.09632798352243775,0.1926559670448755,0.0315,0.0,0.0,0.0,0.0,0.09632798352243775,0.1926559670448755,0.1926559670448755,overnight_abort,True
891264__771566,891264,771566,2023-11-14,2023-11-16,2,10.713289791642,10.091136168358,5.3811421119511085,5.139518723522656,-0.04490187833765353,0.05807306955976998,0.013171191222116449,0.07124426078188642,0.028524,5.5e-05,0.1280926284,0.1281845776,0.000718,0.013116396701568504,0.07118946626133847,0.07050435647783236,convergence,False
891264__771566,891264,771566,2024-03-13,2024-03-26,13,9.529667741164198,8.9940581953432,4.6782825603731455,4.557448388593387,-0.025828745959739736,0.05620443024549406,0.030375684285754326,0.08658011453124839,0.028524,0.000356,0.1278371915,0.1278159516,-0.000166,0.030019519902192683,0.08622395014768675,0.08638583369789851,convergence,False
891264__771566,891264,771566,2024-04-03,2024-04-10,7,9.4588531046568,8.569063958835798,4.55925663474473,4.416930685548536,-0.031216919905664154,0.09406945387310638,0.06285253396744223,0.1569219878405486,0.028524,0.000192,0.1277343175,0.1276234532,-0.000868,0.06266075314552441,0.15673020701863077,0.1575717722273248,convergence,False
891264__771566,891264,771566,2024-05-13,2024-05-14,1,10.217585211642,9.428935319999999,0.0,0.0,0.0,0.07718554583165174,0.07718554583165174,0.15437109166330348,0.028524,0.0,0.0,0.0,0.0,0.07718554583165174,0.15437109166330348,0.15437109166330348,overnight_abort,True
891264__771566,891264,771566,2024-08-08,2024-08-09,1,6.464392784656799,6.0981689588358,0.0,0.0,0.0,0.05665247116329768,0.05665247116329768,0.11330494232659535,0.028524,0.0,0.0,0.0,0.0,0.05665247116329768,0.11330494232659535,0.11330494232659535,overnight_abort,True
891264__771566,891264,771566,2024-08-19,2024-08-20,1,6.4745084965074,5.742360474179,0.0,0.0,0.0,0.11308163742828493,0.11308163742828493,0.22616327485656987,0.028524,0.0,0.0,0.0,0.0,0.11308163742828493,0.22616327485656987,0.22616327485656987,overnight_abort,True
951742__905323,951742,905323,2024-02-05,2024-02-07,2,28.935421618808,28.077363547086,28.858787722244106,28.400912022303167,-0.01586607533025415,0.029654244649549594,0.013788169319295444,0.04344241396884504,0.014811999999999999,5.5e-05,0.0067592682,0.0067483214,-0.00162,0.013733374798747498,0.043387619448297096,0.04498403381685007,convergence,False
951742__905323,951742,905323,2024-02-26,2024-03-05,8,28.292412338808,27.360747991788003,26.987037223009214,27.417414913435795,0.015947570934524098,0.032929830650815714,0.04887740158533981,0.08180723223615552,0.014811999999999999,0.000219,0.0066438561,0.0066646673,0.003132,0.04865822350314803,0.08158805415396374,0.07841563951771742,convergence,False
951742__905323,951742,905323,2024-05-23,2024-05-29,6,31.487357665894,31.421565822384,32.04718542756619,31.567486773223212,-0.014968511210671064,0.002089468548237761,-0.012879042662433303,-0.010789574114195542,0.014811999999999999,0.000164,0.0063692235,0.0063445734,-0.00387,-0.013043426224077139,-0.010953957675839378,-0.007126887962719711,convergence,False
951742__905323,951742,905323,2024-08-05,2024-08-06,1,30.643411,30.312789916212,0.0,0.0,0.0,0.010789304225564168,0.010789304225564168,0.021578608451128335,0.014811999999999999,0.0,0.0,0.0,0.0,0.010789304225564168,0.021578608451128335,0.021578608451128335,overnight_abort,True
26133J__932252,26133J,932252,2023-11-02,2023-11-09,7,20.929493643000004,21.072476009000003,21.369948824926784,21.13567537908136,-0.010962751842070786,-0.006831620890542642,-0.017794372732613428,-0.02462599362315607,0.009561,0.000192,0.006663335,0.0066072014,-0.008424,-0.017986153554531235,-0.024817774445073878,-0.01641509108306863,convergence,False
26133J__932252,26133J,932252,2024-01-10,2024-01-11,1,22.340146486500004,22.279759495500002,0.0,0.0,0.0,0.0027030705029840734,0.0027030705029840734,0.005406141005968147,0.009561,0.0,0.0,0.0,0.0,0.0027030705029840734,0.005406141005968147,0.005406141005968147,overnight_abort,True
26133J__932252,26133J,932252,2024-04-26,2024-04-30,1,25.286763491000002,26.250800504500003,0.0,0.0,0.0,-0.038124175671715284,-0.038124175671715284,-0.07624835134343057,0.009561,0.0,0.0,0.0,0.0,-0.038124175671715284,-0.07624835134343057,-0.07624835134343057,overnight_abort,True
26133J__932252,26133J,932252,2024-06-27,2024-07-11,14,25.056250000000002,25.183215986500002,25.03599531926191,25.505924598151807,0.018770145660170646,-0.005067238174108261,0.013702907486062385,0.008635669311954124,0.009561,0.000384,0.0062167791,0.0062966341,0.012845,0.013319345842226769,0.008252107668118508,-0.004668111085213967,convergence,False
26133J__932252,26133J,932252,2024-07-22,2024-07-23,1,25.607491509000003,25.29296948425,0.0,0.0,0.0,0.012282422299718796,0.012282422299718796,0.024564844599437592,0.009561,0.0,0.0,0.0,0.0,0.012282422299718796,0.024564844599437592,0.024564844599437592,overnight_abort,True
26133J__932252,26133J,932252,2024-08-05,2024-08-06,1,20.9470189865,20.13458801575,0.0,0.0,0.0,0.03878504007055125,0.03878504007055125,0.0775700801411025,0.009561,0.0,0.0,0.0,0.0,0.03878504007055125,0.0775700801411025,0.0775700801411025,overnight_abort,True
267768__148375,267768,148375,2024-01-12,2024-01-16,1,6.3047021792133,5.7273823749999995,0.0,0.0,0.0,0.09156971856921851,0.09156971856921851,0.18313943713843703,0.01609,0.0,0.0,0.0,0.0,0.09156971856921851,0.18313943713843703,0.18313943713843703,overnight_abort,True
267768__148375,267768,148375,2024-06-20,2024-06-27,7,5.9131687165734,5.99632082803325,5.894557663106513,6.096127795530629,0.034195972614828256,-0.014062191600721814,0.02013378101410644,0.006071589413384627,0.01609,0.000192,0.0119670183,0.011983741,0.001397,0.019942000192188634,0.005879808591466819,0.004436640803440957,convergence,False
267768__148375,267768,148375,2024-07-11,2024-07-19,8,6.5155282142133,6.0660451842133005,6.734511413005021,6.627440995402519,-0.01589876548367538,0.06898642983687414,0.05308766435319876,0.1220740941900729,0.01609,0.000219,0.0119734659,0.0119432927,-0.00252,0.05286848627100698,0.12185491610788111,0.12434112189008642,convergence,False
29235P__29235V,29235P,29235V,2023-11-14,2023-11-28,14,5.2384382992608005,4.8439272385216,10.488815501775212,9.795517397434494,-0.06609879868926843,0.07531081559075928,0.009212016901490844,0.08452283249225012,0.026402000000000002,0.000384,0.0007662188,0.0007764186,0.013312,0.008828455257655228,0.08413927084841451,0.07187062417620814,convergence,False
29235P__29235V,29235P,29235V,2023-12-01,2023-12-14,13,4.9261472829568005,4.9531137214784,9.531116502699708,10.003952413796483,0.04960970847044447,-0.005474143782687177,0.04413556468775729,0.03866142090507012,0.026402000000000002,0.000356,0.0007629686,0.0007752238,0.016063,0.043779400304195644,0.03830525652150847,0.021712400498193795,convergence,False
29235P__29235V,29235P,29235V,2024-03-22,2024-05-07,46,4.1504549392608,3.9605057214784,8.10869983376796,7.795884340702458,-0.038577762092365124,0.04576587881622195,0.007188116723856823,0.05295399554007877,0.026402000000000002,0.00126,0.0007464693,0.0007355943,-0.014569,0.005927842751254083,0.05169372156747603,0.06590735377920696,convergence,False
516496__916822,516496,916822,2023-11-02,2023-11-06,1,13.252003345463,13.107998654537,0.0,0.0,0.0,0.010866635569881718,0.010866635569881718,0.021733271139763435,0.012486,0.0,0.0,0.0,0.0,0.010866635569881718,0.021733271139763435,0.021733271139763435,overnight_abort,True
516496__916822,516496,916822,2023-11-14,2023-11-15,1,12.930254179999999,12.809637554537,0.0,0.0,0.0,0.009328248600832903,0.009328248600832903,0.018656497201665807,0.012486,0.0,0.0,0.0,0.0,0.009328248600832903,0.018656497201665807,0.018656497201665807,overnight_abort,True
516496__916822,516496,916822,2024-04-11,2024-04-12,1,19.003244667222,19.448164073241,0.0,0.0,0.0,-0.02341281259123214,-0.02341281259123214,-0.04682562518246428,0.012486,0.0,0.0,0.0,0.0,-0.02341281259123214,-0.04682562518246428,-0.04682562518246428,overnight_abort,True
516496__916822,516496,916822,2024-04-19,2024-04-24,5,18.420090203704003,17.941441512778,18.054691904872456,18.17114359154495,0.006449940396992732,0.0259851437008574,0.032435084097850134,0.05842022779870753,0.012486,0.000137,0.0064580706,0.0064372843,-0.003219,0.03229809779648027,0.058283241497337664,0.0615331166653606,convergence,False
516496__916822,516496,916822,2024-04-26,2024-04-30,1,18.198887338241,18.249760911759,0.0,0.0,0.0,-0.00279542219106443,-0.00279542219106443,-0.00559084438212886,0.012486,0.0,0.0,0.0,0.0,-0.00279542219106443,-0.00559084438212886,-0.00559084438212886,overnight_abort,True
516496__916822,516496,916822,2024-05-10,2024-05-13,1,19.455716088241,17.782326532685,0.0,0.0,0.0,0.08601017551686999,0.08601017551686999,0.17202035103373997,0.012486,0.0,0.0,0.0,0.0,0.08601017551686999,0.17202035103373997,0.17202035103373997,overnight_abort,True
516496__916822,516496,916822,2024-08-05,2024-08-06,1,15.5846765,15.28603369,0.0,0.0,0.0,0.019162592819940823,0.019162592819940823,0.038325185639881645,0.012486,0.0,0.0,0.0,0.0,0.019162592819940823,0.038325185639881645,0.038325185639881645,overnight_abort,True
516895__916116,516895,916116,2023-11-20,2023-11-21,1,36.8365432831925,35.041305226169,0.0,0.0,0.0,0.04873524758341303,0.04873524758341303,0.09747049516682606,0.018692,0.0,0.0,0.0,0.0,0.04873524758341303,0.09747049516682606,0.09747049516682606,overnight_abort,True
516895__916116,516895,916116,2023-12-12,2023-12-13,1,36.1225339143615,34.931924466807494,0.0,0.0,0.0,0.032960297037208784,0.032960297037208784,0.06592059407441757,0.018692,0.0,0.0,0.0,0.0,0.032960297037208784,0.06592059407441757,0.06592059407441757,overnight_abort,True
516895__916116,516895,916116,2024-01-26,2024-01-31,5,39.4109758319155,41.2958321006385,80.56059890453089,83.49065568987066,0.036370841641980144,-0.0478256685843495,-0.011454826942369357,-0.05928049552671886,0.018692,0.000137,0.0067789716,0.0068075832,0.004221,-0.011591813243739221,-0.059417481828088724,-0.06377324614290818,convergence,False
516895__916116,516895,916116,2024-02-14,2024-02-16,2,45.05260882255401,46.804603759892004,93.32765814455945,93.97546202657067,0.006941177941139428,-0.03888775773759238,-0.03194657979645295,-0.07083433753404533,0.018692,5.5e-05,0.0066702241,0.0066566812,-0.00203,-0.03200137431700089,-0.07088913205459328,-0.06884052806275136,convergence,False
516895__916116,516895,916116,2024-07-26,2024-07-29,1,46.18395213505401,42.26036375,0.0,0.0,0.0,0.08495566541339729,0.08495566541339729,0.16991133082679458,0.018692,0.0,0.0,0.0,0.0,0.08495566541339729,0.16991133082679458,0.16991133082679458,overnight_abort,True
516895__916116,516895,916116,2024-08-05,2024-08-06,1,33.9000808744695,35.4688737106385,0.0,0.0,0.0,-0.04627696441132887,-0.04627696441132887,-0.09255392882265774,0.018692,0.0,0.0,0.0,0.0,-0.04627696441132887,-0.09255392882265774,-0.09255392882265774,overnight_abort,True
906640__906433,906640,906433,2024-01-18,2024-01-23,5,26.709570061587,26.670241093942,26.716260836306795,26.686957724966025,-0.0010968268172074345,0.0014724672675118643,0.0003756404503044298,0.0018481077178162941,0.013683,0.000137,0.0067496878,0.0067396799,-0.001483,0.0002386541489345668,0.001711121416446431,0.0031944148688397155,convergence,False
906640__906433,906640,906433,2024-01-30,2024-01-31,1,27.040309781058003,28.356466092235504,0.0,0.0,0.0,-0.04867386216482923,-0.04867386216482923,-0.09734772432965846,0.013683,0.0,0.0,0.0,0.0,-0.04867386216482923,-0.09734772432965846,-0.09734772432965846,overnight_abort,True
906640__906433,906640,906433,2024-03-04,2024-03-05,1,29.602023719058003,29.952895278822503,0.0,0.0,0.0,-0.011852958537378836,-0.011852958537378836,-0.023705917074757672,0.013683,0.0,0.0,0.0,0.0,-0.011852958537378836,-0.023705917074757672,-0.023705917074757672,overnight_abort,True
906640__906433,906640,906433,2024-04-26,2024-04-30,1,28.042545281058,29.713425812235503,0.0,0.0,0.0,-0.059583768678306746,-0.059583768678306746,-0.11916753735661349,0.013683,0.0,0.0,0.0,0.0,-0.059583768678306746,-0.11916753735661349,-0.11916753735661349,overnight_abort,True
906640__906433,906640,906433,2024-08-05,2024-08-06,1,26.048106658413,24.4552029061775,0.0,0.0,0.0,0.061152381365922624,0.061152381365922624,0.12230476273184525,0.013683,0.0,0.0,0.0,0.0,0.061152381365922624,0.12230476273184525,0.12230476273184525,overnight_abort,True
510265__932173,510265,932173,2023-11-10,2023-11-16,6,12.198630142499999,12.615029075,12.334105531585868,12.698075040356763,0.02950919366133371,-0.03413489282286449,-0.004625699161530782,-0.03876059198439527,0.012384,0.000164,0.0065908712,0.006634599,0.006635,-0.004790082723174618,-0.0389249755460391,-0.045710339984580683,convergence,False
510265__932173,510265,932173,2023-12-11,2023-12-13,2,13.376879432764502,12.74466969,12.939105084292855,12.843813329833285,-0.00736463254906611,0.04726137706048291,0.0398967445114168,0.08715812157189971,0.012384,5.5e-05,0.0068754507,0.0069986353,0.017917,0.03984194999086886,0.08710332705135176,0.06963172216785446,convergence,False
510265__932173,510265,932173,2024-04-26,2024-04-30,1,12.5455866595,12.50533317,0.0,0.0,0.0,0.003208577692898724,0.003208577692898724,0.006417155385797448,0.012384,0.0,0.0,0.0,0.0,0.003208577692898724,0.006417155385797448,0.006417155385797448,overnight_abort,True
510265__932173,510265,932173,2024-06-27,2024-07-11,14,13.557377042764502,13.642182637235502,13.293363632188347,13.91492866733484,0.04675754401552999,-0.00625530987325163,0.04050223414227836,0.03424692426902673,0.012384,0.000384,0.0062167791,0.0062966341,0.012845,0.040118672498442746,0.033863362625191115,0.02058820285731439,convergence,False
510265__932173,510265,932173,2024-08-05,2024-08-06,1,12.4643637377645,12.241065762500002,0.0,0.0,0.0,0.01791491166034824,0.01791491166034824,0.03582982332069648,0.012384,0.0,0.0,0.0,0.0,0.01791491166034824,0.03582982332069648,0.03582982332069648,overnight_abort,True
510265__932173,510265,932173,2024-08-07,2024-08-16,9,13.0860777277645,14.2305515822355,13.704004341289982,14.462453611128252,0.05534508388566925,-0.08745736333529414,-0.032112279449624886,-0.11956964278491902,0.012384,0.000247,0.0067895572,0.0067750673,-0.002134,-0.03235885479209064,-0.11981621812738477,-0.11755914169494924,convergence,False
29072L__141024,29072L,141024,2023-11-24,2023-11-28,4,17.321661232977004,15.877456,3.2875080826770002,3.2226528410708,-0.01972778164347166,0.08337567705270227,0.0636478954092306,0.14702357246193287,0.026026,0.00011,1.0,1.0,0.0,0.06353830636813472,0.14691398342083697,0.14691398342083697,convergence,False
29072L__141024,29072L,141024,2023-12-07,2023-12-08,1,16.858131039364,16.155310487659,0.0,0.0,0.0,0.04169030066642038,0.04169030066642038,0.08338060133284075,0.026026,0.0,0.0,0.0,0.0,0.04169030066642038,0.08338060133284075,0.08338060133284075,overnight_abort,True
29072L__141024,29072L,141024,2023-12-22,2024-01-16,25,17.442575274682003,16.259502323295,3.3779891383938003,3.2823319989292,-0.028317775915077222,0.0678267361760646,0.03950896026098738,0.10733569643705199,0.026026,0.000685,1.0,1.0,0.0,0.03882402875413807,0.10665076493020267,0.10665076493020267,convergence,False
29072L__141024,29072L,141024,2024-01-18,2024-01-22,4,16.344230995318004,15.25228117,3.1467582210708,3.06350968,-0.02645533441793045,0.06680949538897275,0.0403541609710423,0.10716365636001506,0.026026,0.00011,1.0,1.0,0.0,0.04024457192994641,0.10705406731891917,0.10705406731891917,convergence,False
29072L__141024,29072L,141024,2024-04-01,2024-04-02,1,15.98147174,15.291974810000001,0.0,0.0,0.0,0.04314351902110856,0.04314351902110856,0.08628703804221712,0.026026,0.0,0.0,0.0,0.0,0.04314351902110856,0.08628703804221712,0.08628703804221712,overnight_abort,True
29072L__141024,29072L,141024,2024-06-03,2024-06-04,1,17.52319001,16.691183558728003,0.0,0.0,0.0,0.04748030756940912,0.04748030756940912,0.09496061513881825,0.026026,0.0,0.0,0.0,0.0,0.04748030756940912,0.09496061513881825,0.09496061513881825,overnight_abort,True
29072L__141024,29072L,141024,2024-06-05,2024-06-06,1,17.916176012341,17.197271514682,0.0,0.0,0.0,0.04012600105981351,0.04012600105981351,0.08025200211962702,0.026026,0.0,0.0,0.0,0.0,0.04012600105981351,0.08025200211962702,0.08025200211962702,overnight_abort,True
29072L__141024,29072L,141024,2024-06-13,2024-06-21,8,16.827902277023,16.141909914795,3.2372401816062,3.2425462583938,0.0016390741773652353,0.04076517387224554,0.04240424804961078,0.08316942192185632,0.026026,0.000219,1.0,1.0,0.0,0.042185069967419,0.08295024383966454,0.08295024383966454,convergence,False
29072L__141024,29072L,141024,2024-06-28,2024-07-01,1,16.716060189295,15.961811931387002,0.0,0.0,0.0,0.045121173851181744,0.045121173851181744,0.09024234770236349,0.026026,0.0,0.0,0.0,0.0,0.045121173851181744,0.09024234770236349,0.09024234770236349,overnight_abort,True
29072L__141024,29072L,141024,2024-07-03,2024-07-08,5,16.535688220636,15.7977710177,3.2372401816062,3.1828671005354,-0.01679612201150375,0.044625732723667544,0.027829610712163794,0.07245534343583133,0.026026,0.000137,1.0,1.0,0.0,0.027692624410793933,0.07231835713446147,0.07231835713446147,convergence,False
29072L__141024,29072L,141024,2024-07-30,2024-08-01,2,17.019360510000002,16.105690460636,3.2472930178584005,3.2226528410708,-0.0075879129638416806,0.05368415862788493,0.046096245664043245,0.09978040429192818,0.026026,5.5e-05,1.0,1.0,0.0,0.0460414511434953,0.09972560977138023,0.09972560977138023,convergence,False
29072L__141024,29072L,141024,2024-08-05,2024-08-06,1,17.170503314046,16.135459698295,0.0,0.0,0.0,0.060280330565750086,0.060280330565750086,0.12056066113150017,0.026026,0.0,0.0,0.0,0.0,0.060280330565750086,0.12056066113150017,0.12056066113150017,overnight_abort,True
29072L__141024,29072L,141024,2024-08-13,2024-08-23,10,17.926247564046,17.663673769364003,3.4584173578584005,3.5309934989292002,0.020985362251287658,0.014647448873161415,0.035632811124449076,0.05028025999761049,0.026026,0.000274,1.0,1.0,0.0,0.03535883852170935,0.050006287394870765,0.050006287394870765,convergence,False
518085__912002,518085,912002,2024-02-06,2024-02-16,10,8.53513649351205,8.018881264048199,8.58967941745781,8.43823802569983,-0.017630622098676794,0.06048587856284208,0.042855256464165284,0.10334113502700737,0.035055,0.000274,0.0067483214,0.0066566812,-0.01358,0.04258128386142556,0.10306716242426764,0.11659109778484232,convergence,False
518085__912002,518085,912002,2024-03-14,2024-03-18,4,8.86953949173795,8.417854771012049,8.567599156843478,8.68934281212794,0.014209774880424636,0.05092538582715017,0.0651351607075748,0.11606054653472497,0.035055,0.00011,0.0067098328,0.006704435,-0.000804,0.06502557166647892,0.11595095749362909,0.11676750676628955,convergence,False
518085__912002,518085,912002,2024-05-13,2024-05-31,18,8.6772199279759,8.7183168190482,8.329552846162416,8.89796548381727,0.06824047438713739,-0.004736181797098518,0.06350429259003887,0.05876811079294035,0.035055,0.000493,0.0063781608,0.0063566725,-0.003369,0.06301114190510736,0.058274960108008846,0.06188607453710269,convergence,False
518085__912002,518085,912002,2024-08-05,2024-08-08,1,8.34230979446385,7.8317078764879495,0.0,0.0,0.0,0.06120630024010225,0.06120630024010225,0.1224126004802045,0.035055,0.0,0.0,0.0,0.0,0.06120630024010225,0.1224126004802045,0.1224126004802045,overnight_abort,True
874567__929751,874567,929751,2023-12-19,2023-12-20,1,19.095322039200003,17.8731139608,0.0,0.0,0.0,0.06400562796956137,0.06400562796956137,0.12801125593912274,0.022791,0.0,0.0,0.0,0.0,0.06400562796956137,0.12801125593912274,0.12801125593912274,overnight_abort,True
874567__929751,874567,929751,2023-12-29,2024-01-03,5,19.8829650294,18.4870330098,4.651733542396018,4.635355630402156,-0.003520819033290141,0.07020743724770935,0.06668661821441921,0.13689405546212857,0.022791,0.000137,0.7539486363,0.7524737575,-0.001956,0.06654963191304934,0.13675706916075872,0.13871020839518455,convergence,False
874567__929751,874567,929751,2024-03-01,2024-03-20,19,17.408958058800003,16.4907977314,4.145508920541267,4.233148294401106,0.021140799728009394,0.05274068237161869,0.07388148209962808,0.12662216447124677,0.022791,0.000521,0.7444073606,0.7464635171,0.002762,0.0733609341544226,0.1261016165260413,0.12328885308258074,convergence,False
874567__929751,874567,929751,2024-06-12,2024-06-26,14,15.6988567098,14.6960542902,3.922300337273146,3.829134340682808,-0.023752897172353935,0.06387741719905,0.04012452002669607,0.10400193722574608,0.022791,0.000384,0.7402745323,0.7361330929,-0.005594,0.03974095838286046,0.10361837558191046,0.10911068159937064,convergence,False
874567__929751,874567,929751,2024-07-03,2024-07-10,7,15.757929,15.2371976,3.9139902268263627,3.9157477670844365,0.0004490405331182786,0.033045674974167015,0.03349471550728529,0.06654039048145231,0.022791,0.000192,0.7415094938,0.7413998727,-0.000148,0.033302934685367484,0.0663486096595345,0.06649653297103675,convergence,False
874567__929751,874567,929751,2024-08-06,2024-08-22,16,16.358756970600002,16.09075,3.9980833371557574,4.07465503795568,0.019152102230664395,0.016383088952398074,0.03553519118306247,0.05191828013546054,0.022791,0.000438,0.7531536615,0.7628348101,0.012854,0.035096835018678905,0.05147992397107698,0.038545848576164034,convergence,False
547123__912005,547123,912005,2023-11-02,2023-11-06,1,19.508864915424,19.470491449152,0.0,0.0,0.0,0.0019669758562765047,0.0019669758562765047,0.003933951712553009,0.013248,0.0,0.0,0.0,0.0,0.0019669758562765047,0.003933951712553009,0.003933951712553009,overnight_abort,True
547123__912005,547123,912005,2024-02-02,2024-02-05,1,21.538112453727997,21.172673457120002,0.0,0.0,0.0,0.016967085550931932,0.016967085550931932,0.033934171101863864,0.013248,0.0,0.0,0.0,0.0,0.016967085550931932,0.033934171101863864,0.033934171101863864,overnight_abort,True
547123__912005,547123,912005,2024-03-21,2024-03-22,1,22.12076854288,22.207907449152,0.0,0.0,0.0,-0.003939235027168462,-0.003939235027168462,-0.007878470054336924,0.013248,0.0,0.0,0.0,0.0,-0.003939235027168462,-0.007878470054336924,-0.007878470054336924,overnight_abort,True
547123__912005,547123,912005,2024-04-26,2024-04-30,1,21.72898390288,21.939138987456,0.0,0.0,0.0,-0.009671648040023965,-0.009671648040023965,-0.01934329608004793,0.013248,0.0,0.0,0.0,0.0,-0.009671648040023965,-0.01934329608004793,-0.01934329608004793,overnight_abort,True
547123__912005,547123,912005,2024-08-05,2024-08-06,1,18.59469673712,19.360993813727998,0.0,0.0,0.0,-0.04121051757075788,-0.04121051757075788,-0.08242103514151576,0.013248,0.0,0.0,0.0,0.0,-0.04121051757075788,-0.08242103514151576,-0.08242103514151576,overnight_abort,True
547520__936485,547520,936485,2023-11-02,2023-11-06,1,21.830736261548502,21.1119437469465,0.0,0.0,0.0,0.03292571107040689,0.03292571107040689,0.06585142214081378,0.028267,0.0,0.0,0.0,0.0,0.03292571107040689,0.06585142214081378,0.06585142214081378,overnight_abort,True
547520__936485,547520,936485,2023-12-29,2024-01-05,7,22.958174124801,22.189785746548502,22.177552575180847,22.41246513123425,0.010592357080749086,0.033469054380175355,0.04406141146092444,0.0775304658410998,0.028267,0.000192,0.0069141944,0.006912522,-0.000242,0.04386963063900663,0.07733868501918198,0.07758318545736975,convergence,False
547520__936485,547520,936485,2024-02-14,2024-02-26,12,24.763081811903003,24.0883748088495,23.85697283569641,24.266335751541703,0.017159046902747707,0.0272464876616927,0.04440553456444041,0.07165202222613311,0.028267,0.000329,0.0066702241,0.0066354795,-0.005209,0.044076767441152735,0.07132325510284544,0.07664928831883493,convergence,False
547520__936485,547520,936485,2024-03-26,2024-03-27,1,24.166490883097,23.5220527894035,0.0,0.0,0.0,0.026666597844548768,0.026666597844548768,0.053333195689097536,0.028267,0.0,0.0,0.0,0.0,0.026666597844548768,0.053333195689097536,0.053333195689097536,overnight_abort,True
547520__936485,547520,936485,2024-08-05,2024-08-07,2,23.387916120752504,22.9116419261505,23.4961754138183,23.359672899216374,-0.005809563139439594,0.020364114192259985,0.014554551052820391,0.034918665245080374,0.028267,5.5e-05,0.0069288065,0.0068168645,-0.016156,0.014499756532272446,0.03486387072453243,0.051189802666269636,convergence,False
921505__916933,921505,916933,2023-11-01,2023-11-08,7,14.442496484346,14.3374176,14.325341449137277,14.456017460911518,0.009122017247422131,0.007275673181564777,0.016397690428986908,0.023673363610551685,0.016776,0.000192,0.0066469469,0.006623174,-0.003577,0.0162059096070691,0.023481582788633878,0.027103676486280967,convergence,False
921505__916933,921505,916933,2024-04-26,2024-05-01,5,14.637942215946,14.54650494,14.636579454843815,14.82799776353766,0.013078076697113585,0.006246593585155104,0.01932467028226869,0.025571263867423793,0.016776,0.000137,0.006336734,0.0064731199,0.021523,0.019187683980898828,0.02543427756605393,0.004089150734615891,convergence,False
921505__916933,921505,916933,2024-05-09,2024-05-23,14,14.874365264345998,13.889373299999999,14.809030146322396,13.999957684165285,-0.05463372375928564,0.06622077290968745,0.011587049150401804,0.07780782206008925,0.016776,0.000384,0.0064211637,0.0063720649,-0.007646,0.011203487506566188,0.07742426041625364,0.08470861022315652,convergence,False
921505__916933,921505,916933,2024-08-05,2024-08-06,1,13.819801964346,13.670329420000002,0.0,0.0,0.0,0.010815823897594636,0.010815823897594636,0.021631647795189272,0.016776,0.0,0.0,0.0,0.0,0.010815823897594636,0.021631647795189272,0.021631647795189272,overnight_abort,True
151426__315299,151426,315299,2023-11-29,2023-12-01,2,9.3421485,8.910342,8.872093958911233,9.055643731391857,0.020688438753093348,0.0462213269249574,0.06690976567805075,0.11313109260300816,0.027749000000000003,5.5e-05,0.6605019815,0.6674899488,0.01058,0.0668549711575028,0.11307629808246021,0.10239068784021246,convergence,False
151426__315299,151426,315299,2024-01-08,2024-01-19,11,9.9683248390038,8.8618304350114,9.382989053976072,9.01710133994207,-0.038994792803147986,0.11100103797409748,0.0720062451709495,0.18300728314504697,0.027749000000000003,0.000301,0.6699943499,0.6598045672,-0.015209,0.0717048753079358,0.18270591328203326,0.19754732954633758,convergence,False
151426__315299,151426,315299,2024-02-22,2024-02-27,5,8.756370640996199,7.8708020009962,8.351941959955662,8.069604860340103,-0.03380496427887741,0.1011342114567285,0.0673292471778511,0.1684634586345796,0.027749000000000003,0.000137,0.6561034449,0.6543861508,-0.002617,0.06719226087648124,0.16832647233320974,0.17086204102191874,convergence,False
151427__997310,151427,997310,2023-12-12,2023-12-18,6,5.3586642,5.016035442596,1.032154735199569,1.0346154315625542,0.002384038244526778,0.0639392103360385,0.06632324858056528,0.13026245891660376,0.036832000000000004,0.000164,0.1281615779,0.1282700838,0.000847,0.06615886501892145,0.13009807535495993,0.1292501412225947,convergence,False
151427__997310,151427,997310,2024-06-06,2024-06-13,7,5.723336696106,5.216400601298,1.09141726397764,1.0492886714486287,-0.03859989567644813,0.08857352305568629,0.04997362737923816,0.13854715043492444,0.036832000000000004,0.000192,0.1280090151,0.1280368697,0.000218,0.049781846557320354,0.13835536961300662,0.13814621567626462,convergence,False
151643__932197,151643,932197,2023-11-02,2023-11-07,5,77.18890089144149,76.890345695193,37.956262380223464,38.537112923212845,0.015303154382556505,0.003867851372419131,0.019171005754975635,0.023038857127394768,0.008237,0.000137,0.006663335,0.0066504834,-0.001929,0.019034019453605774,0.022901870826024906,0.024863874072114288,convergence,False
151643__932197,151643,932197,2023-11-14,2023-11-17,3,80.54015370182749,81.724029,39.84763965659156,40.94885983467581,0.027635769334761202,-0.014699193430340408,0.012936575904420794,-0.0017626175259196145,0.008237,8.2e-05,0.0066065467,0.0066829285,0.011562,0.012854384123598876,-0.0018448093067415323,-0.013590059881571673,convergence,False
151643__932197,151643,932197,2024-01-18,2024-01-24,6,89.8313122116345,89.597435570193,44.486917294019655,45.06281514631865,0.012945330612431782,0.0026035091293167946,0.015548839741748578,0.01815234887106537,0.008237,0.000164,0.0067496878,0.0067794307,0.004407,0.015384456180104741,0.017987965309421535,0.013543944416358611,convergence,False
151643__932197,151643,932197,2024-03-14,2024-03-18,4,86.4800754550965,86.3384517181725,43.19685716126501,43.3383316595187,0.003275110912016869,0.001637645852859364,0.0049127567648762326,0.006550402617735597,0.008237,0.00011,0.0067098328,0.006704435,-0.000804,0.004803167723780342,0.0064408135766397066,0.007248559254490386,convergence,False
151643__932197,151643,932197,2024-04-26,2024-04-30,1,89.23933058009649,89.4080879714415,0.0,0.0,0.0,-0.0018910651867064736,-0.0018910651867064736,-0.003782130373412947,0.008237,0.0,0.0,0.0,0.0,-0.0018910651867064736,-0.003782130373412947,-0.003782130373412947,overnight_abort,True
151643__932197,151643,932197,2024-07-10,2024-07-11,1,102.574055065,100.00230573,0.0,0.0,0.0,0.025072123095555742,0.025072123095555742,0.050144246191111484,0.008237,0.0,0.0,0.0,0.0,0.025072123095555742,0.050144246191111484,0.050144246191111484,overnight_abort,True
151643__932197,151643,932197,2024-08-05,2024-08-06,1,86.540274375,85.9098909100965,0.0,0.0,0.0,0.007284278556500735,0.007284278556500735,0.01456855711300147,0.008237,0.0,0.0,0.0,0.0,0.007284278556500735,0.01456855711300147,0.01456855711300147,overnight_abort,True
151643__932197,151643,932197,2024-08-15,2024-08-16,1,97.75789364144148,95.34802161836551,0.0,0.0,0.0,0.024651431544903755,0.024651431544903755,0.04930286308980751,0.008237,0.0,0.0,0.0,0.0,0.024651431544903755,0.04930286308980751,0.04930286308980751,overnight_abort,True
696046__147535,696046,147535,2023-11-15,2023-11-16,1,17.415848123217,17.214447393915002,0.0,0.0,0.0,0.011564221729374833,0.011564221729374833,0.023128443458749665,0.01174,0.0,0.0,0.0,0.0,0.011564221729374833,0.023128443458749665,0.023128443458749665,overnight_abort,True
696046__147535,696046,147535,2024-01-11,2024-01-16,5,18.880551965736,19.407367003566,19.514718810639305,19.58407845136389,0.0035542218874693924,-0.027902523124644526,-0.024348301237175133,-0.05225082436181966,0.01174,0.000137,0.0120682581,0.0120352867,-0.002732,-0.024485287538544995,-0.052387810663189524,-0.04963851282788827,convergence,False
696046__147535,696046,147535,2024-07-18,2024-07-31,13,22.32157825,22.058812773915,21.470537263258073,22.259388812220664,0.036741118272458406,0.011771814391529445,0.04851293266398785,0.0602847470555173,0.01174,0.000356,0.0119432927,0.0119462599,0.000248,0.048156768280426206,0.05992858267195565,0.05967107795735138,convergence,False
905168__922020,905168,922020,2023-11-02,2023-11-06,1,755.0189031322299,761.6427975,0.0,0.0,0.0,-0.008773150367879054,-0.008773150367879054,-0.017546300735758108,0.012813,0.0,0.0,0.0,0.0,-0.008773150367879054,-0.017546300735758108,-0.017546300735758108,overnight_abort,True
905168__922020,905168,922020,2023-11-14,2023-11-15,1,770.9284973233099,747.873420762195,0.0,0.0,0.0,0.02990559648678563,0.02990559648678563,0.05981119297357126,0.012813,0.0,0.0,0.0,0.0,0.02990559648678563,0.05981119297357126,0.05981119297357126,overnight_abort,True
905168__922020,905168,922020,2024-01-18,2024-01-23,5,809.9790117205749,797.33556933615,40.12671033899372,39.993267077568866,-0.0033255470059098233,0.015609592596192655,0.012284045590282832,0.027893638186475486,0.012813,0.000137,0.0067496878,0.0067396799,-0.001483,0.012147059288912968,0.027756651885105624,0.029236635861513798,convergence,False
905168__922020,905168,922020,2024-04-03,2024-04-04,1,930.8170423749999,916.65946822554,0.0,0.0,0.0,0.015209835558378463,0.015209835558378463,0.030419671116756926,0.012813,0.0,0.0,0.0,0.0,0.015209835558378463,0.030419671116756926,0.030419671116756926,overnight_abort,True
905168__922020,905168,922020,2024-04-26,2024-05-01,5,976.1952545416899,963.4033783699649,48.50399496165047,48.82511189466793,0.006620422364618566,0.01310380900973607,0.019724231374354636,0.032828040384090706,0.012813,0.000137,0.006336734,0.0064731199,0.021523,0.019587245072984774,0.03269105408272084,0.011481987298313153,convergence,False
905168__922020,905168,922020,2024-06-27,2024-07-10,13,915.7210631322299,467.59881744108,22.743263969377097,23.03533910783005,0.012842270082527385,0.4893654451480507,0.5022077152305781,0.9915731603786287,0.012813,0.000356,0.0062167791,0.0061848656,-0.005133,0.5018515508470164,0.9912169959950671,0.9964431955403376,convergence,False
512142__929143,512142,929143,2024-02-02,2024-02-05,1,88.62150576147401,84.26343722391,0.0,0.0,0.0,0.04917619600476897,0.04917619600476897,0.09835239200953794,0.021263,0.0,0.0,0.0,0.0,0.04917619600476897,0.09835239200953794,0.09835239200953794,overnight_abort,True
512142__929143,512142,929143,2024-02-22,2024-02-26,1,82.921877373654,77.513244626346,0.0,0.0,0.0,0.06522564272075249,0.06522564272075249,0.13045128544150497,0.021263,0.0,0.0,0.0,0.0,0.06522564272075249,0.13045128544150497,0.13045128544150497,overnight_abort,True
512142__929143,512142,929143,2024-08-05,2024-08-07,1,78.927109732692,75.134328364872,0.0,0.0,0.0,0.04805422852382759,0.04805422852382759,0.09610845704765518,0.021263,0.0,0.0,0.0,0.0,0.04805422852382759,0.09610845704765518,0.09610845704765518,overnight_abort,True
151663__929587,151663,929587,2023-11-14,2023-11-15,1,40.8798597784725,40.221332809611,0.0,0.0,0.0,0.016108836293227315,0.016108836293227315,0.03221767258645463,0.008697,0.0,0.0,0.0,0.0,0.016108836293227315,0.03221767258645463,0.03221767258645463,overnight_abort,True
151663__929587,151663,929587,2023-12-22,2024-01-09,18,42.113169,42.535073591167,20.92533021989938,21.385359139557938,0.021984308721736893,-0.010018352956696263,0.01196595576504063,0.0019476028083443668,0.008697,0.000493,0.7555436314,0.7513431386,-0.00556,0.011472805080109123,0.00145445212341286,0.007168003641960815,convergence,False
151663__929587,151663,929587,2024-08-06,2024-08-07,1,45.0610938380835,44.679290389222,0.0,0.0,0.0,0.008473017770794145,0.008473017770794145,0.01694603554158829,0.008697,0.0,0.0,0.0,0.0,0.008473017770794145,0.01694603554158829,0.01694603554158829,overnight_abort,True
151663__929587,151663,929587,2024-08-08,2024-08-14,6,45.602541849222,44.779010966167,22.150575639821163,22.474540518077966,0.014625573778515949,0.018058881142588096,0.03268445492110404,0.05074333606369214,0.008697,0.000164,0.7550018305,0.7597627808,0.006306,0.03252007135946021,0.05057895250204831,0.04422093911689394,convergence,False
151663__929587,151663,929587,2024-08-15,2024-08-20,5,46.0647830110275,46.673901389221996,23.168375602668288,23.56025883838872,0.016914575386774145,-0.013223081460053276,0.003691493926720869,-0.009531587533332407,0.008697,0.000137,0.7601092247,0.7664597813,0.008355,0.003554507625351006,-0.00966857383470227,-0.018094291303406587,convergence,False
151293__937357,151293,937357,2023-11-10,2023-11-16,6,1.8092613757945002,1.8055398023835,0.3565289618008356,0.37369826456282634,0.04815682483484152,0.0020569573090929707,0.050213782143934495,0.052270739453027466,0.025915,0.000164,0.1280688482,0.1281845776,0.000904,0.05004939858229066,0.052106355891383634,0.05116004423115766,convergence,False
151293__937357,151293,937357,2023-11-20,2023-11-24,4,1.9191275823835003,1.924586303178,0.3906039932572445,0.3984368231538963,0.020053122937463773,-0.002844376186662918,0.017208746750800856,0.014364370564137937,0.025915,0.00011,0.1282692678,0.1283474557,0.00061,0.017099157709704965,0.014254781523042047,0.01363337604884751,convergence,False
151293__937357,151293,937357,2023-12-04,2023-12-14,10,1.9755723007945003,1.9543486476165,0.39587664444974036,0.40143324415521386,0.014036189766125398,0.010743040469571778,0.024779230235697176,0.035522270705268956,0.025915,0.000274,0.1278903278,0.128081144,0.001492,0.02450525763295745,0.03524829810252923,0.03373757976920729,convergence,False
151293__937357,151293,937357,2024-01-23,2024-01-24,1,1.9302146750000002,1.874984346822,0.0,0.0,0.0,0.028613567647857725,0.028613567647857725,0.05722713529571545,0.025915,0.0,0.0,0.0,0.0,0.028613567647857725,0.05722713529571545,0.05722713529571545,overnight_abort,True
151293__937357,151293,937357,2024-02-05,2024-02-16,11,2.0058103484110004,1.9295466773835002,0.38799361509657493,0.3943089143691424,0.01627681236711984,0.03802137679064033,0.05429818915776016,0.09231956594840049,0.025915,0.000301,0.1278339182,0.1278371915,2.6e-05,0.053996819294746465,0.09201819608538679,0.09199217408935513,convergence,False
151293__937357,151293,937357,2024-06-11,2024-08-05,55,2.3787498976165002,2.108116875,0.4710181517077089,0.43176739942940134,-0.0833317190346088,0.11377111267042986,0.030439393635821058,0.14421050630625093,0.025915,0.001507,0.1280516288,0.1283853582,0.002606,0.028932544320752564,0.14270365699118243,0.14032083733250272,convergence,False
29057L__140891,29057L,140891,2023-12-22,2023-12-27,5,40.212426234161,39.907397471387,39.733100743518,39.9442231418525,0.0053135142836527255,0.007585435432266318,0.012898949715919043,0.02048438514818536,0.017872,0.000137,1.0,1.0,0.0,0.01276196341454918,0.0203473988468155,0.0203473988468155,convergence,False
29057L__140891,29057L,140891,2024-02-15,2024-02-16,1,42.090489432226,41.122145532774,0.0,0.0,0.0,0.023006239949079865,0.023006239949079865,0.04601247989815973,0.017872,0.0,0.0,0.0,0.0,0.023006239949079865,0.04601247989815973,0.04601247989815973,overnight_abort,True
29057L__140891,29057L,140891,2024-05-16,2024-05-23,7,40.31286291,37.836353,39.5221215161115,38.27199273888851,-0.03163111516453805,0.06143225093015348,0.02980113576561543,0.09123338669576891,0.017872,0.000192,1.0,1.0,0.0,0.029609354943697624,0.0910416058738511,0.0910416058738511,convergence,False
29057L__140891,29057L,140891,2024-06-24,2024-06-26,2,37.641403602774,35.844966,36.287213521482,36.032409113888505,-0.007021878586589537,0.047725042926975485,0.04070316434038595,0.08842820726736143,0.017872,5.5e-05,1.0,1.0,0.0,0.04064836981983801,0.08837341274681348,0.08837341274681348,convergence,False
29057L__140891,29057L,140891,2024-07-22,2024-07-23,1,36.3358021398545,35.844966,0.0,0.0,0.0,0.013508333680519832,0.013508333680519832,0.027016667361039665,0.017872,0.0,0.0,0.0,0.0,0.013508333680519832,0.027016667361039665,0.027016667361039665,overnight_abort,True
29057L__140891,29057L,140891,2024-08-22,2024-08-27,5,37.561057074161,36.412519260548,36.819665147223,36.380795756482,-0.011919429168792904,0.03057788845892462,0.01865845929013172,0.04923634774905634,0.017872,0.000137,1.0,1.0,0.0,0.018521472988761858,0.04909936144768647,0.04909936144768647,convergence,False
30913C__755998,30913C,755998,2023-11-01,2023-11-20,19,7.3366405,4.0741681896183,1.9052635967031712,1.9446840385949773,0.020690282415524217,0.4446820462828593,0.4653723286983835,0.9100543749812428,0.103469,0.000521,0.2104598459,0.2142474742,0.017997,0.46485178075317807,0.9095338270360372,0.8914892950589502,convergence,False
30913C__755998,30913C,755998,2024-07-02,2024-07-09,7,6.45624353519085,4.3787794807634,2.1398548232488768,2.1292302397149565,-0.004965095490818989,0.3217759743888035,0.31681087889798454,0.638586853286788,0.103469,0.000192,0.2123593255,0.2124269557,0.000318,0.31661909807606675,0.6383950724648702,0.6380782839980902,convergence,False
30913C__755998,30913C,755998,2024-07-12,2024-07-17,5,6.2780678753817,4.3787794807634,2.1785166157634226,2.153592532671659,-0.011440850582188208,0.30252753431768603,0.29108668373549784,0.5936142180531838,0.103469,0.000137,0.2140639914,0.2144312258,0.001716,0.29094969743412796,0.593477231751814,0.5917842277373726,convergence,False
30913C__755998,30913C,755998,2024-07-24,2024-07-26,2,6.236144320190849,4.7024276092366,2.1824877945218573,2.169202432149857,-0.006087256206127262,0.2459399000739149,0.23985264386778762,0.4857925439417025,0.103469,5.5e-05,0.2144542048,0.2147074473,0.001181,0.2397978493472397,0.48573774942115455,0.48456545218048847,convergence,False
32601M__257189,32601M,257189,2024-03-18,2024-04-19,32,0.691915204080495,0.5711188749,0.16936356262996596,0.1679268011519501,-0.008483297444297192,0.1745825622390023,0.1660992647947051,0.34068182703370736,0.078631,0.000877,0.2112824891,0.2090519581,-0.010557,0.16522255246593798,0.33980511470494024,0.350384344682831,convergence,False
32601M__257189,32601M,257189,2024-05-03,2024-05-07,1,0.8145030659304949,0.64292057162967,0.0,0.0,0.0,0.2106591141002124,0.2106591141002124,0.4213182282004248,0.078631,0.0,0.0,0.0,0.0,0.2106591141002124,0.4213182282004248,0.4213182282004248,overnight_abort,True
53401V__932034,53401V,932034,2023-12-12,2023-12-13,1,82.13112976721402,80.10339519199,0.0,0.0,0.0,0.02468898919290733,0.02468898919290733,0.04937797838581466,0.022354,0.0,0.0,0.0,0.0,0.02468898919290733,0.04937797838581466,0.04937797838581466,overnight_abort,True
53401V__932034,53401V,932034,2024-01-10,2024-01-11,1,84.019080459204,83.015168283184,0.0,0.0,0.0,0.0119486213195045,0.0119486213195045,0.023897242639009,0.022354,0.0,0.0,0.0,0.0,0.0119486213195045,0.023897242639009,0.023897242639009,overnight_abort,True
53401V__932034,53401V,932034,2024-02-14,2024-02-16,2,96.26252290360202,97.118425899204,94.6659398909078,97.9649427056014,0.034848888824167916,-0.008891341820108822,0.025957547004059094,0.017066205183950273,0.022354,5.5e-05,0.0066702241,0.0066566812,-0.00203,0.02590275248351115,0.017011410663402327,0.019116792398741696,convergence,False
53401V__932034,53401V,932034,2024-04-26,2024-04-30,1,95.05402224238802,93.55300201278601,0.0,0.0,0.0,0.015791233176586674,0.015791233176586674,0.03158246635317335,0.022354,0.0,0.0,0.0,0.0,0.015791233176586674,0.03158246635317335,0.03158246635317335,overnight_abort,True
53401V__932034,53401V,932034,2024-05-10,2024-05-16,6,100.23328555039801,94.157145783184,97.87492076702722,95.6082380108184,-0.023158974111501286,0.06061998001810363,0.03746100590660234,0.09808098592470596,0.022354,0.000164,0.0064016384,0.0064354206,0.005277,0.03729662234495851,0.09791660236306213,0.09278875743171908,convergence,False
53401V__932034,53401V,932034,2024-07-05,2024-07-09,4,90.793500792786,83.20333102801,86.56277887460176,84.32382243640907,-0.025865117401511886,0.08359816174616636,0.05773304434465447,0.14133120609082084,0.022354,0.00011,0.0062177451,0.0061986673,-0.003068,0.05762345530355858,0.14122161704972494,0.14421973738169327,convergence,False
53401V__932034,53401V,932034,2024-08-05,2024-08-06,1,69.975512600796,70.234068227612,0.0,0.0,0.0,-0.003694944377057176,-0.003694944377057176,-0.007389888754114352,0.022354,0.0,0.0,0.0,0.0,-0.003694944377057176,-0.007389888754114352,-0.007389888754114352,overnight_abort,True
54184D__31722D,54184D,31722D,2023-12-26,2024-01-10,1,31.352101139669998,29.73794186033,0.0,0.0,0.0,0.051484883649395734,0.051484883649395734,0.10296976729879147,0.021294999999999998,0.0,0.0,0.0,0.0,0.051484883649395734,0.10296976729879147,0.10296976729879147,overnight_abort,True
54184D__31722D,54184D,31722D,2024-03-28,2024-04-12,15,31.47331784022,29.629046920384997,6.014992546164243,6.014243273271187,-0.0001245675513819707,0.05859791869410707,0.058473351142725095,0.11707126983683216,0.021294999999999998,0.000411,0.0066074197,0.00652337,-0.012721,0.05806239223861551,0.11666031093272257,0.12954310466275423,convergence,False
54184D__31722D,54184D,31722D,2024-07-10,2024-08-07,28,29.897635070385,27.668959780165,5.648469113299067,5.711191963816393,0.011104398246535101,0.07454353111787115,0.08564792936440625,0.16019146048227742,0.021294999999999998,0.000767,0.0064983592,0.0068168645,0.049013,0.08488080607673502,0.1594243371946062,0.11218236697577123,convergence,False
54190K__315775,54190K,315775,2024-02-23,2024-02-26,1,5.305280103390001,5.09180470339,0.0,0.0,0.0,0.04023829012601863,0.04023829012601863,0.08047658025203726,0.031996,0.0,0.0,0.0,0.0,0.04023829012601863,0.08047658025203726,0.08047658025203726,overnight_abort,True
54190K__315775,54190K,315775,2024-03-13,2024-03-14,1,5.875653505650001,7.13841429661,0.0,0.0,0.0,-0.2149141010009753,-0.2149141010009753,-0.4298282020019506,0.031996,0.0,0.0,0.0,0.0,-0.2149141010009753,-0.4298282020019506,-0.4298282020019506,overnight_abort,True
54190K__315775,54190K,315775,2024-03-28,2024-04-08,11,7.291473101130001,7.38558929661,1.4244392458558204,1.4970673934373768,0.05098718516276247,-0.012907706601209736,0.038079478561552735,0.025171771960342995,0.031996,0.000301,0.1277277833,0.1276853832,-0.000332,0.03777810869853904,0.024870402097329297,0.025219400241305027,convergence,False
54190K__315775,54190K,315775,2024-04-19,2024-04-23,4,7.625202000000001,7.375702098870001,1.4873682536541575,1.4990541310694308,0.007856747907966623,0.03272043168561306,0.04057717959357968,0.07329761127919274,0.031996,0.00011,0.1276218228,0.1276381188,0.000128,0.04046759055248379,0.07318802223809685,0.0730593456819213,convergence,False
54190K__315775,54190K,315775,2024-04-25,2024-04-26,1,8.272434404520002,8.932904401130001,0.0,0.0,0.0,-0.07983985902011173,-0.07983985902011173,-0.15967971804022346,0.031996,0.0,0.0,0.0,0.0,-0.07983985902011173,-0.15967971804022346,-0.15967971804022346,overnight_abort,True
54190K__315775,54190K,315775,2024-05-30,2024-06-03,4,9.59723679774,8.88841280226,1.8452156025434487,1.8226807062455719,-0.012212608795858173,0.07385709141269894,0.06164448261684077,0.13550157402953972,0.031996,0.00011,0.1278960526,0.1278829664,-0.000102,0.06153489357574488,0.13539198498844382,0.13549306477821307,convergence,False
54190K__315775,54190K,315775,2024-08-16,2024-08-20,4,8.82864859548,8.27541890113,1.6537495695358753,1.6894436670957294,0.021583738080652462,0.06266300990088543,0.08424674798153789,0.14690975788242333,0.031996,0.00011,0.1283944293,0.1283977314,2.6e-05,0.084137158940442,0.14680016884132743,0.14677389601216823,convergence,False
54186D__29730F,54186D,29730F,2023-12-14,2023-12-15,1,13.3599983046615,13.0061853428385,0.0,0.0,0.0,0.026483009485079853,0.026483009485079853,0.052966018970159706,0.020742,0.0,0.0,0.0,0.0,0.026483009485079853,0.052966018970159706,0.052966018970159706,overnight_abort,True
54186D__29730F,54186D,29730F,2024-06-27,2024-07-02,5,14.966419890000001,15.1904300428385,14.762344294918273,15.366105614712033,0.0408987426205468,-0.014967517581687934,0.02593122503885887,0.010963707457170936,0.020742,0.000137,0.0062167791,0.0061934841,-0.003747,0.025794238737489008,0.010826721155801073,0.014741760868157145,convergence,False
54186D__29730F,54186D,29730F,2024-08-05,2024-08-06,1,13.2240315021615,13.472818445,0.0,0.0,0.0,-0.018813244871492846,-0.018813244871492846,-0.03762648974298569,0.020742,0.0,0.0,0.0,0.0,-0.018813244871492846,-0.03762648974298569,-0.03762648974298569,overnight_abort,True
54186D__29730F,54186D,29730F,2024-08-08,2024-08-14,6,14.593770135000002,14.2968744,14.011954636963535,14.454915853737182,0.03161309240932845,0.020344005164776524,0.05195709757410497,0.07230110273888149,0.020742,0.000164,0.0068198863,0.0067874834,-0.004751,0.05179271401246114,0.07213671917723766,0.07706155713294185,convergence,False
54181K__916020,54181K,916020,2024-04-25,2024-05-01,6,9.5869845,9.6522274004925,9.549187306738581,9.83174541389027,0.02958975440269093,-0.006805362050235891,0.022784392352455038,0.015979030302219147,0.017906,0.000164,0.0063153237,0.0064731199,0.024986,0.0226200087908112,0.01581464674057531,-0.009283814791657012,convergence,False
54181K__916020,54181K,916020,2024-08-01,2024-08-02,1,12.360578504925002,11.662279995075,0.0,0.0,0.0,0.05649399901240614,0.05649399901240614,0.11298799802481228,0.017906,0.0,0.0,0.0,0.0,0.05649399901240614,0.11298799802481228,0.11298799802481228,overnight_abort,True
54181K__916020,54181K,916020,2024-08-05,2024-08-06,1,11.74757325,11.065234,0.0,0.0,0.0,0.05808342161220404,0.05808342161220404,0.11616684322440808,0.017906,0.0,0.0,0.0,0.0,0.05808342161220404,0.11616684322440808,0.11616684322440808,overnight_abort,True
54186Q__317701,54186Q,317701,2023-11-02,2023-11-09,7,15.13642739,15.043642570000001,31.246834003572687,30.161388388390222,-0.03473777903573712,0.0061299022291942925,-0.028607876806542826,-0.022477974577348535,0.009644999999999999,0.000192,0.006663335,0.0066072014,-0.008424,-0.028799657628460634,-0.022669755399266342,-0.014469060411109846,convergence,False
54186Q__317701,54186Q,317701,2024-01-10,2024-01-11,1,16.178240339506,16.560981095247,0.0,0.0,0.0,-0.023657749403461232,-0.023657749403461232,-0.047315498806922464,0.009644999999999999,0.0,0.0,0.0,0.0,-0.023657749403461232,-0.047315498806922464,-0.047315498806922464,overnight_abort,True
54186Q__317701,54186Q,317701,2024-05-10,2024-05-16,6,14.01446851,13.745917268251,28.696851531396504,27.71557056627509,-0.03419472564953054,0.01916242785499683,-0.015032297794533713,0.004130130060463116,0.009644999999999999,0.000164,0.0064016384,0.0064354206,0.005277,-0.01519668135617755,0.003965746498819281,-0.0011041671815952795,convergence,False
54186Q__317701,54186Q,317701,2024-07-05,2024-07-09,4,13.866710532499999,13.745817443151001,27.604321732914023,27.591984082878657,-0.00044694632075149534,0.008718224056502502,0.008271277735751007,0.01698950179225351,0.009644999999999999,0.00011,0.0062177451,0.0061986673,-0.003068,0.008161688694655117,0.01687991275115762,0.01995626325112411,convergence,False
54186Q__317701,54186Q,317701,2024-08-05,2024-08-06,1,15.17649735,14.88392241,0.0,0.0,0.0,0.01927815972636135,0.01927815972636135,0.0385563194527227,0.009644999999999999,0.0,0.0,0.0,0.0,0.01927815972636135,0.0385563194527227,0.0385563194527227,overnight_abort,True
54186Q__317701,54186Q,317701,2024-08-15,2024-08-16,1,15.487040541749,15.582698109999999,0.0,0.0,0.0,-0.006176620251824842,-0.006176620251824842,-0.012353240503649684,0.009644999999999999,0.0,0.0,0.0,0.0,-0.006176620251824842,-0.012353240503649684,-0.012353240503649684,overnight_abort,True
54182H__312485,54182H,312485,2023-11-10,2023-11-16,6,20.156712058228003,17.004814080261,15.572744315497049,17.11504063991733,0.0990381844827106,0.15636964842588966,0.25540783290860025,0.4117774813344899,0.047846,0.000164,0.0065908712,0.006634599,0.006635,0.2552434493469564,0.41161309777284605,0.404369476579851,convergence,False
54187L__946076,54187L,946076,2023-11-15,2023-11-17,2,9.919117852806801,9.676619235701699,19.51153217257212,19.4915463730683,-0.0010243070265858506,0.0244475991417405,0.02342329211515465,0.04787089125689515,0.022829000000000002,5.5e-05,0.006634599,0.0066829285,0.007284,0.023368497594606706,0.04781609673634721,0.040591719615814155,convergence,False
54187L__946076,54187L,946076,2024-02-14,2024-02-15,1,9.2867109754034,10.242619645,0.0,0.0,0.0,-0.10293296217879509,-0.10293296217879509,-0.20586592435759019,0.022829000000000002,0.0,0.0,0.0,0.0,-0.10293296217879509,-0.20586592435759019,-0.20586592435759019,overnight_abort,True
54187L__946076,54187L,946076,2024-02-28,2024-03-01,2,10.9978340604,10.993116196399999,22.058773654081545,22.230612721214207,0.007790055323445732,0.0004289811952145451,0.008219036518660277,0.008648017713874821,0.022829000000000002,5.5e-05,0.006667333,0.0066613376,-0.000899,0.008164241998112332,0.008593223193326876,0.009500263920055122,convergence,False
54187L__946076,54187L,946076,2024-03-06,2024-03-07,1,11.792170077017001,11.508673962983,0.0,0.0,0.0,0.024041046913539407,0.024041046913539407,0.048082093827078815,0.022829000000000002,0.0,0.0,0.0,0.0,0.024041046913539407,0.048082093827078815,0.048082093827078815,overnight_abort,True
54187L__946076,54187L,946076,2024-03-26,2024-04-02,7,11.469924637017,11.468954642982998,22.54708939865942,23.221528432202362,0.029912465490248258,8.456847492012808e-05,0.029997033965168386,0.030081602440088513,0.022829000000000002,0.000192,0.0066082934,0.006598047,-0.001551,0.02980525314325058,0.029889821618170706,0.031489218392155335,convergence,False
54187L__946076,54187L,946076,2024-08-05,2024-08-06,1,7.8345920585966,8.0928111521051,0.0,0.0,0.0,-0.03295884349526088,-0.03295884349526088,-0.06591768699052176,0.022829000000000002,0.0,0.0,0.0,0.0,-0.03295884349526088,-0.06591768699052176,-0.06591768699052176,overnight_abort,True
54187L__946076,54187L,946076,2024-08-07,2024-08-16,9,8.977556555,8.8474784307017,16.748481466244876,18.073961526378536,0.07914031267879727,0.014489257015691271,0.09362956969448855,0.10811882671017982,0.022829000000000002,0.000247,0.0067895572,0.0067750673,-0.002134,0.0933829943520228,0.10787225136771407,0.1101802188792227,convergence,False
54185K__140271,54185K,140271,2024-04-22,2024-04-24,2,27.297782052726003,27.366835566516,273.412659529301,276.3066894816185,0.010584842550084494,-0.0025296382562003746,0.00805520429388412,0.005525566037683745,0.011537,5.5e-05,0.0064584877,0.0064372843,-0.003283,0.008000409773336175,0.0054707715171358,0.008799478725317705,convergence,False
54185K__140271,54185K,140271,2024-07-02,2024-07-09,7,26.125302486968003,26.820997749274,260.3853531971941,269.33787459722396,0.03438181637371122,-0.026629175400094508,0.00775264097361671,-0.018876534426477798,0.011537,0.000192,0.0061844827,0.0061986673,0.002294,0.007560860151698902,-0.019068315248395605,-0.021435322800572983,convergence,False
54185K__140271,54185K,140271,2024-07-10,2024-07-17,7,27.929108261516003,26.413859125757998,285.64596849416466,270.37244421497525,-0.05347012023207123,0.05425340191924038,0.0007832816871691448,0.05503668360640952,0.011537,0.000192,0.0062966341,0.0064030731,0.016904,0.0005915008652513365,0.054844902784491716,0.0391106307717892,convergence,False
54185K__140271,54185K,140271,2024-07-25,2024-07-29,4,26.586269127879,26.573522759395,266.70351571702093,266.25462586447725,-0.0016831043690476504,0.0004794342682190276,-0.0012036701008286228,-0.0007242358326095952,0.011537,0.00011,0.0065051224,0.0064924525,-0.001948,-0.0013132591419245132,-0.0008338248737054857,0.00111437193419631,convergence,False
54185K__140271,54185K,140271,2024-08-05,2024-08-06,1,26.526144874242004,26.324053009394998,0.0,0.0,0.0,0.007618591612354703,0.007618591612354703,0.015237183224709405,0.011537,0.0,0.0,0.0,0.0,0.007618591612354703,0.015237183224709405,0.015237183224709405,overnight_abort,True
54185K__140271,54185K,140271,2024-08-15,2024-08-16,1,28.410137364847003,29.287755635153,0.0,0.0,0.0,-0.03089102523636194,-0.03089102523636194,-0.06178205047272388,0.011537,0.0,0.0,0.0,0.0,-0.03089102523636194,-0.06178205047272388,-0.06178205047272388,overnight_abort,True
54190Q__982367,54190Q,982367,2023-11-02,2023-11-08,6,18.678680390622002,18.521105201244,37.60494319976975,37.19149636820519,-0.010994480948108114,0.008436098593833994,-0.00255838235427412,0.0058777162395598735,0.019007,0.000164,0.006663335,0.006623174,-0.006027,-0.002722765915917956,0.005713332677916038,0.011710374375845562,convergence,False
54190Q__982367,54190Q,982367,2023-11-30,2023-12-04,4,19.754355118134,19.436217091866002,39.57951290142333,39.03005337647107,-0.013882422613960351,0.016104703209266293,0.002222280595305942,0.018326983804572233,0.019007,0.00011,0.0068108292,0.0067927861,-0.002649,0.0021126915542100514,0.018217394763476343,0.020836735016297604,convergence,False
54190Q__982367,54190Q,982367,2024-02-28,2024-05-21,83,20.910472821244003,12.901117324689,14.930487319733576,13.00833926666955,-0.12873980680614017,0.383030817381513,0.25429101057537284,0.6373218279568859,0.019007,0.002274,0.006667333,0.0064034835,-0.039573,0.25201703797263314,0.6350478553541461,0.6709473101343612,convergence,False
54444M__932127,54444M,932127,2024-06-12,2024-08-01,50,10.038350000000001,10.195748774999998,20.419651236237,21.3263958856282,0.04440549149938851,-0.01567974567533481,0.028725745824053697,0.013046000148718886,0.011169,0.00137,0.0063680067,0.0066950084,0.051351,0.027355882810355066,0.011676137135020257,-0.039335355428549275,convergence,False
54633R__871051,54633R,871051,2023-12-14,2023-12-15,1,101.95931887750001,99.029487244015,0.0,0.0,0.0,0.028735300174033945,0.028735300174033945,0.05747060034806789,0.036396,0.0,0.0,0.0,0.0,0.028735300174033945,0.05747060034806789,0.05747060034806789,overnight_abort,True
54633R__871051,54633R,871051,2023-12-19,2023-12-20,1,103.13638498348502,99.469872265,0.0,0.0,0.0,0.03555013799516164,0.03555013799516164,0.07110027599032329,0.036396,0.0,0.0,0.0,0.0,0.03555013799516164,0.07110027599032329,0.07110027599032329,overnight_abort,True
54633R__871051,54633R,871051,2024-02-14,2024-02-21,7,110.1279865,109.90574733250001,217.65399070757724,221.72976761512717,0.01872594614185517,0.0020180080882527766,0.02074395423010795,0.022761962318360723,0.036396,0.000192,0.6524435708,0.6552436727,0.004292,0.02055217340819014,0.022570181496442916,0.01821678355271792,convergence,False
54633R__871051,54633R,871051,2024-02-27,2024-02-29,2,115.68490325,112.424420296515,225.9696905921869,225.75942611131507,-0.0009304986005902529,0.02818416977398483,0.027253671173394577,0.055437840947379406,0.036396,5.5e-05,0.6497513856,0.6498146339,9.7e-05,0.02719887665284663,0.055383046426831464,0.05528580416073143,convergence,False
54633R__871051,54633R,871051,2024-03-21,2024-03-25,4,111.89609637500001,109.099191256515,217.82729488364583,218.86947227682944,0.004784420583014146,0.02499555577981631,0.029779976362830456,0.05477553214264677,0.036396,0.00011,0.6514868918,0.654000893,0.003859,0.029670387321734566,0.05466594310155088,0.0508035183462883,convergence,False
54633R__871051,54633R,871051,2024-05-15,2024-05-16,1,113.9244720236,111.692078186515,0.0,0.0,0.0,0.01959538453355788,0.01959538453355788,0.03919076906711576,0.036396,0.0,0.0,0.0,0.0,0.01959538453355788,0.03919076906711576,0.03919076906711576,overnight_abort,True
54633R__871051,54633R,871051,2024-06-20,2024-06-21,1,108.10728950000001,106.55577700500001,0.0,0.0,0.0,0.01435159925085345,0.01435159925085345,0.0287031985017069,0.036396,0.0,0.0,0.0,0.0,0.01435159925085345,0.0287031985017069,0.0287031985017069,overnight_abort,True
54633R__871051,54633R,871051,2024-07-15,2024-07-17,2,116.91853876850001,112.394730751515,226.57281867858237,225.3864315302357,-0.0052362289318988,0.038691965060752294,0.0334557361288535,0.07214770118960578,0.036396,5.5e-05,0.6734008094,0.6730152645,-0.000573,0.033400941608305555,0.07209290666905784,0.07266276907615346,convergence,False
54633R__871051,54633R,871051,2024-07-26,2024-07-29,1,114.67455475000001,110.6143378065,0.0,0.0,0.0,0.035406433034352015,0.035406433034352015,0.07081286606870403,0.036396,0.0,0.0,0.0,0.0,0.035406433034352015,0.07081286606870403,0.07081286606870403,overnight_abort,True
54633R__871051,54633R,871051,2024-08-08,2024-08-15,7,113.84606898000001,101.011264372765,224.21757774267374,205.34496373044485,-0.08417098339135702,0.11273823261732276,0.028567249225965735,0.1413054818432885,0.036396,0.000192,0.6572462683,0.661244637,0.006084,0.028375468404047928,0.1411137010213707,0.13557592896294904,convergence,False
54189D__945101,54189D,945101,2024-07-12,2024-07-24,12,14.864708447094,13.3001744512,15.15565040646466,13.64482956449129,-0.09968696832231809,0.10525157634019121,0.005564608017873118,0.11081618435806433,0.026743999999999997,0.000329,0.0063149253,0.0064983592,0.029048,0.005235840894585447,0.11048741723477666,0.08507362807066582,convergence,False
51655V__32146V,51655V,32146V,2023-11-02,2023-11-08,6,28.222484283456005,25.311752616296,13.93064130775499,13.163527355038376,-0.05506666461145429,0.10313520375902104,0.048068539147566744,0.15120374290658778,0.04012,0.000164,0.006663335,0.006623174,-0.006027,0.04790415558592291,0.15103935934494395,0.15676916014476291,convergence,False
51655V__32146V,51655V,32146V,2023-12-26,2023-12-27,1,31.043726475456,29.777368903704,0.0,0.0,0.0,0.040792704856268326,0.040792704856268326,0.08158540971253665,0.04012,0.0,0.0,0.0,0.0,0.040792704856268326,0.08158540971253665,0.08158540971253665,overnight_abort,True
51655V__32146V,51655V,32146V,2024-05-09,2024-05-16,7,32.33469714172801,31.925639761975997,16.459043489549522,15.922962284600096,-0.03257061719836904,0.012650725564524323,-0.019919891633844715,-0.007269166069320394,0.04012,0.000192,0.0064016384,0.0064354206,0.005277,-0.020111672455762522,-0.007460946891238202,-0.01253938619257632,convergence,False
54339N__297127,54339N,297127,2024-01-05,2024-01-16,11,27.578696090834004,24.9328508543745,2.6562723926221836,2.534765795645436,-0.045743274415016015,0.09593801054789067,0.05019473613287465,0.1461327466807653,0.030329000000000002,0.000301,0.7530406274,0.7448510495,-0.010875,0.049893366269860955,0.1458313768177516,0.15632335342975087,convergence,False
54339N__297127,54339N,297127,2024-01-31,2024-02-14,14,25.432094957307502,22.8641905785405,2.473298909234987,2.3245237589000274,-0.06015251524166852,0.10097101253662764,0.04081849729495912,0.14178950983158678,0.030329000000000002,0.000384,0.7480552247,0.7416195874,-0.008603,0.04043493565112351,0.14140594818775115,0.14956177043406887,convergence,False
54339N__297127,54339N,297127,2024-06-13,2024-06-24,11,23.608568604166003,23.062145909166002,2.280192110012875,2.316877925469139,0.01608891430470611,0.023145100584521582,0.03923401488922769,0.062379115473749275,0.030329000000000002,0.000301,0.7390708239,0.7391802491,0.000148,0.03893264502621399,0.06207774561073558,0.06192732799229819,convergence,False
54339N__297127,54339N,297127,2024-07-31,2024-08-07,7,24.982452164166002,22.785005278957502,2.383175898539421,2.300722343271261,-0.034598182752139016,0.08795961544401332,0.0533614326918743,0.1413210481358876,0.030329000000000002,0.000192,0.7480829813,0.7531536615,0.006778,0.053169651869956494,0.1411292673139698,0.1346296057840594,convergence,False
54339N__297127,54339N,297127,2024-08-13,2024-08-28,15,23.537862090834004,23.8440742656255,2.3593021829933156,2.4045936482478663,0.019196975097563816,-0.01300934526720423,0.006187629830359587,-0.006821715436844643,0.030329000000000002,0.000411,0.7597627808,0.7671652064,0.009743,0.005776670926249998,-0.0072326743409542316,-0.017066970418207563,convergence,False
54187R__937334,54187R,937334,2023-11-14,2023-11-15,1,30.735450548299998,30.819894435600002,0.0,0.0,0.0,-0.002747442636876363,-0.002747442636876363,-0.005494885273752726,0.027934,0.0,0.0,0.0,0.0,-0.002747442636876363,-0.005494885273752726,-0.005494885273752726,overnight_abort,True
54187R__937334,54187R,937334,2023-12-22,2023-12-27,5,33.3160565322,32.5657204839,32.57335552871407,32.69571572146065,0.003756450349081188,0.022521754565243905,0.026278204914325094,0.048799959479569,0.027934,0.000137,0.007022718,0.0070504454,0.003948,0.026141218612955232,0.048662973178199134,0.044715484044901346,convergence,False
54187R__937334,54187R,937334,2024-02-07,2024-02-08,1,36.017622467799995,35.83667660085,0.0,0.0,0.0,0.00502381485928907,0.00502381485928907,0.01004762971857814,0.027934,0.0,0.0,0.0,0.0,0.00502381485928907,0.01004762971857814,0.01004762971857814,overnight_abort,True
54187R__937334,54187R,937334,2024-02-15,2024-02-16,1,37.49945697585,36.0375454839,0.0,0.0,0.0,0.03898487097803815,0.03898487097803815,0.0779697419560763,0.027934,0.0,0.0,0.0,0.0,0.03898487097803815,0.0779697419560763,0.0779697419560763,overnight_abort,True
54187R__937334,54187R,937334,2024-03-28,2024-04-09,12,37.0710327017,17.22025299195,18.15220868138631,17.332677805317363,-0.04514772226639899,0.5354795446213637,0.49033182235496475,1.0258113669763285,0.027934,0.000329,0.0065943482,0.0065882659,-0.000922,0.4900030552316771,1.0254825998530408,1.0263641213485315,convergence,False
54187R__937334,54187R,937334,2024-07-10,2024-07-11,1,17.84248197585,17.14089500805,0.0,0.0,0.0,0.03932115323135014,0.03932115323135014,0.07864230646270028,0.027934,0.0,0.0,0.0,0.0,0.03932115323135014,0.07864230646270028,0.07864230646270028,overnight_abort,True
54187R__937334,54187R,937334,2024-08-05,2024-08-06,1,15.594534508049998,16.4366194356,0.0,0.0,0.0,-0.05399872161078699,-0.05399872161078699,-0.10799744322157398,0.027934,0.0,0.0,0.0,0.0,-0.05399872161078699,-0.10799744322157398,-0.10799744322157398,overnight_abort,True
54187R__937334,54187R,937334,2024-08-08,2024-08-14,6,17.792076451699998,18.0038865483,17.912085510056066,18.184032414646328,0.015182313887324158,-0.011904742944141445,0.003277570943182713,-0.008627172000958732,0.027934,0.000164,0.0068198863,0.0067874834,-0.004751,0.003113187381538877,-0.008791555562602568,-0.0039451568224361895,convergence,False
54184F__912392,54184F,912392,2023-11-08,2023-11-09,1,69.03848158096051,64.9178174001975,0.0,0.0,0.0,0.059686483340899564,0.059686483340899564,0.11937296668179913,0.022272,0.0,0.0,0.0,0.0,0.059686483340899564,0.11937296668179913,0.11937296668179913,overnight_abort,True
54184F__912392,54184F,912392,2023-11-29,2024-02-27,90,72.39858412500001,81.23893782615801,23.476122937121488,27.202591530081094,0.15873441295824653,-0.12210672084269843,0.0366276921155481,-0.08547902872715032,0.022272,0.002466,0.0067474102,0.0066438561,-0.015347,0.03416193869089057,-0.08794478215180786,-0.06988423155184532,force_close,False
54184F__912392,54184F,912392,2024-03-01,2024-04-02,32,86.67648699576301,32.285495071921,28.18718864850114,10.656550673740794,-0.6219363766060628,0.6275172634361704,0.005580886830107601,0.633098150266278,0.022272,0.000877,0.0066434147,0.006598047,-0.006829,0.004704174501340478,0.632221437937511,0.6348209764141312,convergence,False
54184F__912392,54184F,912392,2024-07-30,2024-08-01,2,31.270140159237005,28.341477236723502,10.513042958628885,9.664026453487518,-0.08075839778096909,0.09365685307452624,0.012898455293557154,0.1065553083680834,0.022272,5.5e-05,0.006667333,0.0066950084,0.004151,0.012843660773009209,0.10650051384753545,0.10270061136525432,convergence,False
54184F__912392,54184F,912392,2024-08-05,2024-08-06,1,29.141065805197503,29.282886738842002,0.0,0.0,0.0,-0.004866703729799918,-0.004866703729799918,-0.009733407459599837,0.022272,0.0,0.0,0.0,0.0,-0.004866703729799918,-0.009733407459599837,-0.009733407459599837,overnight_abort,True
54188K__141076,54188K,141076,2023-12-22,2024-01-11,20,14.299946960000002,13.64736591,14.1410128112786,14.323200142244547,0.012883612609461598,0.04563520772667271,0.058518820336134314,0.10415402806280702,0.08555600000000001,0.000548,0.007022718,0.0068830225,-0.019892,0.05797087513065486,0.10360608285732757,0.12416322656930677,convergence,False
54188K__141076,54188K,141076,2024-05-09,2024-05-13,4,16.427297560000003,14.348475337068,14.849652816561493,14.866029599966824,0.0011028394810056656,0.12654681729232656,0.12764965677333223,0.25419647406565876,0.08555600000000001,0.00011,0.0064211637,0.0064016384,-0.003041,0.12754006773223633,0.2540868850245629,0.25714029605004624,convergence,False
54188K__141076,54188K,141076,2024-06-27,2024-07-01,4,15.659376917732002,13.98656538,14.758127860853774,14.53933655361197,-0.014825139699606013,0.10682491050060765,0.09199977080100163,0.1988246813016093,0.08555600000000001,0.00011,0.0062167791,0.0061932927,-0.003778,0.09189018175990575,0.1987150922605134,0.20245110345193643,convergence,False
54188K__141076,54188K,141076,2024-08-05,2024-08-06,1,14.673531517732002,13.808546762268001,0.0,0.0,0.0,0.05894864194203849,0.05894864194203849,0.11789728388407698,0.08555600000000001,0.0,0.0,0.0,0.0,0.05894864194203849,0.11789728388407698,0.11789728388407698,overnight_abort,True
53562J__2556P4,53562J,2556P4,2023-11-14,2024-02-12,90,67.72427172413,75.629184632696,65.96174429719167,66.93877790512937,0.014812125093837098,-0.11672200685695211,-0.10190988176311501,-0.21863188862006713,0.007907,0.002466,0.6508508182,0.6529973427,0.003298,-0.10437563518777254,-0.22109764204472468,-0.22443351946254705,force_close,False
53562J__2556P4,53562J,2556P4,2024-03-07,2024-04-10,34,79.652009580956,76.38678136413,67.69150487673204,67.16134475173781,-0.007832003823222135,0.040993670266502434,0.0331616664432803,0.07415533670978273,0.007907,0.000932,0.6628003314,0.6512959095,-0.017357,0.03223015959396523,0.07322382986046766,0.09074938016287626,convergence,False
53562J__2556P4,53562J,2556P4,2024-06-05,2024-08-05,61,82.91232508095601,80.68309943047801,67.8081939381597,67.19780863787028,-0.009001645152886494,0.026886541274790846,0.017884896121904352,0.0447714373966952,0.007907,0.001671,0.6665556185,0.6498359587,-0.025084,0.016213663245192023,0.04310020451998287,0.06859764758015166,convergence,False
53562J__314054,53562J,314054,2023-11-13,2023-11-22,9,65.95846725,67.34530185400399,66.79348804032988,67.66079523942363,0.01298490653115883,-0.02102587676495763,-0.008040970233798801,-0.029066846998756432,0.0212,0.000247,0.6507025896,0.6541934652,0.005365,-0.008287545576264554,-0.029313422341222185,-0.03471886351648183,convergence,False
53562J__314054,53562J,314054,2023-12-13,2023-12-15,2,73.42033757299801,72.6975735560035,73.63704111911727,73.44875003074581,-0.0025570159461849166,0.009844193596575292,0.007287177650390376,0.017131371246965666,0.0212,5.5e-05,0.6699493739,0.6697024726,-0.000369,0.00723238312984243,0.01707657672641772,0.017444307143303642,convergence,False
53562J__314054,53562J,314054,2024-02-15,2024-02-16,1,75.92775625800301,75.3190948760035,0.0,0.0,0.0,0.008016322514934794,0.008016322514934794,0.016032645029869588,0.0212,0.0,0.0,0.0,0.0,0.008016322514934794,0.016032645029869588,0.016032645029869588,overnight_abort,True
53562J__314054,53562J,314054,2024-02-21,2024-02-28,7,76.9926693062475,74.94174972100099,75.27991366789111,75.07389686128319,-0.002736676977563959,0.0266378553143643,0.02390117833680034,0.05053903365116464,0.0212,0.000192,0.6553939776,0.6497513856,-0.008609,0.023709397514882533,0.05034725282924683,0.05900771923699975,convergence,False
53562J__314054,53562J,314054,2024-07-03,2024-07-09,6,85.7963543790015,85.98391031599849,86.10034385290426,86.42942001979559,0.003822007580521714,-0.002186059516800289,0.0016359480637214252,-0.0005501114530788638,0.0212,0.000164,0.6749916993,0.6740362646,-0.001415,0.0014715645020775896,-0.0007144950147226993,0.000708405249012148,convergence,False
53562J__314054,53562J,314054,2024-08-21,2024-08-27,6,94.819076947998,92.17031435400399,91.83354241972452,93.01395604127609,0.0128538395715641,0.02793491224816161,0.04078875181972571,0.06872366406788732,0.0212,0.000164,0.6705560257,0.6792553514,0.012973,0.040624368258081876,0.06855928050624349,0.055587508669969844,convergence,False
54761N__502586,54761N,502586,2023-12-19,2023-12-29,10,29.153903572696002,29.094129566348,1.41630002622525,1.4581968097950937,0.02958185609973313,0.0020502916941793365,0.03163214779391247,0.033682439488091805,0.028000999999999998,0.000274,6.44745e-05,6.49477e-05,0.007339,0.031358175191172746,0.03340846688535208,0.025907075237820498,convergence,False
54761N__502586,54761N,502586,2024-01-10,2024-01-23,13,30.764066410784,28.751318632695998,1.5100047256934253,1.4412206590908752,-0.04555221942829552,0.06542528387542604,0.019873064447130516,0.08529834832255656,0.028000999999999998,0.000356,6.43149e-05,6.39795e-05,-0.005215,0.019516900063568873,0.08494218393899491,0.08994568952443627,convergence,False
54761N__502586,54761N,502586,2024-02-27,2024-02-29,2,31.599321161912002,29.809559999999998,1.5321976170318001,1.4855224626854064,-0.03046288143745688,0.0566392281891574,0.026176346751700517,0.08281557494085792,0.028000999999999998,5.5e-05,6.37552e-05,6.36335e-05,-0.001909,0.026121552231152572,0.08276078042030997,0.0846150343483363,convergence,False
54761N__502586,54761N,502586,2024-03-05,2024-03-06,1,31.898219600436,30.733649404435997,0.0,0.0,0.0,0.03650894032919898,0.03650894032919898,0.07301788065839795,0.028000999999999998,0.0,0.0,0.0,0.0,0.03650894032919898,0.07301788065839795,0.07301788065839795,overnight_abort,True
54761N__502586,54761N,502586,2024-04-22,2024-04-25,3,32.806951844436,29.829438008260002,1.549996150932463,1.4866064410726876,-0.04089668856380106,0.09075862488824846,0.049861936324447395,0.14062056121269584,0.028000999999999998,8.2e-05,6.16523e-05,6.17761e-05,0.002008,0.04977974454362548,0.14053836943187392,0.1386163155962351,convergence,False
54761N__502586,54761N,502586,2024-06-14,2024-06-24,10,27.171396,26.381464574608,1.3523279124292875,1.3150384423136814,-0.02757428118792599,0.02907216932806845,0.0014978881401424594,0.03057005746821091,0.028000999999999998,0.000274,6.08643e-05,6.09979e-05,0.002195,0.0012239155374027333,0.030296084865471182,0.028166239804685543,convergence,False
54761N__502586,54761N,502586,2024-08-01,2024-08-02,1,32.884435608696,31.498765419044,0.0,0.0,0.0,0.04213756946114578,0.04213756946114578,0.08427513892229156,0.028000999999999998,0.0,0.0,0.0,0.0,0.04213756946114578,0.08427513892229156,0.08427513892229156,overnight_abort,True
54761N__502586,54761N,502586,2024-08-05,2024-08-08,3,31.830685598852003,30.803212,1.5053998847632502,1.5374211081401252,0.02127090861436525,0.032279342386802426,0.05355025100116768,0.08582959338797011,0.028000999999999998,8.2e-05,6.1862e-05,6.29148e-05,0.017019,0.05346805922034576,0.0857474016071482,0.06865771821644828,convergence,False
54761N__502586,54761N,502586,2024-08-15,2024-08-16,1,33.242192322696,31.886289699043996,0.0,0.0,0.0,0.04078860414769531,0.04078860414769531,0.08157720829539063,0.028000999999999998,0.0,0.0,0.0,0.0,0.04078860414769531,0.08157720829539063,0.08157720829539063,overnight_abort,True
54761N__502586,54761N,502586,2024-08-23,2024-08-28,5,36.590706607112,35.771472,1.7599629947669,1.7820432117673501,0.012545841626274982,0.022389144213814192,0.034934985840089174,0.05732413005390337,0.028000999999999998,0.000137,6.48088e-05,6.48298e-05,0.000324,0.03479799953871931,0.057187143752533504,0.05685915473090825,convergence,False
54339E__898285,54339E,898285,2024-03-12,2024-03-13,1,30.6986760624475,29.19055975,0.0,0.0,0.0,0.04912642842902017,0.04912642842902017,0.09825285685804035,0.028027,0.0,0.0,0.0,0.0,0.04912642842902017,0.09825285685804035,0.09825285685804035,overnight_abort,True
54339E__898285,54339E,898285,2024-04-01,2024-04-04,1,30.7593034114685,29.0421401015735,0.0,0.0,0.0,0.05582581916516228,0.05582581916516228,0.11165163833032456,0.028027,0.0,0.0,0.0,0.0,0.05582581916516228,0.11165163833032456,0.11165163833032456,overnight_abort,True
54339E__898285,54339E,898285,2024-06-24,2024-07-11,17,31.224119487063,31.347685713426497,3.2094935250201058,3.272731610151284,0.019703446864184616,-0.003957396666211643,0.015746050197972972,0.011788653531761329,0.028027,0.000466,0.7403294466,0.7447404937,0.005958,0.015280296773315438,0.011322900107103795,0.00528326620751075,convergence,False
54188U__362347,54188U,362347,2023-12-06,2023-12-08,1,22.566896350419,20.082517676527,0.0,0.0,0.0,0.11008951498312138,0.11008951498312138,0.22017902996624275,0.053082000000000004,0.0,0.0,0.0,0.0,0.11008951498312138,0.22017902996624275,0.22017902996624275,overnight_abort,True
54188U__362347,54188U,362347,2024-05-30,2024-06-03,4,19.974749450837997,18.341765549162,0.365159135916625,0.36903363111879,0.010610429319916096,0.0817524097458698,0.09236283906578589,0.1741152488116557,0.053082000000000004,0.00011,6.15385e-05,6.16143e-05,0.001232,0.09225325002469001,0.1740056597705598,0.1727623725703083,convergence,False
54188U__362347,54188U,362347,2024-07-11,2024-07-19,8,19.552897861527,18.454870845000002,0.37239885314275,0.371473919384175,-0.002483718064030789,0.05615674077076405,0.05367302270673326,0.10982976347749732,0.053082000000000004,0.000219,6.19675e-05,6.17665e-05,-0.003244,0.05345384462454148,0.10961058539530553,0.11285669408964857,convergence,False
54188U__362347,54188U,362347,2024-07-26,2024-08-09,14,20.178068065689,18.597478363892,0.37689428152975496,0.39008837369574506,0.03500740874188206,0.07833206314159731,0.11333947188347937,0.19167153502507667,0.053082000000000004,0.000384,6.14251e-05,6.27943e-05,0.022291,0.11295591023964376,0.19128797338124104,0.16872012655359286,convergence,False
54238F__932322,54238F,932322,2024-02-14,2024-02-20,1,6.504057300682001,6.197443001363999,0.0,0.0,0.0,0.04714200462007774,0.04714200462007774,0.09428400924015548,0.026194,0.0,0.0,0.0,0.0,0.04714200462007774,0.09428400924015548,0.09428400924015548,overnight_abort,True
54238F__932322,54238F,932322,2024-05-08,2024-05-09,1,7.04774,6.659271899999999,0.0,0.0,0.0,0.05511952767837644,0.05511952767837644,0.11023905535675288,0.026194,0.0,0.0,0.0,0.0,0.05511952767837644,0.11023905535675288,0.11023905535675288,overnight_abort,True
54394H__932153,54394H,932153,2024-08-05,2024-08-07,1,31.358976205542,31.6565589636145,0.0,0.0,0.0,-0.009489555912858848,-0.009489555912858848,-0.018979111825717696,0.02801,0.0,0.0,0.0,0.0,-0.009489555912858848,-0.018979111825717696,-0.018979111825717696,overnight_abort,True
54338Q__675705,54338Q,675705,2023-11-14,2023-11-15,1,37.673179338683994,36.859000498684,0.0,0.0,0.0,0.02161163072223035,0.02161163072223035,0.0432232614444607,0.018574,0.0,0.0,0.0,0.0,0.02161163072223035,0.0432232614444607,0.0432232614444607,overnight_abort,True
54338Q__675705,54338Q,675705,2023-11-16,2023-11-22,6,36.978879,37.037887408859994,37.29928368746623,37.240184175312336,-0.0015844677514209684,-0.001595732765722702,-0.00318020051714367,-0.004775933282866372,0.018574,0.000164,0.650893224,0.6541934652,0.00507,-0.003344584078787506,-0.004940316844510208,-0.009977071641868585,convergence,False
54338Q__675705,54338Q,675705,2023-12-18,2023-12-20,2,42.503076757368,41.937175418684,42.3647125906781,42.273110915416524,-0.002162216374429857,0.013314361732316236,0.011152145357886379,0.024466507090202615,0.018574,5.5e-05,0.6762009193,0.6730606531,-0.004644,0.011097350837338434,0.02441171256965467,0.02906727555728452,convergence,False
54338Q__675705,54338Q,675705,2024-01-04,2024-01-05,1,42.996118415088,41.99679975114,0.0,0.0,0.0,0.023242066976848764,0.023242066976848764,0.04648413395369753,0.018574,0.0,0.0,0.0,0.0,0.023242066976848764,0.04648413395369753,0.04648413395369753,overnight_abort,True
54338Q__675705,54338Q,675705,2024-02-12,2024-02-13,1,44.958259996403996,42.732196,0.0,0.0,0.0,0.049514015813379934,0.049514015813379934,0.09902803162675987,0.018574,0.0,0.0,0.0,0.0,0.049514015813379934,0.09902803162675987,0.09902803162675987,overnight_abort,True
54338Q__675705,54338Q,675705,2024-03-13,2024-03-14,1,45.401003335088,43.447713827544,0.0,0.0,0.0,0.04302304715883684,0.04302304715883684,0.08604609431767368,0.018574,0.0,0.0,0.0,0.0,0.04302304715883684,0.08604609431767368,0.08604609431767368,overnight_abort,True
54338Q__675705,54338Q,675705,2024-03-22,2024-03-25,1,44.153289671139994,42.662625003596006,0.0,0.0,0.0,0.03376112354587103,0.03376112354587103,0.06752224709174207,0.018574,0.0,0.0,0.0,0.0,0.03376112354587103,0.06752224709174207,0.06752224709174207,overnight_abort,True
54338Q__675705,54338Q,675705,2024-05-07,2024-05-08,1,43.921846162631994,42.515551716456,0.0,0.0,0.0,0.03201810873269813,0.03201810873269813,0.06403621746539626,0.018574,0.0,0.0,0.0,0.0,0.03201810873269813,0.06403621746539626,0.06403621746539626,overnight_abort,True
54338Q__675705,54338Q,675705,2024-08-08,2024-08-28,20,42.61376284359599,40.878806251140006,42.62094717109457,41.198152538333154,-0.03338252026755408,0.04071352719598468,0.007331006928430597,0.04804453412441528,0.018574,0.000548,0.6572462683,0.6785643424,0.032435,0.006783061722951145,0.04749658891893582,0.017128911498090146,convergence,False
68923D__68039H,68923D,68039H,2023-11-01,2023-11-06,5,8.89312842473925,9.375489200782251,0.8835104367557076,0.9386766211616676,0.06243976540733673,-0.05423971779167727,0.008200047615659456,-0.046039670176017816,0.023746,0.000137,0.1277955288,0.1278617113,0.000518,0.008063061314289592,-0.04617665647738768,-0.04672658592115293,convergence,False
68923D__68039H,68923D,68039H,2023-11-14,2023-11-21,7,7.980755800260751,7.819557399478501,0.8041183462171391,0.7891717117721053,-0.01858760531375521,0.020198387823993302,0.001610782510238093,0.021809170334231395,0.023746,0.000192,0.1280926284,0.1282692678,0.001379,0.0014190016883202847,0.021617389512313588,0.020265888100297693,convergence,False
68923D__68039H,68923D,68039H,2024-05-30,2024-06-07,8,9.3904220455215,8.8568455994785,0.9577815780953178,0.9004429784803748,-0.05986604976154253,0.05682134875902349,-0.0030447010025190374,0.05377664775650445,0.023746,0.000219,0.1278960526,0.1280090151,0.000883,-0.003263879084710818,0.05355746967431267,0.052727841532334896,convergence,False
68923D__68039H,68923D,68039H,2024-08-07,2024-08-12,5,7.288957026303751,6.7224252505215,0.6901115969303242,0.6752277420913979,-0.021567315931410164,0.0777246694880764,0.056157353556666234,0.13388202304474262,0.023746,0.000137,0.1282881932,0.1283507553,0.000488,0.05602036725529637,0.13374503674337276,0.13326811860385038,convergence,False
54319F__771681,54319F,771681,2024-08-23,2024-08-29,6,25.911290285116504,28.181611655612002,0.5312014644949591,0.5737267224914321,0.08005485835191357,-0.08761900104216637,-0.007564142690252795,-0.09518314373241916,0.035948,0.000164,0.1281870538,0.1282404815,0.000417,-0.007728526251896631,-0.095347527294063,-0.09579750101749729,convergence,False
54189X__930759,54189X,930759,2023-11-01,2023-11-08,7,13.1585383544685,12.2549937605315,2.5566438379965972,2.472328446683612,-0.032978935141413895,0.06866603034448479,0.035687095203070895,0.10435312554755569,0.012763,0.000192,0.0066469469,0.006623174,-0.003577,0.03549531438115309,0.10416134472563787,0.10763232330369976,convergence,False
54189X__930759,54189X,930759,2024-04-26,2024-04-30,1,11.3766112354685,10.542679580531502,0.0,0.0,0.0,0.07330228990660033,0.07330228990660033,0.14660457981320066,0.012763,0.0,0.0,0.0,0.0,0.07330228990660033,0.14660457981320066,0.14660457981320066,overnight_abort,True
54189X__930759,54189X,930759,2024-05-15,2024-05-23,8,11.063216058999998,10.03495752,2.034904724985378,2.033251827813856,-0.0008122725114483318,0.09294390830987186,0.09213163579842353,0.18507554410829538,0.012763,0.000219,0.0064354206,0.0063720649,-0.009845,0.09191245771623174,0.1848563660261036,0.19479101655146877,convergence,False
54189X__930759,54189X,930759,2024-07-08,2024-07-09,1,11.7229519742685,11.239550634999999,0.0,0.0,0.0,0.041235461881064785,0.041235461881064785,0.08247092376212957,0.012763,0.0,0.0,0.0,0.0,0.041235461881064785,0.08247092376212957,0.08247092376212957,overnight_abort,True
54189X__930759,54189X,930759,2024-08-02,2024-08-06,4,13.284096916968501,12.921998870000001,2.480550045725991,2.6445063450668345,0.06609675125214327,0.02725801002746165,0.09335476127960493,0.12061277130706657,0.012763,0.00011,0.0069350527,0.0069288065,-0.000901,0.09324517223850905,0.12050318226597069,0.121464250168166,convergence,False
69311L__912087,69311L,912087,2024-05-09,2024-05-17,8,13.402448989999998,13.187916057573,26.584821849933423,26.459446460943877,-0.004716051501013175,0.016006994884820526,0.011290943383807352,0.027297938268627878,0.010273000000000001,0.000219,0.0064211637,0.0064240516,0.00045,0.01107176530161557,0.027078760186436096,0.026631335306649868,convergence,False
69311L__912087,69311L,912087,2024-08-05,2024-08-06,1,13.853541139999999,13.277697627573,0.0,0.0,0.0,0.04156652126757242,0.04156652126757242,0.08313304253514484,0.010273000000000001,0.0,0.0,0.0,0.0,0.04156652126757242,0.08313304253514484,0.08313304253514484,overnight_abort,True
53401R__14790N,53401R,14790N,2024-02-14,2024-02-28,14,27.9565219734645,27.893034624213,27.862397863989873,27.99067748875515,0.004604041094792813,0.0022709316027136506,0.006874972697506464,0.009145904300220114,0.010349,0.000384,0.0066702241,0.0066363606,-0.005077,0.006491411053670848,0.008762342656384498,0.013888557308676415,convergence,False
53401R__14790N,53401R,14790N,2024-03-18,2024-03-19,1,28.097006,27.653860125,0.0,0.0,0.0,0.015771996311635447,0.015771996311635447,0.03154399262327089,0.010349,0.0,0.0,0.0,0.0,0.015771996311635447,0.03154399262327089,0.03154399262327089,overnight_abort,True
53401R__14790N,53401R,14790N,2024-04-03,2024-04-15,12,28.317770196929,27.145632999213003,27.91775415926377,27.364327071117817,-0.019823481680825383,0.04139228440532769,0.021568802724502307,0.06296108712982999,0.010349,0.000329,0.0066074197,0.0064817215,-0.019024,0.021240035601214634,0.06263232000654233,0.08164060723933801,convergence,False
53401R__14790N,53401R,14790N,2024-04-19,2024-04-30,11,27.3544372526775,26.816774291142,27.247907749857916,27.005259351167343,-0.008905212132914618,0.019655420309656415,0.010750208176741797,0.03040562848639821,0.010349,0.000301,0.0064580706,0.006336734,-0.018788,0.0104488383137281,0.030104258623384512,0.04908186946163545,convergence,False
53401R__14790N,53401R,14790N,2024-06-12,2024-06-13,1,26.8727783065355,26.0035923543225,0.0,0.0,0.0,0.032344476715368664,0.032344476715368664,0.06468895343073733,0.010349,0.0,0.0,0.0,0.0,0.032344476715368664,0.06468895343073733,0.06468895343073733,overnight_abort,True
53401R__14790N,53401R,14790N,2024-08-05,2024-08-06,1,26.641986488858002,26.9189122041435,0.0,0.0,0.0,-0.010394334348953692,-0.010394334348953692,-0.020788668697907384,0.010349,0.0,0.0,0.0,0.0,-0.010394334348953692,-0.020788668697907384,-0.020788668697907384,overnight_abort,True
53401R__14790N,53401R,14790N,2024-08-16,2024-08-20,4,29.501850279213,29.377862553858,29.061511945525403,29.62121502953859,0.019259255508189892,0.004202710141280826,0.023461965649470718,0.027664675790751544,0.010349,0.00011,0.0068215146,0.0068844441,0.009225,0.023352376608374827,0.027555086749655653,0.018238216078935544,convergence,False
69368T__68341V,69368T,68341V,2023-11-14,2023-11-16,2,27.705808179123004,27.523868552369,2.803735113993906,2.757543705998335,-0.01647495434394712,0.0065668406269809125,-0.009908113716966208,-0.0033412730899852958,0.021844,5.5e-05,0.1280926284,0.1281845776,0.000718,-0.009962908237514154,-0.003396067610533241,-0.004101568559408918,convergence,False
69368T__68341V,69368T,68341V,2024-05-02,2024-05-07,5,25.204445021315504,25.274183515,2.6088535747282116,2.538264960508619,-0.027057330815105737,-0.0027669124880757654,-0.0298242433031815,-0.032591155791257265,0.021844,0.000137,0.1280180167,0.1278535261,-0.001285,-0.029961229604551363,-0.03272814209262713,-0.031476397785672044,convergence,False
69368T__68341V,69368T,68341V,2024-07-26,2024-07-31,5,19.327769287369,18.5450242321925,1.9250500957512369,1.8645564625983617,-0.03142444619305761,0.04049846847499561,0.009074022281937995,0.0495724907569336,0.021844,0.000137,0.1280376976,0.128000811,-0.000288,0.008937035980568131,0.04943550445556374,0.04971462346070085,convergence,False
69368T__68341V,69368T,68341V,2024-08-08,2024-08-14,6,18.092147592192504,17.728757694123,1.8016817931457427,1.7902840026934106,-0.006326195056026821,0.02008550373678802,0.013759308680761199,0.03384481241754922,0.021844,0.000164,0.1282445914,0.1283293444,0.000661,0.013594925119117363,0.03368042885590539,0.033024173372140836,convergence,False
69368T__68341V,69368T,68341V,2024-08-15,2024-08-20,5,18.654715091492005,18.8635565886845,1.9057243462961724,1.9035095074121575,-0.0011622031739897001,-0.011195105160718465,-0.012357308334708165,-0.02355241349542663,0.021844,0.000137,0.128298067,0.1283977314,0.000777,-0.012494294636078028,-0.023689399796796493,-0.024464713882431426,convergence,False
54189H__140292,54189H,140292,2024-01-18,2024-01-23,5,22.408499842169004,22.501093041324,44.4851807140934,44.992496744489436,0.011404158019646083,-0.004132057023324363,0.00727210099632172,0.0031400439729973566,0.012168,0.000137,0.0067496878,0.0067396799,-0.001483,0.007135114694951857,0.0030030576716274936,0.004504914113362186,convergence,False
54189H__140292,54189H,140292,2024-02-08,2024-02-13,5,26.717829548676004,26.971370932169002,53.72724904908167,56.09067243485022,0.04398928714197671,-0.009489595067259562,0.03449969207471715,0.025010097007457585,0.012168,0.000137,0.0066972503,0.0066310799,-0.00988,0.03436270577334728,0.024873110706087723,0.03529089932689721,convergence,False
54189H__140292,54189H,140292,2024-02-26,2024-02-27,1,29.974878798676002,29.426042176986,0.0,0.0,0.0,0.01830988626763831,0.01830988626763831,0.03661977253527662,0.012168,0.0,0.0,0.0,0.0,0.01830988626763831,0.03661977253527662,0.03661977253527662,overnight_abort,True
54189H__140292,54189H,140292,2024-06-05,2024-06-14,9,31.277701505183003,31.68113425,61.61611359390662,63.922600980253456,0.03743318511693559,-0.012898414058659123,0.024534771058276464,0.01163635699961734,0.012168,0.000247,0.0064261153,0.0063538457,-0.011246,0.02428819571581071,0.011389781657151588,0.023189703288098103,convergence,False
54189H__140292,54189H,140292,2024-06-18,2024-06-20,1,33.14173684735201,31.830802913014,0.0,0.0,0.0,0.039555378173933835,0.039555378173933835,0.07911075634786767,0.012168,0.0,0.0,0.0,0.0,0.039555378173933835,0.07911075634786767,0.07911075634786767,overnight_abort,True
54189H__140292,54189H,140292,2024-08-05,2024-08-06,1,24.252486793493002,24.656410994817,0.0,0.0,0.0,-0.016654960159894736,-0.016654960159894736,-0.03330992031978947,0.012168,0.0,0.0,0.0,0.0,-0.016654960159894736,-0.03330992031978947,-0.03330992031978947,overnight_abort,True
54233V__28557J,54233V,28557J,2024-01-09,2024-01-10,1,8.317485000000001,7.646932299182001,0.0,0.0,0.0,0.08061964654195357,0.08061964654195357,0.16123929308390714,0.025873,0.0,0.0,0.0,0.0,0.08061964654195357,0.16123929308390714,0.16123929308390714,overnight_abort,True
54233V__28557J,54233V,28557J,2024-02-20,2024-02-22,2,8.781247900818,8.271778998364,16.515858391379748,16.74111633448397,0.013638888016973558,0.05801782482493644,0.07165671284191,0.12967453766684645,0.025873,5.5e-05,0.0066535813,0.0066434147,-0.001528,0.07160191832136205,0.1296197431462985,0.1311709425797636,convergence,False
54233V__28557J,54233V,28557J,2024-02-27,2024-02-29,2,9.063537998364,8.48997969591,17.11656719508074,17.272518419014055,0.009111127374777258,0.06328194382343066,0.07239307119820793,0.1356750150216386,0.025873,5.5e-05,0.0066363606,0.006667333,0.004667,0.07233827667765998,0.13562022050109065,0.13093250001652756,convergence,False
54233V__28557J,54233V,28557J,2024-04-17,2024-04-18,1,8.287239902454,8.003987102454001,0.0,0.0,0.0,0.03417938943895221,0.03417938943895221,0.06835877887790442,0.025873,0.0,0.0,0.0,0.0,0.03417938943895221,0.06835877887790442,0.06835877887790442,overnight_abort,True
54233V__28557J,54233V,28557J,2024-04-30,2024-05-01,1,8.519120899182,8.217228600818,0.0,0.0,0.0,0.03543702477482015,0.03543702477482015,0.0708740495496403,0.025873,0.0,0.0,0.0,0.0,0.03543702477482015,0.0708740495496403,0.0708740495496403,overnight_abort,True
54233V__28557J,54233V,28557J,2024-07-03,2024-07-11,8,9.597874104090002,9.293353300818,18.859303759821913,18.944186215387827,0.004500826575939077,0.031727943080878146,0.03622876965681722,0.06795671273769537,0.025873,0.000219,0.00622142,0.0062966341,0.01209,0.03600959157462544,0.06773753465550358,0.05573864375279646,convergence,False
54233V__28557J,54233V,28557J,2024-08-05,2024-08-06,1,7.652086401636001,7.160940697546,0.0,0.0,0.0,0.0641845476267747,0.0641845476267747,0.1283690952535494,0.025873,0.0,0.0,0.0,0.0,0.0641845476267747,0.1283690952535494,0.1283690952535494,overnight_abort,True
54235U__906764,54235U,906764,2024-07-22,2024-07-24,1,60.3366199781275,55.324878375000004,0.0,0.0,0.0,0.08306301554419675,0.08306301554419675,0.1661260310883935,0.030932,0.0,0.0,0.0,0.0,0.08306301554419675,0.1661260310883935,0.1661260310883935,overnight_abort,True
54235U__906764,54235U,906764,2024-08-05,2024-08-06,1,45.0509431583785,40.5385052716215,0.0,0.0,0.0,0.10016300593071563,0.10016300593071563,0.20032601186143126,0.030932,0.0,0.0,0.0,0.0,0.10016300593071563,0.20032601186143126,0.20032601186143126,overnight_abort,True
54297Q__503004,54297Q,503004,2023-11-01,2023-11-29,28,3.8212647664782504,3.68906085029565,38.85985083945636,36.97666312647038,-0.04846101238952477,0.03459690030964333,-0.01386411207988144,0.020732788229761892,0.026048,0.000767,0.0066469469,0.0067914021,0.021733,-0.014631235367552672,0.01996566494209066,-0.00027386037817691156,convergence,False
54297Q__503004,54297Q,503004,2023-12-08,2023-12-15,7,3.8513531605913003,3.738913125,38.719311514225375,37.260428331972484,-0.03767843810231234,0.02919494289483374,-0.008483495207478601,0.02071144768735514,0.026048,0.000192,0.0068415831,0.0070340801,0.028136,-0.00867527602939641,0.020519666865437332,-0.0058155484103483155,convergence,False
54297Q__503004,54297Q,503004,2023-12-28,2024-03-27,90,3.801205135,4.3520946780913,19.375766127633412,21.797159001443404,0.1249701744880498,-0.14492497077280195,-0.01995479628475215,-0.16487976705755408,0.026048,0.002466,0.0070889301,0.0066082934,-0.067801,-0.02242054970940968,-0.16734552048221163,-0.08552379745393919,force_close,False
54297Q__503004,54297Q,503004,2024-05-14,2024-08-02,80,4.41300829911305,4.6103287451826,23.3734614695895,23.521409547328012,0.0063297461495381326,-0.04471336392211367,-0.03838361777257554,-0.08309698169468921,0.026048,0.002192,0.0064566112,0.0068238425,0.056877,-0.04057539859449335,-0.08528876251660701,-0.1394453144750035,convergence,False
54350L__904660,54350L,904660,2024-03-12,2024-03-14,1,11.709123030278,10.936429089722,0.0,0.0,0.0,0.0659907610978152,0.0659907610978152,0.1319815221956304,0.029727000000000003,0.0,0.0,0.0,0.0,0.0659907610978152,0.1319815221956304,0.1319815221956304,overnight_abort,True
54350L__904660,54350L,904660,2024-05-03,2024-06-17,45,12.082925890278,11.438712014999998,12.095878599063134,11.743671507059089,-0.029117942042781814,0.053316049533692865,0.02419810749091105,0.07751415702460392,0.029727000000000003,0.001233,0.6579597537,0.661310099,0.005092,0.022965230778582285,0.07628128031227514,0.07136257402811277,convergence,False
54350L__904660,54350L,904660,2024-06-20,2024-07-02,12,12.36580272,11.376854389999998,11.761750471184845,11.726369116699745,-0.0030081708136710564,0.07997445474368697,0.07696628393001592,0.1569407386737029,0.029727000000000003,0.000329,0.6640986856,0.6666886674,0.0039,0.07663751680672826,0.15661197155041523,0.1527388133303849,convergence,False
75750Q__865082,75750Q,865082,2023-11-14,2023-11-15,1,25.866346163692505,25.9326858487385,0.0,0.0,0.0,-0.00256471032383825,-0.00256471032383825,-0.0051294206476765,0.013387,0.0,0.0,0.0,0.0,-0.00256471032383825,-0.0051294206476765,-0.0051294206476765,overnight_abort,True
75750Q__865082,75750Q,865082,2024-01-18,2024-01-23,5,28.024377916261503,28.002920234523,56.235342389718845,56.42585953308451,0.0033878542437842194,0.0007656791455860511,0.0041535333893702705,0.0049192125349563215,0.013387,0.000137,0.0067496878,0.0067396799,-0.001483,0.004016547088000408,0.004782226233586459,0.0062721790882445715,convergence,False
75750Q__865082,75750Q,865082,2024-03-28,2024-06-20,84,25.986789765000005,15.4121664012615,17.781294050375994,15.515793295573978,-0.12740921714604403,0.40692303510227373,0.2795138179562297,0.6864368530585034,0.013387,0.002301,0.0065943482,0.0062926722,-0.045748,0.277212448093216,0.6841354831954898,0.7259682195341552,convergence,False
54468C__906299,54468C,906299,2023-11-27,2023-11-30,1,5.928418139004799,5.267055062985601,0.0,0.0,0.0,0.11155810209605446,0.11155810209605446,0.22311620419210892,0.046091,0.0,0.0,0.0,0.0,0.11155810209605446,0.22311620419210892,0.22311620419210892,overnight_abort,True
54468C__906299,54468C,906299,2023-12-05,2023-12-22,17,5.544636278009599,5.5492186439808,5.414200079572917,5.63716386299594,0.04118129735623112,-0.0008264502379308374,0.040354847118300285,0.039528396880369444,0.046091,0.000466,0.6697024726,0.6799944676,0.015368,0.03988909369364275,0.03906264345571191,0.023303937735200994,convergence,False
54468C__906299,54468C,906299,2024-03-26,2024-04-09,14,6.241503763980799,5.751683657990401,6.322844744824881,6.221112738885395,-0.016089594169262353,0.07847789963968456,0.062388305470422206,0.14086620511010678,0.046091,0.000384,0.6604366794,0.6628443087,0.003646,0.06200474382658659,0.14048264346627115,0.13690881550914638,convergence,False
54468C__906299,54468C,906299,2024-04-30,2024-05-14,14,6.6555838819904,6.1283967239808,6.4101036578133375,6.511169400195553,0.015766631520697082,0.07920975339761485,0.09497638491831194,0.17418613831592678,0.046091,0.000384,0.6522946159,0.6624050616,0.0155,0.09459282327447632,0.17380257667209115,0.158298689447776,convergence,False
54468C__906299,54468C,906299,2024-06-06,2024-06-12,6,7.231256219004799,6.22740192,6.902683130036256,6.570169528287658,-0.04817164506678602,0.13882156413798796,0.09064991907120194,0.22947148320918992,0.046091,0.000164,0.6583063082,0.666400151,0.012295,0.09048553550955811,0.2293070996475461,0.21774655443180507,convergence,False
54468C__906299,54468C,906299,2024-06-26,2024-06-27,1,7.6759380846048,6.6827248961952,0.0,0.0,0.0,0.12939306928512517,0.12939306928512517,0.25878613857025035,0.046091,0.0,0.0,0.0,0.0,0.12939306928512517,0.25878613857025035,0.25878613857025035,overnight_abort,True
75986N__75858Q,75986N,75858Q,2023-12-22,2023-12-27,1,7.3512569999999995,7.31771670058,0.0,0.0,0.0,0.0045625257585198515,0.0045625257585198515,0.009125051517039703,0.014294,0.0,0.0,0.0,0.0,0.0045625257585198515,0.009125051517039703,0.009125051517039703,overnight_abort,True
75986N__75858Q,75986N,75858Q,2024-02-14,2024-02-22,8,7.260995799419999,7.8970320997100005,7.489102374728993,7.929217810432164,0.058767448177539074,-0.0875962909027998,-0.028828842725260727,-0.11642513362806053,0.014294,0.000219,0.6524435708,0.6553939776,0.004522,-0.02904802080745251,-0.11664431171025232,-0.12141059700655692,convergence,False
75986N__75858Q,75986N,75858Q,2024-02-27,2024-03-01,3,8.12349040116,7.99674249855,7.993258276749378,8.022409385858143,0.0036469619896506308,0.015602640780113553,0.019249602769764184,0.03485224354987774,0.014294,8.2e-05,0.6497513856,0.6523583177,0.004012,0.019167410988942268,0.03477005176905582,0.030759311948181003,convergence,False
75986N__75858Q,75986N,75858Q,2024-03-06,2024-03-25,19,8.05328679942,7.90201769942,8.137424471560674,7.944924884730633,-0.023656082769530365,0.0187835232703863,-0.004872559499144065,0.013910963771242235,0.014294,0.000521,0.6620107013,0.654000893,-0.012099,-0.005393107444349544,0.013390415826036756,0.02534808697846303,convergence,False
75986N__75858Q,75986N,75858Q,2024-06-12,2024-06-13,1,8.11346120058,7.92195920087,0.0,0.0,0.0,0.023602996917802488,0.023602996917802488,0.047205993835604976,0.014294,0.0,0.0,0.0,0.0,0.023602996917802488,0.047205993835604976,0.047205993835604976,overnight_abort,True
75986N__75858Q,75986N,75858Q,2024-07-03,2024-07-17,14,8.46367418145,8.27593019942,8.303765265824858,8.276439233252077,-0.0032908002211049967,0.022182326257487787,0.01889152603638279,0.041073852293870575,0.014294,0.000384,0.6749916993,0.6730152645,-0.002928,0.018507964392547174,0.04069029065003496,0.043617313039915916,convergence,False
70162L__952259,70162L,952259,2023-11-07,2023-11-08,1,9.052875,9.344774701762502,0.0,0.0,0.0,-0.032243867474421255,-0.032243867474421255,-0.06448773494884251,0.015079,0.0,0.0,0.0,0.0,-0.032243867474421255,-0.06448773494884251,-0.06448773494884251,overnight_abort,True
70162L__952259,70162L,952259,2023-12-28,2023-12-29,1,10.129161250000001,9.79213164765,0.0,0.0,0.0,0.03327319943198656,0.03327319943198656,0.06654639886397312,0.015079,0.0,0.0,0.0,0.0,0.03327319943198656,0.06654639886397312,0.06654639886397312,overnight_abort,True
70162L__952259,70162L,952259,2024-02-16,2024-02-20,1,10.867876855875002,9.782190198825,0.0,0.0,0.0,0.09989868963808658,0.09989868963808658,0.19979737927617316,0.015079,0.0,0.0,0.0,0.0,0.09989868963808658,0.19979737927617316,0.19979737927617316,overnight_abort,True
70162L__952259,70162L,952259,2024-02-27,2024-02-29,2,10.533524005875002,9.772248750000001,10.034260598139127,9.894493660805262,-0.013928972241341382,0.07227165908108289,0.05834268683974151,0.1306143459208244,0.015079,5.5e-05,0.0066363606,0.006667333,0.004667,0.05828789231919357,0.13055955140027647,0.12597886129522967,convergence,False
70162L__952259,70162L,952259,2024-04-30,2024-05-07,7,9.99839709765,9.735466423237499,9.968075315601945,9.854605540977406,-0.01138331834701701,0.026297282638864217,0.014913964291847206,0.041211246930711425,0.015079,0.000192,0.0065085095,0.0064643326,-0.006788,0.014722183469929397,0.04101946610879362,0.047775619138994356,convergence,False
70162L__952259,70162L,952259,2024-05-09,2024-05-14,5,10.375600625,10.184810624999999,10.496782018429156,10.291295433558354,-0.01957615052975579,0.018388333060959692,-0.0011878174687960964,0.017200515592163595,0.015079,0.000137,0.0064211637,0.0063928396,-0.004411,-0.0013248037701659595,0.017063529290793734,0.021407392877607425,convergence,False
70162L__952259,70162L,952259,2024-07-29,2024-07-30,1,12.000089755875,11.4722025,0.0,0.0,0.0,0.043990275624110065,0.043990275624110065,0.08798055124822013,0.015079,0.0,0.0,0.0,0.0,0.043990275624110065,0.08798055124822013,0.08798055124822013,overnight_abort,True
70162L__952259,70162L,952259,2024-08-22,2024-08-23,1,12.985846250000002,12.252590625,0.0,0.0,0.0,0.0564657559379314,0.0564657559379314,0.1129315118758628,0.015079,0.0,0.0,0.0,0.0,0.0564657559379314,0.1129315118758628,0.1129315118758628,overnight_abort,True
86981X__725535,86981X,725535,2024-02-26,2024-02-28,2,19.515669914870497,20.255381993741,40.39630702202799,40.784879540966884,0.00961901093401944,-0.037903494068981976,-0.028284483134962533,-0.06618797720394451,0.008811,5.5e-05,0.0066438561,0.0066363606,-0.001128,-0.02833927765551048,-0.06624277172449246,-0.06510244802109766,convergence,False
86981X__725535,86981X,725535,2024-04-19,2024-04-24,5,20.268202289870498,20.3111919131175,40.86993426528086,40.8861384064668,0.00039648072543398204,-0.0021210378025725497,-0.0017245570771385677,-0.0038455948797111172,0.008811,0.000137,0.0064580706,0.0064372843,-0.003219,-0.0018615433785084308,-0.00398258118108098,-0.0007522529249088814,convergence,False
86981X__725535,86981X,725535,2024-04-26,2024-04-30,1,20.539118961752997,21.178249375,0.0,0.0,0.0,-0.031117713200705534,-0.031117713200705534,-0.06223542640141107,0.008811,0.0,0.0,0.0,0.0,-0.031117713200705534,-0.06223542640141107,-0.06223542640141107,overnight_abort,True
86981X__725535,86981X,725535,2024-05-29,2024-05-31,2,19.6962857118825,20.4412453001265,39.93264766198339,41.11075122739982,0.029502265299027608,-0.03782233864502569,-0.008320073345998082,-0.04614241199102377,0.008811,5.5e-05,0.0063765344,0.0063566725,-0.003115,-0.008374867866546027,-0.04619720651157171,-0.0429804494671993,convergence,False
86981X__725535,86981X,725535,2024-06-20,2024-06-26,6,19.9471298368825,20.829425170259,40.01485103790638,41.93671474547483,0.04802876076554307,-0.044231693511370504,0.003797067254172566,-0.04043462625719794,0.008811,0.000164,0.0062576265,0.006218325,-0.006281,0.0036326836925287304,-0.04059900981884177,-0.03397518389446058,convergence,False
86981X__725535,86981X,725535,2024-07-10,2024-07-11,1,22.194684166494,22.1350149113645,0.0,0.0,0.0,0.0026884480392642134,0.0026884480392642134,0.005376896078528427,0.008811,0.0,0.0,0.0,0.0,0.0026884480392642134,0.005376896078528427,0.005376896078528427,overnight_abort,True
86981X__725535,86981X,725535,2024-07-26,2024-07-29,1,24.999119477241,24.576739496494,0.0,0.0,0.0,0.016895794315137012,0.016895794315137012,0.033791588630274025,0.008811,0.0,0.0,0.0,0.0,0.016895794315137012,0.033791588630274025,0.033791588630274025,overnight_abort,True
86981X__725535,86981X,725535,2024-08-05,2024-08-06,1,25.804839837129496,25.3341683733765,0.0,0.0,0.0,0.01823965840221054,0.01823965840221054,0.03647931680442108,0.008811,0.0,0.0,0.0,0.0,0.01823965840221054,0.03647931680442108,0.03647931680442108,overnight_abort,True
74116U__30185X,74116U,30185X,2023-11-14,2023-11-16,2,24.1121654205685,23.716675033863,1.2227381362492027,1.210624071195432,-0.009907325775354602,0.016402109881351837,0.006494784105997235,0.022896893987349072,0.024439,5.5e-05,0.1280926284,0.1281845776,0.000718,0.00643998958544929,0.022842099466801127,0.0221318874348599,convergence,False
74116U__30185X,74116U,30185X,2024-02-28,2024-02-29,1,20.110307086589,19.917261042157502,0.0,0.0,0.0,0.009599358358890224,0.009599358358890224,0.019198716717780447,0.024439,0.0,0.0,0.0,0.0,0.009599358358890224,0.019198716717780447,0.019198716717780447,overnight_abort,True
74116U__30185X,74116U,30185X,2024-05-02,2024-05-06,4,22.727691628411,24.558286457194498,1.136112219118953,1.2628843860061185,0.11158419454856004,-0.08054468789497043,0.031039506653589607,-0.04950518124138083,0.024439,0.00011,0.1280180167,0.127904227,-0.000889,0.030929917612493717,-0.04961477028247672,-0.04862585197235394,convergence,False
74116U__30185X,74116U,30185X,2024-06-04,2024-06-07,3,25.324844588862998,23.0933282417055,1.2219634025824402,1.1782945761714665,-0.03573660742922909,0.08811569758413614,0.05237909015490704,0.14049478773904317,0.024439,8.2e-05,0.1280114682,0.1280090151,-1.9e-05,0.052296898374085125,0.14041259595822125,0.14043107461401344,convergence,False
74116U__30185X,74116U,30185X,2024-08-13,2024-08-14,1,19.049223298979502,17.7404998689795,0.0,0.0,0.0,0.06870219375664051,0.06870219375664051,0.13740438751328102,0.024439,0.0,0.0,0.0,0.0,0.06870219375664051,0.13740438751328102,0.13740438751328102,overnight_abort,True
86615F__410120,86615F,410120,2023-12-29,2024-01-11,13,49.804759144602,41.946835355397994,46.775014461536905,42.48803663746584,-0.09165102081574443,0.15777455657178246,0.06612353575603803,0.22389809232782049,0.027687999999999997,0.000356,0.673196765,0.6688067591,-0.006521,0.06576737137247639,0.22354192794425884,0.22950427405338616,convergence,False
86615F__410120,86615F,410120,2024-03-04,2024-03-07,3,45.422424740429996,43.690503565398,41.69783876807049,44.0520560966186,0.056458977206051676,0.03812921007474169,0.09458818728079336,0.13271739735553506,0.027687999999999997,8.2e-05,0.6503853533,0.6620107013,0.017875,0.09450599549997145,0.13263520557471314,0.11408308363223307,convergence,False
86615F__410120,86615F,410120,2024-06-04,2024-06-25,21,48.893872635828004,36.078624219569996,42.81804771333447,37.099447858037166,-0.13355582892482998,0.26210336235193954,0.12854753342710956,0.3906508957790491,0.027687999999999997,0.000575,0.666400151,0.6646062985,-0.002692,0.12797219096135615,0.3900755533132957,0.3924141905574831,convergence,False
54184M__916983,54184M,916983,2023-11-02,2023-11-09,7,4.9822605804488,5.5300695582048,10.0117941042,11.243054668659015,0.12298101135964183,-0.10995189210008223,0.013029119259559602,-0.09692277284052263,0.012336,0.000192,0.006663335,0.0066072014,-0.008424,0.012837338437641793,-0.09711455366244044,-0.08757390807242452,convergence,False
54184M__916983,54184M,916983,2024-05-08,2024-05-16,8,5.56486352,4.9875154186536,10.927183233876736,10.115547017545705,-0.07427680116269815,0.1037488339599747,0.029472032797276546,0.13322086675725126,0.012336,0.000219,0.0064321087,0.0064354206,0.000515,0.029252854715084764,0.1330016886750595,0.13252527806372685,convergence,False
54184M__916983,54184M,916983,2024-08-05,2024-08-06,1,3.9074587217952,3.8426760213463997,0.0,0.0,0.0,0.016579241154219375,0.016579241154219375,0.03315848230843875,0.012336,0.0,0.0,0.0,0.0,0.016579241154219375,0.03315848230843875,0.03315848230843875,overnight_abort,True
54366J__930819,54366J,930819,2024-02-02,2024-02-07,5,27.916315427066003,26.3911599637335,26.422452570274228,26.820730954318787,0.0150734827883703,0.05463312188591345,0.06970660467428375,0.12433972656019719,0.021332,0.000137,0.0067258542,0.0067483214,0.00334,0.06956961837291388,0.12420274025882733,0.12082325407245471,convergence,False
54366J__930819,54366J,930819,2024-02-15,2024-02-26,1,27.9566790222005,26.3386570326345,0.0,0.0,0.0,0.05787604415678709,0.05787604415678709,0.11575208831357418,0.021332,0.0,0.0,0.0,0.0,0.05787604415678709,0.11575208831357418,0.11575208831357418,overnight_abort,True
54366J__930819,54366J,930819,2024-05-29,2024-05-30,1,28.592521963533002,27.264990873667504,0.0,0.0,0.0,0.04642931083724046,0.04642931083724046,0.09285862167448092,0.021332,0.0,0.0,0.0,0.0,0.04642931083724046,0.09285862167448092,0.09285862167448092,overnight_abort,True
54366J__930819,54366J,930819,2024-06-14,2024-06-20,1,28.582527197383502,26.604769041468003,0.0,0.0,0.0,0.06919465666061,0.06919465666061,0.13838931332122,0.021332,0.0,0.0,0.0,0.0,0.06919465666061,0.13838931332122,0.13838931332122,overnight_abort,True
87527P__691252,87527P,691252,2024-01-22,2024-04-01,70,10.773564932553,8.9857680949788,0.20296827642953755,0.18207208060834335,-0.10295301408074244,0.1659429212861808,0.06298990720543836,0.22893282849161917,0.047796,0.001918,0.0177289251,0.0177761961,0.002666,0.06107209898626027,0.22701502027244108,0.22462956571102405,convergence,False
54188Q__930854,54188Q,930854,2023-11-01,2023-11-20,19,5.6315088022505995,6.1054536877494,17.62864084698181,18.51172121098378,0.05009350248083143,-0.08415948587515154,-0.03406598339432011,-0.11822546926947165,0.014759000000000001,0.000521,0.0066469469,0.0067396799,0.013951,-0.03458653133952559,-0.11874601721467713,-0.13319452548367594,convergence,False
54188Q__930854,54188Q,930854,2024-02-07,2024-05-07,90,5.6717338622505995,4.872429851687951,16.976532329479223,14.822542435515203,-0.12688044013698155,0.14092762988802812,0.014047189751046574,0.1549748196390747,0.014759000000000001,0.002466,0.0066970261,0.0064643326,-0.034746,0.01158143632638904,0.15250906621441715,0.18393833492237094,force_close,False
54188Q__930854,54188Q,930854,2024-05-09,2024-07-17,69,4.88734448831205,4.64372434443735,14.75275526992225,14.21227516833465,-0.036635875244912776,0.049847139782618254,0.013211264537705478,0.06305840432032372,0.014759000000000001,0.00189,0.0064211637,0.0064030731,-0.002817,0.011320853578801368,0.06116799336141961,0.06388978565757428,convergence,False
87734F__932076,87734F,932076,2023-11-14,2023-11-16,2,75.157843748234,74.81166199661699,38.01965618456661,37.52109749411811,-0.013113182508233161,0.0046060628452388825,-0.008507119662994278,-0.0039010568177553964,0.014238,5.5e-05,0.0066065467,0.006634599,0.004246,-0.008561914183542223,-0.003955851338303342,-0.008128589595780967,convergence,False
87734F__932076,87734F,932076,2023-11-24,2023-11-27,1,78.25806299999999,75.2252979393405,0.0,0.0,0.0,0.03875338775838965,0.03875338775838965,0.0775067755167793,0.014238,0.0,0.0,0.0,0.0,0.03875338775838965,0.0775067755167793,0.0775067755167793,overnight_abort,True
87734F__932076,87734F,932076,2024-03-22,2024-03-25,1,87.53866662499999,85.2270851815425,0.0,0.0,0.0,0.02640640453617927,0.02640640453617927,0.05281280907235854,0.014238,0.0,0.0,0.0,0.0,0.02640640453617927,0.05281280907235854,0.05281280907235854,overnight_abort,True
87734F__932076,87734F,932076,2024-08-05,2024-08-06,1,61.422548376616994,59.96345934559049,0.0,0.0,0.0,0.023754941297452956,0.023754941297452956,0.04750988259490591,0.014238,0.0,0.0,0.0,0.0,0.023754941297452956,0.04750988259490591,0.04750988259490591,overnight_abort,True
87137P__317614,87137P,317614,2023-11-17,2023-12-04,1,17.783185,16.4789515,0.0,0.0,0.0,0.07334082730399524,0.07334082730399524,0.14668165460799049,0.045904,0.0,0.0,0.0,0.0,0.07334082730399524,0.14668165460799049,0.14668165460799049,overnight_abort,True
89661R__41345R,89661R,41345R,2023-11-28,2023-11-29,1,10.11718008,10.0926364913115,0.0,0.0,0.0,0.0024259317808347394,0.0024259317808347394,0.004851863561669479,0.018378,0.0,0.0,0.0,0.0,0.0024259317808347394,0.004851863561669479,0.004851863561669479,overnight_abort,True
89661R__41345R,89661R,41345R,2024-01-16,2024-01-17,1,10.036885,9.46495925,0.0,0.0,0.0,0.05698239543444008,0.05698239543444008,0.11396479086888016,0.018378,0.0,0.0,0.0,0.0,0.05698239543444008,0.11396479086888016,0.11396479086888016,overnight_abort,True
89661R__41345R,89661R,41345R,2024-02-02,2024-02-05,1,9.93651584889345,9.57455321610655,0.0,0.0,0.0,0.0364275202989999,0.0364275202989999,0.0728550405979998,0.018378,0.0,0.0,0.0,0.0,0.0364275202989999,0.0728550405979998,0.0728550405979998,overnight_abort,True
89661R__41345R,89661R,41345R,2024-05-20,2024-05-23,3,10.869946455,10.04281992,10.768735552508701,10.164572632656151,-0.056103422440511454,0.07609297234574093,0.019989549905229477,0.09608252225097041,0.018378,8.2e-05,0.0064034835,0.0063720649,-0.004906,0.01990735812440756,0.0960003304701485,0.10065438052725176,convergence,False
89661R__41345R,89661R,41345R,2024-08-05,2024-08-06,1,15.306249625,15.1439348,0.0,0.0,0.0,0.010604480455805925,0.010604480455805925,0.02120896091161185,0.018378,0.0,0.0,0.0,0.0,0.010604480455805925,0.02120896091161185,0.02120896091161185,overnight_abort,True
89661R__41345R,89661R,41345R,2024-08-08,2024-08-13,5,16.008831575,16.0406221241805,16.162889642386055,16.10935332439297,-0.00331229867787318,-0.001985813207638974,-0.005298111885512154,-0.0072839250931511276,0.018378,0.000137,0.0068198863,0.0068103649,-0.001396,-0.005435098186882017,-0.00742091139452099,-0.006027467369316221,convergence,False
93324N__2557WX,93324N,2557WX,2023-11-08,2023-12-18,40,26.981594518595,27.133432831719002,6.701792325919445,6.876795803628968,0.026112936539780564,-0.005627477390906602,0.020485459148873963,0.01485798175796736,0.027254,0.001096,0.1280721335,0.1282700838,0.001546,0.01938956873791506,0.013762091347008456,0.01217856261135534,convergence,False
93324N__2557WX,93324N,2557WX,2024-01-17,2024-01-22,5,24.884368022032998,24.039274510314,6.183027906230952,6.113412259549265,-0.011259151298918026,0.03396081873450584,0.022701667435587818,0.05666248617009366,0.027254,0.000137,0.1278617113,0.1279140418,0.000409,0.022564681134217956,0.056525499868723794,0.056120999297443075,convergence,False
93324N__2557WX,93324N,2557WX,2024-01-31,2024-02-01,1,25.408678175157,24.634296984843,0.0,0.0,0.0,0.030477035640175103,0.030477035640175103,0.06095407128035021,0.027254,0.0,0.0,0.0,0.0,0.030477035640175103,0.06095407128035021,0.06095407128035021,overnight_abort,True
93324N__2557WX,93324N,2557WX,2024-02-06,2024-02-07,1,27.11267609,25.973123585157,0.0,0.0,0.0,0.04203024817838996,0.04203024817838996,0.08406049635677992,0.027254,0.0,0.0,0.0,0.0,0.04203024817838996,0.08406049635677992,0.08406049635677992,overnight_abort,True
93324N__2557WX,93324N,2557WX,2024-05-31,2024-06-03,1,28.635174350314,28.373081581719,0.0,0.0,0.0,0.0091528260100196,0.0091528260100196,0.0183056520200392,0.027254,0.0,0.0,0.0,0.0,0.0091528260100196,0.0183056520200392,0.0183056520200392,overnight_abort,True
93324N__2557WX,93324N,2557WX,2024-06-21,2024-06-27,6,26.568211407967002,26.964842585157,6.547494097219035,6.922843923493883,0.0573272492806481,-0.014928787305232793,0.0423984619754153,0.027469674670182513,0.027254,0.000164,0.1280762326,0.1280598246,-0.000128,0.04223407841377147,0.027305291108538677,0.027440763928061804,convergence,False
93642Z__280340,93642Z,280340,2024-01-04,2024-01-10,6,4.3990898958282,4.4807032554141,4.489151558164237,4.518542681360248,0.006547144335672668,-0.018552328213000662,-0.012005183877327994,-0.030557512090328656,0.007915,0.000164,0.006912522,0.0068612988,-0.00741,-0.01216956743897183,-0.030721895651972492,-0.023207492448349496,convergence,False
93642Z__280340,93642Z,280340,2024-02-14,2024-03-08,23,4.3329532428282,5.5884055991718,4.886470999063011,5.601512034798565,0.14633076424124172,-0.28974518901665847,-0.14341442477541674,-0.43315961379207524,0.007915,0.00063,0.0066702241,0.0067992521,0.019344,-0.14404456176171812,-0.4337897507783766,-0.4555434324588246,convergence,False
93642Z__280340,93642Z,280340,2024-03-13,2024-03-14,1,5.611595200828201,5.384827582,0.0,0.0,0.0,0.040410544722600944,0.040410544722600944,0.08082108944520189,0.007915,0.0,0.0,0.0,0.0,0.040410544722600944,0.08082108944520189,0.08082108944520189,overnight_abort,True
93642Z__280340,93642Z,280340,2024-08-05,2024-08-06,1,4.8099386004141005,4.9297713308282,0.0,0.0,0.0,-0.024913567587699116,-0.024913567587699116,-0.04982713517539823,0.007915,0.0,0.0,0.0,0.0,-0.024913567587699116,-0.04982713517539823,-0.04982713517539823,overnight_abort,True
93642Z__280340,93642Z,280340,2024-08-15,2024-08-16,1,5.992381189171801,5.93768042520705,0.0,0.0,0.0,0.009128385234169435,0.009128385234169435,0.01825677046833887,0.007915,0.0,0.0,0.0,0.0,0.009128385234169435,0.01825677046833887,0.01825677046833887,overnight_abort,True
93642Z__280340,93642Z,280340,2024-08-22,2024-08-28,6,6.593623890000001,7.0154441854141,6.566838216809908,7.100284619401603,0.08123337060842602,-0.06397396977007416,0.017259400838351854,-0.04671456893172231,0.007915,0.000164,0.0069256874,0.0069165855,-0.001314,0.017095017276708018,-0.04687895249336614,-0.04545610042048413,convergence,False
73097V__912082,73097V,912082,2023-11-07,2023-11-08,1,39.431176973784005,40.437062999999995,0.0,0.0,0.0,-0.025509916350829637,-0.025509916350829637,-0.05101983270165927,0.016844,0.0,0.0,0.0,0.0,-0.025509916350829637,-0.05101983270165927,-0.05101983270165927,overnight_abort,True
73097V__912082,73097V,912082,2024-02-06,2024-02-07,1,41.564491000000004,39.388691704662,0.0,0.0,0.0,0.05234755058922777,0.05234755058922777,0.10469510117845554,0.016844,0.0,0.0,0.0,0.0,0.05234755058922777,0.10469510117845554,0.10469510117845554,overnight_abort,True
73097V__912082,73097V,912082,2024-08-27,2024-08-28,1,57.72957256,55.453684849324,0.0,0.0,0.0,0.03942325587653723,0.03942325587653723,0.07884651175307446,0.016844,0.0,0.0,0.0,0.0,0.03942325587653723,0.07884651175307446,0.07884651175307446,overnight_abort,True
87417L__86521D,87417L,86521D,2024-01-19,2024-01-29,10,14.4110928405955,13.940710394404501,1.3325443710210372,1.4383939301567181,0.07943417227793752,0.03264030364622661,0.11207447592416413,0.14471477957039075,0.028416,0.000274,0.1279140418,0.1279795184,0.000512,0.1118005033214244,0.14444080696765102,0.14388854922822378,convergence,False
87417L__86521D,87417L,86521D,2024-03-05,2024-04-03,29,14.724376435,14.771810174404502,1.5599762837169984,1.5043461747395612,-0.035660868410695164,-0.0032214430005844865,-0.03888231141127965,-0.04210375441186413,0.028416,0.000795,0.1278257528,0.1277326843,-0.000728,-0.039676831959224855,-0.042898274959809336,-0.04219563884940305,convergence,False
87417L__86521D,87417L,86521D,2024-07-11,2024-07-12,1,11.207505105595502,10.794403095,0.0,0.0,0.0,0.03685940864655549,0.03685940864655549,0.07371881729311099,0.028416,0.0,0.0,0.0,0.0,0.03685940864655549,0.07371881729311099,0.07371881729311099,overnight_abort,True
87417L__86521D,87417L,86521D,2024-07-31,2024-08-02,1,9.66129348529775,8.19721618355955,0.0,0.0,0.0,0.15154050583042375,0.15154050583042375,0.3030810116608475,0.028416,0.0,0.0,0.0,0.0,0.15154050583042375,0.3030810116608475,0.3030810116608475,overnight_abort,True
54390R__26568P,54390R,26568P,2024-02-15,2024-02-16,1,10.584485471900999,9.7722995052396,0.0,0.0,0.0,0.07673362761161491,0.07673362761161491,0.15346725522322982,0.02963,0.0,0.0,0.0,0.0,0.07673362761161491,0.15346725522322982,0.15346725522322982,overnight_abort,True
54390R__26568P,54390R,26568P,2024-02-28,2024-03-01,2,10.979126861901,10.950608155599,10.903075474490706,11.337466979948113,0.039841190357136194,0.0025975386440759388,0.042438729001212136,0.04503626764528807,0.02963,5.5e-05,0.6498146339,0.6523583177,0.003914,0.042383934480664194,0.04498147312474013,0.04092691120881406,convergence,False
54390R__26568P,54390R,26568P,2024-08-07,2024-08-15,8,9.8599638499505,9.3078926788099,9.196738625602674,9.388685046619615,0.0208711401759951,0.05599119627029583,0.07686233644629092,0.13285353271658676,0.02963,0.000219,0.6592391945,0.661244637,0.003042,0.07664315836409914,0.132634354634395,0.12953822612616125,convergence,False
87241F__540515,87241F,540515,2023-11-13,2023-11-15,2,17.201809233375,16.7000145249375,33.50906068804397,33.72105944310745,0.006326609899248067,0.029171042512430256,0.03549765241167832,0.06466869492410858,0.0263,5.5e-05,0.0066495994,0.0066065467,-0.006474,0.03544285789113038,0.06461390040356063,0.07117180116554414,convergence,False
87241F__540515,87241F,540515,2023-11-20,2023-11-21,1,17.69588840825,16.858687500000002,0.0,0.0,0.0,0.04731047624936908,0.04731047624936908,0.09462095249873816,0.0263,0.0,0.0,0.0,0.0,0.04731047624936908,0.09462095249873816,0.09462095249873816,overnight_abort,True
87241F__540515,87241F,540515,2024-01-31,2024-02-02,2,19.813334575124998,19.179233274937502,37.850812051315025,38.60333174831249,0.019881203499075868,0.03200376482732943,0.051884968326405295,0.08388873315373473,0.0263,5.5e-05,0.0068289685,0.0067392257,-0.013141,0.05183017380585735,0.08383393863318678,0.0974151716922571,convergence,False
87241F__540515,87241F,540515,2024-03-06,2024-03-07,1,21.134237058187498,20.637014891625,0.0,0.0,0.0,0.023526856691988878,0.023526856691988878,0.047053713383977756,0.0263,0.0,0.0,0.0,0.0,0.023526856691988878,0.047053713383977756,0.047053713383977756,overnight_abort,True
87241F__540515,87241F,540515,2024-03-28,2024-04-05,8,18.20004465825,8.92409713959375,18.553495406369002,17.865930234268696,-0.037058524932411435,0.5096661954865865,0.4726076705541751,0.9822738660407616,0.0263,0.000219,0.0065943482,0.006595436,0.000165,0.4723884924719833,0.9820546879585699,0.9818958678689536,convergence,False
87241F__540515,87241F,540515,2024-08-05,2024-08-06,1,8.53032385083125,9.43193951499375,0.0,0.0,0.0,-0.10569536162154516,-0.10569536162154516,-0.21139072324309033,0.0263,0.0,0.0,0.0,0.0,-0.10569536162154516,-0.21139072324309033,-0.21139072324309033,overnight_abort,True
87241F__540515,87241F,540515,2024-08-15,2024-08-16,1,10.244455,10.15488,0.0,0.0,0.0,0.008743754548192165,0.008743754548192165,0.01748750909638433,0.0263,0.0,0.0,0.0,0.0,0.008743754548192165,0.01748750909638433,0.01748750909638433,overnight_abort,True
86969D__916526,86969D,916526,2023-12-22,2023-12-27,5,13.984272735000001,15.2620227564805,30.160777051111058,30.92236375819052,0.02525089807165322,-0.09137050211288648,-0.06611960404123327,-0.15749010615411974,0.04346,0.000137,0.007022718,0.0070504454,0.003948,-0.06625659034260313,-0.1576270924554896,-0.16165911314898954,convergence,False
86969D__916526,86969D,916526,2024-02-15,2024-02-16,1,14.54445846,13.4217468189805,0.0,0.0,0.0,0.07719171147603522,0.07719171147603522,0.15438342295207044,0.04346,0.0,0.0,0.0,0.0,0.07719171147603522,0.15438342295207044,0.15438342295207044,overnight_abort,True
86969D__916526,86969D,916526,2024-05-13,2024-05-14,1,14.9009413035195,13.8437824525,0.0,0.0,0.0,0.0709457764772087,0.0709457764772087,0.1418915529544174,0.04346,0.0,0.0,0.0,0.0,0.0709457764772087,0.1418915529544174,0.1418915529544174,overnight_abort,True
86969D__916526,86969D,916526,2024-05-28,2024-05-29,1,15.491682613519501,14.1136905714805,0.0,0.0,0.0,0.0889504436939881,0.0889504436939881,0.1779008873879762,0.04346,0.0,0.0,0.0,0.0,0.0889504436939881,0.1779008873879762,0.1779008873879762,overnight_abort,True
93053R__87406E,93053R,87406E,2024-03-21,2024-03-22,1,9.5784448755957,9.511585109999999,0.0,0.0,0.0,0.006980231808406516,0.006980231808406516,0.013960463616813032,0.011879,0.0,0.0,0.0,0.0,0.006980231808406516,0.013960463616813032,0.013960463616813032,overnight_abort,True
93053R__87406E,93053R,87406E,2024-04-03,2024-04-04,1,9.64865306970215,9.38197221529785,0.0,0.0,0.0,0.027639179528768328,0.027639179528768328,0.055278359057536655,0.011879,0.0,0.0,0.0,0.0,0.027639179528768328,0.055278359057536655,0.055278359057536655,overnight_abort,True
93053R__87406E,93053R,87406E,2024-08-05,2024-08-06,1,7.56245789,7.756827070595699,0.0,0.0,0.0,-0.025701852945550656,-0.025701852945550656,-0.05140370589110131,0.011879,0.0,0.0,0.0,0.0,-0.025701852945550656,-0.05140370589110131,-0.05140370589110131,overnight_abort,True
8748D0__887921,8748D0,887921,2023-12-06,2023-12-14,8,12.95732143,12.1682495392885,12.388871359231247,12.337738138329119,-0.004127351024920288,0.06089776308894892,0.05677041206402863,0.11766817515297755,0.032243,0.000219,0.0069381803,0.0070482093,0.015858,0.05655123398183685,0.11744899707078577,0.10190251327183279,convergence,False
8748D0__887921,8748D0,887921,2023-12-22,2023-12-29,7,13.64460525,12.6183758067885,12.861342009137662,12.736870942109233,-0.009677922174839548,0.07521136921212875,0.0655334470372892,0.14074481624941795,0.032243,0.000192,0.0070713856,0.0070889301,0.002481,0.06534166621537138,0.14055303542750014,0.13810207238380987,convergence,False
8748D0__887921,8748D0,887921,2024-08-05,2024-08-07,1,9.80390144892885,9.61588451678655,0.0,0.0,0.0,0.019177766435304274,0.019177766435304274,0.03835553287060855,0.032243,0.0,0.0,0.0,0.0,0.019177766435304274,0.03835553287060855,0.03835553287060855,overnight_abort,True
90534M__88801L,90534M,88801L,2023-11-02,2023-11-17,15,15.50297980278,15.875743397219999,31.024411018370802,31.820501881464946,0.025660144285180653,-0.024044641687087434,0.0016155025980932186,-0.022429139088994215,0.013316999999999999,0.000411,0.006663335,0.0066829285,0.00294,0.0012045436939836297,-0.022840097993103804,-0.0258472036410322,convergence,False
90534M__88801L,90534M,88801L,2024-02-15,2024-02-16,1,16.44558598332,15.33824082,0.0,0.0,0.0,0.06733388305184933,0.06733388305184933,0.13466776610369866,0.013316999999999999,0.0,0.0,0.0,0.0,0.06733388305184933,0.13466776610369866,0.13466776610369866,overnight_abort,True
90534M__88801L,90534M,88801L,2024-05-13,2024-05-16,3,17.94975598332,17.98984281668,36.452162417247244,36.103715345014734,-0.009559023364486139,-0.0022332801291143622,-0.011792303493600501,-0.014025583622714864,0.013316999999999999,8.2e-05,0.0063928396,0.0064354206,0.006661,-0.01187449527442242,-0.014107775403536782,-0.020661188124706336,convergence,False
90534M__88801L,90534M,88801L,2024-06-17,2024-06-21,4,18.58653131112,17.671729636680002,36.250903115946194,35.38676369023332,-0.023837735102735957,0.04921852599213547,0.025380790889399513,0.07459931688153498,0.013316999999999999,0.00011,0.0063341251,0.0062576265,-0.012077,0.025271201848303622,0.0744897278404391,0.08642317363453834,convergence,False
90534M__88801L,90534M,88801L,2024-06-27,2024-07-01,4,18.95253598332,17.5809935861,35.616764239258465,35.15251193727086,-0.013034656906757576,0.07236722296304231,0.05933256605628473,0.13169978901932705,0.013316999999999999,0.00011,0.0062167791,0.0061932927,-0.003778,0.05922297701518884,0.13159019997823115,0.13533300109499816,convergence,False
90534M__88801L,90534M,88801L,2024-07-26,2024-07-30,4,18.3669134661,17.36160418888,35.76225488841559,35.087420335418585,-0.018870022460904814,0.05473479684409195,0.03586477438318714,0.09059957122727909,0.013316999999999999,0.00011,0.0064924525,0.006546002,0.008248,0.035755185342091246,0.0904899821861832,0.08246385880091221,convergence,False
90534M__88801L,90534M,88801L,2024-08-20,2024-08-21,1,18.31066553034,17.55107898054,0.0,0.0,0.0,0.041483284621271425,0.041483284621271425,0.08296656924254285,0.013316999999999999,0.0,0.0,0.0,0.0,0.041483284621271425,0.08296656924254285,0.08296656924254285,overnight_abort,True
86965N__932147,86965N,932147,2023-11-14,2023-11-15,1,16.205249135578,15.825765449999999,0.0,0.0,0.0,0.0234173311624602,0.0234173311624602,0.0468346623249204,0.028909999999999998,0.0,0.0,0.0,0.0,0.0234173311624602,0.0468346623249204,0.0468346623249204,overnight_abort,True
86965N__932147,86965N,932147,2024-03-28,2024-04-15,18,15.802132527789002,14.813711222211,16.609041925003204,15.037150251535374,-0.09464071922785075,0.0625498681168383,-0.03209085111101245,0.030459017005825845,0.028909999999999998,0.000493,0.0065943482,0.0064817215,-0.017079,-0.03258400179594396,0.02996586632089434,0.04569743209516288,convergence,False
86965N__932147,86965N,932147,2024-08-05,2024-08-06,1,13.272582137789,13.38492639,0.0,0.0,0.0,-0.008464385531368466,-0.008464385531368466,-0.016928771062736932,0.028909999999999998,0.0,0.0,0.0,0.0,-0.008464385531368466,-0.016928771062736932,-0.016928771062736932,overnight_abort,True
91091C__140619,91091C,140619,2023-11-02,2023-11-08,6,12.280242261651003,12.06005592,24.531991697219425,24.216744983640325,-0.012850432915107807,0.017930130119550254,0.005079697204442447,0.0230098273239927,0.003649,0.000164,0.006663335,0.006623174,-0.006027,0.004915313642798611,0.022845443762348865,0.02883123150757448,convergence,False
91091C__140619,91091C,140619,2023-11-24,2023-11-28,4,12.821133801651001,12.818802158349001,25.555093811643943,25.78119761630684,0.008847700044829267,0.00018185936891944182,0.009029559413748708,0.009211418782668152,0.003649,0.00011,0.006725628,0.0067803501,0.008136,0.008919970372652818,0.00910182974157226,0.0009597332550467627,convergence,False
91091C__140619,91091C,140619,2023-12-22,2023-12-28,6,13.231810711651,12.71896626,26.178211117742574,25.537413277129417,-0.02447828989272873,0.038758448320260944,0.014280158427532212,0.053038606747793156,0.003649,0.000164,0.007022718,0.0070713856,0.00693,0.014115774865888376,0.05287422318614932,0.04616036213198527,convergence,False
91091C__140619,91091C,140619,2024-04-26,2024-04-30,1,13.382057360000001,13.38786009,0.0,0.0,0.0,-0.0004336201709420263,-0.0004336201709420263,-0.0008672403418840526,0.003649,0.0,0.0,0.0,0.0,-0.0004336201709420263,-0.0008672403418840526,-0.0008672403418840526,overnight_abort,True
91091C__140619,91091C,140619,2024-05-09,2024-05-10,1,14.153329631651001,14.066738408349002,0.0,0.0,0.0,0.006118081437766843,0.006118081437766843,0.012236162875533686,0.003649,0.0,0.0,0.0,0.0,0.006118081437766843,0.012236162875533686,0.012236162875533686,overnight_abort,True
91091C__140619,91091C,140619,2024-06-27,2024-07-01,4,13.89289937,13.58752989,27.0352453281839,27.33864319280857,0.011222308543595086,0.021980255659189988,0.03320256420278507,0.05518281986197506,0.003649,0.00011,0.0062167791,0.0061932927,-0.003778,0.03309297516168918,0.05507323082087917,0.058908019967430746,convergence,False
91091C__140619,91091C,140619,2024-08-05,2024-08-06,1,12.490588971651,12.72894975,0.0,0.0,0.0,-0.0190832296931706,-0.0190832296931706,-0.0381664593863412,0.003649,0.0,0.0,0.0,0.0,-0.0190832296931706,-0.0381664593863412,-0.0381664593863412,overnight_abort,True
8751Q5__951907,8751Q5,951907,2023-11-10,2023-11-16,6,33.88553218710499,34.302248183421,32.75617842227715,34.09570732946917,0.04089393121271493,-0.01229775569157468,0.02859617552114025,0.01629841982956557,0.028372,0.000164,0.0065908712,0.006634599,0.006635,0.028431791959496414,0.016134036267921734,0.00927363646903669,convergence,False
8751Q5__951907,8751Q5,951907,2024-04-26,2024-05-01,5,43.287581939999995,42.251963849316,43.2974548446076,43.075919113288016,-0.005116599396307808,0.023924138153973235,0.018807538757665426,0.042731676911638664,0.028372,0.000137,0.006336734,0.0064731199,0.021523,0.018670552456295564,0.0425946906102688,0.02163291791293397,convergence,False
8751Q5__951907,8751Q5,951907,2024-05-10,2024-05-16,6,52.679602499999994,52.689127743684,56.61733032704,52.622540494994105,-0.07055772161934691,-0.000180814646124233,-0.07073853626547115,-0.07091935091159537,0.028372,0.000164,0.0064016384,0.0064354206,0.005277,-0.07090291982711498,-0.07108373447323921,-0.0759627636600357,convergence,False
8751Q5__951907,8751Q5,951907,2024-06-27,2024-07-09,12,61.720420692895,15.546633396579,15.4641924111753,15.57512416214937,0.007173459048136515,0.7481119988806448,0.7552854579287813,1.5033974568094262,0.028372,0.000329,0.0062167791,0.0061986673,-0.002913,0.7549566908054937,1.5030686896861385,1.506011535845278,convergence,False
8748DZ__28545H,8748DZ,28545H,2023-11-02,2023-11-06,1,10.455137243371999,10.404796319999999,0.0,0.0,0.0,0.004814946203017378,0.004814946203017378,0.009629892406034755,0.008968,0.0,0.0,0.0,0.0,0.004814946203017378,0.009629892406034755,0.009629892406034755,overnight_abort,True
8748DZ__28545H,8748DZ,28545H,2023-11-14,2023-11-17,3,10.625710483372,10.32008294,20.430316032805006,20.740769438459356,0.015195722139386107,0.028763021903360796,0.043958744042746904,0.0727217659461077,0.008968,8.2e-05,0.0066065467,0.0066829285,0.011562,0.04387655226192499,0.07263957416528578,0.06103650574860199,convergence,False
8748DZ__28545H,8748DZ,28545H,2024-02-15,2024-02-16,1,12.672589363372,12.582428499999999,0.0,0.0,0.0,0.007114636226799511,0.007114636226799511,0.014229272453599022,0.008968,0.0,0.0,0.0,0.0,0.007114636226799511,0.014229272453599022,0.014229272453599022,overnight_abort,True
8748DZ__28545H,8748DZ,28545H,2024-02-22,2024-02-28,6,13.094005603371999,12.796704516628001,26.093146825785315,25.740333094910703,-0.013521317809240253,0.02270512902999187,0.009183811220751618,0.031888940250743486,0.008968,0.000164,0.0066354795,0.0066363606,0.000133,0.009019427659107782,0.03172455668909965,0.031593583341015176,convergence,False
8748DZ__28545H,8748DZ,28545H,2024-04-26,2024-04-30,1,12.201003519999999,11.590784636628,0.0,0.0,0.0,0.050013827335737,0.050013827335737,0.100027654671474,0.008968,0.0,0.0,0.0,0.0,0.050013827335737,0.100027654671474,0.100027654671474,overnight_abort,True
8748DZ__28545H,8748DZ,28545H,2024-07-26,2024-07-30,4,11.899991919999998,11.510056771999999,23.69780450277828,23.284392053808336,-0.017445179316990127,0.03276768174477881,0.015322502427788681,0.04809018417256749,0.008968,0.00011,0.0064924525,0.006546002,0.008248,0.01521291338669279,0.0479805951314716,0.03994281583195943,convergence,False
8748DZ__28545H,8748DZ,28545H,2024-08-05,2024-08-06,1,10.374867483372,10.69381844,0.0,0.0,0.0,-0.030742653546099546,-0.030742653546099546,-0.06148530709219909,0.008968,0.0,0.0,0.0,0.0,-0.030742653546099546,-0.06148530709219909,-0.06148530709219909,overnight_abort,True
8748DZ__28545H,8748DZ,28545H,2024-08-15,2024-08-16,1,11.65918264,11.630649756628,0.0,0.0,0.0,0.002447245596283049,0.002447245596283049,0.004894491192566098,0.008968,0.0,0.0,0.0,0.0,0.002447245596283049,0.004894491192566098,0.004894491192566098,overnight_abort,True
9518JQ__9374RF,9518JQ,9374RF,2024-01-18,2024-01-22,4,10.906457210000001,10.1780184620095,2.1501967100451895,2.057678924000437,-0.04302759166755862,0.06678967642421992,0.023762084756661292,0.09055176118088121,0.02761,0.00011,0.6598045672,0.6570518949,-0.004172,0.0236524957155654,0.09044217213978532,0.09445134015334371,convergence,False
9518JQ__9374RF,9518JQ,9374RF,2024-04-17,2024-04-18,1,10.745178730000001,10.406179655,0.0,0.0,0.0,0.03154894706902658,0.03154894706902658,0.06309789413805315,0.02761,0.0,0.0,0.0,0.0,0.03154894706902658,0.06309789413805315,0.06309789413805315,overnight_abort,True
9518JQ__9374RF,9518JQ,9374RF,2024-04-19,2024-04-24,5,10.4730223029905,10.5450619770095,2.186341359721147,2.1381722974042026,-0.02203181223406406,-0.006878594538887651,-0.028910406772951713,-0.03578900131183936,0.02761,0.000137,0.6450155584,0.6497513856,0.007342,-0.029047393074321574,-0.035925987613209226,-0.043054080676188655,convergence,False
9518JQ__9374RF,9518JQ,9374RF,2024-04-29,2024-04-30,1,11.79348885,11.298989197009499,0.0,0.0,0.0,0.04192988684518917,0.04192988684518917,0.08385977369037834,0.02761,0.0,0.0,0.0,0.0,0.04192988684518917,0.08385977369037834,0.08385977369037834,overnight_abort,True
9518JQ__9374RF,9518JQ,9374RF,2024-05-03,2024-05-08,5,12.095886,11.8495534775,2.4121689286501766,2.3875890742589925,-0.010189939062410015,0.02036498380523754,0.010175044742827525,0.030540028548065062,0.02761,0.000137,0.662492961,0.6579597537,-0.006843,0.010038058441457661,0.0304030422466952,0.03722262987135337,convergence,False
9518JQ__9374RF,9518JQ,9374RF,2024-05-17,2024-05-22,5,12.8780876359905,12.499320692009501,2.6089350208553896,2.5666593330937704,-0.01620419344432671,0.029411738348670318,0.013207544904343609,0.04261928325301392,0.02761,0.000137,0.6668002045,0.6619668345,-0.007249,0.013070558602973745,0.04248229695164406,0.04966551050512001,convergence,False
9518JQ__9374RF,9518JQ,9374RF,2024-07-03,2024-07-08,5,13.003077450000001,12.3009178,2.5934605915309836,2.478430967505212,-0.044353719659903125,0.053999497634308134,0.00964577797440501,0.06364527560871314,0.02761,0.000137,0.6749916993,0.6737638253,-0.001819,0.009508791673035146,0.06350828930734327,0.06524986874032022,convergence,False
94542N__932145,94542N,932145,2023-11-14,2023-11-15,1,15.295513625,14.935292190000002,0.0,0.0,0.0,0.023550790371055483,0.023550790371055483,0.04710158074211097,0.01239,0.0,0.0,0.0,0.0,0.023550790371055483,0.04710158074211097,0.04710158074211097,overnight_abort,True
94542N__932145,94542N,932145,2024-04-23,2024-04-25,2,16.18816983,16.081865000077503,162.12686490725952,162.3373099560603,0.0012980270044767608,0.006566822008840803,0.007864849013317564,0.014431671022158367,0.01239,5.5e-05,0.0064372843,0.0064244644,-0.001992,0.007810054492769619,0.014376876501610422,0.016374948212677213,convergence,False
94542N__932145,94542N,932145,2024-08-05,2024-08-06,1,17.201178157092997,17.7069902949225,0.0,0.0,0.0,-0.029405668217030268,-0.029405668217030268,-0.058811336434060536,0.01239,0.0,0.0,0.0,0.0,-0.029405668217030268,-0.058811336434060536,-0.058811336434060536,overnight_abort,True
8674W2__8745RP,8674W2,8745RP,2024-02-13,2024-02-21,1,1.5018334450722002,1.2494334769027502,0.0,0.0,0.0,0.16806122476338642,0.16806122476338642,0.33612244952677284,0.051696000000000006,0.0,0.0,0.0,0.0,0.16806122476338642,0.33612244952677284,0.33612244952677284,overnight_abort,True
9289GW__2559M8,9289GW,2559M8,2024-03-11,2024-03-12,1,12.682488584999998,12.617051534999998,0.0,0.0,0.0,0.005159637997024848,0.005159637997024848,0.010319275994049696,0.044987,0.0,0.0,0.0,0.0,0.005159637997024848,0.010319275994049696,0.010319275994049696,overnight_abort,True
9289GW__2559M8,9289GW,2559M8,2024-03-27,2024-03-28,1,11.093405954999998,11.1356168,0.0,0.0,0.0,-0.0038050392432430725,-0.0038050392432430725,-0.007610078486486145,0.044987,0.0,0.0,0.0,0.0,-0.0038050392432430725,-0.007610078486486145,-0.007610078486486145,overnight_abort,True
9289GW__2559M8,9289GW,2559M8,2024-05-02,2024-05-06,4,14.8046189257485,14.6850956492515,14.903512175613951,14.601024108087257,-0.020296428382944764,0.008073377443651933,-0.012223050939292832,-0.004149673495640899,0.044987,0.00011,0.1280180167,0.127904227,-0.000889,-0.012332639980388723,-0.00425926253673679,-0.0033876715180660845,convergence,False
9289GW__2559M8,9289GW,2559M8,2024-05-13,2024-05-20,7,15.9008847907485,16.0074561097605,15.644534293266092,16.13867267514029,0.03158536857737521,-0.006702225719791838,0.024883142857583376,0.018180917137791536,0.044987,0.000192,0.128010657,0.1282306017,0.001718,0.02469136203566557,0.01798913631587373,0.016219732356068786,convergence,False
9289GW__2559M8,9289GW,2559M8,2024-08-23,2024-08-26,1,15.025882589999998,14.1780273842515,0.0,0.0,0.0,0.056426316435665584,0.056426316435665584,0.11285263287133117,0.044987,0.0,0.0,0.0,0.0,0.056426316435665584,0.11285263287133117,0.11285263287133117,overnight_abort,True
87275J__77933E,87275J,77933E,2023-11-09,2023-11-15,6,21.024070449426,19.770007082935,20.072262647242574,19.97643038246692,-0.004774362833918988,0.05964893285092841,0.054874570017009426,0.11452350286793783,0.027999,0.000164,0.0066000066,0.0066065467,0.000991,0.05471018645536559,0.114359119306294,0.11337390335532964,convergence,False
87275J__77933E,87275J,77933E,2023-12-11,2023-12-13,2,21.711073691722,20.714686162009,20.937560609735858,20.9109859464798,-0.001269233973880382,0.045893056412631666,0.044623822438751286,0.09051687885138295,0.027999,5.5e-05,0.0068754507,0.0069986353,0.017917,0.044569027918203344,0.090462084330835,0.07288319292601762,convergence,False
87275J__77933E,87275J,77933E,2023-12-14,2023-12-18,4,21.559521549139,19.675499388565,20.901704699280085,19.99065233860799,-0.043587466849221816,0.08738701164030417,0.043799544791082355,0.13118655643138652,0.027999,0.00011,0.0070340801,0.0070047632,-0.004168,0.043689955749986464,0.13107696739029062,0.13507982227525347,convergence,False
87275J__77933E,87275J,77933E,2024-02-02,2024-02-05,1,20.407794369138998,19.348893108852,0.0,0.0,0.0,0.05188709966072011,0.05188709966072011,0.10377419932144022,0.027999,0.0,0.0,0.0,0.0,0.05188709966072011,0.10377419932144022,0.10377419932144022,overnight_abort,True
87275J__77933E,87275J,77933E,2024-05-14,2024-05-16,2,18.558968148852,16.646980577704,17.478127952408762,16.910408003946845,-0.03248173660289954,0.10302229929018276,0.07054056268728323,0.17356286197746598,0.027999,5.5e-05,0.0064566112,0.0064354206,-0.003282,0.07048576816673528,0.17350806745691805,0.1766939186680018,convergence,False
87275J__77933E,87275J,77933E,2024-06-24,2024-06-26,2,18.963092041435,18.166178156148,18.546416125763773,18.45871599620953,-0.004728683372547327,0.0420244696142231,0.037295786241675774,0.07932025585589887,0.027999,5.5e-05,0.0062615443,0.006218325,-0.006902,0.03724099172112783,0.07926546133535092,0.08618290769184024,convergence,False
87275J__77933E,87275J,77933E,2024-08-05,2024-08-06,1,19.326795361435,20.239627880860997,0.0,0.0,0.0,-0.04723144744666143,-0.04723144744666143,-0.09446289489332287,0.027999,0.0,0.0,0.0,0.0,-0.04723144744666143,-0.09446289489332287,-0.09446289489332287,overnight_abort,True
8785V9__50631X,8785V9,50631X,2023-11-14,2023-11-16,2,95.74938046053599,91.582396936536,9.737274877506769,9.310996920538429,-0.043777952489874504,0.043519691761529984,-0.00025826072834451985,0.043261431033185464,0.014119000000000001,5.5e-05,0.1280926284,0.1281845776,0.000718,-0.00031305524889246503,0.04320663651263752,0.042520720516055766,convergence,False
8785V9__50631X,8785V9,50631X,2024-05-02,2024-05-07,5,53.13125106346399,52.578576582048,5.308146788350163,5.310476880753495,0.0004389653293775864,0.010402060376026812,0.010841025705404399,0.02124308608143121,0.014119000000000001,0.000137,0.1280180167,0.1278535261,-0.001285,0.010704039404034535,0.02110609978006135,0.02239321958574962,convergence,False
8785V9__50631X,8785V9,50631X,2024-05-16,2024-05-20,4,56.811428,55.892210598048,5.641707150242287,5.646219365839787,0.0007997961392423824,0.01618014956342933,0.016979945702671712,0.03316009526610104,0.014119000000000001,0.00011,0.1281681566,0.1282306017,0.000487,0.01687035666157582,0.03305050622500515,0.03256314172291767,convergence,False
8785V9__50631X,8785V9,50631X,2024-05-30,2024-06-03,4,59.425766238583996,54.95540190756,5.501635702011151,5.611758333987147,0.020016343854926743,0.07522602759678802,0.09524237145171477,0.17046839904850278,0.014119000000000001,0.00011,0.1278960526,0.1278829664,-0.000102,0.09513278241061889,0.17035881000740688,0.17046318776978397,convergence,False
8785V9__50631X,8785V9,50631X,2024-06-05,2024-06-06,1,61.527282296535994,62.145561086928005,0.0,0.0,0.0,-0.010048855845967063,-0.010048855845967063,-0.020097711691934125,0.014119000000000001,0.0,0.0,0.0,0.0,-0.010048855845967063,-0.020097711691934125,-0.020097711691934125,overnight_abort,True
8785V9__50631X,8785V9,50631X,2024-07-03,2024-07-05,1,61.869152354487994,56.432217582048004,0.0,0.0,0.0,0.08787795800544201,0.08787795800544201,0.17575591601088403,0.014119000000000001,0.0,0.0,0.0,0.0,0.08787795800544201,0.17575591601088403,0.17575591601088403,overnight_abort,True
9326MM__9313M7,9326MM,9313M7,2023-11-14,2023-11-16,2,10.57951117,9.8551815834132,2.155953929004092,2.0087596535295953,-0.0682733863160475,0.06846531705933248,0.00019193074328498205,0.06865724780261746,0.020781,5.5e-05,0.1280926284,0.1281845776,0.000718,0.00013713622273703685,0.06860245328206951,0.06793410831927471,convergence,False
9326MM__9313M7,9326MM,9313M7,2024-03-28,2024-04-10,13,10.709612935533,9.902772396,2.083270685098733,2.038182282170896,-0.02164308423785084,0.07533797387354836,0.05369488963569752,0.1290328635092459,0.020781,0.000356,0.1277277833,0.1276234532,-0.000817,0.05333872525213587,0.12867669912568425,0.12947649001284356,convergence,False
9326MM__9313M7,9326MM,9313M7,2024-08-08,2024-08-09,1,10.428232228533,10.3112568,0.0,0.0,0.0,0.011217186764688589,0.011217186764688589,0.022434373529377178,0.020781,0.0,0.0,0.0,0.0,0.011217186764688589,0.022434373529377178,0.022434373529377178,overnight_abort,True
9326MM__9313M7,9326MM,9313M7,2024-08-21,2024-08-22,1,11.779666448533,11.897604,0.0,0.0,0.0,-0.010011960184295976,-0.010011960184295976,-0.020023920368591953,0.020781,0.0,0.0,0.0,0.0,-0.010011960184295976,-0.020023920368591953,-0.020023920368591953,overnight_abort,True
9320A0__70177J,9320A0,70177J,2024-02-14,2024-02-22,8,19.563624,14.742269182175999,1.730540274875054,1.7261854334775144,-0.0025164634771958905,0.2464448722702911,0.2439284087930952,0.4903732810633863,0.209843,0.000219,0.1278371915,0.1278388274,1.3e-05,0.24370923071090345,0.4901541029811945,0.49014133860161935,convergence,False
9320A0__70177J,9320A0,70177J,2024-04-18,2024-04-23,1,22.980377315232,17.74099775088,0.0,0.0,0.0,0.2279936265832852,0.2279936265832852,0.4559872531665704,0.209843,0.0,0.0,0.0,0.0,0.2279936265832852,0.4559872531665704,0.4559872531665704,overnight_abort,True
9320A0__70177J,9320A0,70177J,2024-05-30,2024-06-11,12,29.472192853056,23.864163715648,2.6159742399143098,2.667939779239564,0.01986469841039279,0.19028204536285456,0.21014674377324735,0.4004287891361019,0.209843,0.000329,0.1278829664,0.1280040929,0.000947,0.2098179766499597,0.40010002201281425,0.39913495411073907,convergence,False
9320A0__70177J,9320A0,70177J,2024-06-25,2024-07-02,7,31.764721137408003,23.927004213055998,2.754300970102299,2.7185325494349213,-0.012986387855082281,0.2467428217124138,0.23375643385733152,0.4804992555697453,0.209843,0.000192,0.1280540851,0.1279819867,-0.000563,0.2335646530354137,0.48030747474782753,0.4808635069211731,convergence,False
9320A0__70177J,9320A0,70177J,2024-08-09,2024-08-23,14,25.074504,19.752128,2.149342090278465,2.2513273232854765,0.04744951186146382,0.21226246389559697,0.2597119757570608,0.47197443965265773,0.209843,0.000384,0.1283507553,0.1282684353,-0.000641,0.25932841411322516,0.4715908780088221,0.47226310920595765,convergence,False
9291FF__140134,9291FF,140134,2024-01-19,2024-03-12,53,3.15929532498285,2.9849022091609503,0.733675638486237,0.8035012329609983,0.09517229523775607,0.05520000439428579,0.15037229963204185,0.20557230402632765,0.139953,0.001452,0.1279140418,0.1278175722,-0.000754,0.1489202448375213,0.2041202492318071,0.20494682441575235,convergence,False
7086Q0__503359,7086Q0,503359,2023-11-02,2023-11-17,15,23.5357145448435,21.9840924733855,45.54350770284598,44.92299583645347,-0.013624595418541658,0.06592627848632499,0.05230168306778333,0.11822796155410831,0.031229,0.000411,0.0066504834,0.0066829285,0.004879,0.05189072416367374,0.11781700264999871,0.11302822649607368,convergence,False
7086Q0__503359,7086Q0,503359,2024-02-07,2024-02-21,14,20.797950937499998,18.878351892927498,39.27869072446458,38.523174294482374,-0.01923476613011537,0.0922975080738047,0.07306274194368934,0.16536025001749402,0.031229,0.000384,0.0066970261,0.0066535813,-0.006487,0.07267918029985372,0.1649766883736584,0.17138063047810526,convergence,False
7018KV__68923Q,7018KV,68923Q,2023-11-02,2023-11-06,1,22.521842731962,21.893084627490502,0.0,0.0,0.0,0.02791770247019761,0.02791770247019761,0.05583540494039522,0.047732,0.0,0.0,0.0,0.0,0.02791770247019761,0.05583540494039522,0.05583540494039522,overnight_abort,True
7018KV__68923Q,7018KV,68923Q,2023-12-06,2023-12-13,7,24.1580243424905,24.766740235019,50.89506669922922,49.62322810876687,-0.02498942771759081,-0.02519725470504875,-0.05018668242263956,-0.07538393712768832,0.047732,0.000192,0.0069381803,0.0069986353,0.008713,-0.050378463244557366,-0.07557571794960613,-0.08399796909153,convergence,False
7018KV__68923Q,7018KV,68923Q,2023-12-14,2023-12-15,1,25.565385125,23.522484190076003,0.0,0.0,0.0,0.07990886602863158,0.07990886602863158,0.15981773205726316,0.047732,0.0,0.0,0.0,0.0,0.07990886602863158,0.15981773205726316,0.15981773205726316,overnight_abort,True
7018KV__68923Q,7018KV,68923Q,2023-12-22,2023-12-27,5,24.7351358275665,23.423727315019,47.828941589253006,47.083991859169785,-0.015575291974485345,0.05301804371278108,0.03744275173829573,0.09046079545107681,0.047732,0.000137,0.007022718,0.0070504454,0.003948,0.03730576543692587,0.09032380914970695,0.08645234627031108,convergence,False
7018KV__68923Q,7018KV,68923Q,2024-02-09,2024-02-13,1,26.746969638423998,26.820761970038003,0.0,0.0,0.0,-0.0027589043772643556,-0.0027589043772643556,-0.005517808754528711,0.047732,0.0,0.0,0.0,0.0,-0.0027589043772643556,-0.005517808754528711,-0.005517808754528711,overnight_abort,True
7018KV__68923Q,7018KV,68923Q,2024-02-14,2024-02-16,2,28.3699888724525,28.921691393816502,58.19861534787087,57.892688608113694,-0.005256598252871799,-0.019446695021432,-0.024703293274303796,-0.0441499882957358,0.047732,5.5e-05,0.0066702241,0.0066566812,-0.00203,-0.02475808779485174,-0.04420478281628374,-0.04218099498406462,convergence,False
7018KV__68923Q,7018KV,68923Q,2024-02-28,2024-02-29,1,30.01021842,28.864898734962,0.0,0.0,0.0,0.03816432353170458,0.03816432353170458,0.07632864706340917,0.047732,0.0,0.0,0.0,0.0,0.03816432353170458,0.07632864706340917,0.07632864706340917,overnight_abort,True
7018KV__68923Q,7018KV,68923Q,2024-03-28,2024-04-02,5,31.539073000056998,10.0528476975095,20.121465781382433,20.071243049613567,-0.0024959777937914817,0.6812573502876469,0.6787613724938554,1.3600187227815024,0.047732,0.000137,0.0065943482,0.006598047,0.000561,0.6786243861924856,1.3598817364801326,1.3593225455744997,convergence,False
7018KV__68923Q,7018KV,68923Q,2024-08-05,2024-08-06,1,9.517410396252851,9.5097166825019,0.0,0.0,0.0,0.0008083831032420893,0.0008083831032420893,0.0016167662064841787,0.047732,0.0,0.0,0.0,0.0,0.0008083831032420893,0.0016167662064841787,0.0016167662064841787,overnight_abort,True
2721ME__32307F,2721ME,32307F,2023-11-14,2023-11-16,2,11.0414915072385,10.25910914,11.118467182875497,10.438163933139693,-0.06118678398256166,0.0708583950570077,0.009671611074446036,0.08053000613145372,0.034572000000000006,5.5e-05,0.1280926284,0.1281845776,0.000718,0.00961681655389809,0.08047521161090578,0.07980178329543712,convergence,False
2721ME__32307F,2721ME,32307F,2024-05-02,2024-05-07,5,10.632546405000001,10.47696667,10.70569131252659,10.576161665060079,-0.012099139017295358,0.014632405923649637,0.002533266906354279,0.017165672830003916,0.034572000000000006,0.000137,0.1280180167,0.1278535261,-0.001285,0.002396280604984416,0.017028686528634054,0.018299675372824762,convergence,False
9291FG__9828KA,9291FG,9828KA,2023-11-01,2024-03-07,127,3.2518958902956,3.8319020167652,0.3237451106708993,0.4366315456837697,0.3486892351175129,-0.17835937743286015,0.17032985768465272,-0.008029519748207425,0.070648,0.003479,0.1373550847,0.1390269465,0.012172,0.1668504056298582,-0.011508971803001946,-0.027727568765887802,force_close,False
9602KM__503745,9602KM,503745,2024-02-08,2024-02-09,1,14.03538933,13.792086000000001,0.0,0.0,0.0,0.01733498973768746,0.01733498973768746,0.03466997947537492,0.036189,0.0,0.0,0.0,0.0,0.01733498973768746,0.03466997947537492,0.03466997947537492,overnight_abort,True
9602KM__503745,9602KM,503745,2024-02-16,2024-02-20,1,15.192320484850999,14.161025285649002,0.0,0.0,0.0,0.06788266481281459,0.06788266481281459,0.13576532962562918,0.036189,0.0,0.0,0.0,0.0,0.06788266481281459,0.13576532962562918,0.13576532962562918,overnight_abort,True
9602KM__503745,9602KM,503745,2024-07-31,2024-08-01,1,12.29999412,11.674016635149002,0.0,0.0,0.0,0.05089250277226941,0.05089250277226941,0.10178500554453881,0.036189,0.0,0.0,0.0,0.0,0.05089250277226941,0.10178500554453881,0.10178500554453881,overnight_abort,True
9602KM__503745,9602KM,503745,2024-08-07,2024-08-08,1,13.345290649999999,13.191146095149001,0.0,0.0,0.0,0.011550483154969551,0.011550483154969551,0.023100966309939103,0.036189,0.0,0.0,0.0,0.0,0.011550483154969551,0.023100966309939103,0.023100966309939103,overnight_abort,True
9602KM__503745,9602KM,503745,2024-08-23,2024-08-26,1,15.38514116,15.018596505,0.0,0.0,0.0,0.02382458836016297,0.02382458836016297,0.04764917672032594,0.036189,0.0,0.0,0.0,0.0,0.02382458836016297,0.04764917672032594,0.04764917672032594,overnight_abort,True
9816EQ__2593G1,9816EQ,2593G1,2024-02-01,2024-02-02,1,29.2884564715,28.20538201425,0.0,0.0,0.0,0.03697956764310611,0.03697956764310611,0.07395913528621222,0.012757,0.0,0.0,0.0,0.0,0.03697956764310611,0.07395913528621222,0.07395913528621222,overnight_abort,True
9816EQ__2593G1,9816EQ,2593G1,2024-02-26,2024-03-01,4,41.53636198575,43.3331790285,22.466791706058363,22.853002928548555,0.017190314823012653,-0.04325889309628126,-0.026068578273268608,-0.06932747136954986,0.012757,0.00011,0.1278077722,0.1277359361,-0.000562,-0.0261781673143645,-0.06943706041064575,-0.06886501320603254,convergence,False
9816EQ__2593G1,9816EQ,2593G1,2024-03-12,2024-03-13,1,39.9086720095,38.227556481,0.0,0.0,0.0,0.04212406586968924,0.04212406586968924,0.08424813173937848,0.012757,0.0,0.0,0.0,0.0,0.04212406586968924,0.08424813173937848,0.08424813173937848,overnight_abort,True
98215C__539910,98215C,539910,2023-11-10,2023-11-15,5,39.7430938949265,39.1252199100525,192.22310061421524,198.20401405408975,0.031114436406256853,0.015546700679809893,0.04666113708606674,0.06220783776587664,0.027209,0.000137,0.0065908712,0.0066065467,0.002378,0.04652415078469688,0.06207085146450678,0.05962430335369319,convergence,False
98215C__539910,98215C,539910,2023-12-11,2023-12-13,2,48.5703920250315,46.877004105073496,235.64543126367906,236.46579776427185,0.0034813596690310357,0.03486461297420232,0.038345972643233354,0.07321058561743568,0.027209,5.5e-05,0.0068754507,0.0069986353,0.017917,0.03829117812268541,0.07315579109688773,0.0554932833936665,convergence,False
98215C__539910,98215C,539910,2024-01-16,2024-01-17,1,49.1157944349475,48.233313540021,0.0,0.0,0.0,0.01796735459700898,0.01796735459700898,0.03593470919401796,0.027209,0.0,0.0,0.0,0.0,0.01796735459700898,0.03593470919401796,0.03593470919401796,overnight_abort,True
98215C__539910,98215C,539910,2024-01-18,2024-01-22,4,51.81246538995801,53.3417706900525,258.6346768389374,269.1113927476,0.04050777736655503,-0.029516165435951123,0.010991611930603908,-0.018524553505347215,0.027209,0.00011,0.0067496878,0.006752194,0.000371,0.010882022889508017,-0.018634142546443105,-0.019020345992557926,convergence,False
98215C__539910,98215C,539910,2024-01-24,2024-01-25,1,56.4786118300105,54.896079254968505,0.0,0.0,0.0,0.02802003313759032,0.02802003313759032,0.05604006627518064,0.027209,0.0,0.0,0.0,0.0,0.02802003313759032,0.05604006627518064,0.05604006627518064,overnight_abort,True
98215C__539910,98215C,539910,2024-04-30,2024-05-01,1,47.722003875000006,49.00551975,0.0,0.0,0.0,-0.02689568272032231,-0.02689568272032231,-0.05379136544064462,0.027209,0.0,0.0,0.0,0.0,-0.02689568272032231,-0.05379136544064462,-0.05379136544064462,overnight_abort,True
98215C__539910,98215C,539910,2024-06-05,2024-06-07,2,47.620998865063,45.292980375,222.63141379906392,230.1575274952837,0.03380526390140281,0.04888638511467565,0.08269164901607845,0.1315780341307541,0.027209,5.5e-05,0.0064261153,0.0063810101,-0.007019,0.0826368544955305,0.13152323961020618,0.13883085900879086,convergence,False
98215C__539910,98215C,539910,2024-08-05,2024-08-06,1,29.975171333692,29.9577127799475,0.0,0.0,0.0,0.000582433826654298,0.000582433826654298,0.001164867653308596,0.027209,0.0,0.0,0.0,0.0,0.000582433826654298,0.001164867653308596,0.001164867653308596,overnight_abort,True
98215C__539910,98215C,539910,2024-08-07,2024-08-14,7,35.097135125,36.937788740271,185.13913637688324,186.8264011374361,0.009113495901364368,-0.052444554483305615,-0.04333105858194125,-0.09577561306524686,0.027209,0.000192,0.0067895572,0.0067874834,-0.000305,-0.04352283940385906,-0.09596739388716467,-0.09565907643804936,convergence,False
9112YH__362017,9112YH,362017,2023-11-02,2023-11-09,7,8.2736736745806,8.31369278614515,16.687294814679618,16.92140637969304,0.014029329955115083,-0.004836921679362598,0.009192408275752484,0.004355486596389886,0.025979,0.000192,0.006663335,0.0066072014,-0.008424,0.009000627453834675,0.004163705774472078,0.012778717388310308,convergence,False
9112YH__362017,9112YH,362017,2024-01-11,2024-01-31,20,8.9513461795806,8.46197565427425,17.360959565296888,17.468580762188687,0.006199035052585724,0.05467004800045384,0.06086908305303956,0.1155391310534934,0.025979,0.000548,0.0069005969,0.0068075832,-0.013479,0.06032113784756011,0.11499118584801395,0.12873913316456978,convergence,False
9112YH__362017,9112YH,362017,2024-04-26,2024-05-01,5,8.36470441072575,8.501517495419401,16.39295757367204,17.45054345230326,0.06451464745628095,-0.016355997531511207,0.048158649924769745,0.03180265239325854,0.025979,0.000137,0.006336734,0.0064731199,0.021523,0.04802166362339988,0.03166566609188867,0.009236792457629527,convergence,False
9112YH__362017,9112YH,362017,2024-08-05,2024-08-06,1,7.89943672072575,7.94792994,0.0,0.0,0.0,-0.006138819891678902,-0.006138819891678902,-0.012277639783357804,0.025979,0.0,0.0,0.0,0.0,-0.006138819891678902,-0.012277639783357804,-0.012277639783357804,overnight_abort,True
9112YH__362017,9112YH,362017,2024-08-26,2024-08-28,2,10.01336954656455,9.144073625,18.820356792511138,18.742742306133714,-0.004123964664065667,0.08681352640808028,0.08268956174401461,0.1695030881520949,0.025979,5.5e-05,0.0069456498,0.0069165855,-0.004185,0.08263476722346666,0.16944829363154695,0.17363308103189268,convergence,False
9103NM__9091D9,9103NM,9091D9,2023-11-14,2023-11-17,3,5.980987499479201,6.595471158958399,31.088740451994585,33.33429286874186,0.07223040831180431,-0.10273949904304346,-0.03050909073123914,-0.1332485897742826,0.02357,8.2e-05,0.0066065467,0.0066829285,0.011562,-0.030591282512061058,-0.13333078155510453,-0.14558572167627898,convergence,False
9103NM__9091D9,9103NM,9091D9,2023-12-13,2023-12-15,2,7.9210392410416,8.1572943005208,41.332937860570105,41.3329372899033,-1.3806587089924384e-08,-0.029826270554888977,-0.029826284361476066,-0.05965255491636504,0.02357,5.5e-05,0.0070482093,0.0070340801,-0.002005,-0.02988107888202401,-0.059707349436912985,-0.05769867174145666,convergence,False
9103NM__9091D9,9103NM,9091D9,2024-01-18,2024-01-24,6,8.351267762437601,8.1672424194792,42.28635701121558,41.04886433222378,-0.029264584761075067,0.022035617608396178,-0.00722896715267889,0.014806650455717288,0.02357,0.000164,0.0067496878,0.0067794307,0.004407,-0.007393350714322725,0.014642266894073452,0.010383430472615456,convergence,False
9103NM__9091D9,9103NM,9091D9,2024-02-09,2024-02-13,1,8.200486864,8.1871377620832,0.0,0.0,0.0,0.001627842607175252,0.001627842607175252,0.003255685214350504,0.02357,0.0,0.0,0.0,0.0,0.001627842607175252,0.003255685214350504,0.003255685214350504,overnight_abort,True
9103NM__9091D9,9103NM,9091D9,2024-05-15,2024-05-16,1,9.3082263815624,9.6594304194792,0.0,0.0,0.0,-0.03773050026076497,-0.03773050026076497,-0.07546100052152994,0.02357,0.0,0.0,0.0,0.0,-0.03773050026076497,-0.07546100052152994,-0.07546100052152994,overnight_abort,True
9103NM__9091D9,9103NM,9091D9,2024-07-09,2024-07-11,2,12.032340765208001,11.639066399999999,59.04305418460958,59.055542759366915,0.00021151640831936795,0.03268477621122327,0.03289629261954263,0.0655810688307659,0.02357,5.5e-05,0.0061848656,0.0062966341,0.018071,0.03284149809899469,0.06552627431021796,0.04777200447394405,convergence,False
9103NM__9091D9,9103NM,9091D9,2024-08-05,2024-08-06,1,10.494371520000001,10.06729504,0.0,0.0,0.0,0.04069576526675148,0.04069576526675148,0.08139153053350295,0.02357,0.0,0.0,0.0,0.0,0.04069576526675148,0.08139153053350295,0.08139153053350295,overnight_abort,True
9103NM__9091D9,9103NM,9091D9,2024-08-08,2024-08-14,6,11.33874624,11.42021216,56.99107722660372,57.22650108668287,0.004130889808295373,-0.007184737913316191,-0.003053848105020818,-0.01023858601833701,0.02357,0.000164,0.0068198863,0.0067874834,-0.004751,-0.003218231666664654,-0.010402969579980846,-0.0056093294497714325,convergence,False
7731LX__314060,7731LX,314060,2023-11-01,2023-11-06,5,29.194249115262,28.658387359476002,5.607788397369129,5.843740380708969,0.042075764386997144,0.01835504498404322,0.06043080937104037,0.07878585435508359,0.058018,0.000137,0.1277955288,0.1278617113,0.000518,0.0602938230696705,0.07864886805371372,0.07810947922045523,convergence,False
7731LX__314060,7731LX,314060,2024-01-23,2024-01-25,2,25.686841269738,25.2666886670415,5.188052817096545,5.159550768505241,-0.005493785355727133,0.01635672515294778,0.010862939797220646,0.027219664950168424,0.058018,5.5e-05,0.1279115908,0.127906676,-3.8e-05,0.0108081452766727,0.02716487042962048,0.027203084221868016,convergence,False
7731LX__314060,7731LX,314060,2024-05-02,2024-05-07,5,24.183667939607,23.10655158,4.831608779647741,4.725504529761071,-0.021960439001935405,0.04453899889366827,0.022578559891732863,0.06711755878540113,0.058018,0.000137,0.1280180167,0.1278535261,-0.001285,0.022441573590363,0.06698057248403126,0.06823887422290122,convergence,False
7731LX__314060,7731LX,314060,2024-06-12,2024-06-13,1,25.3187166671725,24.036095699238,0.0,0.0,0.0,0.0506590039611884,0.0506590039611884,0.1013180079223768,0.058018,0.0,0.0,0.0,0.0,0.0506590039611884,0.1013180079223768,0.1013180079223768,overnight_abort,True
7731LX__314060,7731LX,314060,2024-08-08,2024-08-14,6,20.2058891671725,18.2096096221725,3.975385327364068,3.729446787378739,-0.06186533373065547,0.09879691650705755,0.03693158277640208,0.13572849928345962,0.058018,0.000164,0.1282445914,0.1283293444,0.000661,0.036767199214758246,0.1355641157218158,0.13494454014662624,convergence,False
7731LX__314060,7731LX,314060,2024-08-15,2024-08-20,5,20.430854599738,19.529137400261998,4.028691987180825,4.012088716716221,-0.004121255861067441,0.04413507007619577,0.04001381421512833,0.0841488842913241,0.058018,0.000137,0.128298067,0.1283977314,0.000777,0.03987682791375846,0.08401189798995423,0.0832388807689711,convergence,False
9331D3__9301C6,9331D3,9301C6,2024-05-09,2024-05-10,1,5.980626145900351,5.98705011909965,0.0,0.0,0.0,-0.0010741305412815896,-0.0010741305412815896,-0.0021482610825631792,0.040861,0.0,0.0,0.0,0.0,-0.0010741305412815896,-0.0021482610825631792,-0.0021482610825631792,overnight_abort,True
9331D3__9301C6,9331D3,9301C6,2024-07-26,2024-07-29,1,7.389621495000001,7.3777816654662,0.0,0.0,0.0,0.0016022240843880887,0.0016022240843880887,0.0032044481687761774,0.040861,0.0,0.0,0.0,0.0,0.0016022240843880887,0.0032044481687761774,0.0032044481687761774,overnight_abort,True
9331D3__9301C6,9331D3,9301C6,2024-08-26,2024-08-29,1,8.28164723636655,7.563903676050351,0.0,0.0,0.0,0.08666676324541196,0.08666676324541196,0.17333352649082392,0.040861,0.0,0.0,0.0,0.0,0.08666676324541196,0.17333352649082392,0.17333352649082392,overnight_abort,True
98208H__2584JD,98208H,2584JD,2024-04-09,2024-04-12,3,8.0766655197522,7.4538381399174005,4.148079569083146,3.880453031575498,-0.06451817836435617,0.07711442033988167,0.012596241975525502,0.08971066231540717,0.02358,8.2e-05,0.1276234532,0.1275925189,-0.000242,0.012514050194703584,0.08962847053458525,0.08985527439083393,convergence,False
98208H__2584JD,98208H,2584JD,2024-05-02,2024-05-03,1,9.4077640997522,9.052516939586999,0.0,0.0,0.0,0.037761061650616615,0.037761061650616615,0.07552212330123323,0.02358,0.0,0.0,0.0,0.0,0.037761061650616615,0.07552212330123323,0.07552212330123323,overnight_abort,True
98208H__2584JD,98208H,2584JD,2024-05-21,2024-05-22,1,8.777244520413,8.742772500000001,0.0,0.0,0.0,0.0039274307936651215,0.0039274307936651215,0.007854861587330243,0.02358,0.0,0.0,0.0,0.0,0.0039274307936651215,0.007854861587330243,0.007854861587330243,overnight_abort,True
98208H__2584JD,98208H,2584JD,2024-07-03,2024-07-08,5,8.3268720197522,7.4438462000826,3.9335852643176965,3.754814287632609,-0.04544733739643405,0.10604532140940455,0.0605979840129705,0.16664330542237504,0.02358,0.000137,0.1279909845,0.1280417945,0.000397,0.060460997711600635,0.1665063191210052,0.16612753014060783,convergence,False
9387PK__93766U,9387PK,93766U,2023-11-14,2023-11-15,1,11.868645195,11.4431568333295,0.0,0.0,0.0,0.0358497835835339,0.0358497835835339,0.0716995671670678,0.019634,0.0,0.0,0.0,0.0,0.0358497835835339,0.0716995671670678,0.0716995671670678,overnight_abort,True
9387PK__93766U,9387PK,93766U,2023-11-22,2023-11-28,6,11.8787129066705,11.949753885,11.85759427218981,12.044566028027242,0.0157681019897894,-0.005980528268311466,0.009787573721477934,0.003807045453166468,0.019634,0.000164,0.0066914245,0.0067803501,0.013289,0.009623190159834098,0.0036426618915226324,-0.009679332783988701,convergence,False
9387PK__93766U,9387PK,93766U,2024-01-10,2024-01-11,1,12.74444853,12.8040182483295,0.0,0.0,0.0,-0.0046741699485289955,-0.0046741699485289955,-0.009348339897057991,0.019634,0.0,0.0,0.0,0.0,-0.0046741699485289955,-0.009348339897057991,-0.009348339897057991,overnight_abort,True
9387PK__93766U,9387PK,93766U,2024-02-07,2024-02-13,6,13.48183467125,12.8338181333295,13.009597343665696,12.942801375491323,-0.005134360919086869,0.04806590154249524,0.04293154062340837,0.09099744216590361,0.019634,0.000164,0.0066970261,0.0066310799,-0.009847,0.04276715706176454,0.09083305860425978,0.10072701394748496,convergence,False
9387PK__93766U,9387PK,93766U,2024-04-25,2024-04-30,5,12.150512935,11.9298882883295,11.900663555822419,12.07139613642226,0.014346475706920561,0.018157640574578696,0.032504116281499254,0.050661756856077954,0.019634,0.000137,0.0063153237,0.006336734,0.00339,0.03236712998012939,0.05052477055470809,0.04709753779587235,convergence,False
9387PK__93766U,9387PK,93766U,2024-05-09,2024-05-10,1,12.6739826016705,12.39675216,0.0,0.0,0.0,0.021873979978003125,0.021873979978003125,0.04374795995600625,0.019634,0.0,0.0,0.0,0.0,0.021873979978003125,0.04374795995600625,0.04374795995600625,overnight_abort,True
9387PK__93766U,9387PK,93766U,2024-08-05,2024-08-07,2,12.915582515,12.5556858733295,12.413785869518918,12.707426491040904,0.023654397184584713,0.02786530466221877,0.05151970184680348,0.07938500650902225,0.019634,5.5e-05,0.0069288065,0.0068168645,-0.016156,0.05146490732625554,0.0793302119884743,0.09613998142567474,convergence,False
9387PK__93766U,9387PK,93766U,2024-08-15,2024-08-16,1,12.925650226670502,12.823883845,0.0,0.0,0.0,0.007873211783227762,0.007873211783227762,0.015746423566455524,0.019634,0.0,0.0,0.0,0.0,0.007873211783227762,0.015746423566455524,0.015746423566455524,overnight_abort,True
9344KQ__9330CR,9344KQ,9330CR,2023-11-14,2023-11-16,2,29.314671483806,27.7754940691605,14.605111020330002,14.227239365081935,-0.025872563017294226,0.05250536119757538,0.026632798180281154,0.07913815937785654,0.035805000000000003,5.5e-05,0.1280926284,0.1281845776,0.000718,0.02657800365973321,0.07908336485730859,0.07838460498926798,convergence,False
9344KQ__9330CR,9344KQ,9330CR,2024-03-22,2024-03-25,1,23.7815001772575,23.465844540709003,0.0,0.0,0.0,0.013273159144533704,0.013273159144533704,0.026546318289067408,0.035805000000000003,0.0,0.0,0.0,0.0,0.013273159144533704,0.026546318289067408,0.026546318289067408,overnight_abort,True
9344KQ__9330CR,9344KQ,9330CR,2024-05-02,2024-05-06,4,31.8030878746455,30.305926943806003,15.42112374841998,15.28911155297477,-0.008560478315254784,0.047075961200392834,0.03851548288513805,0.08559144408553088,0.035805000000000003,0.00011,0.1280180167,0.127904227,-0.000889,0.03840589384404216,0.08548185504443499,0.08636388692396492,convergence,False
9344KQ__9330CR,9344KQ,9330CR,2024-05-16,2024-05-20,4,33.269830165,31.1461018227425,16.12281713337955,15.799562232642979,-0.020049529685933477,0.06383345907463246,0.04378392938869899,0.10761738846333145,0.035805000000000003,0.00011,0.1281681566,0.1282306017,0.000487,0.0436743403476031,0.10750779942223557,0.10703058802103683,convergence,False
9344KQ__9330CR,9344KQ,9330CR,2024-06-06,2024-06-07,1,30.427380903097,27.399877556903,0.0,0.0,0.0,0.09949930806847229,0.09949930806847229,0.19899861613694458,0.035805000000000003,0.0,0.0,0.0,0.0,0.09949930806847229,0.19899861613694458,0.19899861613694458,overnight_abort,True
9344KQ__9330CR,9344KQ,9330CR,2024-08-28,2024-08-29,1,28.384048886903,29.228518762612,0.0,0.0,0.0,-0.0297515650101159,-0.0297515650101159,-0.0595031300202318,0.035805000000000003,0.0,0.0,0.0,0.0,-0.0297515650101159,-0.0595031300202318,-0.0595031300202318,overnight_abort,True
9602NL__29375R,9602NL,29375R,2024-01-16,2024-01-30,14,8.1723007176954,7.8889280007682006,15.117369829417198,15.886691856992249,0.0508899389414957,0.03467477846399059,0.0855647174054863,0.12023949586947688,0.02685,0.000384,0.0067494596,0.0067748383,0.00376,0.08518115576165068,0.11985593422564127,0.11591927635833625,convergence,False
9602NL__29375R,9602NL,29375R,2024-07-10,2024-07-11,1,4.776412478463599,4.7532032200000005,0.0,0.0,0.0,0.004859140320951541,0.004859140320951541,0.009718280641903082,0.02685,0.0,0.0,0.0,0.0,0.004859140320951541,0.009718280641903082,0.009718280641903082,overnight_abort,True
9602NL__29375R,9602NL,29375R,2024-07-26,2024-07-30,4,5.159331739231799,4.5745856823046,9.311407321612895,9.336311721432333,0.0026746117916709826,0.11333755735859406,0.11601216915026505,0.2293497265088591,0.02685,0.00011,0.0064924525,0.006546002,0.008248,0.11590258010916916,0.2292401374677632,0.2210377684302745,convergence,False
9602NL__29375R,9602NL,29375R,2024-08-05,2024-08-06,1,4.2221871769272,4.04865744,0.0,0.0,0.0,0.041099489353641126,0.041099489353641126,0.08219897870728225,0.02685,0.0,0.0,0.0,0.0,0.041099489353641126,0.08219897870728225,0.08219897870728225,overnight_abort,True
95296E__93369K,95296E,93369K,2023-11-14,2023-11-16,2,13.316833364286001,12.909433005714,0.681885273918936,0.6559304473018374,-0.03806333353986503,0.03059288551770841,-0.007470448022156621,0.02312243749555179,0.01361,5.5e-05,0.1280926284,0.1281845776,0.000718,-0.007525242542704567,0.023067642975003844,0.022377627775143443,convergence,False
95296E__93369K,95296E,93369K,2024-02-28,2024-02-29,1,10.042860000000001,11.94358943,0.0,0.0,0.0,-0.18926176706635342,-0.18926176706635342,-0.37852353413270684,0.01361,0.0,0.0,0.0,0.0,-0.18926176706635342,-0.37852353413270684,-0.37852353413270684,overnight_abort,True
95296E__93369K,95296E,93369K,2024-03-20,2024-03-21,1,16.8217905,15.896575005714,0.0,0.0,0.0,0.05500101159183968,0.05500101159183968,0.11000202318367935,0.01361,0.0,0.0,0.0,0.0,0.05500101159183968,0.11000202318367935,0.11000202318367935,overnight_abort,True
95296E__93369K,95296E,93369K,2024-05-02,2024-05-06,4,14.88351852,14.59716724,0.7276906142907108,0.7348725670872079,0.009869514125171832,0.019239488271218387,0.02910900239639022,0.04834849066760861,0.01361,0.00011,0.1280180167,0.127904227,-0.000889,0.02899941335529433,0.04823890162651272,0.04913732970623074,convergence,False
95296E__93369K,95296E,93369K,2024-05-22,2024-05-23,1,14.341204079999999,13.47698899,0.0,0.0,0.0,0.06026098542208308,0.06026098542208308,0.12052197084416616,0.01361,0.0,0.0,0.0,0.0,0.06026098542208308,0.12052197084416616,0.12052197084416616,overnight_abort,True
95296E__93369K,95296E,93369K,2024-08-08,2024-08-16,8,9.4804594382856,8.29429762,0.4525581554144126,0.4197575944800877,-0.07247811257381724,0.1251164910315886,0.05263837845777135,0.17775486948935992,0.01361,0.000219,0.1282445914,0.128298067,0.000417,0.05241920037557957,0.17753569140716816,0.1771490933032136,convergence,False
86734L__32361L,86734L,32361L,2024-01-26,2024-01-30,4,32.0744062243185,32.673166829545494,1.6605698231471393,1.6404095946535637,-0.012140548510852483,-0.01866786250194144,-0.030808411012793923,-0.04947627351473537,0.025762,0.00011,0.1279795184,0.127909953,-0.000544,-0.030918000053889814,-0.04958586255583126,-0.04904860305197833,convergence,False
86734L__32361L,86734L,32361L,2024-05-30,2024-06-04,5,41.711823602954496,38.660681471591,1.9939570452316833,1.9441903065617228,-0.02495878172951212,0.07314813565589068,0.04818935392637856,0.12133748958226924,0.025762,0.000137,0.1278960526,0.1279844387,0.000691,0.048052367625008696,0.12120050328089937,0.12052713946028537,convergence,False
2573X6__68528P,2573X6,68528P,2024-01-18,2024-02-26,39,19.619604852933,19.915487863799,0.48872900876584285,0.5349318747629479,0.09453677839541035,-0.015080987261665823,0.07945579113374453,0.0643748038720787,0.044701,0.001068,0.0318466287,0.0316666189,-0.005652,0.0783872979830596,0.06330631072139377,0.0695282363142016,convergence,False
2573X6__68528P,2573X6,68528P,2024-05-06,2024-05-21,15,24.201926098268004,25.1895492877655,0.5790744742647639,0.6170798366468514,0.06563121683155168,-0.040807627685805405,0.024823589145746276,-0.01598403854005913,0.044701,0.000411,0.0308546707,0.0309726976,0.003825,0.024412630241636687,-0.016394997444168717,-0.020455772217169342,convergence,False
2573X6__68528P,2573X6,68528P,2024-08-27,2024-08-28,1,27.940921250000002,25.140348010866,0.0,0.0,0.0,0.10023195778249448,0.10023195778249448,0.20046391556498896,0.044701,0.0,0.0,0.0,0.0,0.10023195778249448,0.20046391556498896,0.20046391556498896,overnight_abort,True
25611Z__9307L8,25611Z,9307L8,2023-11-08,2023-11-17,9,0.993184854496065,0.8550153081183549,0.8766182474183806,0.9112194928645547,0.03947128131096288,0.1391176534279878,0.17858893473895066,0.3177065881669385,0.02392,0.000247,0.1280688482,0.128279137,0.001642,0.1783423593964849,0.3174600128244727,0.315756000983628,convergence,False
25611Z__9307L8,25611Z,9307L8,2023-12-19,2023-12-27,8,0.8322713678455,0.69730077558671,0.8277927734319606,0.7732209027403495,-0.06592455556885402,0.1621713751948337,0.0962468196259797,0.2584181948208134,0.02392,0.000219,0.1280827878,0.1280401518,-0.000333,0.09602764154378791,0.2581990167386216,0.25851005386321796,convergence,False
25611Z__9307L8,25611Z,9307L8,2024-05-02,2024-05-08,1,0.77173941075,0.63739313267329,0.0,0.0,0.0,0.17408243793866654,0.17408243793866654,0.3481648758773331,0.02392,0.0,0.0,0.0,0.0,0.17408243793866654,0.3481648758773331,0.3481648758773331,overnight_abort,True
151650__950895,151650,950895,2024-11-27,2025-02-25,90,14.023728404564999,18.933178677175,59.137003674637754,75.48634295740996,0.2764654660679738,-0.35008167093509024,-0.07361620486711645,-0.4236978758022067,0.019721,0.002466,0.0066771275,0.0067098328,0.004898,-0.07608195829177399,-0.42616362922686424,-0.43238542152061443,force_close,False
516889__916561,516889,916561,2024-10-23,2024-10-25,2,12.409179045606,11.246597134394,11.740788624406338,11.699218379848672,-0.0035406688500678658,0.09368725416397816,0.0901465853139103,0.18383383947788845,0.018649,5.5e-05,0.0065863132,0.0065657726,-0.003119,0.09009179079336235,0.18377904495734051,0.18689640429711085,convergence,False
516889__916561,516889,916561,2024-11-13,2024-11-15,2,12.64046742,11.848204509999999,12.005310820530585,11.941563650386335,-0.005309914178584562,0.06267670994084186,0.0573667957622573,0.12004350570309916,0.018649,5.5e-05,0.0063995904,0.0064789914,0.012407,0.057312001241709355,0.11998871118255121,0.10779863673604004,convergence,False
516889__916561,516889,916561,2024-12-18,2024-12-23,5,11.22256296,10.02349152,10.381426323186247,10.397937451265408,0.0015904489002907488,0.1068447059975326,0.10843515489782335,0.21527986089535595,0.018649,0.000137,0.0063512226,0.0063619302,0.001686,0.10829816859645348,0.2151428745939861,0.2134571236420745,convergence,False
516889__916561,516889,916561,2025-02-28,2025-03-06,6,10.85048874,10.349652751999999,10.368826292550551,10.574528381412492,0.019838512388786617,0.046157919703071405,0.06599643209185801,0.11215435179492943,0.018649,0.000164,0.0066885158,0.006758355,0.010442,0.06583204853021418,0.1119899682332856,0.1014512046089388,convergence,False
516889__916561,516889,916561,2025-04-02,2025-04-03,1,10.327574625606001,9.5959018016818,0.0,0.0,0.0,0.07084652984352252,0.07084652984352252,0.14169305968704504,0.018649,0.0,0.0,0.0,0.0,0.07084652984352252,0.14169305968704504,0.14169305968704504,overnight_abort,True
516889__916561,516889,916561,2025-04-09,2025-04-10,1,10.106341305606,9.4497264803182,0.0,0.0,0.0,0.06497057693109722,0.06497057693109722,0.12994115386219443,0.018649,0.0,0.0,0.0,0.0,0.06497057693109722,0.12994115386219443,0.12994115386219443,overnight_abort,True
500326__256938,500326,256938,2024-10-04,2024-10-15,11,10.379918905,10.519928055,10.3920893967307,10.571204704298975,0.017235735830431087,-0.013488462798351615,0.0037472730320794716,-0.009741189766272144,0.013607,0.000301,0.0067483214,0.0067024129,-0.006803,0.003445903169065773,-0.010042559629285842,-0.0030749544585612536,convergence,False
500326__256938,500326,256938,2024-11-06,2024-11-07,1,11.460951925,11.498991684043501,0.0,0.0,0.0,-0.0033190750028821293,-0.0033190750028821293,-0.006638150005764259,0.013607,0.0,0.0,0.0,0.0,-0.0033190750028821293,-0.006638150005764259,-0.006638150005764259,overnight_abort,True
500326__256938,500326,256938,2024-11-14,2024-11-15,1,12.081544955,11.668829079043501,0.0,0.0,0.0,0.034160852564281904,0.034160852564281904,0.06832170512856381,0.013607,0.0,0.0,0.0,0.0,0.034160852564281904,0.06832170512856381,0.06832170512856381,overnight_abort,True
500326__256938,500326,256938,2025-03-17,2025-03-28,11,13.87325709,13.96662813,14.191154487519492,13.989865192641163,-0.014184138087944442,-0.006730289750580912,-0.020914427838525353,-0.027644717589106266,0.013607,0.000301,0.0066992693,0.0066740076,-0.003771,-0.02121579770153905,-0.027946087452119964,-0.02421468856086545,convergence,False
500326__256938,500326,256938,2025-04-07,2025-04-08,1,10.83034933,10.779679364999998,0.0,0.0,0.0,0.004678516219199611,0.004678516219199611,0.009357032438399223,0.013607,0.0,0.0,0.0,0.0,0.004678516219199611,0.009357032438399223,0.009357032438399223,overnight_abort,True
500326__256938,500326,256938,2025-04-09,2025-04-10,1,11.851325960956501,11.0893838490435,0.0,0.0,0.0,0.06429171844763823,0.06429171844763823,0.12858343689527646,0.013607,0.0,0.0,0.0,0.0,0.06429171844763823,0.12858343689527646,0.12858343689527646,overnight_abort,True
755020__929593,755020,929593,2024-09-24,2024-09-30,6,9.483074899650001,8.7492698007,9.195822729969073,8.840862628893682,-0.038600146120540274,0.07738050228592876,0.03878035616538848,0.11616085845131724,0.01084,0.000164,0.1284562767,0.1286545946,0.001544,0.03861597260374465,0.1159964748896734,0.11451450061060109,convergence,False
755020__929593,755020,929593,2024-10-08,2024-10-10,2,8.7705897993,8.49018049825,8.53520795134076,8.535648055197555,5.156334319017495e-05,0.03197154438489186,0.032023107728082034,0.0639946521129739,0.01084,5.5e-05,0.1286835671,0.1286992989,0.000122,0.03196831320753409,0.06393985759242594,0.0638176144153562,convergence,False
755020__929593,755020,929593,2025-03-07,2025-03-10,1,8.39929489965,8.09157990035,0.0,0.0,0.0,0.03663581324104032,0.03663581324104032,0.07327162648208065,0.01084,0.0,0.0,0.0,0.0,0.03663581324104032,0.07327162648208065,0.07327162648208065,overnight_abort,True
755020__929593,755020,929593,2025-03-14,2025-03-18,4,8.2186645986,8.08161470105,8.201467128082603,8.208886504977585,0.0009046402038943568,0.01667544598101077,0.017580086184905128,0.0342555321659159,0.01084,0.00011,0.1287067545,0.1287117161,3.9e-05,0.017470497143809237,0.03414594312482001,0.03410736009125227,convergence,False
755020__929593,755020,929593,2025-03-27,2025-03-28,1,8.22869989965,8.051720000000001,0.0,0.0,0.0,0.021507638121245128,0.021507638121245128,0.043015276242490255,0.01084,0.0,0.0,0.0,0.0,0.021507638121245128,0.043015276242490255,0.043015276242490255,overnight_abort,True
755020__929593,755020,929593,2025-04-09,2025-04-10,1,8.028,7.972,0.0,0.0,0.0,0.006975585450921779,0.006975585450921779,0.013951170901843559,0.01084,0.0,0.0,0.0,0.0,0.006975585450921779,0.013951170901843559,0.013951170901843559,overnight_abort,True
755020__929593,755020,929593,2025-04-11,2025-04-23,12,8.14841989965,8.3207753986,8.176935404977169,8.398738258046754,0.027125425612947514,-0.021152014878050667,0.005973410734896847,-0.01517860414315382,0.01084,0.000329,0.1289299409,0.1288651507,-0.000503,0.005644643611609175,-0.015507371266441491,-0.014990958090426965,convergence,False
755020__929593,755020,929593,2025-06-20,2025-06-23,1,8.54982050175,8.315792798950001,0.0,0.0,0.0,0.027372235797476382,0.027372235797476382,0.054744471594952764,0.01084,0.0,0.0,0.0,0.0,0.027372235797476382,0.054744471594952764,0.054744471594952764,overnight_abort,True
519310__930378,519310,930378,2025-03-17,2025-03-18,1,14.290093161408002,14.008248576000002,0.0,0.0,0.0,0.01972307543586585,0.01972307543586585,0.0394461508717317,0.008548,0.0,0.0,0.0,0.0,0.01972307543586585,0.0394461508717317,0.0394461508717317,overnight_abort,True
519310__930378,519310,930378,2025-04-07,2025-04-08,1,12.111529056,12.502372838592,0.0,0.0,0.0,-0.03227039135891583,-0.03227039135891583,-0.06454078271783166,0.008548,0.0,0.0,0.0,0.0,-0.03227039135891583,-0.06454078271783166,-0.06454078271783166,overnight_abort,True
519310__930378,519310,930378,2025-04-09,2025-04-10,1,12.67782528,12.152865638591999,0.0,0.0,0.0,0.04140770438256121,0.04140770438256121,0.08281540876512242,0.008548,0.0,0.0,0.0,0.0,0.04140770438256121,0.08281540876512242,0.08281540876512242,overnight_abort,True
516495__932074,516495,932074,2024-10-31,2024-11-08,8,34.66721488857,35.67855248643,17.841188907278212,17.92308546852759,0.004590308508866639,-0.02917273859785729,-0.02458243008899065,-0.053755168686847946,0.009501,0.000219,0.0065359477,0.0065513627,0.002358,-0.024801608171182432,-0.05397434676903973,-0.05633809310927267,convergence,False
516495__932074,516495,932074,2025-04-07,2025-04-08,1,32.680501752139996,32.8282540398225,0.0,0.0,0.0,-0.004521114418716825,-0.004521114418716825,-0.00904222883743365,0.009501,0.0,0.0,0.0,0.0,-0.004521114418716825,-0.00904222883743365,-0.00904222883743365,overnight_abort,True
516495__932074,516495,932074,2025-04-09,2025-04-10,1,35.871281874999994,34.681944986430004,0.0,0.0,0.0,0.03315568405708083,0.03315568405708083,0.06631136811416166,0.009501,0.0,0.0,0.0,0.0,0.03315568405708083,0.06631136811416166,0.06631136811416166,overnight_abort,True
516495__932074,516495,932074,2025-04-28,2025-04-30,1,38.620583345354994,38.479016571607495,0.0,0.0,0.0,0.0036655783389280597,0.0036655783389280597,0.0073311566778561195,0.009501,0.0,0.0,0.0,0.0,0.0036655783389280597,0.0073311566778561195,0.0073311566778561195,overnight_abort,True
26981M__26030V,26981M,26030V,2024-09-12,2024-09-17,5,60.413940249999996,60.903836508232004,2.9667923406694574,3.0547768552903265,0.029656445250568285,-0.008108993656178686,0.0215474515943896,0.013438457938210913,0.008784,0.000137,0.1282182772,0.1282972341,0.000616,0.021410465293019737,0.013301471636841049,0.01266779873225903,convergence,False
26981M__26030V,26981M,26030V,2024-09-26,2024-09-30,4,66.079307883674,63.273363434,3.2219880830276972,3.198145587395666,-0.0073999329040430085,0.04246328449162319,0.035063351587580185,0.07752663607920338,0.008784,0.00011,0.1286645249,0.1286545946,-7.7e-05,0.034953762546484295,0.07741704703810749,0.07749366160812675,convergence,False
26981M__26030V,26981M,26030V,2024-12-27,2024-12-31,4,66.771800041647,63.895673508232,3.2308226800061934,3.2064862963954117,-0.007532565547897871,0.04307397032311688,0.035541404775219006,0.07861537509833588,0.008784,0.00011,0.1287597791,0.1287316108,-0.000219,0.035431815734123115,0.07850578605724,0.07872295199076745,convergence,False
26981M__26030V,26981M,26030V,2025-01-10,2025-01-13,1,65.146785375442,62.519423501837,0.0,0.0,0.0,0.04032987749838257,0.04032987749838257,0.08065975499676514,0.008784,0.0,0.0,0.0,0.0,0.04032987749838257,0.08065975499676514,0.08065975499676514,overnight_abort,True
26981M__26030V,26981M,26030V,2025-04-11,2025-04-15,4,77.562480808326,76.022574180884,3.8227042358225,3.8478681993399486,0.006582764965606662,0.019853756757051682,0.026436521722658344,0.046290278479710026,0.008784,0.00011,0.1289299409,0.128906673,-0.00018,0.026326932681562453,0.046180689438614135,0.04636237954488932,convergence,False
26981M__26030V,26981M,26030V,2025-04-24,2025-05-07,13,81.120122883674,84.02075575,3.9383250084314483,4.206116686259716,0.06799633784793294,-0.035757254343481516,0.03223908350445142,-0.0035181708390300964,0.008784,0.000356,0.1289100015,0.1288427296,-0.000522,0.03188291912088977,-0.00387433522259174,-0.003316708548093819,convergence,False
26981M__26030V,26981M,26030V,2025-05-14,2025-05-15,1,86.038468385953,83.731551820953,0.0,0.0,0.0,0.026812617754323385,0.026812617754323385,0.05362523550864677,0.008784,0.0,0.0,0.0,0.0,0.026812617754323385,0.05362523550864677,0.05362523550864677,overnight_abort,True
26981M__26030V,26981M,26030V,2025-05-19,2025-05-21,2,87.52741782334199,85.367089380953,4.281000583905704,4.276522778679583,-0.001045971645730471,0.024681733976766155,0.023635762331035683,0.04831749630780184,0.008784,5.5e-05,0.1277685904,0.1276804858,-0.00069,0.023580967810487737,0.0482627017872539,0.04895201969308023,convergence,False
26981M__26030V,26981M,26030V,2025-06-10,2025-06-11,1,91.117253259116,89.949587383232,0.0,0.0,0.0,0.012814981072392855,0.012814981072392855,0.02562996214478571,0.008784,0.0,0.0,0.0,0.0,0.012814981072392855,0.02562996214478571,0.02562996214478571,overnight_abort,True
151440__916546,151440,916546,2024-09-11,2024-09-12,1,8.0567838643329,7.6942502389993495,0.0,0.0,0.0,0.04499731300208684,0.04499731300208684,0.08999462600417368,0.015545,0.0,0.0,0.0,0.0,0.04499731300208684,0.08999462600417368,0.08999462600417368,overnight_abort,True
151440__916546,151440,916546,2024-12-09,2024-12-12,3,9.045069933834199,8.8204812236658,8.985952623929311,8.912451934621274,-0.008179509995668952,0.024829958398474915,0.016650448402805964,0.04148040680128088,0.015545,8.2e-05,0.1286305904,0.1286231584,-5.8e-05,0.016568256621984048,0.04139821502045896,0.04145552359516193,convergence,False
151440__916546,151440,916546,2024-12-24,2025-01-21,28,9.1303534513342,8.770647799332899,9.129540646531899,8.842826610171217,-0.031405088981075684,0.03939668424870648,0.007991595267630797,0.04738827951633728,0.015545,0.000767,0.1288336116,0.1284488484,-0.002987,0.007224471979959564,0.04662115622866604,0.04952254212748552,convergence,False
151440__916546,151440,916546,2025-01-22,2025-02-14,23,8.98988618033355,8.3121821293329,8.846030479414988,8.338509201453281,-0.05737277066168003,0.07538516477363284,0.018012394111952816,0.09339755888558565,0.015545,0.00063,0.1283812409,0.1284612338,0.000623,0.017382257125651446,0.09276742189928429,0.09218044726527806,convergence,False
151440__916546,151440,916546,2025-04-09,2025-04-11,2,8.3678182706671,7.89358293966645,8.130053276020998,7.941598584483886,-0.023180006961694283,0.05667371298717776,0.033493706025483475,0.09016741901266123,0.015545,5.5e-05,0.1288875647,0.1289731867,0.000664,0.03343891150493553,0.09011262449211328,0.08946413868212504,convergence,False
514782__929594,514782,929594,2024-09-24,2024-09-30,6,12.6622009049365,12.2392820450635,12.418370019493674,12.566365992384057,0.011917503879983228,0.03340010658874628,0.04531761046872951,0.0787177170574758,0.011403,0.000164,0.1284562767,0.1286545946,0.001544,0.045153226907085675,0.07855333349583196,0.07699348749914092,convergence,False
514782__929594,514782,929594,2024-12-09,2024-12-10,1,12.692348999936499,12.2542070025,0.0,0.0,0.0,0.03452016623862861,0.03452016623862861,0.06904033247725722,0.011403,0.0,0.0,0.0,0.0,0.03452016623862861,0.06904033247725722,0.06904033247725722,overnight_abort,True
514782__929594,514782,929594,2024-12-11,2024-12-13,2,12.642101169999998,12.09997216,12.35083282723242,12.259841969404887,-0.007367183986727348,0.04288282483346068,0.03551564084673334,0.07839846568019401,0.011403,5.5e-05,0.1286231584,0.1286082673,-0.000116,0.035460846326185395,0.07834367115964606,0.07845860463038518,convergence,False
514782__929594,514782,929594,2025-01-23,2025-01-24,1,12.4109667799365,12.0301187023,0.0,0.0,0.0,0.030686415038365673,0.030686415038365673,0.06137283007673135,0.011403,0.0,0.0,0.0,0.0,0.030686415038365673,0.06137283007673135,0.06137283007673135,overnight_abort,True
514782__929594,514782,929594,2025-02-18,2025-02-21,3,13.747532324936499,13.5627165000635,12.932274479271626,13.735102427366622,0.062079408334690105,0.013443563579607909,0.07552297191429802,0.08896653549390593,0.011403,8.2e-05,0.1285809836,0.1287042747,0.000959,0.0754407801334761,0.08888434371308401,0.0878669343158735,convergence,False
514782__929594,514782,929594,2025-03-14,2025-03-18,4,14.069111,13.8264083275635,13.717755415305998,13.95453780263441,0.017261015389166048,0.01725074686215063,0.03451176225131668,0.0517625091134673,0.011403,0.00011,0.1287067545,0.1287117161,3.9e-05,0.034402173210220786,0.05165292007237141,0.051613706530613875,convergence,False
514782__929594,514782,929594,2025-04-09,2025-04-10,1,12.38081768,12.17957724,0.0,0.0,0.0,0.01625421237929088,0.01625421237929088,0.03250842475858176,0.011403,0.0,0.0,0.0,0.0,0.01625421237929088,0.03250842475858176,0.03250842475858176,overnight_abort,True
777026__901842,777026,901842,2024-10-02,2024-10-03,1,13.278018599999998,12.58517307,0.0,0.0,0.0,0.0521798884963151,0.0521798884963151,0.1043597769926302,0.014639,0.0,0.0,0.0,0.0,0.0521798884963151,0.1043597769926302,0.1043597769926302,overnight_abort,True
777026__901842,777026,901842,2024-11-13,2024-11-19,6,12.825358875,12.843637334089498,25.010178953327898,25.789025377059502,0.03114117756554355,-0.0014251811015697073,0.02971599646397384,0.028290815362404135,0.014639,0.000164,0.645348608,0.6531466187,0.012083,0.029551612902330004,0.0281264318007603,0.015815490113775886,convergence,False
777026__901842,777026,901842,2025-04-09,2025-04-10,1,10.84371519,10.090008425,0.0,0.0,0.0,0.06950632249130463,0.06950632249130463,0.13901264498260926,0.014639,0.0,0.0,0.0,0.0,0.06950632249130463,0.13901264498260926,0.13901264498260926,overnight_abort,True
777026__901842,777026,901842,2025-05-12,2025-05-23,11,11.9602768509105,12.1974791590895,23.075790715031353,24.449992051916556,0.05955164673902427,-0.019832509826973023,0.03971913691205125,0.019886627085078226,0.014639,0.000301,0.6471025562,0.6494560384,0.003637,0.03941776704903755,0.019585257222064528,0.01574568103346772,convergence,False
510442__929995,510442,929995,2024-09-18,2024-09-24,6,10.1407953075,9.237149580149499,9.858633904024085,9.793948770669152,-0.006561267411353018,0.08910994650312842,0.0825486790917754,0.17165862559490383,0.035146000000000004,0.000164,0.0070111472,0.0069817776,-0.004189,0.08238429553013157,0.17149424203326,0.17567324913893398,convergence,False
510442__929995,510442,929995,2024-10-09,2024-10-10,1,10.2591713617525,9.58600065117525,0.0,0.0,0.0,0.06561647981501872,0.06561647981501872,0.13123295963003745,0.035146000000000004,0.0,0.0,0.0,0.0,0.06561647981501872,0.13123295963003745,0.13123295963003745,overnight_abort,True
873621__930111,873621,930111,2025-04-02,2025-04-14,12,8.24678332,5.595075404307551,1.4103377062221183,1.2808423748243138,-0.09181866926374997,0.32154451169604026,0.22972584243229027,0.5512703541283306,0.05042,0.000329,0.1285644461,0.1289299409,0.002843,0.2293970753090026,0.5509415870050429,0.5483670449589976,convergence,False
292798__9747A1,292798,9747A1,2024-10-02,2024-10-14,12,104.48582716,84.82586335083,161.64053746479,131.74089453521,-0.18497614149602165,0.18815914410156825,0.003183002605546603,0.19134214670711486,0.01729,0.000329,1.0,1.0,0.0,0.002854235482258932,0.1910133795838272,0.1910133795838272,convergence,False
292798__9747A1,292798,9747A1,2024-11-14,2024-11-19,5,84.40242252433198,85.494410135162,134.86818599999998,134.22469703521,-0.004771243566588646,-0.012937870480141885,-0.01770911404673053,-0.030646984526872416,0.01729,0.000137,1.0,1.0,0.0,-0.017846100348100392,-0.030783970828242278,-0.030783970828242278,convergence,False
292798__9747A1,292798,9747A1,2024-12-09,2024-12-18,9,101.17868938165999,91.202021612996,152.17962479999997,144.65666753521,-0.0494347208088922,0.09860443765021128,0.04916971684131908,0.14777415449153036,0.01729,0.000247,1.0,1.0,0.0,0.04892314149885332,0.1475275791490646,0.1475275791490646,convergence,False
292798__9747A1,292798,9747A1,2025-01-15,2025-02-14,30,104.14509071999998,103.275819,158.017203,164.22903123521,0.039311088395926064,0.00834673736409787,0.047657825760023934,0.0560045631241218,0.01729,0.000822,1.0,1.0,0.0,0.046835907951804756,0.055182645315902626,0.055182645315902626,convergence,False
292798__9747A1,292798,9747A1,2025-04-24,2025-05-09,15,106.13941108165999,103.21595893834,165.86774926478998,162.6393877,-0.019463467606570466,0.027543512004893158,0.008080044398322692,0.03562355640321585,0.01729,0.000411,1.0,1.0,0.0,0.0076690854942131036,0.03521259749910626,0.03521259749910626,convergence,False
951465__912507,951465,912507,2025-01-30,2025-01-31,1,33.800490391054005,32.1538305,0.0,0.0,0.0,0.04871704143942922,0.04871704143942922,0.09743408287885844,0.008153,0.0,0.0,0.0,0.0,0.04871704143942922,0.09743408287885844,0.09743408287885844,overnight_abort,True
951465__912507,951465,912507,2025-03-13,2025-03-18,5,32.968014328072,32.732102934036,32.80068783786146,32.78379911683089,-0.000514889233849356,0.007155765939931819,0.006640876706082463,0.013796642646014282,0.008153,0.000137,0.0067278905,0.0066992693,-0.004254,0.0065038904047126,0.013659656344644418,0.017929743420000494,convergence,False
951465__912507,951465,912507,2025-04-07,2025-04-08,1,27.792638240874002,27.816796217891998,0.0,0.0,0.0,-0.0008692221590704353,-0.0008692221590704353,-0.0017384443181408706,0.008153,0.0,0.0,0.0,0.0,-0.0008692221590704353,-0.0017384443181408706,-0.0017384443181408706,overnight_abort,True
951465__912507,951465,912507,2025-04-09,2025-04-10,1,29.367311957018,28.694177042982,0.0,0.0,0.0,0.022921230074485606,0.022921230074485606,0.04584246014897121,0.008153,0.0,0.0,0.0,0.0,0.022921230074485606,0.04584246014897121,0.04584246014897121,overnight_abort,True
517131__912003,517131,912003,2024-09-20,2024-09-27,7,44.2056044667615,45.710291990844006,44.36238299160461,48.01760128845995,0.08239454353809335,-0.03403838816894566,0.04835615536914769,0.01431776720020203,0.009212999999999999,0.000192,0.0069817776,0.0070325956,0.007279,0.04816437454722988,0.014125986378284222,0.00630453196200608,convergence,False
517131__912003,517131,912003,2025-02-10,2025-02-14,4,32.8550805615165,29.4796415672,30.36848723962515,29.571121742599207,-0.026256345623483397,0.1027372003546443,0.0764808547311609,0.1792180550858052,0.009212999999999999,0.00011,0.0064760548,0.0065640483,0.013588,0.07637126569006501,0.1791084660447093,0.16605507150290186,convergence,False
517131__912003,517131,912003,2025-04-07,2025-04-08,1,26.1925732969725,26.0312236233775,0.0,0.0,0.0,0.006160130650990726,0.006160130650990726,0.012320261301981453,0.009212999999999999,0.0,0.0,0.0,0.0,0.006160130650990726,0.012320261301981453,0.012320261301981453,overnight_abort,True
517131__912003,517131,912003,2025-04-09,2025-04-10,1,28.006905337183504,27.304458544578,0.0,0.0,0.0,0.02508119994510412,0.02508119994510412,0.05016239989020824,0.009212999999999999,0.0,0.0,0.0,0.0,0.02508119994510412,0.05016239989020824,0.05016239989020824,overnight_abort,True
516146__930446,516146,930446,2025-02-10,2025-02-14,4,156.90990134491003,151.53160216509,15.036731200072037,15.13402379573178,0.0064703288477536355,0.03427635307728462,0.040746681925038254,0.07502303500232288,0.013109,0.00011,0.0064760548,0.0065640483,0.013588,0.04063709288394236,0.074913445961227,0.061421338220114474,convergence,False
516146__930446,516146,930446,2025-03-17,2025-03-19,2,172.97983207490998,173.60847135309,16.98439174652139,17.338545435895046,0.020851714601212726,-0.003634176716669464,0.017217537884543263,0.013583361167873797,0.013109,5.5e-05,0.0066992693,0.006725628,0.003935,0.017162743363995318,0.013528566647325851,0.009527702476774265,convergence,False
516146__930446,516146,930446,2025-04-07,2025-04-08,1,141.51163958491,141.24728437509,0.0,0.0,0.0,0.0018680810327363737,0.0018680810327363737,0.0037361620654727474,0.013109,0.0,0.0,0.0,0.0,0.0018680810327363737,0.0037361620654727474,0.0037361620654727474,overnight_abort,True
516146__930446,516146,930446,2025-04-09,2025-04-10,1,153.31094863,145.1375595,0.0,0.0,0.0,0.05331249465897981,0.05331249465897981,0.10662498931795962,0.013109,0.0,0.0,0.0,0.0,0.05331249465897981,0.10662498931795962,0.10662498931795962,overnight_abort,True
510311__912023,510311,912023,2024-09-04,2024-09-05,1,36.685391080626005,31.624443847084002,0.0,0.0,0.0,0.13795538454038042,0.13795538454038042,0.27591076908076084,0.01638,0.0,0.0,0.0,0.0,0.13795538454038042,0.27591076908076084,0.27591076908076084,overnight_abort,True
510311__912023,510311,912023,2024-10-04,2024-10-28,24,34.85444469994201,28.355682718748,16.401533163796902,15.434112972379248,-0.05898352195226725,0.18645432561445516,0.1274708036621879,0.31392512927664307,0.01638,0.000658,0.0066829285,0.0065235828,-0.023844,0.12681326941561258,0.31326759503006774,0.3362529596683537,convergence,False
510311__912023,510311,912023,2024-10-30,2024-11-01,1,33.967957500000004,28.862399074168003,0.0,0.0,0.0,0.15030513465026563,0.15030513465026563,0.30061026930053125,0.01638,0.0,0.0,0.0,0.0,0.15030513465026563,0.30061026930053125,0.30061026930053125,overnight_abort,True
510311__912023,510311,912023,2024-11-05,2024-11-06,1,34.128994805832,29.80626,0.0,0.0,0.0,0.1266587202589783,0.1266587202589783,0.2533174405179566,0.01638,0.0,0.0,0.0,0.0,0.1266587202589783,0.2533174405179566,0.2533174405179566,overnight_abort,True
510311__912023,510311,912023,2024-11-12,2024-11-18,6,33.655958539374,28.266266919374,15.368824415032167,15.32966726271075,-0.002547830026811793,0.16014078498743733,0.15759295496062553,0.31773373994806287,0.01638,0.000164,0.0064789914,0.0064657955,-0.002037,0.1574285713989817,0.31756935638641903,0.31960503460880474,convergence,False
510311__912023,510311,912023,2024-11-25,2024-11-26,1,34.068610345206004,29.019973841826,0.0,0.0,0.0,0.148190268174247,0.148190268174247,0.296380536348494,0.01638,0.0,0.0,0.0,0.0,0.148190268174247,0.296380536348494,0.296380536348494,overnight_abort,True
510311__912023,510311,912023,2024-12-04,2024-12-06,2,35.99093304771001,30.899163154794003,16.637139931060993,16.697126456133603,0.0036055791633162163,0.1414736841127818,0.14507926327609802,0.2865529473888798,0.01638,5.5e-05,0.0066620033,0.006665111,0.000466,0.14502446875555008,0.28649815286833186,0.28603020791462214,convergence,False
510311__912023,510311,912023,2025-03-19,2025-03-27,8,40.872260386458,34.585195032916005,18.231299705209512,18.18036665273372,-0.0027937148365367224,0.1538223062315648,0.15102859139502806,0.30485089762659284,0.01638,0.000219,0.0066972503,0.0066201053,-0.011519,0.1508094133128363,0.30463171954440105,0.31625230190416126,convergence,False
510003__932107,510003,932107,2025-03-05,2025-03-06,1,21.675483,20.917860444486,0.0,0.0,0.0,0.03495297223660486,0.03495297223660486,0.06990594447320972,0.031709,0.0,0.0,0.0,0.0,0.03495297223660486,0.06990594447320972,0.06990594447320972,overnight_abort,True
510003__932107,510003,932107,2025-04-02,2025-04-03,1,20.465692632648,18.160551796324,0.0,0.0,0.0,0.1126343915009606,0.1126343915009606,0.2252687830019212,0.031709,0.0,0.0,0.0,0.0,0.1126343915009606,0.2252687830019212,0.2252687830019212,overnight_abort,True
510003__932107,510003,932107,2025-04-16,2025-04-21,5,20.485859905296003,19.053214922866,9.926227507320942,10.023450423141242,0.009794548407095711,0.06993335837758194,0.07972790678467764,0.14966126516225958,0.031709,0.000137,0.0070209928,0.0070984916,0.011038,0.07959092048330778,0.14952427886088973,0.13849970206937912,convergence,False
514853__997697,514853,997697,2024-09-24,2024-09-30,6,3.4112929925124,3.0407806368595,3.2810513184148484,3.185358746617614,-0.029165216423212133,0.1086134660570505,0.07944824963383837,0.18806171569088886,0.015869,0.000164,0.1284562767,0.1286545946,0.001544,0.07928386607219454,0.18789733212924503,0.18640081413760617,convergence,False
514853__997697,514853,997697,2025-03-14,2025-03-20,6,2.9583659144123997,2.7526021268595002,2.95870377041237,2.95414368332976,-0.001541244895217938,0.06955319034419342,0.06801194544897549,0.13756513579316892,0.015869,0.000164,0.1287067545,0.1286537587,-0.000412,0.06784756188733165,0.1374007522315251,0.13781204313377657,convergence,False
514853__997697,514853,997697,2025-04-09,2025-04-15,6,2.6163310025124,2.5836697974876,2.607833354520235,2.670390660686036,0.02398822994474271,0.01248359056764457,0.03647182051238728,0.048955411080031846,0.015869,0.000164,0.1288875647,0.128906673,0.000148,0.03630743695074345,0.048791027518388014,0.04863923805831684,convergence,False
514853__997697,514853,997697,2025-04-24,2025-05-07,13,2.7873988731405,2.8221621587438,2.7826044892328166,2.919893535038901,0.049338325420417835,-0.012471586301580507,0.036866739118837324,0.02439515281725682,0.015869,0.000356,0.1289100015,0.1288427296,-0.000522,0.03651057473527568,0.024038988433695178,0.024586873309411564,convergence,False
514853__997697,514853,997697,2025-06-05,2025-06-06,1,3.1833698428719,3.0785410645124003,0.0,0.0,0.0,0.03293012861645,0.03293012861645,0.0658602572329,0.015869,0.0,0.0,0.0,0.0,0.03293012861645,0.0658602572329,0.0658602572329,overnight_abort,True
151497__951407,151497,951407,2024-09-24,2024-09-30,6,3.9142405489045498,4.70276521890455,0.7729205094051429,0.9753522544929792,0.26190499879946566,-0.20145023284802435,0.06045476595144131,-0.14099546689658304,0.00963,0.000164,0.1284562767,0.1286545946,0.001544,0.060290382389797476,-0.14115985045822688,-0.1431050460428812,convergence,False
151497__951407,151497,951407,2024-10-07,2024-10-14,7,5.3093164349999995,4.39389678536515,0.920648545415643,0.895407850763223,-0.02741621086364135,0.17241760984525872,0.14500139898161737,0.3174190088268761,0.00963,0.000192,0.1286123992,0.1288004107,0.001462,0.14480961815969956,0.31722722800495834,0.31580753581548904,convergence,False
151497__951407,151497,951407,2024-11-29,2024-12-04,5,4.2052993835393995,4.075065564269701,0.8324106683092272,0.8276108982151784,-0.0057661083366434135,0.030968976853221617,0.025202868516578204,0.05617184536979982,0.00963,0.000137,0.1285074568,0.1284612338,-0.00036,0.025065882215208342,0.056034859068429956,0.05639260491762455,convergence,False
151497__951407,151497,951407,2025-01-24,2025-02-05,12,3.9242772646348496,3.7711789728651497,0.7982827252965558,0.7696629837870778,-0.03585163577083042,0.0390131179438835,0.003161482173053079,0.04217460011693658,0.00963,0.000329,0.1283985491,0.1284265883,0.000218,0.002832715049765408,0.041845832993648906,0.04163533181027143,convergence,False
151497__951407,151497,951407,2025-02-20,2025-02-24,4,4.145080895730299,4.10495572036515,0.819511542049975,0.8350455199926529,0.01895516676167884,0.009680191140896752,0.02863535790257559,0.03831554904347234,0.00963,0.00011,0.1287042747,0.1286181888,-0.000669,0.0285257688614797,0.03820596000237645,0.03888796052974145,convergence,False
151497__951407,151497,951407,2025-05-02,2025-05-06,1,4.2052993835393995,4.075065564269701,0.0,0.0,0.0,0.030968976853221617,0.030968976853221617,0.061937953706443234,0.00963,0.0,0.0,0.0,0.0,0.030968976853221617,0.061937953706443234,0.061937953706443234,overnight_abort,True
151497__951407,151497,951407,2025-05-07,2025-05-09,2,4.07482559182575,3.8060509710954498,0.7843121761396044,0.7935529133762352,0.011781963251053833,0.06595978519165872,0.07774174844271256,0.14370153363437127,0.00963,5.5e-05,0.128637219,0.1285561871,-0.00063,0.07768695392216461,0.14364673911382334,0.14428448838686442,convergence,False
514939__929610,514939,929610,2024-10-02,2024-10-03,1,0.8363884999230301,0.7615925425769701,0.0,0.0,0.0,0.08942729049113331,0.08942729049113331,0.17885458098226661,0.019882,0.0,0.0,0.0,0.0,0.08942729049113331,0.17885458098226661,0.17885458098226661,overnight_abort,True
514939__929610,514939,929610,2024-10-08,2024-10-23,15,0.8363884999230301,0.7223965740769701,0.7970490696807907,0.78343015112568,-0.01708667517868741,0.13629064227515117,0.11920396709646376,0.25549460937161494,0.019882,0.000411,0.1286835671,0.1287200116,0.000283,0.11879300819235417,0.25508365046750536,0.25480535819405725,convergence,False
514939__929610,514939,929610,2024-12-06,2024-12-10,4,0.7925536703460601,0.66484302984606,0.7670497857527488,0.7674847699269742,0.0005670872768688791,0.1611381604532051,0.16170524773007397,0.32284340818327906,0.019882,0.00011,0.1286272929,0.1286305904,2.6e-05,0.16159565868897807,0.3227338191421832,0.3227081691785156,convergence,False
514939__929610,514939,929610,2025-04-11,2025-04-22,11,0.8857656730769701,0.7938424198460601,0.8683534638649688,0.895113780211991,0.030817308228280917,0.10377829715571081,0.13459560538399173,0.23837390253970253,0.019882,0.000301,0.1289299409,0.128897546,-0.000251,0.13429423552097802,0.23807253267668882,0.23833160063146847,convergence,False
514939__929610,514939,929610,2025-04-28,2025-04-29,1,0.98754308015394,0.80525390434606,0.0,0.0,0.0,0.1845885809654647,0.1845885809654647,0.3691771619309294,0.019882,0.0,0.0,0.0,0.0,0.1845885809654647,0.3691771619309294,0.3691771619309294,overnight_abort,True
514939__929610,514939,929610,2025-05-02,2025-05-07,5,0.9573121399230301,0.8434575797690901,0.9203971520752449,0.9024463820105421,-0.019503287275746895,0.11893149100051542,0.09942820372476853,0.21835969472528394,0.019882,0.000137,0.128979834,0.1288427296,-0.001063,0.09929121742339866,0.21822270842391409,0.21926607667540454,convergence,False
514939__929610,514939,929610,2025-05-27,2025-05-29,2,0.9774661202309101,0.7938424198460601,0.8911847527660528,0.8855539948396138,-0.006318283508511856,0.18785684391953344,0.1815385604110216,0.369395404330555,0.019882,5.5e-05,0.1275737982,0.1275209245,-0.000414,0.18148376589047366,0.36934060981000705,0.3697526177152138,convergence,False
514939__929610,514939,929610,2025-05-30,2025-06-02,1,0.96436604915394,0.74323496684606,0.0,0.0,0.0,0.22930201918854692,0.22930201918854692,0.45860403837709385,0.019882,0.0,0.0,0.0,0.0,0.22930201918854692,0.45860403837709385,0.45860403837709385,overnight_abort,True
514939__929610,514939,929610,2025-06-03,2025-06-11,8,0.9774661202309101,0.7938424198460601,0.8877498295153118,0.8618274736656769,-0.02920006851906443,0.18785684391953344,0.15865677540046902,0.34651361932000246,0.019882,0.000219,0.1274477974,0.127399084,-0.000382,0.15843759731827725,0.34629444123781067,0.34666564457693533,convergence,False
514939__929610,514939,929610,2025-06-16,2025-06-18,2,0.9559013742000001,0.79890317506909,0.8554511256965178,0.8439779623692373,-0.013411827961461816,0.1642410016015542,0.15082917364009238,0.31507017524164654,0.019882,5.5e-05,0.1273934036,0.1273909725,-1.9e-05,0.15077437911954444,0.3150153807210986,0.3150342085427093,convergence,False
514939__929610,514939,929610,2025-06-25,2025-06-26,1,0.94753747902303,0.74621183615394,0.0,0.0,0.0,0.21247248507433097,0.21247248507433097,0.42494497014866195,0.019882,0.0,0.0,0.0,0.0,0.21247248507433097,0.42494497014866195,0.42494497014866195,overnight_abort,True
997641__912004,997641,912004,2025-03-14,2025-03-18,4,64.07635527481499,64.585233814365,12.882702674851966,12.974373252191796,0.0071157877080232496,-0.007941752263646996,-0.0008259645556237469,-0.008767716819270743,0.009478,0.00011,0.0067017391,0.0066992693,-0.000369,-0.0009355535967196372,-0.008877305860366634,-0.008506015431352019,convergence,False
997641__912004,997641,912004,2025-04-07,2025-04-08,1,52.6233909375,52.124559057089996,0.0,0.0,0.0,0.00947928044018404,0.00947928044018404,0.01895856088036808,0.009478,0.0,0.0,0.0,0.0,0.00947928044018404,0.01895856088036808,0.01895856088036808,overnight_abort,True
997641__912004,997641,912004,2025-04-09,2025-04-10,1,55.606432464179996,54.58580390354499,0.0,0.0,0.0,0.018354505322607455,0.018354505322607455,0.03670901064521491,0.009478,0.0,0.0,0.0,0.0,0.018354505322607455,0.03670901064521491,0.03670901064521491,overnight_abort,True
362819__315035,362819,315035,2024-11-20,2024-11-27,7,23.838015926048,22.48299,2.27568206943012,2.2574122459896158,-0.008028284656247907,0.05684306656441789,0.048814781908169985,0.10565784847258788,0.004335,0.000192,0.7426385949,0.7460736754,0.004626,0.04862300108625218,0.10546606765067007,0.10089882073085073,convergence,False
362819__315035,362819,315035,2025-01-22,2025-01-31,9,23.187515519244002,24.441515234708003,2.297340363964804,2.4472326352780236,0.06524600083834867,-0.05408081406665884,0.011165186771689824,-0.04291562729496902,0.004335,0.000247,0.7376535241,0.7359434795,-0.002318,0.010918611429224071,-0.043162202637434775,-0.040686987865992404,convergence,False
362819__315035,362819,315035,2025-04-07,2025-04-08,1,25.21654430622,24.541430641512,0.0,0.0,0.0,0.026772648008770748,0.026772648008770748,0.053545296017541495,0.004335,0.0,0.0,0.0,0.0,0.026772648008770748,0.053545296017541495,0.053545296017541495,overnight_abort,True
362819__315035,362819,315035,2025-04-09,2025-04-21,12,26.469993197732,28.61834816,2.6245082863372073,2.86917717373502,0.09322465799461241,-0.0811619008066869,0.012062757187925502,-0.0690991436187614,0.004335,0.000329,0.7509481847,0.7661953978,0.020304,0.011733990064637831,-0.06942791074204907,-0.09118297397328168,convergence,False
151619__540775,151619,540775,2024-09-24,2024-09-30,6,74.93378878830198,74.90219407886799,14.750226669877696,15.097322435056853,0.023531554663358597,0.0004216350186595837,0.02395318968201818,0.024374824700677766,0.023306,0.000164,0.1284562767,0.1286545946,0.001544,0.023788806120374345,0.02421044113903393,0.022632692368104522,convergence,False
151619__540775,151619,540775,2024-12-09,2024-12-10,1,75.13485745169798,72.15676521169799,0.0,0.0,0.0,0.039636625941754454,0.039636625941754454,0.07927325188350891,0.023306,0.0,0.0,0.0,0.0,0.039636625941754454,0.07927325188350891,0.07927325188350891,overnight_abort,True
151619__540775,151619,540775,2025-03-05,2025-03-06,1,70.781980051132,66.745517663019,0.0,0.0,0.0,0.057026695003404904,0.057026695003404904,0.11405339000680981,0.023306,0.0,0.0,0.0,0.0,0.057026695003404904,0.11405339000680981,0.11405339000680981,overnight_abort,True
151767__729076,151767,729076,2024-09-04,2024-09-09,5,5.048539601578599,4.9123493790393,1.003038020568688,1.007158419483831,0.004107918972809144,0.026976162076002033,0.031084081048811177,0.05806024312481321,0.026114,0.000137,0.1283170009,0.1282544568,-0.000487,0.030947094747441315,0.05792325682344335,0.05841291642406804,convergence,False
151767__729076,151767,729076,2024-10-09,2024-10-17,8,5.1994757471179,4.99158072,1.027495925404997,1.014029471132961,-0.013106090193718325,0.039983843992952,0.026877753799233677,0.06686159779218569,0.026114,0.000219,0.1288004107,0.1286396962,-0.001248,0.026658575717041895,0.0666424197099939,0.06787538407443856,convergence,False
151767__729076,151767,729076,2024-11-14,2024-11-18,4,5.4417821338428,5.6056242809607,1.1213099489044884,1.1407578637044813,0.017343924236999174,-0.030108178366597012,-0.012764254129597839,-0.04287243249619485,0.026114,0.00011,0.1284430739,0.1284744238,0.000244,-0.01287384317069373,-0.04298202153729074,-0.04323027040540824,convergence,False
151767__729076,151767,729076,2024-12-31,2025-01-02,1,6.310043749999999,5.8680787230786,0.0,0.0,0.0,0.07004151546831971,0.07004151546831971,0.14008303093663943,0.026114,0.0,0.0,0.0,0.0,0.07004151546831971,0.14008303093663943,0.14008303093663943,overnight_abort,True
151767__729076,151767,729076,2025-01-16,2025-01-23,7,6.956192633842799,6.661383218960699,1.3403390185989439,1.3459113134491012,0.00415737718057483,0.04238085838046135,0.04653823556103618,0.08891909394149752,0.026114,0.000192,0.1284356488,0.1283812409,-0.000424,0.04634645473911837,0.08872731311957971,0.08915287446934465,convergence,False
151767__729076,151767,729076,2025-02-12,2025-02-13,1,6.7643667990392995,6.338514902882101,0.0,0.0,0.0,0.06295517508271135,0.06295517508271135,0.1259103501654227,0.026114,0.0,0.0,0.0,0.0,0.06295517508271135,0.1259103501654227,0.1259103501654227,overnight_abort,True
151767__729076,151767,729076,2025-02-24,2025-02-26,2,6.7643667990392995,6.4546880017821,1.3037099189705137,1.304967199751648,0.0009643869106459125,0.04578089959598013,0.046745286506626044,0.09252618610260618,0.026114,5.5e-05,0.1286363817,0.1286330839,-2.6e-05,0.0466904919860781,0.09247139158205823,0.0924970535677236,convergence,False
151767__729076,151767,729076,2025-03-12,2025-03-14,1,7.228786019039299,6.5841324659214,0.0,0.0,0.0,0.08917867418125261,0.08917867418125261,0.17835734836250522,0.026114,0.0,0.0,0.0,0.0,0.08917867418125261,0.17835734836250522,0.17835734836250522,overnight_abort,True
151767__729076,151767,729076,2025-03-31,2025-04-03,3,6.9662879971179,5.7640869628821,1.2805967671102647,1.1992115739662692,-0.06355255239917992,0.17257412193311208,0.10902156953393216,0.2815956914670442,0.026114,8.2e-05,0.1285190178,0.1285644461,0.000353,0.10893937775311024,0.2815134996862223,0.2811826055947814,convergence,False
151767__729076,151767,729076,2025-06-10,2025-06-20,10,6.956192633842799,6.199860477117899,1.352532502685084,1.2771156667313481,-0.055759721710211325,0.10872789132452197,0.052968169614310646,0.16169606093883263,0.026114,0.000274,0.127399084,0.1273893481,-7.6e-05,0.05269419701157092,0.1614220883360929,0.16149425315255928,convergence,False
951173__906169,951173,906169,2024-09-12,2024-09-13,1,53.92979284742551,52.643876385,0.0,0.0,0.0,0.02384426853007833,0.02384426853007833,0.04768853706015666,0.01347,0.0,0.0,0.0,0.0,0.02384426853007833,0.04768853706015666,0.04768853706015666,overnight_abort,True
951173__906169,951173,906169,2024-09-26,2024-09-30,4,61.193448703614,61.820972110346496,30.946087801299697,31.703835708068254,0.024486064656506688,-0.010254748180182766,0.014231316476323922,0.0039765682961411565,0.01347,0.00011,0.6902504063,0.6912523945,0.001452,0.014121727435228031,0.003866979255045266,0.0023819602431506067,convergence,False
951173__906169,951173,906169,2024-12-09,2024-12-12,3,54.000125625,52.2059209389605,26.732827692300507,26.558203310360213,-0.006532207664308885,0.03322593540798822,0.026693727743679334,0.05991966315166755,0.01347,8.2e-05,0.6377551427,0.6368414295,-0.001433,0.026611535962857417,0.059837471370845635,0.061262857021940405,convergence,False
951173__906169,951173,906169,2025-03-06,2025-03-11,5,50.925888928960504,49.5483477746535,24.630256012187033,24.921247737423542,0.011814401161422218,0.027049918681412044,0.03886431984283426,0.0659142385242463,0.01347,0.000137,0.6305566226,0.6298419494,-0.001133,0.0387273335414644,0.06577725222287643,0.06692534443326824,convergence,False
951173__906169,951173,906169,2025-04-09,2025-04-10,1,44.5563897575745,43.287625257079,0.0,0.0,0.0,0.028475478094133796,0.028475478094133796,0.05695095618826759,0.01347,0.0,0.0,0.0,0.0,0.028475478094133796,0.05695095618826759,0.05695095618826759,overnight_abort,True
27220J__912748,27220J,912748,2024-09-26,2024-10-02,6,26.979479767568,8.5250074022162,9.13101595418608,8.376398699198921,-0.08264329607716946,0.6840188366988418,0.6013755406216723,1.285394377320514,0.019445,0.000164,0.0070325956,0.0068275697,-0.029154,0.6012111570600285,1.2852299937588703,1.3127774069830536,convergence,False
27220J__912748,27220J,912748,2025-02-05,2025-02-06,1,7.4942975994053995,7.336118718810799,0.0,0.0,0.0,0.02110656515790756,0.02110656515790756,0.04221313031581512,0.019445,0.0,0.0,0.0,0.0,0.02110656515790756,0.04221313031581512,0.04221313031581512,overnight_abort,True
27220J__912748,27220J,912748,2025-04-07,2025-04-10,3,6.9108489194053995,6.7123492373784,6.909347104500818,7.172284612614264,0.038055333468796984,0.028722908624093893,0.06677824209289088,0.09550115071698477,0.019445,8.2e-05,0.0068355036,0.0069225706,0.012737,0.06669605031206896,0.09541895893616285,0.08236306265983909,convergence,False
27220J__912748,27220J,912748,2025-05-08,2025-05-14,6,7.4193545218108,6.7802434237946,6.939978780601734,7.022541905965013,0.011896740317716028,0.08614106471626268,0.0980378050339787,0.1841788697502414,0.019445,0.000164,0.0068794712,0.0068140774,-0.009506,0.09787342147233487,0.18401448618859756,0.1937255254346425,convergence,False
14849F__998511,14849F,998511,2024-11-04,2024-11-08,4,6.219574805184,5.893122320000001,1.21382071642296,1.1981707056322488,-0.012893181487980021,0.052487910413409944,0.03959472892542992,0.09208263933883987,0.035446,0.00011,0.1286545946,0.128622323,-0.000251,0.03948513988433403,0.09197305029774398,0.09222071738741613,convergence,False
14849F__998511,14849F,998511,2025-02-13,2025-02-24,11,6.179056405184,5.823535703888001,1.1861816882648188,1.1763712323681599,-0.00827061823135205,0.05753640652927696,0.04926578829792491,0.10680219482720187,0.035446,0.000301,0.1284612338,0.1286181888,0.001222,0.048964418434911214,0.10650082496418817,0.10529060044953917,convergence,False
29057K__141025,29057K,141025,2025-05-21,2025-05-22,1,14.964259005662498,12.8170113693375,0.0,0.0,0.0,0.14349174493120417,0.14349174493120417,0.28698348986240835,0.026167,0.0,0.0,0.0,0.0,0.14349174493120417,0.28698348986240835,0.28698348986240835,overnight_abort,True
670845__362033,670845,362033,2024-09-24,2024-09-30,6,26.326691188138003,26.690954783724003,1.269647136988576,1.360435174095493,0.07150651111005014,-0.013836284741704471,0.05767022636834567,0.0438339416266412,0.012983,0.000164,0.1284562767,0.1286545946,0.001544,0.05750584280670184,0.043669558064997366,0.0420178570761571,convergence,False
670845__362033,670845,362033,2024-10-09,2024-10-10,1,27.471328844069003,27.507610236276,0.0,0.0,0.0,-0.0013207002985889883,-0.0013207002985889883,-0.0026414005971779767,0.012983,0.0,0.0,0.0,0.0,-0.0013207002985889883,-0.0026414005971779767,-0.0026414005971779767,overnight_abort,True
670845__362033,670845,362033,2024-12-09,2024-12-10,1,24.971192013724004,24.360479231517,0.0,0.0,0.0,0.024456693211575918,0.024456693211575918,0.048913386423151836,0.012983,0.0,0.0,0.0,0.0,0.024456693211575918,0.048913386423151836,0.048913386423151836,overnight_abort,True
670845__362033,670845,362033,2025-02-20,2025-02-21,1,31.030751440931002,34.518972443724,0.0,0.0,0.0,-0.11241174772815445,-0.11241174772815445,-0.2248234954563089,0.012983,0.0,0.0,0.0,0.0,-0.11241174772815445,-0.2248234954563089,-0.2248234954563089,overnight_abort,True
670845__362033,670845,362033,2025-03-05,2025-03-06,1,31.457483778138002,31.640732849655002,0.0,0.0,0.0,-0.005825293364511019,-0.005825293364511019,-0.011650586729022038,0.012983,0.0,0.0,0.0,0.0,-0.005825293364511019,-0.011650586729022038,-0.011650586729022038,overnight_abort,True
670845__362033,670845,362033,2025-03-17,2025-03-19,2,30.935363881862003,30.495403236276,1.5302189499545116,1.5328089568291092,0.001692572735865441,0.014221932131335265,0.015914504867200707,0.030136436998535972,0.012983,5.5e-05,0.1287117161,0.1286877055,-0.000187,0.01585971034665276,0.030081642477988026,0.030268538651118945,convergence,False
670845__362033,670845,362033,2025-04-07,2025-04-08,1,20.191828594069,19.121872212207,0.0,0.0,0.0,0.05298957332553248,0.05298957332553248,0.10597914665106496,0.012983,0.0,0.0,0.0,0.0,0.05298957332553248,0.10597914665106496,0.10597914665106496,overnight_abort,True
670845__362033,670845,362033,2025-04-09,2025-04-10,1,20.141622131862004,20.107849877793,0.0,0.0,0.0,0.0016767395320945277,0.0016767395320945277,0.0033534790641890555,0.012983,0.0,0.0,0.0,0.0,0.0016767395320945277,0.0033534790641890555,0.0033534790641890555,overnight_abort,True
151444__315891,151444,315891,2024-10-09,2024-11-04,26,15.77914548,12.20248095,3.4115861326937305,3.210940009591026,-0.05881314886934354,0.2266703564228752,0.16785720755353167,0.39452756397640687,0.076459,0.000712,0.2323689912,0.2287020893,-0.015781,0.16714487878640838,0.3938152352092836,0.4089057831934731,convergence,False
151444__315891,151444,315891,2024-12-30,2025-01-03,1,15.27181075,11.295736294623,0.0,0.0,0.0,0.2603538323297387,0.2603538323297387,0.5207076646594774,0.076459,0.0,0.0,0.0,0.0,0.2603538323297387,0.5207076646594774,0.5207076646594774,overnight_abort,True
151444__315891,151444,315891,2025-01-21,2025-01-24,1,15.27181075,11.573547718623,0.0,0.0,0.0,0.24216270695843972,0.24216270695843972,0.48432541391687944,0.076459,0.0,0.0,0.0,0.0,0.24216270695843972,0.48432541391687944,0.48432541391687944,overnight_abort,True
151444__315891,151444,315891,2025-01-28,2025-02-21,24,15.0129665,11.683997052123,3.05549548509989,3.154944449314321,0.03254757360938452,0.22173961740852474,0.25428719101790925,0.476026808426434,0.076459,0.000658,0.2250224871,0.2263211497,0.005771,0.2536296567713339,0.4753692741798587,0.4694443709247068,convergence,False
501286__912361,501286,912361,2024-10-09,2024-10-15,6,37.42196734220601,35.168389532990005,35.92602812070089,35.39900872799981,-0.014669570232769815,0.060220719787607964,0.04555114955483815,0.10577186934244612,0.012541,0.000164,0.0067308335,0.0067024129,-0.004222,0.045386765993194314,0.10560748578080228,0.1097856351174751,convergence,False
501286__912361,501286,912361,2025-01-31,2025-02-06,6,25.486040157402,24.516143154804002,24.48139868795842,24.5570651961931,0.0030907755393852175,0.038056010137624656,0.04114678567700987,0.07920279581463453,0.012541,0.000164,0.0064614092,0.0066026208,0.021855,0.04098240211536604,0.0790384122529907,0.057585104899771436,convergence,False
501286__912361,501286,912361,2025-04-09,2025-04-10,1,23.505918130784003,24.07728428,0.0,0.0,0.0,-0.02430733171267708,-0.02430733171267708,-0.04861466342535416,0.012541,0.0,0.0,0.0,0.0,-0.02430733171267708,-0.04861466342535416,-0.04861466342535416,overnight_abort,True
501286__912361,501286,912361,2025-04-28,2025-04-30,1,25.085006972990005,26.35435803301,0.0,0.0,0.0,-0.050601981549646596,-0.050601981549646596,-0.10120396309929319,0.012541,0.0,0.0,0.0,0.0,-0.050601981549646596,-0.10120396309929319,-0.10120396309929319,overnight_abort,True
512956__912534,512956,912534,2025-03-14,2025-03-21,7,33.58498819836,33.84439800984,33.88663512060844,33.97889370101004,0.002722565402945253,-0.007723981022350485,-0.005001415619405232,-0.012725396641755716,0.006209,0.000192,0.0067017391,0.0066972503,-0.00067,-0.00519319644132304,-0.012917177463673525,-0.012245107457333591,convergence,False
512956__912534,512956,912534,2025-03-25,2025-03-27,2,35.04738960984,33.86437020164,34.17234534164332,34.05683312262055,-0.0033802836143646954,0.03375485082825842,0.030374567213893727,0.06412941804215215,0.006209,5.5e-05,0.0066398858,0.0066201053,-0.002979,0.030319772693345782,0.0640746235216042,0.06705246683475614,convergence,False
512956__912534,512956,912534,2025-04-07,2025-04-08,1,32.86380639672,32.14718900492,0.0,0.0,0.0,0.02180567226903827,0.02180567226903827,0.04361134453807654,0.006209,0.0,0.0,0.0,0.0,0.02180567226903827,0.04361134453807654,0.04361134453807654,overnight_abort,True
512956__912534,512956,912534,2025-04-09,2025-04-10,1,35.06741139180001,33.94424,0.0,0.0,0.0,0.03202892221644406,0.03202892221644406,0.06405784443288812,0.006209,0.0,0.0,0.0,0.0,0.03202892221644406,0.06405784443288812,0.06405784443288812,overnight_abort,True
133142__912732,133142,912732,2024-12-30,2025-01-07,8,8.4270441530613,8.2221911188774,16.668420856807646,16.816658863241386,0.008893344349005749,0.024309002120213315,0.03320234646921906,0.05751134858943238,0.050882,0.000219,0.0063441713,0.0063273118,-0.002657,0.03298316838702728,0.0572921705072406,0.05998042704915017,convergence,False
133142__912732,133142,912732,2025-02-14,2025-02-19,5,8.8590570688113,8.5569861211226,17.949384468677437,17.402288439584545,-0.030479932615383055,0.03409741526015829,0.003617482644775235,0.03771489790493353,0.050882,0.000137,0.0065763514,0.006601749,0.003862,0.003480496343405372,0.03757791160356366,0.03384806927490096,convergence,False
133142__912732,133142,912732,2025-04-09,2025-04-10,1,7.3406655888774,6.725456605,0.0,0.0,0.0,0.08380833814437298,0.08380833814437298,0.16761667628874596,0.050882,0.0,0.0,0.0,0.0,0.08380833814437298,0.16761667628874596,0.16761667628874596,overnight_abort,True
951089__922894,951089,922894,2025-01-30,2025-01-31,1,30.760037101737,29.592589972609,0.0,0.0,0.0,0.03795337194382236,0.03795337194382236,0.07590674388764472,0.015924,0.0,0.0,0.0,0.0,0.03795337194382236,0.07590674388764472,0.07590674388764472,overnight_abort,True
951089__922894,951089,922894,2025-03-17,2025-03-27,10,36.474920433045,33.931246806954995,36.80748811999625,34.556337014975114,-0.061160139417342184,0.06973760589167799,0.008577466474335806,0.07831507236601379,0.015924,0.000274,0.0066992693,0.0066201053,-0.011817,0.00830349387159608,0.07804109976327406,0.08926785754961418,convergence,False
951089__922894,951089,922894,2025-04-07,2025-04-08,1,26.411226579891004,25.645912788218,0.0,0.0,0.0,0.028976836397886205,0.028976836397886205,0.05795367279577241,0.015924,0.0,0.0,0.0,0.0,0.028976836397886205,0.05795367279577241,0.05795367279577241,overnight_abort,True
951089__922894,951089,922894,2025-04-09,2025-04-10,1,28.246003055109004,27.478126039564003,0.0,0.0,0.0,0.027185333586732384,0.027185333586732384,0.05437066717346477,0.015924,0.0,0.0,0.0,0.0,0.027185333586732384,0.05437066717346477,0.05437066717346477,overnight_abort,True
511280__929864,511280,929864,2025-02-13,2025-02-19,6,13.612223055,13.248648164999999,6.840352871211967,6.667659492153082,-0.02524626759909929,0.02670944257458766,0.0014631749754883683,0.028172617550076027,0.012178000000000001,0.000164,0.0065640483,0.006601749,0.005744,0.0012987914138445327,0.02800823398843219,0.022441694267045276,convergence,False
511280__929864,511280,929864,2025-04-07,2025-04-08,1,12.55143264375,12.606852345588498,0.0,0.0,0.0,-0.0044154084566669196,-0.0044154084566669196,-0.008830816913333839,0.012178000000000001,0.0,0.0,0.0,0.0,-0.0044154084566669196,-0.008830816913333839,-0.008830816913333839,overnight_abort,True
511280__929864,511280,929864,2025-04-09,2025-04-10,1,13.080573959999999,13.0991158868885,0.0,0.0,0.0,-0.001417516306639268,-0.001417516306639268,-0.002835032613278536,0.012178000000000001,0.0,0.0,0.0,0.0,-0.001417516306639268,-0.002835032613278536,-0.002835032613278536,overnight_abort,True
511280__929864,511280,929864,2025-04-24,2025-04-30,6,13.9733441981115,13.8069067218885,6.859152236613979,6.926719353061575,0.00985065123455409,0.01191106966687996,0.02176172090143405,0.033672790568314015,0.012178000000000001,0.000164,0.0069591839,0.0069893413,0.004333,0.021597337339790214,0.03350840700667018,0.02915113373550494,convergence,False
511280__929864,511280,929864,2025-05-02,2025-05-09,7,14.3144021081115,13.747092415,6.9875435348671155,6.903570993736263,-0.012017462318744497,0.03963209142979327,0.027614629111048776,0.06724672054084205,0.012178000000000001,0.000192,0.0069528941,0.0068794712,-0.01056,0.02742284828913097,0.06705493971892423,0.07759943375880293,convergence,False
511280__929864,511280,929864,2025-05-27,2025-05-28,1,14.344495453111499,13.83432015875,0.0,0.0,0.0,0.03556592813104734,0.03556592813104734,0.07113185626209469,0.012178000000000001,0.0,0.0,0.0,0.0,0.03556592813104734,0.07113185626209469,0.07113185626209469,overnight_abort,True
997662__930971,997662,930971,2024-09-09,2024-09-10,1,16.7769227791725,15.858648,0.0,0.0,0.0,0.05473439862955569,0.05473439862955569,0.10946879725911138,0.022625,0.0,0.0,0.0,0.0,0.05473439862955569,0.10946879725911138,0.10946879725911138,overnight_abort,True
997662__930971,997662,930971,2024-11-01,2024-11-07,6,16.0707345938345,16.636716882162002,17.05177930576223,16.847124066283314,-0.012001987347429436,-0.035218196469042444,-0.04722018381647188,-0.08243838028551433,0.022625,0.000164,0.006595436,0.0065385114,-0.008631,-0.047384567378115715,-0.08260276384715816,-0.07400120483312292,convergence,False
997662__930971,997662,930971,2025-01-24,2025-01-27,1,20.671024958007003,18.0392091265035,0.0,0.0,0.0,0.12731907763886946,0.12731907763886946,0.2546381552777389,0.022625,0.0,0.0,0.0,0.0,0.12731907763886946,0.2546381552777389,0.2546381552777389,overnight_abort,True
997662__930971,997662,930971,2025-03-11,2025-03-13,2,17.682343672246503,17.449464662838,17.85804332398597,17.639848046259875,-0.012218319429935965,0.013170143829633878,0.0009518243996979123,0.01412196822933179,0.022625,5.5e-05,0.0067451346,0.006764984,0.002943,0.0008970298791499672,0.014067173708783845,0.011168885451146093,convergence,False
997662__930971,997662,930971,2025-04-09,2025-04-10,1,14.24474314,13.61861397,0.0,0.0,0.0,0.043955104268731685,0.043955104268731685,0.08791020853746337,0.022625,0.0,0.0,0.0,0.0,0.043955104268731685,0.08791020853746337,0.08791020853746337,overnight_abort,True
677521__675585,677521,675585,2024-12-19,2024-12-23,4,55.130529938792,53.431220483406,53.66140952580163,53.86285845780632,0.003754074553480122,0.030823383291846425,0.034577457845326544,0.06540084113717297,0.004691,0.00011,0.0063932487,0.0063619302,-0.004899,0.03446786880423065,0.06529125209607708,0.07023253107834286,convergence,False
677521__675585,677521,675585,2025-01-08,2025-01-10,1,53.058246999999994,51.673144734396004,0.0,0.0,0.0,0.026105315269914407,0.026105315269914407,0.052210630539828815,0.004691,0.0,0.0,0.0,0.0,0.026105315269914407,0.052210630539828815,0.052210630539828815,overnight_abort,True
677521__675585,677521,675585,2025-04-09,2025-04-10,1,66.36284670340599,67.47076704609901,0.0,0.0,0.0,-0.01669488874768475,-0.01669488874768475,-0.0333897774953695,0.004691,0.0,0.0,0.0,0.0,-0.01669488874768475,-0.0333897774953695,-0.0333897774953695,overnight_abort,True
677521__675585,677521,675585,2025-04-21,2025-04-25,4,70.497390578901,67.108662436896,67.82227011991368,68.11499091723277,0.004315998223025335,0.04806884501933908,0.052384843242364414,0.10045368826170349,0.004691,0.00011,0.0070626457,0.0069591839,-0.014649,0.05227525420126852,0.10034409922060761,0.11527520931024783,convergence,False
29666P__691924,29666P,691924,2024-09-05,2024-10-21,46,4.7783416583822,4.6917386332356,19.755506455708797,19.427410296997603,-0.01660783333734191,0.018124075534590552,0.001516242197248642,0.019640317731839194,0.024043000000000002,0.00126,0.0070279008,0.0066295412,-0.056683,0.0002559682246459022,0.018380043759236454,0.07747066531761364,convergence,False
29666P__691924,29666P,691924,2024-10-22,2024-10-24,2,5.0202828167644,4.5656667451356,18.772801727880683,18.877587035913727,0.005581761825003497,0.09055586870737353,0.09613763053237703,0.18669349923975057,0.024043000000000002,5.5e-05,0.0065462163,0.0065863132,0.006125,0.09608283601182908,0.18663870471920263,0.18051681070636988,convergence,False
29666P__691924,29666P,691924,2024-12-24,2024-12-26,1,4.7884227500000005,4.7115772499999995,0.0,0.0,0.0,0.016048186221653257,0.016048186221653257,0.032096372443306515,0.024043000000000002,0.0,0.0,0.0,0.0,0.016048186221653257,0.032096372443306515,0.032096372443306515,overnight_abort,True
29666P__691924,29666P,691924,2025-03-19,2025-03-21,1,5.0908496516178,4.8802022191911005,0.0,0.0,0.0,0.04137765733461777,0.04137765733461777,0.08275531466923554,0.024043000000000002,0.0,0.0,0.0,0.0,0.04137765733461777,0.08275531466923554,0.08275531466923554,overnight_abort,True
29666P__691924,29666P,691924,2025-04-07,2025-04-08,1,4.6976946391911,4.344570378382199,0.0,0.0,0.0,0.07516969235567547,0.07516969235567547,0.15033938471135094,0.024043000000000002,0.0,0.0,0.0,0.0,0.07516969235567547,0.15033938471135094,0.15033938471135094,overnight_abort,True
29666P__691924,29666P,691924,2025-04-09,2025-04-10,1,4.8892320532356,4.7214966575733,0.0,0.0,0.0,0.03430710464055305,0.03430710464055305,0.0686142092811061,0.024043000000000002,0.0,0.0,0.0,0.0,0.03430710464055305,0.0686142092811061,0.0686142092811061,overnight_abort,True
29666P__691924,29666P,691924,2025-06-05,2025-06-10,5,5.3469040560000005,4.8702829108089,19.989254513094043,20.2851067191567,0.01480056226553418,0.08913964795314827,0.10394021021868245,0.1930798581718307,0.024043000000000002,0.000137,0.0069027404,0.0069034552,0.000104,0.10380322391731259,0.19294287187046086,0.19283779703171816,convergence,False
759739__922362,759739,922362,2024-12-17,2024-12-20,3,5.1143902467642,5.6695520392642,2.701699703204567,2.8277087937223553,0.04664067230281923,-0.1085489698114536,-0.061908297508634365,-0.17045726732008795,0.006857,8.2e-05,0.006459322,0.0063932487,-0.010229,-0.06199048928945628,-0.17053945910090987,-0.15972257923617603,convergence,False
759739__922362,759739,922362,2025-04-07,2025-04-08,1,4.36801991944815,4.371943189632099,0.0,0.0,0.0,-0.0008981804699381946,-0.0008981804699381946,-0.0017963609398763893,0.006857,0.0,0.0,0.0,0.0,-0.0008981804699381946,-0.0017963609398763893,-0.0017963609398763893,overnight_abort,True
759739__922362,759739,922362,2025-04-09,2025-04-10,1,4.57840621444815,4.4218514142642,0.0,0.0,0.0,0.03419416994715488,0.03419416994715488,0.06838833989430976,0.006857,0.0,0.0,0.0,0.0,0.03419416994715488,0.06838833989430976,0.06838833989430976,overnight_abort,True
759739__922362,759739,922362,2025-05-12,2025-05-13,1,4.8589219757358,4.6813723457358005,0.0,0.0,0.0,0.03654095103536065,0.03654095103536065,0.0730819020707213,0.006857,0.0,0.0,0.0,0.0,0.03654095103536065,0.0730819020707213,0.0730819020707213,overnight_abort,True
134517__314713,134517,314713,2024-11-19,2024-11-27,8,8.7312032331034,8.678654418577551,16.944597474505347,17.45792728360911,0.03029460038080649,0.0060185077729740825,0.03631310815378057,0.042331615926754655,0.011405,0.000219,0.0007142755,0.0007191243,0.006788,0.03609393007158879,0.042112437844562874,0.035165526916470784,convergence,False
134517__314713,134517,314713,2024-11-29,2024-12-02,1,9.0426735,8.51941325762925,0.0,0.0,0.0,0.057865656917807526,0.057865656917807526,0.11573131383561505,0.011405,0.0,0.0,0.0,0.0,0.057865656917807526,0.11573131383561505,0.11573131383561505,overnight_abort,True
134517__314713,134517,314713,2024-12-06,2024-12-11,5,7.7264617331034,7.47439163357755,14.625338046022991,14.987629378462454,0.024771484344457927,0.03262426039669305,0.05739574474115097,0.09002000513784403,0.011405,0.000137,0.0006991051,0.0006993961,0.000416,0.05725875843978111,0.08988301883647416,0.08945663884673123,convergence,False
134517__314713,134517,314713,2025-04-22,2025-05-08,16,9.0728155440517,9.345477713103401,17.67119615545284,18.77438182385304,0.062428466001708004,-0.030052652093259323,0.03237581390844868,0.0023231618151893577,0.011405,0.000438,0.0007005647,0.0007118349,0.016087,0.03193745774406512,0.001884805650805796,-0.01493620340274363,convergence,False
134517__314713,134517,314713,2025-05-15,2025-05-16,1,10.01727305642245,9.922727543577551,0.0,0.0,0.0,0.009438248544526039,0.009438248544526039,0.018876497089052077,0.011405,0.0,0.0,0.0,0.0,0.009438248544526039,0.018876497089052077,0.018876497089052077,overnight_abort,True
134517__314713,134517,314713,2025-05-27,2025-06-04,8,11.433959274741499,10.7985557202585,22.0640392847121,21.747816709257137,-0.01433203464580796,0.05557161252853629,0.041239577882728334,0.09681119041126462,0.011405,0.000219,0.000727487,0.0007341901,0.009214,0.04102039980053655,0.09659201232907284,0.08759293846718644,convergence,False
134517__314713,134517,314713,2025-06-17,2025-06-24,7,10.6402134897415,12.550209685,21.02110672877124,25.066756335217743,0.1924565465865453,-0.17950731882400445,0.012949227762540844,-0.1665580910614636,0.011405,0.000192,0.0007266756,0.0007358026,0.01256,0.012757446940623035,-0.16674987188338142,-0.18154127232243322,convergence,False
151377__912644,151377,912644,2024-11-07,2024-11-15,8,9.6709350066879,8.348939509156049,4.289684341830451,4.289751728880369,1.5709092918752677e-05,0.13669779567514725,0.136713504768066,0.27341130044321327,0.019287000000000002,0.000219,0.0063995904,0.0064789914,0.012407,0.13649432668587425,0.27319212236102147,0.26093678161189093,convergence,False
151377__912644,151377,912644,2025-03-19,2025-04-03,15,9.9230448816879,8.19029002746815,4.5308455970108765,4.193616750861538,-0.07442956042726723,0.17461927008083944,0.10018970965357221,0.27480897973441165,0.019287000000000002,0.000411,0.0066354795,0.0068460323,0.031731,0.09977875074946262,0.27439802083030207,0.245931686008997,convergence,False
28335J__27121Q,28335J,27121Q,2025-04-07,2025-04-08,1,6.60436245,6.58552617611075,0.0,0.0,0.0,0.0028520957218588516,0.0028520957218588516,0.005704191443717703,0.01454,0.0,0.0,0.0,0.0,0.0028520957218588516,0.005704191443717703,0.005704191443717703,overnight_abort,True
28335J__27121Q,28335J,27121Q,2025-04-09,2025-04-10,1,6.8051027492594995,6.62537807611075,0.0,0.0,0.0,0.026410280604257774,0.026410280604257774,0.05282056120851555,0.01454,0.0,0.0,0.0,0.0,0.026410280604257774,0.05282056120851555,0.05282056120851555,overnight_abort,True
263502__140539,263502,140539,2024-09-09,2024-09-11,1,5.9222887228181005,5.4274319946819,0.0,0.0,0.0,0.08355835915759352,0.08355835915759352,0.16711671831518704,0.033992,0.0,0.0,0.0,0.0,0.08355835915759352,0.16711671831518704,0.16711671831518704,overnight_abort,True
263502__140539,263502,140539,2024-09-16,2024-09-19,3,6.084543,5.590106963590951,0.5674346946903177,0.5743513835638466,0.012189400715625543,0.08126099797619138,0.09345039869181693,0.1747113966680083,0.033992,8.2e-05,0.1282972341,0.128290657,-5.1e-05,0.09336820691099501,0.1746292048871864,0.17468109698177156,convergence,False
263502__140539,263502,140539,2024-09-23,2024-09-24,1,6.043979481409051,5.590106963590951,0.0,0.0,0.0,0.07509497992410248,0.07509497992410248,0.15018995984820496,0.033992,0.0,0.0,0.0,0.0,0.07509497992410248,0.15018995984820496,0.15018995984820496,overnight_abort,True
263502__140539,263502,140539,2024-10-15,2024-10-23,8,6.064260784363801,5.5506706821819,0.5562663093761884,0.5583052192257947,0.003665348440556816,0.08469129551719658,0.08835664395775339,0.17304793947494998,0.033992,0.000219,0.1286901846,0.1287200116,0.000232,0.08813746587556161,0.1728287613927582,0.17259619206670063,convergence,False
263502__140539,263502,140539,2024-11-11,2024-11-25,14,6.084543,5.371234956,0.5544405182306912,0.5406772123864754,-0.024823773500783696,0.11723280515890835,0.09240903165812465,0.20964183681703302,0.033992,0.000384,0.1285661006,0.1284958979,-0.000546,0.09202547001428904,0.2092582751731974,0.20979105485873523,convergence,False
263502__140539,263502,140539,2025-05-13,2025-05-21,8,8.264837270772851,6.211230047181901,0.6846604397497345,0.6327283036309382,-0.07585093734607931,0.24847521570124226,0.17262427835516295,0.42109949405640523,0.033992,0.000219,0.1280819741,0.1276804858,-0.003135,0.17240510027297118,0.42088031597421344,0.42378628107754723,convergence,False
510095__921754,510095,921754,2024-09-19,2024-09-26,7,4.4761233491646,4.07710452104115,4.153893804832306,4.153227497398428,-0.0001604055050957393,0.08914384099757226,0.08898343549247652,0.17812727649004878,0.025019,0.000192,0.7748031535,0.7793930959,0.005924,0.0887916546705587,0.17793549566813097,0.1720473165552897,convergence,False
510095__921754,510095,921754,2024-10-07,2024-10-14,7,4.35487407020575,3.9484579170823,4.101952933820708,3.99648844458189,-0.025710799450978695,0.09332443293917073,0.06761363348819203,0.16093806642736275,0.025019,0.000192,0.7665477342,0.7642921485,-0.002943,0.06742185266627422,0.16074628560544493,0.16362161644946277,convergence,False
510095__921754,510095,921754,2024-10-24,2024-10-29,5,4.193207421876551,3.8396035779177,3.951060893989425,3.8886635439021293,-0.015792555913835243,0.08432777308225921,0.06853521716842396,0.15286299025068317,0.025019,0.000137,0.7567732912,0.755201393,-0.002077,0.0683982308670541,0.15272600394931332,0.15477456202153828,convergence,False
510095__921754,510095,921754,2025-03-07,2025-03-18,11,3.95070886395885,3.73074913979425,3.7135667611346834,3.8024591936306487,0.02393721136948244,0.055676014542916,0.07961322591239844,0.13528924045531443,0.025019,0.000301,0.7516818882,0.7515687871,-0.00015,0.07931185604938475,0.13498787059230072,0.13514195951526375,convergence,False
510095__921754,510095,921754,2025-03-27,2025-03-28,1,4.00122964104115,3.6639518170853997,0.0,0.0,0.0,0.08429354328885465,0.08429354328885465,0.1685870865777093,0.025019,0.0,0.0,0.0,0.0,0.08429354328885465,0.1685870865777093,0.1685870865777093,overnight_abort,True
510095__921754,510095,921754,2025-04-25,2025-04-28,1,4.08711461854115,3.6852275740000002,0.0,0.0,0.0,0.09833026035482197,0.09833026035482197,0.19666052070964393,0.025019,0.0,0.0,0.0,0.0,0.09833026035482197,0.19666052070964393,0.19666052070964393,overnight_abort,True
510095__921754,510095,921754,2025-05-16,2025-05-20,4,3.94222140735885,3.3448093279177,3.6763579045155046,3.6449882380767273,-0.008532810801757714,0.15154199059595577,0.14300917979419805,0.2945511703901538,0.025019,0.00011,0.7723496955,0.7722308266,-0.000154,0.14289959075310216,0.29444158134905796,0.2945941971345285,convergence,False
510095__921754,510095,921754,2025-05-21,2025-05-23,2,3.9901154176646,3.66147735104115,3.689797180420187,3.7062940197242336,0.004470933901621158,0.0823630477375516,0.08683398163917276,0.16919702937672434,0.025019,5.5e-05,0.7735445296,0.7786343361,0.00658,0.08677918711862481,0.1691422348561764,0.16257617110661055,convergence,False
510095__921754,510095,921754,2025-05-27,2025-05-28,1,4.0315416829177,3.66147735104115,0.0,0.0,0.0,0.09179226236071747,0.09179226236071747,0.18358452472143494,0.025019,0.0,0.0,0.0,0.0,0.09179226236071747,0.18358452472143494,0.18358452472143494,overnight_abort,True
510095__921754,510095,921754,2025-06-27,2025-06-30,1,4.3952904291646,3.9682501818765497,0.0,0.0,0.0,0.09715859604053893,0.09715859604053893,0.19431719208107787,0.025019,0.0,0.0,0.0,0.0,0.09715859604053893,0.19431719208107787,0.19431719208107787,overnight_abort,True
266613__755996,266613,755996,2024-10-04,2024-10-17,13,5.55498239138985,4.652524605,0.9831324072871548,0.9233830508953617,-0.06077447549172433,0.16245916238882196,0.10168468689709764,0.2641438492859196,0.062523,0.000356,0.2334812048,0.2320185346,-0.006265,0.101328522513536,0.263787684902358,0.26970866525914733,convergence,False
266613__755996,266613,755996,2024-10-24,2024-10-29,5,5.29780726638985,4.5651075528700495,0.9217092176732076,0.909872376335141,-0.012842272932832244,0.13830244791428462,0.12546017498145237,0.263762622895737,0.062523,0.000137,0.2304147359,0.2286237063,-0.007773,0.12532318868008252,0.2636256365943671,0.2713589934612442,convergence,False
266613__755996,266613,755996,2025-02-05,2025-02-14,9,4.58800433287005,4.128022875,0.8107450414678744,0.8658715032110259,0.06799481825179424,0.10025741575145951,0.16825223400325373,0.26850964975471325,0.062523,0.000247,0.2258865998,0.2254791178,-0.001804,0.16800565866078798,0.2682630744122475,0.27019313635668407,convergence,False
29573D__929164,29573D,929164,2024-09-11,2024-09-13,2,135.89183947928998,134.345076125,137.11957187634414,134.8083758632777,-0.016855332768619717,0.011382312287602237,-0.00547302048101748,0.005909291806584758,0.01826,5.5e-05,0.0070514398,0.0071005072,0.006958,-0.005527815001565425,0.0058544972860368125,-0.0009394332440116058,convergence,False
29573D__929164,29573D,929164,2024-11-06,2024-11-08,2,145.65002935929,138.69293600071,137.59566847076294,138.94860281457443,0.009832681208994325,0.04776582187579379,0.057598503084788116,0.1053643249605819,0.01826,5.5e-05,0.0065385114,0.0065513627,0.001965,0.057543708564240174,0.10530953044003395,0.10332862000501543,convergence,False
29573D__929164,29573D,929164,2025-04-07,2025-04-08,1,101.949993879,97.153080873371,0.0,0.0,0.0,0.04705162622493391,0.04705162622493391,0.09410325244986782,0.01826,0.0,0.0,0.0,0.0,0.04705162622493391,0.09410325244986782,0.09410325244986782,overnight_abort,True
29573D__929164,29573D,929164,2025-04-09,2025-04-10,1,108.84598218000001,104.59900942360001,0.0,0.0,0.0,0.03901818580107738,0.03901818580107738,0.07803637160215476,0.01826,0.0,0.0,0.0,0.0,0.03901818580107738,0.07803637160215476,0.07803637160215476,overnight_abort,True
29573D__929164,29573D,929164,2025-05-12,2025-05-14,2,126.71592841929001,120.42498390000002,124.21879697058579,121.60875465896024,-0.02101165343151399,0.04964604369605298,0.02863439026453899,0.07828043396059198,0.01826,5.5e-05,0.0067805804,0.0068140774,0.00494,0.028579595743991045,0.07822563944004403,0.0734130770460499,convergence,False
133345__997914,133345,997914,2024-09-24,2024-09-25,1,3.52437346970085,3.2084248710177996,0.0,0.0,0.0,0.08964674186753205,0.08964674186753205,0.1792934837350641,0.038988999999999996,0.0,0.0,0.0,0.0,0.08964674186753205,0.1792934837350641,0.1792934837350641,overnight_abort,True
133345__997914,133345,997914,2024-10-23,2024-10-24,1,3.5345294537322003,3.1793871212678,0.0,0.0,0.0,0.10047796661855411,0.10047796661855411,0.20095593323710823,0.038988999999999996,0.0,0.0,0.0,0.0,0.10047796661855411,0.20095593323710823,0.20095593323710823,overnight_abort,True
133345__997914,133345,997914,2024-12-09,2024-12-10,1,3.4939026737322,3.15970100343305,0.0,0.0,0.0,0.09565282765651702,0.09565282765651702,0.19130565531303403,0.038988999999999996,0.0,0.0,0.0,0.0,0.09565282765651702,0.19130565531303403,0.19130565531303403,overnight_abort,True
133345__997914,133345,997914,2025-02-26,2025-02-28,1,3.6970373862678,3.10575969203305,0.0,0.0,0.0,0.15993284147760575,0.15993284147760575,0.3198656829552115,0.038988999999999996,0.0,0.0,0.0,0.0,0.15993284147760575,0.3198656829552115,0.3198656829552115,overnight_abort,True
133345__997914,133345,997914,2025-03-03,2025-03-06,1,3.5030445117678,3.20891772529915,0.0,0.0,0.0,0.08396318844382024,0.08396318844382024,0.16792637688764048,0.038988999999999996,0.0,0.0,0.0,0.0,0.08396318844382024,0.16792637688764048,0.16792637688764048,overnight_abort,True
133345__997914,133345,997914,2025-03-17,2025-03-18,1,3.4431200112678,3.12032778343305,0.0,0.0,0.0,0.09374992064708594,0.09374992064708594,0.18749984129417188,0.038988999999999996,0.0,0.0,0.0,0.0,0.09374992064708594,0.18749984129417188,0.18749984129417188,overnight_abort,True
133345__997914,133345,997914,2025-04-09,2025-04-25,16,3.341552655,3.10064077970085,1.529278214885434,1.6026431708883961,0.047973583412654744,0.07209578904545202,0.12006937245810677,0.19216516150355878,0.038988999999999996,0.000438,0.1288875647,0.1289100015,0.000174,0.1196310162937232,0.19172680533917522,0.19154440542122692,convergence,False
133345__997914,133345,997914,2025-05-15,2025-05-27,12,3.59547003,2.9180482594152504,1.6556298097027708,1.6267402992796043,-0.017449257227588208,0.18840979480636907,0.17096053757878088,0.3593703323851499,0.038988999999999996,0.000329,0.1278543532,0.1275770582,-0.002169,0.17063177045549321,0.35904156526186226,0.3611771875442787,convergence,False
27604J__315206,27604J,315206,2024-09-26,2024-10-11,15,44.92345172679649,42.4635378775755,42.993573187885744,42.512079566385005,-0.01119919992219696,0.0547578993747196,0.043558699452522644,0.09831659882724224,0.011193000000000002,0.000411,0.0007631839,0.000741114,-0.028918,0.043147740548413055,0.09790563992313264,0.1273514941070196,convergence,False
27604J__315206,27604J,315206,2025-02-20,2025-02-24,4,34.269435572814,33.093640809610505,33.308248621310156,32.936181617604724,-0.011170416311453511,0.034310304314911194,0.023139888003457683,0.05745019231836888,0.011193000000000002,0.00011,0.0006973501,0.0006994743,0.003046,0.023030298962361792,0.057340603277272986,0.05433767407505463,convergence,False
27604J__315206,27604J,315206,2025-04-09,2025-04-10,1,31.520652966796497,30.631552457814,0.0,0.0,0.0,0.028206919124393343,0.028206919124393343,0.05641383824878669,0.011193000000000002,0.0,0.0,0.0,0.0,0.028206919124393343,0.05641383824878669,0.05641383824878669,overnight_abort,True
510421__916570,510421,916570,2024-10-04,2024-10-07,1,28.074666316466,26.250875620150502,0.0,0.0,0.0,0.06496215042263322,0.06496215042263322,0.12992430084526643,0.013512,0.0,0.0,0.0,0.0,0.06496215042263322,0.12992430084526643,0.12992430084526643,overnight_abort,True
510421__916570,510421,916570,2025-03-24,2025-03-26,2,22.914473679733998,22.553436378082502,22.74337613064219,22.638442817962233,-0.004613796653460811,0.01575586272229349,0.01114206606883268,0.026897928791126173,0.013512,5.5e-05,0.0066706686,0.0066398858,-0.004615,0.011087271548284735,0.026843134270578228,0.03145778809796403,convergence,False
510421__916570,510421,916570,2025-04-07,2025-04-08,1,21.0183708493325,20.928946500000002,0.0,0.0,0.0,0.004254580432209681,0.004254580432209681,0.008509160864419362,0.013512,0.0,0.0,0.0,0.0,0.004254580432209681,0.008509160864419362,0.008509160864419362,overnight_abort,True
510421__916570,510421,916570,2025-04-09,2025-04-10,1,22.312744594784,21.7661013701505,0.0,0.0,0.0,0.024499147664751492,0.024499147664751492,0.048998295329502985,0.013512,0.0,0.0,0.0,0.0,0.024499147664751492,0.048998295329502985,0.048998295329502985,overnight_abort,True
25552J__938939,25552J,938939,2024-09-11,2024-09-13,2,43.277409643912506,44.968658125,44.61255911054511,45.023109068976,0.009202564627902046,-0.03907924469147118,-0.029876680063569132,-0.06895592475504031,0.023155000000000002,5.5e-05,0.0070514398,0.0071005072,0.006958,-0.029931474584117077,-0.06901071927558826,-0.07598472050181372,convergence,False
25552J__938939,25552J,938939,2024-10-30,2024-10-31,1,61.1478425060875,57.4207518562175,0.0,0.0,0.0,0.06095212025671967,0.06095212025671967,0.12190424051343934,0.023155000000000002,0.0,0.0,0.0,0.0,0.06095212025671967,0.12190424051343934,0.12190424051343934,overnight_abort,True
25552J__938939,25552J,938939,2025-04-09,2025-04-10,1,41.9290822187825,38.73763787487,0.0,0.0,0.0,0.07611529217977632,0.07611529217977632,0.15223058435955264,0.023155000000000002,0.0,0.0,0.0,0.0,0.07611529217977632,0.15223058435955264,0.15223058435955264,overnight_abort,True
151516__951410,151516,951410,2024-09-05,2024-09-09,1,1.2967234566902999,1.0454795531505,0.0,0.0,0.0,0.19375287941583466,0.19375287941583466,0.3875057588316693,0.030711,0.0,0.0,0.0,0.0,0.19375287941583466,0.3875057588316693,0.3875057588316693,overnight_abort,True
151516__951410,151516,951410,2025-05-16,2025-05-22,1,1.4800006413698998,1.2933367971903,0.0,0.0,0.0,0.12612416438334942,0.12612416438334942,0.25224832876669884,0.030711,0.0,0.0,0.0,0.0,0.12612416438334942,0.25224832876669884,0.25224832876669884,overnight_abort,True
891264__771566,891264,771566,2024-09-24,2024-09-27,3,6.9944673861774,8.176896834371,3.349795103278278,4.151507244822729,0.23933169546992747,-0.1690521068881299,0.07027958858179756,-0.09877251830633235,0.024613000000000003,8.2e-05,0.1284562767,0.1286645249,0.001621,0.07019739680097564,-0.09885471008715427,-0.1008606133847815,convergence,False
891264__771566,891264,771566,2024-10-25,2024-10-29,4,8.110289665629,7.6133133011258,3.9801320993400977,3.8563599226733394,-0.031097504700228328,0.06127726443722002,0.030179759736991694,0.09145702417421171,0.024613000000000003,0.00011,0.1286719765,0.128680252,6.4e-05,0.030070170695895803,0.09134743513311583,0.09128512446403318,convergence,False
891264__771566,891264,771566,2024-12-31,2025-01-03,3,6.8259915,6.0906506211258,3.1215388261828587,3.088634272325777,-0.010541132335463785,0.10772660336219288,0.09718547102672909,0.20491207438892198,0.024613000000000003,8.2e-05,0.1285884256,0.1285603156,-0.000219,0.09710327924590717,0.20482988260810006,0.20504622999835218,convergence,False
891264__771566,891264,771566,2025-03-17,2025-03-20,3,7.422633922251601,7.3364657388742005,3.6721301045284296,3.707770161633045,0.009705554021810033,0.011608841858559784,0.02131439588036982,0.0329232377389296,0.024613000000000003,8.2e-05,0.1287117161,0.1286537587,-0.00045,0.021232204099547902,0.03284104595810768,0.03329590953355224,convergence,False
891264__771566,891264,771566,2025-03-27,2025-03-28,1,7.7785969405032,7.217816797748401,0.0,0.0,0.0,0.07209271119767292,0.07209271119767292,0.14418542239534585,0.024613000000000003,0.0,0.0,0.0,0.0,0.07209271119767292,0.14418542239534585,0.14418542239534585,overnight_abort,True
891264__771566,891264,771566,2025-04-01,2025-04-02,1,7.5945478833774,7.3068037754968,0.0,0.0,0.0,0.03788824723989188,0.03788824723989188,0.07577649447978375,0.024613000000000003,0.0,0.0,0.0,0.0,0.03788824723989188,0.07577649447978375,0.07577649447978375,overnight_abort,True
891264__771566,891264,771566,2025-04-09,2025-04-16,7,7.5642094354968,6.8519824554968,3.5287718387308544,3.448921110121776,-0.02262847592827005,0.09415749075610082,0.07152901482783076,0.16568650558393158,0.024613000000000003,0.000192,0.1288875647,0.1288261412,-0.000477,0.07133723400591295,0.16549472476201377,0.16596072940400367,convergence,False
951742__905323,951742,905323,2024-09-26,2024-09-27,1,27.704191228936,27.465677765931,0.0,0.0,0.0,0.008609291678433136,0.008609291678433136,0.017218583356866272,0.015193,0.0,0.0,0.0,0.0,0.008609291678433136,0.017218583356866272,0.017218583356866272,overnight_abort,True
951742__905323,951742,905323,2025-03-11,2025-03-13,2,18.891503619468,18.05171262,18.339353473821134,18.08067085614096,-0.014105329179103138,0.04445336995847077,0.03034804077936763,0.0748014107378384,0.015193,5.5e-05,0.0067451346,0.006764984,0.002943,0.030293246258819684,0.07474661621729045,0.0718538647076057,convergence,False
951742__905323,951742,905323,2025-04-09,2025-04-10,1,16.32908875,17.106339255399,0.0,0.0,0.0,-0.0475991353405437,-0.0475991353405437,-0.0951982706810874,0.015193,0.0,0.0,0.0,0.0,-0.0475991353405437,-0.0951982706810874,-0.0951982706810874,overnight_abort,True
951742__905323,951742,905323,2025-04-17,2025-04-23,6,16.771233244601,15.961927349202,15.78031099006682,15.964808077178404,0.011691600198989668,0.04825559835675958,0.059947198555749245,0.10820279691250882,0.015193,0.000164,0.0070984916,0.0069708266,-0.017985,0.05978281499410541,0.10803841335086499,0.1265667193252819,convergence,False
951742__905323,951742,905323,2025-05-12,2025-05-13,1,17.333955749999998,16.389842500266003,0.0,0.0,0.0,0.0544661162951218,0.0544661162951218,0.1089322325902436,0.015193,0.0,0.0,0.0,0.0,0.0544661162951218,0.1089322325902436,0.1089322325902436,overnight_abort,True
26133J__932252,26133J,932252,2025-01-24,2025-01-27,1,21.456895118454,21.298252292023,0.0,0.0,0.0,0.007393559299013302,0.007393559299013302,0.014787118598026604,0.009265,0.0,0.0,0.0,0.0,0.007393559299013302,0.014787118598026604,0.014787118598026604,overnight_abort,True
26133J__932252,26133J,932252,2025-03-14,2025-03-26,12,23.404782239046,24.2438582214885,23.563446833895053,24.139529466516382,0.024448147874217528,-0.035850621205211576,-0.011402473330994048,-0.047253094536205624,0.009265,0.000329,0.0067017391,0.0066398858,-0.009229,-0.011731240454281719,-0.047581861659493296,-0.03803870074776356,convergence,False
26133J__932252,26133J,932252,2025-04-07,2025-04-08,1,20.320195656069,20.339675260954,0.0,0.0,0.0,-0.0009586327422581438,-0.0009586327422581438,-0.0019172654845162876,0.009265,0.0,0.0,0.0,0.0,-0.0009586327422581438,-0.0019172654845162876,-0.0019172654845162876,overnight_abort,True
26133J__932252,26133J,932252,2025-04-09,2025-04-10,1,22.1228779605345,21.028650192977,0.0,0.0,0.0,0.04946136617078104,0.04946136617078104,0.09892273234156208,0.009265,0.0,0.0,0.0,0.0,0.04946136617078104,0.09892273234156208,0.09892273234156208,overnight_abort,True
267768__148375,267768,148375,2024-10-18,2024-10-30,12,6.718682973285,6.6513598982849995,6.54769696535386,6.692159621740943,0.022063124966149983,0.010020278567643783,0.03208340353379377,0.04210368210143755,0.017443,0.000329,0.0118934345,0.0118920209,-0.000119,0.0317546364105061,0.04177491497814988,0.041896407232965054,convergence,False
267768__148375,267768,148375,2024-11-11,2024-12-11,30,7.0300125,3.60447915042875,6.79203898834839,3.6267489538964965,-0.46602942649208673,0.48727272527200344,0.02124329877991671,0.5085160240519202,0.017443,0.000822,0.0118497452,0.0117893255,-0.005099,0.02042138097169753,0.507694106243701,0.5104306785658559,convergence,False
267768__148375,267768,148375,2025-04-09,2025-04-15,6,2.902391276715,2.80790895128625,2.793654992318318,2.8342359499380785,0.014526116407124598,0.032553269501170566,0.04707938590829516,0.07963265540946574,0.017443,0.000164,0.0116009285,0.0116674546,0.005735,0.04691500234665133,0.0794682718478219,0.07368359402505907,convergence,False
29235P__29235V,29235P,29235V,2024-12-20,2025-03-10,80,3.23313617572075,3.1372242007207496,6.644251456698241,6.210716163219647,-0.06524968181954272,0.029665306311639997,-0.03558437550790272,-0.00591906919626272,0.026073,0.002192,0.0006880986,0.0006849924,-0.004514,-0.03777615632982053,-0.00811085001818053,-0.0038720855613308533,convergence,False
29235P__29235V,29235P,29235V,2025-04-09,2025-04-10,1,2.6892441257207502,2.64082795072075,0.0,0.0,0.0,0.018003636983691153,0.018003636983691153,0.036007273967382306,0.026073,0.0,0.0,0.0,0.0,0.018003636983691153,0.036007273967382306,0.036007273967382306,overnight_abort,True
516496__916822,516496,916822,2024-09-11,2024-09-13,2,16.38961327199,16.1109375164925,16.30440792408673,16.273021440255896,-0.0019250305792745137,0.017003192868117394,0.015078162288842881,0.03208135515696028,0.014209,5.5e-05,0.0070514398,0.0071005072,0.006958,0.015023367768294936,0.032026560636412335,0.025129455630370837,convergence,False
516496__916822,516496,916822,2024-10-09,2024-10-15,6,16.671150560995,15.335229544502498,16.372096902201683,15.668480029762803,-0.042976588560519675,0.08013370232634788,0.037157113765828205,0.11729081609217609,0.014209,0.000164,0.0067308335,0.0067024129,-0.004222,0.03699273020418437,0.11712643253053226,0.12118455010296,convergence,False
516496__916822,516496,916822,2025-03-24,2025-03-26,2,16.661101618980002,16.8369203634825,17.324840028993435,17.02051080528606,-0.017566062555156244,-0.010552648229586889,-0.028118710784743133,-0.038671359014330026,0.014209,5.5e-05,0.0066706686,0.0066398858,-0.004615,-0.02817350530529108,-0.03872615353487797,-0.03417154697679876,convergence,False
516496__916822,516496,916822,2025-04-07,2025-04-08,1,15.655596075,15.106492974999998,0.0,0.0,0.0,0.035073918448678534,0.035073918448678534,0.07014783689735707,0.014209,0.0,0.0,0.0,0.0,0.035073918448678534,0.07014783689735707,0.07014783689735707,overnight_abort,True
516496__916822,516496,916822,2025-04-09,2025-04-10,1,16.31922040301,15.782754674999998,0.0,0.0,0.0,0.03287324484636863,0.03287324484636863,0.06574648969273726,0.014209,0.0,0.0,0.0,0.0,0.03287324484636863,0.06574648969273726,0.06574648969273726,overnight_abort,True
516496__916822,516496,916822,2025-05-12,2025-05-13,1,18.068792085995,17.373960664005,0.0,0.0,0.0,0.03845477985927783,0.03845477985927783,0.07690955971855566,0.014209,0.0,0.0,0.0,0.0,0.03845477985927783,0.07690955971855566,0.07690955971855566,overnight_abort,True
516895__916116,516895,916116,2024-09-26,2024-12-10,75,45.252657655028,16.095485762486,18.350233924187755,16.203161348877114,-0.11700518828158091,0.6443195472587313,0.5273143589771504,1.1716339062358818,0.020384,0.002055,0.0070325956,0.0065806787,-0.06426,0.5252595644566025,1.1695791117153338,1.230217276290649,convergence,False
516895__916116,516895,916116,2025-01-21,2025-04-01,70,17.431174551676,18.262751963352,17.564243649402837,18.233932914050854,0.038127987633033426,-0.04770633265192343,-0.009578345018890003,-0.05728467767081343,0.020384,0.001918,0.0063883472,0.0066838214,0.046252,-0.011496153238068085,-0.05920248588999152,-0.10509539928284195,convergence,False
906640__906433,906640,906433,2025-04-07,2025-04-08,1,25.679852277727502,25.729634489090003,0.0,0.0,0.0,-0.001938570783979084,-0.001938570783979084,-0.003877141567958168,0.013626,0.0,0.0,0.0,0.0,-0.001938570783979084,-0.003877141567958168,-0.003877141567958168,overnight_abort,True
906640__906433,906640,906433,2025-04-09,2025-04-10,1,27.946011414090002,26.8565414440925,0.0,0.0,0.0,0.03898481088604315,0.03898481088604315,0.0779696217720863,0.013626,0.0,0.0,0.0,0.0,0.03898481088604315,0.0779696217720863,0.0779696217720863,overnight_abort,True
510265__932173,510265,932173,2024-11-22,2024-11-26,4,13.313918068309501,13.415455126690501,13.446008191470787,13.499906266367482,0.0040084814860431575,-0.007626384499292056,-0.003617903013248899,-0.011244287512540956,0.012982,0.00011,0.0064844535,0.0065314653,0.00725,-0.0037274920543447893,-0.011353876553636847,-0.018580470244630564,convergence,False
510265__932173,510265,932173,2024-12-12,2024-12-18,6,14.16673014,13.5051572716905,13.896533296415303,13.682389792496126,-0.015409850741293602,0.04669905205870607,0.031289201317412474,0.07798825337611855,0.012982,0.000164,0.0065080863,0.006459322,-0.007493,0.031124817755768638,0.07782386981447471,0.08525697957669072,convergence,False
510265__932173,510265,932173,2025-01-06,2025-01-07,1,13.971085790809502,13.5848925116905,0.0,0.0,0.0,0.027642323932549957,0.027642323932549957,0.055284647865099915,0.012982,0.0,0.0,0.0,0.0,0.027642323932549957,0.055284647865099915,0.055284647865099915,overnight_abort,True
510265__932173,510265,932173,2025-03-17,2025-03-18,1,13.5898281808095,13.2659515516905,0.0,0.0,0.0,0.023832282852284503,0.023832282852284503,0.047664565704569006,0.012982,0.0,0.0,0.0,0.0,0.023832282852284503,0.047664565704569006,0.047664565704569006,overnight_abort,True
510265__932173,510265,932173,2025-04-09,2025-04-10,1,12.551402848309502,11.890518661690502,0.0,0.0,0.0,0.052654208824793824,0.052654208824793824,0.10530841764958765,0.012982,0.0,0.0,0.0,0.0,0.052654208824793824,0.10530841764958765,0.10530841764958765,overnight_abort,True
510265__932173,510265,932173,2025-05-02,2025-05-08,6,13.937976577309502,12.9619609491905,13.405978316017125,13.075045338801752,-0.024685477584279098,0.0700256326809961,0.045340155096717,0.1153657877777131,0.012982,0.000164,0.0069528941,0.0068530702,-0.014357,0.04517577153507317,0.11520140421606927,0.12940813149491345,convergence,False
29072L__141024,29072L,141024,2024-09-10,2024-09-13,3,19.28369355,18.0633605225225,3.7291158755152494,3.6112966239695,-0.03159441955647743,0.06328315808967509,0.03168873853319766,0.09497189662287275,0.025320000000000002,8.2e-05,1.0,1.0,0.0,0.031606546752375744,0.09488970484205084,0.09488970484205084,convergence,False
29072L__141024,29072L,141024,2024-10-03,2024-10-04,1,20.20052940503,19.393297495045,0.0,0.0,0.0,0.03996092843903366,0.03996092843903366,0.07992185687806733,0.025320000000000002,0.0,0.0,0.0,0.0,0.03996092843903366,0.07992185687806733,0.07992185687806733,overnight_abort,True
29072L__141024,29072L,141024,2024-10-08,2024-10-09,1,21.66141125,19.889543745045,0.0,0.0,0.0,0.08179834104553094,0.08179834104553094,0.16359668209106187,0.025320000000000002,0.0,0.0,0.0,0.0,0.08179834104553094,0.16359668209106187,0.16359668209106187,overnight_abort,True
29072L__141024,29072L,141024,2024-11-11,2024-11-15,4,23.8678556975225,23.1052244075075,4.513134523969499,4.64593792448475,0.029425978731616623,0.03195223314904501,0.06137821188066163,0.09333044502970664,0.025320000000000002,0.00011,1.0,1.0,0.0,0.06126862283956574,0.09322085598861075,0.09322085598861075,convergence,False
29072L__141024,29072L,141024,2024-12-10,2024-12-11,1,24.6436405025525,21.824916029955002,0.0,0.0,0.0,0.11437938612623184,0.11437938612623184,0.2287587722524637,0.025320000000000002,0.0,0.0,0.0,0.0,0.11437938612623184,0.2287587722524637,0.2287587722524637,overnight_abort,True
29072L__141024,29072L,141024,2024-12-17,2024-12-18,1,23.071915704955,21.060692834985,0.0,0.0,0.0,0.08717190612559587,0.08717190612559587,0.17434381225119175,0.025320000000000002,0.0,0.0,0.0,0.0,0.08717190612559587,0.17434381225119175,0.17434381225119175,overnight_abort,True
29072L__141024,29072L,141024,2025-01-08,2025-01-10,1,22.558092925,21.254220932545,0.0,0.0,0.0,0.05780063043405522,0.05780063043405522,0.11560126086811044,0.025320000000000002,0.0,0.0,0.0,0.0,0.05780063043405522,0.11560126086811044,0.11560126086811044,overnight_abort,True
29072L__141024,29072L,141024,2025-01-13,2025-01-16,3,22.4472660924925,20.673620759985,4.2618463989694995,4.158462947939,-0.024257901705583982,0.07901386855750327,0.05475596685191929,0.13376983540942256,0.025320000000000002,8.2e-05,1.0,1.0,0.0,0.05467377507109737,0.13368764362860064,0.13368764362860064,convergence,False
29072L__141024,29072L,141024,2025-03-11,2025-03-14,3,23.29356936997,21.735579795045,4.392516324484749,4.367380922939,-0.00572232399129391,0.06688496512404657,0.06116264113275266,0.12804760625679923,0.025320000000000002,8.2e-05,1.0,1.0,0.0,0.06108044935193074,0.1279654144759773,0.1279654144759773,convergence,False
29072L__141024,29072L,141024,2025-03-18,2025-03-21,3,23.736874684985,21.293928572485,4.4628766979389995,4.267895775,-0.04368951600859671,0.10291776591993004,0.05922824991133333,0.16214601583126337,0.025320000000000002,8.2e-05,1.0,1.0,0.0,0.059146058130511416,0.16206382405044145,0.16206382405044145,convergence,False
29072L__141024,29072L,141024,2025-04-11,2025-04-14,1,21.71179065503,20.0185727325075,0.0,0.0,0.0,0.0779861020873573,0.0779861020873573,0.1559722041747146,0.025320000000000002,0.0,0.0,0.0,0.0,0.0779861020873573,0.1559722041747146,0.1559722041747146,overnight_abort,True
29072L__141024,29072L,141024,2025-05-30,2025-06-05,6,27.494873629955,26.7972975,5.317256724999999,5.362228422939,0.008457687914062704,0.02537113424645848,0.03382882216052118,0.05919995640697966,0.025320000000000002,0.000164,1.0,1.0,0.0,0.03366443859887735,0.05903557284533583,0.05903557284533583,convergence,False
29072L__141024,29072L,141024,2025-06-12,2025-06-18,6,29.459525345045,27.839418594970002,5.63890522345425,5.6308367505152495,-0.0014308580512119428,0.0549943263205867,0.053563468269374755,0.10855779458996145,0.025320000000000002,0.000164,1.0,1.0,0.0,0.05339908470773092,0.10839341102831762,0.10839341102831762,convergence,False
29072L__141024,29072L,141024,2025-06-23,2025-06-24,1,30.124468204955,27.124822009985,0.0,0.0,0.0,0.09957507546893746,0.09957507546893746,0.19915015093787491,0.025320000000000002,0.0,0.0,0.0,0.0,0.09957507546893746,0.19915015093787491,0.19915015093787491,overnight_abort,True
518085__912002,518085,912002,2024-10-07,2024-11-20,44,12.185898,9.55957763345085,10.855110898505966,10.50784222643737,-0.03199125972231127,0.21552128259642006,0.1835300228741088,0.39905130547052886,0.03552,0.001205,0.0066979232,0.0064335574,-0.03947,0.182324543422054,0.39784582601847407,0.4376229491743977,convergence,False
518085__912002,518085,912002,2024-11-21,2024-11-26,1,11.2211820904915,10.1010581945085,0.0,0.0,0.0,0.09982227246202158,0.09982227246202158,0.19964454492404315,0.03552,0.0,0.0,0.0,0.0,0.09982227246202158,0.19964454492404315,0.19964454492404315,overnight_abort,True
518085__912002,518085,912002,2024-12-19,2024-12-20,1,12.388996299999999,10.839439569508501,0.0,0.0,0.0,0.12507524362498176,0.12507524362498176,0.2501504872499635,0.03552,0.0,0.0,0.0,0.0,0.12507524362498176,0.2501504872499635,0.2501504872499635,overnight_abort,True
518085__912002,518085,912002,2025-01-15,2025-02-07,1,11.4750549654915,10.2979598945085,0.0,0.0,0.0,0.10257859979955077,0.10257859979955077,0.20515719959910153,0.03552,0.0,0.0,0.0,0.0,0.10257859979955077,0.20515719959910153,0.20515719959910153,overnight_abort,True
518085__912002,518085,912002,2025-05-19,2025-06-10,22,11.627377675,8.48646317154915,10.192148107911331,9.054006148764682,-0.11166850668733933,0.2701309436438212,0.15846243695648185,0.42859338060030305,0.03552,0.000603,0.0069437211,0.0069034552,-0.005799,0.15785969723045445,0.42799064087427563,0.43317202701213,convergence,False
547123__912005,547123,912005,2025-03-14,2025-03-26,12,20.377555935189502,20.2819669859475,40.959830552004576,41.01436276428315,0.001331358346547276,0.004690893723762683,0.00602225207030996,0.010713145794072643,0.014154,0.000329,0.0067017391,0.0066398858,-0.009229,0.005693484947022288,0.010384378670784972,0.01971219706597741,convergence,False
547123__912005,547123,912005,2025-04-07,2025-04-08,1,18.327749548863,18.0825922198105,0.0,0.0,0.0,0.013376291966391946,0.013376291966391946,0.02675258393278389,0.014154,0.0,0.0,0.0,0.0,0.013376291966391946,0.02675258393278389,0.02675258393278389,overnight_abort,True
547123__912005,547123,912005,2025-04-09,2025-04-10,1,19.312459819621,18.4209526690525,0.0,0.0,0.0,0.04616227859605696,0.04616227859605696,0.09232455719211392,0.014154,0.0,0.0,0.0,0.0,0.04616227859605696,0.09232455719211392,0.09232455719211392,overnight_abort,True
547123__912005,547123,912005,2025-04-15,2025-04-16,1,20.73928872,20.192388983862998,0.0,0.0,0.0,0.026370226265744545,0.026370226265744545,0.05274045253148909,0.014154,0.0,0.0,0.0,0.0,0.026370226265744545,0.05274045253148909,0.05274045253148909,overnight_abort,True
547520__936485,547520,936485,2024-09-11,2024-09-13,2,27.7408267615855,27.6740739884145,27.67137721930656,27.994927319023684,0.011692591125944415,0.0024063007834877184,0.014098891909432133,0.016505192692919852,0.026186,5.5e-05,0.0070514398,0.0071005072,0.006958,0.014044097388884187,0.016450398172371906,0.009459189847730958,convergence,False
547520__936485,547520,936485,2024-09-20,2024-09-24,1,28.7409408943205,27.090096735906,0.0,0.0,0.0,0.057438765295979716,0.057438765295979716,0.11487753059195943,0.026186,0.0,0.0,0.0,0.0,0.057438765295979716,0.11487753059195943,0.11487753059195943,overnight_abort,True
547520__936485,547520,936485,2024-11-01,2024-11-08,7,25.225357725452998,24.971981445906,24.93606865119838,25.222303807865757,0.011478760372021248,0.010044506892813474,0.021523267264834722,0.03156777415764819,0.026186,0.000192,0.006595436,0.0065513627,-0.006682,0.021331486442916915,0.031375993335730386,0.03818056345203686,convergence,False
547520__936485,547520,936485,2024-11-21,2024-11-26,5,24.2050340115855,22.992434445906,23.381099643320933,23.165826334230324,-0.009207150748878661,0.05009699904156721,0.040889848292688546,0.09098684733425576,0.026186,0.000137,0.0064618263,0.0065314653,0.010777,0.04075286199131868,0.09084986103288589,0.08028594925201817,convergence,False
547520__936485,547520,936485,2025-01-06,2025-01-07,1,23.7605323311325,22.517347125,0.0,0.0,0.0,0.05232143744959793,0.05232143744959793,0.10464287489919585,0.026186,0.0,0.0,0.0,0.0,0.05232143744959793,0.10464287489919585,0.10464287489919585,overnight_abort,True
547520__936485,547520,936485,2025-01-29,2025-01-31,2,24.726301793546998,23.9228245052265,24.50216588202174,24.1887013768766,-0.012793338623796514,0.032494842739895155,0.01970150411609864,0.052196346855993794,0.026186,5.5e-05,0.0064806714,0.006443091,-0.005799,0.019646709595550694,0.05214155233544585,0.05789959939968604,convergence,False
547520__936485,547520,936485,2025-04-02,2025-04-03,1,25.174843369773498,25.120456378867498,0.0,0.0,0.0,0.002160370577371711,0.002160370577371711,0.004320741154743422,0.026186,0.0,0.0,0.0,0.0,0.002160370577371711,0.004320741154743422,0.004320741154743422,overnight_abort,True
547520__936485,547520,936485,2025-04-07,2025-04-08,1,25.730470975453,25.15162929525,0.0,0.0,0.0,0.022496349979571555,0.022496349979571555,0.04499269995914311,0.026186,0.0,0.0,0.0,0.0,0.022496349979571555,0.04499269995914311,0.04499269995914311,overnight_abort,True
547520__936485,547520,936485,2025-04-09,2025-04-10,1,26.952835948414496,26.377457836359,0.0,0.0,0.0,0.021347590775112585,0.021347590775112585,0.04269518155022517,0.026186,0.0,0.0,0.0,0.0,0.021347590775112585,0.04269518155022517,0.04269518155022517,overnight_abort,True
547520__936485,547520,936485,2025-04-11,2025-04-14,1,30.7411853234145,26.793176563188002,0.0,0.0,0.0,0.12842734327551888,0.12842734327551888,0.25685468655103777,0.026186,0.0,0.0,0.0,0.0,0.12842734327551888,0.25685468655103777,0.25685468655103777,overnight_abort,True
547520__936485,547520,936485,2025-06-12,2025-06-18,6,31.215992788640996,30.3959511134145,30.96396656637894,30.804184055965877,-0.00516027266954088,0.026269921343808584,0.021109648674267706,0.047379570018076286,0.026186,0.000164,0.0069398656,0.0068910859,-0.007029,0.02094526511262387,0.047215186456432454,0.05425732526466605,convergence,False
921505__916933,921505,916933,2024-09-05,2024-09-06,1,15.815110500000001,15.505633620000001,0.0,0.0,0.0,0.019568429825387566,0.019568429825387566,0.03913685965077513,0.016026,0.0,0.0,0.0,0.0,0.019568429825387566,0.03913685965077513,0.03913685965077513,overnight_abort,True
921505__916933,921505,916933,2024-09-12,2024-09-27,15,15.793019552,15.435923,15.393024120612491,15.681400227892924,0.018734207457927275,0.02261103716260376,0.04134524462053103,0.0639562817831348,0.016026,0.000411,0.0071005072,0.0070325956,-0.009564,0.040934285716421444,0.0635453228790252,0.07338292394956032,convergence,False
921505__916933,921505,916933,2024-10-16,2024-10-22,6,15.232713784134,14.51972628,14.763121966144135,14.50581640441318,-0.017428939645762424,0.04680633498652286,0.029377395340760438,0.0761837303272833,0.016026,0.000164,0.0066573459,0.0066192289,-0.005726,0.0292130117791166,0.07601934676563947,0.08167750750812756,convergence,False
921505__916933,921505,916933,2024-11-01,2024-11-07,6,14.891307220000002,14.340470400000001,14.682111176421069,14.586196097728715,-0.006532785206421118,0.036990494646446534,0.030457709440025415,0.06744820408647195,0.016026,0.000164,0.006595436,0.0065385114,-0.008631,0.03029332587838158,0.06728382052482812,0.07593299468016232,convergence,False
921505__916933,921505,916933,2024-11-12,2024-11-15,3,14.17837208,13.63340554,13.618812991607665,13.64345875544777,0.0018096851653145469,0.03843646766533445,0.040246152830648994,0.07868262049598344,0.016026,8.2e-05,0.0064325224,0.0064789914,0.007224,0.04016396104982708,0.07860042871516153,0.07141519086163581,convergence,False
921505__916933,921505,916933,2025-02-14,2025-02-20,6,13.053742000000002,13.35456306,12.992462580014623,13.323104949380776,0.025448783656668476,-0.02304481427624345,0.002403969380425027,-0.02064084489581842,0.016026,0.000164,0.0065763514,0.0066824814,0.016138,0.0022395858187811914,-0.020805228457462258,-0.03709122656132245,convergence,False
921505__916933,921505,916933,2025-03-18,2025-03-19,1,14.047834660000001,13.934157072000001,0.0,0.0,0.0,0.008092178670331802,0.008092178670331802,0.016184357340663605,0.016026,0.0,0.0,0.0,0.0,0.008092178670331802,0.016184357340663605,0.016184357340663605,overnight_abort,True
921505__916933,921505,916933,2025-03-25,2025-03-27,2,14.188414424134,14.01183462,13.867868008356364,14.00326342315795,0.009763246572580634,0.012445351457569805,0.02220859803015044,0.03465394948772024,0.016026,5.5e-05,0.0066398858,0.0066201053,-0.002979,0.022153803509602495,0.0345991549671723,0.03761627040472117,convergence,False
921505__916933,921505,916933,2025-04-07,2025-04-08,1,13.990096955,13.72303348,0.0,0.0,0.0,0.019089465631226606,0.019089465631226606,0.03817893126245321,0.016026,0.0,0.0,0.0,0.0,0.019089465631226606,0.03817893126245321,0.03817893126245321,overnight_abort,True
921505__916933,921505,916933,2025-04-09,2025-04-10,1,14.118125044134,14.22096648,0.0,0.0,0.0,-0.007284355078631993,-0.007284355078631993,-0.014568710157263985,0.016026,0.0,0.0,0.0,0.0,-0.007284355078631993,-0.014568710157263985,-0.014568710157263985,overnight_abort,True
921505__916933,921505,916933,2025-05-02,2025-05-07,1,15.463663600000002,14.890687360866,0.0,0.0,0.0,0.037053071895200955,0.037053071895200955,0.07410614379040191,0.016026,0.0,0.0,0.0,0.0,0.037053071895200955,0.07410614379040191,0.07410614379040191,overnight_abort,True
151426__315299,151426,315299,2024-11-21,2024-12-23,32,8.7599426810374,6.808627077925199,8.248011994897695,7.40242740085299,-0.10251980653856857,0.22275438026965663,0.12023457373108806,0.3429889540007447,0.028069,0.000877,0.6501526591,0.624863155,-0.038898,0.11935786140232094,0.34211224167197757,0.37843512109061067,convergence,False
151426__315299,151426,315299,2025-01-16,2025-01-28,12,8.8306685579252,7.7685644958504,8.46327786693002,8.379667183965822,-0.009879231697083365,0.12027447923199436,0.11039524753491099,0.23066972676690534,0.028069,0.000329,0.6274115347,0.625312539,-0.003345,0.11006648041162333,0.23034095964361767,0.23366451243606945,convergence,False
151426__315299,151426,315299,2025-02-10,2025-02-20,10,9.234818764149601,8.693864311037402,8.497262272264644,8.947188850736033,0.052949592945949815,0.058577701081934976,0.11152729402788479,0.17010499510981977,0.028069,0.000274,0.6280616829,0.640061323,0.019106,0.11125332142514506,0.16983102250708004,0.1500907012210322,convergence,False
151427__997310,151427,997310,2024-09-12,2024-09-16,4,5.4180793473552,5.081051504016401,1.0180857074471497,1.0264644514721266,0.008229900453063684,0.06220430188113018,0.07043420233419387,0.13263850421532405,0.036967,0.00011,0.1282182772,0.1283235807,0.000821,0.07032461329309798,0.13252891517422816,0.13170155252783697,convergence,False
151427__997310,151427,997310,2024-10-16,2024-10-21,5,5.826981,5.3967679359836,1.0964230727483784,1.0879287995175462,-0.007747258737942996,0.07383121105361427,0.06608395231567128,0.13991516336928556,0.036967,0.000137,0.1286396962,0.128647145,5.8e-05,0.06594696601430142,0.1397781770679157,0.13972072462916085,convergence,False
151427__997310,151427,997310,2024-10-25,2024-11-08,14,5.3709566026776,4.8837293013388,1.0268612872456206,1.0147777898552783,-0.011767409620392081,0.09071518118316224,0.07894777156277016,0.1696629527459324,0.036967,0.000384,0.1286719765,0.128622323,-0.000386,0.07856420991893455,0.16927939110209678,0.16966088947486693,convergence,False
151427__997310,151427,997310,2024-11-26,2024-12-02,6,5.14801104,4.7998671826776,0.9855081195793823,0.9883009105853996,0.0028338589510649896,0.06762686688457452,0.0704607258356395,0.13808759272021404,0.036967,0.000164,0.1285074568,0.1285074568,0.0,0.07029634227399567,0.1379232091585702,0.13792320915857023,convergence,False
151427__997310,151427,997310,2024-12-10,2024-12-12,2,5.522964498661199,5.081051504016401,1.034221744374772,1.0275810799503218,-0.006420929032453161,0.08001373080560653,0.07359280177315337,0.1536065325787599,0.036967,5.5e-05,0.128622323,0.1286231584,6e-06,0.07353800725260543,0.15355173805821196,0.1535452848194159,convergence,False
151427__997310,151427,997310,2025-02-04,2025-02-18,14,5.2189478959836,4.8491979800000005,0.9603624840638846,0.9815063501973802,0.022016547381175186,0.07084759674802502,0.0928641441292002,0.16371174087722523,0.036967,0.000384,0.1284265883,0.128622323,0.001524,0.09248058248536459,0.1633281792333896,0.16177289631180303,convergence,False
151427__997310,151427,997310,2025-02-19,2025-02-21,1,5.3709566026776,4.9034619359836,0.0,0.0,0.0,0.08704122957555424,0.08704122957555424,0.17408245915110848,0.036967,0.0,0.0,0.0,0.0,0.08704122957555424,0.17408245915110848,0.17408245915110848,overnight_abort,True
151427__997310,151427,997310,2025-02-26,2025-02-27,1,5.5026972453552,4.686407,0.0,0.0,0.0,0.14834365929258173,0.14834365929258173,0.29668731858516345,0.036967,0.0,0.0,0.0,0.0,0.14834365929258173,0.29668731858516345,0.29668731858516345,overnight_abort,True
151427__997310,151427,997310,2025-03-14,2025-03-18,1,5.5128303146448,5.021855277322401,0.0,0.0,0.0,0.08906042981553902,0.08906042981553902,0.17812085963107804,0.036967,0.0,0.0,0.0,0.0,0.08906042981553902,0.17812085963107804,0.17812085963107804,overnight_abort,True
151427__997310,151427,997310,2025-05-27,2025-05-29,2,5.5634999173224,4.9133273653552,1.0091216905239049,0.9972071351442501,-0.011806856885088984,0.11686394565098052,0.10505708876589154,0.22192103441687205,0.036967,5.5e-05,0.1275737982,0.1275209245,-0.000414,0.10500229424534359,0.22186623989632412,0.22227597208730376,convergence,False
151427__997310,151427,997310,2025-06-23,2025-06-25,1,5.731216340693999,5.1587967269388,0.0,0.0,0.0,0.09987750936756364,0.09987750936756364,0.19975501873512727,0.036967,0.0,0.0,0.0,0.0,0.09987750936756364,0.19975501873512727,0.19975501873512727,overnight_abort,True
151643__932197,151643,932197,2025-02-26,2025-02-27,1,88.79364299999999,89.143241070046,0.0,0.0,0.0,-0.003937197058645446,-0.003937197058645446,-0.007874394117290892,0.007531,0.0,0.0,0.0,0.0,-0.003937197058645446,-0.007874394117290892,-0.007874394117290892,overnight_abort,True
151643__932197,151643,932197,2025-03-17,2025-03-18,1,98.12450441327199,94.794426016682,0.0,0.0,0.0,0.03393727608105587,0.03393727608105587,0.06787455216211175,0.007531,0.0,0.0,0.0,0.0,0.03393727608105587,0.06787455216211175,0.06787455216211175,overnight_abort,True
151643__932197,151643,932197,2025-04-07,2025-04-08,1,85.743563303226,83.880761106728,0.0,0.0,0.0,0.021725271550825664,0.021725271550825664,0.04345054310165133,0.007531,0.0,0.0,0.0,0.0,0.021725271550825664,0.04345054310165133,0.04345054310165133,overnight_abort,True
151643__932197,151643,932197,2025-04-09,2025-04-10,1,93.228307556682,88.63492328322599,0.0,0.0,0.0,0.049270274167138264,0.049270274167138264,0.09854054833427653,0.007531,0.0,0.0,0.0,0.0,0.049270274167138264,0.09854054833427653,0.09854054833427653,overnight_abort,True
696046__147535,696046,147535,2024-11-25,2024-11-27,2,22.906746891232498,22.673548332465,22.86975920470984,22.745552291810963,-0.005431054686106971,0.010180343803281557,0.004749289117174586,0.014929632920456144,0.010335,5.5e-05,0.0118590191,0.0118455344,-0.001137,0.004694494596626641,0.014874838399908198,0.016007034162800467,convergence,False
696046__147535,696046,147535,2024-12-09,2024-12-12,3,23.22768911169,23.182051875,23.006711560455827,23.370731385338004,0.015822331841107557,0.001964777316871945,0.017787109157979503,0.019751886474851446,0.010335,8.2e-05,0.0117806451,0.0117882822,0.000648,0.017704917377157587,0.01966969469402953,0.019011588907377898,convergence,False
696046__147535,696046,147535,2024-12-19,2024-12-30,11,23.4884439470775,22.0354197295425,22.677103767471475,22.241962073668855,-0.01918859208232742,0.06186123784141897,0.04267264575909155,0.10453388360051052,0.010335,0.000301,0.0117713538,0.0116957018,-0.006427,0.04237127589607785,0.10423251373749683,0.11057675420298034,convergence,False
696046__147535,696046,147535,2025-02-03,2025-02-18,15,22.054271792535,21.34743326331,21.85418998446366,21.264779145445665,-0.026970152608584954,0.03204996002018329,0.005079807411598334,0.03712976743178162,0.010335,0.000411,0.0114836929,0.0115082081,0.002135,0.004668848507488745,0.03671880852767203,0.03464602524920748,convergence,False
696046__147535,696046,147535,2025-02-28,2025-03-06,6,20.158749270457502,19.692280625,19.622273575703037,19.669434368326463,0.0024034316126252775,0.023139761261930555,0.025543192874555833,0.048682954136486385,0.010335,0.000164,0.0114586908,0.0114891689,0.00266,0.025378809312911997,0.04851857057484255,0.04585942679386524,convergence,False
696046__147535,696046,147535,2025-04-09,2025-04-16,7,17.71161536169,16.531546944155,16.38763650919886,16.46832792531361,0.00492392030232396,0.06662680921173761,0.07155072951406156,0.1381775387257992,0.010335,0.000192,0.0116009285,0.0116802642,0.006839,0.07135894869214375,0.13798575790388137,0.13116002679893504,convergence,False
905168__922020,905168,922020,2025-03-17,2025-03-18,1,395.97644,386.043336,0.0,0.0,0.0,0.02508508839566317,0.02508508839566317,0.05017017679132634,0.007873999999999999,0.0,0.0,0.0,0.0,0.02508508839566317,0.05017017679132634,0.05017017679132634,overnight_abort,True
905168__922020,905168,922020,2025-04-07,2025-04-08,1,352.8099455564,340.40643,0.0,0.0,0.0,0.035156365948921894,0.035156365948921894,0.07031273189784379,0.007873999999999999,0.0,0.0,0.0,0.0,0.035156365948921894,0.07031273189784379,0.07031273189784379,overnight_abort,True
905168__922020,905168,922020,2025-04-09,2025-04-10,1,374.41326728,350.31182318832,0.0,0.0,0.0,0.06437123413593165,0.06437123413593165,0.1287424682718633,0.007873999999999999,0.0,0.0,0.0,0.0,0.06437123413593165,0.1287424682718633,0.1287424682718633,overnight_abort,True
512142__929143,512142,929143,2024-12-19,2024-12-23,4,86.55973725000001,81.62189085665801,8.231595681941066,8.235210519715588,0.00043914180363023185,0.057045533526524174,0.0574846753301544,0.11453020885667858,0.019733,0.00011,0.0063932487,0.0063619302,-0.004899,0.05737508628905851,0.1144206198155827,0.11934558005211228,convergence,False
512142__929143,512142,929143,2025-03-18,2025-03-24,6,87.92249236610101,77.223830653899,8.30966823477063,8.19134667742321,-0.014239023027696807,0.12168287572710959,0.10744385269941278,0.22912672842652237,0.019733,0.000164,0.006725628,0.0066354795,-0.013404,0.10727946913776895,0.22896234486487854,0.24235472644522807,convergence,False
151663__929587,151663,929587,2024-11-12,2024-11-15,3,53.821901881976,53.805476632517994,26.486266186808013,27.03502938542306,0.02071878288712387,0.0003051777972101565,0.021023960684334025,0.02132913848154418,0.008767,8.2e-05,0.7446849231,0.7447404937,7.5e-05,0.02094176890351211,0.021246946700722264,0.0211707833180727,convergence,False
151663__929587,151663,929587,2025-01-15,2025-01-16,1,54.129659520024,54.074807242542,0.0,0.0,0.0,0.0010133497599722995,0.0010133497599722995,0.002026699519944599,0.008767,0.0,0.0,0.0,0.0,0.0010133497599722995,0.002026699519944599,0.002026699519944599,overnight_abort,True
151663__929587,151663,929587,2025-02-28,2025-03-03,1,57.182251745036,56.568572242542,0.0,0.0,0.0,0.01073199259851244,0.01073199259851244,0.02146398519702488,0.008767,0.0,0.0,0.0,0.0,0.01073199259851244,0.02146398519702488,0.02146398519702488,overnight_abort,True
151663__929587,151663,929587,2025-03-05,2025-03-06,1,58.03939514247,57.296747632518,0.0,0.0,0.0,0.012795576317241328,0.012795576317241328,0.025591152634482656,0.008767,0.0,0.0,0.0,0.0,0.012795576317241328,0.025591152634482656,0.025591152634482656,overnight_abort,True
151663__929587,151663,929587,2025-04-07,2025-04-08,1,49.943753842976,46.907713664964,0.0,0.0,0.0,0.060789186723075775,0.060789186723075775,0.12157837344615155,0.008767,0.0,0.0,0.0,0.0,0.060789186723075775,0.12157837344615155,0.12157837344615155,overnight_abort,True
151663__929587,151663,929587,2025-04-09,2025-04-10,1,48.580866257458,49.376547,0.0,0.0,0.0,-0.016378479920988506,-0.016378479920988506,-0.03275695984197701,0.008767,0.0,0.0,0.0,0.0,-0.016378479920988506,-0.03275695984197701,-0.03275695984197701,overnight_abort,True
151663__929587,151663,929587,2025-04-11,2025-04-15,4,50.425452209976,51.231909157505996,25.068185274753567,25.668084468018833,0.023930698879484926,-0.01599305335273618,0.007937645526748745,-0.008055407825987435,0.008767,0.00011,0.7600519146,0.7583802151,-0.002199,0.007828056485652855,-0.008164996867083326,-0.005907943738230562,convergence,False
151663__929587,151663,929587,2025-04-28,2025-05-05,7,54.826399867481996,54.244381267529995,26.306672068197578,27.06714009334259,0.02890780039275096,0.010615663281900091,0.03952346367465105,0.05013912695655114,0.008767,0.000192,0.7641751627,0.7752539558,0.014498,0.039331682852733245,0.049947346134633336,0.035243704116109935,convergence,False
151293__937357,151293,937357,2024-11-07,2024-11-12,5,2.88294404759325,2.742818184291,0.5701544293690309,0.5589316940299233,-0.019683676493625527,0.04860512760184519,0.028921451108219663,0.07752657871006485,0.026376,0.000137,0.128622323,0.1285661006,-0.000437,0.0287844648068498,0.07738959240869499,0.07781828812404672,convergence,False
151293__937357,151293,937357,2024-12-27,2024-12-30,1,2.9635857467910003,2.8172162983955,0.0,0.0,0.0,0.04938930771751434,0.04938930771751434,0.09877861543502868,0.026376,0.0,0.0,0.0,0.0,0.04938930771751434,0.09877861543502868,0.09877861543502868,overnight_abort,True
151293__937357,151293,937357,2025-01-22,2025-01-23,1,2.812382775,2.69827849373875,0.0,0.0,0.0,0.04057210216032917,0.04057210216032917,0.08114420432065834,0.026376,0.0,0.0,0.0,0.0,0.04057210216032917,0.08114420432065834,0.08114420432065834,overnight_abort,True
151293__937357,151293,937357,2025-02-10,2025-02-13,3,2.8224632016045,2.74777817098875,0.5547021841400799,0.5581997212801916,0.006305252151717607,0.02646094042015976,0.032766192571877364,0.05922713299203713,0.026376,8.2e-05,0.1283375742,0.1283977314,0.000469,0.03268400079105545,0.05914494121121521,0.05867346476334765,convergence,False
151293__937357,151293,937357,2025-03-27,2025-04-02,6,3.316394025,3.0255315733955,0.6655227275290344,0.6187234880884127,-0.0703195210393172,0.08770443120204939,0.017384910162732192,0.10508934136478158,0.026376,0.000164,0.1285636262,0.1284991887,-0.000501,0.017220526601088356,0.10492495780313775,0.10539115752368929,convergence,False
151293__937357,151293,937357,2025-04-07,2025-04-08,1,2.953506328209,2.782497284291,0.0,0.0,0.0,0.05790034789656253,0.05790034789656253,0.11580069579312506,0.026376,0.0,0.0,0.0,0.0,0.05790034789656253,0.11580069579312506,0.11580069579312506,overnight_abort,True
151293__937357,151293,937357,2025-05-14,2025-06-24,41,3.6994426758022505,3.6504775967909997,0.7030570138908641,0.7363042861208047,0.047289581887453594,0.01323579882221918,0.060525380709672776,0.07376117953189196,0.026376,0.001123,0.1281033009,0.1273885285,-0.00558,0.0594020930384399,0.07263789186065908,0.07851419561230104,convergence,False
29057L__140891,29057L,140891,2024-10-25,2024-10-29,4,37.7625706302645,36.3720615493235,37.319695172592,36.452715858272,-0.023231146725890665,0.036822415893122205,0.01359126916723154,0.05041368506035375,0.017783,0.00011,1.0,1.0,0.0,0.01348168012613565,0.05030409601925786,0.05030409601925786,convergence,False
29057L__140891,29057L,140891,2024-12-11,2024-12-12,1,44.32080107661749,43.969078222706,0.0,0.0,0.0,0.007935841531913318,0.007935841531913318,0.015871683063826636,0.017783,0.0,0.0,0.0,0.0,0.007935841531913318,0.015871683063826636,0.015871683063826636,overnight_abort,True
29057L__140891,29057L,140891,2025-02-12,2025-02-18,6,39.70090695067649,40.738098023441,39.68043599999999,40.792799378272,0.02803304324256941,-0.026125122885809385,0.0019079203567600247,-0.02421720252904936,0.017783,0.000164,1.0,1.0,0.0,0.0017435367951161892,-0.024381586090693196,-0.024381586090693196,convergence,False
29057L__140891,29057L,140891,2025-03-20,2025-03-24,4,44.32080107661749,42.756843079632496,42.432958347408,42.783663378271996,0.008264920583493129,0.03528722313212204,0.04355214371561517,0.07883936684773721,0.017783,0.00011,1.0,1.0,0.0,0.04344255467451928,0.07872977780664132,0.07872977780664132,convergence,False
29057L__140891,29057L,140891,2025-04-09,2025-04-10,1,37.632999842558995,39.5353277811765,0.0,0.0,0.0,-0.05054946314607025,-0.05054946314607025,-0.1010989262921405,0.017783,0.0,0.0,0.0,0.0,-0.05054946314607025,-0.1010989262921405,-0.1010989262921405,overnight_abort,True
29057L__140891,29057L,140891,2025-06-02,2025-06-03,1,44.290673380264494,44.227949134323495,0.0,0.0,0.0,0.0014161953556783762,0.0014161953556783762,0.0028323907113567523,0.017783,0.0,0.0,0.0,0.0,0.0014161953556783762,0.0028323907113567523,0.0028323907113567523,overnight_abort,True
30913C__755998,30913C,755998,2024-11-26,2024-12-03,7,5.9293613856344995,4.43285689481725,2.299785291134204,2.2691733120386615,-0.013310798713929161,0.2523888144923906,0.23907801577846144,0.49146683027085203,0.113574,0.000192,0.2250984705,0.2237136315,-0.006152,0.23888623495654362,0.49127504944893424,0.49738288327943453,convergence,False
30913C__755998,30913C,755998,2024-12-04,2024-12-31,27,6.5507332659517505,4.46902608404825,2.316644078063955,2.281781640730522,-0.015048680832563582,0.31778231495448495,0.30273363412192134,0.6205159490764063,0.113574,0.00074,0.2258611056,0.22363858,-0.00984,0.3019939080945241,0.619776223049009,0.6295646930062204,convergence,False
32601M__257189,32601M,257189,2025-03-07,2025-06-06,91,0.9237148278583651,0.77322457530423,0.19489817379523894,0.18660798988249125,-0.042535975331700136,0.16291851988892184,0.1203825445572217,0.28330106444614356,0.08371,0.002493,0.2248959907,0.2365464222,0.051804,0.1178893938722902,0.28080791376121206,0.2336507049166796,force_close,False
53401V__932034,53401V,932034,2024-10-02,2024-10-07,5,80.87549521777049,77.96283084472951,78.18581022684687,78.45616491154782,0.0034578484755295826,0.036014176669931446,0.039472025145461026,0.07548620181539248,0.028605,0.000137,0.006805962,0.0067483214,-0.008469,0.03933503884409116,0.07534921551402261,0.08392022288495761,convergence,False
53401V__932034,53401V,932034,2024-12-24,2024-12-27,3,78.44215876404449,81.0575761572295,80.80197961380566,81.60549524818938,0.009944256789550755,-0.03334198643171254,-0.02339772964216178,-0.05673971607387432,0.028605,8.2e-05,0.0063281126,0.0063357299,0.001204,-0.023479921422983697,-0.056821907854696235,-0.05803614023339075,convergence,False
53401V__932034,53401V,932034,2025-03-13,2025-03-18,5,87.83219974308898,89.376244625,85.50109803730633,90.35562728245169,0.05677739066026031,-0.017579485501073452,0.039197905159186856,0.021618419658113404,0.028605,0.000137,0.0067278905,0.0066992693,-0.004254,0.03906091885781699,0.021481433356743542,0.025996289484943164,convergence,False
53401V__932034,53401V,932034,2025-04-07,2025-04-08,1,78.87631474127399,74.26399025691099,0.0,0.0,0.0,0.058475405443219663,0.058475405443219663,0.11695081088643933,0.028605,0.0,0.0,0.0,0.0,0.058475405443219663,0.11695081088643933,0.11695081088643933,overnight_abort,True
53401V__932034,53401V,932034,2025-04-09,2025-04-10,1,81.36255648623698,78.4431353172295,0.0,0.0,0.0,0.03588163026196599,0.03588163026196599,0.07176326052393198,0.028605,0.0,0.0,0.0,0.0,0.03588163026196599,0.07176326052393198,0.07176326052393198,overnight_abort,True
53401V__932034,53401V,932034,2025-04-17,2025-04-21,1,92.4868324677705,89.128665,0.0,0.0,0.0,0.03630968191002479,0.03630968191002479,0.07261936382004958,0.028605,0.0,0.0,0.0,0.0,0.03630968191002479,0.07261936382004958,0.07261936382004958,overnight_abort,True
53401V__932034,53401V,932034,2025-04-25,2025-05-02,7,118.789028475,113.80740202,114.77643717735204,114.22943996652411,-0.004765762244237529,0.041936755599010694,0.03717099335477317,0.07910774895378386,0.028605,0.000192,0.0070415097,0.0068986922,-0.020282,0.03697921253285536,0.07891596813186605,0.09951941899327482,convergence,False
53401V__932034,53401V,932034,2025-05-19,2025-05-20,1,127.32084724681498,123.84923161,0.0,0.0,0.0,0.02726667087036541,0.02726667087036541,0.05453334174073082,0.028605,0.0,0.0,0.0,0.0,0.02726667087036541,0.05453334174073082,0.05453334174073082,overnight_abort,True
54184D__31722D,54184D,31722D,2024-09-24,2024-09-25,1,34.185978196045,32.6527575,0.0,0.0,0.0,0.044849402502174965,0.044849402502174965,0.08969880500434993,0.033216,0.0,0.0,0.0,0.0,0.044849402502174965,0.08969880500434993,0.08969880500434993,overnight_abort,True
54184D__31722D,54184D,31722D,2024-10-01,2024-10-02,1,33.7014255836375,29.709056000634998,0.0,0.0,0.0,0.11846292890769738,0.11846292890769738,0.23692585781539477,0.033216,0.0,0.0,0.0,0.0,0.11846292890769738,0.23692585781539477,0.23692585781539477,overnight_abort,True
54184D__31722D,54184D,31722D,2024-10-04,2024-10-21,17,31.659671946045002,26.2243250253875,5.744641065885068,5.459809398374617,-0.04958215217343042,0.17168045613108437,0.12209830395765395,0.2937787600887383,0.033216,0.000466,0.0066829285,0.0066295412,-0.007989,0.12163255053299642,0.2933130066640808,0.30096666492436447,convergence,False
54184D__31722D,54184D,31722D,2024-12-10,2024-12-17,7,27.587268292090002,25.1079915625,5.239787742148121,5.060387522706459,-0.03423806998871196,0.08987032363406838,0.05563225364535642,0.1455025772794248,0.033216,0.000192,0.0065593122,0.0065148702,-0.006775,0.055440472823438613,0.145310796457507,0.15189886197162306,convergence,False
54184D__31722D,54184D,31722D,2025-04-10,2025-04-17,7,24.3535993236575,22.98555836709,4.600012231534172,4.618914000286106,0.004109069237329091,0.05617407670982593,0.060283145947155024,0.11645722265698095,0.033216,0.000192,0.0069932515,0.0070209928,0.003967,0.06009136512523722,0.11626544183506314,0.1122980127668502,convergence,False
54190K__315775,54190K,315775,2024-09-11,2024-09-12,1,8.748277108249999,8.380380804699,0.0,0.0,0.0,0.04205357226328114,0.04205357226328114,0.08410714452656227,0.032595,0.0,0.0,0.0,0.0,0.04205357226328114,0.08410714452656227,0.08410714452656227,overnight_abort,True
54190K__315775,54190K,315775,2024-09-24,2024-09-30,6,9.5989546085995,9.11168834647575,1.842701949398306,1.9005472963966352,0.031391591579537574,0.05076243007621045,0.08215402165574803,0.13291645173195848,0.032595,0.000164,0.1284562767,0.1286545946,0.001544,0.0819896380941042,0.13275206817031465,0.1311622033453883,convergence,False
54190K__315775,54190K,315775,2024-10-04,2024-10-07,1,9.46995629647575,8.8942725,0.0,0.0,0.0,0.06079054416438985,0.06079054416438985,0.1215810883287797,0.032595,0.0,0.0,0.0,0.0,0.06079054416438985,0.1215810883287797,0.1215810883287797,overnight_abort,True
54190K__315775,54190K,315775,2024-12-02,2024-12-04,2,11.67556615,11.068427999999999,2.2742817804019064,2.2659760032531113,-0.003652044008076836,0.05200074601949824,0.0483487020114214,0.10034944803091964,0.032595,5.5e-05,0.1284892839,0.1284612338,-0.000218,0.04829390749087346,0.10029465351037169,0.10051221065951059,convergence,False
54190K__315775,54190K,315775,2024-12-09,2024-12-16,7,12.018042678750001,11.2660785,2.2664454018488955,2.297148397741758,0.013546761756456202,0.06256960462285632,0.07611636637931253,0.13868597100216884,0.032595,0.000192,0.1286305904,0.1286314276,7e-06,0.07592458555739472,0.13849419018025103,0.13848759349260817,convergence,False
54190K__315775,54190K,315775,2025-01-06,2025-01-15,9,11.473217661747501,9.615696429699,2.1520033745079923,1.9430772133757037,-0.09708449513005754,0.16190063562043325,0.0648161404903757,0.22671677611080895,0.032595,0.000247,0.1285867704,0.1284183306,-0.00131,0.06456956514790996,0.2264702007683432,0.22765450916377722,convergence,False
54190K__315775,54190K,315775,2025-01-28,2025-02-03,1,11.5339215,10.860894975,0.0,0.0,0.0,0.05835192523202097,0.05835192523202097,0.11670385046404194,0.032595,0.0,0.0,0.0,0.0,0.05835192523202097,0.11670385046404194,0.11670385046404194,overnight_abort,True
54190K__315775,54190K,315775,2025-05-19,2025-05-20,1,8.2788264705995,7.53048395117475,0.0,0.0,0.0,0.09039234269281154,0.09039234269281154,0.1807846853856231,0.032595,0.0,0.0,0.0,0.0,0.09039234269281154,0.1807846853856231,0.1807846853856231,overnight_abort,True
54190K__315775,54190K,315775,2025-05-22,2025-05-23,1,8.013040301174751,7.31306820352425,0.0,0.0,0.0,0.08735412169933571,0.08735412169933571,0.17470824339867141,0.032595,0.0,0.0,0.0,0.0,0.08735412169933571,0.17470824339867141,0.17470824339867141,overnight_abort,True
54190K__315775,54190K,315775,2025-06-05,2025-06-06,1,7.274464120301,6.7201171976505005,0.0,0.0,0.0,0.0762045029686066,0.0762045029686066,0.1524090059372132,0.032595,0.0,0.0,0.0,0.0,0.0762045029686066,0.1524090059372132,0.1524090059372132,overnight_abort,True
54190K__315775,54190K,315775,2025-06-24,2025-06-25,1,7.780337870301,6.9671803226505,0.0,0.0,0.0,0.10451442613494644,0.10451442613494644,0.20902885226989287,0.032595,0.0,0.0,0.0,0.0,0.10451442613494644,0.20902885226989287,0.20902885226989287,overnight_abort,True
54186D__29730F,54186D,29730F,2025-01-15,2025-01-16,1,13.040397475,12.591488253019502,0.0,0.0,0.0,0.034424504532251494,0.034424504532251494,0.06884900906450299,0.018275,0.0,0.0,0.0,0.0,0.034424504532251494,0.06884900906450299,0.06884900906450299,overnight_abort,True
54186D__29730F,54186D,29730F,2025-02-13,2025-02-14,1,13.0504682869805,12.27372102,0.0,0.0,0.0,0.05951872759657248,0.05951872759657248,0.11903745519314496,0.018275,0.0,0.0,0.0,0.0,0.05951872759657248,0.11903745519314496,0.11903745519314496,overnight_abort,True
54186D__29730F,54186D,29730F,2025-04-07,2025-04-08,1,12.113975415,11.6282593380195,0.0,0.0,0.0,0.04009551450625098,0.04009551450625098,0.08019102901250195,0.018275,0.0,0.0,0.0,0.0,0.04009551450625098,0.08019102901250195,0.08019102901250195,overnight_abort,True
54186D__29730F,54186D,29730F,2025-04-09,2025-04-10,1,12.24488288,11.61832815,0.0,0.0,0.0,0.05116869929588093,0.05116869929588093,0.10233739859176186,0.018275,0.0,0.0,0.0,0.0,0.05116869929588093,0.10233739859176186,0.10233739859176186,overnight_abort,True
54181K__916020,54181K,916020,2024-10-30,2024-10-31,1,12.351816199620998,11.626027715379001,0.0,0.0,0.0,0.058759657083001876,0.058759657083001876,0.11751931416600375,0.016666,0.0,0.0,0.0,0.0,0.058759657083001876,0.11751931416600375,0.11751931416600375,overnight_abort,True
54181K__916020,54181K,916020,2025-04-09,2025-04-10,1,9.0516355113863,8.8986878618484,0.0,0.0,0.0,0.016897239106181756,0.016897239106181756,0.03379447821236351,0.016666,0.0,0.0,0.0,0.0,0.016897239106181756,0.03379447821236351,0.03379447821236351,overnight_abort,True
54181K__916020,54181K,916020,2025-04-25,2025-04-28,1,10.11653347,10.016498877,0.0,0.0,0.0,0.009888228343893392,0.009888228343893392,0.019776456687786784,0.016666,0.0,0.0,0.0,0.0,0.009888228343893392,0.019776456687786784,0.019776456687786784,overnight_abort,True
54181K__916020,54181K,916020,2025-05-12,2025-05-13,1,9.4836218381516,9.1873477718484,0.0,0.0,0.0,0.031240603153462162,0.031240603153462162,0.062481206306924324,0.016666,0.0,0.0,0.0,0.0,0.031240603153462162,0.062481206306924324,0.062481206306924324,overnight_abort,True
54186Q__317701,54186Q,317701,2024-11-01,2024-11-08,7,16.0578511232625,15.962217375000002,31.691627663686415,32.046690971344226,0.01120369428247,0.005955575719839321,0.017159270002309324,0.02311484572214864,0.008936,0.000192,0.006595436,0.0065513627,-0.006682,0.016967489180391516,0.022923064900230834,0.029725784551093697,convergence,False
54186Q__317701,54186Q,317701,2024-12-06,2024-12-10,4,16.809154248262498,16.2317432586875,32.86401741840921,32.47228985589415,-0.011919649309083976,0.034350984055886186,0.022431334746802208,0.05678231880268839,0.008936,0.00011,0.0066131006,0.0065806787,-0.004903,0.022321745705706317,0.0566727297615925,0.06154083589205372,convergence,False
54186Q__317701,54186Q,317701,2025-03-25,2025-03-26,1,16.178054614575,15.962217375000002,0.0,0.0,0.0,0.013341359311554571,0.013341359311554571,0.026682718623109142,0.008936,0.0,0.0,0.0,0.0,0.013341359311554571,0.026682718623109142,0.026682718623109142,overnight_abort,True
54186Q__317701,54186Q,317701,2025-03-28,2025-06-26,90,16.268223010425,16.541217611100002,15.777157016645257,16.53424997706412,0.047986653084590235,-0.01678084942037379,0.031205803664216446,0.014424954243842658,0.008936,0.002466,0.0066684445,0.0069254471,0.03854,0.02874005023955891,0.011959200819185124,-0.026931471612351952,force_close,False
54187L__946076,54187L,946076,2024-11-12,2024-11-15,3,10.38575388,10.562271948628501,19.871120100835697,21.568982244877173,0.08544370601283172,-0.01699617289876522,0.0684475331140665,0.05145136021530128,0.018694000000000002,8.2e-05,0.0064325224,0.0064789914,0.007224,0.06836534133324458,0.05136916843447936,0.04358408577875762,convergence,False
54187L__946076,54187L,946076,2025-04-07,2025-04-08,1,10.5870291863715,10.254246120000001,0.0,0.0,0.0,0.03143309237306017,0.03143309237306017,0.06286618474612034,0.018694000000000002,0.0,0.0,0.0,0.0,0.03143309237306017,0.06286618474612034,0.06286618474612034,overnight_abort,True
54187L__946076,54187L,946076,2025-04-09,2025-04-10,1,11.009704209999999,11.3025241875,0.0,0.0,0.0,-0.026596534467659482,-0.026596534467659482,-0.053193068935318964,0.018694000000000002,0.0,0.0,0.0,0.0,-0.026596534467659482,-0.053193068935318964,-0.053193068935318964,overnight_abort,True
54187L__946076,54187L,946076,2025-06-27,2025-06-30,1,13.93572934625,13.2400997625,0.0,0.0,0.0,0.049916984354836685,0.049916984354836685,0.09983396870967337,0.018694000000000002,0.0,0.0,0.0,0.0,0.049916984354836685,0.09983396870967337,0.09983396870967337,overnight_abort,True
54185K__8743F9,54185K,8743F9,2024-09-19,2024-12-18,90,32.696338254450005,33.44274950445,0.17859907143967665,0.16983943885524755,-0.04904635009475817,-0.02282858845511261,-0.07187493854987079,-0.09470352700498338,0.010277999999999999,0.002466,0.006948546,0.006459322,-0.070407,-0.07434069197452832,-0.09716928042964092,-0.025144794203185244,force_close,False
54185K__140271,54185K,140271,2024-09-11,2024-09-13,2,31.045394771555998,30.914597228444002,315.1759314974373,310.4752359520615,-0.014914513056381792,0.004213106132953196,-0.010701406923428598,-0.006488300790475401,0.012159,5.5e-05,0.0070514398,0.0071005072,0.006958,-0.010756201443976543,-0.0065430953110233465,-0.013350437696657143,convergence,False
54185K__140271,54185K,140271,2024-10-02,2024-10-07,5,32.909322233667,33.529077385223,331.3307861049525,339.10172763514083,0.023453726173597436,-0.018832206484093904,0.004621519689503532,-0.014210686794590373,0.012159,0.000137,0.006805962,0.0067483214,-0.008469,0.004484533388133669,-0.014347673095960236,-0.0056058714904703546,convergence,False
54185K__140271,54185K,140271,2024-10-10,2024-10-15,5,35.875577808444,34.906153228444,366.7990226496958,357.28958531822786,-0.025925470746277726,0.02702185272600207,0.0010963819797243438,0.028118234705726414,0.012159,0.000137,0.0067048841,0.0067024129,-0.000369,0.0009593956783544807,0.027981248404356552,0.028340392642798105,convergence,False
54185K__140271,54185K,140271,2025-03-04,2025-03-06,2,31.877148905778,31.4335035,318.2138778631165,321.3634555110325,0.009897675327883732,0.013917348979023192,0.023815024306906924,0.03773237328593011,0.012159,5.5e-05,0.0067165933,0.006758355,0.006218,0.02376022978635898,0.03767757876538217,0.03143714840211484,convergence,False
54185K__140271,54185K,140271,2025-04-07,2025-04-08,1,29.121343655778,28.489734941556,0.0,0.0,0.0,0.021688858923811328,0.021688858923811328,0.043377717847622656,0.012159,0.0,0.0,0.0,0.0,0.021688858923811328,0.043377717847622656,0.043377717847622656,overnight_abort,True
54185K__140271,54185K,140271,2025-04-09,2025-04-16,7,31.616606058444,32.161958478444,323.03799033988514,322.02757537446314,-0.0031278518181681683,-0.01724892352429936,-0.02037677534246753,-0.037625698866766887,0.012159,0.000192,0.0069225706,0.0070499484,0.0184,-0.020568556164385337,-0.037817479688684694,-0.05582887124960389,convergence,False
54444M__932127,54444M,932127,2025-02-13,2025-03-03,18,8.941006699652,8.310976999304,17.702940427972433,17.147834049362153,-0.03135673312966446,0.07046518602569914,0.03910845289603468,0.10957363892173382,0.010641,0.000493,0.0065640483,0.0066885158,0.018962,0.038615302211103174,0.1090804882368023,0.09105487397134977,convergence,False
54633R__871051,54633R,871051,2024-10-02,2024-10-07,5,104.12915137499999,97.57488887246251,198.22616547945083,195.56391637751796,-0.013430361705749965,0.06294358895650304,0.04951322725075307,0.11245681620725612,0.033492,0.000137,0.6840414097,0.6757668585,-0.012097,0.049376240949383206,0.11231982990588625,0.12440006272841875,convergence,False
54633R__871051,54633R,871051,2025-01-22,2025-02-03,12,100.97953477499999,96.4556253025375,197.48101540423716,192.91160532517497,-0.02313847774029695,0.04480026059282756,0.02166178285253061,0.06646204344535817,0.033492,0.000329,0.6285552262,0.6226842373,-0.00934,0.021333015729242937,0.0661332763220705,0.07534363176464884,convergence,False
54633R__871051,54633R,871051,2025-04-09,2025-04-10,1,82.83895253101498,77.4378694164475,0.0,0.0,0.0,0.06519979972640665,0.06519979972640665,0.1303995994528133,0.033492,0.0,0.0,0.0,0.0,0.06519979972640665,0.1303995994528133,0.1303995994528133,overnight_abort,True
54633R__871051,54633R,871051,2025-05-08,2025-05-09,1,88.0529903789475,82.8757615344925,0.0,0.0,0.0,0.05879674071458702,0.05879674071458702,0.11759348142917404,0.033492,0.0,0.0,0.0,0.0,0.05879674071458702,0.11759348142917404,0.11759348142917404,overnight_abort,True
51655V__32146V,51655V,32146V,2024-09-17,2024-09-24,7,20.732661428352497,20.350424686852502,10.398005239084002,10.167700849858926,-0.022148901056464936,0.018436453169358907,-0.003712447887106028,0.01472400528225288,0.036768,0.000192,0.0070283947,0.0069817776,-0.006633,-0.003904228709023836,0.01453222446033507,0.021061304169857985,convergence,False
51655V__32146V,51655V,32146V,2024-12-26,2024-12-30,4,15.911929756249998,14.9541758456175,7.545504336267851,7.43687170479384,-0.014397000734843216,0.0601909338027529,0.04579393306790969,0.10598486687066258,0.036768,0.00011,0.0063357299,0.0063757208,0.006312,0.045684344026813796,0.1058752778295667,0.09969320803389553,convergence,False
51655V__32146V,51655V,32146V,2025-04-09,2025-04-10,1,11.992327049999998,11.947410000000001,0.0,0.0,0.0,0.0037454824082701205,0.0037454824082701205,0.007490964816540241,0.036768,0.0,0.0,0.0,0.0,0.0037454824082701205,0.007490964816540241,0.007490964816540241,overnight_abort,True
54339N__297127,54339N,297127,2024-09-11,2024-09-13,2,24.81742798056,23.84741073021,2.4088425882539575,2.392796782284143,-0.0066612098474418315,0.03908613137146343,0.0324249215240216,0.07151105289548504,0.029593,5.5e-05,0.7684329585,0.7705641416,0.002773,0.03237012700347366,0.07145625837493709,0.0687089376421661,convergence,False
54339N__297127,54339N,297127,2024-09-19,2024-09-23,4,25.807292540280002,24.26219733979,2.44438122968586,2.429189113222976,-0.006215117461377542,0.059870488083103635,0.053655370621726095,0.11352585870482973,0.029593,0.00011,0.7748031535,0.7748334709,3.9e-05,0.053545781580630204,0.11341626966373385,0.1133773852131655,convergence,False
54339N__297127,54339N,297127,2024-09-25,2024-09-27,2,25.85274367014,26.02525376042,2.4588617709655614,2.61014467393581,0.061525582591347446,-0.006672796221595973,0.05485278636975147,0.0481799901481555,0.029593,5.5e-05,0.7793930959,0.7805179595,0.001443,0.05479799184920353,0.04812519562760756,0.04659535063968356,convergence,False
54339N__297127,54339N,297127,2024-10-09,2024-10-10,1,26.57493967986,25.34221492951,0.0,0.0,0.0,0.0463867374752399,0.0463867374752399,0.0927734749504798,0.029593,0.0,0.0,0.0,0.0,0.0463867374752399,0.0927734749504798,0.0927734749504798,overnight_abort,True
54339N__297127,54339N,297127,2024-11-05,2024-11-06,1,25.45376096979,23.19405297049,0.0,0.0,0.0,0.08877697885125715,0.08877697885125715,0.1775539577025143,0.029593,0.0,0.0,0.0,0.0,0.08877697885125715,0.1775539577025143,0.1775539577025143,overnight_abort,True
54339N__297127,54339N,297127,2025-01-17,2025-01-22,5,23.561898849720002,22.263531639580002,2.2884506496432384,2.24688338306773,-0.018163934005738187,0.055104523553942235,0.03694058954820405,0.09204511310214628,0.029593,0.000137,0.7395081723,0.73776253,-0.002361,0.03680360324683418,0.09190812680077641,0.09423127889751559,convergence,False
54339N__297127,54339N,297127,2025-02-04,2025-02-10,6,24.59521157049,23.629625140279998,2.42102735181253,2.3792281642898483,-0.01726506207845528,0.03925912275414371,0.02199406067568843,0.061253183429832145,0.029593,0.000164,0.7414271375,0.7378170178,-0.004869,0.021829677114044595,0.06108879986818831,0.06589729665489513,convergence,False
54339N__297127,54339N,297127,2025-03-04,2025-03-10,6,24.96134881458,24.08945554472,2.4299381339714716,2.4244032942085694,-0.0022777698269445886,0.034929733819140565,0.03265196399219598,0.06758169781133654,0.029593,0.000164,0.7510890792,0.7495128167,-0.002099,0.032487580430552145,0.0674173142496927,0.06951557341457576,convergence,False
54339N__297127,54339N,297127,2025-04-02,2025-04-03,1,26.08505471979,24.686379374999998,0.0,0.0,0.0,0.0536197972292873,0.0536197972292873,0.1072395944585746,0.029593,0.0,0.0,0.0,0.0,0.0536197972292873,0.1072395944585746,0.1072395944585746,overnight_abort,True
54187R__937334,54187R,937334,2024-11-07,2024-11-08,1,20.44662077889,19.6967026216675,0.0,0.0,0.0,0.03667687513414187,0.03667687513414187,0.07335375026828374,0.027093,0.0,0.0,0.0,0.0,0.03667687513414187,0.07335375026828374,0.07335375026828374,overnight_abort,True
54187R__937334,54187R,937334,2025-04-07,2025-04-08,1,18.824991546667498,18.2075363716675,0.0,0.0,0.0,0.0327997584205716,0.0327997584205716,0.0655995168411432,0.027093,0.0,0.0,0.0,0.0,0.0327997584205716,0.0655995168411432,0.0655995168411432,overnight_abort,True
54187R__937334,54187R,937334,2025-04-09,2025-04-10,1,19.177510356665,18.9719790177775,0.0,0.0,0.0,0.010717310801298516,0.010717310801298516,0.021434621602597032,0.027093,0.0,0.0,0.0,0.0,0.010717310801298516,0.021434621602597032,0.021434621602597032,overnight_abort,True
54187R__937334,54187R,937334,2025-05-14,2025-05-15,1,19.25809017111,18.2075363716675,0.0,0.0,0.0,0.05455129714879433,0.05455129714879433,0.10910259429758866,0.027093,0.0,0.0,0.0,0.0,0.05455129714879433,0.10910259429758866,0.10910259429758866,overnight_abort,True
54184F__912392,54184F,912392,2025-01-27,2025-02-20,24,27.19737,25.04556472924,9.155183971812452,8.444029430746522,-0.07767779907596363,0.07911813792142404,0.0014403388454604094,0.08055847676688445,0.020763,0.000658,0.0064298344,0.0066824814,0.039293,0.000782804598885067,0.0799009425203091,0.045030372271231384,convergence,False
54184F__912392,54184F,912392,2025-03-24,2025-04-03,10,28.211735199239996,26.4452616,9.441223315191513,9.114793792596279,-0.03457491806914349,0.06261485111655185,0.028039933047408358,0.09065478416396021,0.020763,0.000274,0.0066706686,0.0068460323,0.026289,0.02776596044466863,0.09038081156122048,0.06565108388520621,convergence,False
54184F__912392,54184F,912392,2025-04-07,2025-04-08,1,27.35854362924,26.36584441462,0.0,0.0,0.0,0.036284797468496555,0.036284797468496555,0.07256959493699311,0.020763,0.0,0.0,0.0,0.0,0.036284797468496555,0.07256959493699311,0.07256959493699311,overnight_abort,True
54184F__912392,54184F,912392,2025-04-09,2025-04-10,1,29.201922943859998,27.01110184883,0.0,0.0,0.0,0.07502317909823271,0.07502317909823271,0.15004635819646542,0.020763,0.0,0.0,0.0,0.0,0.07502317909823271,0.15004635819646542,0.15004635819646542,overnight_abort,True
54184F__912392,54184F,912392,2025-04-11,2025-05-14,33,29.49403579269,27.81517876345,9.708388080423433,9.42888937023707,-0.02878940436569084,0.05692191604568741,0.02813251167999657,0.08505442772568397,0.020763,0.000904,0.0069932515,0.0068140774,-0.025621,0.02722840209095547,0.08415031813664288,0.10968800639114408,convergence,False
54188K__141076,54188K,141076,2024-10-15,2024-10-22,7,18.044408188464,15.325112366884,16.65996185852601,15.898541127409294,-0.04570362991119617,0.15070019438589727,0.1049965644747011,0.2556967588605984,0.074217,0.000192,0.0066829285,0.0066192289,-0.009532,0.10480478365278328,0.2555049780386806,0.2646885699607108,convergence,False
54188K__141076,54188K,141076,2024-11-07,2024-11-12,5,18.74072424,16.717418558696,18.08488853333652,17.38278505451173,-0.03882266000869068,0.10796304643261742,0.06914038642392674,0.17710343285654417,0.074217,0.000137,0.0065513627,0.0064674686,-0.012806,0.06900340012255687,0.17696644655517432,0.1894345562386082,convergence,False
54188K__141076,54188K,141076,2024-12-02,2024-12-03,1,20.579669686884,18.279428362652,0.0,0.0,0.0,0.1117725094342991,0.1117725094342991,0.2235450188685982,0.074217,0.0,0.0,0.0,0.0,0.1117725094342991,0.2235450188685982,0.2235450188685982,overnight_abort,True
54188K__141076,54188K,141076,2024-12-19,2024-12-26,7,20.352382100651997,18.467491168188,19.041292315832184,19.047205478763278,0.00031054420220088814,0.0926127921116228,0.09292333631382368,0.18553612842544648,0.074217,0.000192,0.0063932487,0.0063281126,-0.010188,0.09273155549190587,0.18534434760352866,0.19564067634429858,convergence,False
54188K__141076,54188K,141076,2025-02-26,2025-02-27,1,20.53835124558,18.438485615072,0.0,0.0,0.0,0.10224119771833706,0.10224119771833706,0.20448239543667412,0.074217,0.0,0.0,0.0,0.0,0.10224119771833706,0.20448239543667412,0.20448239543667412,overnight_abort,True
54188K__141076,54188K,141076,2025-04-09,2025-04-10,1,17.237538393768,16.707754553116,0.0,0.0,0.0,0.030734309537116634,0.030734309537116634,0.06146861907423327,0.074217,0.0,0.0,0.0,0.0,0.030734309537116634,0.06146861907423327,0.06146861907423327,overnight_abort,True
54188K__141076,54188K,141076,2025-04-17,2025-04-21,1,19.350258547535997,17.616628413768,0.0,0.0,0.0,0.08959209147046517,0.08959209147046517,0.17918418294093033,0.074217,0.0,0.0,0.0,0.0,0.08959209147046517,0.17918418294093033,0.17918418294093033,overnight_abort,True
54188K__141076,54188K,141076,2025-04-23,2025-04-24,1,20.02179324558,18.187086106231998,0.0,0.0,0.0,0.09163550521395132,0.09163550521395132,0.18327101042790264,0.074217,0.0,0.0,0.0,0.0,0.09163550521395132,0.18327101042790264,0.18327101042790264,overnight_abort,True
54188K__141076,54188K,141076,2025-04-25,2025-05-09,14,20.695377645768,26.391097813116,20.1060076057453,27.33949959582366,0.3597676939111167,-0.27521702018869504,0.08455067372242164,-0.1906663464662734,0.074217,0.000384,0.0070415097,0.0068794712,-0.023012,0.08416711207858603,-0.19104990811010902,-0.15902205145307158,convergence,False
53562J__314054,53562J,314054,2024-09-25,2024-09-30,5,95.25323821293,92.92393959951599,92.96113081439768,93.26666990080588,0.0032867402077781244,0.024453747264812923,0.027740487472591047,0.05219423473740397,0.020053,0.000137,0.6895600131,0.6912523945,0.002454,0.027603501171221186,0.052057248436034105,0.04960091869091636,convergence,False
53562J__314054,53562J,314054,2024-11-21,2024-11-25,4,105.67139828,103.24551702000001,103.74950366773744,103.79772151043092,0.000464752514362816,0.022956838837052976,0.02342159135141579,0.04637843018846877,0.020053,0.00011,0.6501526591,0.6504063349,0.00039,0.0233120023103199,0.046268841147372876,0.045878633237566815,convergence,False
53562J__314054,53562J,314054,2025-01-15,2025-01-21,6,96.531591360484,97.49364996,97.09907075445588,97.66450693418186,0.0058232913593566004,-0.009966256496521667,-0.004142965137165067,-0.014109221633686733,0.020053,0.000164,0.6212914724,0.6274115347,0.009851,-0.004307348698808902,-0.01427360519533057,-0.02408487079288397,convergence,False
53562J__314054,53562J,314054,2025-01-28,2025-01-31,3,102.15137710385999,98.28461016045601,99.4780364529719,99.39904532087822,-0.0007940560038198366,0.037853302158350054,0.03705924615453022,0.07491254831288027,0.020053,8.2e-05,0.6231501399,0.6212145515,-0.003106,0.0369770543737083,0.07483035653205836,0.07794369544168311,convergence,False
53562J__314054,53562J,314054,2025-02-20,2025-02-24,4,102.33959862,97.592997320484,96.80007504431944,98.86495442763692,0.02133138205081019,0.046380886416613164,0.06771226846742336,0.11409315488403651,0.020053,0.00011,0.6357884155,0.6350014313,-0.001238,0.06760267942632747,0.11398356584294063,0.1152493451325914,convergence,False
53562J__314054,53562J,314054,2025-04-09,2025-04-10,1,98.011274793656,92.476906279758,0.0,0.0,0.0,0.056466651673999314,0.056466651673999314,0.11293330334799863,0.020053,0.0,0.0,0.0,0.0,0.056466651673999314,0.11293330334799863,0.11293330334799863,overnight_abort,True
53562J__314054,53562J,314054,2025-05-12,2025-05-14,2,110.4728135,107.09003913414,107.87950553016086,107.30502365162235,-0.00532521794306791,0.030620876382948293,0.02529565843988038,0.05591653482282868,0.020053,5.5e-05,0.6471025562,0.6428386934,-0.006589,0.025240863919332435,0.055861740302280735,0.062459284670494004,convergence,False
54761N__502586,54761N,502586,2024-09-09,2024-09-10,1,37.455381599999996,34.15489404275,0.0,0.0,0.0,0.08811784625496899,0.08811784625496899,0.17623569250993798,0.02828,0.0,0.0,0.0,0.0,0.08811784625496899,0.17623569250993798,0.17623569250993798,overnight_abort,True
54761N__502586,54761N,502586,2024-09-12,2024-09-17,5,36.708904578500004,34.6751625285,1.723042829793275,1.7272822669612127,0.0024604363249904624,0.05540187247077759,0.05786230879576805,0.11326418126654564,0.02828,0.000137,6.49351e-05,6.52103e-05,0.004238,0.057725322494398185,0.11312719496517577,0.10889661924206688,convergence,False
54761N__502586,54761N,502586,2024-12-16,2024-12-17,1,36.2565,32.367731950125,0.0,0.0,0.0,0.1072571276840016,0.1072571276840016,0.2145142553680032,0.02828,0.0,0.0,0.0,0.0,0.1072571276840016,0.2145142553680032,0.2145142553680032,overnight_abort,True
54761N__502586,54761N,502586,2024-12-27,2025-01-07,11,33.506653957,31.5188129035,1.6710778020202874,1.591362085449675,-0.04770317484574223,0.059326755099182664,0.011623580253440437,0.0709503353526231,0.02828,0.000301,6.19771e-05,6.19963e-05,0.00031,0.011322210390426739,0.0706489654896094,0.07035404306612673,convergence,False
54761N__502586,54761N,502586,2025-01-21,2025-01-22,1,33.8998315285,31.313695850124997,0.0,0.0,0.0,0.0762875672759851,0.0762875672759851,0.1525751345519702,0.02828,0.0,0.0,0.0,0.0,0.0762875672759851,0.1525751345519702,0.1525751345519702,overnight_abort,True
54761N__502586,54761N,502586,2025-02-19,2025-02-20,1,32.724509603625,29.10116426425,0.0,0.0,0.0,0.11072267799465002,0.11072267799465002,0.22144535598930004,0.02828,0.0,0.0,0.0,0.0,0.11072267799465002,0.22144535598930004,0.22144535598930004,overnight_abort,True
54761N__502586,54761N,502586,2025-05-07,2025-05-14,7,27.605300278500003,26.06296875,1.3111218964592126,1.3169809617772499,0.004468741872025877,0.05587084773358639,0.06033958960561227,0.11621043733919866,0.02828,0.000192,6.06281e-05,6.0423e-05,-0.003383,0.06014780878369446,0.11601865651728084,0.1194282280208135,convergence,False
54761N__502586,54761N,502586,2025-06-04,2025-06-11,7,27.484342551750004,26.266510110749998,1.3256703529358624,1.3210267177996875,-0.003502858101858452,0.04431004448103355,0.0408071863791751,0.08511723086020866,0.02828,0.000192,6.14439e-05,6.15195e-05,0.00123,0.040615405557257296,0.08492545003829084,0.08370087597758638,convergence,False
54339E__898285,54339E,898285,2024-10-08,2024-10-18,10,38.078727739028004,34.881196873715005,3.5904436181197847,3.658849455543746,0.019052196524891634,0.08397157823200473,0.10302377475689636,0.18699535298890108,0.027983,0.000274,0.766342131,0.7631545911,-0.004159,0.10274980215415663,0.18672138038616135,0.19097775199748046,convergence,False
54339E__898285,54339E,898285,2024-11-19,2024-11-29,1,36.184603442972,32.28934848,0.0,0.0,0.0,0.1076495136698412,0.1076495136698412,0.2152990273396824,0.027983,0.0,0.0,0.0,0.0,0.1076495136698412,0.2152990273396824,0.2152990273396824,overnight_abort,True
54339E__898285,54339E,898285,2024-12-02,2024-12-06,4,35.679231942972,31.90353825,3.394518816525281,3.401096822693656,0.0019378316998427364,0.10582328955418357,0.10776112125402632,0.2135844108082099,0.027983,0.00011,0.743632369,0.7450177497,0.001863,0.10765153221293043,0.213474821767114,0.21161169121056583,convergence,False
54339E__898285,54339E,898285,2024-12-10,2024-12-23,13,36.073420702228994,32.922471970743,3.3742041017176376,3.340861281983671,-0.00988168431097382,0.08734821012666809,0.07746652581569427,0.16481473594236234,0.027983,0.000356,0.7424456159,0.7366481962,-0.007809,0.07711036143213262,0.1644585715588007,0.17225080054723346,convergence,False
54339E__898285,54339E,898285,2025-03-18,2025-03-20,2,50.76992512364299,48.918755682229005,4.953289505067988,5.1572847599136455,0.041183794049780134,0.03646192971342236,0.0776457237632025,0.11410765347662485,0.027983,5.5e-05,0.7514841813,0.7487833394,-0.003594,0.07759092924265455,0.1140528589560769,0.11780838164014738,convergence,False
54339E__898285,54339E,898285,2025-04-10,2025-04-11,1,52.701450953671,47.800906154056,0.0,0.0,0.0,0.09298690474239482,0.09298690474239482,0.18597380948478964,0.027983,0.0,0.0,0.0,0.0,0.09298690474239482,0.18597380948478964,0.18597380948478964,overnight_abort,True
54188U__362347,54188U,362347,2024-10-07,2024-10-10,3,24.022534828057502,22.2245869837195,0.4473980981149125,0.44434922659986503,-0.00681467249837161,0.07484421844767436,0.06802954594930274,0.1428737643969771,0.051521,8.2e-05,6.40205e-05,6.38366e-05,-0.002873,0.06794735416848083,0.1427915726161552,0.14565273348198357,convergence,False
54238F__932322,54238F,932322,2024-12-10,2024-12-17,1,9.224161119299552,8.688710625,0.0,0.0,0.0,0.05804869270759351,0.05804869270759351,0.11609738541518702,0.028114,0.0,0.0,0.0,0.0,0.05804869270759351,0.11609738541518702,0.11609738541518702,overnight_abort,True
54238F__932322,54238F,932322,2025-04-22,2025-05-28,36,6.05209734710135,5.804555195250001,3.131992347273108,3.1028971418551743,-0.009289679600675142,0.04090187874620187,0.03161219914552672,0.07251407789172859,0.028114,0.000986,0.0069591839,0.006904408,-0.007871,0.03062589777566371,0.07152777652186558,0.0793875451565062,convergence,False
54394H__932153,54394H,932153,2025-04-08,2025-04-11,3,11.001551567467999,9.0320415970128,9.355903850800157,9.984264237116497,0.0671619114878569,0.1790211097386585,0.24618302122651542,0.4252041309651739,0.024669999999999997,8.2e-05,0.0067688762,0.0069674273,0.029333,0.2461008294456935,0.425121939184352,0.3947109765318941,convergence,False
69136D__30815F,69136D,30815F,2024-09-04,2024-09-06,2,31.091413051510003,29.611669656114,15.209654393688904,14.971312694215092,-0.015670421779781524,0.04759331436446685,0.03192289258468532,0.07951620694915218,0.015747999999999998,5.5e-05,0.6740362646,0.6670445252,-0.010373,0.03186809806413738,0.07946141242860423,0.08977882848499752,convergence,False
69136D__30815F,69136D,30815F,2024-09-20,2024-09-30,10,33.867778566188,34.260946326905994,16.545205286202126,17.081913105327626,0.032438873367928965,-0.011608903133390441,0.020829970234538524,0.009221067101148082,0.015747999999999998,0.000274,0.6838540152,0.6912523945,0.010819,0.020555997631798797,0.008947094498408357,-0.0021029567564095726,convergence,False
69136D__30815F,69136D,30815F,2024-10-16,2024-10-17,1,33.577117,33.452812942301996,0.0,0.0,0.0,0.003702046774831949,0.003702046774831949,0.007404093549663898,0.015747999999999998,0.0,0.0,0.0,0.0,0.003702046774831949,0.007404093549663898,0.007404093549663898,overnight_abort,True
69136D__30815F,69136D,30815F,2024-10-30,2024-10-31,1,33.627236109208,32.574833713812,0.0,0.0,0.0,0.03129613126628109,0.03129613126628109,0.06259226253256218,0.015747999999999998,0.0,0.0,0.0,0.0,0.03129613126628109,0.06259226253256218,0.06259226253256218,overnight_abort,True
69136D__30815F,69136D,30815F,2024-11-11,2024-11-12,1,33.436795722301994,32.455114942302,0.0,0.0,0.0,0.029359295913191436,0.029359295913191436,0.05871859182638287,0.015747999999999998,0.0,0.0,0.0,0.0,0.029359295913191436,0.05871859182638287,0.05871859182638287,overnight_abort,True
69136D__30815F,69136D,30815F,2025-06-23,2025-06-24,1,31.612599066188,30.739073384603998,0.0,0.0,0.0,0.027632200685400222,0.027632200685400222,0.055264401370800444,0.015747999999999998,0.0,0.0,0.0,0.0,0.027632200685400222,0.055264401370800444,0.055264401370800444,overnight_abort,True
54338Q__675705,54338Q,675705,2024-11-22,2024-11-25,1,45.190552153976995,44.609692729885,0.0,0.0,0.0,0.01285355890569438,0.01285355890569438,0.02570711781138876,0.016509,0.0,0.0,0.0,0.0,0.01285355890569438,0.02570711781138876,0.02570711781138876,overnight_abort,True
54338Q__675705,54338Q,675705,2024-12-02,2024-12-03,1,44.436034903976996,42.979571443862,0.0,0.0,0.0,0.032776629671443604,0.032776629671443604,0.06555325934288721,0.016509,0.0,0.0,0.0,0.0,0.032776629671443604,0.06555325934288721,0.06555325934288721,overnight_abort,True
54338Q__675705,54338Q,675705,2025-02-28,2025-03-03,1,42.31191291166199,41.120824514092,0.0,0.0,0.0,0.02815019023263551,0.02815019023263551,0.05630038046527102,0.016509,0.0,0.0,0.0,0.0,0.02815019023263551,0.05630038046527102,0.05630038046527102,overnight_abort,True
54338Q__675705,54338Q,675705,2025-03-12,2025-03-18,6,40.613144485907995,40.902147586138,40.30216479554999,41.321121114720334,0.02528291778715698,-0.007115999115268791,0.018166918671888188,0.0110509195566194,0.016509,0.000164,0.628515681,0.6361525494,0.012151,0.018002535110244352,0.010886535994975563,-0.0014217550325360203,convergence,False
54338Q__675705,54338Q,675705,2025-04-09,2025-04-10,1,42.584955602045994,40.385290479885,0.0,0.0,0.0,0.0516535732176579,0.0516535732176579,0.1033071464353158,0.016509,0.0,0.0,0.0,0.0,0.0516535732176579,0.1033071464353158,0.1033071464353158,overnight_abort,True
54338Q__675705,54338Q,675705,2025-04-15,2025-04-17,2,44.687540653976995,42.999440050115005,43.44759479536415,43.23684874917396,-0.0048505802722288915,0.03777564348267075,0.032925063210441856,0.07070070669311261,0.016509,5.5e-05,0.6370441559,0.6388551715,0.002843,0.032870268689893914,0.07064591217256466,0.06782487979487167,convergence,False
68923D__68039H,68923D,68039H,2024-09-03,2024-09-05,2,7.0820771215635006,6.5992991603127,0.6793938479501287,0.6587192527262649,-0.030430942650192302,0.06816897824803948,0.03773803559784718,0.10590701384588666,0.024196,5.5e-05,0.1282577517,0.1283170009,0.000462,0.037683241077299236,0.10585221932533871,0.10540452969271172,convergence,False
68923D__68039H,68923D,68039H,2024-09-24,2024-09-30,6,7.202452261250801,8.4235767503127,0.6856298005992786,0.8619029736573917,0.2570967202768032,-0.16954287855978578,0.08755384171701741,-0.08198903684276837,0.024196,0.000164,0.1284562767,0.1286545946,0.001544,0.08738945815537358,-0.0821534204044122,-0.08409120414573351,convergence,False
68923D__68039H,68923D,68039H,2024-12-09,2024-12-11,2,7.9046409606254,7.4765475,0.764430965575772,0.7507892340941426,-0.017845602933358927,0.05415723025977016,0.03631162732641123,0.0904688575861814,0.024196,5.5e-05,0.1286305904,0.128622323,-6.4e-05,0.03625683280586329,0.09041406306563345,0.09047719256814052,convergence,False
68923D__68039H,68923D,68039H,2025-01-17,2025-02-10,24,7.114176784312701,6.5594243400000005,0.7192864806756628,0.661640301756922,-0.08014355957947489,0.07797844517105217,-0.002165114408422722,0.07581333076262944,0.024196,0.000658,0.1284488484,0.1283903115,-0.000456,-0.002822648654998064,0.0751557965160541,0.07557518598429494,convergence,False
68923D__68039H,68923D,68039H,2025-03-14,2025-03-19,5,7.2726707500000005,7.2771730993746,0.7233278632076158,0.7320408185526779,0.012045651478742005,-0.000619077850403158,0.011426573628338847,0.010807495777935688,0.024196,0.000137,0.1287067545,0.1286877055,-0.000148,0.011289587326968983,0.010670509476565825,0.010820317552948181,convergence,False
68923D__68039H,68923D,68039H,2025-03-27,2025-03-28,1,7.794297291563501,7.4167347212508,0.0,0.0,0.0,0.04844087365276299,0.04844087365276299,0.09688174730552598,0.024196,0.0,0.0,0.0,0.0,0.04844087365276299,0.09688174730552598,0.09688174730552598,overnight_abort,True
68923D__68039H,68923D,68039H,2025-05-27,2025-05-28,1,6.981764020312701,6.72889275,0.0,0.0,0.0,0.0362188222886077,0.0362188222886077,0.0724376445772154,0.024196,0.0,0.0,0.0,0.0,0.0362188222886077,0.0724376445772154,0.0724376445772154,overnight_abort,True
69239X__53677N,69239X,53677N,2024-09-12,2024-10-01,19,13.90902863,12.6599186842695,0.24576407856875,0.255412602165,0.039259291481651325,0.0898056923282427,0.12906498380989403,0.21887067613813674,0.055711,0.000521,6.57895e-05,6.57895e-05,0.0,0.12854443586468856,0.21835012819293126,0.21835012819293115,convergence,False
69239X__53677N,69239X,53677N,2024-11-06,2024-11-12,6,13.642252239,11.584881081769499,0.24676855044275,0.2397487400505,-0.02844694098844895,0.15080876098661766,0.12236181999816871,0.27317058098478636,0.055711,0.000164,6.38162e-05,6.33714e-05,-0.00697,0.12219743643652488,0.2730061974231425,0.27982546921843726,convergence,False
69239X__53677N,69239X,53677N,2024-11-29,2024-12-24,25,9.1640745,8.4824888727078,0.1494803403395,0.153541713568125,0.027169949034105686,0.07437582783642806,0.10154577687053375,0.1759216047069618,0.055711,0.000685,6.27353e-05,6.17665e-05,-0.015443,0.10086084536368443,0.1752366732001125,0.19134770825348676,convergence,False
54319F__771681,54319F,771681,2024-10-09,2024-10-15,6,34.265656285281004,29.478566256854002,0.6621687923825091,0.6372277527461313,-0.0376656827130723,0.13970519019311245,0.10203950748004015,0.2417446976731526,0.029793999999999998,0.000164,0.1288004107,0.1287440342,-0.000438,0.10187512391839632,0.24158031411150876,0.24200171647765062,convergence,False
54319F__771681,54319F,771681,2024-11-01,2024-11-04,1,34.771049535281,31.061297964719,0.0,0.0,0.0,0.10669081377016944,0.10669081377016944,0.21338162754033888,0.029793999999999998,0.0,0.0,0.0,0.0,0.10669081377016944,0.21338162754033888,0.21338162754033888,overnight_abort,True
54319F__771681,54319F,771681,2024-11-15,2024-12-10,25,33.153801243146,35.7897375055055,0.6269562658463335,0.7237754386930523,0.1544273151429818,-0.07950630586905738,0.07492100927392442,-0.004585296595132959,0.029793999999999998,0.000685,0.1284752573,0.1286305904,0.001209,0.07423607776707511,-0.005270228101982274,-0.006664303749370606,convergence,False
54189X__930759,54189X,930759,2025-02-05,2025-02-07,2,11.548256718164499,10.808076188,2.248378716173343,2.226744704312645,-0.009622049748593152,0.06409456840358023,0.054472518654987076,0.1185670870585673,0.01017,5.5e-05,0.0066026208,0.0066041474,0.000231,0.054417724134439134,0.11851229253801936,0.11828335897744306,convergence,False
54189X__930759,54189X,930759,2025-04-02,2025-04-03,1,12.1433723094145,11.44923325,0.0,0.0,0.0,0.05716196800425434,0.05716196800425434,0.11432393600850868,0.01017,0.0,0.0,0.0,0.0,0.05716196800425434,0.11432393600850868,0.11432393600850868,overnight_abort,True
54189X__930759,54189X,930759,2025-04-07,2025-04-08,1,10.199829247499999,10.1748848055855,0.0,0.0,0.0,0.0024455744610247503,0.0024455744610247503,0.004891148922049501,0.01017,0.0,0.0,0.0,0.0,0.0024455744610247503,0.004891148922049501,0.004891148922049501,overnight_abort,True
54189X__930759,54189X,930759,2025-04-09,2025-04-10,1,10.777367585,10.1599500275,0.0,0.0,0.0,0.05728834547309352,0.05728834547309352,0.11457669094618704,0.01017,0.0,0.0,0.0,0.0,0.05728834547309352,0.11457669094618704,0.11457669094618704,overnight_abort,True
54189X__930759,54189X,930759,2025-05-14,2025-05-21,7,12.89919321625,11.5637255825,2.3926243343757956,2.3453080929190793,-0.019775875709740494,0.10353109774862658,0.08375522203888608,0.18728631978751267,0.01017,0.000192,0.0068648315,0.0069599109,0.01385,0.08356344121696826,0.18709453896559486,0.17370368914838763,convergence,False
69311L__912087,69311L,912087,2024-10-02,2024-10-07,5,14.355585200000002,14.294389950000001,28.6582609809846,28.728059832964288,0.0024355578318586875,0.004262818209598366,0.006698376041457054,0.01096119425105542,0.010093,0.000137,0.006805962,0.0067483214,-0.008469,0.006561389740087191,0.010824207949685557,0.01938648345345203,convergence,False
69311L__912087,69311L,912087,2025-01-30,2025-01-31,1,13.7340445,13.356726847515,0.0,0.0,0.0,0.027473163676220727,0.027473163676220727,0.054946327352441454,0.010093,0.0,0.0,0.0,0.0,0.027473163676220727,0.054946327352441454,0.054946327352441454,overnight_abort,True
69311L__912087,69311L,912087,2025-03-17,2025-03-19,2,15.217723302485002,15.092402947515001,30.324679094578457,30.442720578998365,0.003892588081534301,0.008235157945705058,0.012127746027239358,0.020362903972944414,0.010093,5.5e-05,0.0066992693,0.006725628,0.003935,0.012072951506691413,0.02030810945239647,0.016373710529133934,convergence,False
69311L__912087,69311L,912087,2025-04-07,2025-04-08,1,14.415735302485,14.025061897515,0.0,0.0,0.0,0.027100484073306723,0.027100484073306723,0.054200968146613446,0.010093,0.0,0.0,0.0,0.0,0.027100484073306723,0.054200968146613446,0.054200968146613446,overnight_abort,True
69311L__912087,69311L,912087,2025-04-09,2025-04-10,1,14.375635902485001,13.83553305,0.0,0.0,0.0,0.037570710342743,0.037570710342743,0.075141420685486,0.010093,0.0,0.0,0.0,0.0,0.037570710342743,0.075141420685486,0.075141420685486,overnight_abort,True
69311L__912087,69311L,912087,2025-05-12,2025-05-13,1,14.22526215,13.685906797515,0.0,0.0,0.0,0.03791531901470089,0.03791531901470089,0.07583063802940178,0.010093,0.0,0.0,0.0,0.0,0.03791531901470089,0.07583063802940178,0.07583063802940178,overnight_abort,True
53401R__14790N,53401R,14790N,2024-10-23,2024-10-30,7,31.703278729242005,31.088113810758,30.620864975506368,31.132814437002004,0.01671897452619788,0.019403826453968577,0.03612280098016646,0.055526627434135035,0.012852,0.000192,0.0065863132,0.006518055,-0.010364,0.03593102015824865,0.05533484661221723,0.06598210367080347,convergence,False
53401R__14790N,53401R,14790N,2025-03-05,2025-03-06,1,21.777813189242,21.68196365793,0.0,0.0,0.0,0.004401246832227712,0.004401246832227712,0.008802493664455424,0.012852,0.0,0.0,0.0,0.0,0.004401246832227712,0.008802493664455424,0.008802493664455424,overnight_abort,True
53401R__14790N,53401R,14790N,2025-03-17,2025-03-18,1,23.205921085172,22.399382734344,0.0,0.0,0.0,0.03475571376235339,0.03475571376235339,0.06951142752470678,0.012852,0.0,0.0,0.0,0.0,0.03475571376235339,0.06951142752470678,0.06951142752470678,overnight_abort,True
53401R__14790N,53401R,14790N,2025-04-04,2025-04-08,4,21.71760104,19.430073,19.15193999751347,19.81778391312372,0.03476639524229385,0.10533060423141474,0.1400969994737086,0.24542760370512334,0.012852,0.00011,0.0067638401,0.0068355036,0.010595,0.1399874104326127,0.24531801466402745,0.23446951162681937,convergence,False
53401R__14790N,53401R,14790N,2025-04-09,2025-04-10,1,20.011507850758,19.204886425242,0.0,0.0,0.0,0.040307878423336586,0.040307878423336586,0.08061575684667317,0.012852,0.0,0.0,0.0,0.0,0.040307878423336586,0.08061575684667317,0.08061575684667317,overnight_abort,True
69368T__68341V,69368T,68341V,2024-09-24,2024-09-30,6,21.116632178145,24.968716957285,2.024650566894965,2.546205269689747,0.2576023296675071,-0.18241946663856642,0.0751828630289407,-0.10723660360962572,0.020235,0.000164,0.1284562767,0.1286545946,0.001544,0.07501847946729687,-0.10740098717126956,-0.10933955029705744,convergence,False
69368T__68341V,69368T,68341V,2024-10-09,2024-10-10,1,25.6480770620025,25.40711625,0.0,0.0,0.0,0.009394888022988697,0.009394888022988697,0.018789776045977393,0.020235,0.0,0.0,0.0,0.0,0.009394888022988697,0.018789776045977393,0.018789776045977393,overnight_abort,True
69368T__68341V,69368T,68341V,2024-11-07,2024-11-08,1,27.6583790113575,25.985005592715,0.0,0.0,0.0,0.06050150003206451,0.06050150003206451,0.12100300006412902,0.020235,0.0,0.0,0.0,0.0,0.06050150003206451,0.12100300006412902,0.12100300006412902,overnight_abort,True
69368T__68341V,69368T,68341V,2024-12-09,2024-12-11,2,27.3793663963575,26.926555459355,2.7316801965212383,2.689969348460978,-0.015269301330872712,0.016538400869011385,0.0012690995381386735,0.01780750040715006,0.020235,5.5e-05,0.1286305904,0.128622323,-6.4e-05,0.0012143050175907283,0.017752705886602115,0.017816000984904334,convergence,False
69368T__68341V,69368T,68341V,2025-02-21,2025-02-24,1,22.7686387732125,22.886333767715,0.0,0.0,0.0,-0.005169171318268234,-0.005169171318268234,-0.010338342636536468,0.020235,0.0,0.0,0.0,0.0,-0.005169171318268234,-0.010338342636536468,-0.010338342636536468,overnight_abort,True
69368T__68341V,69368T,68341V,2025-04-25,2025-04-30,5,18.657511339215,17.5358989745025,1.8139945081610176,1.7908968361920714,-0.012733044044528024,0.0601158613450795,0.04738281730055147,0.10749867864563098,0.020235,0.000137,0.128921635,0.1289390892,0.000135,0.04724583099918161,0.10736169234426111,0.1072280481948449,convergence,False
69368T__68341V,69368T,68341V,2025-05-15,2025-05-20,5,20.7442938579975,19.636206635497498,2.0066774713951268,1.9650511502704369,-0.02074390215571091,0.053416483110260475,0.032672580954549564,0.08608906406481004,0.020235,0.000137,0.1279696935,0.1277685904,-0.001571,0.0325355946531797,0.08595207776344017,0.0874933911359512,convergence,False
54189H__140292,54189H,140292,2024-09-11,2024-09-12,1,29.1542848591675,29.865086684999998,0.0,0.0,0.0,-0.024380698386741166,-0.024380698386741166,-0.04876139677348233,0.010979000000000001,0.0,0.0,0.0,0.0,-0.024380698386741166,-0.04876139677348233,-0.04876139677348233,overnight_abort,True
54189H__140292,54189H,140292,2025-01-21,2025-01-23,2,30.755609451665997,33.372155105001,65.65707445488154,68.59712763197079,0.044778924457098836,-0.08507539600042838,-0.04029647154332954,-0.12537186754375793,0.010979000000000001,5.5e-05,0.0063883472,0.0064079972,0.003076,-0.04035126606387748,-0.12542666206430586,-0.12863045651440055,convergence,False
54189H__140292,54189H,140292,2025-04-07,2025-04-08,1,21.067549178334,21.0024848258325,0.0,0.0,0.0,0.003088368369321948,0.003088368369321948,0.006176736738643896,0.010979000000000001,0.0,0.0,0.0,0.0,0.003088368369321948,0.006176736738643896,0.006176736738643896,overnight_abort,True
54189H__140292,54189H,140292,2025-04-09,2025-04-10,1,23.759793295001,21.961675673334,0.0,0.0,0.0,0.0756790094653441,0.0756790094653441,0.1513580189306882,0.010979000000000001,0.0,0.0,0.0,0.0,0.0756790094653441,0.1513580189306882,0.1513580189306882,overnight_abort,True
54233V__28557J,54233V,28557J,2024-09-13,2024-09-19,6,8.888958141540751,8.5320162958926,16.696239961056108,17.39226995925048,0.04168782910510744,0.04015564478586706,0.0818434738909745,0.12199911867684157,0.026862999999999998,0.000164,0.0070219783,0.0070111472,-0.001542,0.08167909032933067,0.12183473511519774,0.12344397604595722,convergence,False
54233V__28557J,54233V,28557J,2024-09-26,2024-09-27,1,9.1267577766963,8.150282367455551,0.0,0.0,0.0,0.1069903938651709,0.1069903938651709,0.2139807877303418,0.026862999999999998,0.0,0.0,0.0,0.0,0.1069903938651709,0.2139807877303418,0.2139807877303418,overnight_abort,True
54233V__28557J,54233V,28557J,2024-12-13,2024-12-17,4,9.44947155415185,8.804684478303699,18.171367113892625,17.998998851604014,-0.009485706893061972,0.06823525232634296,0.058749545433280995,0.12698479775962396,0.026862999999999998,0.00011,0.0064867666,0.0065148702,0.004332,0.058639956392185104,0.12687520871852806,0.1226023657250083,convergence,False
54233V__28557J,54233V,28557J,2025-02-12,2025-02-14,2,10.08128541559815,9.915185,20.1910752816823,20.143319508661857,-0.0023651921630823626,0.01647611477611324,0.014110922613030877,0.030587037389144117,0.026862999999999998,5.5e-05,0.0065445022,0.0065640483,0.002987,0.014056128092482932,0.030532242868596172,0.027561535033088298,convergence,False
54233V__28557J,54233V,28557J,2025-02-25,2025-03-04,7,11.2647393634815,10.351453139999998,21.3203894521023,21.04281160892064,-0.01301936082383757,0.08107477625645121,0.06805541543261363,0.14913019168906486,0.026862999999999998,0.000192,0.006707358,0.0066753446,-0.004773,0.06786363461069582,0.14893841086714704,0.15367174043850756,convergence,False
54233V__28557J,54233V,28557J,2025-03-27,2025-04-01,5,11.446266033481502,10.480350545,21.91861958814216,21.12273907340632,-0.03631070430942687,0.08438695078867636,0.04807624647924949,0.13246319726792585,0.026862999999999998,0.000137,0.0066740076,0.0066838214,0.00147,0.047939260177879625,0.132326210966556,0.13091123389819104,convergence,False
54233V__28557J,54233V,28557J,2025-04-07,2025-04-08,1,9.0763335,8.9137511166963,0.0,0.0,0.0,0.017912781995472107,0.017912781995472107,0.03582556399094421,0.026862999999999998,0.0,0.0,0.0,0.0,0.017912781995472107,0.03582556399094421,0.03582556399094421,overnight_abort,True
54233V__28557J,54233V,28557J,2025-04-09,2025-04-10,1,9.4192174116963,8.9137511166963,0.0,0.0,0.0,0.05366330055959189,0.05366330055959189,0.10732660111918378,0.026862999999999998,0.0,0.0,0.0,0.0,0.05366330055959189,0.10732660111918378,0.10732660111918378,overnight_abort,True
54233V__28557J,54233V,28557J,2025-05-12,2025-05-13,1,11.163890205000001,10.2225567265185,0.0,0.0,0.0,0.08431948551947459,0.08431948551947459,0.16863897103894918,0.026862999999999998,0.0,0.0,0.0,0.0,0.08431948551947459,0.16863897103894918,0.16863897103894918,overnight_abort,True
54235U__906764,54235U,906764,2024-11-11,2024-11-22,11,46.854196768032494,42.99831122213,22.078832037385222,21.610518110827446,-0.021210991857032964,0.08229541453868812,0.061084422681655155,0.14337983722034328,0.033280000000000004,0.000301,0.0064657955,0.0064618263,-0.000614,0.06078305281864146,0.14307846735732957,0.1436796920190202,convergence,False
54235U__906764,54235U,906764,2025-04-09,2025-04-30,21,50.9525625487725,58.891785461272505,27.05646739434142,29.375851387794285,0.08572382933989152,-0.15581596911638101,-0.0700921397764895,-0.2259081088928705,0.033280000000000004,0.000575,0.0069225706,0.0069893413,0.009645,-0.07066748224224292,-0.2264834513586239,-0.23685560761485164,convergence,False
54350L__904660,54350L,904660,2024-10-01,2024-10-10,9,13.550569100000002,11.0741512,12.232854698763425,12.053729421716916,-0.014642966131578134,0.18275379297538158,0.16811082684380343,0.35086461981918504,0.030149,0.000247,0.6796480348,0.6741042839,-0.008157,0.16786425150133769,0.3506180444767193,0.3587214997933446,convergence,False
54350L__904660,54350L,904660,2025-02-20,2025-02-24,1,11.983153536236502,9.59100585112365,0.0,0.0,0.0,0.1996258896190479,0.1996258896190479,0.3992517792380958,0.030149,0.0,0.0,0.0,0.0,0.1996258896190479,0.3992517792380958,0.3992517792380958,overnight_abort,True
75986N__75858Q,75986N,75858Q,2024-11-11,2024-11-12,1,7.4970939910881,7.1240666510881,0.0,0.0,0.0,0.049756257617074424,0.049756257617074424,0.09951251523414885,0.015885,0.0,0.0,0.0,0.0,0.049756257617074424,0.09951251523414885,0.09951251523414885,overnight_abort,True
75986N__75858Q,75986N,75858Q,2024-11-13,2024-11-18,5,7.2461872410881,7.2137403207254,7.025768979642822,7.23745343229519,0.030129720072738526,0.004477792152363391,0.034607512225101916,0.03908530437746531,0.015885,0.000137,0.645348608,0.6507449761,0.008362,0.03447052592373205,0.038948318076095445,0.030405863866801257,convergence,False
75986N__75858Q,75986N,75858Q,2024-12-04,2024-12-05,1,7.5573111092746,7.4329426796373,0.0,0.0,0.0,0.016456703692490717,0.016456703692490717,0.032913407384981434,0.015885,0.0,0.0,0.0,0.0,0.016456703692490717,0.032913407384981434,0.032913407384981434,overnight_abort,True
75986N__75858Q,75986N,75858Q,2024-12-06,2024-12-09,1,7.5771831246,7.4130147214508,0.0,0.0,0.0,0.021666152242805506,0.021666152242805506,0.04333230448561101,0.015885,0.0,0.0,0.0,0.0,0.021666152242805506,0.04333230448561101,0.04333230448561101,overnight_abort,True
75986N__75858Q,75986N,75858Q,2025-02-13,2025-02-18,5,6.834700371813501,6.8550464392746,6.908935753074732,6.849996944010711,-0.008530808675965854,-0.002976877749463117,-0.011507686425428971,-0.014484564174892089,0.015885,0.000137,0.6352029877,0.6352434192,6.4e-05,-0.011644672726798835,-0.014621550476261952,-0.01468465476888029,convergence,False
75986N__75858Q,75986N,75858Q,2025-03-04,2025-03-06,2,6.9350624696373,6.3369319810881,6.343783412774391,6.343625012114332,-2.4969430661806507e-05,0.08624731084512949,0.08622234141446768,0.17246965225959718,0.015885,5.5e-05,0.6335530854,0.6333120224,-0.00038,0.08616754689391973,0.17241485773904924,0.17279548683224202,convergence,False
75986N__75858Q,75986N,75858Q,2025-05-14,2025-05-21,7,6.112088630725401,5.3804139010881,5.5661241182620715,5.473540093469936,-0.016633481903210543,0.11970944366859801,0.10307596176538747,0.22278540543398548,0.015885,0.000192,0.6407175627,0.6437076738,0.004667,0.10288418094346966,0.22259362461206766,0.21802575124220128,convergence,False
70162L__952259,70162L,952259,2024-09-20,2024-10-01,11,12.8224317225,12.069083534999999,12.348512095856242,12.281941528942186,-0.005390978799493959,0.058752364902678496,0.053361386103184534,0.11211375100586303,0.017977,0.000301,0.0069817776,0.006965243,-0.002368,0.053060016240170836,0.11181238114284933,0.11417345631595403,convergence,False
70162L__952259,70162L,952259,2024-10-18,2024-10-21,1,12.687004006905,11.539763899999999,0.0,0.0,0.0,0.09042640061283233,0.09042640061283233,0.18085280122566466,0.017977,0.0,0.0,0.0,0.0,0.09042640061283233,0.18085280122566466,0.18085280122566466,overnight_abort,True
70162L__952259,70162L,952259,2024-12-03,2024-12-06,3,12.5863125,11.155436135,11.888618763030678,11.340337331299706,-0.04611817761672448,0.11368511349134225,0.06756693587461776,0.18125204936596,0.017977,8.2e-05,0.0066390041,0.006665111,0.003932,0.06748474409379585,0.1811698575851381,0.1774335511157068,convergence,False
70162L__952259,70162L,952259,2024-12-24,2024-12-27,3,11.005472656905,10.0103976,9.943154045040092,10.176111080169518,0.023428887259936457,0.09041638536811741,0.11384527262805387,0.2042616579961713,0.017977,8.2e-05,0.0063281126,0.0063357299,0.001204,0.11376308084723195,0.20417946621534938,0.20294902158056072,convergence,False
70162L__952259,70162L,952259,2025-01-24,2025-01-27,1,10.8141597,9.8912262993095,0.0,0.0,0.0,0.08534490208152742,0.08534490208152742,0.17068980416305485,0.017977,0.0,0.0,0.0,0.0,0.08534490208152742,0.17068980416305485,0.17068980416305485,overnight_abort,True
70162L__952259,70162L,952259,2025-05-01,2025-05-08,7,10.491951106904999,9.901157447928501,10.189858731542882,9.950442110086726,-0.023495578080492706,0.05630922723111841,0.03281364915062571,0.08912287638174413,0.017977,0.000192,0.0068986922,0.0068530702,-0.006613,0.0326218683287079,0.08893109555982631,0.0954318439013232,convergence,False
70162L__952259,70162L,952259,2025-05-13,2025-05-16,3,10.159672456905,10.6658403,9.948795990593045,10.754857174765341,0.0810209783107883,-0.04982127575884435,0.03119970255194396,-0.018621573206900388,0.017977,8.2e-05,0.0068140774,0.0068667166,0.007725,0.031117510771122042,-0.018703764987722304,-0.02699070659260773,convergence,False
86981X__725535,86981X,725535,2024-10-22,2024-10-24,2,30.5735751704055,30.132197784189,59.73108427690198,60.424645042184004,0.01161138749912535,0.014436564378108599,0.02604795187723395,0.04048451625534255,0.010319,5.5e-05,0.0065462163,0.0065863132,0.006125,0.025993157356686003,0.04042972173479461,0.03427111988703964,convergence,False
86981X__725535,86981X,725535,2025-02-07,2025-02-10,1,26.692335899933003,26.277934977005998,0.0,0.0,0.0,0.015525090216178676,0.015525090216178676,0.03105018043235735,0.010319,0.0,0.0,0.0,0.0,0.015525090216178676,0.03105018043235735,0.03105018043235735,overnight_abort,True
86981X__725535,86981X,725535,2025-02-14,2025-02-19,5,24.551122628378,23.790675767094502,49.32175875398406,47.73503716274323,-0.03217082341194197,0.03097401584416825,-0.001196807567773718,0.02977720827639453,0.010319,0.000137,0.0065763514,0.006601749,0.003862,-0.0013337938691435811,0.02964022197502467,0.025916884675270892,convergence,False
86981X__725535,86981X,725535,2025-04-07,2025-04-08,1,24.9297224633445,24.2094534629055,0.0,0.0,0.0,0.028891978300121468,0.028891978300121468,0.057783956600242936,0.010319,0.0,0.0,0.0,0.0,0.028891978300121468,0.057783956600242936,0.057783956600242936,overnight_abort,True
86981X__725535,86981X,725535,2025-04-09,2025-04-10,1,24.551122628378,23.8504994429055,0.0,0.0,0.0,0.0285373176647599,0.0285373176647599,0.0570746353295198,0.010319,0.0,0.0,0.0,0.0,0.0285373176647599,0.0570746353295198,0.0570746353295198,overnight_abort,True
86981X__725535,86981X,725535,2025-05-12,2025-05-14,2,23.7487952196615,22.429636789122,46.517687904176846,45.415439376529875,-0.02369525609092019,0.055546330596483263,0.03185107450556307,0.08739740510204634,0.010319,5.5e-05,0.0067805804,0.0068140774,0.00494,0.03179627998501513,0.08734261058149839,0.0825432403825742,convergence,False
86981X__725535,86981X,725535,2025-06-06,2025-06-10,4,25.8549027870945,25.1168134462835,49.45252438765956,50.27474423263618,0.016626448399908178,0.028547364764388735,0.045173813164296917,0.07372117792868566,0.010319,0.00011,0.0069153902,0.0069034552,-0.001726,0.045064224123201026,0.07361158888758977,0.0753691778499477,convergence,False
74116U__30185X,74116U,30185X,2024-09-24,2024-10-02,8,20.327111238824003,25.885759440294,0.952657705156281,1.3179310974523106,0.38342564209472013,-0.27345982103217853,0.1099658210625416,-0.16349399996963693,0.022261999999999997,0.000219,0.1284562767,0.1288120244,0.002769,0.10974664298034982,-0.1637131780518287,-0.1675338655426791,convergence,False
74116U__30185X,74116U,30185X,2024-10-09,2024-10-17,8,23.731812121764,20.150415149706,1.1553990099543245,1.0244002760106237,-0.1133796487750838,0.15091123061662745,0.03753158184154365,0.1884428124581711,0.022261999999999997,0.000219,0.1286992989,0.1286396962,-0.000463,0.03731240375935187,0.18822363437597933,0.18863443266273688,convergence,False
74116U__30185X,74116U,30185X,2025-02-07,2025-02-10,1,20.003825241176003,18.282046183494,0.0,0.0,0.0,0.08607249048236443,0.08607249048236443,0.17214498096472886,0.022261999999999997,0.0,0.0,0.0,0.0,0.08607249048236443,0.17214498096472886,0.17214498096472886,overnight_abort,True
74116U__30185X,74116U,30185X,2025-02-13,2025-02-14,1,19.155181312058,17.83450706853,0.0,0.0,0.0,0.06894605809325585,0.06894605809325585,0.1378921161865117,0.022261999999999997,0.0,0.0,0.0,0.0,0.06894605809325585,0.1378921161865117,0.1378921161865117,overnight_abort,True
74116U__30185X,74116U,30185X,2025-04-01,2025-04-02,1,20.529182162352,19.5466935,0.0,0.0,0.0,0.04785814917428929,0.04785814917428929,0.09571629834857857,0.022261999999999997,0.0,0.0,0.0,0.0,0.04785814917428929,0.09571629834857857,0.09571629834857857,overnight_abort,True
74116U__30185X,74116U,30185X,2025-05-08,2025-05-14,6,19.890163125,18.751361799576,0.9611185396547987,0.9764475167859392,0.015949101488195425,0.05725449903387866,0.07320360052207409,0.13045809955595275,0.022261999999999997,0.000164,0.1285561871,0.1280819741,-0.003689,0.07303921696043025,0.13029371599430892,0.13405518418410955,convergence,False
74116U__30185X,74116U,30185X,2025-05-27,2025-05-29,1,19.96846091,18.587674324236,0.0,0.0,0.0,0.06914837312636929,0.06914837312636929,0.13829674625273858,0.022261999999999997,0.0,0.0,0.0,0.0,0.06914837312636929,0.13829674625273858,0.13829674625273858,overnight_abort,True
54310V__981800,54310V,981800,2024-11-25,2024-12-03,1,9.568931114536799,8.8869417159026,0.0,0.0,0.0,0.07127122041856314,0.07127122041856314,0.14254244083712628,0.038188,0.0,0.0,0.0,0.0,0.07127122041856314,0.14254244083712628,0.14254244083712628,overnight_abort,True
54310V__981800,54310V,981800,2025-05-08,2025-05-09,1,10.268356553658,9.064482585463201,0.0,0.0,0.0,0.11724115362608153,0.11724115362608153,0.23448230725216307,0.038188,0.0,0.0,0.0,0.0,0.11724115362608153,0.23448230725216307,0.23448230725216307,overnight_abort,True
87134H__77954L,87134H,77954L,2024-09-03,2024-09-05,2,13.92555701795,12.1479585,1.3100133208573355,1.2814600120829238,-0.021796197275097167,0.12765008363103045,0.10585388635593328,0.23350396998696374,0.050478,5.5e-05,0.1282577517,0.1283170009,0.000462,0.10579909183538533,0.2334491754664158,0.23299749881919138,convergence,False
87134H__77954L,87134H,77954L,2024-09-09,2024-09-11,1,14.149505,12.511317,0.0,0.0,0.0,0.11577705368491686,0.11577705368491686,0.23155410736983373,0.050478,0.0,0.0,0.0,0.0,0.11577705368491686,0.23155410736983373,0.23155410736983373,overnight_abort,True
87134H__77954L,87134H,77954L,2024-12-11,2024-12-12,1,14.108786999999998,12.138138,0.0,0.0,0.0,0.13967529596980935,0.13967529596980935,0.2793505919396187,0.050478,0.0,0.0,0.0,0.0,0.13967529596980935,0.2793505919396187,0.2793505919396187,overnight_abort,True
86615F__410120,86615F,410120,2024-10-11,2024-10-17,6,35.674369554546004,31.082923070453997,34.300384106069984,31.437692964092303,-0.08345944853343737,0.1287043482876887,0.04524489975425133,0.17394924804194004,0.038098,0.000164,0.6726081734,0.6696575806,-0.004387,0.0450805161926075,0.1737848644802962,0.17782325369653146,convergence,False
86615F__410120,86615F,410120,2024-10-18,2024-10-21,1,32.2416108021595,25.8058388833635,0.0,0.0,0.0,0.199610743963355,0.199610743963355,0.39922148792671,0.038098,0.0,0.0,0.0,0.0,0.199610743963355,0.39922148792671,0.39922148792671,overnight_abort,True
86615F__410120,86615F,410120,2024-12-31,2025-01-02,1,22.155988443067503,21.174013748795996,0.0,0.0,0.0,0.044320960754913284,0.044320960754913284,0.08864192150982657,0.038098,0.0,0.0,0.0,0.0,0.044320960754913284,0.08864192150982657,0.08864192150982657,overnight_abort,True
86615F__410120,86615F,410120,2025-04-09,2025-04-10,1,9.83247718626135,9.8047483399546,0.0,0.0,0.0,0.0028201282119927427,0.0028201282119927427,0.005640256423985485,0.038098,0.0,0.0,0.0,0.0,0.0028201282119927427,0.005640256423985485,0.005640256423985485,overnight_abort,True
54184M__916983,54184M,916983,2025-02-03,2025-02-05,2,3.21241429961205,3.3469645811638498,6.713119578669366,6.823737729754968,0.016477905657615057,-0.041884473484023736,-0.02540656782640868,-0.06729104131043241,0.012796,5.5e-05,0.0064792018,0.0065526501,0.011336,-0.025461362346956624,-0.06734583583098036,-0.07873948161074086,convergence,False
54184M__916983,54184M,916983,2025-04-07,2025-04-08,1,2.71047454961205,2.6197971142241,0.0,0.0,0.0,0.03345445003382477,0.03345445003382477,0.06690890006764955,0.012796,0.0,0.0,0.0,0.0,0.03345445003382477,0.06690890006764955,0.06690890006764955,overnight_abort,True
54184M__916983,54184M,916983,2025-04-09,2025-04-10,1,2.96144442461205,2.60983561038795,0.0,0.0,0.0,0.1187288241176976,0.1187288241176976,0.2374576482353952,0.012796,0.0,0.0,0.0,0.0,0.1187288241176976,0.2374576482353952,0.2374576482353952,overnight_abort,True
87527P__691252,87527P,691252,2024-11-21,2024-12-02,1,8.0071979787712,7.227582757542399,0.0,0.0,0.0,0.09736429938359566,0.09736429938359566,0.1947285987671913,0.047325,0.0,0.0,0.0,0.0,0.09736429938359566,0.1947285987671913,0.1947285987671913,overnight_abort,True
87527P__691252,87527P,691252,2025-01-31,2025-02-04,4,5.8155944587712005,6.0250435950848,0.11930052513302399,0.12134139088788892,0.017106930188189075,-0.036015086299166575,-0.0189081561109775,-0.054923242410144076,0.047325,0.00011,0.0170954794,0.0172384087,0.008361,-0.01901774515207339,-0.055032831451239966,-0.06346599857744618,convergence,False
87527P__691252,87527P,691252,2025-02-25,2025-03-03,6,6.428029204915201,5.679344,0.12206243958193497,0.11400896639093601,-0.06597830764797248,0.11647196691992583,0.050493659271953345,0.16696562619187916,0.047325,0.000164,0.0172413793,0.0173154179,0.004294,0.05032927571030951,0.16680124263023532,0.16280748060434888,convergence,False
54188Q__930854,54188Q,930854,2024-10-16,2025-01-14,90,4.3742560022304,3.4009301794424003,13.222549073161115,10.343367295770433,-0.21774786098051185,0.22251231347495623,0.004764452494444377,0.2272767659694006,0.012320000000000001,0.002466,0.0066573459,0.0063299152,-0.049183,0.0022986990697868425,0.22481101254474306,0.26527496148605717,force_close,False
54188Q__930854,54188Q,930854,2025-02-14,2025-02-26,12,3.4089030422304,3.6296473016728,9.975571055653882,11.0606774898312,0.10877637261300535,-0.06475521794188954,0.04402115467111581,-0.020734063270773734,0.012320000000000001,0.000329,0.0065763514,0.006707358,0.019921,0.043692387547828136,-0.021062830394061406,-0.04271919982243586,convergence,False
54188Q__930854,54188Q,930854,2025-05-12,2025-06-12,31,3.4893490216728003,3.6097593188848,10.495683780601217,10.99744141937599,0.04780609336784261,-0.03450795448208694,0.013298138885755671,-0.02120981559633127,0.012320000000000001,0.000849,0.0067805804,0.0069688839,0.027771,0.012448823817262521,-0.02205913066482442,-0.05037149137189432,convergence,False
87734F__932076,87734F,932076,2025-04-09,2025-04-10,1,40.516810582651004,40.187964523792495,0.0,0.0,0.0,0.00811628689745187,0.00811628689745187,0.01623257379490374,0.012813999999999999,0.0,0.0,0.0,0.0,0.00811628689745187,0.01623257379490374,0.01623257379490374,overnight_abort,True
87137P__317614,87137P,317614,2024-12-12,2024-12-23,11,19.7585420274095,17.2961960350905,4.399748146863248,4.550521604576085,0.03426865645033087,0.1246218465362059,0.15889050298653676,0.2835123495227427,0.044903,0.000301,0.016994374,0.0170794181,0.005004,0.15858913312352305,0.28321097965972897,0.27806101222342455,convergence,False
87137P__317614,87137P,317614,2025-02-03,2025-02-21,18,16.914121179819,17.5422301600905,4.077714204081166,4.438278300077346,0.08842309145533317,-0.03713518270289606,0.05128790875243711,0.014152726049541056,0.044903,0.000493,0.0172384087,0.0172765269,0.002211,0.05079475806750561,0.01365957536460955,0.011258124579688658,convergence,False
89661R__41345R,89661R,41345R,2024-12-06,2024-12-09,1,18.66966483933,17.8093614658375,0.0,0.0,0.0,0.04608027947454963,0.04608027947454963,0.09216055894909926,0.016036,0.0,0.0,0.0,0.0,0.04608027947454963,0.09216055894909926,0.09216055894909926,overnight_abort,True
89661R__41345R,89661R,41345R,2025-01-31,2025-02-05,5,17.34615176067,19.487871066005,17.69180417158965,19.507147305900368,0.10260927131591728,-0.12346942047348222,-0.02086014915756494,-0.14432956963104715,0.016036,0.000137,0.0064614092,0.0065526501,0.014121,-0.020997135458934803,-0.144466555932417,-0.15981959031208112,convergence,False
89661R__41345R,89661R,41345R,2025-04-07,2025-04-08,1,17.070408171495,17.513156705335,0.0,0.0,0.0,-0.02593661085265218,-0.02593661085265218,-0.05187322170530436,0.016036,0.0,0.0,0.0,0.0,-0.02593661085265218,-0.05187322170530436,-0.05187322170530436,overnight_abort,True
89661R__41345R,89661R,41345R,2025-04-09,2025-04-10,1,18.6496225186725,18.7997246063275,0.0,0.0,0.0,-0.008048532215851226,-0.008048532215851226,-0.016097064431702453,0.016036,0.0,0.0,0.0,0.0,-0.008048532215851226,-0.016097064431702453,-0.016097064431702453,overnight_abort,True
89661R__41345R,89661R,41345R,2025-05-01,2025-05-07,6,19.852820510670004,20.3655286526675,19.031296422778578,20.397835442027894,0.07180483078460721,-0.02582545597095076,0.04597937481365645,0.02015391884270569,0.016036,0.000164,0.0068986922,0.0069528941,0.007857,0.04581499125201262,0.019989535281061854,0.011634186066451429,convergence,False
93324N__2557WX,93324N,2557WX,2024-12-20,2024-12-24,4,26.522497226164496,26.2869459934935,6.589010800226353,6.752900910673402,0.024873249629734865,0.008881186061115865,0.03375443569085073,0.0426356217519666,0.014152,0.00011,0.1287001204,0.1287440342,0.000341,0.03364484664975484,0.04252603271087071,0.0421764547347785,convergence,False
93324N__2557WX,93324N,2557WX,2024-12-30,2025-01-21,22,26.331323958835497,26.8335585,6.436004649132199,6.923498459473869,0.07574478840803842,-0.01907365318772648,0.05667113522031193,0.03759748203258546,0.014152,0.000603,0.1287316108,0.1284488484,-0.002197,0.05606839549428454,0.03699474230655806,0.03936284588978755,convergence,False
93324N__2557WX,93324N,2557WX,2025-04-09,2025-04-16,7,25.65719475,25.3527386358225,6.076138556222373,6.493354344766195,0.06866462716136797,0.011866305616965306,0.08053093277833327,0.09239723839529858,0.014152,0.000192,0.1288875647,0.1288261412,-0.000477,0.08033915195641546,0.09220545757338076,0.09271499019707831,convergence,False
93642Z__280340,93642Z,280340,2024-09-09,2024-09-27,18,6.8573675754302,6.483519966712249,6.66395578868086,6.779811574091959,0.017385437281544954,0.05451765631719074,0.07190309359873569,0.12642074991592642,0.005557,0.000493,0.0070197601,0.0070325956,0.001828,0.07140994291380418,0.12592759923099492,0.1240707242558112,convergence,False
93642Z__280340,93642Z,280340,2024-11-13,2024-11-14,1,6.6571517746773505,5.9935469999999995,0.0,0.0,0.0,0.09968298712995975,0.09968298712995975,0.1993659742599195,0.005557,0.0,0.0,0.0,0.0,0.09968298712995975,0.1993659742599195,0.1993659742599195,overnight_abort,True
93642Z__280340,93642Z,280340,2025-02-14,2025-02-19,5,7.0575824752151,6.6728160595698,6.216671545773918,6.679478055442615,0.07444602891772721,0.054518160715305485,0.1289641896330327,0.18348235034833818,0.005557,0.000137,0.0065763514,0.006601749,0.003862,0.12882720333166284,0.18334536404696833,0.17921186087015256,convergence,False
93642Z__280340,93642Z,280340,2025-03-13,2025-03-18,5,6.3067758502151,6.05548061867735,6.053956732970969,6.074583976025284,0.0034072333127152577,0.03984527712827767,0.04325251044099293,0.0830977875692706,0.005557,0.000137,0.0067278905,0.0066992693,-0.004254,0.043115524139623065,0.08296080126790073,0.08724764477575758,convergence,False
93642Z__280340,93642Z,280340,2025-04-09,2025-04-10,1,5.3457433702151,5.1944073001075495,0.0,0.0,0.0,0.028309639955922755,0.028309639955922755,0.05661927991184551,0.005557,0.0,0.0,0.0,0.0,0.028309639955922755,0.05661927991184551,0.05661927991184551,overnight_abort,True
73097V__912082,73097V,912082,2024-12-30,2025-01-16,17,45.302416143828005,41.810270876172,21.580524348640093,21.595698483599534,0.000703140234884848,0.07708518805197934,0.07778832828686419,0.15487351633884353,0.016725,0.000466,0.0063441713,0.0064455827,0.015985,0.07732257486220666,0.15440776291418598,0.13866322729049196,convergence,False
73097V__912082,73097V,912082,2025-01-17,2025-01-31,14,45.734162666172004,42.368004804258,22.065646774133466,21.96585047428891,-0.0045226999628011095,0.07360270016277867,0.06908000019997756,0.14268270036275624,0.016725,0.000384,0.0064298344,0.006443091,0.002062,0.06869643855614195,0.1422991387189206,0.14025095340294844,convergence,False
73097V__912082,73097V,912082,2025-04-07,2025-04-08,1,36.677689785957,37.199000921698996,0.0,0.0,0.0,-0.014213303476425432,-0.014213303476425432,-0.028426606952850864,0.016725,0.0,0.0,0.0,0.0,-0.014213303476425432,-0.028426606952850864,-0.028426606952850864,overnight_abort,True
73097V__912082,73097V,912082,2025-04-09,2025-04-10,1,39.709904666172,38.394146333828,0.0,0.0,0.0,0.03313426066884692,0.03313426066884692,0.06626852133769384,0.016725,0.0,0.0,0.0,0.0,0.03313426066884692,0.06626852133769384,0.06626852133769384,overnight_abort,True
73097V__912082,73097V,912082,2025-05-07,2025-05-28,21,45.633751337871004,47.980232458828,22.471924199919858,24.52851717360979,0.09151832995668725,-0.051419860348182085,0.04009846960850517,-0.011321390739676918,0.016725,0.000575,0.0068530702,0.006904408,0.007491,0.039523127142751746,-0.011896733205430342,-0.020012729496444736,convergence,False
87417L__86521D,87417L,86521D,2024-09-17,2024-09-30,13,8.3393494775886,10.343862992243,0.8109236629975591,1.1201818052224022,0.3813652953246894,-0.24036809106530257,0.1409972042593868,-0.09937088680591577,0.033967,0.000356,0.128290657,0.1286545946,0.002837,0.14064103987582516,-0.09972705118947742,-0.10363465178366363,convergence,False
87417L__86521D,87417L,86521D,2024-12-17,2025-01-06,20,9.0680308212057,8.3975155,0.865245488990013,0.8510479597149125,-0.016408671822921578,0.07394277042350697,0.05753409860058539,0.13147686902409236,0.033967,0.000548,0.1287001204,0.1286107434,-0.000694,0.05698615339510594,0.1309289238186129,0.13161246268802976,convergence,False
87417L__86521D,87417L,86521D,2025-04-30,2025-05-02,1,14.196630579557,12.843259,0.0,0.0,0.0,0.09533047802947282,0.09533047802947282,0.19066095605894565,0.033967,0.0,0.0,0.0,0.0,0.09533047802947282,0.19066095605894565,0.19066095605894565,overnight_abort,True
87417L__86521D,87417L,86521D,2025-06-02,2025-06-06,1,15.585677800000001,14.529677701,0.0,0.0,0.0,0.0677545187672236,0.0677545187672236,0.1355090375344472,0.033967,0.0,0.0,0.0,0.0,0.0677545187672236,0.1355090375344472,0.1355090375344472,overnight_abort,True
87417L__86521D,87417L,86521D,2025-06-09,2025-06-16,7,15.83869205,16.686357270000002,1.508404490955884,1.7392269027268983,0.15302421409839537,-0.05351863760745329,0.09950557649094208,0.04598693888348879,0.033967,0.000192,0.1274201839,0.1273934036,-0.00021,0.09931379566902426,0.04579515806157098,0.04603754372274511,convergence,False
54390R__26568P,54390R,26568P,2024-09-06,2024-09-12,6,10.62774825,9.78942988621665,9.859084104189126,9.887088536974364,0.0028404700162096117,0.07888014883899319,0.0817206188552028,0.16060076769419598,0.031442,0.000164,0.6660450246,0.6722464014,0.009311,0.08155623529355897,0.16043638413255215,0.15118532438435844,convergence,False
87241F__540515,87241F,540515,2024-09-26,2024-09-27,1,12.277264397985501,11.6760116570145,0.0,0.0,0.0,0.04897285922014162,0.04897285922014162,0.09794571844028324,0.026233,0.0,0.0,0.0,0.0,0.04897285922014162,0.09794571844028324,0.09794571844028324,overnight_abort,True
87241F__540515,87241F,540515,2024-10-04,2024-10-07,1,11.3902371579855,11.0758418925,0.0,0.0,0.0,0.027602170273081844,0.027602170273081844,0.05520434054616369,0.026233,0.0,0.0,0.0,0.0,0.027602170273081844,0.05520434054616369,0.05520434054616369,overnight_abort,True
87241F__540515,87241F,540515,2025-02-25,2025-02-27,2,13.60780425,12.271219365,25.099622568862255,24.783733371164956,-0.012585416248018818,0.0982219365038264,0.08563652025580758,0.18385845675963397,0.026233,5.5e-05,0.006707358,0.0066751218,-0.004806,0.08558172573525963,0.18380366223908604,0.18857218856091967,convergence,False
87241F__540515,87241F,540515,2025-02-28,2025-03-03,1,12.640138169999998,12.5291441270145,0.0,0.0,0.0,0.008781078299359892,0.008781078299359892,0.017562156598719784,0.026233,0.0,0.0,0.0,0.0,0.008781078299359892,0.017562156598719784,0.017562156598719784,overnight_abort,True
87241F__540515,87241F,540515,2025-03-18,2025-03-21,3,12.1865457029855,12.052976175000001,23.971446501512325,24.426142674133423,0.018968240927488958,0.010960409228414594,0.02992865015590355,0.040889059384318145,0.026233,8.2e-05,0.006725628,0.0066972503,-0.004219,0.029846458375081635,0.04080686760349623,0.04512445672668722,convergence,False
87241F__540515,87241F,540515,2025-03-24,2025-03-26,2,12.609899612985501,12.5390642720145,25.23722779340796,25.300277371027565,0.0024982766782361762,0.00561743892854279,0.008115715606778966,0.013733154535321757,0.026233,5.5e-05,0.0066706686,0.0066398858,-0.004615,0.008060921086231021,0.013678360014773811,0.018325985724139262,convergence,False
87241F__540515,87241F,540515,2025-04-07,2025-04-08,1,12.0555075879855,11.924015282014501,0.0,0.0,0.0,0.010907239285556453,0.010907239285556453,0.021814478571112905,0.026233,0.0,0.0,0.0,0.0,0.010907239285556453,0.021814478571112905,0.021814478571112905,overnight_abort,True
87241F__540515,87241F,540515,2025-04-09,2025-04-10,1,12.9022154079855,12.638264730000001,0.0,0.0,0.0,0.020457779508326356,0.020457779508326356,0.04091555901665271,0.026233,0.0,0.0,0.0,0.0,0.020457779508326356,0.04091555901665271,0.04091555901665271,overnight_abort,True
86662M__982750,86662M,982750,2024-09-11,2024-09-12,1,11.719247499999998,10.335132140935,0.0,0.0,0.0,0.11810616330656025,0.11810616330656025,0.2362123266131205,0.057163,0.0,0.0,0.0,0.0,0.11810616330656025,0.2362123266131205,0.2362123266131205,overnight_abort,True
86662M__982750,86662M,982750,2024-09-20,2024-10-01,11,12.167636099999998,11.300372180935,22.46236965822389,22.959733105888382,0.0221420738431486,0.07127628669507942,0.09341836053822802,0.16469464723330743,0.057163,0.000301,0.0069079856,0.006965243,0.008289,0.09311699067521433,0.16439327737029372,0.15599081422882582,convergence,False
86662M__982750,86662M,982750,2024-10-03,2024-10-07,1,12.758694819065,10.397911980935001,0.0,0.0,0.0,0.18503325548647334,0.18503325548647334,0.3700665109729467,0.057163,0.0,0.0,0.0,0.0,0.18503325548647334,0.3700665109729467,0.3700665109729467,overnight_abort,True
86662M__982750,86662M,982750,2024-10-21,2024-10-25,4,12.279734269064999,10.4960045,22.071375275404083,21.343795893020992,-0.032964841261789946,0.14525801047328493,0.11229316921149499,0.2575511796847799,0.057163,0.00011,0.0066192289,0.0065657726,-0.008076,0.1121835801703991,0.25744159064368405,0.26531486386000863,convergence,False
86662M__982750,86662M,982750,2024-12-09,2024-12-10,1,12.269542599999998,10.201724,0.0,0.0,0.0,0.16853265581391744,0.16853265581391744,0.3370653116278349,0.057163,0.0,0.0,0.0,0.0,0.16853265581391744,0.3370653116278349,0.3370653116278349,overnight_abort,True
86662M__982750,86662M,982750,2025-02-26,2025-03-13,15,11.576578399999999,8.8480341904675,20.734812500768047,20.32293505527421,-0.01986405449668665,0.23569522144233043,0.21583116694564378,0.4515263883879742,0.057163,0.000411,0.0066751218,0.006764984,0.013462,0.2154202080415342,0.4511154294838646,0.43809586101747844,convergence,False
86662M__982750,86662M,982750,2025-03-14,2025-03-18,4,11.729439169065,8.916699346187,21.04075538245142,20.609911775712543,-0.020476622578779236,0.23980173155220122,0.21932510897342197,0.4591268405256232,0.057163,0.00011,0.0067017391,0.0066992693,-0.000369,0.21921551993232608,0.4590172514845273,0.45937836950042127,convergence,False
86662M__982750,86662M,982750,2025-03-25,2025-03-28,3,11.382957069064998,9.358119899999998,19.569625340653236,19.13738130732297,-0.02208749660793654,0.17788322988301677,0.15579573327508023,0.33367896315809703,0.057163,8.2e-05,0.0066398858,0.0066740076,0.005139,0.1557135414942583,0.3335967713772751,0.3285970565345405,convergence,False
86662M__982750,86662M,982750,2025-03-31,2025-04-03,1,10.9447581,8.887271590467499,0.0,0.0,0.0,0.18798830369147224,0.18798830369147224,0.37597660738294447,0.057163,0.0,0.0,0.0,0.0,0.18798830369147224,0.37597660738294447,0.37597660738294447,overnight_abort,True
93053R__87406E,93053R,87406E,2025-02-04,2025-02-07,3,8.27325675,8.426179350281899,16.10716703368518,16.93637534325295,0.051480704697085156,-0.018483966459991598,0.03299673823709356,0.01451277177710196,0.011852999999999999,8.2e-05,0.0065526501,0.0066041474,0.007859,0.03291454645627164,0.014430579996280042,0.006231426643949238,convergence,False
93053R__87406E,93053R,87406E,2025-03-14,2025-03-18,4,8.77466625,8.6231227972181,17.384552454498905,17.347277305389028,-0.002144153506823879,0.017270566020889888,0.015126412514066009,0.0323969785349559,0.011852999999999999,0.00011,0.0067017391,0.0066992693,-0.000369,0.015016823472970118,0.03228738949386001,0.032655266087456315,convergence,False
93053R__87406E,93053R,87406E,2025-04-07,2025-04-08,1,7.811960009999999,7.8178992394362,0.0,0.0,0.0,-0.0007602739169937569,-0.0007602739169937569,-0.0015205478339875137,0.011852999999999999,0.0,0.0,0.0,0.0,-0.0007602739169937569,-0.0015205478339875137,-0.0015205478339875137,overnight_abort,True
93053R__87406E,93053R,87406E,2025-04-09,2025-04-10,1,8.3083553147181,8.1868561097181,0.0,0.0,0.0,0.014623737237713656,0.014623737237713656,0.02924747447542731,0.011852999999999999,0.0,0.0,0.0,0.0,0.014623737237713656,0.02924747447542731,0.02924747447542731,overnight_abort,True
8748D0__887921,8748D0,887921,2024-12-16,2024-12-18,1,12.672339726,13.277292709365998,0.0,0.0,0.0,-0.04773806545959368,-0.04773806545959368,-0.09547613091918736,0.033031,0.0,0.0,0.0,0.0,-0.04773806545959368,-0.09547613091918736,-0.09547613091918736,overnight_abort,True
8748D0__887921,8748D0,887921,2025-01-14,2025-01-31,1,13.3909005,12.861758,0.0,0.0,0.0,0.03951507966174498,0.03951507966174498,0.07903015932348996,0.033031,0.0,0.0,0.0,0.0,0.03951507966174498,0.07903015932348996,0.07903015932348996,overnight_abort,True
90534M__88801L,90534M,88801L,2025-02-13,2025-02-20,7,15.296829960000002,15.27283443,29.894031910067454,30.70937800589708,0.027274544239549024,0.0015686603082304457,0.02884320454777947,0.030411864856009916,0.015043,0.000192,0.0065640483,0.0066824814,0.018043,0.02865142372586166,0.03022008403409211,0.01201377689414609,convergence,False
90534M__88801L,90534M,88801L,2025-02-28,2025-03-06,6,16.324242949484002,16.059884534916,32.09906982369594,32.694107446145104,0.018537534754664377,0.016194222016057233,0.034731756770721614,0.05092597878677885,0.015043,0.000164,0.0066885158,0.006758355,0.010442,0.03456737320907778,0.050761595225135014,0.04023627558785073,convergence,False
90534M__88801L,90534M,88801L,2025-03-24,2025-03-26,2,16.661908426103004,16.139587211187,32.837022710703614,32.412049762207154,-0.012941884294459359,0.031348222638033586,0.018406338343574226,0.04975456098160781,0.015043,5.5e-05,0.0066706686,0.0066398858,-0.004615,0.01835154382302628,0.04969976646105987,0.054275810911122595,convergence,False
90534M__88801L,90534M,88801L,2025-04-07,2025-04-08,1,16.160043926103004,16.059884534916,0.0,0.0,0.0,0.0061979652806027925,0.0061979652806027925,0.012395930561205585,0.015043,0.0,0.0,0.0,0.0,0.0061979652806027925,0.012395930561205585,0.012395930561205585,overnight_abort,True
90534M__88801L,90534M,88801L,2025-04-09,2025-04-10,1,16.596663029916,16.209334151355,0.0,0.0,0.0,0.02333775638288418,0.02333775638288418,0.04667551276576836,0.015043,0.0,0.0,0.0,0.0,0.02333775638288418,0.04667551276576836,0.04667551276576836,overnight_abort,True
86965N__932147,86965N,932147,2024-12-30,2025-01-07,8,13.674944570000001,12.329194529008499,12.623186691914741,12.62102715616995,-0.00017107690771733908,0.09840990828904708,0.09823883138132974,0.19664873967037683,0.021783,0.000219,0.0063441713,0.0063273118,-0.002657,0.09801965329913796,0.19642956158818506,0.19909366543855553,convergence,False
86965N__932147,86965N,932147,2025-01-29,2025-02-06,8,13.785713635,12.7293769545085,13.372972040944529,13.245817345864321,-0.009508334773369249,0.07662546230538331,0.06711712753201406,0.14374258983739738,0.021783,0.000219,0.0064806714,0.0066026208,0.018817,0.06689794944982227,0.1435234117552056,0.12522918163988692,convergence,False
86965N__932147,86965N,932147,2025-02-13,2025-02-14,1,13.63466491,12.8247047775,0.0,0.0,0.0,0.05940447659303719,0.05940447659303719,0.11880895318607439,0.021783,0.0,0.0,0.0,0.0,0.05940447659303719,0.11880895318607439,0.11880895318607439,overnight_abort,True
86965N__932147,86965N,932147,2025-02-27,2025-03-03,4,13.705154315,12.65092829,12.639975673625036,12.781873083807032,0.01122608253733294,0.07692186463352493,0.08814794717085787,0.1650698118043828,0.021783,0.00011,0.0066390041,0.0066885158,0.007458,0.08803835812976199,0.1649602227632869,0.1574746274641379,convergence,False
86965N__932147,86965N,932147,2025-04-09,2025-04-10,1,11.43942344,11.1912067880085,0.0,0.0,0.0,0.021698353356128595,0.021698353356128595,0.04339670671225719,0.021783,0.0,0.0,0.0,0.0,0.021698353356128595,0.04339670671225719,0.04339670671225719,overnight_abort,True
86965N__932147,86965N,932147,2025-05-28,2025-05-30,2,12.617603495,12.124634778008499,12.29073416030031,12.636212285545273,0.0281088274092588,0.03906991665943932,0.06717874406869812,0.10624866072813743,0.021783,5.5e-05,0.0069345718,0.0069415521,0.001007,0.06712394954815017,0.10619386620758949,0.1051600184535743,convergence,False
91091C__140619,91091C,140619,2024-12-27,2025-01-06,10,13.2151866,12.7952630938495,26.05682469523757,25.644214697535425,-0.015835006856286592,0.03177582873861955,0.01594082188233296,0.04771665062095251,0.0056749999999999995,0.000274,0.0063757208,0.0063441713,-0.004948,0.015666849279593234,0.04744267801821279,0.05233692062026673,convergence,False
91091C__140619,91091C,140619,2025-03-24,2025-03-26,2,13.71576185,13.684238149999999,27.629747544133107,27.502411213207257,-0.004608667912092035,0.0022983557417192283,-0.0023103121703728067,-1.1956428653578377e-05,0.0056749999999999995,5.5e-05,0.0066706686,0.0066398858,-0.004615,-0.002365106690920752,-6.675094920152358e-05,0.004547926655252786,convergence,False
91091C__140619,91091C,140619,2025-04-07,2025-04-08,1,13.2151866,13.5444002188495,0.0,0.0,0.0,-0.024911764685146463,-0.024911764685146463,-0.04982352937029293,0.0056749999999999995,0.0,0.0,0.0,0.0,-0.024911764685146463,-0.04982352937029293,-0.04982352937029293,overnight_abort,True
91091C__140619,91091C,140619,2025-04-09,2025-04-10,1,14.006095495,13.844054069999999,0.0,0.0,0.0,0.011569350291653265,0.011569350291653265,0.02313870058330653,0.0056749999999999995,0.0,0.0,0.0,0.0,0.011569350291653265,0.02313870058330653,0.02313870058330653,overnight_abort,True
91091C__140619,91091C,140619,2025-06-27,2025-06-30,1,14.95718847,14.68308765,0.0,0.0,0.0,0.018325691392454657,0.018325691392454657,0.036651382784909314,0.0056749999999999995,0.0,0.0,0.0,0.0,0.018325691392454657,0.036651382784909314,0.036651382784909314,overnight_abort,True
8751Q5__951907,8751Q5,951907,2025-02-14,2025-02-18,1,23.523546999999997,24.375545206012,0.0,0.0,0.0,-0.03621895141969884,-0.03621895141969884,-0.07243790283939767,0.021426999999999998,0.0,0.0,0.0,0.0,-0.03621895141969884,-0.07243790283939767,-0.07243790283939767,overnight_abort,True
8751Q5__951907,8751Q5,951907,2025-04-07,2025-04-08,1,18.906422271994,19.2307115,0.0,0.0,0.0,-0.017152331802425154,-0.017152331802425154,-0.03430466360485031,0.021426999999999998,0.0,0.0,0.0,0.0,-0.017152331802425154,-0.03430466360485031,-0.03430466360485031,overnight_abort,True
8751Q5__951907,8751Q5,951907,2025-04-09,2025-04-10,1,20.420434793987997,20.169772616994003,0.0,0.0,0.0,0.012275065615536868,0.012275065615536868,0.024550131231073736,0.021426999999999998,0.0,0.0,0.0,0.0,0.012275065615536868,0.024550131231073736,0.024550131231073736,overnight_abort,True
8748DZ__28545H,8748DZ,28545H,2024-09-27,2024-12-20,84,12.813739199999999,11.28014259736,12.930720634498266,11.270311499277046,-0.12840808970780515,0.11968376901568276,-0.008724320692122395,0.11095944832356036,0.007155,0.002301,0.0069623333,0.0063932487,-0.081738,-0.011025690555136095,0.10865807846054666,0.1862414100196443,convergence,False
8748DZ__28545H,8748DZ,28545H,2025-05-12,2025-05-21,9,11.5604392,10.7615144,11.44277610929475,10.895955836193467,-0.04778737850661175,0.06910851622315527,0.021321137716543516,0.09042965393969879,0.007155,0.000247,0.0067805804,0.0069599109,0.026448,0.021074562374077763,0.09018307859723304,0.06564817176118146,convergence,False
9518JQ__9374RF,9518JQ,9374RF,2024-10-11,2024-10-15,4,12.432532497498501,12.187918419999999,2.52268698481352,2.4666074032827585,-0.022230099044533973,0.01967532178562332,-0.0025547772589106545,0.017120544526712664,0.026045,0.00011,0.6726081734,0.6703537014,-0.003352,-0.002664366300006545,0.017010955485616774,0.020299301413361004,convergence,False
9518JQ__9374RF,9518JQ,9374RF,2024-11-07,2024-11-08,1,13.087405515,12.177994397501502,0.0,0.0,0.0,0.06948750204585515,0.06948750204585515,0.1389750040917103,0.026045,0.0,0.0,0.0,0.0,0.06948750204585515,0.1389750040917103,0.1389750040917103,overnight_abort,True
9518JQ__9374RF,9518JQ,9374RF,2025-01-06,2025-01-07,1,10.921284747498502,10.4411167725015,0.0,0.0,0.0,0.04396625361379608,0.04396625361379608,0.08793250722759216,0.026045,0.0,0.0,0.0,0.0,0.04396625361379608,0.08793250722759216,0.08793250722759216,overnight_abort,True
9518JQ__9374RF,9518JQ,9374RF,2025-01-15,2025-01-24,9,10.94143371,11.0564677025015,2.1802848429177493,2.2219418049170296,0.019106201712402526,-0.010513612342810605,0.00859258936959192,-0.0019210229732186841,0.026045,0.000247,0.6212914724,0.6311536694,0.015874,0.008346014027126168,-0.0021675983156844375,-0.018091812358143985,convergence,False
9518JQ__9374RF,9518JQ,9374RF,2025-01-30,2025-01-31,1,10.7097100624985,10.212840435,0.0,0.0,0.0,0.046394311759975264,0.046394311759975264,0.09278862351995053,0.026045,0.0,0.0,0.0,0.0,0.046394311759975264,0.09278862351995053,0.09278862351995053,overnight_abort,True
9518JQ__9374RF,9518JQ,9374RF,2025-02-05,2025-02-11,6,11.163083380000002,10.6296920575015,2.1924465237354482,2.147071463284509,-0.020696085382110097,0.047781719829678514,0.027085634447568417,0.07486735427724693,0.026045,0.000164,0.6283578659,0.6294453397,0.001731,0.02692125088592458,0.0747029707156031,0.07301105676817113,convergence,False
9518JQ__9374RF,9518JQ,9374RF,2025-02-13,2025-02-19,6,11.6466836674985,11.4633933175015,2.331298057251246,2.3094332614788144,-0.009378807529317561,0.01573755716474845,0.006358749635430889,0.02209630680017934,0.026045,0.000164,0.6352029877,0.6344976768,-0.00111,0.0061943660737870535,0.021931923238535503,0.023033102880901334,convergence,False
9518JQ__9374RF,9518JQ,9374RF,2025-04-09,2025-04-10,1,8.462987097750451,8.337012302249551,0.0,0.0,0.0,0.014885381963347842,0.014885381963347842,0.029770763926695684,0.026045,0.0,0.0,0.0,0.0,0.014885381963347842,0.029770763926695684,0.029770763926695684,overnight_abort,True
94542N__932145,94542N,932145,2024-11-14,2024-11-15,1,13.741579499999999,13.40718532,0.0,0.0,0.0,0.024334479162311625,0.024334479162311625,0.04866895832462325,0.012722,0.0,0.0,0.0,0.0,0.024334479162311625,0.04866895832462325,0.04866895832462325,overnight_abort,True
94542N__932145,94542N,932145,2025-02-12,2025-02-19,7,14.152823849999997,13.429119546965,136.34858023529665,134.72123265836234,-0.01193520001547504,0.05113497565611246,0.039199775640637424,0.09033475129674988,0.012722,0.000192,0.0065445022,0.006601749,0.008747,0.03900799481871962,0.09014297047483207,0.08157500644109596,convergence,False
94542N__932145,94542N,932145,2025-04-07,2025-04-08,1,14.273188049999998,14.216721896965002,0.0,0.0,0.0,0.00395609956494594,0.00395609956494594,0.00791219912989188,0.012722,0.0,0.0,0.0,0.0,0.00395609956494594,0.00791219912989188,0.00791219912989188,overnight_abort,True
94542N__932145,94542N,932145,2025-04-09,2025-04-10,1,14.293248749999998,14.06717615,0.0,0.0,0.0,0.015816740053586378,0.015816740053586378,0.031633480107172755,0.012722,0.0,0.0,0.0,0.0,0.015816740053586378,0.031633480107172755,0.031633480107172755,overnight_abort,True
8674W2__8745RP,8674W2,8745RP,2024-12-09,2024-12-26,17,1.3552759850000002,1.02205025977455,1.1315840634900836,1.0976040904447324,-0.03002867762254319,0.24587296529529384,0.21584428767275066,0.4617172529680445,0.055736,0.000466,0.0065593122,0.0063281126,-0.035248,0.2153785342480931,0.46125149954338696,0.49668970930993556,convergence,False
8674W2__8745RP,8674W2,8745RP,2025-01-24,2025-02-04,11,1.3450856342986501,0.9809955,1.1752988794263899,1.1238103440979974,-0.04380888659871921,0.2706817506741812,0.226872864075462,0.4975546147496432,0.055736,0.000301,0.006472073,0.0064792018,0.001101,0.2265714942124483,0.4972532448866295,0.4962011870221537,convergence,False
8711AE__30877L,8711AE,30877L,2024-09-17,2024-10-02,1,11.980718658118501,10.472170656881499,0.0,0.0,0.0,0.12591465038825234,0.12591465038825234,0.25182930077650467,0.062253,0.0,0.0,0.0,0.0,0.12591465038825234,0.25182930077650467,0.25182930077650467,overnight_abort,True
8711AE__30877L,8711AE,30877L,2024-11-11,2024-12-02,21,10.8859818631185,10.247486935,19.28731739871633,20.993894641222983,0.08848183535467902,0.05865294799743416,0.14713478335211316,0.20578773134954734,0.062253,0.000575,0.6462036794,0.6473958083,0.001845,0.14655944088635975,0.20521238888379392,0.20320803445885768,convergence,False
8711AE__30877L,8711AE,30877L,2024-12-09,2024-12-10,1,11.3924255206185,9.6515894153763,0.0,0.0,0.0,0.15280645039913235,0.15280645039913235,0.3056129007982647,0.062253,0.0,0.0,0.0,0.0,0.15280645039913235,0.3056129007982647,0.3056129007982647,overnight_abort,True
8711AE__30877L,8711AE,30877L,2025-02-14,2025-02-18,1,12.1239552481185,10.2181814668815,0.0,0.0,0.0,0.15719076342951321,0.15719076342951321,0.31438152685902643,0.062253,0.0,0.0,0.0,0.0,0.15719076342951321,0.31438152685902643,0.31438152685902643,overnight_abort,True
8711AE__30877L,8711AE,30877L,2025-02-25,2025-02-27,2,10.9166754181185,8.5965573953763,17.678990712978322,17.33944980257141,-0.019205899019883156,0.2125297248365084,0.19332382581662524,0.4058535506531336,0.062253,5.5e-05,0.6306559989,0.6235970625,-0.011193,0.1932690312960773,0.40579875613258565,0.4169010585593451,convergence,False
8711AE__30877L,8711AE,30877L,2025-03-07,2025-03-18,11,10.03679299655925,7.815833700576301,16.935674660236813,16.99439397998634,0.0034671969630707985,0.2212817676666565,0.2247489646297273,0.4460307322963838,0.062253,0.000301,0.62784508,0.6361525494,0.013232,0.22444759476671358,0.4457293624333701,0.432625158040042,convergence,False
9289GW__2559M8,9289GW,2559M8,2024-09-24,2024-09-30,6,18.789347432765002,23.180035817234998,17.811507531467473,24.539054385601478,0.3777078858849253,-0.2336796634466124,0.14402822243831293,-0.08965144100829947,0.048727000000000006,0.000164,0.1284562767,0.1286545946,0.001544,0.1438638388766691,-0.0898158245699433,-0.09193952746288403,convergence,False
9289GW__2559M8,9289GW,2559M8,2024-12-09,2024-12-10,1,23.408522189871,20.433723661447,0.0,0.0,0.0,0.12708185951658288,0.12708185951658288,0.25416371903316576,0.048727000000000006,0.0,0.0,0.0,0.0,0.12708185951658288,0.25416371903316576,0.25416371903316576,overnight_abort,True
9289GW__2559M8,9289GW,2559M8,2025-02-20,2025-02-21,1,22.299107838553002,22.624828471576002,0.0,0.0,0.0,-0.014606890794969846,-0.014606890794969846,-0.029213781589939692,0.048727000000000006,0.0,0.0,0.0,0.0,-0.014606890794969846,-0.029213781589939692,-0.029213781589939692,overnight_abort,True
9289GW__2559M8,9289GW,2559M8,2025-03-17,2025-03-18,1,22.470559831447,21.415262140129002,0.0,0.0,0.0,0.04696356918714309,0.04696356918714309,0.09392713837428618,0.048727000000000006,0.0,0.0,0.0,0.0,0.04696356918714309,0.09392713837428618,0.09392713837428618,overnight_abort,True
87275J__77933E,87275J,77933E,2025-02-28,2025-03-03,1,13.672295010000001,13.170019719483,0.0,0.0,0.0,0.03673672124172528,0.03673672124172528,0.07347344248345056,0.029297,0.0,0.0,0.0,0.0,0.03673672124172528,0.07347344248345056,0.07347344248345056,overnight_abort,True
87275J__77933E,87275J,77933E,2025-03-05,2025-03-06,1,13.914820100517002,13.26896703,0.0,0.0,0.0,0.04641476252308892,0.04641476252308892,0.09282952504617784,0.029297,0.0,0.0,0.0,0.0,0.04641476252308892,0.09282952504617784,0.09282952504617784,overnight_abort,True
87275J__77933E,87275J,77933E,2025-04-09,2025-04-10,1,14.399867250000002,14.38708282,0.0,0.0,0.0,0.0008878158234411316,0.0008878158234411316,0.0017756316468822632,0.029297,0.0,0.0,0.0,0.0,0.0008878158234411316,0.0017756316468822632,0.0017756316468822632,overnight_abort,True
87275J__77933E,87275J,77933E,2025-04-22,2025-04-25,3,15.615520211517001,15.307302999483,15.304683495519058,15.576145991284294,0.017737217227962666,0.01973787666751446,0.037475093895477124,0.057212970562991586,0.029297,8.2e-05,0.0069708266,0.0069591839,-0.00167,0.03739290211465521,0.05713077878216967,0.05883345100197101,convergence,False
87275J__77933E,87275J,77933E,2025-05-13,2025-05-14,1,16.239016274136002,17.691960987415,0.0,0.0,0.0,-0.08947245872233742,-0.08947245872233742,-0.17894491744467483,0.029297,0.0,0.0,0.0,0.0,-0.08947245872233742,-0.17894491744467483,-0.17894491744467483,overnight_abort,True
87275J__77933E,87275J,77933E,2025-06-12,2025-06-13,1,20.988443142585,19.552179132585,0.0,0.0,0.0,0.06843118378255794,0.06843118378255794,0.13686236756511588,0.029297,0.0,0.0,0.0,0.0,0.06843118378255794,0.13686236756511588,0.13686236756511588,overnight_abort,True
8785V9__50631X,8785V9,50631X,2024-09-24,2024-09-30,6,66.19261853984399,71.442870780104,6.183669432564782,7.368584961583239,0.1916201281359558,-0.07931779035300852,0.11230233778294728,0.032984547429938754,0.017803,0.000164,0.1284562767,0.1286545946,0.001544,0.11213795422130345,0.03282016386829492,0.030983310686763462,convergence,False
8785V9__50631X,8785V9,50631X,2024-11-07,2024-11-08,1,71.48882046513,70.054804534974,0.0,0.0,0.0,0.020059303270438988,0.020059303270438988,0.040118606540877975,0.017803,0.0,0.0,0.0,0.0,0.020059303270438988,0.040118606540877975,0.040118606540877975,overnight_abort,True
8785V9__50631X,8785V9,50631X,2024-11-26,2024-12-04,8,75.730823758922,82.000096640104,7.805236275113212,8.304389211805644,0.06395103480518169,-0.0827836351171792,-0.018832600311997516,-0.10161623542917672,0.017803,0.000219,0.1285074568,0.1284612338,-0.00036,-0.019051778394189298,-0.1018354135113685,-0.1014525819969337,convergence,False
8785V9__50631X,8785V9,50631X,2024-12-09,2024-12-10,1,90.362231180156,83.134426280104,0.0,0.0,0.0,0.079987012335296,0.079987012335296,0.159974024670592,0.017803,0.0,0.0,0.0,0.0,0.079987012335296,0.159974024670592,0.159974024670592,overnight_abort,True
8785V9__50631X,8785V9,50631X,2025-02-12,2025-02-13,1,116.67246657974,109.28869066025999,0.0,0.0,0.0,0.06328636169214406,0.06328636169214406,0.12657272338428813,0.017803,0.0,0.0,0.0,0.0,0.06328636169214406,0.12657272338428813,0.12657272338428813,overnight_abort,True
8785V9__50631X,8785V9,50631X,2025-03-03,2025-03-05,2,113.50177360974,113.40312317026,11.154678847296097,11.427376957145665,0.024446970960142884,0.0008691532858261077,0.02531612424596899,0.0261852775317951,0.017803,5.5e-05,0.1286744567,0.1286868841,9.7e-05,0.025261329725421045,0.026130483011247155,0.026031551310662784,convergence,False
8785V9__50631X,8785V9,50631X,2025-03-17,2025-03-18,1,116.47648660000002,112.6866945,0.0,0.0,0.0,0.03253697128601416,0.03253697128601416,0.06507394257202832,0.017803,0.0,0.0,0.0,0.0,0.03253697128601416,0.06507394257202832,0.06507394257202832,overnight_abort,True
9326MM__9313M7,9326MM,9313M7,2024-09-24,2024-09-30,6,14.300516828499001,13.890930001501001,2.6496194085546447,2.883935383740763,0.08843382352559699,0.02864140030112398,0.11707522382672098,0.14571662412784495,0.024454999999999998,0.000164,0.1284562767,0.1286545946,0.001544,0.11691084026507714,0.1455522405662011,0.14387444654072012,convergence,False
9326MM__9313M7,9326MM,9313M7,2024-10-07,2024-10-10,3,17.083976085497003,15.10056023,3.059478366295096,3.0452117846462197,-0.004663076492399761,0.11609802340924448,0.11143494691684472,0.2275329703260892,0.024454999999999998,8.2e-05,0.1286123992,0.1286992989,0.000676,0.1113527551360228,0.2274507785452673,0.2267787121020853,convergence,False
9326MM__9313M7,9326MM,9313M7,2024-11-18,2024-11-19,1,19.272416898499,17.946175040507,0.0,0.0,0.0,0.0688155442556502,0.0688155442556502,0.1376310885113004,0.024454999999999998,0.0,0.0,0.0,0.0,0.0688155442556502,0.1376310885113004,0.1376310885113004,overnight_abort,True
9326MM__9313M7,9326MM,9313M7,2024-12-09,2024-12-12,3,20.81541936,19.899433002008,3.9959599794371146,4.049338244748525,0.01335805803513818,0.04400518395282528,0.057363241987963456,0.10136842594078874,0.024454999999999998,8.2e-05,0.1286305904,0.1286231584,-5.8e-05,0.05728105020714154,0.10128623415996682,0.10134478720112211,convergence,False
9326MM__9313M7,9326MM,9313M7,2025-01-28,2025-02-06,9,25.787327497992003,25.769116939006,4.888036848319681,5.188314815052144,0.06143119948772222,0.000706182483912698,0.062137381971634924,0.06284356445554762,0.024454999999999998,0.000247,0.1283235807,0.1284274064,0.000809,0.06189080662916917,0.06259698911308187,0.06173888693397669,convergence,False
9326MM__9313M7,9326MM,9313M7,2025-02-13,2025-02-14,1,27.532026733996002,28.208200475496998,0.0,0.0,0.0,-0.02455953381252787,-0.02455953381252787,-0.04911906762505574,0.024454999999999998,0.0,0.0,0.0,0.0,-0.02455953381252787,-0.04911906762505574,-0.04911906762505574,overnight_abort,True
9326MM__9313M7,9326MM,9313M7,2025-02-20,2025-02-24,4,32.796392522495,31.767686090993998,6.678820094458476,6.611954508536305,-0.010011586624058004,0.03136645077032212,0.02135486414626412,0.05272131491658624,0.024454999999999998,0.00011,0.1287042747,0.1286181888,-0.000669,0.02124527510516823,0.05261172587549035,0.05327433856153558,convergence,False
9326MM__9313M7,9326MM,9313M7,2025-02-27,2025-03-03,4,36.356392983996,31.083563290507,6.690534701911073,6.526984307051868,-0.024445040963988796,0.1450317058628475,0.1205866648988587,0.2656183707617062,0.024454999999999998,0.00011,0.1285570069,0.1285851154,0.000219,0.12047707585776282,0.2655087817206103,0.2652955269711723,convergence,False
9326MM__9313M7,9326MM,9313M7,2025-03-17,2025-03-19,2,37.284210046998005,36.883834225497004,7.44789598718535,7.4616990106768375,0.0018532782298834893,0.010738482081189696,0.012591760311073185,0.023330242392262883,0.024454999999999998,5.5e-05,0.1287117161,0.1286877055,-0.000187,0.01253696579052524,0.023275447871714938,0.02346237402933676,convergence,False
9320A0__70177J,9320A0,70177J,2024-09-26,2024-10-02,1,30.618658000000003,25.200050325906002,0.0,0.0,0.0,0.17697077625328977,0.17697077625328977,0.35394155250657955,0.19700199999999998,0.0,0.0,0.0,0.0,0.17697077625328977,0.35394155250657955,0.35394155250657955,overnight_abort,True
9320A0__70177J,9320A0,70177J,2024-10-08,2024-10-10,1,29.273629562617504,22.20867425,0.0,0.0,0.0,0.24134196606899297,0.24134196606899297,0.48268393213798594,0.19700199999999998,0.0,0.0,0.0,0.0,0.24134196606899297,0.48268393213798594,0.48268393213798594,overnight_abort,True
9320A0__70177J,9320A0,70177J,2024-11-05,2024-11-06,1,34.959948482047004,24.723698738109,0.0,0.0,0.0,0.2927993371956663,0.2927993371956663,0.5855986743913326,0.19700199999999998,0.0,0.0,0.0,0.0,0.2927993371956663,0.5855986743913326,0.5855986743913326,overnight_abort,True
9320A0__70177J,9320A0,70177J,2024-12-17,2024-12-24,7,30.389011503859003,21.664782911141,2.625465456131821,2.638927038579727,0.005127312727145784,0.28708497450172543,0.2922122872288712,0.5792972617305967,0.19700199999999998,0.000192,0.1286926804,0.1287440342,0.000399,0.29202050640695343,0.5791054809086789,0.5787045527622753,convergence,False
9320A0__70177J,9320A0,70177J,2025-04-28,2025-04-29,1,33.456136058370504,23.5828989693355,0.0,0.0,0.0,0.2951099036604015,0.2951099036604015,0.590219807320803,0.19700199999999998,0.0,0.0,0.0,0.0,0.2951099036604015,0.590219807320803,0.590219807320803,overnight_abort,True
9320A0__70177J,9320A0,70177J,2025-05-02,2025-05-07,1,31.395067339664504,24.085087856812002,0.0,0.0,0.0,0.23283847120840792,0.23283847120840792,0.46567694241681584,0.19700199999999998,0.0,0.0,0.0,0.0,0.23283847120840792,0.46567694241681584,0.46567694241681584,overnight_abort,True
9291FF__140134,9291FF,140134,2024-09-10,2024-09-27,17,2.3758072353726,2.6944729097516,0.5893366666628977,0.7196002916123807,0.2210343125044248,-0.1341294317293479,0.08690488077507688,-0.04722455095427103,0.122717,0.000466,0.1282273247,0.1286645249,0.00341,0.08643912735041935,-0.047690304378928565,-0.05183936136296279,convergence,False
7086Q0__503359,7086Q0,503359,2024-12-13,2025-01-23,41,17.4127588832125,15.7496809533575,31.022110821781776,32.59783650312499,0.05079363201284279,0.09550915745226113,0.14630278946510392,0.24181194691736504,0.031154,0.001123,0.0063883472,0.0064079972,0.003076,0.14517950179387104,0.24068865924613217,0.23746642081115713,convergence,False
7018KV__68923Q,7018KV,68923Q,2024-11-19,2024-11-20,1,12.355037496878499,12.618312543121501,0.0,0.0,0.0,-0.021309125634747683,-0.021309125634747683,-0.042618251269495366,0.041197,0.0,0.0,0.0,0.0,-0.021309125634747683,-0.042618251269495366,-0.042618251269495366,overnight_abort,True
7018KV__68923Q,7018KV,68923Q,2025-02-14,2025-02-18,1,14.722833186878498,14.367286609999999,0.0,0.0,0.0,0.02414933133898268,0.02414933133898268,0.04829866267796536,0.041197,0.0,0.0,0.0,0.0,0.02414933133898268,0.04829866267796536,0.04829866267796536,overnight_abort,True
7018KV__68923Q,7018KV,68923Q,2025-02-28,2025-03-03,1,15.127583574999997,14.811941285,0.0,0.0,0.0,0.020865347623769306,0.020865347623769306,0.04173069524753861,0.041197,0.0,0.0,0.0,0.0,0.020865347623769306,0.04173069524753861,0.04173069524753861,overnight_abort,True
7018KV__68923Q,7018KV,68923Q,2025-03-14,2025-03-18,4,15.6325119583785,15.5332709681215,31.434828932026804,31.145594340291762,-0.009201086869614246,0.006348371299585677,-0.002852715570028569,0.0034956557295571077,0.041197,0.00011,0.0067017391,0.0066992693,-0.000369,-0.0029623046111244594,0.0033860666884612174,0.003751341623094493,convergence,False
7018KV__68923Q,7018KV,68923Q,2025-04-07,2025-04-08,1,13.8020237518785,13.9720389981215,0.0,0.0,0.0,-0.01231813894102746,-0.01231813894102746,-0.02463627788205492,0.041197,0.0,0.0,0.0,0.0,-0.01231813894102746,-0.02463627788205492,-0.02463627788205492,overnight_abort,True
7018KV__68923Q,7018KV,68923Q,2025-04-09,2025-04-10,1,15.572811126878499,14.436455115,0.0,0.0,0.0,0.07297051268522492,0.07297051268522492,0.14594102537044984,0.041197,0.0,0.0,0.0,0.0,0.07297051268522492,0.14594102537044984,0.14594102537044984,overnight_abort,True
2721ME__32307F,2721ME,32307F,2024-09-09,2024-09-13,4,7.781248210924101,7.0363707152277,7.583384963447934,7.127448880304481,-0.06012303019576,0.09572725037233318,0.03560422017657318,0.13133147054890637,0.033181999999999996,0.00011,0.1282462377,0.1282182772,-0.000218,0.03549463113547729,0.13122188150781047,0.1314268400409313,convergence,False
2721ME__32307F,2721ME,32307F,2024-09-24,2024-09-30,6,8.608825528151801,8.66914125,8.443378079276862,9.009869284745564,0.06709295736253706,-0.0070062660290836675,0.060086691333453394,0.05308042530436973,0.033181999999999996,0.000164,0.1284562767,0.1286545946,0.001544,0.05992230777180956,0.0529160417427259,0.051271144138665396,convergence,False
2721ME__32307F,2721ME,32307F,2024-10-09,2024-10-15,6,8.36660789,7.914182892,8.550103106423327,8.083208670950848,-0.05460687779562816,0.05407508083900402,-0.0005317969566241421,0.053543283882379875,0.033181999999999996,0.000164,0.1286992989,0.1287440342,0.000348,-0.0006961805182679776,0.05337890032073604,0.053050400090006646,convergence,False
2721ME__32307F,2721ME,32307F,2024-11-11,2024-11-13,2,8.0638353881518,7.372237718999999,7.634676683320036,7.527131428747765,-0.014086418984477992,0.08576535058837703,0.07167893160389904,0.15744428219227607,0.033181999999999996,5.5e-05,0.1285661006,0.1285231439,-0.000334,0.0716241370833511,0.15738948767172814,0.15771901271010239,convergence,False
2721ME__32307F,2721ME,32307F,2024-12-09,2024-12-11,2,8.2858687109241,7.5666250311036,7.891179159625744,7.64146628695675,-0.03164455750119312,0.08680365389717665,0.05515909639598353,0.1419627502931602,0.033181999999999996,5.5e-05,0.1286305904,0.128622323,-6.4e-05,0.055104301875435586,0.14190795577261225,0.14197019832583754,convergence,False
2721ME__32307F,2721ME,32307F,2025-01-13,2025-01-16,3,7.762072531,7.361339766303599,7.529121584730193,7.482653993252093,-0.006171714848162498,0.051627031710405044,0.045455316862242544,0.0970823485726476,0.033181999999999996,8.2e-05,0.1284224519,0.1284166799,-4.5e-05,0.04537312508142063,0.09700015679182568,0.09704482682118923,convergence,False
2721ME__32307F,2721ME,32307F,2025-06-04,2025-06-05,1,7.125241964620501,6.6479929890759,0.0,0.0,0.0,0.06698003771862363,0.06698003771862363,0.13396007543724725,0.033181999999999996,0.0,0.0,0.0,0.0,0.06698003771862363,0.13396007543724725,0.13396007543724725,overnight_abort,True
9174AW__530957,9174AW,530957,2024-09-09,2024-10-04,25,20.37919,18.256671222669,38.56865154209856,37.933723636377124,-0.01646227908767811,0.10415128262364709,0.08768900353596898,0.19184028615961607,0.071487,0.000685,0.0070244446,0.0067238187,-0.042797,0.08700407202911967,0.19115535465276676,0.23512990627671446,convergence,False
9174AW__530957,9174AW,530957,2025-04-02,2025-04-03,1,25.952900502919,20.8898790855975,0.0,0.0,0.0,0.19508499316876154,0.19508499316876154,0.3901699863375231,0.071487,0.0,0.0,0.0,0.0,0.19508499316876154,0.3901699863375231,0.3901699863375231,overnight_abort,True
9174AW__530957,9174AW,530957,2025-05-22,2025-05-23,1,33.024481470838005,29.6519559797835,0.0,0.0,0.0,0.10212198165874561,0.10212198165874561,0.20424396331749123,0.071487,0.0,0.0,0.0,0.0,0.10212198165874561,0.20424396331749123,0.20424396331749123,overnight_abort,True
91237Y__74690R,91237Y,74690R,2024-09-06,2024-09-09,1,6.48694689592435,5.65462121989145,0.0,0.0,0.0,0.12830776779687195,0.12830776779687195,0.2566155355937439,0.028357,0.0,0.0,0.0,0.0,0.12830776779687195,0.2566155355937439,0.2566155355937439,overnight_abort,True
91237Y__74690R,91237Y,74690R,2024-09-13,2024-10-01,18,6.48694689592435,5.5239215945658,23.987249925312305,24.343010800320798,0.014831248939174112,0.14845586326035823,0.16328711219953235,0.31174297545989055,0.028357,0.000493,0.0070219783,0.006965243,-0.00808,0.16279396151460085,0.31124982477495905,0.3195161200582589,convergence,False
91237Y__74690R,91237Y,74690R,2024-10-08,2024-10-18,10,6.274093839565801,5.553513832282899,23.080244878377872,22.62266079219393,-0.019825789916666708,0.11485005256675747,0.09502426265009076,0.20987431521684824,0.028357,0.000274,0.0067308335,0.006687174,-0.006486,0.09475029004735103,0.2096003426141085,0.21599974480180886,convergence,False
91237Y__74690R,91237Y,74690R,2025-04-22,2025-04-24,2,5.392274555924351,4.72985762614145,20.391296437558108,19.892843445187825,-0.024444399300291516,0.12284554929702544,0.09840114999673392,0.22124669929375937,0.028357,5.5e-05,0.0069708266,0.0070111472,0.005784,0.09834635547618598,0.22119190477321143,0.21558155513548405,convergence,False
9291FG__9828KA,9291FG,9828KA,2024-12-09,2025-01-21,1,4.8455223317358,3.4902903049481497,0.0,0.0,0.0,0.2796874999237014,0.2796874999237014,0.5593749998474028,0.077847,0.0,0.0,0.0,0.0,0.2796874999237014,0.5593749998474028,0.5593749998474028,overnight_abort,True
9329UM__2651HU,9329UM,2651HU,2024-09-05,2024-09-12,7,4.8639708261522,5.2647907605760995,4.958043721741624,5.463297680419167,0.101905910281094,-0.08240590841310223,0.019500001867991765,-0.06290590654511047,0.011356999999999999,0.000192,0.1282544568,0.1281550147,-0.000775,0.019308221046073958,-0.06309768736702828,-0.06224266161577469,convergence,False
9329UM__2651HU,9329UM,2651HU,2024-10-28,2024-10-29,1,5.82673620644025,5.5838695988478,0.0,0.0,0.0,0.04168141460119846,0.04168141460119846,0.08336282920239692,0.011356999999999999,0.0,0.0,0.0,0.0,0.04168141460119846,0.08336282920239692,0.08336282920239692,overnight_abort,True
9329UM__2651HU,9329UM,2651HU,2025-02-26,2025-03-03,5,4.73359626086415,4.217815086152201,4.770623600867,4.507119729433939,-0.05523468072081235,0.10896180119463549,0.05372712047382314,0.1626889216684586,0.011356999999999999,0.000137,0.1285760173,0.1285851154,7.1e-05,0.05359013417245327,0.16255193536708876,0.16248508805490494,convergence,False
9329UM__2651HU,9329UM,2651HU,2025-03-11,2025-03-12,1,5.23503651086415,5.0853098488478,0.0,0.0,0.0,0.02860088209616612,0.02860088209616612,0.05720176419233224,0.011356999999999999,0.0,0.0,0.0,0.0,0.02860088209616612,0.05720176419233224,0.05720176419233224,overnight_abort,True
9602KM__503745,9602KM,503745,2024-09-03,2024-09-05,2,15.173549089999998,14.9049014370795,153.6266898419704,152.15944484277475,-0.009550716745280087,0.017704997777846697,0.00815428103256661,0.025859278810413305,0.033323,5.5e-05,0.0069570052,0.0069708266,0.001987,0.008099486512018665,0.02580448428986536,0.023840671888682236,convergence,False
9602KM__503745,9602KM,503745,2024-12-20,2024-12-27,7,12.074013372920497,11.6968930620795,117.36972072454132,119.29732796099348,0.016423377550468257,0.03123404780110643,0.04765742535157469,0.07889147315268111,0.033323,0.000192,0.0063619302,0.0063357299,-0.004118,0.04746564452965688,0.0786996923307633,0.08290293297377674,convergence,False
9602KM__503745,9602KM,503745,2025-01-06,2025-01-07,1,11.97272031,11.548830149999999,0.0,0.0,0.0,0.03540466569205281,0.03540466569205281,0.07080933138410563,0.033323,0.0,0.0,0.0,0.0,0.03540466569205281,0.07080933138410563,0.07080933138410563,overnight_abort,True
9602KM__503745,9602KM,503745,2025-01-21,2025-01-24,3,12.610860224999998,11.795600024999999,120.99908214973503,119.73882189524062,-0.010415453010915022,0.06464746936008477,0.05423201634916974,0.11887948570925451,0.033323,8.2e-05,0.0063883472,0.0064100505,0.003397,0.054149824568347826,0.11879729392843259,0.11544673525519451,convergence,False
9602KM__503745,9602KM,503745,2025-04-09,2025-04-16,7,11.1016096929205,11.8943089620795,114.05910117952865,120.6650106493516,0.057916548539386326,-0.07140399375277122,-0.013487445213384894,-0.08489143896615611,0.033323,0.000192,0.0069225706,0.0070499484,0.0184,-0.013679226035302703,-0.08508321978807393,-0.10419755579321979,convergence,False
9602KM__503745,9602KM,503745,2025-04-17,2025-04-22,5,12.337372702920499,12.299011557079501,126.82583761594569,124.78743871310778,-0.016072426101458887,0.003109344814712228,-0.012963081286746659,-0.00985373647203443,0.033323,0.000137,0.0070984916,0.0070626457,-0.00505,-0.013100067588116522,-0.009990722773404294,-0.004996876144341602,convergence,False
9602KM__503745,9602KM,503745,2025-05-02,2025-05-07,1,12.023366334999999,11.7363762420795,0.0,0.0,0.0,0.023869362782789998,0.023869362782789998,0.047738725565579995,0.033323,0.0,0.0,0.0,0.0,0.023869362782789998,0.047738725565579995,0.047738725565579995,overnight_abort,True
9816EQ__2593G1,9816EQ,2593G1,2025-03-12,2025-03-14,2,29.856244428014,27.3433980802745,14.247995948125729,14.54587070111578,0.020906431618492653,0.08416485046530858,0.10507128208380123,0.18923613254910981,0.010903,5.5e-05,0.1286694981,0.1286521168,-0.000135,0.10501648756325328,0.18918133802856188,0.18931926565386073,convergence,False
9816EQ__2593G1,9816EQ,2593G1,2025-04-07,2025-04-08,1,21.601337193767502,19.705955790479,0.0,0.0,0.0,0.08774370708103042,0.08774370708103042,0.17548741416206085,0.010903,0.0,0.0,0.0,0.0,0.08774370708103042,0.17548741416206085,0.17548741416206085,overnight_abort,True
9816EQ__2593G1,9816EQ,2593G1,2025-06-23,2025-06-25,2,28.199243728493002,27.9906318807535,14.246444938303304,14.212243767599762,-0.0024006810717800506,0.007397781647906966,0.004997100576126915,0.012394882224033881,0.010903,5.5e-05,0.1273885285,0.1273893481,6e-06,0.00494230605557897,0.012340087703485936,0.01233366933009762,convergence,False
98215C__539910,98215C,539910,2025-04-07,2025-04-08,1,15.146372195075001,15.025315492425,0.0,0.0,0.0,0.007992455294962605,0.007992455294962605,0.01598491058992521,0.020454,0.0,0.0,0.0,0.0,0.007992455294962605,0.01598491058992521,0.01598491058992521,overnight_abort,True
98215C__539910,98215C,539910,2025-04-09,2025-04-10,1,16.302556446975,15.551300742425,0.0,0.0,0.0,0.04608207964152759,0.04608207964152759,0.09216415928305519,0.020454,0.0,0.0,0.0,0.0,0.04608207964152759,0.09216415928305519,0.09216415928305519,overnight_abort,True
9112YH__362017,9112YH,362017,2024-09-19,2024-09-20,1,9.441222526011,8.73204225299175,0.0,0.0,0.0,0.07511530112391968,0.07511530112391968,0.15023060224783935,0.027092,0.0,0.0,0.0,0.0,0.07511530112391968,0.15023060224783935,0.15023060224783935,overnight_abort,True
9112YH__362017,9112YH,362017,2025-03-12,2025-03-28,16,8.78676064900275,8.207327974999998,16.97289667581,16.81492458856798,-0.009307314494358697,0.06594383267609703,0.056636518181738336,0.12258035085783536,0.027092,0.000438,0.006764984,0.0066740076,-0.013448,0.05619816201735477,0.1221419946934518,0.13564657236783673,convergence,False
9112YH__362017,9112YH,362017,2025-04-07,2025-04-08,1,6.978909874002749,6.9494978382445,0.0,0.0,0.0,0.004214416905971622,0.004214416905971622,0.008428833811943244,0.027092,0.0,0.0,0.0,0.0,0.004214416905971622,0.008428833811943244,0.008428833811943244,overnight_abort,True
9112YH__362017,9112YH,362017,2025-04-09,2025-04-10,1,7.74648917599725,7.28660210299175,0.0,0.0,0.0,0.05936716137556554,0.05936716137556554,0.11873432275113108,0.027092,0.0,0.0,0.0,0.0,0.05936716137556554,0.11873432275113108,0.11873432275113108,overnight_abort,True
2559PW__2674EQ,2559PW,2674EQ,2025-01-21,2025-02-05,15,2.03142187819725,2.67122465106575,2.1341962712282547,2.822978283502055,0.32273602084282454,-0.31495317626306246,0.007782844579762083,-0.3071703316833004,0.041021,0.000411,0.1283944293,0.1284265883,0.00025,0.007371885675652494,-0.30758129058740996,-0.30791251380417034,convergence,False
2559PW__2674EQ,2559PW,2674EQ,2025-02-06,2025-02-07,1,3.43623519680275,3.48248609467125,0.0,0.0,0.0,-0.01345975907339938,-0.01345975907339938,-0.02691951814679876,0.041021,0.0,0.0,0.0,0.0,-0.01345975907339938,-0.02691951814679876,-0.02691951814679876,overnight_abort,True
2559PW__2674EQ,2559PW,2674EQ,2025-02-20,2025-02-21,1,3.9213513021315,4.01673104467125,0.0,0.0,0.0,-0.02432318228869348,-0.02432318228869348,-0.04864636457738696,0.041021,0.0,0.0,0.0,0.0,-0.02432318228869348,-0.04864636457738696,-0.04864636457738696,overnight_abort,True
9077LA__87834U,9077LA,87834U,2024-12-11,2024-12-20,9,12.53215395,10.537792328547,35.80598875367936,34.23828263863107,-0.04378334936742094,0.15913957244779928,0.11535622308037834,0.2744957955281776,0.074645,0.000247,0.0065520066,0.0063932487,-0.02423,0.11510964773791259,0.27424922018571185,0.29799410397217607,convergence,False
9103NM__9091D9,9103NM,9091D9,2024-11-11,2024-11-12,1,13.701010050000002,13.110821080000001,0.0,0.0,0.0,0.04307631100526063,0.04307631100526063,0.08615262201052126,0.019694,0.0,0.0,0.0,0.0,0.04307631100526063,0.08615262201052126,0.08615262201052126,overnight_abort,True
9103NM__9091D9,9103NM,9091D9,2025-04-07,2025-04-08,1,9.3749037807474,9.773340528131499,0.0,0.0,0.0,-0.042500355918568496,-0.042500355918568496,-0.08500071183713699,0.019694,0.0,0.0,0.0,0.0,-0.042500355918568496,-0.08500071183713699,-0.08500071183713699,overnight_abort,True
9103NM__9091D9,9103NM,9091D9,2025-04-09,2025-04-10,1,10.649649570000001,10.15191997,0.0,0.0,0.0,0.04673671154420918,0.04673671154420918,0.09347342308841836,0.019694,0.0,0.0,0.0,0.0,0.04673671154420918,0.09347342308841836,0.09347342308841836,overnight_abort,True
7731LX__314060,7731LX,314060,2024-09-24,2024-09-30,6,21.6315335389335,24.099261557511504,4.084918159940826,4.992155727580318,0.2220944293416724,-0.11408012354447573,0.10801430579719666,-0.006065817747279073,0.053373,0.000164,0.1284562767,0.1286545946,0.001544,0.10784992223555283,-0.006230201308922908,-0.008114029877830695,convergence,False
7731LX__314060,7731LX,314060,2024-10-09,2024-10-15,6,25.6211276253555,22.424062605,5.051049672292101,4.5798571264731995,-0.09328606455875149,0.12478236973424932,0.03149630517549783,0.15627867490974715,0.053373,0.000164,0.1286992989,0.1287440342,0.000348,0.031331921613853994,0.1561142913481033,0.15579923115779487,convergence,False
7731LX__314060,7731LX,314060,2024-12-09,2024-12-10,1,24.5196559038165,22.874705932511503,0.0,0.0,0.0,0.0670869924829964,0.0670869924829964,0.1341739849659928,0.053373,0.0,0.0,0.0,0.0,0.0670869924829964,0.1341739849659928,0.1341739849659928,overnight_abort,True
7731LX__314060,7731LX,314060,2025-03-17,2025-03-18,1,21.927445817133002,20.674915187406,0.0,0.0,0.0,0.05712159273691316,0.05712159273691316,0.11424318547382632,0.053373,0.0,0.0,0.0,0.0,0.05712159273691316,0.11424318547382632,0.11424318547382632,overnight_abort,True
7731LX__314060,7731LX,314060,2025-03-28,2025-04-02,5,21.052493016594,19.10306775,3.932015544615299,3.894412640258379,-0.009563264420054247,0.0925983096186006,0.08303504519854636,0.17563335481714695,0.053373,0.000137,0.1285289255,0.1284991887,-0.000231,0.0828980588971765,0.1754963685157771,0.17572557166808148,convergence,False
9331D3__9301C6,9331D3,9301C6,2024-09-30,2024-10-07,7,9.2564959726589,8.5016346321411,16.85887750103158,17.771698491996293,0.05414482612551518,0.08154936195591181,0.135694188081427,0.2172435500373388,0.041523,0.000192,0.006805962,0.0067483214,-0.008469,0.13550240725950918,0.217051769215421,0.22605571799959875,convergence,False
9331D3__9301C6,9331D3,9301C6,2024-10-22,2024-10-29,7,7.8843373773178005,6.3043041046356,14.283328013469884,13.602326502313295,-0.04767806988079887,0.20040152990253157,0.1527234600217327,0.3531249899242643,0.041523,0.000192,0.0065462163,0.0065206047,-0.003912,0.1525316791998149,0.3529332091023465,0.3566737346314346,convergence,False
9331D3__9301C6,9331D3,9301C6,2024-11-25,2024-12-02,7,6.9621334686589,6.215510897317801,12.576666148416944,12.775526193472567,0.015811825066267982,0.10724048521938484,0.12305231028565282,0.23029279550503767,0.041523,0.000192,0.0065314653,0.0066840447,0.023361,0.122860529463735,0.23010101468311986,0.20691266605021558,convergence,False
9331D3__9301C6,9331D3,9301C6,2025-02-06,2025-02-07,1,6.799987911341101,6.9554526473178,0.0,0.0,0.0,-0.022862501816718447,-0.022862501816718447,-0.04572500363343689,0.041523,0.0,0.0,0.0,0.0,-0.022862501816718447,-0.04572500363343689,-0.04572500363343689,overnight_abort,True
9331D3__9301C6,9331D3,9301C6,2025-04-07,2025-04-10,3,7.4688389686589005,7.335289708294501,15.000601950927907,15.27919436532325,0.018572082327543496,0.017880859518434596,0.036452941845978096,0.05433380136441269,0.041523,8.2e-05,0.0068355036,0.0069225706,0.012737,0.03637075006515618,0.05425160958359077,0.04144075930609242,convergence,False
9331D3__9301C6,9331D3,9301C6,2025-05-07,2025-05-14,7,8.7356027186589,6.7581350446356,16.554457974627233,15.55717820536399,-0.06024236920301224,0.22636877359355034,0.1661264043905381,0.39249517798408845,0.041523,0.000192,0.0068530702,0.0068140774,-0.00569,0.1659346235686203,0.39230339716217066,0.39768105567631384,convergence,False
98208H__2584JD,98208H,2584JD,2024-09-24,2024-09-30,6,10.75170775,12.1211411451675,5.055837310329443,6.749652318917422,0.33502166003787165,-0.1273689191530993,0.20765274088477234,0.08028382173167303,0.028046,0.000164,0.1284562767,0.1286545946,0.001544,0.2074883573231285,0.0801194381700292,0.07806153504658175,convergence,False
98208H__2584JD,98208H,2584JD,2024-11-07,2024-11-08,1,14.288719154832501,14.419977075,0.0,0.0,0.0,-0.009186122195081938,-0.009186122195081938,-0.018372244390163876,0.028046,0.0,0.0,0.0,0.0,-0.009186122195081938,-0.018372244390163876,-0.018372244390163876,overnight_abort,True
98208H__2584JD,98208H,2584JD,2025-02-03,2025-02-05,2,15.765821925,16.47002610567,8.514680172886461,8.251922391277828,-0.0308593835908646,-0.0446665060673646,-0.0755258896582292,-0.1201923957255938,0.028046,5.5e-05,0.1284191634,0.1284265883,5.8e-05,-0.07558068417877715,-0.12024719024614175,-0.12030322048301109,convergence,False
98208H__2584JD,98208H,2584JD,2025-02-26,2025-02-27,1,22.096272703995,22.1524235741625,0.0,0.0,0.0,-0.002541191943080403,-0.002541191943080403,-0.005082383886160806,0.028046,0.0,0.0,0.0,0.0,-0.002541191943080403,-0.005082383886160806,-0.005082383886160806,overnight_abort,True
98208H__2584JD,98208H,2584JD,2025-02-28,2025-03-03,1,21.593856453995002,20.152141874999998,0.0,0.0,0.0,0.06676503486380626,0.06676503486380626,0.13353006972761253,0.028046,0.0,0.0,0.0,0.0,0.06676503486380626,0.13353006972761253,0.13353006972761253,overnight_abort,True
98208H__2584JD,98208H,2584JD,2025-03-11,2025-03-14,3,26.4672850355025,23.61532079433,12.372226176349416,11.739963902130794,-0.05110335562950232,0.10775431773024516,0.05665096210074284,0.164405279830988,0.028046,8.2e-05,0.1287092361,0.1286521168,-0.000444,0.05656877031992092,0.16432308805016607,0.16474438163978544,convergence,False
98208H__2584JD,98208H,2584JD,2025-05-21,2025-05-22,1,22.357523125,20.40093375,0.0,0.0,0.0,0.08751369121081923,0.08751369121081923,0.17502738242163846,0.028046,0.0,0.0,0.0,0.0,0.08751369121081923,0.17502738242163846,0.17502738242163846,overnight_abort,True
2595KM__9911DF,2595KM,9911DF,2025-01-13,2025-02-18,36,12.637257870000001,13.17973814,3.247804324372364,3.331959171475858,0.025911304591835816,-0.042927055503695175,-0.01701575091185936,-0.059942806415554536,0.020236999999999998,0.000986,0.1284224519,0.128622323,0.001556,-0.018002052281722372,-0.06092910778541755,-0.06252331022375475,convergence,False
2595KM__9911DF,2595KM,9911DF,2025-02-20,2025-02-24,4,13.209852225,12.9109680404485,3.235519284931373,3.2934809120809727,0.01791416525302179,0.022625853753750105,0.0405400190067719,0.063165872760522,0.020236999999999998,0.00011,0.1287042747,0.1286181888,-0.000669,0.04043042996567601,0.06305628371942612,0.06373758749034779,convergence,False
2595KM__9911DF,2595KM,9911DF,2025-02-28,2025-03-07,7,12.958714350000001,13.050329835,3.122617136203286,3.288883045361862,0.05324569164464868,-0.007069797398535788,0.04617589424611289,0.039106096847577106,0.020236999999999998,0.000192,0.1285851154,0.1286885269,0.000804,0.04598411342419508,0.0389143160256593,0.0380679490692162,convergence,False
2595KM__9911DF,2595KM,9911DF,2025-04-03,2025-05-12,39,11.8185494020515,12.2539720304485,2.5658142108134685,3.1525538023670725,0.22867578996204227,-0.036842307256541765,0.1918334827055005,0.15499117544895874,0.020236999999999998,0.001068,0.1287390702,0.1283482876,-0.003035,0.19076498955481555,0.1539226822982738,0.15766363692054963,convergence,False
9387PK__93766U,9387PK,93766U,2024-09-27,2024-12-26,90,13.4246499763455,12.370998525,1.3064905160273586,1.242370652253478,-0.04907794047280919,0.07848632576656038,0.029408385293751192,0.10789471106031157,0.017512,0.002466,0.0069623333,0.0063281126,-0.091093,0.02694263186909366,0.10542895763565403,0.20073295937525276,force_close,False
9387PK__93766U,9387PK,93766U,2025-02-10,2025-05-12,91,13.686299806345499,14.9644377636545,1.3541614527745538,1.491075668396057,0.10110627159042115,-0.0933881308603518,0.0077181407300693505,-0.08566999013028245,0.017512,0.002493,0.0064760548,0.0067358206,0.040112,0.005224990045137844,-0.08816314081521395,-0.13062712085718592,force_close,False
9344KQ__9330CR,9344KQ,9330CR,2024-09-24,2024-09-30,6,38.64544566361501,42.04939375,18.26269163651216,21.99226709083427,0.2042182789127131,-0.08808148095934205,0.11613679795337105,0.028055316994028995,0.033526,0.000164,0.1284562767,0.1286545946,0.001544,0.11597241439172722,0.02789093343238516,0.02603466051062833,convergence,False
9344KQ__9330CR,9344KQ,9330CR,2024-10-07,2024-10-10,3,57.35169187500001,49.370929313615,23.318729802525944,24.775478758549813,0.06247119668868372,0.1391547886465033,0.20162598533518702,0.3407807739816903,0.033526,8.2e-05,0.1286123992,0.1286992989,0.000676,0.2015437935543651,0.3406985822008684,0.3399811856879113,convergence,False
9344KQ__9330CR,9344KQ,9330CR,2024-12-09,2024-12-10,1,46.6696163757825,43.58296383259,0.0,0.0,0.0,0.06613837401916604,0.06613837401916604,0.1322767480383321,0.033526,0.0,0.0,0.0,0.0,0.06613837401916604,0.1322767480383321,0.1322767480383321,overnight_abort,True
9344KQ__9330CR,9344KQ,9330CR,2025-02-20,2025-02-21,1,42.000637878795004,40.9907314992175,0.0,0.0,0.0,0.02404502480395365,0.02404502480395365,0.0480900496079073,0.033526,0.0,0.0,0.0,0.0,0.02404502480395365,0.0480900496079073,0.0480900496079073,overnight_abort,True
9344KQ__9330CR,9344KQ,9330CR,2025-03-05,2025-03-06,1,45.881347436385006,44.938433460602496,0.0,0.0,0.0,0.020551139590873402,0.020551139590873402,0.041102279181746804,0.033526,0.0,0.0,0.0,0.0,0.020551139590873402,0.041102279181746804,0.041102279181746804,overnight_abort,True
9344KQ__9330CR,9344KQ,9330CR,2025-03-17,2025-03-18,1,47.073866471205,44.364580931807495,0.0,0.0,0.0,0.05755391988152855,0.05755391988152855,0.1151078397630571,0.033526,0.0,0.0,0.0,0.0,0.05755391988152855,0.1151078397630571,0.1151078397630571,overnight_abort,True
9602NL__29375R,9602NL,29375R,2024-10-04,2024-10-07,1,5.82253401,5.588421120561899,0.0,0.0,0.0,0.04020807590578601,0.04020807590578601,0.08041615181157202,0.019648,0.0,0.0,0.0,0.0,0.04020807590578601,0.08041615181157202,0.08041615181157202,overnight_abort,True
9602NL__29375R,9602NL,29375R,2025-02-10,2025-02-18,8,4.816915010000001,5.9165668505619,10.788952486710006,11.931727468785386,0.10592084667006067,-0.22828964976110275,-0.12236880309104207,-0.3506584528521448,0.019648,0.000219,0.0064760548,0.0065763514,0.015487,-0.12258798117323386,-0.3508776309343366,-0.3677441415636392,convergence,False
9602NL__29375R,9602NL,29375R,2025-04-07,2025-04-08,1,5.27949975,5.2105562411238,0.0,0.0,0.0,0.013058719981225628,0.013058719981225628,0.026117439962451257,0.019648,0.0,0.0,0.0,0.0,0.013058719981225628,0.026117439962451257,0.026117439962451257,overnight_abort,True
9602NL__29375R,9602NL,29375R,2025-04-09,2025-04-10,1,5.7722528588762,5.4989267311238,0.0,0.0,0.0,0.047351724609932366,0.047351724609932366,0.09470344921986473,0.019648,0.0,0.0,0.0,0.0,0.047351724609932366,0.09470344921986473,0.09470344921986473,overnight_abort,True
95296E__93369K,95296E,93369K,2024-09-24,2024-09-30,6,8.36727717844625,10.497146275,0.39986690025823907,0.5406695711941876,0.35212384632240473,-0.2545474532671397,0.09757639305526505,-0.15697106021187462,0.022084,0.000164,0.1284562767,0.1286545946,0.001544,0.09741200949362122,-0.15713544377351846,-0.15921970949738373,convergence,False
95296E__93369K,95296E,93369K,2024-10-02,2024-10-04,2,11.94174505,10.9390801056075,0.5225061905204847,0.5564843736747659,0.06502924514719033,0.08396301714651826,0.1489922622937086,0.23295527944022684,0.022084,5.5e-05,0.128798765,0.128756475,-0.000328,0.14893746777316066,0.2329004849196789,0.2332502932440933,convergence,False
95296E__93369K,95296E,93369K,2024-12-09,2024-12-10,1,9.18285949931075,8.23782681181075,0.0,0.0,0.0,0.10291268069286393,0.10291268069286393,0.20582536138572785,0.022084,0.0,0.0,0.0,0.0,0.10291268069286393,0.20582536138572785,0.20582536138572785,overnight_abort,True
95296E__93369K,95296E,93369K,2025-01-21,2025-02-06,16,8.6894824763785,8.40168954931075,0.41514562906786534,0.42588867460088686,0.025877775847340835,0.033119685533641974,0.05899746138098281,0.09211714691462478,0.022084,0.000438,0.1283944293,0.1284274064,0.000257,0.058559105216599246,0.09167879075024121,0.09141536976440803,convergence,False
95296E__93369K,95296E,93369K,2025-03-17,2025-03-18,1,8.991550427757,8.729414924999999,0.0,0.0,0.0,0.029153537519823768,0.029153537519823768,0.058307075039647535,0.022084,0.0,0.0,0.0,0.0,0.029153537519823768,0.058307075039647535,0.058307075039647535,overnight_abort,True
86734L__32361L,86734L,32361L,2024-09-12,2024-09-27,15,33.532533312088496,39.232156005823,1.666852892347373,1.9722279425666447,0.18320455969526028,-0.16997292273410752,0.01323163696115276,-0.15674128577295476,0.022351,0.000411,0.1282182772,0.1286645249,0.00348,0.01282067805704317,-0.15715224467706435,-0.16125595790962702,convergence,False
86734L__32361L,86734L,32361L,2025-02-05,2025-02-11,6,39.3855043676475,37.433961485706504,2.0205170948379045,1.900790937055688,-0.05925520654494716,0.04954977505744611,-0.009705431487501054,0.039844343569945054,0.022351,0.000164,0.1284274064,0.1283375742,-0.000699,-0.00986981504914489,0.03967996000830122,0.04033845129552875,convergence,False
86734L__32361L,86734L,32361L,2025-02-20,2025-02-21,1,55.557507451391004,55.877744298618005,0.0,0.0,0.0,-0.005764060734855432,-0.005764060734855432,-0.011528121469710865,0.022351,0.0,0.0,0.0,0.0,-0.005764060734855432,-0.011528121469710865,-0.011528121469710865,overnight_abort,True
86734L__32361L,86734L,32361L,2025-02-28,2025-03-06,6,53.637951015823006,57.7653471898525,2.5965695933852357,2.9199976548150723,0.12455975077801495,-0.07694917676500963,0.04761057401300532,-0.02933860275200431,0.022351,0.000164,0.1285851154,0.1286678409,0.000643,0.04744619045136149,-0.029502986313648148,-0.030226008997577856,convergence,False
86734L__32361L,86734L,32361L,2025-03-17,2025-03-18,1,62.876886302852505,64.77625956711799,0.0,0.0,0.0,-0.030207813648992936,-0.030207813648992936,-0.06041562729798587,0.022351,0.0,0.0,0.0,0.0,-0.030207813648992936,-0.06041562729798587,-0.06041562729798587,overnight_abort,True
86734L__32361L,86734L,32361L,2025-03-24,2025-03-25,1,61.40835976235251,54.3880382642795,0.0,0.0,0.0,0.11432191846910301,0.11432191846910301,0.22864383693820603,0.022351,0.0,0.0,0.0,0.0,0.11432191846910301,0.22864383693820603,0.22864383693820603,overnight_abort,True
86734L__32361L,86734L,32361L,2025-05-20,2025-05-22,2,55.7013395104115,54.611075371941006,2.7065757429270905,2.746945237868264,0.014915339076199262,0.019573391736238347,0.03448873081243761,0.054062122548675956,0.022351,5.5e-05,0.1276804858,0.1277669547,0.000677,0.03443393629188967,0.054007328028128014,0.05332046331284145,convergence,False
86734L__32361L,86734L,32361L,2025-05-23,2025-06-05,13,59.02288988000001,50.700270800927,2.761988718397746,2.575219875074194,-0.06762114634266064,0.1410066348156419,0.07338548847298126,0.21439212328862317,0.022351,0.000356,0.1275737982,0.1274502307,-0.000969,0.07302932408941962,0.21403595890506152,0.2149399331337978,convergence,False
25611Z__9307L8,25611Z,9307L8,2024-09-26,2024-09-27,1,0.68525625206703,0.672620989891485,0.0,0.0,0.0,0.018438740452832898,0.018438740452832898,0.036877480905665797,0.03619,0.0,0.0,0.0,0.0,0.018438740452832898,0.036877480905665797,0.036877480905665797,overnight_abort,True
25611Z__9307L8,25611Z,9307L8,2024-10-25,2024-11-06,12,0.75834077508297,0.682512465,0.7646636316932852,0.7545158450782921,-0.013270915726071232,0.09999239467859777,0.08672147895252655,0.18671387363112432,0.03619,0.000329,0.1286719765,0.1285991659,-0.000566,0.08639271182923888,0.18638510650783666,0.18694377526871575,convergence,False
151650__950895,151650,950895,2025-08-08,2025-08-29,21,24.596297572045504,22.2384505436365,96.34160455331865,90.1485594735776,-0.06428214589589488,0.09586186788896126,0.03157972199306637,0.12744158988202764,0.017221,0.000575,0.0067642976,0.0068006393,0.005373,0.031004379527312945,0.12686624741627422,0.1218658972964706,convergence,False
516889__916561,516889,916561,2025-08-08,2025-08-12,1,9.9155369615353,9.42707325,0.0,0.0,0.0,0.04926245683215814,0.04926245683215814,0.09852491366431627,0.02253,0.0,0.0,0.0,0.0,0.04926245683215814,0.09852491366431627,0.09852491366431627,overnight_abort,True
516889__916561,516889,916561,2025-08-26,2025-08-27,1,10.409298245,11.605223332500001,0.0,0.0,0.0,-0.11489007801985607,-0.11489007801985607,-0.22978015603971214,0.02253,0.0,0.0,0.0,0.0,-0.11489007801985607,-0.22978015603971214,-0.22978015603971214,overnight_abort,True
516889__916561,516889,916561,2025-09-18,2025-09-24,6,12.283576535,11.8681900523235,12.7513018310049,12.044865495831841,-0.05540111468896086,0.03381641181564059,-0.021584702873320274,0.012231708942320313,0.02253,0.000164,0.006758355,0.0067156912,-0.006313,-0.02174908643496411,0.012067325380676477,0.0180682233855062,convergence,False
516889__916561,516889,916561,2025-10-17,2025-10-22,5,12.444805782676502,11.9058983453235,12.142921605667661,12.11506239744607,-0.0022942755562703554,0.04330380455620892,0.041009528999938566,0.08431333355614748,0.02253,0.000137,0.0066334992,0.0065793798,-0.008158,0.0408725426985687,0.08417634725477761,0.09238308357716783,convergence,False
516889__916561,516889,916561,2025-10-23,2025-10-24,1,12.726955202676502,12.14603964,0.0,0.0,0.0,0.04564450439444733,0.04564450439444733,0.09128900878889466,0.02253,0.0,0.0,0.0,0.0,0.04564450439444733,0.09128900878889466,0.09128900878889466,overnight_abort,True
516889__916561,516889,916561,2025-10-27,2025-10-28,1,12.818854291800001,11.5873625018235,0.0,0.0,0.0,0.09606878757989037,0.09606878757989037,0.19213757515978075,0.02253,0.0,0.0,0.0,0.0,0.09606878757989037,0.19213757515978075,0.19213757515978075,overnight_abort,True
516889__916561,516889,916561,2026-01-28,2026-01-29,1,13.099794500000002,12.34450434,0.0,0.0,0.0,0.05765664186564157,0.05765664186564157,0.11531328373128313,0.02253,0.0,0.0,0.0,0.0,0.05765664186564157,0.11531328373128313,0.11531328373128313,overnight_abort,True
516889__916561,516889,916561,2026-02-02,2026-02-03,1,12.837798610000002,12.314734635,0.0,0.0,0.0,0.04074405518346117,0.04074405518346117,0.08148811036692234,0.02253,0.0,0.0,0.0,0.0,0.04074405518346117,0.08148811036692234,0.08148811036692234,overnight_abort,True
516889__916561,516889,916561,2026-03-10,2026-03-17,7,12.948644032676501,11.8284971123235,12.27414944253821,12.04429281828633,-0.01872688819115009,0.08650688964236398,0.06778000145121389,0.15428689109357788,0.02253,0.000192,0.0062912866,0.00628911,-0.000346,0.06758822062929608,0.15409511027166006,0.15443471938251419,convergence,False
500326__256938,500326,256938,2025-11-19,2025-11-20,1,15.2779391311755,14.8625095588245,0.0,0.0,0.0,0.02719146664901239,0.02719146664901239,0.05438293329802478,0.012757999999999999,0.0,0.0,0.0,0.0,0.02719146664901239,0.05438293329802478,0.05438293329802478,overnight_abort,True
500326__256938,500326,256938,2026-01-09,2026-01-14,5,17.1100862914735,18.138656915298,17.57297970110946,18.07836250946408,0.028759084512156516,-0.060114870626752435,-0.03135578611459592,-0.09147065674134836,0.012757999999999999,0.000137,0.0062839727,0.0063111392,0.004323,-0.031492772415965785,-0.09160764304271822,-0.09603596933750193,convergence,False
500326__256938,500326,256938,2026-01-21,2026-01-23,2,18.2814596241225,17.8589870541225,17.878673630824775,18.114796134991717,0.0132069363221577,0.02310934568061211,0.03631628200276981,0.05942562768338192,0.012757999999999999,5.5e-05,0.0063127324,0.0064219889,0.017307,0.03626148748222187,0.05937083316283398,0.04213326932364986,convergence,False
500326__256938,500326,256938,2026-02-02,2026-02-04,2,18.261447127053,18.528198470298,18.60352531502773,18.704355776190063,0.005419965272973389,-0.014607349646996424,-0.009187384374023035,-0.02379473402101946,0.012757999999999999,5.5e-05,0.0064205457,0.0063747052,-0.00714,-0.00924217889457098,-0.023849528541567404,-0.016619554374589958,convergence,False
500326__256938,500326,256938,2026-02-17,2026-02-19,2,19.272628375,19.2373548758775,19.16141674186462,19.31188817421502,0.007852834389935504,0.001830238119895252,0.009683072509830755,0.011513310629726008,0.012757999999999999,5.5e-05,0.0064584877,0.0064516129,-0.001064,0.00962827798928281,0.011458516109178063,0.012532478042924053,convergence,False
500326__256938,500326,256938,2026-02-25,2026-02-27,2,18.6519045708775,18.61808868,18.832475502518975,18.923157984332455,0.004815218360504513,0.0018129993507634181,0.006628217711267931,0.00844121706203135,0.012757999999999999,5.5e-05,0.0064051241,0.0064079972,0.000449,0.006573423190719986,0.008386422541483404,0.00793590196324846,convergence,False
500326__256938,500326,256938,2026-03-04,2026-03-05,1,17.6206958082285,17.209742139702,0.0,0.0,0.0,0.023322215705840192,0.023322215705840192,0.046644431411680384,0.012757999999999999,0.0,0.0,0.0,0.0,0.023322215705840192,0.046644431411680384,0.046644431411680384,overnight_abort,True
500326__256938,500326,256938,2026-03-31,2026-04-01,1,16.989950237351,17.6791906535265,0.0,0.0,0.0,-0.040567535898972974,-0.040567535898972974,-0.08113507179794595,0.012757999999999999,0.0,0.0,0.0,0.0,-0.040567535898972974,-0.08113507179794595,-0.08113507179794595,overnight_abort,True
755020__929593,755020,929593,2025-08-05,2025-08-06,1,8.73302944962035,8.3581477634814,0.0,0.0,0.0,0.042926877586018854,0.042926877586018854,0.08585375517203771,0.011654000000000001,0.0,0.0,0.0,0.0,0.042926877586018854,0.08585375517203771,0.08585375517203771,overnight_abort,True
755020__929593,755020,929593,2025-10-17,2025-10-22,5,8.662763995759299,8.38803356962035,8.558630727779965,8.448989702399878,-0.012810580204635979,0.031713945603670975,0.018903365399034998,0.05061731100270597,0.011654000000000001,0.000137,0.1287307723,0.128665346,-0.000508,0.018766379097665136,0.05048032470133611,0.050982310303087176,convergence,False
755020__929593,755020,929593,2025-11-05,2025-12-03,28,8.717973104398249,8.6988493604814,8.698852407226976,8.743602728011105,0.005144393615294616,0.00219359978378467,0.007337993399079286,0.009531593182863956,0.011654000000000001,0.000767,0.1286107434,0.1284661748,-0.001124,0.006570870111408053,0.008764469895192722,0.009895602802427288,convergence,False
755020__929593,755020,929593,2025-12-24,2025-12-30,6,9.2148522715186,8.9558692657593,8.932602662192112,8.945941501743567,0.001493275818470321,0.02810495471096893,0.029598230529439253,0.057703185240408184,0.011654000000000001,0.000164,0.1286363817,0.128518182,-0.000919,0.029433846967795416,0.05753880167876435,0.05845988695177075,convergence,False
755020__929593,755020,929593,2026-01-07,2026-01-13,6,9.365421345,9.2049201407593,9.123688752852575,9.185495128360193,0.006774274877394788,0.017137638375062242,0.02391191325245703,0.04104955162751927,0.011654000000000001,0.000164,0.1283326431,0.1281919737,-0.001096,0.023747529690813195,0.04088516806587544,0.04198993561952818,convergence,False
755020__929593,755020,929593,2026-03-11,2026-03-13,2,9.646484063861049,9.4066517479907,9.365249225675202,9.383235295757654,0.0019205116328503912,0.0248621481446116,0.02678265977746199,0.05164480792207359,0.011654000000000001,5.5e-05,0.1277685904,0.1277489922,-0.000153,0.026727865256914046,0.05159001340152565,0.05174371980838586,convergence,False
519310__930378,519310,930378,2025-09-16,2025-09-25,9,13.593383668000001,12.75945748,6.617222191543704,6.423103392878387,-0.029335390749518155,0.061347947528556525,0.03201255677903837,0.09336050430759489,0.010272,0.000247,0.0068031834,0.0066757902,-0.018726,0.03176598143657262,0.09311392896512914,0.11163699020500578,convergence,False
519310__930378,519310,930378,2025-10-02,2025-10-10,8,12.960877842388001,12.380364920000002,6.542632609424922,6.233195055458932,-0.047295572354197804,0.0447896299500221,-0.002505942404175704,0.042283687545846396,0.010272,0.000219,0.0067817296,0.0066148499,-0.024607,-0.0027251204863674846,0.042064509463654615,0.06609937517908118,convergence,False
519310__930378,519310,930378,2025-11-05,2025-11-06,1,12.128895802388001,11.901512157612002,0.0,0.0,0.0,0.01874726673232949,0.01874726673232949,0.03749453346465898,0.010272,0.0,0.0,0.0,0.0,0.01874726673232949,0.03749453346465898,0.03749453346465898,overnight_abort,True
519310__930378,519310,930378,2025-12-02,2025-12-03,1,13.11123504,12.774422657612002,0.0,0.0,0.0,0.025688837196529937,0.025688837196529937,0.051377674393059874,0.010272,0.0,0.0,0.0,0.0,0.025688837196529937,0.051377674393059874,0.051377674393059874,overnight_abort,True
519310__930378,519310,930378,2026-02-06,2026-02-10,4,16.228664727164002,16.09148654806,8.076146600638335,8.061472902071348,-0.0018169183018331692,0.008452832159037008,0.0066359138572038385,0.015088746016240847,0.010272,0.00011,0.0064149854,0.0064773132,0.009716,0.006526324816107948,0.014979156975144957,0.005374162811906506,convergence,False
519310__930378,519310,930378,2026-02-26,2026-02-27,1,17.527749551284,17.009288590448,0.0,0.0,0.0,0.029579436842079847,0.029579436842079847,0.059158873684159695,0.010272,0.0,0.0,0.0,0.0,0.029579436842079847,0.059158873684159695,0.059158873684159695,overnight_abort,True
519310__930378,519310,930378,2026-03-04,2026-03-05,1,15.65730056,15.123797920000001,0.0,0.0,0.0,0.03407373052306012,0.03407373052306012,0.06814746104612024,0.010272,0.0,0.0,0.0,0.0,0.03407373052306012,0.06814746104612024,0.06814746104612024,overnight_abort,True
519310__930378,519310,930378,2026-03-23,2026-03-26,3,13.702644962388,13.79697396,6.78945565133386,6.982385947805534,0.02841616565147917,-0.006883999247657803,0.021532166403821367,0.014648167156163563,0.010272,8.2e-05,0.0063013954,0.0062570388,-0.007039,0.02144997462299945,0.014565975375341645,0.02185649185629044,convergence,False
516495__932074,516495,932074,2025-07-31,2025-08-01,1,46.645126499999996,46.344910691274,0.0,0.0,0.0,0.006436166674904276,0.006436166674904276,0.012872333349808552,0.011381,0.0,0.0,0.0,0.0,0.006436166674904276,0.012872333349808552,0.012872333349808552,overnight_abort,True
516495__932074,516495,932074,2025-09-11,2025-09-16,5,52.613693440637,51.738014118726,26.165794491285734,25.94769522703249,-0.008335281557220808,0.0166435630089154,0.008308281451694592,0.024951844460609992,0.011381,0.000137,0.0067718562,0.0068261715,0.008021,0.008171295150324729,0.02481485815924013,0.016924261405022015,convergence,False
516495__932074,516495,932074,2025-10-28,2025-10-30,2,56.255027686241995,54.08068575,27.26820981620727,27.219417393067186,-0.0017893519035153108,0.03865151304109592,0.036862161137580604,0.07551367417867652,0.011381,5.5e-05,0.0065475021,0.0064882401,-0.009051,0.03680736661703266,0.07545887965812857,0.08457629185554315,convergence,False
516495__932074,516495,932074,2026-01-09,2026-01-14,5,61.892562690637,64.17907500439499,31.733701255873797,32.40626220284619,0.02119390176233879,-0.03694324833804124,-0.01574934657570245,-0.05269259491374369,0.011381,0.000137,0.0062839727,0.0063111392,0.004323,-0.01588633287707231,-0.05282958121511355,-0.05722534293943532,convergence,False
516495__932074,516495,932074,2026-02-03,2026-02-05,2,68.282454494968,67.790768618274,34.40321058197637,34.03102798589172,-0.010818251837217569,0.007200764535056758,-0.003617487302160811,0.0035832772328959466,0.011381,5.5e-05,0.0063747052,0.0063678044,-0.001083,-0.0036722818227087565,0.0035284827123480012,0.004600460583986428,convergence,False
516495__932074,516495,932074,2026-02-06,2026-02-10,4,73.66920924936299,75.010156367484,37.000239459780424,37.56233389006134,0.015191643040362385,-0.01820227380997174,-0.0030106307696093557,-0.021212904579581096,0.011381,0.00011,0.0064149854,0.0064773132,0.009716,-0.003120219810705246,-0.021322493620676987,-0.031091152281353073,convergence,False
516495__932074,516495,932074,2026-03-04,2026-03-05,1,73.237859194395,70.080597687516,0.0,0.0,0.0,0.043109691375586054,0.043109691375586054,0.08621938275117211,0.011381,0.0,0.0,0.0,0.0,0.043109691375586054,0.08621938275117211,0.08621938275117211,overnight_abort,True
26981M__26030V,26981M,26030V,2025-09-05,2025-09-08,1,99.27818831637902,97.819512310516,0.0,0.0,0.0,0.014692814510419084,0.014692814510419084,0.029385629020838168,0.009745,0.0,0.0,0.0,0.0,0.014692814510419084,0.029385629020838168,0.029385629020838168,overnight_abort,True
26981M__26030V,26981M,26030V,2025-09-10,2025-09-15,5,104.47273089180001,98.570779087379,4.977719768307726,4.944992733352703,-0.006574704177481142,0.05649274939059009,0.04991804521310895,0.10641079460369904,0.009745,0.000137,0.1285289255,0.1285355271,5.1e-05,0.04978105891173908,0.10627380830232917,0.10622278586066768,convergence,False
26981M__26030V,26981M,26030V,2025-10-17,2025-10-22,5,95.386155110968,94.40192436948401,4.712286833393905,4.754659888820798,0.008992036547226632,0.010318381533871322,0.019310418081097954,0.029628799614969274,0.009745,0.000137,0.1287307723,0.128665346,-0.000508,0.019173431779728092,0.029491813313599412,0.0300048855411494,convergence,False
26981M__26030V,26981M,26030V,2026-02-20,2026-02-23,1,113.64000583000002,111.96061728250001,0.0,0.0,0.0,0.014778145559164221,0.014778145559164221,0.029556291118328443,0.009745,0.0,0.0,0.0,0.0,0.014778145559164221,0.029556291118328443,0.029556291118328443,overnight_abort,True
26981M__26030V,26981M,26030V,2026-03-04,2026-03-05,1,107.94848117521,107.488370141,0.0,0.0,0.0,0.004262320592201758,0.004262320592201758,0.008524641184403516,0.009745,0.0,0.0,0.0,0.0,0.004262320592201758,0.008524641184403516,0.008524641184403516,overnight_abort,True
26981M__26030V,26981M,26030V,2026-03-23,2026-03-24,1,105.74151859621001,104.90874491000001,0.0,0.0,0.0,0.007875560113620802,0.007875560113620802,0.015751120227241604,0.009745,0.0,0.0,0.0,0.0,0.007875560113620802,0.015751120227241604,0.015751120227241604,overnight_abort,True
26981M__26030V,26981M,26030V,2026-03-30,2026-04-21,22,108.55165739621,112.72036623379,5.466225657727338,5.663075152967912,0.03601195917740746,-0.03840299574942783,-0.0023910365720203677,-0.040794032321448195,0.009745,0.000603,0.1275559046,0.1277065797,0.001181,-0.002993776298047765,-0.04139677204747559,-0.042619114748352484,convergence,False
151440__916546,151440,916546,2025-07-16,2025-09-02,48,8.96429752484025,8.64616555015975,9.02553917110747,8.64209268441075,-0.04248460722703496,0.035488779103878355,-0.0069958281231566055,0.02849295098072175,0.01147,0.001315,0.1274039598,0.1280885299,0.005373,-0.00831089661630729,0.027177882487571064,0.02206043435467522,convergence,False
151440__916546,151440,916546,2026-02-06,2026-02-10,4,10.126150724999999,10.133785375,10.20867051152642,10.164591847532202,-0.004317767327728757,-0.0007539538179253936,-0.00507172114565415,-0.005825674963579544,0.01147,0.00011,0.127962323,0.1279050384,-0.000448,-0.0051813101867500405,-0.0059352640046754345,-0.005489329590056472,convergence,False
151440__916546,151440,916546,2026-02-20,2026-03-05,13,10.3965830515975,10.4033550484025,10.485180692035451,10.424113129502178,-0.005824178364390018,-0.0006513675475289354,-0.006475545911918954,-0.007126913459447889,0.01147,0.000356,0.1278870518,0.1278854147,-1.3e-05,-0.006831710295480598,-0.007483077843009533,-0.007470351096637289,convergence,False
151440__916546,151440,916546,2026-03-12,2026-03-18,6,10.807237024999997,11.202077048402499,10.942075839901118,11.275617220800655,0.03048245924993976,-0.036534779656366576,-0.006052320406426816,-0.04258710006279339,0.01147,0.000164,0.1277489922,0.1275770582,-0.001346,-0.006216703968070651,-0.042751483624437224,-0.04136271534863242,convergence,False
151440__916546,151440,916546,2026-03-23,2026-03-24,1,10.99754055,10.9424923984025,0.0,0.0,0.0,0.005005496578732787,0.005005496578732787,0.010010993157465575,0.01147,0.0,0.0,0.0,0.0,0.005005496578732787,0.010010993157465575,0.010010993157465575,overnight_abort,True
151440__916546,151440,916546,2026-03-31,2026-04-10,10,11.077669351597498,11.212060075,11.152101311295636,11.216184691260668,0.005746305398079896,-0.01213167852704701,-0.0063853731289671145,-0.018517051656014125,0.01147,0.000274,0.1275835624,0.1276959733,0.000881,-0.006659345731706841,-0.01879102425875385,-0.019676383792338138,convergence,False
151440__916546,151440,916546,2026-04-23,2026-04-29,6,11.0225814890975,10.782747998402499,10.841963183298597,10.76278417820754,-0.007303013647291175,0.02175837764794217,0.014455364000650995,0.036213741648593166,0.01147,0.000164,0.1276275237,0.1275974096,-0.000236,0.014290980439007159,0.03604935808694933,0.036283643221815765,convergence,False
31337Q__2557WW,31337Q,2557WW,2025-07-15,2025-07-16,1,93.742852468986,85.910290082028,0.0,0.0,0.0,0.08355370228945548,0.08355370228945548,0.16710740457891096,0.024640000000000002,0.0,0.0,0.0,0.0,0.08355370228945548,0.16710740457891096,0.16710740457891096,overnight_abort,True
31337Q__2557WW,31337Q,2557WW,2026-03-31,2026-04-21,21,111.94885503,122.903864667535,14.089061174976232,15.791729749656737,0.1208503926226566,-0.09785727272154128,0.022993119901115314,-0.07486415282042597,0.024640000000000002,0.000575,0.1275835624,0.1277065797,0.000964,0.02241777743536189,-0.0754394952861794,-0.07651918898190196,convergence,False
514782__929594,514782,929594,2025-09-15,2025-09-17,2,15.716700615547,15.145519190000002,15.27777282954042,15.31464136965971,0.0024132143166839264,0.03634232397237266,0.03875553828905658,0.07509786226142924,0.012392,5.5e-05,0.1285173628,0.1285619717,0.000347,0.03870074376850864,0.07504306774088129,0.07469524676205806,convergence,False
514782__929594,514782,929594,2025-10-17,2025-10-22,5,20.017928913594,19.441560127812004,19.631302150254335,19.608730934043017,-0.0011497564470539148,0.02879262826188733,0.027642871814833415,0.05643550007672074,0.012392,0.000137,0.1287307723,0.128665346,-0.000508,0.027505885513463554,0.056298513775350875,0.05680642890340527,convergence,False
514782__929594,514782,929594,2025-11-10,2025-11-11,1,19.970164425547,19.411727532265,0.0,0.0,0.0,0.027963560108078767,0.027963560108078767,0.05592712021615753,0.012392,0.0,0.0,0.0,0.0,0.027963560108078767,0.05592712021615753,0.05592712021615753,overnight_abort,True
777026__901842,777026,901842,2025-11-11,2025-11-13,2,14.302039176477,13.69074694,27.914407498595182,27.543907891067395,-0.013272701831354745,0.04274161390093319,0.02946891206957844,0.07221052597051163,0.01341,5.5e-05,0.6540437103,0.6528481349,-0.001828,0.029414117549030495,0.07215573144996368,0.07396274723377926,convergence,False
777026__901842,777026,901842,2025-11-14,2025-11-17,1,13.929642686477003,13.313208200000002,0.0,0.0,0.0,0.044253431358683724,0.044253431358683724,0.08850686271736745,0.01341,0.0,0.0,0.0,0.0,0.044253431358683724,0.08850686271736745,0.08850686271736745,overnight_abort,True
777026__901842,777026,901842,2026-02-06,2026-02-12,6,15.590328730000001,16.224232577046003,31.210134914704756,32.99253562005448,0.05710967639905787,-0.04066006933043043,0.016449607068627435,-0.024210462261802998,0.01341,0.000164,0.7093206722,0.7090688416,-0.000355,0.0162852235069836,-0.024374845823446834,-0.02399940616448146,convergence,False
777026__901842,777026,901842,2026-02-18,2026-02-19,1,16.989336792385,16.899821262385,0.0,0.0,0.0,0.0052689243314149115,0.0052689243314149115,0.010537848662829823,0.01341,0.0,0.0,0.0,0.0,0.0052689243314149115,0.010537848662829823,0.010537848662829823,overnight_abort,True
777026__901842,777026,901842,2026-03-04,2026-03-05,1,16.888683053523,16.28384197,0.0,0.0,0.0,0.03581339537287534,0.03581339537287534,0.07162679074575068,0.01341,0.0,0.0,0.0,0.0,0.03581339537287534,0.07162679074575068,0.07162679074575068,overnight_abort,True
777026__901842,777026,901842,2026-03-09,2026-03-11,2,16.687390672954002,16.750798773523,33.355168625519696,33.84294620080772,0.01462374784442935,-0.0037997612575684223,0.010823986586860929,0.007024225329292506,0.01341,5.5e-05,0.7119463603,0.7152052128,0.004577,0.010769192066312983,0.0069694308087445605,0.0023462694026952736,convergence,False
510442__929995,510442,929995,2025-11-17,2025-11-21,4,8.72750467090575,7.84150227636475,8.011921434435822,8.032480019447327,0.002565999327345251,0.10151840966577792,0.10408440899312317,0.2056028186589011,0.038,0.00011,0.0063500127,0.0063940659,0.006937,0.10397481995202729,0.2054932296178052,0.19858584999859183,convergence,False
510442__929995,510442,929995,2026-02-18,2026-03-11,21,11.585991938647501,9.76488945409425,10.648341062412813,9.971505500382522,-0.06356253599158541,0.15718140442326584,0.09361886843168042,0.25080027285494627,0.038,0.000575,0.0064484927,0.0062912866,-0.024379,0.093043525965927,0.25022493038919286,0.27362454496257,convergence,False
292798__9747A1,292798,9747A1,2025-08-28,2025-10-10,43,138.11339324293502,146.426161882065,213.80513220000003,235.8294803,0.10301131630178878,-0.060187998020642446,0.042823318281146334,-0.01736467973949611,0.019818,0.001178,1.0,1.0,0.0,0.04164523608936551,-0.018542761931276932,-0.018542761931276932,convergence,False
29969X__265497,29969X,265497,2025-10-10,2025-10-15,1,1.9550224176428,1.7087489999999999,0.0,0.0,0.0,0.12596961314629612,0.12596961314629612,0.25193922629259224,0.069315,0.0,0.0,0.0,0.0,0.12596961314629612,0.25193922629259224,0.25193922629259224,overnight_abort,True
29969X__265497,29969X,265497,2025-11-04,2025-11-11,7,2.4565724929284,2.2946061905711996,0.22274937900661954,0.24851970098846263,0.1156920037073471,0.06593182282364705,0.18162382653099415,0.2475556493546412,0.069315,0.000192,0.647962285,0.6527416848,0.007376,0.18143204570907634,0.24736386853272338,0.2391947286362658,convergence,False
29969X__265497,29969X,265497,2026-01-02,2026-01-16,14,2.6612876094287996,2.2457845952856,0.2376309606726334,0.23626616943028517,-0.005743322496719613,0.1561285644855125,0.15038524198879288,0.3065138064743054,0.069315,0.000384,0.6715016126,0.6682927119,-0.004779,0.15000168034495726,0.30613024483046974,0.31090430699156857,convergence,False
29969X__265497,29969X,265497,2026-02-18,2026-02-23,5,3.6336808047143996,3.3198549070716,0.3581091185043204,0.33840644237152634,-0.05501863849511662,0.08636584072977367,0.03134720223465705,0.11771304296443072,0.069315,0.000137,0.7083656496,0.7055667737,-0.003951,0.031210215933287187,0.11757605666306085,0.12132465375869132,convergence,False
29969X__265497,29969X,265497,2026-03-13,2026-03-20,7,3.1730736094287995,3.1489806905711997,0.3324999082772698,0.32644309693529433,-0.01821597898584893,0.007592927811698914,-0.010623051174150017,-0.003030123362451103,0.069315,0.000192,0.7072137786,0.7023455884,-0.006884,-0.010814831996067826,-0.003221904184368911,0.0035831664654030196,convergence,False
29969X__265497,29969X,265497,2026-04-16,2026-04-20,1,5.5068175647143995,4.5892115023572,0.0,0.0,0.0,0.1666309173263468,0.1666309173263468,0.3332618346526936,0.069315,0.0,0.0,0.0,0.0,0.1666309173263468,0.3332618346526936,0.3332618346526936,overnight_abort,True
29969X__265497,29969X,265497,2026-04-24,2026-04-27,1,5.8036533423572,5.0774255023572,0.0,0.0,0.0,0.12513287702759943,0.12513287702759943,0.25026575405519885,0.069315,0.0,0.0,0.0,0.0,0.12513287702759943,0.25026575405519885,0.25026575405519885,overnight_abort,True
951465__912507,951465,912507,2025-07-29,2025-07-30,1,28.057268406240002,28.57058478752,0.0,0.0,0.0,-0.01829530850429604,-0.01829530850429604,-0.03659061700859208,0.01083,0.0,0.0,0.0,0.0,-0.01829530850429604,-0.03659061700859208,-0.03659061700859208,overnight_abort,True
951465__912507,951465,912507,2025-08-20,2025-08-25,5,30.04344099064,29.346157427519998,29.60105619325353,29.48086984594581,-0.004060204694152467,0.023209177781507804,0.019148973087355338,0.04235815086886314,0.01083,0.000137,0.0067396799,0.0067663577,0.003958,0.019011986785985476,0.04222116456749327,0.03829446074111864,convergence,False
951465__912507,951465,912507,2026-01-29,2026-02-03,5,31.3675674156,30.723849575040003,30.339215651407986,30.850383597330698,0.016848423235324768,0.02052176479072004,0.037370188026044804,0.05789195281676485,0.01083,0.000137,0.0064609918,0.0064205457,-0.00626,0.03723320172467494,0.05775496651539498,0.06416058294314164,convergence,False
517131__912003,517131,912003,2025-08-12,2025-08-13,1,26.390205549573004,26.4593670085675,0.0,0.0,0.0,-0.002620724528445968,-0.002620724528445968,-0.005241449056891936,0.011120999999999999,0.0,0.0,0.0,0.0,-0.002620724528445968,-0.005241449056891936,-0.005241449056891936,overnight_abort,True
517131__912003,517131,912003,2025-10-03,2025-10-09,6,28.946039131432503,29.103301797286502,28.93950524340692,29.093692500078454,0.005327916126232375,-0.005432959761435108,-0.00010504363520273327,-0.005538003396637841,0.011120999999999999,0.000164,0.0066509261,0.0065329584,-0.017737,-0.00026942719684656886,-0.0057023869582816765,0.01245113779264958,convergence,False
517131__912003,517131,912003,2026-01-09,2026-01-14,5,26.054433558354003,25.252126689573,25.312753902878498,25.5015918536708,0.007460189891500786,0.03079348729589838,0.038253677187399165,0.06904716448329755,0.011120999999999999,0.000137,0.0062839727,0.0063111392,0.004323,0.0381166908860293,0.06891017818192768,0.06457353365843384,convergence,False
517131__912003,517131,912003,2026-02-06,2026-02-12,6,29.868141709146002,31.0987287972865,31.671497254084233,31.45254697353781,-0.006913164817876995,-0.04120065788236427,-0.04811382270024126,-0.08931448058260552,0.011120999999999999,0.000164,0.0064149854,0.0065468591,0.020557,-0.048278206261885094,-0.08947886414424935,-0.10948266037330776,convergence,False
517131__912003,517131,912003,2026-03-04,2026-03-05,1,31.817580933354,30.4781569865675,0.0,0.0,0.0,0.04209697618408184,0.04209697618408184,0.08419395236816368,0.011120999999999999,0.0,0.0,0.0,0.0,0.04209697618408184,0.08419395236816368,0.08419395236816368,overnight_abort,True
517131__912003,517131,912003,2026-03-09,2026-03-11,2,29.928275892286504,29.6221168081405,30.08869648375799,29.748148272874072,-0.011318144375837154,0.010229760152168015,-0.0010883842236691383,0.009141375928498877,0.011120999999999999,5.5e-05,0.0063271113,0.0062912866,-0.005662,-0.0011431787442170835,0.009086581407950932,0.014716468126699264,convergence,False
517131__912003,517131,912003,2026-03-23,2026-03-26,3,28.294543885854,27.7065088835675,27.722084749046143,28.10190896688941,0.013701141933646854,0.020782628787329227,0.03448377072097608,0.05526639950830531,0.011120999999999999,8.2e-05,0.0063013954,0.0062570388,-0.007039,0.034401578940154165,0.05518420772748339,0.06237040834242817,convergence,False
516146__930446,516146,930446,2025-09-29,2025-09-30,1,248.72692587190002,249.2025,0.0,0.0,0.0,-0.0019120331521521549,-0.0019120331521521549,-0.0038240663043043097,0.013531000000000001,0.0,0.0,0.0,0.0,-0.0019120331521521549,-0.0038240663043043097,-0.0038240663043043097,overnight_abort,True
516146__930446,516146,930446,2025-10-06,2025-10-09,3,260.8896515914,250.1395113681,25.395768622018917,25.074978457491564,-0.012631638337152643,0.041205698109240005,0.02857405977208736,0.06977975788132737,0.013531000000000001,8.2e-05,0.0065830618,0.0065329584,-0.007611,0.028491867991265445,0.06969756610050545,0.07727001780504061,convergence,False
516146__930446,516146,930446,2025-10-14,2025-10-16,2,244.08615890000002,238.25753616810002,24.383461534255538,23.872325377706563,-0.020962411585036703,0.02387936603274557,0.002916954447708866,0.026796320480454435,0.013531000000000001,5.5e-05,0.006620324,0.0066476102,0.004122,0.0028621599271609205,0.02674152595990649,0.02272290654010236,convergence,False
516146__930446,516146,930446,2026-01-09,2026-01-14,5,299.95381000000003,315.5551078095,31.21057672868042,31.788740163650473,0.01852459952906802,-0.05201233419738843,-0.03348773466832041,-0.08550006886570885,0.013531000000000001,0.000137,0.0062839727,0.0063111392,0.004323,-0.033624720969690276,-0.08563705516707872,-0.09002132679479155,convergence,False
516146__930446,516146,930446,2026-02-02,2026-02-03,1,327.4913353724,337.1262057948,0.0,0.0,0.0,-0.029420230038892235,-0.029420230038892235,-0.05884046007778447,0.013531000000000001,0.0,0.0,0.0,0.0,-0.029420230038892235,-0.05884046007778447,-0.05884046007778447,overnight_abort,True
516146__930446,516146,930446,2026-02-06,2026-02-12,6,372.7879521026,407.3166218172,38.350702428033394,41.104263524119375,0.07179949575247409,-0.09262281551710896,-0.020823319764634876,-0.11344613528174384,0.013531000000000001,0.000164,0.0064149854,0.0065468591,0.020557,-0.020987703326278712,-0.11361051884338767,-0.1351998280073825,convergence,False
516146__930446,516146,930446,2026-03-04,2026-03-05,1,351.5779373043,342.6534375,0.0,0.0,0.0,0.02538412925659673,0.02538412925659673,0.05076825851319346,0.013531000000000001,0.0,0.0,0.0,0.0,0.02538412925659673,0.05076825851319346,0.05076825851319346,overnight_abort,True
516146__930446,516146,930446,2026-03-09,2026-03-11,2,337.6336865914,342.90264,34.371109527370905,34.28402402094174,-0.002533683306319006,-0.015605532320524694,-0.0181392156268437,-0.03374474794736839,0.013531000000000001,5.5e-05,0.0063271113,0.0062912866,-0.005662,-0.018194010147391644,-0.03379954246791633,-0.028119634075941886,convergence,False
516146__930446,516146,930446,2026-03-23,2026-03-26,3,339.4593218491,348.9333903405,33.87094786623746,35.29444851573936,0.04202718669473222,-0.02790928951307911,0.014117897181653107,-0.013791392331426004,0.013531000000000001,8.2e-05,0.0063013954,0.0062570388,-0.007039,0.014035705400831188,-0.013873584112247922,-0.00648657811999743,convergence,False
510311__912023,510311,912023,2025-11-11,2025-11-12,1,41.81590875,36.571301452562,0.0,0.0,0.0,0.12542133972965497,0.12542133972965497,0.25084267945930994,0.032289,0.0,0.0,0.0,0.0,0.12542133972965497,0.25084267945930994,0.25084267945930994,overnight_abort,True
510003__932107,510003,932107,2025-10-31,2025-11-13,1,26.738564176889998,24.239189125865998,0.0,0.0,0.0,0.0934745424058408,0.0934745424058408,0.1869490848116816,0.03193,0.0,0.0,0.0,0.0,0.0934745424058408,0.1869490848116816,0.1869490848116816,overnight_abort,True
510003__932107,510003,932107,2025-11-17,2026-01-20,64,26.829352260354,24.288761,12.979606655819131,12.245416311359559,-0.056564914787337814,0.09469446879298148,0.03812955400564366,0.13282402279862515,0.03193,0.001753,0.0064232264,0.0063229111,-0.015618,0.036376129348109416,0.1310705981410909,0.14603854124622692,convergence,False
510003__932107,510003,932107,2026-01-22,2026-02-10,19,26.722435302487998,26.430141445512,12.954463992896633,14.032930006118763,0.08325053153982201,0.010938144434342946,0.09418867597416496,0.1051268204085079,0.03193,0.000521,0.0064219889,0.0064773132,0.008615,0.09366812802895948,0.10460627246330242,0.09535396745170148,convergence,False
510003__932107,510003,932107,2026-04-02,2026-04-06,1,28.997882499999996,25.716348294134,0.0,0.0,0.0,0.11316461489441498,0.11316461489441498,0.22632922978882997,0.03193,0.0,0.0,0.0,0.0,0.11316461489441498,0.22632922978882997,0.22632922978882997,overnight_abort,True
510003__932107,510003,932107,2026-04-13,2026-04-15,2,29.320649608975998,26.915906751732,14.035368791168157,13.826705661679062,-0.014866950245040741,0.08201533353844348,0.06714838329340274,0.1491637168318462,0.03193,5.5e-05,0.0062974275,0.0062899012,-0.001195,0.06709358877285479,0.14910892231129827,0.1502877018559391,convergence,False
514853__997697,514853,997697,2025-09-03,2025-09-04,1,3.42317239795535,3.2576449613631002,0.0,0.0,0.0,0.04835498109622492,0.04835498109622492,0.09670996219244984,0.015811000000000002,0.0,0.0,0.0,0.0,0.04835498109622492,0.09670996219244984,0.09670996219244984,overnight_abort,True
514853__997697,514853,997697,2025-11-05,2025-11-06,1,3.6547404663631005,3.54566836704465,0.0,0.0,0.0,0.02984400679673714,0.02984400679673714,0.05968801359347428,0.015811000000000002,0.0,0.0,0.0,0.0,0.02984400679673714,0.05968801359347428,0.05968801359347428,overnight_abort,True
514853__997697,514853,997697,2025-11-26,2025-12-01,5,3.88630752795535,3.7343740179553504,3.7724820149741904,3.8064941564329895,0.009015852514019672,0.039094566991185686,0.04811041950520536,0.08720498649639105,0.015811000000000002,0.000137,0.1284381347,0.1283911274,-0.000366,0.04797343320383549,0.08706800019502119,0.08743742689797486,convergence,False
514853__997697,514853,997697,2025-12-02,2025-12-04,2,3.92658014795535,3.67478255068155,3.750157391879125,3.7656936083538763,0.004142817181058788,0.06412643771066691,0.0682692548917257,0.13239569260239262,0.015811000000000002,5.5e-05,0.1284661748,0.1284868125,0.000161,0.06821446037117775,0.13234089808184468,0.13217961150453056,convergence,False
514853__997697,514853,997697,2025-12-17,2025-12-19,2,3.7956949384077503,3.68471459431845,3.8080410432992897,3.758717525596266,-0.012952464834856363,0.029238478299801196,0.016286013464944835,0.04552449176474603,0.015811000000000002,5.5e-05,0.128509929,0.1285115822,1.3e-05,0.01623121894439689,0.04546969724419809,0.04545699965727874,convergence,False
514853__997697,514853,997697,2026-03-06,2026-03-11,5,4.3091701386369,4.00849293995535,4.08310276629718,4.105188786806157,0.005409126777626143,0.06977612603076785,0.075185252808394,0.14496137883916185,0.015811000000000002,0.000137,0.1278576112,0.1277881783,-0.000543,0.07504826650702413,0.144824392537792,0.14537067524005218,convergence,False
151497__951407,151497,951407,2025-07-08,2025-07-15,7,5.0509019641689,4.670510306662201,0.9517519479319798,0.9514121402523005,-0.000357033868349512,0.07531162952779479,0.07495459565944528,0.15026622518724006,0.013991,0.000192,0.127390153,0.1273860977,-3.2e-05,0.07476281483752746,0.15007444436532225,0.15010626771334643,convergence,False
151497__951407,151497,951407,2025-08-01,2025-08-07,6,5.1914840354155505,5.14851616458445,1.0232996688496476,1.0390920762289726,0.015432827606675725,0.008276606561434065,0.02370943416810979,0.031986040729543856,0.013991,0.000164,0.1273909725,0.127390153,-6e-06,0.023545050606465955,0.03182165716790002,0.031828189440470694,convergence,False
151497__951407,151497,951407,2025-08-22,2025-08-25,1,5.311982595,5.1186411283378,0.0,0.0,0.0,0.03639723271009696,0.03639723271009696,0.07279446542019392,0.013991,0.0,0.0,0.0,0.0,0.03639723271009696,0.07279446542019392,0.07279446542019392,overnight_abort,True
151497__951407,151497,951407,2025-11-25,2025-12-12,17,5.8883682536622,5.7470186095,1.1719472529750359,1.1734307589391038,0.001265847042434663,0.024004892030027036,0.0252707390724617,0.04927563110248873,0.013991,0.000466,0.1285619717,0.128468647,-0.000726,0.024804985647804166,0.048809877677831195,0.04953723674152152,convergence,False
151497__951407,151497,951407,2025-12-24,2026-01-05,12,5.79397773707775,5.47714475,1.1029646379557811,1.106603717145534,0.0032993616155251745,0.054683155761925284,0.05798251737745046,0.11266567313937574,0.013991,0.000329,0.1286363817,0.1284439087,-0.001496,0.057653750254162785,0.11233690601608808,0.1138403485692048,convergence,False
151497__951407,151497,951407,2026-03-10,2026-03-13,3,6.03497485624665,5.8356484712466505,1.1749654386272144,1.1681313297585523,-0.005816433951152477,0.033028536116216194,0.027212102165063715,0.06024063828127991,0.013991,8.2e-05,0.1277685904,0.1277489922,-0.000153,0.027129910384241798,0.06015844650045799,0.060310965968741755,convergence,False
151497__951407,151497,951407,2026-03-23,2026-03-24,1,5.72368624958445,5.3745731648378,0.0,0.0,0.0,0.060994448249499345,0.060994448249499345,0.12198889649899869,0.013991,0.0,0.0,0.0,0.0,0.060994448249499345,0.12198889649899869,0.12198889649899869,overnight_abort,True
151497__951407,151497,951407,2026-04-28,2026-04-29,1,5.9646832683378,5.6066047341689,0.0,0.0,0.0,0.06003311794771748,0.06003311794771748,0.12006623589543496,0.013991,0.0,0.0,0.0,0.0,0.06003311794771748,0.12006623589543496,0.12006623589543496,overnight_abort,True
514939__929610,514939,929610,2025-11-17,2025-11-20,3,1.015701,0.81017648721402,0.9394732585722342,0.9309734254096119,-0.009047445560653738,0.20234745538891855,0.1933000098282648,0.39564746521718336,0.035131,8.2e-05,0.1284554582,0.1284727864,0.000135,0.1932178180474429,0.39556527343636144,0.39543161537121785,convergence,False
514939__929610,514939,929610,2025-12-03,2025-12-09,6,1.00554400015701,0.829900874561,0.9345535295533521,0.9016360230443636,-0.03522270845707538,0.17467472887171945,0.13945202041464405,0.3141267492863635,0.035131,0.000164,0.1284868125,0.1284950625,6.4e-05,0.13928763685300022,0.3139623657247197,0.3139004223900857,convergence,False
514939__929610,514939,929610,2025-12-12,2025-12-16,4,0.9969105619710299,0.7874392196859801,0.9089017172682977,0.901867782578921,-0.00773893871662738,0.21012049653771953,0.20238155782109216,0.41250205435881165,0.035131,0.00011,0.1285000226,0.1285280913,0.000218,0.20227196877999626,0.4123924653177158,0.4121757696695573,convergence,False
514939__929610,514939,929610,2025-12-23,2025-12-29,6,1.00554400015701,0.8453159812000001,0.917427629885136,0.9064796307124912,-0.011933365440515016,0.15934461240084094,0.14741124696032593,0.30675585936116684,0.035131,0.000164,0.1286123992,0.1286363817,0.000186,0.1472468633986821,0.306591475799523,0.3064072642432731,convergence,False
514939__929610,514939,929610,2026-04-20,2026-04-22,2,1.00554400015701,0.82681114031402,0.9314373075490149,0.926376436452609,-0.005433399602301771,0.17774742807384045,0.17231402847153868,0.3500614565453791,0.035131,5.5e-05,0.1277065797,0.1276625623,-0.000345,0.17225923395099074,0.35000666202483116,0.35034958351322687,convergence,False
997641__912004,997641,912004,2025-09-18,2025-09-25,7,63.9000712035,62.9887719755,12.570060156048202,12.640583649404638,0.0056104340377800994,0.014261317880191698,0.019871751917971796,0.034133069798163496,0.010694,0.000192,0.006758355,0.0066757902,-0.012217,0.01967997109605399,0.03394128897624569,0.04637847197283559,convergence,False
997641__912004,997641,912004,2025-12-09,2025-12-12,3,73.39599000000001,70.8511569755,14.832665108454501,14.54392038472955,-0.019466813388806927,0.03467264389376051,0.015205830504953586,0.049878474398714095,0.010694,8.2e-05,0.0064092293,0.0064174555,0.001283,0.015123638724131668,0.04979628261789218,0.048539388495338454,convergence,False
997641__912004,997641,912004,2025-12-15,2025-12-17,2,74.76075,71.3593659965,14.575733260314696,14.393509263384004,-0.012501875115047013,0.045496921894175736,0.03299504677912872,0.07849196867330446,0.010694,5.5e-05,0.0064632881,0.0064232264,-0.006198,0.03294025225858078,0.07843717415275651,0.08459620563726154,convergence,False
997641__912004,997641,912004,2026-02-02,2026-02-03,1,76.98751148250001,78.351014279,0.0,0.0,0.0,-0.0177107009986928,-0.0177107009986928,-0.0354214019973856,0.010694,0.0,0.0,0.0,0.0,-0.0177107009986928,-0.0354214019973856,-0.0354214019973856,overnight_abort,True
997641__912004,997641,912004,2026-02-06,2026-02-10,4,86.72749151400001,88.3696130245,17.33959780293519,17.727988610108742,0.022399066667382846,-0.01893426734514638,0.0034647993222364643,-0.015469468022909917,0.010694,0.00011,0.0064149854,0.0064773132,0.009716,0.003355210281140574,-0.015579057064005808,-0.025417068995778922,convergence,False
997641__912004,997641,912004,2026-02-25,2026-02-27,2,101.27322000000001,101.29422500000001,19.783470304867755,20.314209334249004,0.026827397883305588,-0.0002074092242747133,0.026619988659030876,0.02641257943475616,0.010694,5.5e-05,0.0064051241,0.0064079972,0.000449,0.02656519413848293,0.026357784914208215,0.025897394919521838,convergence,False
997641__912004,997641,912004,2026-03-04,2026-03-05,1,92.70333501750001,88.3696130245,0.0,0.0,0.0,0.046748285724369204,0.046748285724369204,0.09349657144873841,0.010694,0.0,0.0,0.0,0.0,0.046748285724369204,0.09349657144873841,0.09349657144873841,overnight_abort,True
997641__912004,997641,912004,2026-03-23,2026-03-26,3,79.2965750175,79.4908099825,15.80152429549141,16.103975464213903,0.019140632452072398,-0.0024494748349109248,0.016691157617161473,0.014241682782250548,0.010694,8.2e-05,0.0063013954,0.0062570388,-0.007039,0.016608965836339556,0.01415949100142863,0.02138425255755372,convergence,False
997641__912004,997641,912004,2026-03-31,2026-04-16,16,80.019096021,81.952165979,16.55708214893175,16.350057695242658,-0.012503679804623725,-0.024157608047617716,-0.036661287852241445,-0.06081889589985916,0.010694,0.000438,0.0062970309,0.0062819989,-0.002387,-0.03709964401662501,-0.06125725206424272,-0.05889430279897354,convergence,False
362819__315035,362819,315035,2025-07-31,2025-08-01,1,30.55296325,30.197470875,0.0,0.0,0.0,0.011635283035926171,0.011635283035926171,0.023270566071852343,0.006403,0.0,0.0,0.0,0.0,0.011635283035926171,0.023270566071852343,0.023270566071852343,overnight_abort,True
362819__315035,362819,315035,2025-11-20,2025-12-01,11,37.1544037797905,36.07724289,3.6329110115102337,3.621649698952509,-0.003099804130088876,0.028991472886355438,0.025891668756266563,0.054883141642622,0.006403,0.000301,0.765315767,0.7716943143,0.008335,0.025590298893252865,0.0545817717796083,0.04634175376353224,convergence,False
362819__315035,362819,315035,2026-02-26,2026-02-27,1,39.879128061527,39.730891293054,0.0,0.0,0.0,0.0037171516950995705,0.0037171516950995705,0.007434303390199141,0.006403,0.0,0.0,0.0,0.0,0.0037171516950995705,0.007434303390199141,0.007434303390199141,overnight_abort,True
362819__315035,362819,315035,2026-03-03,2026-03-06,3,39.478439471946004,38.9622234067365,3.847257581884158,3.9028135385607152,0.014440404754326093,0.01307589844265087,0.02751630319697696,0.04059220163962783,0.006403,8.2e-05,0.7840060877,0.7817079098,-0.002931,0.027434111416155045,0.040510009858805915,0.043492408386243034,convergence,False
362819__315035,362819,315035,2026-03-09,2026-03-17,8,39.2580564402095,40.409702486945996,3.948443734899536,4.0453135283027,0.024533664376916623,-0.029335279205440698,-0.004801614828524075,-0.034136894033964776,0.006403,0.000219,0.7853918992,0.7836070656,-0.002273,-0.005020792910715856,-0.03435607211615656,-0.0320224763782074,convergence,False
362819__315035,362819,315035,2026-04-13,2026-04-17,4,38.687059623054004,37.704417386317495,3.8198300392722717,3.7814062062025937,-0.01005904259473237,0.025399765355931664,0.015340722761199294,0.040740488117130956,0.006403,0.00011,0.7864416206,0.7873084616,0.001102,0.015231133720103403,0.040630899076035065,0.03954095599614716,convergence,False
151619__540775,151619,540775,2025-08-22,2025-08-25,1,65.075201455443,65.699238,0.0,0.0,0.0,-0.009589467732716565,-0.009589467732716565,-0.01917893546543313,0.020326,0.0,0.0,0.0,0.0,-0.009589467732716565,-0.01917893546543313,-0.01917893546543313,overnight_abort,True
151619__540775,151619,540775,2025-08-29,2025-09-05,7,65.38661211632899,61.677655248101,12.41051625268314,12.332757278499455,-0.0062655712784609385,0.056723490454428295,0.050457919175967356,0.10718140963039566,0.020326,0.000192,0.1280885299,0.1282552727,0.001302,0.05026613835404955,0.10698962880847784,0.1056976892444101,convergence,False
151619__540775,151619,540775,2025-10-17,2025-10-21,4,59.419540522658,61.408881656328994,12.084385901005172,12.385064836122451,0.024881606527665495,-0.03347957786567564,-0.008597971338010144,-0.04207754920368578,0.020326,0.00011,0.1287307723,0.128666182,-0.000502,-0.008707560379106034,-0.04218713824478167,-0.04167264866095223,convergence,False
151619__540775,151619,540775,2026-02-06,2026-02-12,6,73.754573935443,76.091665906329,14.553673070224464,15.279679056362209,0.04988472550088328,-0.03168741741944896,0.01819730808143432,-0.013490109338014637,0.020326,0.000164,0.127962323,0.1279418698,-0.00016,0.018032924519790484,-0.013654492899658473,-0.013486654940895081,convergence,False
151619__540775,151619,540775,2026-03-04,2026-03-05,1,79.560911386329,76.89270187475799,0.0,0.0,0.0,0.0335366886210593,0.0335366886210593,0.0670733772421186,0.020326,0.0,0.0,0.0,0.0,0.0335366886210593,0.0670733772421186,0.0670733772421186,overnight_abort,True
151619__540775,151619,540775,2026-03-23,2026-03-24,1,67.42586182177199,66.953491202785,0.0,0.0,0.0,0.007005777994141354,0.007005777994141354,0.014011555988282708,0.020326,0.0,0.0,0.0,0.0,0.007005777994141354,0.014011555988282708,0.014011555988282708,overnight_abort,True
151619__540775,151619,540775,2026-03-31,2026-04-16,16,66.82313666278499,69.72082174734199,13.804951716535587,14.017274434881289,0.01538018550918806,-0.043363499968279255,-0.027983314459091194,-0.07134681442737045,0.020326,0.000438,0.1275835624,0.1277996102,0.001693,-0.028421670623474758,-0.07178517059175402,-0.07350169112651588,convergence,False
132934__932068,132934,932068,2025-10-15,2025-10-16,1,36.472409999999996,33.553835,0.0,0.0,0.0,0.08002144634807509,0.08002144634807509,0.16004289269615019,0.049007999999999996,0.0,0.0,0.0,0.0,0.08002144634807509,0.16004289269615019,0.16004289269615019,overnight_abort,True
132934__932068,132934,932068,2025-11-10,2025-11-12,1,37.029631427489996,39.080355908142494,0.0,0.0,0.0,-0.0553806344162012,-0.0553806344162012,-0.1107612688324024,0.049007999999999996,0.0,0.0,0.0,0.0,-0.0553806344162012,-0.1107612688324024,-0.1107612688324024,overnight_abort,True
132934__932068,132934,932068,2025-11-17,2025-12-04,17,41.5380225,38.0831023781075,19.373824283852926,19.98335729694415,0.0314616775790228,0.08317488204674403,0.11463655962576683,0.19781144167251086,0.049007999999999996,0.000466,0.006390593,0.0064476607,0.00893,0.1141708062011093,0.1973456882478533,0.18821630810265164,convergence,False
151767__729076,151767,729076,2025-07-25,2025-07-28,1,7.86300009,7.4891557353145,0.0,0.0,0.0,0.04754474760351932,0.04754474760351932,0.09508949520703865,0.026303,0.0,0.0,0.0,0.0,0.04754474760351932,0.09508949520703865,0.09508949520703865,overnight_abort,True
151767__729076,151767,729076,2025-09-03,2025-09-10,7,7.0555030881258,6.7164644218742,1.3433665024090164,1.3633527099238036,0.014877702755686225,0.048053081689127454,0.06293078444481368,0.11098386613394114,0.026303,0.000192,0.1281903288,0.1283795895,0.001476,0.06273900362289586,0.11079208531202332,0.10929592486170545,convergence,False
151767__729076,151767,729076,2025-11-24,2025-12-02,8,7.8024374262516005,7.7764380462516,1.5078331671739567,1.5714895675016038,0.04221713762070551,0.0033322125612343895,0.045549350181939896,0.04888156274317429,0.026303,0.000219,0.1286090877,0.1284570952,-0.001182,0.045330172099748114,0.04866238466098251,0.04989555273194951,convergence,False
151767__729076,151767,729076,2026-02-05,2026-02-09,4,8.3803025256258,7.925032,1.6148153900910422,1.6304508007907215,0.009682475653639704,0.05432626378745224,0.06400873944109195,0.11833500322854419,0.026303,0.00011,0.1279819867,0.127962323,-0.000154,0.06389915039999607,0.11822541418744831,0.11838056996167187,convergence,False
151767__729076,151767,729076,2026-02-10,2026-02-11,1,8.579653500000001,7.993385698188701,0.0,0.0,0.0,0.06833234020596522,0.06833234020596522,0.13666468041193044,0.026303,0.0,0.0,0.0,0.0,0.06833234020596522,0.13666468041193044,0.13666468041193044,overnight_abort,True
151767__729076,151767,729076,2026-03-19,2026-04-08,20,8.2364672590629,7.50896782,1.5890611218392574,1.5225091102268038,-0.041881341565655476,0.08832663521637935,0.04644529365072387,0.1347719288671032,0.026303,0.000548,0.1276674437,0.1276764136,7e-05,0.045897348445244415,0.13422398366162375,0.13415667108358384,convergence,False
151767__729076,151767,729076,2026-04-17,2026-04-21,4,7.86300009,7.4990612328113,1.5229288526600093,1.5279577847788692,0.00330214514622674,0.04628498703078352,0.04958713217701026,0.09587211920779379,0.026303,0.00011,0.1277098465,0.1277065797,-2.6e-05,0.04947754313591437,0.0957625301666979,0.09578819515166176,convergence,False
951173__906169,951173,906169,2025-07-02,2025-07-03,1,50.965865116402,50.2851122367525,0.0,0.0,0.0,0.01335703569623939,0.01335703569623939,0.02671407139247878,0.014471999999999999,0.0,0.0,0.0,0.0,0.01335703569623939,0.02671407139247878,0.02671407139247878,overnight_abort,True
951173__906169,951173,906169,2025-08-22,2025-08-25,1,56.2101365110515,55.5107023617525,0.0,0.0,0.0,0.012443203178513641,0.012443203178513641,0.024886406357027283,0.014471999999999999,0.0,0.0,0.0,0.0,0.012443203178513641,0.024886406357027283,0.024886406357027283,overnight_abort,True
951173__906169,951173,906169,2025-09-25,2025-09-26,1,55.9489336689485,54.485492342103,0.0,0.0,0.0,0.026156733129262543,0.026156733129262543,0.052313466258525086,0.014471999999999999,0.0,0.0,0.0,0.0,0.026156733129262543,0.052313466258525086,0.052313466258525086,overnight_abort,True
951173__906169,951173,906169,2025-09-29,2025-09-30,1,56.481396899299,55.490790375,0.0,0.0,0.0,0.017538633579922868,0.017538633579922868,0.035077267159845736,0.014471999999999999,0.0,0.0,0.0,0.0,0.017538633579922868,0.035077267159845736,0.035077267159845736,overnight_abort,True
951173__906169,951173,906169,2025-10-13,2025-10-15,2,55.9690306775465,56.4264228310515,27.82595772497401,28.284073525045613,0.01646361302635203,-0.008172236466630338,0.008291376559721692,0.00011914009309135429,0.014471999999999999,5.5e-05,0.6486135885,0.6512959095,0.004135,0.008236582039173747,6.434557254340908e-05,-0.004121895512633526,convergence,False
951173__906169,951173,906169,2026-01-14,2026-01-15,1,66.3269650132475,65.72299251964951,0.0,0.0,0.0,0.009105987187524135,0.009105987187524135,0.01821197437504827,0.014471999999999999,0.0,0.0,0.0,0.0,0.009105987187524135,0.01821197437504827,0.01821197437504827,overnight_abort,True
951173__906169,951173,906169,2026-02-03,2026-02-04,1,73.07821065789699,71.884215100701,0.0,0.0,0.0,0.01633859869374024,0.01633859869374024,0.03267719738748048,0.014471999999999999,0.0,0.0,0.0,0.0,0.01633859869374024,0.03267719738748048,0.03267719738748048,overnight_abort,True
951173__906169,951173,906169,2026-02-11,2026-02-12,1,75.4793219582475,72.4216974032475,0.0,0.0,0.0,0.04050943325499612,0.04050943325499612,0.08101886650999224,0.014471999999999999,0.0,0.0,0.0,0.0,0.04050943325499612,0.08101886650999224,0.08101886650999224,overnight_abort,True
951173__906169,951173,906169,2026-02-24,2026-02-26,2,80.020326647103,80.69307299780401,40.35913525289273,40.924062060086264,0.013997495329215355,-0.008407193258131494,0.005590302071083861,-0.0028168911870476328,0.014471999999999999,5.5e-05,0.7123521362,0.7104794223,-0.002629,0.005535507550535916,-0.002871685707595578,-0.00019894509827448803,convergence,False
951173__906169,951173,906169,2026-03-31,2026-04-07,7,73.07821065789699,72.969143164299,36.5107278308229,36.821144314774756,0.008502062336040214,0.0014924762472438074,0.009994538583284023,0.011487014830527829,0.014471999999999999,0.000192,0.6928565039,0.6975931571,0.006836,0.009802757761366214,0.01129523400861002,0.004447511274876444,convergence,False
27220J__912748,27220J,912748,2025-07-11,2025-07-16,5,7.3171682632440005,6.7785333755464,6.936568886711061,6.873158342250207,-0.009141485581197789,0.07361247798595817,0.06447099240476038,0.13808347039071855,0.020097,0.000137,0.0067697932,0.0067624683,-0.001082,0.06433400610339052,0.1379464840893487,0.13901975189783,convergence,False
27220J__912748,27220J,912748,2025-08-18,2025-08-27,9,6.854183783244,6.4677634180535994,6.693120538866353,6.729904314021135,0.0054957586586379,0.05637729851000768,0.06187305716864558,0.11825035567865326,0.020097,0.000247,0.0067716264,0.0067837998,0.001798,0.06162648182617982,0.11800378033618751,0.1161994372792984,convergence,False
27220J__912748,27220J,912748,2025-11-04,2025-11-06,1,6.818955898053601,6.582017,0.0,0.0,0.0,0.034747093484096776,0.034747093484096776,0.06949418696819355,0.020097,0.0,0.0,0.0,0.0,0.034747093484096776,0.06949418696819355,0.06949418696819355,overnight_abort,True
27220J__912748,27220J,912748,2025-11-13,2025-11-14,1,7.085675520000001,6.6068545019464,0.0,0.0,0.0,0.06757591660838574,0.06757591660838574,0.1351518332167715,0.020097,0.0,0.0,0.0,0.0,0.06757591660838574,0.1351518332167715,0.1351518332167715,overnight_abort,True
27220J__912748,27220J,912748,2025-12-15,2025-12-19,4,7.337297520000001,6.6366605574048,6.961784001404976,6.859146811566326,-0.0147429437365389,0.09548978499037356,0.08074684125383466,0.17623662624420822,0.020097,0.00011,0.0064232264,0.0063385415,-0.013184,0.08063725221273878,0.17612703720311232,0.18929038010841084,convergence,False
27220J__912748,27220J,912748,2026-03-23,2026-03-26,3,7.2064539793512,6.964519418053599,7.111148542352752,7.054631634008467,-0.00794764840133497,0.033571928994595816,0.025624280593260846,0.059196209587856666,0.020097,8.2e-05,0.0063013954,0.0062570388,-0.007039,0.02554208881243893,0.05911401780703475,0.06614674858359978,convergence,False
14849F__998511,14849F,998511,2025-08-21,2025-08-26,1,7.9880074227413,7.190079615,0.0,0.0,0.0,0.09989071936383725,0.09989071936383725,0.1997814387276745,0.033953,0.0,0.0,0.0,0.0,0.09989071936383725,0.1997814387276745,0.1997814387276745,overnight_abort,True
29057K__141025,29057K,141025,2025-07-01,2025-07-02,1,14.9454614671065,13.2551292178935,0.0,0.0,0.0,0.11310003728779165,0.11310003728779165,0.2262000745755833,0.029138999999999998,0.0,0.0,0.0,0.0,0.11310003728779165,0.2262000745755833,0.2262000745755833,overnight_abort,True
29057K__141025,29057K,141025,2025-09-23,2025-09-29,1,17.775423682360998,15.806865512893499,0.0,0.0,0.0,0.11074606178984918,0.11074606178984918,0.22149212357969836,0.029138999999999998,0.0,0.0,0.0,0.0,0.11074606178984918,0.22149212357969836,0.22149212357969836,overnight_abort,True
670845__362033,670845,362033,2025-07-30,2025-08-01,2,26.390923113828002,25.471637086914,1.2913158601271837,1.2845993380681988,-0.005201300678149616,0.034833416889169924,0.02963211621102031,0.06446553310019024,0.010189,5.5e-05,0.1273917774,0.1273966527,3.8e-05,0.029577321690472363,0.06441073857964229,0.0643726689601034,convergence,False
670845__362033,670845,362033,2025-08-22,2025-08-25,1,27.996444279258,28.202170886172,0.0,0.0,0.0,-0.007348311980690246,-0.007348311980690246,-0.014696623961380492,0.010189,0.0,0.0,0.0,0.0,-0.007348311980690246,-0.014696623961380492,-0.014696623961380492,overnight_abort,True
670845__362033,670845,362033,2025-09-11,2025-09-12,1,30.256228439801003,30.175321043457,0.0,0.0,0.0,0.0026740740837867274,0.0026740740837867274,0.005348148167573455,0.010189,0.0,0.0,0.0,0.0,0.0026740740837867274,0.005348148167573455,0.005348148167573455,overnight_abort,True
670845__362033,670845,362033,2025-10-06,2025-10-09,3,30.505086779258,31.640240249999998,1.5071800101970794,1.6114002948899713,0.06914919517759795,-0.03721194038739294,0.031937254790205004,-0.005274685597187939,0.010189,8.2e-05,0.1284983697,0.1285066212,6.4e-05,0.03185506300938309,-0.005356877378009857,-0.0054255281953889695,convergence,False
670845__362033,670845,362033,2025-10-17,2025-10-21,4,29.600971018801,29.378083653828,1.4621975207171007,1.4785228313269734,0.011164914711294454,0.007529731535882209,0.018694646247176663,0.02622437778305887,0.010189,0.00011,0.1287307723,0.128666182,-0.000502,0.018585057206080773,0.02611478874196298,0.02662239255965209,convergence,False
670845__362033,670845,362033,2026-02-06,2026-02-12,6,24.233480529258,22.880634255801,1.1778993541142113,1.1495912848938223,-0.02403267233445157,0.0558255043811663,0.03179283204671473,0.08761833642788103,0.010189,0.000164,0.127962323,0.1279418698,-0.00016,0.0316284484850709,0.0874539528662372,0.0876099741513521,convergence,False
670845__362033,670845,362033,2026-02-20,2026-02-23,1,24.113070706543002,23.717727386172,0.0,0.0,0.0,0.0163953950611411,0.0163953950611411,0.0327907901222822,0.010189,0.0,0.0,0.0,0.0,0.0163953950611411,0.0327907901222822,0.0327907901222822,overnight_abort,True
670845__362033,670845,362033,2026-03-04,2026-03-05,1,24.213422427285003,23.239390732344,0.0,0.0,0.0,0.04022693189556766,0.04022693189556766,0.08045386379113532,0.010189,0.0,0.0,0.0,0.0,0.04022693189556766,0.08045386379113532,0.08045386379113532,overnight_abort,True
670845__362033,670845,362033,2026-03-23,2026-03-24,1,23.250097686543,23.438696342715,0.0,0.0,0.0,-0.008111736075894452,-0.008111736075894452,-0.016223472151788904,0.010189,0.0,0.0,0.0,0.0,-0.008111736075894452,-0.016223472151788904,-0.016223472151788904,overnight_abort,True
670845__362033,670845,362033,2026-03-31,2026-04-08,8,24.012718985801,25.541402072714998,1.214028564592585,1.2899695159440276,0.06255285383414978,-0.06366139077452765,-0.001108536940377866,-0.06476992771490551,0.010189,0.000219,0.1275835624,0.1276764136,0.000728,-0.0013277150225696468,-0.0649891057970973,-0.06576183511146418,convergence,False
151444__315891,151444,315891,2025-12-05,2025-12-16,11,15.374767856035502,12.406223115,3.210916834373182,3.2062665369831578,-0.001448277121426047,0.19307899597782702,0.19163071885640098,0.384709714834228,0.07828099999999999,0.000301,0.2443494316,0.2447680942,0.001713,0.19132934899338727,0.3844083449712143,0.3827003762022405,convergence,False
501286__912361,501286,912361,2025-07-14,2025-07-15,1,26.1080327521525,24.857360010655,0.0,0.0,0.0,0.0479037525871951,0.0479037525871951,0.0958075051743902,0.006907,0.0,0.0,0.0,0.0,0.0479037525871951,0.0958075051743902,0.0958075051743902,overnight_abort,True
501286__912361,501286,912361,2025-08-22,2025-08-25,1,26.000989846577497,27.4215582771525,0.0,0.0,0.0,-0.05463516731313949,-0.05463516731313949,-0.10927033462627898,0.006907,0.0,0.0,0.0,0.0,-0.05463516731313949,-0.10927033462627898,-0.10927033462627898,overnight_abort,True
501286__912361,501286,912361,2025-09-24,2025-10-07,13,26.998305426844997,26.391876001845,26.691512291623813,26.347841222622456,-0.012875668686228964,0.022461758818277992,0.009586090132049028,0.03204784895032702,0.006907,0.000356,0.0066887391,0.0065830618,-0.015799,0.009229925748487385,0.031691684566765375,0.0475379028261086,convergence,False
501286__912361,501286,912361,2025-12-01,2025-12-02,1,26.80824500123,26.031986701845,0.0,0.0,0.0,0.028955953638493796,0.028955953638493796,0.05791190727698759,0.006907,0.0,0.0,0.0,0.0,0.028955953638493796,0.05791190727698759,0.05791190727698759,overnight_abort,True
501286__912361,501286,912361,2026-01-21,2026-01-23,2,30.519376823462498,32.632464430635,32.65717826486448,32.905176559811885,0.007593990299346425,-0.06923757386644974,-0.06164358356710332,-0.13088115743355305,0.006907,5.5e-05,0.0063127324,0.0064219889,0.017307,-0.06169837808765126,-0.130935951954101,-0.14807802343932905,convergence,False
501286__912361,501286,912361,2026-02-17,2026-02-27,10,39.892268101537496,38.888032251845,40.82295725061877,39.0488514982642,-0.04345853097959191,0.025173696495181093,-0.018284834484410817,0.006888862010770276,0.006907,0.000274,0.0064584877,0.0064079972,-0.007818,-0.018558807087150544,0.00661488940803055,0.01415176177769621,convergence,False
501286__912361,501286,912361,2026-03-04,2026-03-05,1,36.7112822490775,35.798986425615,0.0,0.0,0.0,0.024850557310223752,0.024850557310223752,0.049701114620447504,0.006907,0.0,0.0,0.0,0.0,0.024850557310223752,0.049701114620447504,0.049701114620447504,overnight_abort,True
501286__912361,501286,912361,2026-03-23,2026-03-25,2,35.7109747490775,37.0116104290375,35.834993855304106,36.89991068283849,0.02971723203956289,-0.036421175537741414,-0.006703943498178523,-0.04312511903591994,0.006907,5.5e-05,0.0063013954,0.0062707715,-0.00486,-0.0067587380187264685,-0.04317991355646788,-0.03815119300075074,convergence,False
512956__912534,512956,912534,2025-09-29,2025-09-30,1,36.646382185377,35.704888847705,0.0,0.0,0.0,0.025691303793903126,0.025691303793903126,0.05138260758780625,0.005588,0.0,0.0,0.0,0.0,0.025691303793903126,0.05138260758780625,0.05138260758780625,overnight_abort,True
512956__912534,512956,912534,2025-11-05,2025-11-06,1,34.873665632328,34.426862326164,0.0,0.0,0.0,0.012812054542090117,0.012812054542090117,0.025624109084180235,0.005588,0.0,0.0,0.0,0.0,0.012812054542090117,0.025624109084180235,0.025624109084180235,overnight_abort,True
512956__912534,512956,912534,2026-02-04,2026-02-12,8,34.863640206918,37.142671804623,34.86278285973738,37.33572510647737,0.07093358716340348,-0.06536986912952283,0.0055637180338806436,-0.05980615109564219,0.005588,0.000219,0.0063678044,0.0065468591,0.028119,0.005344539951688863,-0.06002532917783397,-0.08931505257656548,convergence,False
512956__912534,512956,912534,2026-03-04,2026-03-05,1,35.00385494537701,33.328566412295,0.0,0.0,0.0,0.04786011528433864,0.04786011528433864,0.09572023056867728,0.005588,0.0,0.0,0.0,0.0,0.04786011528433864,0.09572023056867728,0.09572023056867728,overnight_abort,True
133142__912732,133142,912732,2025-08-14,2025-08-15,1,10.367358084418502,10.782261609999999,0.0,0.0,0.0,-0.04002017893112726,-0.04002017893112726,-0.08004035786225452,0.047823000000000004,0.0,0.0,0.0,0.0,-0.04002017893112726,-0.08004035786225452,-0.08004035786225452,overnight_abort,True
133142__912732,133142,912732,2025-10-07,2025-10-10,3,12.761384730000001,12.7435697805815,25.077819874201577,26.59479177226126,0.060490581145781534,0.0013960044145225532,0.06188658556030409,0.06328258997482664,0.047823000000000004,8.2e-05,0.0065494318,0.0066148499,0.009988,0.06180439377948217,0.06320039819400472,0.052712589712295685,convergence,False
133142__912732,133142,912732,2025-10-16,2025-10-29,13,13.430900940000003,12.8667674680815,25.69387030455367,26.02569615687214,0.012914592016900681,0.04200265301923241,0.054917245036133086,0.0969198980553655,0.047823000000000004,0.000356,0.0066385634,0.0065475021,-0.013717,0.05456108065257144,0.09656373367180385,0.11065113954495803,convergence,False
133142__912732,133142,912732,2025-11-05,2025-11-06,1,13.81637997,13.9361233955815,0.0,0.0,0.0,-0.008666772761135956,-0.008666772761135956,-0.017333545522271912,0.047823000000000004,0.0,0.0,0.0,0.0,-0.008666772761135956,-0.017333545522271912,-0.017333545522271912,overnight_abort,True
133142__912732,133142,912732,2026-01-09,2026-01-14,5,14.741529642000001,14.2613652905815,29.129932671446333,29.111966726309983,-0.0006167520309430853,0.03257222032444099,0.0319554682934979,0.0645276886179389,0.047823000000000004,0.000137,0.0062839727,0.0063111392,0.004323,0.031818481992128035,0.06439070231656903,0.06008882524721973,convergence,False
133142__912732,133142,912732,2026-02-06,2026-02-12,6,16.636457313489,17.080129366163,33.64868732186583,35.179550483608075,0.04549547942535785,-0.026668661741719862,0.01882681768363799,-0.007841844058081873,0.047823000000000004,0.000164,0.0064149854,0.0065468591,0.020557,0.018662434121994153,-0.00800622761972571,-0.02906569370860112,convergence,False
133142__912732,133142,912732,2026-02-13,2026-02-19,6,19.324676482674004,17.484221723489,36.49690291256606,35.300391388801415,-0.032783919409026814,0.09523858062178206,0.062454661212755246,0.1576932418345373,0.047823000000000004,0.000164,0.0065235828,0.0064516129,-0.011032,0.06229027765111141,0.15752885827289348,0.16831847719105972,convergence,False
133142__912732,133142,912732,2026-03-04,2026-03-05,1,16.9407859067445,16.133965212674,0.0,0.0,0.0,0.047625930609824264,0.047625930609824264,0.09525186121964853,0.047823000000000004,0.0,0.0,0.0,0.0,0.047625930609824264,0.09525186121964853,0.09525186121964853,overnight_abort,True
951089__922894,951089,922894,2025-07-18,2025-07-24,6,30.7200331679355,32.268398446086,30.174506216174315,32.115160420751074,0.06431436493686576,-0.050402461145993546,0.013911903790872218,-0.03649055735512133,0.013225,0.000164,0.0068194217,0.0068022583,-0.002517,0.013747520229228382,-0.03665494091676516,-0.033969472008423776,convergence,False
951089__922894,951089,922894,2025-07-30,2025-07-31,1,32.361636906957,30.9562826089645,0.0,0.0,0.0,0.043426551692457314,0.043426551692457314,0.08685310338491463,0.013225,0.0,0.0,0.0,0.0,0.043426551692457314,0.08685310338491463,0.08685310338491463,overnight_abort,True
951089__922894,951089,922894,2025-09-18,2025-09-19,1,35.0342475,33.557129187935494,0.0,0.0,0.0,0.04216212470567564,0.04216212470567564,0.08432424941135128,0.013225,0.0,0.0,0.0,0.0,0.04216212470567564,0.08432424941135128,0.08432424941135128,overnight_abort,True
951089__922894,951089,922894,2025-10-31,2025-11-06,6,32.266542948478495,28.5660157758925,29.715853005874166,28.661957571267667,-0.03546576416292567,0.11468619921554044,0.07922043505261477,0.1939066342681552,0.013225,0.000164,0.0065072389,0.0065331718,0.003985,0.07905605149097093,0.19374225070651135,0.1899136096344153,convergence,False
951089__922894,951089,922894,2025-12-05,2025-12-08,1,29.989322866849502,29.441165603043,0.0,0.0,0.0,0.01827841416227641,0.01827841416227641,0.03655682832455282,0.013225,0.0,0.0,0.0,0.0,0.01827841416227641,0.03655682832455282,0.03655682832455282,overnight_abort,True
951089__922894,951089,922894,2026-01-29,2026-02-03,5,32.681942019128996,35.610126362607495,34.76755009176422,35.56095396458093,0.022820241021372784,-0.08959639980282107,-0.06677615878144828,-0.15637255858426935,0.013225,0.000137,0.0064609918,0.0064205457,-0.00626,-0.06691314508281815,-0.1565095448856392,-0.150066309110466,convergence,False
951089__922894,951089,922894,2026-02-06,2026-02-12,6,38.7979216551075,39.671150758150496,38.43581721449637,39.74990182914165,0.034189064000170764,-0.022507110324246963,0.011681953675923801,-0.010825156648323161,0.013225,0.000164,0.0064149854,0.0065468591,0.020557,0.011517570114279965,-0.010989540209966998,-0.03182126062521752,convergence,False
951089__922894,951089,922894,2026-04-28,2026-04-30,1,35.494704616849496,37.593184040107495,0.0,0.0,0.0,-0.05912091524384291,-0.05912091524384291,-0.11824183048768581,0.013225,0.0,0.0,0.0,0.0,-0.05912091524384291,-0.11824183048768581,-0.11824183048768581,overnight_abort,True
511280__929864,511280,929864,2025-08-29,2025-09-05,7,17.048210507683,16.3687768131195,8.346231471994454,8.259512983642704,-0.010390136990895953,0.03985366641603257,0.02946352942513662,0.06931719584116919,0.010348,0.000192,0.0067414968,0.0067840304,0.006309,0.029271748603218812,0.06912541501925137,0.0629208923995879,convergence,False
511280__929864,511280,929864,2025-09-09,2025-09-12,3,16.6417494956415,16.1594398831635,8.171230668853092,8.099395190592364,-0.00879126794627741,0.02898190557455006,0.020190637628272647,0.04917254320282271,0.010348,8.2e-05,0.0067812701,0.0067718562,-0.001388,0.02010844584745073,0.04909035142200079,0.05046828084151215,convergence,False
511280__929864,511280,929864,2025-09-19,2025-09-24,5,16.7220010618805,15.9700305944025,8.116423851259984,8.012114052759587,-0.01285169434371077,0.04496892834148864,0.03211723399777787,0.07708616233926652,0.010348,0.000137,0.0067695636,0.0067156912,-0.007958,0.031980247696408004,0.07694917603789665,0.08486795115692494,convergence,False
511280__929864,511280,929864,2025-11-05,2025-11-06,1,16.4712211868805,16.259118961239,0.0,0.0,0.0,0.012877140269990414,0.012877140269990414,0.02575428053998083,0.010348,0.0,0.0,0.0,0.0,0.012877140269990414,0.02575428053998083,0.02575428053998083,overnight_abort,True
511280__929864,511280,929864,2025-11-25,2025-11-28,3,17.022740300458498,16.5691537811415,8.328041076550711,8.33245305415613,0.0005297737565009055,0.026645916656836913,0.027175690413337818,0.053821607070174735,0.010348,8.2e-05,0.006390593,0.0064030731,0.001953,0.0270934986325159,0.05373941528935282,0.05178930298633098,convergence,False
511280__929864,511280,929864,2026-01-30,2026-02-03,4,20.2429444881635,19.354428926217,9.417200321085645,9.74558648175507,0.03487089044226351,0.043892604777236485,0.07876349521949999,0.12265609999673649,0.010348,0.00011,0.0064259093,0.0064205457,-0.000835,0.0786539061784041,0.1225465109556406,0.12341102213075386,convergence,False
511280__929864,511280,929864,2026-03-04,2026-03-05,1,22.2491834881635,21.652246453761,0.0,0.0,0.0,0.026829615330381435,0.026829615330381435,0.05365923066076287,0.010348,0.0,0.0,0.0,0.0,0.026829615330381435,0.05365923066076287,0.05365923066076287,overnight_abort,True
511280__929864,511280,929864,2026-03-23,2026-03-26,3,19.1696146481195,19.259739235044,9.660942673779429,9.740926593505224,0.008279100955942665,-0.0047014292451279995,0.003577671710814665,-0.0011237575343133344,0.010348,8.2e-05,0.0063013954,0.0062570388,-0.007039,0.0034954799299927474,-0.0012059493151352523,0.005941814059683824,convergence,False
997662__930971,997662,930971,2025-08-12,2025-08-13,1,27.402438493439004,26.908107471252002,0.0,0.0,0.0,0.01803967272129302,0.01803967272129302,0.03607934544258604,0.025653000000000002,0.0,0.0,0.0,0.0,0.01803967272129302,0.03607934544258604,0.03607934544258604,overnight_abort,True
997662__930971,997662,930971,2025-11-05,2025-11-06,1,39.234153035309006,39.627951756560996,0.0,0.0,0.0,-0.010037140878193254,-0.010037140878193254,-0.02007428175638651,0.025653000000000002,0.0,0.0,0.0,0.0,-0.010037140878193254,-0.02007428175638651,-0.02007428175638651,overnight_abort,True
997662__930971,997662,930971,2025-12-19,2025-12-22,1,41.159079896560996,42.594580964691005,0.0,0.0,0.0,-0.03487689889418423,-0.03487689889418423,-0.06975379778836846,0.025653000000000002,0.0,0.0,0.0,0.0,-0.03487689889418423,-0.06975379778836846,-0.06975379778836846,overnight_abort,True
997662__930971,997662,930971,2026-01-09,2026-01-14,5,41.552125958748,40.243102735626,40.91797805601467,40.684869509159164,-0.0056969713052876314,0.031503158813620404,0.025806187508332773,0.057309346321953177,0.025653000000000002,0.000137,0.0062839727,0.0063111392,0.004323,0.02566920120696291,0.05717236002058331,0.052892350917149895,convergence,False
997662__930971,997662,930971,2026-02-02,2026-02-03,1,45.190331896561,47.446390277496,0.0,0.0,0.0,-0.0499234744745632,-0.0499234744745632,-0.0998469489491264,0.025653000000000002,0.0,0.0,0.0,0.0,-0.0499234744745632,-0.0998469489491264,-0.0998469489491264,overnight_abort,True
997662__930971,997662,930971,2026-02-06,2026-02-10,4,50.40072309093501,55.879979777496004,53.94327835747736,56.25055645269227,0.04277230019141185,-0.10871385072541716,-0.0659415505340053,-0.17465540125942247,0.025653000000000002,0.00011,0.0064149854,0.0064773132,0.009716,-0.06605113957510118,-0.17476499030051837,-0.18479904321181967,convergence,False
997662__930971,997662,930971,2026-02-24,2026-02-26,2,70.29495675000001,64.24410825,68.87352289580552,65.25964298572443,-0.05247125104299239,0.08607798880251838,0.03360673775952599,0.11968472656204437,0.025653000000000002,5.5e-05,0.0063957021,0.0064051241,0.001473,0.033551943238978046,0.11962993204149643,0.11823610801353213,convergence,False
997662__930971,997662,930971,2026-03-04,2026-03-05,1,67.009492416878,61.118726145309,0.0,0.0,0.0,0.08790942983005301,0.08790942983005301,0.17581885966010602,0.025653000000000002,0.0,0.0,0.0,0.0,0.08790942983005301,0.17581885966010602,0.17581885966010602,overnight_abort,True
997662__930971,997662,930971,2026-03-09,2026-03-11,2,61.355660479065,66.020117026878,63.14956329822283,67.0731701890701,0.06213197187632312,-0.07602324726672191,-0.013891275390398791,-0.0899145226571207,0.025653000000000002,5.5e-05,0.0063271113,0.0062912866,-0.005662,-0.013946069910946737,-0.08996931717766865,-0.08392118081508777,convergence,False
997662__930971,997662,930971,2026-03-23,2026-03-25,2,61.375805653122,63.63887418,60.17604671035173,63.703589798135305,0.058620386027730786,-0.036872322942173644,0.021748063085557143,-0.015124259856616501,0.025653000000000002,5.5e-05,0.0063013954,0.0062707715,-0.00486,0.021693268565009197,-0.015179054377164446,-0.010009182561603183,convergence,False
677521__675585,677521,675585,2025-11-12,2025-11-17,5,51.856268625,50.186723497321,50.229885138191456,50.32880543428461,0.001969351429353411,0.03219562787581886,0.03416497930517227,0.06636060718099113,0.008181,0.000137,0.0064697696,0.006440809,-0.004476,0.0340279930038024,0.06622362087962126,0.07072889864814473,convergence,False
677521__675585,677521,675585,2026-02-18,2026-02-19,1,39.6712950588395,37.208332464010496,0.0,0.0,0.0,0.06208424986318181,0.06208424986318181,0.12416849972636362,0.008181,0.0,0.0,0.0,0.0,0.06208424986318181,0.12416849972636362,0.12416849972636362,overnight_abort,True
759739__922362,759739,922362,2025-10-14,2025-10-16,2,4.6807515400642,4.70924414498395,2.3048885559453787,2.337448769121658,0.014126588937365982,-0.006087185930693303,0.00803940300667268,0.0019522170759793765,0.008126,5.5e-05,0.006620324,0.0066476102,0.004122,0.007984608486124735,0.0018974225554314313,-0.0022652253884962673,convergence,False
759739__922362,759739,922362,2026-02-12,2026-02-13,1,5.480879139935801,5.789070705,0.0,0.0,0.0,-0.05623031582991807,-0.05623031582991807,-0.11246063165983614,0.008126,0.0,0.0,0.0,0.0,-0.05623031582991807,-0.11246063165983614,-0.11246063165983614,overnight_abort,True
759739__922362,759739,922362,2026-03-04,2026-03-05,1,4.8907852450642,4.66925056498395,0.0,0.0,0.0,0.045296341789659175,0.045296341789659175,0.09059268357931835,0.008126,0.0,0.0,0.0,0.0,0.045296341789659175,0.09059268357931835,0.09059268357931835,overnight_abort,True
759739__922362,759739,922362,2026-03-16,2026-03-18,2,4.54072867,4.4692828649518495,2.2539742108836744,2.2579242696448425,0.001752486227257864,0.015734436087358323,0.017486922314616186,0.03322135840197451,0.008126,5.5e-05,0.00628911,0.0062548866,-0.005442,0.01743212779406824,0.03316656388142657,0.03864761865181198,convergence,False
759739__922362,759739,922362,2026-04-17,2026-04-21,4,4.70075424998395,4.5292727350321,2.398265258601245,2.312291072074747,-0.03584848932709023,0.036479574517735223,0.0006310851906449963,0.03711065970838022,0.008126,0.00011,0.0062966341,0.0062739193,-0.003607,0.0005214961495491059,0.03700107066728433,0.04049179276417739,convergence,False
759739__922362,759739,922362,2026-04-27,2026-04-28,1,4.750762375,4.49927775,0.0,0.0,0.0,0.05293563540946411,0.05293563540946411,0.10587127081892822,0.008126,0.0,0.0,0.0,0.0,0.05293563540946411,0.10587127081892822,0.10587127081892822,overnight_abort,True
134517__314713,134517,314713,2025-07-14,2025-07-18,4,13.785736935000003,12.9970245209405,26.411869961002353,25.970367835407377,-0.016716049497701703,0.057212205468470535,0.04049615597076883,0.09770836143923936,0.014741,0.00011,0.0007212249,0.0007188039,-0.003357,0.04038656692967294,0.09759877239814348,0.10091056639949211,convergence,False
134517__314713,134517,314713,2025-11-19,2025-11-20,1,16.647308518119,16.662080581238,0.0,0.0,0.0,-0.0008873544394832656,-0.0008873544394832656,-0.0017747088789665311,0.014741,0.0,0.0,0.0,0.0,-0.0008873544394832656,-0.0017747088789665311,-0.0017747088789665311,overnight_abort,True
134517__314713,134517,314713,2025-11-24,2025-12-02,8,17.2698203878215,17.309450869702502,35.25601799919105,34.54763396969302,-0.020092570565237645,-0.0022947825160329178,-0.022387353081270562,-0.024682135597303482,0.014741,0.000219,0.0006823237,0.0006809902,-0.001954,-0.022606531163462344,-0.024901313679495263,-0.022982480549222226,convergence,False
134517__314713,134517,314713,2026-01-02,2026-01-20,18,16.727635286238,21.3629207371785,34.61369290419442,44.01729586104192,0.27167291808115596,-0.27710345016632415,-0.005430532085168194,-0.28253398225149234,0.014741,0.000493,0.0006920655,0.0006752832,-0.02425,-0.005923682770099701,-0.28302713293642384,-0.2514232126654717,convergence,False
134517__314713,134517,314713,2026-01-28,2026-01-29,1,21.757968360940502,21.303167295,0.0,0.0,0.0,0.02090273588029254,0.02090273588029254,0.04180547176058508,0.014741,0.0,0.0,0.0,0.0,0.02090273588029254,0.04180547176058508,0.04180547176058508,overnight_abort,True
134517__314713,134517,314713,2026-02-06,2026-02-10,4,21.647520811881,20.815150474357,43.08773328492661,41.60397690453792,-0.03443570286181071,0.038451069975050614,0.004015367113239902,0.042466437088290516,0.014741,0.00011,0.000686031,0.0006865491,0.000755,0.003905778072144012,0.042356848047194626,0.0416281909673918,convergence,False
134517__314713,134517,314713,2026-02-13,2026-02-23,10,21.607365460297505,21.811090974357,42.9837701991066,43.271294028487475,0.006689125408241866,-0.009428521697095911,-0.0027393962888540447,-0.012167917985949956,0.014741,0.000274,0.000689886,0.0006924249,0.00368,-0.003013368891593771,-0.012441890588689681,-0.016133096697105154,convergence,False
134517__314713,134517,314713,2026-03-04,2026-03-06,2,17.279871023416504,16.263710356881,32.65003051907922,32.81878091804233,0.00516846068074868,0.05880603305189451,0.06397449373264319,0.1227805267845377,0.014741,5.5e-05,0.0006751511,0.0006747501,-0.000594,0.06391969921209524,0.12272573226398975,0.12332309794460684,convergence,False
134517__314713,134517,314713,2026-03-09,2026-03-11,2,16.466569775643002,16.283634146583502,32.41363955152176,32.3381320531577,-0.0023294976870474942,0.011109516526635351,0.008780018839587858,0.019889535366223208,0.014741,5.5e-05,0.0006787116,0.000676654,-0.003032,0.008725224319039913,0.019834740845675262,0.0228685023036127,convergence,False
151377__912644,151377,912644,2025-11-04,2025-11-05,1,11.194228908489,11.05534765,0.0,0.0,0.0,0.012406505139776232,0.012406505139776232,0.024813010279552464,0.020128,0.0,0.0,0.0,0.0,0.012406505139776232,0.024813010279552464,0.024813010279552464,overnight_abort,True
151377__912644,151377,912644,2025-11-13,2025-11-14,1,12.6061125,11.620509911511,0.0,0.0,0.0,0.0781844988682276,0.0781844988682276,0.1563689977364552,0.020128,0.0,0.0,0.0,0.0,0.0781844988682276,0.1563689977364552,0.1563689977364552,overnight_abort,True
151377__912644,151377,912644,2025-11-17,2025-12-23,36,12.555688049999999,12.0964342,6.223670737665611,6.227973161733368,0.0006913000782189036,0.03657735427729106,0.03726865435550996,0.07384600863280102,0.020128,0.000986,0.0064133393,0.0064010238,-0.00192,0.03628235298564694,0.07285970726293801,0.07478502641362038,convergence,False
151377__912644,151377,912644,2026-02-03,2026-02-05,1,15.349203588488999,15.090798411511,0.0,0.0,0.0,0.016835086946907586,0.016835086946907586,0.03367017389381517,0.020128,0.0,0.0,0.0,0.0,0.016835086946907586,0.03367017389381517,0.03367017389381517,overnight_abort,True
151377__912644,151377,912644,2026-03-24,2026-04-02,9,15.5307306,13.856367216511002,7.332265554248701,6.977683862544754,-0.04835909025396438,0.10780969850117665,0.059450608247212273,0.16726030674838893,0.020128,0.000247,0.0062570388,0.0062650749,0.001284,0.05920403290474652,0.16701373140592318,0.16579307855869055,convergence,False
151377__912644,151377,912644,2026-04-08,2026-04-20,12,16.249283046456,15.4997957075,7.343350164005547,7.7546652977443,0.056011918886133334,0.04612433279753005,0.10213625168366339,0.14826058448119345,0.020128,0.000329,0.0062906929,0.0062966341,0.000944,0.10180748456037572,0.14793181735790578,0.14693541548464364,convergence,False
28335J__27121Q,28335J,27121Q,2025-08-12,2025-08-13,1,6.58177970166,6.5083202006639995,0.0,0.0,0.0,0.011161039160498416,0.011161039160498416,0.022322078320996832,0.009405,0.0,0.0,0.0,0.0,0.011161039160498416,0.022322078320996832,0.022322078320996832,overnight_abort,True
28335J__27121Q,28335J,27121Q,2025-08-14,2025-08-20,6,6.495995139336,6.351841839336,12.868065356396865,12.854666089014351,-0.0010412806440910044,0.022191103427262576,0.02114982278317157,0.04334092621043415,0.009405,0.000164,0.0067937086,0.0067874834,-0.000916,0.020985439221527735,0.04317654264879032,0.04409274640992719,convergence,False
28335J__27121Q,28335J,27121Q,2026-01-09,2026-01-14,5,6.435294078672,6.378751700996,12.837026996205813,12.957763286915137,0.009405315634609918,0.00878629274509679,0.01819160837970671,0.026977901124803496,0.009405,0.000137,0.0062839727,0.0063111392,0.004323,0.018054622078336847,0.026840914823433634,0.02249589744413268,convergence,False
28335J__27121Q,28335J,27121Q,2026-02-02,2026-02-10,8,6.451348001328,6.926925900332,13.000291495157967,13.984590675951162,0.07571362389526445,-0.07371760117515015,0.0019960227201143016,-0.07172157845503585,0.009405,0.000219,0.0064205457,0.0064773132,0.008842,0.0017768446379225209,-0.07194075653722763,-0.08136836506239113,convergence,False
28335J__27121Q,28335J,27121Q,2026-02-25,2026-03-02,5,6.872742401328,6.578088398672,13.591221891040624,13.434201481630968,-0.011553075261994216,0.04287284252048573,0.03131976725849152,0.07419260977897725,0.009405,0.000137,0.0064051241,0.0063546528,-0.00788,0.031182780957121656,0.07405562347760739,0.08190628075860464,convergence,False
28335J__27121Q,28335J,27121Q,2026-03-04,2026-03-05,1,6.3585401990040005,6.211310158672,0.0,0.0,0.0,0.02315469207146987,0.02315469207146987,0.04630938414293974,0.009405,0.0,0.0,0.0,0.0,0.02315469207146987,0.04630938414293974,0.04630938414293974,overnight_abort,True
28335J__27121Q,28335J,27121Q,2026-03-09,2026-03-11,2,6.3510156,6.24918409834,12.598854689633722,12.624862387065619,0.002064290609946952,0.01603389254153311,0.01809818315148006,0.03413207569301317,0.009405,5.5e-05,0.0063271113,0.0062912866,-0.005662,0.018043388630932116,0.03407728117246523,0.039783371973004175,convergence,False
263502__140539,263502,140539,2025-07-07,2025-07-25,18,7.7424821847773,6.8977893112955,0.7106755410752061,0.7160918808625882,0.007621396086303356,0.10909845877883621,0.11671985486513957,0.22581831364397578,0.041556,0.000493,0.127390153,0.1273958331,4.5e-05,0.11622670418020806,0.22532516295904428,0.22528023691905824,convergence,False
263502__140539,263502,140539,2026-02-20,2026-03-12,20,8.2511866847773,7.3473242025,0.7734057563040585,0.7665756545431023,-0.008831201093712856,0.1095433319845793,0.10071213089086645,0.21025546287544575,0.041556,0.000548,0.1278290094,0.1277685904,-0.000473,0.100164185685387,0.2097075176699663,0.21017621993453406,convergence,False
263502__140539,263502,140539,2026-04-08,2026-04-16,8,8.2918830447773,7.0943073147773,0.7735611749511789,0.7680353660050036,-0.007143338012697091,0.14442747486100901,0.13728413684831192,0.28171161170932096,0.041556,0.000219,0.1276430129,0.1277996102,0.001227,0.13706495876612015,0.28149243362712917,0.2802758518839539,convergence,False
510095__921754,510095,921754,2025-08-19,2025-08-20,1,5.60995635,4.739388197474501,0.0,0.0,0.0,0.15518269630128215,0.15518269630128215,0.3103653926025643,0.029144,0.0,0.0,0.0,0.0,0.15518269630128215,0.3103653926025643,0.3103653926025643,overnight_abort,True
510095__921754,510095,921754,2025-08-25,2025-08-26,1,5.913744802525501,5.262695425,0.0,0.0,0.0,0.11009088137307947,0.11009088137307947,0.22018176274615894,0.029144,0.0,0.0,0.0,0.0,0.11009088137307947,0.22018176274615894,0.22018176274615894,overnight_abort,True
510095__921754,510095,921754,2025-11-04,2025-11-07,3,5.822608125,5.33181120378825,5.366397421585818,5.4454729155057935,0.014735303353028239,0.08429159419203572,0.09902689754506395,0.1833184917370997,0.029144,8.2e-05,0.7651403876,0.7684622479,0.004342,0.09894470576424204,0.18323629995627777,0.1788498659727889,convergence,False
510095__921754,510095,921754,2026-02-24,2026-02-25,1,8.30354539873725,7.71137971868625,0.0,0.0,0.0,0.07131480007817527,0.07131480007817527,0.14262960015635054,0.029144,0.0,0.0,0.0,0.0,0.07131480007817527,0.14262960015635054,0.14262960015635054,overnight_abort,True
266613__755996,266613,755996,2025-08-01,2025-08-27,26,3.9507899657703,3.2630586686554497,0.7262934311786226,0.6689270555841211,-0.0789851224475592,0.1740743757763293,0.09508925332877011,0.2691636291050994,0.06269899999999999,0.000712,0.2359881895,0.2361275256,0.00059,0.09437692456164681,0.2684513003379761,0.2679078201962432,convergence,False
266613__755996,266613,755996,2025-10-06,2025-10-08,2,3.7954333892703005,3.2824821242296998,0.6803045769609988,0.6695756310468617,-0.015770797783052647,0.13514958963335127,0.11937879185029862,0.2545283814836499,0.06269899999999999,5.5e-05,0.2372760426,0.2371916677,-0.000356,0.11932399732975067,0.25447358696310196,0.25482370145624317,convergence,False
266613__755996,266613,755996,2025-10-17,2025-10-21,1,4.67098581,3.9210124572094,0.0,0.0,0.0,0.1605599724120336,0.1605599724120336,0.3211199448240672,0.06269899999999999,0.0,0.0,0.0,0.0,0.1605599724120336,0.3211199448240672,0.3211199448240672,overnight_abort,True
266613__755996,266613,755996,2026-01-08,2026-01-26,18,4.0536744984594,3.47671163,0.7284630904549199,0.729480664107017,0.0013968774333667682,0.14233083309443686,0.14372771052780364,0.2860585436222405,0.06269899999999999,0.000493,0.2454891552,0.2521750158,0.027235,0.14323455984287214,0.285565392937309,0.2590155782914968,convergence,False
266613__755996,266613,755996,2026-01-29,2026-02-04,6,4.105117279229701,3.47671163,0.7273322394696816,0.7280850699736394,0.0010350572449623736,0.15307861054523073,0.1541136677901931,0.30719227833542384,0.06269899999999999,0.000164,0.2536783101,0.2543234866,0.002543,0.15394928422854925,0.30702789477378,0.30448843487864913,convergence,False
266613__755996,266613,755996,2026-02-12,2026-02-13,1,4.0536744984594,3.5058457936554497,0.0,0.0,0.0,0.13514373317644343,0.13514373317644343,0.27028746635288686,0.06269899999999999,0.0,0.0,0.0,0.0,0.13514373317644343,0.27028746635288686,0.27028746635288686,overnight_abort,True
266613__755996,266613,755996,2026-03-02,2026-03-25,23,4.01252054134455,2.92315727634455,0.6783248080421534,0.5912055437858715,-0.12843296194301657,0.2714910126378983,0.14305805069488176,0.4145490633327801,0.06269899999999999,0.00063,0.2534211796,0.2522067969,-0.004792,0.14242791370858038,0.4139189263464787,0.4181155457315079,convergence,False
516892__930449,516892,930449,2025-07-30,2025-07-31,1,7.4396770202889,6.8836976189037,0.0,0.0,0.0,0.07473165835949293,0.07473165835949293,0.14946331671898586,0.039504,0.0,0.0,0.0,0.0,0.07473165835949293,0.14946331671898586,0.14946331671898586,overnight_abort,True
516892__930449,516892,930449,2026-02-02,2026-02-12,10,6.7431233110963005,6.5177540278074,33.66732060426565,33.16041883994121,-0.015056195599367505,0.0334220913501669,0.0183658957507994,0.0517879871009663,0.039504,0.000274,0.0064205457,0.0065468591,0.019673,0.01809192314805967,0.051514014498226575,0.03251076441410943,convergence,False
516892__930449,516892,930449,2026-03-04,2026-03-06,2,7.0868509332889005,6.913368432192599,35.27784869656966,34.80655366665779,-0.013359517298391818,0.02447949064109786,0.01111997334270604,0.0355994639838039,0.039504,5.5e-05,0.0063455803,0.0063373364,-0.001299,0.011065178822158095,0.035544669463255955,0.03682813698998279,convergence,False
516892__930449,516892,930449,2026-03-09,2026-03-12,3,7.2384949789037005,7.1111756343852,35.69217181255819,35.699642642817956,0.0002093128515405783,0.017589201193005985,0.017798514044546562,0.03538771523755255,0.039504,8.2e-05,0.0063271113,0.0062756907,-0.008127,0.017716322263724646,0.03530552345673063,0.043500854528801085,convergence,False
516892__930449,516892,930449,2026-03-16,2026-03-18,2,7.268823565614801,7.625475368903699,37.70467998243597,38.32785846714001,0.016527881551954234,-0.049065959583341874,-0.03253807803138764,-0.08160403761472951,0.039504,5.5e-05,0.00628911,0.0062548866,-0.005442,-0.03259287255193558,-0.08165883213527746,-0.07609693429023819,convergence,False
516892__930449,516892,930449,2026-03-23,2026-04-14,22,7.420468622192601,7.625475368903699,36.106501108489006,38.18279974915019,0.05750484197908135,-0.027627196764632756,0.029877645214448596,0.0022504484498158395,0.039504,0.000603,0.0063013954,0.0062974275,-0.00063,0.0292749054884212,0.0016477087237884423,0.002314024209355918,convergence,False
29573D__929164,29573D,929164,2025-07-23,2025-07-24,1,131.79317900368,131.3238608,0.0,0.0,0.0,0.003561020435411799,0.003561020435411799,0.007122040870823598,0.019281,0.0,0.0,0.0,0.0,0.003561020435411799,0.007122040870823598,0.007122040870823598,overnight_abort,True
29573D__929164,29573D,929164,2025-09-18,2025-09-30,12,145.38226799999998,137.08858003632,139.27676274811876,137.6942547648418,-0.011362326005084751,0.05704745205708296,0.04568512605199821,0.10273257810908118,0.019281,0.000329,0.006758355,0.0067606396,0.000338,0.04535635892871054,0.10240381098579351,0.10206972401124037,convergence,False
29573D__929164,29573D,929164,2026-01-09,2026-01-14,5,164.967444,162.57674927999997,156.3799329397339,163.0675100898038,0.042764931691377406,0.01449191829631565,0.05725684998769306,0.07174876828400871,0.019281,0.000137,0.0062839727,0.0063111392,0.004323,0.05711986368632319,0.07161178198263884,0.06712316707191181,convergence,False
29573D__929164,29573D,929164,2026-02-06,2026-02-12,6,176.501606112,183.68415763632,176.60061832213128,185.34121875234882,0.04949360038068555,-0.040693972607605024,0.008799627773080528,-0.031894344834524496,0.019281,0.000164,0.0064149854,0.0065468591,0.020557,0.008635244211436691,-0.03205872839616833,-0.053198728829127434,convergence,False
29573D__929164,29573D,929164,2026-03-04,2026-03-05,1,181.19804092368,175.729048,0.0,0.0,0.0,0.030182406475263785,0.030182406475263785,0.06036481295052757,0.019281,0.0,0.0,0.0,0.0,0.030182406475263785,0.06036481295052757,0.06036481295052757,overnight_abort,True
29573D__929164,29573D,929164,2026-03-09,2026-03-11,2,175.33454053968,173.76765296,174.56312643936627,173.81916610617665,-0.004261841251153523,0.008936559646816486,0.004674718395662963,0.013611278042479448,0.019281,5.5e-05,0.0063271113,0.0062912866,-0.005662,0.0046199238751150175,0.013556483521931503,0.019226551201844588,convergence,False
29573D__929164,29573D,929164,2026-03-31,2026-04-01,1,173.38405788368,173.05079792,0.0,0.0,0.0,0.001922091152714606,0.001922091152714606,0.003844182305429212,0.019281,0.0,0.0,0.0,0.0,0.001922091152714606,0.003844182305429212,0.003844182305429212,overnight_abort,True
27604J__315206,27604J,315206,2025-08-22,2025-09-12,21,49.183728293362,49.164641501638,48.1463855074393,49.56051954440664,0.029371551406467186,0.00038807126637806894,0.029759622672845255,0.030147693939223324,0.015843,0.000575,0.0007191295,0.0007178596,-0.001766,0.02918428020709183,0.0295723514734699,0.03139331887869919,convergence,False
27604J__315206,27604J,315206,2025-10-14,2025-11-04,21,49.1435689424785,52.819374144957,50.21316565357302,52.7172115448588,0.049868313592524846,-0.07479727829252596,-0.02492896470000111,-0.09972624299252707,0.015843,0.000575,0.0007035861,0.0006926215,-0.015584,-0.025504307165754535,-0.1003015854582805,-0.08368156122972767,convergence,False
27604J__315206,27604J,315206,2025-11-24,2025-12-05,11,53.622111275043004,54.024347125,53.0790216363535,54.212066763482596,0.021346383037947298,-0.007501305718713928,0.01384507731923337,0.006343771600519441,0.015843,0.000301,0.0006823237,0.0006785135,-0.005584,0.013543707456219672,0.0060424017375057424,0.011777783551797073,convergence,False
27604J__315206,27604J,315206,2026-01-21,2026-01-23,2,57.52829173004301,58.007709125,56.833665467465096,57.78945483885574,0.016817310013864818,-0.008333593446624512,0.008483716567240306,0.00015012312061579366,0.015843,5.5e-05,0.0006829995,0.0006913907,0.012286,0.00842892204669236,9.532860006784846e-05,-0.012245475827571135,convergence,False
27604J__315206,27604J,315206,2026-02-02,2026-02-03,1,58.79354274163801,60.1686820141595,0.0,0.0,0.0,-0.02338929087101279,-0.02338929087101279,-0.04677858174202558,0.015843,0.0,0.0,0.0,0.0,-0.02338929087101279,-0.04677858174202558,-0.04677858174202558,overnight_abort,True
27604J__315206,27604J,315206,2026-03-04,2026-03-05,1,64.326455561681,60.616807251638,0.0,0.0,0.0,0.057669092407647324,0.057669092407647324,0.11533818481529465,0.015843,0.0,0.0,0.0,0.0,0.057669092407647324,0.11533818481529465,0.11533818481529465,overnight_abort,True
27604J__315206,27604J,315206,2026-03-31,2026-04-15,15,61.575068573276006,65.80514223168099,61.89713583005586,67.39847235840543,0.0888786929245641,-0.0686978310608145,0.020180861863749608,-0.048516969197064885,0.015843,0.000411,0.0006609341,0.0006778856,0.025648,0.01976990295964002,-0.048927928101174474,-0.07615689883474779,convergence,False
510421__916570,510421,916570,2025-07-30,2025-07-31,1,21.808593395532,20.993797781064004,0.0,0.0,0.0,0.03736121810748815,0.03736121810748815,0.0747224362149763,0.014466,0.0,0.0,0.0,0.0,0.03736121810748815,0.0747224362149763,0.0747224362149763,overnight_abort,True
510421__916570,510421,916570,2025-11-25,2025-12-04,9,22.33047825,21.731111237234,22.19140678963648,21.9005953739201,-0.013104685902661692,0.026840760240591753,0.013736074337930062,0.04057683457852181,0.014466,0.000247,0.006390593,0.0064476607,0.00893,0.013489498995464307,0.04033025923605606,0.03159533220797708,convergence,False
510421__916570,510421,916570,2026-01-09,2026-01-14,5,22.932655475319002,22.468440635532,22.65995709420254,22.505890553816375,-0.006799065847551046,0.020242524477228845,0.013443458629677798,0.033685983106906646,0.014466,0.000137,0.0062839727,0.0063111392,0.004323,0.013306472328307934,0.03354899680553678,0.02927373170321548,convergence,False
510421__916570,510421,916570,2026-01-29,2026-02-04,6,22.942685623617,22.249234382766,22.293211617947176,22.268899856584778,-0.001090545488870961,0.03022537344700242,0.02913482795813146,0.05936020140513388,0.014466,0.000164,0.0064609918,0.0063747052,-0.013355,0.028970444396487625,0.059195817843490046,0.0727168353389534,convergence,False
510421__916570,510421,916570,2026-03-04,2026-03-05,1,23.685368225319,22.468440635532,0.0,0.0,0.0,0.05137887569280583,0.05137887569280583,0.10275775138561166,0.014466,0.0,0.0,0.0,0.0,0.05137887569280583,0.10275775138561166,0.10275775138561166,overnight_abort,True
25552J__938939,25552J,938939,2025-07-29,2025-07-30,1,73.827879265023,67.7924893775115,0.0,0.0,0.0,0.08174946846090499,0.08174946846090499,0.16349893692180997,0.022175,0.0,0.0,0.0,0.0,0.08174946846090499,0.16349893692180997,0.16349893692180997,overnight_abort,True
25552J__938939,25552J,938939,2025-09-18,2025-09-24,6,103.29868965,101.703652091705,102.04423426746179,102.91125537380252,0.008496522244149868,0.015441024118499111,0.023937546362648977,0.03937857048114809,0.022175,0.000164,0.006758355,0.0067156912,-0.006313,0.02377316280100514,0.039214186919504256,0.045621017228455865,convergence,False
25552J__938939,25552J,938939,2025-10-06,2025-10-07,1,123.60638725499999,116.705674995,0.0,0.0,0.0,0.05582812032005936,0.05582812032005936,0.11165624064011873,0.022175,0.0,0.0,0.0,0.0,0.05582812032005936,0.11165624064011873,0.11165624064011873,overnight_abort,True
25552J__938939,25552J,938939,2025-10-28,2025-10-29,1,127.11674226829498,140.93361008,0.0,0.0,0.0,-0.10869431960852857,-0.10869431960852857,-0.21738863921705714,0.022175,0.0,0.0,0.0,0.0,-0.10869431960852857,-0.21738863921705714,-0.21738863921705714,overnight_abort,True
25552J__938939,25552J,938939,2025-11-05,2025-11-06,1,139.19674450499997,132.90071244,0.0,0.0,0.0,0.045231173238924484,0.045231173238924484,0.09046234647784897,0.022175,0.0,0.0,0.0,0.0,0.045231173238924484,0.09046234647784897,0.09046234647784897,overnight_abort,True
25552J__938939,25552J,938939,2026-01-09,2026-01-14,5,136.364338691295,142.94183449,138.87954901861835,144.7696476057924,0.04241156188075182,-0.04823472076226103,-0.005823158881509208,-0.054057879643770235,0.022175,0.000137,0.0062839727,0.0063111392,0.004323,-0.00596014518287907,-0.0541948659451401,-0.0586819597642455,convergence,False
25552J__938939,25552J,938939,2026-01-28,2026-01-29,1,191.11766329499997,173.512577365,0.0,0.0,0.0,0.09211647749598954,0.09211647749598954,0.1842329549919791,0.022175,0.0,0.0,0.0,0.0,0.09211647749598954,0.1842329549919791,0.1842329549919791,overnight_abort,True
25552J__938939,25552J,938939,2026-02-06,2026-02-10,4,171.99684449999998,178.03606308170498,176.4046095818942,178.31709560810503,0.010841474215122417,-0.035112380109421144,-0.024270905894298728,-0.05938328600371987,0.022175,0.00011,0.0064149854,0.0064773132,0.009716,-0.02438049493539462,-0.05949287504481576,-0.06921967430420403,convergence,False
25552J__938939,25552J,938939,2026-03-09,2026-03-11,2,158.41814624999998,153.728594356705,153.12613047301076,155.73548156969844,0.0170405344184387,0.02960236566519586,0.04664290008363456,0.07624526574883042,0.022175,5.5e-05,0.0063271113,0.0062912866,-0.005662,0.04658810556308662,0.07619047122828247,0.08198184179362604,convergence,False
151516__951410,151516,951410,2025-09-03,2025-09-11,8,1.6947683782498,1.47674925,1.5465037838099596,1.5785489161155841,0.02072101771822266,0.12864243341320192,0.14936345113142457,0.2780058845446265,0.035008,0.000219,0.1281903288,0.1283861922,0.001528,0.1491442730492328,0.2777867064624347,0.27622951494864395,convergence,False
151516__951410,151516,951410,2025-12-05,2026-01-05,31,1.8685211231000998,1.66872635715015,1.694742222580889,1.7356461757935706,0.024135796387010276,0.10692668307568626,0.13106247946269653,0.2379891625383828,0.035008,0.000849,0.1285223097,0.1284439087,-0.00061,0.13021316439420338,0.23713984746988964,0.23776497069593597,convergence,False
891264__771566,891264,771566,2025-07-25,2025-08-04,10,7.2849058988207505,6.482641694103751,3.4620161865687917,3.2444042619664772,-0.06285699224820492,0.11012691390383876,0.047269921655633845,0.1573968355594726,0.029216,0.000274,0.1273909725,0.1273909725,0.0,0.04699594905289412,0.15712286295673286,0.15712286295673292,convergence,False
891264__771566,891264,771566,2025-08-12,2025-08-19,7,7.224198854717001,7.1743867464622495,3.4927194058397184,3.615850118637125,0.03525353699800101,0.006895174019500666,0.04214871101750168,0.04904388503700234,0.029216,0.000192,0.1273925986,0.1282199228,0.006494,0.04195693019558387,0.048852104215084534,0.04217225068226011,convergence,False
891264__771566,891264,771566,2025-08-27,2025-09-05,9,7.578325622641501,6.975262935212251,3.5590130080469304,3.488952829152405,-0.019685283177139152,0.07957729945352315,0.059892016276384005,0.13946931572990715,0.029216,0.000247,0.1283087573,0.1282552727,-0.000417,0.05964544093391825,0.1392227403874414,0.13963154806762162,convergence,False
891264__771566,891264,771566,2025-11-28,2025-12-02,4,7.497382323820751,7.1941504023585,3.6205229518413047,3.59948231804982,-0.005811490238111617,0.04044503913036682,0.0346335488922552,0.07507858802262202,0.029216,0.00011,0.1283911274,0.1284570952,0.000514,0.03452395985115931,0.07496899898152613,0.07445844385281053,convergence,False
951742__905323,951742,905323,2025-07-03,2025-07-15,12,19.385151540402003,16.503193160469003,17.775464902015802,16.547828546404887,-0.06906353011738652,0.14866834411515953,0.07960481399777301,0.22827315811293253,0.011036,0.000329,0.0068472046,0.0067170445,-0.019009,0.07927604687448535,0.22794439098964486,0.24598369146079213,convergence,False
951742__905323,951742,905323,2025-08-06,2025-08-07,1,17.206457801335,17.960963330268,0.0,0.0,0.0,-0.04385013682911903,-0.04385013682911903,-0.08770027365823806,0.011036,0.0,0.0,0.0,0.0,-0.04385013682911903,-0.08770027365823806,-0.08770027365823806,overnight_abort,True
951742__905323,951742,905323,2025-12-10,2025-12-12,2,15.224734950000002,15.41358783,14.89076789485486,15.633396890797968,0.049871772979532145,-0.012404345994870595,0.03746742698466155,0.025063080989790956,0.011036,5.5e-05,0.0064271483,0.0064174555,-0.001508,0.03741263246411361,0.02500828646924301,0.026593992380431017,convergence,False
951742__905323,951742,905323,2026-02-10,2026-02-12,1,20.088616699598003,20.896407,0.0,0.0,0.0,-0.040211345185264154,-0.040211345185264154,-0.08042269037052831,0.011036,0.0,0.0,0.0,0.0,-0.040211345185264154,-0.08042269037052831,-0.08042269037052831,overnight_abort,True
951742__905323,951742,905323,2026-03-23,2026-03-25,2,19.586150199598002,19.095338715201002,18.82382146404052,19.089596038556436,0.014119055210103326,0.02505910959505832,0.03917816480516165,0.06423727440021997,0.011036,5.5e-05,0.0063013954,0.0062707715,-0.00486,0.039123370284613705,0.06418247987967202,0.06913502527776995,convergence,False
26133J__932252,26133J,932252,2025-09-29,2025-09-30,1,29.452320098788004,28.838936242803,0.0,0.0,0.0,0.020826334018087905,0.020826334018087905,0.04165266803617581,0.009485,0.0,0.0,0.0,0.0,0.020826334018087905,0.04165266803617581,0.04165266803617581,overnight_abort,True
26133J__932252,26133J,932252,2025-10-06,2025-10-09,3,29.853450324015004,29.357482671591,29.14037538645934,29.399977361869052,0.008908669568146378,0.01661341141613477,0.02552208098428115,0.04213549240041592,0.009485,8.2e-05,0.0065830618,0.0065329584,-0.007611,0.025439889203459232,0.042053300619594,0.04979095200810445,convergence,False
26133J__932252,26133J,932252,2026-01-09,2026-01-14,5,36.772785007197,37.544461066818,37.46215476705732,37.67371339696469,0.005647262716810102,-0.02098497732684571,-0.015337714610035608,-0.03632269193688131,0.009485,0.000137,0.0062839727,0.0063111392,0.004323,-0.015474700911405471,-0.03645967823825118,-0.04078851895889265,convergence,False
26133J__932252,26133J,932252,2026-01-15,2026-01-16,1,39.460305069621,39.608666834394,0.0,0.0,0.0,-0.0037597723715323762,-0.0037597723715323762,-0.0075195447430647525,0.009485,0.0,0.0,0.0,0.0,-0.0037597723715323762,-0.0075195447430647525,-0.0075195447430647525,overnight_abort,True
26133J__932252,26133J,932252,2026-02-02,2026-02-03,1,39.93662646659101,40.506138151212,0.0,0.0,0.0,-0.014260385390774467,-0.014260385390774467,-0.028520770781548934,0.009485,0.0,0.0,0.0,0.0,-0.014260385390774467,-0.028520770781548934,-0.028520770781548934,overnight_abort,True
26133J__932252,26133J,932252,2026-02-06,2026-02-12,6,40.302655578409,43.527643066818,40.704896864072836,44.033714124600436,0.0817792825183571,-0.08001923054759434,0.0017600519707627604,-0.07825917857683158,0.009485,0.000164,0.0064149854,0.0065468591,0.020557,0.001595668409118925,-0.07842356213847541,-0.10021389463074504,convergence,False
26133J__932252,26133J,932252,2026-03-04,2026-03-05,1,39.07923491560601,37.3948875,0.0,0.0,0.0,0.04310082884794077,0.04310082884794077,0.08620165769588153,0.009485,0.0,0.0,0.0,0.0,0.04310082884794077,0.08620165769588153,0.08620165769588153,overnight_abort,True
267768__148375,267768,148375,2025-12-09,2025-12-12,3,2.8733902185954,2.7669838409364003,2.8826871400063845,2.867241215468105,-0.005358168884829178,0.03703164887608426,0.03167347999125508,0.06870512886733934,0.016071000000000002,8.2e-05,0.0111367256,0.0110394772,-0.008732,0.031591288210433166,0.06862293708651743,0.07738488522016829,convergence,False
267768__148375,267768,148375,2025-12-19,2025-12-24,5,3.074327422341,2.8963752804682,3.0532600920716946,2.9746045370084118,-0.025761170909587836,0.05788327573036944,0.03212210482078161,0.09000538055115105,0.016071000000000002,0.000137,0.0111602156,0.0111341221,-0.002338,0.03198511851941174,0.08986839424978119,0.09215158287108013,convergence,False
267768__148375,267768,148375,2026-01-14,2026-01-16,1,3.0441862590636,2.7371245,0.0,0.0,0.0,0.10086825605672796,0.10086825605672796,0.20173651211345592,0.016071000000000002,0.0,0.0,0.0,0.0,0.10086825605672796,0.20173651211345592,0.20173651211345592,overnight_abort,True
267768__148375,267768,148375,2026-01-27,2026-01-29,2,2.6222197185954,2.5181543409364,2.5873337933686202,2.6039511716689434,0.006422587739901898,0.03968598699835225,0.046108574738254145,0.08579456173660639,0.016071000000000002,5.5e-05,0.0108644873,0.0108953828,0.002844,0.0460537802177062,0.08573976721605844,0.08288590428803726,convergence,False
267768__148375,267768,148375,2026-03-04,2026-04-10,37,2.2103002995318,2.1598401595318,2.1390415534858183,2.19350040166467,0.02545946248220605,0.022829540407106018,0.048289002889312066,0.07111854329641809,0.016071000000000002,0.001014,0.0108947887,0.0107422928,-0.013997,0.04727530425917508,0.0701048446662811,0.08466210600296147,convergence,False
29235P__29235V,29235P,29235V,2025-07-24,2025-07-29,5,3.6145288763665,3.7541729513665,7.306522831880101,7.4104723360206,0.014226945776032167,-0.038634101366033805,-0.024407155590001638,-0.06304125695603544,0.025525,0.000137,0.0007227314,0.0007202588,-0.003421,-0.0245441418913715,-0.0631782432574053,-0.059696470391699556,convergence,False
29235P__29235V,29235P,29235V,2026-02-19,2026-02-23,4,4.48040452431675,4.83672562568325,9.25810116288552,9.608930731988279,0.03789433307438757,-0.0795287790271209,-0.04163444595273333,-0.12116322497985423,0.025525,0.00011,0.0006914744,0.0006924249,0.001375,-0.04174403499382922,-0.12127281402095011,-0.1226975440726671,convergence,False
29235P__29235V,29235P,29235V,2026-02-24,2026-02-26,2,5.15498229931675,5.54187465,10.44927928642806,11.0017250182301,0.05286926654545241,-0.07505212010806117,-0.02218285356260876,-0.09723497367066994,0.025525,5.5e-05,0.0007009231,0.0006982558,-0.003805,-0.022237648083156706,-0.09728976819121789,-0.0932678636189155,convergence,False
29235P__29235V,29235P,29235V,2026-03-04,2026-03-05,1,4.319311425,3.9329433993167497,0.0,0.0,0.0,0.0894513008362787,0.0894513008362787,0.1789026016725574,0.025525,0.0,0.0,0.0,0.0,0.0894513008362787,0.1789026016725574,0.1789026016725574,overnight_abort,True
29235P__29235V,29235P,29235V,2026-03-23,2026-03-26,3,4.319311425,3.823695272267,7.6977916582005,7.602741388087231,-0.012347732224216744,0.11474425063782023,0.10239651841360349,0.2171407690514237,0.025525,8.2e-05,0.000668333,0.0006633213,-0.007499,0.10231432663278157,0.2170585772706018,0.22452074812266393,convergence,False
516496__916822,516496,916822,2025-09-29,2025-09-30,1,23.126545999999998,22.724286261486,0.0,0.0,0.0,0.01739385286994424,0.01739385286994424,0.03478770573988848,0.016003,0.0,0.0,0.0,0.0,0.01739385286994424,0.03478770573988848,0.03478770573988848,overnight_abort,True
516496__916822,516496,916822,2025-10-17,2025-10-21,4,22.583581958514,21.620392486988003,22.38416803878885,21.803397120740886,-0.025945611069464976,0.042649986760088555,0.01670437569062358,0.059354362450712135,0.016003,0.00011,0.0066334992,0.0065817619,-0.007799,0.01659478664952769,0.059244773409616244,0.06690152929080609,convergence,False
516496__916822,516496,916822,2026-01-09,2026-01-14,5,25.931890546987997,26.006116733012,25.954679497826245,26.16983025796683,0.008289478595125938,-0.0028623515084450404,0.005427127086680897,0.002564775578235857,0.016003,0.000137,0.0062839727,0.0063111392,0.004323,0.0052901407853110346,0.0024277892768659937,-0.0019124249463055867,convergence,False
516496__916822,516496,916822,2026-02-04,2026-02-12,8,27.108340958514,32.639432315984,26.696720080723,32.80267751858838,0.22871564070053432,-0.20403651281849608,0.024679127882038243,-0.17935738493645784,0.016003,0.000219,0.0063678044,0.0065468591,0.028119,0.02445994979984646,-0.1795765630186496,-0.2131815798779468,convergence,False
516496__916822,516496,916822,2026-03-04,2026-03-05,1,32.135850958514,30.695186736988,0.0,0.0,0.0,0.044830436367962835,0.044830436367962835,0.08966087273592567,0.016003,0.0,0.0,0.0,0.0,0.044830436367962835,0.08966087273592567,0.08966087273592567,overnight_abort,True
516496__916822,516496,916822,2026-03-09,2026-03-11,2,31.331446342007997,31.316747986988002,31.16279501889335,31.49076775324108,0.010524496732365916,0.00046912468896425784,0.010993621421330174,0.011462746110294431,0.016003,5.5e-05,0.0063271113,0.0062912866,-0.005662,0.010938826900782229,0.011407951589746486,0.017162217646881438,convergence,False
906640__906433,906640,906433,2025-09-18,2025-09-24,6,35.52710661081301,35.572227532740996,35.37671796915688,35.54760641438128,0.0048305341771214625,-0.0012700421236739813,0.003560492053447481,0.0022904499297735,0.011428,0.000164,0.006758355,0.0067156912,-0.006313,0.0033961084918036452,0.002126066368129664,0.008509607193238697,convergence,False
906640__906433,906640,906433,2026-01-09,2026-01-14,5,33.882612373554004,33.906806,33.284320795370725,33.972539012872204,0.02067694941809353,-0.0007140425354239507,0.01996290688266958,0.019248864347245626,0.011428,0.000137,0.0062839727,0.0063111392,0.004323,0.019825920581299717,0.019111878045875764,0.014718341559409657,convergence,False
906640__906433,906640,906433,2026-02-02,2026-02-03,1,40.701254181777,44.3780255,0.0,0.0,0.0,-0.09033557791123749,-0.09033557791123749,-0.18067115582247498,0.011428,0.0,0.0,0.0,0.0,-0.09033557791123749,-0.18067115582247498,-0.18067115582247498,overnight_abort,True
906640__906433,906640,906433,2026-02-06,2026-02-12,6,46.406852477259,50.401463876446,48.088143151015046,50.90715585029856,0.058621783137492764,-0.08607805067461753,-0.027456267537124768,-0.1135343182117423,0.011428,0.000164,0.0064149854,0.0065468591,0.020557,-0.027620651098768604,-0.11369870177338613,-0.13502257163381107,convergence,False
906640__906433,906640,906433,2026-03-04,2026-03-05,1,46.717700181777005,44.577474308223,0.0,0.0,0.0,0.04581188425856698,0.04581188425856698,0.09162376851713395,0.011428,0.0,0.0,0.0,0.0,0.04581188425856698,0.09162376851713395,0.09162376851713395,overnight_abort,True
906640__906433,906640,906433,2026-03-23,2026-03-25,2,38.93141631677701,40.269323406294994,39.54504995941591,40.188681974412454,0.0162759186208409,-0.03436574407238889,-0.01808982545154799,-0.05245556952393688,0.011428,5.5e-05,0.0063013954,0.0062707715,-0.00486,-0.018144619972095936,-0.05251036404448482,-0.04754728540188842,convergence,False
906640__906433,906640,906433,2026-03-31,2026-04-15,15,39.36760664629501,45.235684196144,41.00186180784412,45.17146313484447,0.10169297546880318,-0.14905852932772207,-0.047365553858918885,-0.19642408318664095,0.011428,0.000411,0.0062970309,0.0062899012,-0.001132,-0.047776512763028474,-0.19683504209075053,-0.19558625611503444,convergence,False
510265__932173,510265,932173,2025-09-29,2025-09-30,1,12.929936763876999,12.481421189999999,0.0,0.0,0.0,0.03468814906582063,0.03468814906582063,0.06937629813164126,0.012792,0.0,0.0,0.0,0.0,0.03468814906582063,0.06937629813164126,0.06937629813164126,overnight_abort,True
510265__932173,510265,932173,2025-11-12,2025-11-13,1,13.411796719999998,14.334210966122999,0.0,0.0,0.0,-0.06877633663709459,-0.06877633663709459,-0.13755267327418919,0.012792,0.0,0.0,0.0,0.0,-0.06877633663709459,-0.13755267327418919,-0.13755267327418919,overnight_abort,True
510265__932173,510265,932173,2025-11-28,2025-12-04,6,15.801023979999998,15.183903885123,15.272056507926354,15.309993031139493,0.0024840481171248506,0.03905570269737662,0.04153975081450147,0.08059545351187809,0.012792,0.000164,0.0064331431,0.0064476607,0.002257,0.041375367252857634,0.08043106995023426,0.07817386953381898,convergence,False
510265__932173,510265,932173,2026-01-08,2026-01-14,6,16.152377918368998,16.431044900508,16.356771946098558,16.584813574615772,0.013941725743239165,-0.0172523812622098,-0.0033106555189706347,-0.020563036781180433,0.012792,0.000164,0.0063337239,0.0063111392,-0.003566,-0.0034750390806144705,-0.02072742034282427,-0.017098983547547596,convergence,False
510265__932173,510265,932173,2026-02-06,2026-02-10,4,17.788702447753998,17.730993384492002,17.624552182504033,17.800046316375546,0.009957366976150874,0.0032441412425380134,0.013201508218688887,0.0164456494612269,0.012792,0.00011,0.0064149854,0.0064773132,0.009716,0.013091919177592996,0.01633606042013101,0.006617768462685411,convergence,False
510265__932173,510265,932173,2026-03-04,2026-03-05,1,17.005679391631,16.525677581631,0.0,0.0,0.0,0.02822597080339058,0.02822597080339058,0.05645194160678116,0.012792,0.0,0.0,0.0,0.0,0.02822597080339058,0.05645194160678116,0.05645194160678116,overnight_abort,True
510265__932173,510265,932173,2026-03-23,2026-03-26,3,14.837302059999997,14.22463644,14.747663581746913,14.38302358224112,-0.024725272412445376,0.041292252292395394,0.016566979879950018,0.05785923217234541,0.012792,8.2e-05,0.0063013954,0.0062570388,-0.007039,0.016484788099128102,0.057777040391523496,0.06469083337962359,convergence,False
29072L__141024,29072L,141024,2025-07-03,2025-07-08,5,34.53520236528949,30.6870085,6.244027795547951,6.1461370878082,-0.01567749391018852,0.11142815451277678,0.09575066060258826,0.20717881511536504,0.031152,0.000137,1.0,1.0,0.0,0.0956136743012184,0.2070418288139952,0.2070418288139952,convergence,False
29072L__141024,29072L,141024,2025-08-01,2025-08-04,1,32.070563875,29.716908019517504,0.0,0.0,0.0,0.07338991184115853,0.07338991184115853,0.14677982368231707,0.031152,0.0,0.0,0.0,0.0,0.07338991184115853,0.14677982368231707,0.14677982368231707,overnight_abort,True
29072L__141024,29072L,141024,2025-09-04,2025-09-05,1,34.0402490197105,31.6175207597105,0.0,0.0,0.0,0.07117245994872584,0.07117245994872584,0.14234491989745168,0.031152,0.0,0.0,0.0,0.0,0.07117245994872584,0.14234491989745168,0.14234491989745168,overnight_abort,True
29072L__141024,29072L,141024,2025-11-04,2025-11-05,1,32.6554046980175,30.241555884614,0.0,0.0,0.0,0.07391881484016768,0.07391881484016768,0.14783762968033537,0.031152,0.0,0.0,0.0,0.0,0.07391881484016768,0.14783762968033537,0.14783762968033537,overnight_abort,True
29072L__141024,29072L,141024,2025-11-28,2025-12-01,1,33.989741164421,32.3005561545175,0.0,0.0,0.0,0.04969690712654391,0.04969690712654391,0.09939381425308783,0.031152,0.0,0.0,0.0,0.0,0.04969690712654391,0.09939381425308783,0.09939381425308783,overnight_abort,True
29072L__141024,29072L,141024,2025-12-17,2025-12-22,5,36.666506990386,34.230865009807005,6.9478632444520505,6.8920274628082,-0.008036396181003661,0.06642688874665975,0.058390492565656094,0.12481738131231584,0.031152,0.000137,1.0,1.0,0.0,0.05825350626428623,0.12468039501094598,0.12468039501094598,convergence,False
29072L__141024,29072L,141024,2026-02-23,2026-02-24,1,44.918993375193,43.1696926249035,0.0,0.0,0.0,0.03894345395673025,0.03894345395673025,0.0778869079134605,0.031152,0.0,0.0,0.0,0.0,0.03894345395673025,0.0778869079134605,0.0778869079134605,overnight_abort,True
29072L__141024,29072L,141024,2026-03-05,2026-03-06,1,43.4644513849035,41.184931157886005,0.0,0.0,0.0,0.05244562290297855,0.05244562290297855,0.1048912458059571,0.031152,0.0,0.0,0.0,0.0,0.05244562290297855,0.1048912458059571,0.1048912458059571,overnight_abort,True
29072L__141024,29072L,141024,2026-03-19,2026-03-20,1,44.0503093750965,39.566444874807004,0.0,0.0,0.0,0.10178962563255936,0.10178962563255936,0.20357925126511872,0.031152,0.0,0.0,0.0,0.0,0.10178962563255936,0.20357925126511872,0.20357925126511872,overnight_abort,True
518085__912002,518085,912002,2026-03-23,2026-03-24,1,9.3388356106838,8.5123003547757,0.0,0.0,0.0,0.08850517241812547,0.08850517241812547,0.17701034483625094,0.036542,0.0,0.0,0.0,0.0,0.08850517241812547,0.17701034483625094,0.17701034483625094,overnight_abort,True
547123__912005,547123,912005,2025-09-18,2025-09-24,6,23.937547829476003,23.165123844934502,47.568151629992414,46.52481540637737,-0.02193350357042682,0.032268300414228734,0.010334796843801914,0.042603097258030645,0.015403,0.000164,0.006758355,0.0067156912,-0.006313,0.010170413282158078,0.04243871369638681,0.048652226519961976,convergence,False
547123__912005,547123,912005,2025-10-06,2025-10-10,4,23.816944635196503,21.8516453454585,47.39716980776431,45.0148340688694,-0.050263248809101886,0.08251685175577465,0.03225360294667277,0.11477045470244743,0.015403,0.00011,0.0065830618,0.0066148499,0.004829,0.032144013905576876,0.11466086566135154,0.11009684270135482,convergence,False
547123__912005,547123,912005,2025-12-29,2026-01-08,10,23.1134935,11.154685250065501,22.528757850043842,21.988391721509394,-0.023985615724188544,0.5173950986653965,0.4934094829412079,1.0108045816066045,0.015403,0.000274,0.0063934527,0.006374502,-0.002964,0.4931355103384682,1.0105306090038648,1.0134321934401227,convergence,False
547357__930970,547357,930970,2025-09-09,2025-09-11,2,31.67499825,30.963527140916998,63.091833840161414,62.47847786585882,-0.009721638078495002,0.022461599002077403,0.012739960923582401,0.035201559925659806,0.022969,5.5e-05,0.0067812701,0.0067932471,0.001766,0.012685166403034456,0.035146765405111864,0.03340083098433481,convergence,False
547357__930970,547357,930970,2025-09-29,2025-10-06,1,33.42266074788851,29.833334999999998,0.0,0.0,0.0,0.10739198099646409,0.10739198099646409,0.21478396199292818,0.022969,0.0,0.0,0.0,0.0,0.10739198099646409,0.21478396199292818,0.21478396199292818,overnight_abort,True
547357__930970,547357,930970,2025-10-14,2025-10-16,1,31.1722205,30.8277795,0.0,0.0,0.0,0.011049613870144519,0.011049613870144519,0.022099227740289037,0.022969,0.0,0.0,0.0,0.0,0.011049613870144519,0.022099227740289037,0.022099227740289037,overnight_abort,True
547357__930970,547357,930970,2025-12-09,2025-12-15,6,34.7922273388885,29.833334999999998,64.19506533151467,60.43265131504245,-0.05860908462422227,0.14252874041627608,0.08391965579205382,0.2264483962083299,0.022969,0.000164,0.0064092293,0.0064426763,0.005219,0.08375527223040999,0.22628401264668607,0.2213968042133565,convergence,False
547357__930970,547357,930970,2026-02-09,2026-02-13,4,59.026104833333505,69.7105664111115,145.83978234428838,139.92701406766477,-0.04054290387423343,-0.18101247927415692,-0.22155538314839035,-0.4025678624225473,0.022969,0.00011,0.0065468591,0.0065485736,0.000262,-0.22166497218948625,-0.40267745146364314,-0.40292864955528657,convergence,False
547357__930970,547357,930970,2026-02-24,2026-02-26,2,89.86639850167201,87.05366556333298,180.94562487424406,178.31198307850687,-0.014554879663808137,0.031299050426358103,0.016744170762549967,0.04804322118890807,0.022969,5.5e-05,0.0063957021,0.0064051241,0.001473,0.01668937624200202,0.047988426668360125,0.04653882728841877,convergence,False
547357__930970,547357,930970,2026-03-04,2026-03-05,1,93.41609991666701,88.077957320556,0.0,0.0,0.0,0.05714371078296963,0.05714371078296963,0.11428742156593925,0.022969,0.0,0.0,0.0,0.0,0.05714371078296963,0.11428742156593925,0.11428742156593925,overnight_abort,True
547357__930970,547357,930970,2026-03-09,2026-03-13,4,83.95383472833299,94.9793892227775,174.7407723162564,190.99755196701767,0.09303369462817054,-0.13132877765646087,-0.03829508302829032,-0.1696238606847512,0.022969,0.00011,0.0063271113,0.0062605647,-0.010518,-0.03840467206938621,-0.16973344972584709,-0.15811506072286416,convergence,False
547357__930970,547357,930970,2026-03-23,2026-03-25,2,91.6764939294445,97.611686797611,178.02397274487757,194.73741707205787,0.09388311062539867,-0.0647406179465622,0.029142492678836465,-0.03559812526772574,0.022969,5.5e-05,0.0063013954,0.0062707715,-0.00486,0.02908769815828852,-0.03565291978827368,-0.030310839154099583,convergence,False
547357__930970,547357,930970,2026-04-08,2026-04-10,2,144.0146531545,143.200008,282.4814922686311,285.81218170239464,0.011790823558083483,0.0056566824045747735,0.017447505962658257,0.02310418836723303,0.022969,5.5e-05,0.0062906929,0.0062776609,-0.002072,0.017392711442110312,0.023049393846685085,0.025149803254368993,convergence,False
547520__936485,547520,936485,2025-07-07,2025-07-08,1,32.559907459535005,30.8211175253875,0.0,0.0,0.0,0.053402791033987075,0.053402791033987075,0.10680558206797415,0.024100000000000003,0.0,0.0,0.0,0.0,0.053402791033987075,0.10680558206797415,0.10680558206797415,overnight_abort,True
547520__936485,547520,936485,2025-07-31,2025-08-01,1,33.771811429767496,34.0982720702325,0.0,0.0,0.0,-0.009666660645192657,-0.009666660645192657,-0.019333321290385314,0.024100000000000003,0.0,0.0,0.0,0.0,-0.009666660645192657,-0.019333321290385314,-0.019333321290385314,overnight_abort,True
547520__936485,547520,936485,2025-08-18,2025-08-19,1,38.286166014690004,37.24671158969,0.0,0.0,0.0,0.027149608675916377,0.027149608675916377,0.054299217351832754,0.024100000000000003,0.0,0.0,0.0,0.0,0.027149608675916377,0.054299217351832754,0.054299217351832754,overnight_abort,True
547520__936485,547520,936485,2025-08-26,2025-09-08,13,38.5689433047675,12.1036984275775,36.56089349265267,12.155071195466528,-0.6675390004374694,0.6861801908355275,0.018641190398058116,0.7048213812335856,0.024100000000000003,0.000356,0.0067837998,0.0067785121,-0.000779,0.018285026014496473,0.704465216850024,0.704724559018549,convergence,False
547520__936485,547520,936485,2026-02-09,2026-02-12,3,14.704472609922501,14.791757849999998,14.410227978109262,15.025740511708927,0.042713587497345405,-0.005935965361899306,0.0367776221354461,0.03084165677354679,0.024100000000000003,8.2e-05,0.0064773132,0.0065468591,0.010737,0.036695430354624185,0.030759464992724875,0.019682939016363088,convergence,False
547520__936485,547520,936485,2026-02-18,2026-03-02,12,15.997173409922501,13.3462447,15.096565879548491,13.573195777637604,-0.10090838632212479,0.16571231942001835,0.06480393309789356,0.2305162525179119,0.024100000000000003,0.000329,0.0064516129,0.0063546528,-0.015029,0.0644751659746059,0.23018748539462425,0.24390593949669057,convergence,False
921505__916933,921505,916933,2025-09-29,2025-10-10,11,14.870951559115499,14.061889139999998,14.710652538619538,14.183112379357096,-0.035861098471159085,0.05440555810428733,0.018544459633128244,0.07295001773741558,0.016006,0.000301,0.0067606396,0.0066148499,-0.021564,0.018243089770114546,0.07264864787440188,0.0938980372539281,convergence,False
921505__916933,921505,916933,2025-11-11,2025-11-13,2,14.7705400091155,15.227074004999999,15.143596667823182,15.24796706502888,0.006892048137247425,-0.030908416049971976,-0.024016367912724552,-0.054924783962696525,0.016006,5.5e-05,0.0064603657,0.0064697696,0.001456,-0.024071162433272498,-0.054979578483244466,-0.05644311006425747,convergence,False
921505__916933,921505,916933,2025-12-11,2025-12-12,1,15.312761375,14.83867905,0.0,0.0,0.0,0.030959949899957186,0.030959949899957186,0.06191989979991437,0.016006,0.0,0.0,0.0,0.0,0.030959949899957186,0.06191989979991437,0.06191989979991437,overnight_abort,True
921505__916933,921505,916933,2025-12-29,2025-12-30,1,15.4131739291155,14.9850740715,0.0,0.0,0.0,0.027774931988979824,0.027774931988979824,0.05554986397795965,0.016006,0.0,0.0,0.0,0.0,0.027774931988979824,0.05554986397795965,0.05554986397795965,overnight_abort,True
921505__916933,921505,916933,2026-02-13,2026-02-17,1,17.8531725858845,16.750785257076,0.0,0.0,0.0,0.06174741903744863,0.06174741903744863,0.12349483807489726,0.016006,0.0,0.0,0.0,0.0,0.06174741903744863,0.12349483807489726,0.12349483807489726,overnight_abort,True
151426__315299,151426,315299,2025-07-17,2025-07-18,1,11.728401411069001,10.3837755,0.0,0.0,0.0,0.11464698929898262,0.11464698929898262,0.22929397859796524,0.029295,0.0,0.0,0.0,0.0,0.11464698929898262,0.22929397859796524,0.22929397859796524,overnight_abort,True
151426__315299,151426,315299,2025-07-24,2025-07-25,1,11.77895385,10.403555108931,0.0,0.0,0.0,0.11676747855404837,0.11676747855404837,0.23353495710809674,0.029295,0.0,0.0,0.0,0.0,0.11676747855404837,0.23353495710809674,0.23353495710809674,overnight_abort,True
151426__315299,151426,315299,2025-12-23,2026-01-02,10,13.022569731069,11.936397170000001,12.11992717920974,12.151804314724554,0.0026301424953688196,0.0834069299300912,0.08603707242546002,0.16944400235555124,0.029295,0.000274,0.6705560257,0.6693438188,-0.001808,0.08576309982272029,0.1691700297528115,0.17098583075484328,convergence,False
151426__315299,151426,315299,2026-01-06,2026-01-09,3,13.022569731069,12.3616375,12.781646696905705,12.48650482434877,-0.023091067962971074,0.050752827185264346,0.02766175922229327,0.07841458640755762,0.029295,8.2e-05,0.6720882683,0.6686949969,-0.005049,0.027579567441471355,0.0783323946267357,0.08328968779455265,convergence,False
151426__315299,151426,315299,2026-03-10,2026-03-11,1,14.10441255,12.9467879727,0.0,0.0,0.0,0.08207534863265185,0.08207534863265185,0.1641506972653037,0.029295,0.0,0.0,0.0,0.0,0.08207534863265185,0.1641506972653037,0.1641506972653037,overnight_abort,True
151426__315299,151426,315299,2026-03-16,2026-03-18,2,14.30662635,14.102157048931002,13.419077352392009,14.474562201592123,0.07865554549560516,0.01429192991183408,0.09294747540743924,0.10723940531927333,0.029295,5.5e-05,0.7104794223,0.7024444082,-0.011309,0.09289268088689129,0.10718461079872538,0.1195229715514424,convergence,False
151426__315299,151426,315299,2026-03-23,2026-03-26,3,15.4187011431,13.568134308931,14.357891517077691,13.998343104779856,-0.025041867175983182,0.12002092893519399,0.09497906175921081,0.21499999069440479,0.029295,8.2e-05,0.6995939906,0.6886578534,-0.015632,0.09489686997838889,0.21491779891358287,0.230400488687871,convergence,False
151427__997310,151427,997310,2025-09-05,2025-09-11,6,6.70742856761425,6.192600946590501,1.2619249409278819,1.2844750938762095,0.01786964677292669,0.07675484216254086,0.09462448893546754,0.1713793310980084,0.043095,0.000164,0.1283219324,0.1283861922,0.000501,0.09446010537382371,0.17121494753636457,0.17070548387203366,convergence,False
151427__997310,151427,997310,2026-04-16,2026-04-23,7,8.3804711965905,7.86362,1.5083566439399567,1.5913257963173775,0.055006322749173046,0.06167328596043327,0.11667960870960631,0.1783528946700396,0.043095,0.000192,0.1276870169,0.1276772368,-7.7e-05,0.1164878278876885,0.17816111384812178,0.17824192752795792,convergence,False
151643__932197,151643,932197,2025-09-29,2025-10-01,2,115.921683441725,113.116045725,57.0758895197801,56.69438137011436,-0.00668422608698068,0.02420287243443467,0.017518646347453988,0.04172151878188866,0.012233,5.5e-05,0.0067606396,0.0067997139,0.00578,0.017463851826906043,0.041666724261340715,0.03595867255278149,convergence,False
151643__932197,151643,932197,2025-12-29,2026-01-06,8,129.23700074999996,13.0254237,12.65161610479638,13.026848191295176,0.029658826460640164,0.8992128908562589,0.928871717316899,1.8280846081731579,0.012233,0.000219,0.0063934527,0.0063840654,-0.001468,0.9286525392347073,1.827865430090966,1.8293794678860102,convergence,False
696046__147535,696046,147535,2025-08-22,2025-08-26,4,17.3927712808695,17.167592923913002,17.537502755104203,17.404934531202557,-0.007559127759114008,0.012946663491411168,0.005387535732297159,0.018334199223708325,0.011745,0.00011,0.0114144168,0.0114110301,-0.000297,0.0052779466912012685,0.018224610182612434,0.018519158481281727,convergence,False
696046__147535,696046,147535,2025-09-08,2025-09-10,2,16.841094346739,16.928317382174,17.09450332317922,17.356089229919867,0.015302340278348366,-0.005179178599631302,0.010123161678717064,0.004943983079085763,0.011745,5.5e-05,0.0113317013,0.0113567322,0.002209,0.010068367158169118,0.004889188558537818,0.0026514029964838474,convergence,False
696046__147535,696046,147535,2025-09-17,2025-09-19,2,17.7338020586955,16.918353798913003,17.51534544067989,17.43294724971031,-0.004704342900266691,0.04598270901431728,0.041278366114050585,0.08726107512836787,0.011745,5.5e-05,0.011337098,0.0113507369,0.001203,0.04122357159350264,0.08720628060781992,0.08601034610090547,convergence,False
696046__147535,696046,147535,2025-10-21,2025-10-28,7,17.462991347174,16.838595285,17.462308757411055,16.95441702904248,-0.02908502738236275,0.03575538977032391,0.006670362387961159,0.04242575215828506,0.011745,0.000192,0.0113922455,0.0113335003,-0.005157,0.006478581566043351,0.042233971336367256,0.04726653786388717,convergence,False
696046__147535,696046,147535,2025-11-21,2025-11-24,1,17.7538669408695,17.217443739782503,0.0,0.0,0.0,0.030214443020981967,0.030214443020981967,0.06042888604196393,0.011745,0.0,0.0,0.0,0.0,0.030214443020981967,0.06042888604196393,0.06042888604196393,overnight_abort,True
696046__147535,696046,147535,2025-12-04,2025-12-08,4,18.345659596739,17.666071173913,18.019590705091233,17.821403116904474,-0.010998451154096584,0.03704355350334745,0.026045102349250865,0.0630886558525983,0.011745,0.00011,0.0111179044,0.0110950843,-0.002053,0.025935513308154974,0.06297906681150242,0.06501322118424736,convergence,False
696046__147535,696046,147535,2025-12-17,2025-12-23,6,18.275454576087,18.513490180652003,18.0730758717652,18.600791449512034,0.029198990890712737,-0.013024880096633353,0.016174110794079384,0.003149230697446031,0.011745,0.000164,0.0110782458,0.0111811792,0.009291,0.016009727232435548,0.002984847135802195,-0.006489909463121594,convergence,False
696046__147535,696046,147535,2026-01-14,2026-01-16,1,19.4088987463045,18.5733045797825,0.0,0.0,0.0,0.04305211632273053,0.04305211632273053,0.08610423264546106,0.011745,0.0,0.0,0.0,0.0,0.04305211632273053,0.08610423264546106,0.08610423264546106,overnight_abort,True
905168__922020,905168,922020,2025-09-29,2025-09-30,1,511.429005701745,494.590677505,0.0,0.0,0.0,0.03292407745556141,0.03292407745556141,0.06584815491112282,0.010263,0.0,0.0,0.0,0.0,0.03292407745556141,0.06584815491112282,0.06584815491112282,overnight_abort,True
905168__922020,905168,922020,2025-10-06,2025-10-10,4,502.966816966275,475.424280125,24.369364353393827,24.53546730499765,0.006816055978936086,0.0547601470160641,0.06157620299500018,0.11633635001106428,0.010263,0.00011,0.0065830618,0.0066148499,0.004829,0.06146661395390429,0.1162267609699684,0.11138843962437543,convergence,False
905168__922020,905168,922020,2025-10-17,2025-10-22,5,495.24745910080503,485.1369815,24.70220252328339,24.502465207699892,-0.008085809975658356,0.020415001460405487,0.012329191484747131,0.032744192945152614,0.010263,0.000137,0.0066334992,0.0065793798,-0.008158,0.012192205183377268,0.03260720664378275,0.04076630407354405,convergence,False
905168__922020,905168,922020,2026-01-09,2026-01-14,5,622.3818582932549,631.574633,31.460897841731004,31.81702330992983,0.011319621899869837,-0.014770312765790074,-0.0034506908659202376,-0.018221003631710312,0.010263,0.000137,0.0062839727,0.0063111392,0.004323,-0.0035876771672901007,-0.018357989933080174,-0.02271124750476288,convergence,False
905168__922020,905168,922020,2026-02-02,2026-02-03,1,655.337529764295,657.4751699999999,0.0,0.0,0.0,-0.0032618919848429124,-0.0032618919848429124,-0.006523783969685825,0.010263,0.0,0.0,0.0,0.0,-0.0032618919848429124,-0.006523783969685825,-0.006523783969685825,overnight_abort,True
905168__922020,905168,922020,2026-02-06,2026-02-10,4,678.78676294698,709.7743312499999,34.454921121681394,35.546351790139596,0.03167706188046963,-0.04565140334865416,-0.013974341468184534,-0.059625744816838695,0.010263,0.00011,0.0064149854,0.0064773132,0.009716,-0.014083930509280425,-0.059735333857934586,-0.06966262308913523,convergence,False
905168__922020,905168,922020,2026-03-04,2026-03-05,1,747.8499975,739.161479,0.0,0.0,0.0,0.011617996294771648,0.011617996294771648,0.023235992589543297,0.010263,0.0,0.0,0.0,0.0,0.011617996294771648,0.023235992589543297,0.023235992589543297,overnight_abort,True
905168__922020,905168,922020,2026-03-09,2026-03-11,2,765.82843189896,744.192210033725,37.32802659735216,37.49736283245199,0.0045364368421192125,0.028252048323128352,0.032788485165247565,0.06104053348837592,0.010263,5.5e-05,0.0063271113,0.0062912866,-0.005662,0.03273369064469962,0.060985738967827975,0.06670590699974341,convergence,False
905168__922020,905168,922020,2026-03-23,2026-03-26,3,770.3056943940601,792.644085594255,38.78526501264608,39.93026081582081,0.02952141239208756,-0.028999384741361402,0.0005220276507261583,-0.028477357090635244,0.010263,8.2e-05,0.0063013954,0.0062570388,-0.007039,0.0004398358699042405,-0.02855954887145716,-0.021261197216532052,convergence,False
905168__922020,905168,922020,2026-03-31,2026-04-15,15,778.2760086345301,742.43893295198,39.880736751397905,37.07451424847158,-0.0703653626165259,0.04604674342387292,-0.024318619192652983,0.021728124231219934,0.010263,0.000411,0.0062970309,0.0062899012,-0.001132,-0.024729578096762572,0.021317165327110345,0.022370920523480213,convergence,False
512142__929143,512142,929143,2025-09-22,2025-09-26,4,89.72867444183201,81.182019742748,8.261925395096398,8.309085140319764,0.005708081708333564,0.0952499828204251,0.10095806452875866,0.19620804734918376,0.022123,0.00011,0.0067156912,0.0066887391,-0.004013,0.10084847548766278,0.19609845830808786,0.2001509328303805,convergence,False
512142__929143,512142,929143,2026-01-29,2026-02-02,4,97.00396800000001,98.9542,9.74905564089536,10.015157755798555,0.02729516834296738,-0.02010466211031682,0.007190506232650558,-0.012914155877666263,0.022123,0.00011,0.0064609918,0.0064259093,-0.00543,0.007080917191554667,-0.013023744918762153,-0.007415187271770041,convergence,False
512142__929143,512142,929143,2026-02-09,2026-02-10,1,108.82632660000002,103.50610309542,0.0,0.0,0.0,0.048887283718901275,0.048887283718901275,0.09777456743780255,0.022123,0.0,0.0,0.0,0.0,0.048887283718901275,0.09777456743780255,0.09777456743780255,overnight_abort,True
512142__929143,512142,929143,2026-02-12,2026-02-13,1,112.31240670000001,98.67713021908399,0.0,0.0,0.0,0.12140489979292748,0.12140489979292748,0.24280979958585497,0.022123,0.0,0.0,0.0,0.0,0.12140489979292748,0.24280979958585497,0.24280979958585497,overnight_abort,True
512142__929143,512142,929143,2026-03-26,2026-03-30,4,97.61024987320602,88.791599701832,9.127600894760985,8.99754001700657,-0.014249185438099832,0.09034553423261683,0.076096348794517,0.16644188302713384,0.022123,0.00011,0.0062373304,0.0062607603,0.003756,0.07598675975342112,0.16633229398603794,0.16264327829091474,convergence,False
512142__929143,512142,929143,2026-04-02,2026-04-06,1,100.328368757252,95.471008201832,0.0,0.0,0.0,0.04841462704504387,0.04841462704504387,0.09682925409008775,0.022123,0.0,0.0,0.0,0.0,0.04841462704504387,0.09682925409008775,0.09682925409008775,overnight_abort,True
151663__929587,151663,929587,2025-08-15,2025-08-18,1,56.844772500000005,54.109483005010006,0.0,0.0,0.0,0.04811857581081882,0.04811857581081882,0.09623715162163764,0.008118,0.0,0.0,0.0,0.0,0.04811857581081882,0.09623715162163764,0.09623715162163764,overnight_abort,True
151663__929587,151663,929587,2025-12-11,2025-12-12,1,53.59935669165001,53.410655000000006,0.0,0.0,0.0,0.0035205962029652496,0.0035205962029652496,0.007041192405930499,0.008118,0.0,0.0,0.0,0.0,0.0035205962029652496,0.007041192405930499,0.007041192405930499,overnight_abort,True
151663__929587,151663,929587,2026-03-09,2026-03-10,1,56.13358078998,56.75307182664,0.0,0.0,0.0,-0.011036014947590553,-0.011036014947590553,-0.022072029895181106,0.008118,0.0,0.0,0.0,0.0,-0.011036014947590553,-0.022072029895181106,-0.022072029895181106,overnight_abort,True
151663__929587,151663,929587,2026-04-13,2026-04-16,3,59.29886099499001,58.631916906680004,29.64085367239167,29.405592372112213,-0.007937062234431753,0.011247165242623328,0.003310103008191574,0.014557268250814902,0.008118,8.2e-05,0.7864416206,0.7856078527,-0.00106,0.0032279112273696565,0.014475076469992984,0.01552795575250761,convergence,False
151663__929587,151663,929587,2026-04-24,2026-04-27,1,57.51589039833,55.93642890167,0.0,0.0,0.0,0.027461306531487907,0.027461306531487907,0.054922613062975814,0.008118,0.0,0.0,0.0,0.0,0.027461306531487907,0.054922613062975814,0.054922613062975814,overnight_abort,True
151293__937357,151293,937357,2025-09-09,2025-09-10,1,4.4667184583154,4.23956636498655,0.0,0.0,0.0,0.05085435660400209,0.05085435660400209,0.10170871320800418,0.027092,0.0,0.0,0.0,0.0,0.05085435660400209,0.10170871320800418,0.10170871320800418,overnight_abort,True
151293__937357,151293,937357,2025-12-04,2025-12-08,4,4.194480059171149,3.8974265916846,0.7851052367379114,0.7760288458425051,-0.011560731569080445,0.07082009290687837,0.05925936133779792,0.1300794542446763,0.027092,0.00011,0.1284538049,0.1285223097,0.000533,0.05914977229670203,0.1299698652035804,0.12944300854691063,convergence,False
151293__937357,151293,937357,2025-12-11,2025-12-12,1,3.8819111283153998,3.6693324508288496,0.0,0.0,0.0,0.054761345754662114,0.054761345754662114,0.10952269150932423,0.027092,0.0,0.0,0.0,0.0,0.054761345754662114,0.10952269150932423,0.10952269150932423,overnight_abort,True
151293__937357,151293,937357,2025-12-16,2025-12-19,3,4.0129878266846,3.7655285655,0.7583533926274888,0.7503969113235518,-0.010491785731148314,0.061664593034423086,0.051172807303274774,0.11283740033769786,0.027092,8.2e-05,0.1285157095,0.1285115822,-3.2e-05,0.05109061552245286,0.11275520855687594,0.11278698777228076,convergence,False
29057L__140891,29057L,140891,2025-07-14,2025-07-15,1,50.329297103296,50.876645172528,0.0,0.0,0.0,-0.010875337044914857,-0.010875337044914857,-0.021750674089829714,0.017289,0.0,0.0,0.0,0.0,-0.010875337044914857,-0.021750674089829714,-0.021750674089829714,overnight_abort,True
29057L__140891,29057L,140891,2025-07-17,2025-07-18,1,53.711372917232,53.346299646592,0.0,0.0,0.0,0.006796945429091265,0.006796945429091265,0.01359389085818253,0.017289,0.0,0.0,0.0,0.0,0.006796945429091265,0.01359389085818253,0.01359389085818253,overnight_abort,True
29057L__140891,29057L,140891,2025-07-28,2025-07-29,1,56.484899999999996,56.086806298768,0.0,0.0,0.0,0.007047789785092879,0.007047789785092879,0.014095579570185758,0.017289,0.0,0.0,0.0,0.0,0.007047789785092879,0.014095579570185758,0.014095579570185758,overnight_abort,True
29057L__140891,29057L,140891,2025-08-21,2025-08-25,4,58.262296540879994,56.56777534923201,57.84733790159449,56.834890348405494,-0.017502059557369738,0.029084352870625656,0.011582293313255918,0.04066664618388158,0.017289,0.00011,1.0,1.0,0.0,0.011472704272160027,0.04055705714278569,0.04055705714278569,convergence,False
29057L__140891,29057L,140891,2025-10-30,2025-11-03,4,60.762684739120004,60.097985370768,59.012524375,60.478538625,0.02484242566347596,0.010939269244040817,0.03578169490751677,0.04672096415155759,0.017289,0.00011,1.0,1.0,0.0,0.03567210586642088,0.0466113751104617,0.0466113751104617,convergence,False
29057L__140891,29057L,140891,2025-11-21,2025-11-24,1,63.012043999999996,66.64054108417601,0.0,0.0,0.0,-0.057584183178949276,-0.057584183178949276,-0.11516836635789855,0.017289,0.0,0.0,0.0,0.0,-0.057584183178949276,-0.11516836635789855,-0.11516836635789855,overnight_abort,True
29057L__140891,29057L,140891,2025-12-24,2025-12-30,6,69.223069378496,68.24381772417601,66.947819498189,68.562250422874,0.02411476485397209,0.014146319472857664,0.03826108432682976,0.05240740379968742,0.017289,0.000164,1.0,1.0,0.0,0.038096700765185926,0.052243020238043586,0.052243020238043586,convergence,False
29057L__140891,29057L,140891,2026-03-10,2026-03-12,2,81.815246629232,75.45358945912,74.993622227874,75.969006773937,0.01300623329140197,0.07775637710831071,0.09076261039971267,0.16851898750802338,0.017289,5.5e-05,1.0,1.0,0.0,0.09070781587916472,0.16846419298747545,0.16846419298747545,convergence,False
29057L__140891,29057L,140891,2026-03-19,2026-03-24,5,77.010260452528,74.91583553670401,74.0393801662795,74.883881421063,0.011406109193335935,0.02719669955038101,0.038602808743716945,0.06579950829409795,0.017289,0.000137,1.0,1.0,0.0,0.03846582244234708,0.06566252199272808,0.06566252199272808,convergence,False
30913C__755998,30913C,755998,2025-12-16,2026-01-08,23,5.7047354256814495,4.51848552863575,2.5285374466963164,2.6094337275829305,0.03199330940987637,0.2079412643232263,0.23993457373310267,0.44787583805632897,0.11282099999999999,0.00063,0.2445884739,0.2461538462,0.0064,0.2393044367468013,0.4472457010700276,0.440682920251145,convergence,False
30913C__755998,30913C,755998,2026-02-09,2026-04-07,57,6.86905314668145,5.588901565818551,3.069754987085275,2.7583498701366236,-0.10144298755397732,0.18636507150645076,0.08492208395247344,0.27128715545892423,0.11282099999999999,0.001562,0.2548744678,0.2480773878,-0.026668,0.083360440116857,0.2697255116233078,0.294345102922296,convergence,False
32601M__257189,32601M,257189,2026-03-09,2026-03-25,16,0.6533106993867299,0.45027891698672995,0.14152606277428686,0.13933369033297677,-0.015490944906780931,0.3107736986254598,0.29528275371867885,0.6060564523441386,0.082833,0.000438,0.2538393262,0.2522067969,-0.006431,0.2948443975542953,0.605618096179755,0.6119908026187187,convergence,False
32601M__257189,32601M,257189,2026-03-27,2026-03-31,1,0.65009646476327,0.56749595346327,0.0,0.0,0.0,0.1270588532273878,0.1270588532273878,0.2541177064547756,0.082833,0.0,0.0,0.0,0.0,0.1270588532273878,0.2541177064547756,0.2541177064547756,overnight_abort,True
53401V__932034,53401V,932034,2025-09-29,2025-09-30,1,116.9321010126,109.835175192735,0.0,0.0,0.0,0.06069270763466637,0.06069270763466637,0.12138541526933273,0.027599,0.0,0.0,0.0,0.0,0.06069270763466637,0.12138541526933273,0.12138541526933273,overnight_abort,True
53401V__932034,53401V,932034,2025-10-24,2025-10-27,1,114.610196425,106.90089267463499,0.0,0.0,0.0,0.06726542655748712,0.06726542655748712,0.13453085311497423,0.027599,0.0,0.0,0.0,0.0,0.06726542655748712,0.13453085311497423,0.13453085311497423,overnight_abort,True
53401V__932034,53401V,932034,2026-01-14,2026-01-15,1,118.91377141726498,118.663944915,0.0,0.0,0.0,0.002100904708407123,0.002100904708407123,0.004201809416814246,0.027599,0.0,0.0,0.0,0.0,0.002100904708407123,0.004201809416814246,0.004201809416814246,overnight_abort,True
53401V__932034,53401V,932034,2026-01-16,2026-01-20,1,130.26870717499997,119.955609230235,0.0,0.0,0.0,0.07916788435545459,0.07916788435545459,0.15833576871090918,0.027599,0.0,0.0,0.0,0.0,0.07916788435545459,0.15833576871090918,0.15833576871090918,overnight_abort,True
53401V__932034,53401V,932034,2026-01-22,2026-01-23,1,128.2987655,123.96170757375,0.0,0.0,0.0,0.03380436210237734,0.03380436210237734,0.06760872420475468,0.027599,0.0,0.0,0.0,0.0,0.03380436210237734,0.06760872420475468,0.06760872420475468,overnight_abort,True
53401V__932034,53401V,932034,2026-02-06,2026-02-10,4,129.60195768499997,121.953961926735,127.0842672595471,126.95351917794899,-0.0010288298025992776,0.05901142154699213,0.057982591744392846,0.11699401329138498,0.027599,0.00011,0.0064149854,0.0064773132,0.009716,0.057873002703296955,0.1168844242502891,0.10727184672326294,convergence,False
54184D__31722D,54184D,31722D,2025-09-22,2025-11-06,45,32.032613627075996,26.505573615816,5.942851864279295,5.365090091178445,-0.09721961548017102,0.17254414752432784,0.07532453204415682,0.24786867956848466,0.03651,0.001233,0.0067156912,0.0065331718,-0.027178,0.07409165533182804,0.24663580285615588,0.27185707962012046,convergence,False
54184D__31722D,54184D,31722D,2026-02-24,2026-02-26,1,39.208450152552004,35.120133351632,0.0,0.0,0.0,0.10427131868291672,0.10427131868291672,0.20854263736583345,0.03651,0.0,0.0,0.0,0.0,0.10427131868291672,0.20854263736583345,0.20854263736583345,overnight_abort,True
54190K__315775,54190K,315775,2025-09-08,2025-09-10,1,9.07583050129275,8.21244290387825,0.0,0.0,0.0,0.09513042330302662,0.09513042330302662,0.19026084660605325,0.032985,0.0,0.0,0.0,0.0,0.09513042330302662,0.19026084660605325,0.19026084660605325,overnight_abort,True
54190K__315775,54190K,315775,2025-10-16,2025-10-22,6,9.096088544829,8.412818720085498,1.6846878505134713,1.7461746280453663,0.036497430377475944,0.07511688363367247,0.11161431401114841,0.18673119764482088,0.032985,0.000164,0.1287349136,0.128665346,-0.00054,0.11144993044950458,0.18656681408317705,0.18712723412539653,convergence,False
54190K__315775,54190K,315775,2025-11-19,2025-11-21,2,10.7370325129275,10.01681173,2.0719188570144373,2.020384642183732,-0.02487269936090278,0.06707819707729734,0.04220549771639456,0.1092836947936919,0.032985,5.5e-05,0.1284727864,0.1284925908,0.000154,0.04215070319584662,0.10922890027314396,0.10907860513945157,convergence,False
54190K__315775,54190K,315775,2025-11-24,2025-11-28,4,11.1523327879275,10.1668477370725,2.1236749609672247,2.1052747737933615,-0.0086643142251312,0.08836582171595499,0.07970150749082379,0.16806732920677878,0.032985,0.00011,0.1285619717,0.1284381347,-0.000963,0.0795919184497279,0.16795774016568288,0.1689135624968468,convergence,False
54190K__315775,54190K,315775,2025-12-10,2025-12-11,1,11.2434962629275,10.709737612072502,0.0,0.0,0.0,0.04747265782574492,0.04747265782574492,0.09494531565148984,0.032985,0.0,0.0,0.0,0.0,0.04747265782574492,0.09494531565148984,0.09494531565148984,overnight_abort,True
54190K__315775,54190K,315775,2026-01-02,2026-01-05,1,10.98489485925,9.68318171853625,0.0,0.0,0.0,0.11850028219593034,0.11850028219593034,0.23700056439186068,0.032985,0.0,0.0,0.0,0.0,0.11850028219593034,0.23700056439186068,0.23700056439186068,overnight_abort,True
54186D__29730F,54186D,29730F,2025-08-08,2025-08-12,1,15.636295084999999,15.9798690155335,0.0,0.0,0.0,-0.021972847702464677,-0.021972847702464677,-0.043945695404929354,0.016662,0.0,0.0,0.0,0.0,-0.021972847702464677,-0.043945695404929354,-0.043945695404929354,overnight_abort,True
54186D__29730F,54186D,29730F,2025-11-13,2025-11-17,4,20.428868863932998,20.2166763374665,20.574717098360853,20.432032760788104,-0.006934935576057895,0.01038689551926798,0.003451959943210085,0.013838855462478063,0.016662,0.00011,0.0064706073,0.006440809,-0.004605,0.0033423709021141944,0.013729266421382173,0.018323666085962295,convergence,False
54186D__29730F,54186D,29730F,2025-12-29,2026-01-06,8,20.338255879466498,19.922697343689,20.022045186380343,20.32852122735067,0.015306929842451994,0.02043235851885645,0.03573928836130844,0.05617164688016489,0.016662,0.000219,0.0063934527,0.0063840654,-0.001468,0.03552011027911666,0.05595246879797311,0.05744540318152594,convergence,False
54186D__29730F,54186D,29730F,2026-01-08,2026-01-14,6,19.975791859466497,20.270307727622,19.79059361940133,20.58154062069767,0.039965804791269544,-0.01474363921227648,0.025222165578993063,0.010478526366716583,0.016662,0.000164,0.0063337239,0.0063111392,-0.003566,0.025057782017349227,0.010314142805072746,0.014035707956332532,convergence,False
54181K__916020,54181K,916020,2025-07-30,2025-07-31,1,10.393802204232001,10.296242115768,0.0,0.0,0.0,0.009386371468977646,0.009386371468977646,0.018772742937955292,0.016866,0.0,0.0,0.0,0.0,0.009386371468977646,0.018772742937955292,0.018772742937955292,overnight_abort,True
54181K__916020,54181K,916020,2025-09-18,2025-09-24,6,11.608922924232,11.14264392,11.24903290280591,11.168089230718897,-0.007195611639363496,0.04016556981860114,0.032969958179237646,0.07313552799783879,0.016866,0.000164,0.006758355,0.0067156912,-0.006313,0.03280557461759381,0.07297114443619496,0.07927828492296124,convergence,False
54181K__916020,54181K,916020,2025-10-30,2025-10-31,1,10.9461288,10.395817919999999,0.0,0.0,0.0,0.050274475118546144,0.050274475118546144,0.10054895023709229,0.016866,0.0,0.0,0.0,0.0,0.050274475118546144,0.10054895023709229,0.10054895023709229,overnight_abort,True
54181K__916020,54181K,916020,2026-02-04,2026-02-10,6,15.435045839999999,16.31068481884,15.48121897755453,16.328433231345276,0.054725293597298816,-0.05673057196699584,-0.0020052783696970222,-0.05873585033669286,0.016866,0.000164,0.0063678044,0.0064773132,0.017197,-0.002169661931340858,-0.05890023389833669,-0.07673196407181185,convergence,False
54187L__946076,54187L,946076,2025-09-04,2025-09-05,1,13.859586389999999,13.5512809292245,0.0,0.0,0.0,0.02224492507207486,0.02224492507207486,0.04448985014414972,0.016341,0.0,0.0,0.0,0.0,0.02224492507207486,0.04448985014414972,0.04448985014414972,overnight_abort,True
54187L__946076,54187L,946076,2025-09-19,2025-09-25,6,13.9651938232755,13.5214541942245,27.767398276131622,27.35846531159087,-0.01472708967812317,0.03177468459560001,0.017047594917476844,0.048822279513076855,0.016341,0.000164,0.0067695636,0.0066757902,-0.013852,0.016883211355833008,0.04865789595143302,0.062497814217405204,convergence,False
54187L__946076,54187L,946076,2026-02-02,2026-02-03,1,15.0614891182755,14.982963215,0.0,0.0,0.0,0.00521368788031835,0.00521368788031835,0.0104273757606367,0.016341,0.0,0.0,0.0,0.0,0.00521368788031835,0.0104273757606367,0.0104273757606367,overnight_abort,True
54187L__946076,54187L,946076,2026-02-06,2026-02-12,6,16.4746077188775,15.162024041674501,32.68546544123774,33.962132736768595,0.03905917441579842,0.07967313696331414,0.11873231137911255,0.1984054483424267,0.016341,0.000164,0.0064149854,0.0065468591,0.020557,0.11856792781746872,0.19824106478078288,0.1773112454955081,convergence,False
54185K__8743F9,54185K,8743F9,2025-09-08,2025-09-19,11,33.5620192672375,30.9618519827625,0.17091915473514577,0.16145001819396,-0.055401260062741584,0.07747350550546964,0.022072245442728053,0.09954575094819769,0.012359,0.000301,0.0067835702,0.006758355,-0.003717,0.021770875579714355,0.09924438108518399,0.10276864788491057,convergence,False
54185K__8743F9,54185K,8743F9,2025-10-09,2026-01-07,90,32.35014975621,36.093871134315,0.16613642026218248,0.177779179944324,0.07007951455657882,-0.11572500919833757,-0.04564549464175875,-0.16137050384009632,0.012359,0.002466,0.0066148499,0.006378771,-0.035689,-0.048111248066416284,-0.16383625726475387,-0.12423251624488475,force_close,False
54185K__8743F9,54185K,8743F9,2026-01-08,2026-01-28,20,37.87872356242001,37.92103205621,0.19407241623480165,0.18971847173404732,-0.02243463849848005,-0.0011169461325769335,-0.02355158463105698,-0.024668530763633914,0.012359,0.000548,0.0063337239,0.0065184795,0.02917,-0.024099529836536432,-0.025216475969113365,-0.052923961265865516,convergence,False
54185K__8743F9,54185K,8743F9,2026-02-03,2026-03-18,43,40.72312865621,40.227443784315,0.1948157868282144,0.1979850835262982,0.016268171844196787,0.012172072437745098,0.028440244281941883,0.040612316719686986,0.012359,0.001178,0.0063747052,0.0062548866,-0.018796,0.027262162090161062,0.03943423452790616,0.05890186637512965,convergence,False
54185K__8743F9,54185K,8743F9,2026-04-09,2026-04-23,14,44.519005620342504,43.332615509315005,0.23196070058157486,0.21948371832446026,-0.05378920750727237,0.026649070312688896,-0.027140137194583473,-0.0004910668818945765,0.012359,0.000384,0.0062776609,0.0062607603,-0.002692,-0.02752369883841909,-0.000874628525730193,0.0016796187786431,convergence,False
54185K__140271,54185K,140271,2025-10-09,2025-10-10,1,32.375892859398,32.4336127667475,0.0,0.0,0.0,-0.0017828051136741436,-0.0017828051136741436,-0.003565610227348287,0.013599,0.0,0.0,0.0,0.0,-0.0017828051136741436,-0.003565610227348287,-0.003565610227348287,overnight_abort,True
54185K__140271,54185K,140271,2025-10-17,2025-10-22,5,34.901817608796,36.05508907,356.804628435612,363.3341335270983,0.018299945043074372,-0.03304330663035012,-0.014743361587275749,-0.047786668217625866,0.013599,0.000137,0.0066334992,0.0065793798,-0.008158,-0.014880347888645612,-0.04792365451899573,-0.03954751820812881,convergence,False
54185K__140271,54185K,140271,2025-11-04,2025-11-06,2,36.776206162048496,36.663655874999996,365.8174076361921,368.0019319150242,0.0059716247319882175,0.0030604104880357814,0.009032035220024,0.012092445708059781,0.013599,5.5e-05,0.0064884506,0.0065331718,0.006892,0.008977240699476054,0.012037651187511836,0.005151523040083576,convergence,False
54185K__140271,54185K,140271,2026-01-08,2026-01-14,6,37.908866108796005,40.793928945,399.20978795252626,409.40383972728966,0.025535575735872684,-0.0761052263585001,-0.050569650622627416,-0.12667487698112753,0.013599,0.000164,0.0063337239,0.0063111392,-0.003566,-0.05073403418427125,-0.12683926054277136,-0.12316933462554198,convergence,False
54185K__140271,54185K,140271,2026-02-06,2026-02-12,6,41.787953662048494,44.295676214097,437.19365196928555,445.1606569094415,0.018223057229375488,-0.06001065695461419,-0.0417875997252387,-0.10179825667985289,0.013599,0.000164,0.0064149854,0.0065468591,0.020557,-0.04195198328688253,-0.10196264024149672,-0.12247275660892391,convergence,False
54185K__140271,54185K,140271,2026-03-04,2026-03-05,1,42.379335857650496,40.364946213553495,0.0,0.0,0.0,0.04753235517572074,0.04753235517572074,0.09506471035144148,0.013599,0.0,0.0,0.0,0.0,0.04753235517572074,0.09506471035144148,0.09506471035144148,overnight_abort,True
54185K__140271,54185K,140271,2026-04-02,2026-04-07,5,41.006122054398,40.764000427650494,409.6804891905765,405.9536414266735,-0.009096961808618896,0.005904523876369248,-0.0031924379322496484,0.0027120859441195997,0.013599,0.000137,0.006262329,0.0062646829,0.000376,-0.0033294242336195114,0.0025750996427497366,0.0022027764623381387,convergence,False
54185K__140271,54185K,140271,2026-04-09,2026-04-10,1,44.554432267951505,47.4283137488545,0.0,0.0,0.0,-0.06450270679288196,-0.06450270679288196,-0.12900541358576392,0.013599,0.0,0.0,0.0,0.0,-0.06450270679288196,-0.12900541358576392,-0.12900541358576392,overnight_abort,True
54444M__932127,54444M,932127,2025-07-23,2025-10-21,90,7.6752293990106,9.5384378409894,15.423629915714786,19.14605092210876,0.24134532705568124,-0.24275605915036014,-0.0014107320946789015,-0.24416679124503904,0.014502000000000001,0.002466,0.0068022583,0.0065817619,-0.032415,-0.0038764855193364357,-0.24663254466969659,-0.2050460850056664,force_close,False
54444M__932127,54444M,932127,2025-10-28,2025-11-20,23,10.405204561298,9.4288010196702,20.042248961818167,19.468076365174856,-0.028648112182277995,0.0938379957718004,0.06518988358952241,0.1590278793613228,0.014502000000000001,0.00063,0.0065475021,0.0063500127,-0.030163,0.06455974660322104,0.1583977423750214,0.1886073987295652,convergence,False
54444M__932127,54444M,932127,2026-02-17,2026-03-27,38,11.47772912,11.232832536702,23.407305347779946,23.26646500231836,-0.006016939727534469,0.02133667563832514,0.01531973591079067,0.03665641154911581,0.014502000000000001,0.001041,0.0064584877,0.0062373304,-0.034243,0.01427864002037971,0.03561531565870485,0.07085901701138544,convergence,False
54633R__871051,54633R,871051,2025-09-18,2025-09-19,1,100.78190711533101,95.648902812668,0.0,0.0,0.0,0.0509318036300801,0.0509318036300801,0.1018636072601602,0.033186,0.0,0.0,0.0,0.0,0.0509318036300801,0.1018636072601602,0.1018636072601602,overnight_abort,True
54633R__871051,54633R,871051,2025-10-30,2025-10-31,1,96.613356778666,92.76605787999999,0.0,0.0,0.0,0.03982160466155716,0.03982160466155716,0.07964320932311432,0.033186,0.0,0.0,0.0,0.0,0.03982160466155716,0.07964320932311432,0.07964320932311432,overnight_abort,True
54633R__871051,54633R,871051,2026-02-06,2026-02-10,4,90.860161706665,89.972384865336,180.84673253171715,180.46613676982525,-0.002104521085694193,0.009770804108792133,0.00766628302309794,0.017437087131890072,0.033186,0.00011,0.7093206722,0.7076137256,-0.002406,0.007556693982002049,0.01732749809079418,0.01973467906151906,convergence,False
54633R__871051,54633R,871051,2026-04-02,2026-04-16,14,61.155483442001,60.054229577331995,121.63005202667335,120.70415161673257,-0.0076124312578418635,0.0180074427130221,0.010395011455180238,0.02840245416820234,0.033186,0.000384,0.6975931571,0.7161014919,0.026532,0.010011449811344622,0.028018892524366724,0.0023696771807366255,convergence,False
51655V__32146V,51655V,32146V,2025-09-18,2025-09-30,12,21.3400812196895,20.419426195492502,10.034050950560138,10.532977267512269,0.049723319067288496,0.04314205811679624,0.09286537718408475,0.136007435300881,0.033918000000000004,0.000329,0.006758355,0.0067606396,0.000338,0.09253661006079708,0.13567866817759333,0.135323938738275,convergence,False
51655V__32146V,51655V,32146V,2025-10-01,2025-10-08,7,21.575237214803,20.8174596249015,10.979696287492969,10.760378349356904,-0.01997486382076809,0.03512256121946977,0.015147697398701681,0.05027025861817146,0.033918000000000004,0.000192,0.0065830618,0.0065494318,-0.005109,0.014955916576783872,0.05007847779625365,0.055110707512686,convergence,False
51655V__32146V,51655V,32146V,2025-10-16,2025-10-27,11,23.695579379802997,21.792651179409,11.142811165987238,10.808397906451592,-0.030011570200204264,0.08030730837566963,0.050295738175465364,0.130603046551135,0.033918000000000004,0.000301,0.0066385634,0.0065412919,-0.014652,0.049994368312451666,0.1303016766881213,0.144725773791825,convergence,False
51655V__32146V,51655V,32146V,2025-11-04,2025-11-06,2,23.3036687997045,19.1655921345075,9.702277225069286,9.610598742641013,-0.009449171601836863,0.17757189654401,0.16812272494217315,0.3456946214861832,0.033918000000000004,5.5e-05,0.0064884506,0.0065331718,0.006892,0.1680679304216252,0.3456398269656352,0.3388592580378504,convergence,False
51655V__32146V,51655V,32146V,2026-03-12,2026-03-18,6,22.2560630055605,21.3150088749015,9.928592636049682,10.928389697075053,0.1006987694706309,0.04228304576707403,0.14298181523770492,0.18526486100477896,0.033918000000000004,0.000164,0.0062605647,0.0062548866,-0.000907,0.1428174316760611,0.18510047744313513,0.18609967664251503,convergence,False
54339N__297127,54339N,297127,2025-07-25,2025-07-29,4,23.955909279891,23.008872520327,2.334719683010044,2.3413996502657093,0.0028611431617577643,0.039532490647681606,0.04239363380943937,0.08192612445712098,0.029546,0.00011,0.7770913471,0.7764877039,-0.000777,0.04228404476834348,0.0818165354160251,0.0825961618113606,convergence,False
54339N__297127,54339N,297127,2025-08-01,2025-08-07,6,23.1479498500545,22.727202015076998,2.2935391764739523,2.287662947530291,-0.00256207916740064,0.018176462179284977,0.015614383011884336,0.033790845191169316,0.029546,0.000164,0.7763675579,0.7792407764,0.003701,0.0154499994502405,0.033626461629525484,0.029948706083957524,convergence,False
54339N__297127,54339N,297127,2025-08-12,2025-08-15,3,23.592327889945498,22.474234179836497,2.3072412965247855,2.2645753740537935,-0.0184921804820572,0.04739225884468597,0.028900078362628766,0.07629233720731474,0.029546,8.2e-05,0.7810057527,0.7793015634,-0.002182,0.02881788658180685,0.07621014542649282,0.07835652264738682,convergence,False
54339N__297127,54339N,297127,2025-08-18,2025-08-25,7,23.1681527998365,22.558395742717998,2.2518027481474796,2.2757407297204315,0.010630585468751773,0.02631876016990027,0.03694934563865204,0.06326810580855231,0.029546,0.000192,0.7781195279,0.7778164871,-0.000389,0.036757564816734235,0.0630763249866345,0.0634700712059605,convergence,False
54339N__297127,54339N,297127,2025-09-23,2025-09-25,2,23.117652494999998,22.0485186652725,2.2688138143861623,2.22148742982629,-0.02085952767908227,0.046247508476854896,0.025387980797772627,0.07163548927462753,0.029546,5.5e-05,0.7759153998,0.7724094719,-0.004518,0.02533318627722468,0.07158069475407958,0.07602496430904106,convergence,False
54339N__297127,54339N,297127,2025-09-26,2025-09-29,1,22.72377375,21.8703009348365,0.0,0.0,0.0,0.03755858619933229,0.03755858619933229,0.07511717239866458,0.029546,0.0,0.0,0.0,0.0,0.03755858619933229,0.07511717239866458,0.07511717239866458,overnight_abort,True
54339N__297127,54339N,297127,2025-11-05,2025-11-06,1,25.147636890326996,24.790958739673,0.0,0.0,0.0,0.01418336650117586,0.01418336650117586,0.02836673300235172,0.029546,0.0,0.0,0.0,0.0,0.01418336650117586,0.02836673300235172,0.02836673300235172,overnight_abort,True
54339N__297127,54339N,297127,2026-02-05,2026-02-19,14,27.753298300218,27.780927289891,2.7191674436190447,2.8014236921446973,0.03025052713053029,-0.0009955209422003832,0.029255006188329907,0.028259485246129524,0.029546,0.000384,0.7866581519,0.788519161,0.002366,0.02887144454449429,0.027875923602293906,0.02544439663237451,convergence,False
54339N__297127,54339N,297127,2026-03-23,2026-03-24,1,29.893376854499998,28.196748199781997,0.0,0.0,0.0,0.056756005284247416,0.056756005284247416,0.11351201056849483,0.029546,0.0,0.0,0.0,0.0,0.056756005284247416,0.11351201056849483,0.11351201056849483,overnight_abort,True
54187R__937334,54187R,937334,2025-08-07,2025-08-13,6,18.808997142555,18.719588292555,18.645535361416858,18.836199880946523,0.010225746584043217,0.004753514997230544,0.014979261581273762,0.019732776578504307,0.028717,0.000164,0.0067693345,0.006784951,0.002307,0.014814878019629926,0.01956839301686047,0.017243219206241937,convergence,False
54187R__937334,54187R,937334,2026-01-09,2026-01-14,5,14.789293607445,14.193537492554999,14.363236465743492,14.277381262962743,-0.0059774273706009705,0.0402829324174141,0.03430550504681312,0.07458843746422722,0.028717,0.000137,0.0062839727,0.0063111392,0.004323,0.03416851874544326,0.07445145116285735,0.07017264929150337,convergence,False
54187R__937334,54187R,937334,2026-02-13,2026-02-17,1,14.75906925,12.466491792554999,0.0,0.0,0.0,0.15533347114317528,0.15533347114317528,0.31066694228635056,0.028717,0.0,0.0,0.0,0.0,0.15533347114317528,0.31066694228635056,0.31066694228635056,overnight_abort,True
54190J__951868,54190J,951868,2025-11-17,2026-02-27,102,15.5373911,11.9177189625,14.121689605763104,12.159759596168422,-0.13893026007270487,0.23296524585134504,0.09403498577864017,0.3270002316299852,0.034989000000000006,0.002795,0.0063629418,0.0064079972,0.007081,0.09124046523069496,0.32420571108204,0.31815142604578556,force_close,False
53562J__314054,53562J,314054,2025-08-20,2025-08-25,5,113.40900253,109.52687025,111.95996503337585,110.03114930736068,-0.017227727120495112,0.03423125319326441,0.017003526072769296,0.0512347792660337,0.019764999999999998,0.000137,0.6420546159,0.6482563169,0.009659,0.016866539771399434,0.05109779296466384,0.0416958640846878,convergence,False
53562J__314054,53562J,314054,2026-02-02,2026-02-03,1,107.54076356,106.23859047441,0.0,0.0,0.0,0.012108646456313099,0.012108646456313099,0.024217292912626198,0.019764999999999998,0.0,0.0,0.0,0.0,0.012108646456313099,0.024217292912626198,0.024217292912626198,overnight_abort,True
53562J__314054,53562J,314054,2026-02-10,2026-02-12,2,115.25100549999999,124.70664873,121.24832195740234,126.31775486536793,0.0418103345772209,-0.08204391093143225,-0.04023357635421135,-0.1222774872856436,0.019764999999999998,5.5e-05,0.7127075253,0.7090688416,-0.005105,-0.04028837087475929,-0.12233228180619155,-0.11698608964470313,convergence,False
53562J__314054,53562J,314054,2026-02-18,2026-02-26,8,128.11482952,125.41200177441,126.19621233175901,125.52811045742276,-0.005294151559635372,0.021096915600766274,0.0158027640411309,0.03689967964189718,0.019764999999999998,0.000219,0.705865545,0.7104794223,0.006536,0.01558358595893912,0.0366805015597054,0.030220848274548795,convergence,False
53562J__314054,53562J,314054,2026-03-23,2026-03-26,3,125.48771053,117.6234144,120.11239489089415,118.86540056901529,-0.010381895415636198,0.06266985106975798,0.05228795565412178,0.11495780672387976,0.019764999999999998,8.2e-05,0.6995939906,0.6886578534,-0.015632,0.052205763873299865,0.11487561494305784,0.13059111040122484,convergence,False
54238E__904001,54238E,904001,2025-07-14,2025-07-17,3,6.3468504365753,5.56308089171235,11.578439609687766,11.404103506386766,-0.015056960106708308,0.12348952487461866,0.10843256476791036,0.231922089642529,0.042683,8.2e-05,0.0067170445,0.0067287954,0.001749,0.10835037298708844,0.23183989786170708,0.23011983260790508,convergence,False
54238E__904001,54238E,904001,2025-08-29,2025-09-02,1,7.486028654862951,7.052139084075301,0.0,0.0,0.0,0.057959913165145795,0.057959913165145795,0.11591982633029159,0.042683,0.0,0.0,0.0,0.0,0.057959913165145795,0.11591982633029159,0.11591982633029159,overnight_abort,True
54238E__904001,54238E,904001,2025-09-04,2025-09-10,6,7.648769228561751,7.440374810137051,14.24864793823519,15.058446747061586,0.05683337902211492,0.027245483841572944,0.08407886286368786,0.11132434670526081,0.042683,0.000164,0.0067840304,0.0067812701,-0.000407,0.08391447930204403,0.11115996314361698,0.11159014467791614,convergence,False
54238E__904001,54238E,904001,2025-09-17,2025-09-22,5,8.0759601831506,7.332258788287651,14.788467195997542,14.87066713510185,0.005558381272033075,0.09208829389904404,0.09764667517107711,0.18973496907012113,0.042683,0.000137,0.0067567568,0.0067695636,0.001895,0.09750968886970725,0.18959798276875128,0.18769564668946934,convergence,False
54238E__904001,54238E,904001,2025-09-25,2025-09-29,4,8.035275344862951,7.165169685,14.824313508763026,14.588763235594953,-0.015889455726151046,0.10828573042232084,0.09239627469616979,0.20068200511849063,0.042683,0.00011,0.0066887391,0.0067297011,0.006124,0.0922866856550739,0.20057241607739473,0.19458238241682904,convergence,False
54238E__904001,54238E,904001,2025-10-30,2025-11-04,1,7.9170861027247,7.43054683143825,0.0,0.0,0.0,0.061454336225926,0.061454336225926,0.122908672451852,0.042683,0.0,0.0,0.0,0.0,0.061454336225926,0.122908672451852,0.122908672451852,overnight_abort,True
54238E__904001,54238E,904001,2026-01-28,2026-01-30,1,8.38659061546175,7.332258788287651,0.0,0.0,0.0,0.12571638172373703,0.12571638172373703,0.25143276344747406,0.042683,0.0,0.0,0.0,0.0,0.12571638172373703,0.25143276344747406,0.25143276344747406,overnight_abort,True
54238E__904001,54238E,904001,2026-03-31,2026-04-01,1,8.543837094862951,8.3347923268494,0.0,0.0,0.0,0.024467316697698003,0.024467316697698003,0.048934633395396006,0.042683,0.0,0.0,0.0,0.0,0.024467316697698003,0.048934633395396006,0.048934633395396006,overnight_abort,True
54761N__502586,54761N,502586,2025-07-29,2025-08-06,8,30.825662850075005,29.14020649503,1.4977832073750001,1.459574935625625,-0.025509881243987693,0.05467705149577681,0.02916717025178912,0.08384422174756594,0.03428,0.000219,6.10128e-05,6.11247e-05,0.001834,0.02894799216959734,0.08362504366537415,0.08184106036093587,convergence,False
54761N__502586,54761N,502586,2025-08-08,2025-08-12,4,31.158861748500005,29.50155695994,1.5026400374737503,1.4754420759649998,-0.018100117679864268,0.053188874546734294,0.035088756866870026,0.08827763141360431,0.03428,0.00011,6.14628e-05,6.14062e-05,-0.000921,0.034979167825774135,0.08816804237250843,0.08907308996280597,convergence,False
54761N__502586,54761N,502586,2025-08-25,2025-09-02,8,32.32048,31.0598883885,1.5204685368600002,1.568015755215,0.03127142535497126,0.039002874075508905,0.07027429943048016,0.10927717350598906,0.03428,0.000219,6.13704e-05,6.09756e-05,-0.006433,0.07005512134828838,0.10905799542379728,0.11573519021532289,convergence,False
54761N__502586,54761N,502586,2025-09-26,2025-10-01,5,32.9668896,30.877635119955002,1.6266850354125002,1.5576262119275,-0.04245371536690143,0.0633743281636433,0.020920612796741872,0.08429494096038517,0.03428,0.000137,5.9988e-05,6.02228e-05,0.003914,0.02078362649537201,0.08415795465901531,0.08042461998125462,convergence,False
54761N__502586,54761N,502586,2025-10-17,2025-10-20,1,35.138415789910006,31.768615680045,0.0,0.0,0.0,0.09590074094440665,0.09590074094440665,0.1918014818888133,0.03428,0.0,0.0,0.0,0.0,0.09590074094440665,0.1918014818888133,0.1918014818888133,overnight_abort,True
54761N__502586,54761N,502586,2025-10-21,2025-10-30,9,34.178904569955,33.263502929895,1.6329697220156252,1.669212707735625,0.022194524020484527,0.026782650046212685,0.048977174066697216,0.0757598241129099,0.03428,0.000247,6.03318e-05,6.00962e-05,-0.003905,0.04873059872423146,0.07551324877044414,0.0795206407496246,convergence,False
54761N__502586,54761N,502586,2025-12-01,2025-12-02,1,35.310131470105,33.90698625,0.0,0.0,0.0,0.03973775122567742,0.03973775122567742,0.07947550245135485,0.03428,0.0,0.0,0.0,0.0,0.03973775122567742,0.07947550245135485,0.07947550245135485,overnight_abort,True
54761N__502586,54761N,502586,2026-02-12,2026-03-03,19,36.461548570105,34.833617159925005,1.7593269027075,1.7348075158699998,-0.013936799806656925,0.04464789549598959,0.030711095689332665,0.07535899118532226,0.03428,0.000521,5.94177e-05,5.93296e-05,-0.001483,0.030190547744127185,0.07483844324011678,0.07630267303328966,convergence,False
54761N__502586,54761N,502586,2026-03-09,2026-03-10,1,36.744350750075,35.268215625,0.0,0.0,0.0,0.04017311763419806,0.04017311763419806,0.08034623526839613,0.03428,0.0,0.0,0.0,0.0,0.04017311763419806,0.08034623526839613,0.08034623526839613,overnight_abort,True
54339E__898285,54339E,898285,2025-08-22,2025-09-03,12,65.62004574999999,60.180343,6.097776626451716,6.103145507656066,0.000880465378325007,0.08289696673977082,0.08377743211809582,0.16667439885786664,0.031889,0.000329,0.7778164871,0.7764577995,-0.001747,0.08344866499480816,0.16634563173457897,0.1680970261803136,convergence,False
54339E__898285,54339E,898285,2026-04-20,2026-04-21,1,95.921805969378,86.34399869281499,0.0,0.0,0.0,0.09985015586154225,0.09985015586154225,0.1997003117230845,0.031889,0.0,0.0,0.0,0.0,0.09985015586154225,0.1997003117230845,0.1997003117230845,overnight_abort,True
54188U__362347,54188U,362347,2025-07-11,2025-07-15,4,28.373623229466002,23.317649318932002,0.5189107179501949,0.5071052706389775,-0.022750440302816317,0.17819274858359901,0.1554423082807827,0.3336350568643817,0.059625,0.00011,6.15574e-05,6.15006e-05,-0.000923,0.1553327192396868,0.33352546782328585,0.33442802446485986,convergence,False
54188U__362347,54188U,362347,2025-11-06,2025-11-11,5,24.057897900534,20.897706849466,0.430497166160305,0.4185020932915725,-0.027863302738364237,0.13135773807560533,0.10349443533724109,0.23485217341284642,0.059625,0.000137,6.00601e-05,5.99341e-05,-0.002098,0.10335744903587123,0.23471518711147657,0.2367589188744457,convergence,False
54188U__362347,54188U,362347,2026-04-02,2026-04-06,1,21.415410451602003,19.075403469466,0.0,0.0,0.0,0.10926743558916736,0.10926743558916736,0.21853487117833473,0.059625,0.0,0.0,0.0,0.0,0.10926743558916736,0.21853487117833473,0.21853487117833473,overnight_abort,True
54188U__362347,54188U,362347,2026-04-07,2026-04-20,13,21.68067375,20.236384135267,0.3946779618089175,0.3994697300911538,0.01214095730168027,0.0666164544232857,0.07875741172496598,0.14537386614825168,0.059625,0.000356,5.87889e-05,5.82411e-05,-0.009318,0.07840124734140433,0.14501770176469003,0.15453762526218343,convergence,False
54238F__932322,54238F,932322,2025-07-14,2025-07-15,1,6.5319886367908,5.5550715967908,0.0,0.0,0.0,0.14955890071480046,0.14955890071480046,0.2991178014296009,0.032214,0.0,0.0,0.0,0.0,0.14955890071480046,0.2991178014296009,0.2991178014296009,overnight_abort,True
54394H__932153,54394H,932153,2025-07-01,2025-07-11,10,13.637783039999999,12.327381751284001,12.821112062965701,12.729316843187034,-0.00715969249218418,0.09608609294285984,0.08892640045067567,0.1850124933935355,0.040569,0.000274,0.0069596687,0.0067835702,-0.025303,0.08865242784793594,0.18473852079079578,0.2105122186721363,convergence,False
54394H__932153,54394H,932153,2025-10-31,2025-12-01,31,19.67534324,16.392659594148,17.916033070972514,17.61182235270898,-0.016979803344771362,0.16684250972447076,0.1498627063796994,0.3167052161041702,0.040569,0.000849,0.0065072389,0.0064331431,-0.011387,0.14901339131120625,0.315855901035677,0.32717815312227,convergence,False
54394H__932153,54394H,932153,2026-04-08,2026-04-14,6,16.37751624,13.216599576,14.381530384330937,14.400297452284892,0.0013049423428818812,0.19300342113414376,0.19430836347702565,0.3873117846111694,0.040569,0.000164,0.0062906929,0.0062974275,0.001071,0.19414397991538182,0.38714740104952555,0.3860765847098848,convergence,False
69136D__30815F,69136D,30815F,2025-08-19,2025-08-21,1,36.8972671339775,36.593009200000004,0.0,0.0,0.0,0.008246083182060784,0.008246083182060784,0.01649216636412157,0.0086,0.0,0.0,0.0,0.0,0.008246083182060784,0.01649216636412157,0.01649216636412157,overnight_abort,True
69136D__30815F,69136D,30815F,2025-08-26,2025-08-28,1,38.3040670439125,35.98878910737,0.0,0.0,0.0,0.06044470248781195,0.06044470248781195,0.1208894049756239,0.0086,0.0,0.0,0.0,0.0,0.06044470248781195,0.1208894049756239,0.1208894049756239,overnight_abort,True
69136D__30815F,69136D,30815F,2025-08-29,2025-09-04,6,40.17144989487,34.8053118660225,17.917447641209005,17.38205280018953,-0.02988120025466686,0.13358088998258366,0.1036996897279168,0.23728057971050046,0.0086,0.000164,0.6519543178,0.6517630614,-0.000293,0.10353530616627296,0.23711619614885662,0.23740087234516197,convergence,False
69136D__30815F,69136D,30815F,2025-12-30,2026-01-02,3,31.6655590625,31.0701024237175,15.47582898594141,15.602040182690276,0.008155375512582802,0.018804551582595357,0.02695992709517816,0.045764478677773515,0.0086,8.2e-05,0.6673561345,0.6693438188,0.002978,0.026877735314356242,0.0456822868969516,0.04268846734475239,convergence,False
69136D__30815F,69136D,30815F,2026-03-02,2026-03-03,1,23.407988292695002,21.831965548717502,0.0,0.0,0.0,0.06732841473905445,0.06732841473905445,0.1346568294781089,0.0086,0.0,0.0,0.0,0.0,0.06732841473905445,0.1346568294781089,0.1346568294781089,overnight_abort,True
69136D__30815F,69136D,30815F,2026-04-10,2026-04-13,1,22.186820150565,20.4237698788475,0.0,0.0,0.0,0.07946385555717422,0.07946385555717422,0.15892771111434845,0.0086,0.0,0.0,0.0,0.0,0.07946385555717422,0.15892771111434845,0.15892771111434845,overnight_abort,True
69136D__30815F,69136D,30815F,2026-04-17,2026-04-20,1,22.739132583977504,21.212765692305002,0.0,0.0,0.0,0.06712511508675639,0.06712511508675639,0.13425023017351279,0.0086,0.0,0.0,0.0,0.0,0.06712511508675639,0.13425023017351279,0.13425023017351279,overnight_abort,True
54338Q__675705,54338Q,675705,2025-07-11,2025-07-15,4,48.459915308831995,45.723319515167994,46.05088703874944,46.05690324095995,0.00013064248263986824,0.056471328441740944,0.05660197092438081,0.11307329936612176,0.018175,0.00011,0.6544931808,0.6514658405,-0.004625,0.05649238188328492,0.11296371032502588,0.11761128447400786,convergence,False
54338Q__675705,54338Q,675705,2025-08-22,2025-08-25,1,42.285264,40.423562620376,0.0,0.0,0.0,0.044027190645516474,0.044027190645516474,0.08805438129103295,0.018175,0.0,0.0,0.0,0.0,0.044027190645516474,0.08805438129103295,0.08805438129103295,overnight_abort,True
54338Q__675705,54338Q,675705,2025-11-03,2025-11-07,4,37.54326763924799,38.437146620376005,36.67181217533406,38.66679748294189,0.05440105599552782,-0.0238093015695188,0.030591754426009015,0.006782452856490213,0.018175,0.00011,0.648950365,0.6493928599,0.000682,0.030482165384913124,0.006672863815394323,0.00595439720043283,convergence,False
54338Q__675705,54338Q,675705,2025-12-10,2025-12-12,2,38.82189750641599,37.304890493584,38.154696820885064,37.75906340488162,-0.010369193021260763,0.039076065578229,0.028706872556968237,0.06778293813519723,0.018175,5.5e-05,0.6664446073,0.6652476491,-0.001796,0.02865207803642029,0.06772814361464928,0.06950875375432934,convergence,False
54338Q__675705,54338Q,675705,2026-01-07,2026-01-14,7,34.935679379624,34.77220711396,35.011344833741234,34.99350217881826,-0.0005096249517892635,0.004679235342403047,0.004169610390613783,0.00884884573301683,0.018175,0.000192,0.6699493739,0.6682036687,-0.002606,0.003977829568695975,0.008657064911099022,0.011268268091809105,convergence,False
54338Q__675705,54338Q,675705,2026-02-06,2026-02-10,4,40.05018475320799,38.735112,39.855794910140304,39.78250753572987,-0.0018388135169721013,0.03283562263973467,0.030996809122762568,0.06383243176249724,0.018175,0.00011,0.7093206722,0.7076137256,-0.002406,0.030887220081666677,0.06372284272140136,0.06613066464723295,convergence,False
54338Q__675705,54338Q,675705,2026-02-20,2026-03-02,10,38.570199506415996,37.394275240752,37.183862443575116,37.69530624634489,0.013754456077441374,0.03048789689222074,0.04424235296966211,0.07473024986188286,0.018175,0.000274,0.7055667737,0.7095217823,0.005605,0.04396838036692239,0.07445627725914312,0.0688054181987241,convergence,False
54338Q__675705,54338Q,675705,2026-03-09,2026-03-12,3,36.49621,34.553700360751996,35.671900133655534,34.77490422317824,-0.025145728349665372,0.05322496881862532,0.028079240468959946,0.08130420928758526,0.018175,8.2e-05,0.7119463603,0.7077139833,-0.005945,0.02799704868813803,0.08122201750676335,0.08705198680939844,convergence,False
68923D__68039H,68923D,68039H,2025-08-28,2025-09-05,8,9.715049863327899,8.43493873375815,0.9275307683467929,0.8543999941226847,-0.07884458038459964,0.13176578067827285,0.05292120029367321,0.18468698097194608,0.025626000000000003,0.000219,0.128250348,0.1282552727,3.8e-05,0.05270202221148143,0.1844678028897543,0.18443243269405393,convergence,False
68923D__68039H,68923D,68039H,2025-10-02,2025-10-09,7,9.49915977041395,8.38514550958605,0.8996580170026738,0.8484308339408033,-0.05694072869215394,0.11727503145042424,0.0603343027582703,0.17760933420869454,0.025626000000000003,0.000192,0.1285190178,0.1285066212,-9.6e-05,0.06014252193635249,0.17741755338677673,0.1775085271315809,convergence,False
68923D__68039H,68923D,68039H,2025-12-22,2025-12-23,1,8.2048234528442,7.946966391655801,0.0,0.0,0.0,0.0314274966025032,0.0314274966025032,0.0628549932050064,0.025626000000000003,0.0,0.0,0.0,0.0,0.0314274966025032,0.0628549932050064,0.0628549932050064,overnight_abort,True
68923D__68039H,68923D,68039H,2026-02-13,2026-02-20,1,7.68166687375815,7.32256195774185,0.0,0.0,0.0,0.046748306313967154,0.046748306313967154,0.09349661262793431,0.025626000000000003,0.0,0.0,0.0,0.0,0.046748306313967154,0.09349661262793431,0.09349661262793431,overnight_abort,True
68923D__68039H,68923D,68039H,2026-03-09,2026-03-11,2,7.269969779172099,7.106460229241851,0.7322728235612321,0.728408893329211,-0.0052766265628018914,0.022491090733099135,0.017214464170297244,0.039705554903396376,0.025626000000000003,5.5e-05,0.1278126794,0.1277881783,-0.000192,0.0171596696497493,0.039650760382848434,0.03984148081700082,convergence,False
68923D__68039H,68923D,68039H,2026-03-31,2026-04-01,1,7.1193492558279,7.01085792,0.0,0.0,0.0,0.015238939954952848,0.015238939954952848,0.030477879909905695,0.025626000000000003,0.0,0.0,0.0,0.0,0.015238939954952848,0.030477879909905695,0.030477879909905695,overnight_abort,True
54183J__922373,54183J,922373,2025-09-29,2025-10-01,2,56.361201676595996,49.01258430382801,10.616048029970827,10.14319594859087,-0.044541253020428925,0.13038432741258435,0.08584307439215542,0.21622740180473976,0.027101,5.5e-05,0.0067606396,0.0067997139,0.00578,0.08578827987160748,0.21617260728419183,0.21068209955604997,convergence,False
54183J__922373,54183J,922373,2026-03-24,2026-03-27,3,67.328415423828,63.782144,13.299068355410464,12.857445228678253,-0.0332070724753095,0.05267124439962614,0.01946417192431664,0.07213541632394277,0.027101,8.2e-05,0.0062707715,0.0062373304,-0.005333,0.019381980143494723,0.07205322454312085,0.07723663104803277,convergence,False
54187M__905324,54187M,905324,2025-07-11,2025-07-18,7,4.1166530521986004,3.2301837043972004,3.4841221135889127,3.5157362340100233,0.009073769342873492,0.21533739583129533,0.22441116517416881,0.43974856100546417,0.132832,0.000192,0.0067287954,0.006719075,-0.001445,0.224219384352251,0.4395567801835464,0.4410165943197959,convergence,False
54187M__905324,54187M,905324,2025-09-22,2025-09-25,1,5.5383837782979,3.9438293060993,0.0,0.0,0.0,0.2879097108522608,0.2879097108522608,0.5758194217045216,0.132832,0.0,0.0,0.0,0.0,0.2879097108522608,0.5758194217045216,0.5758194217045216,overnight_abort,True
54187M__905324,54187M,905324,2025-11-28,2025-12-04,6,6.153759612198601,3.9532195639007,4.631109505082411,4.204163506886773,-0.09219086651418762,0.3575927866821072,0.2654019201679196,0.6229947068500268,0.132832,0.000164,0.0064331431,0.0064476607,0.002257,0.26523753660627575,0.622830323288383,0.620786293602346,convergence,False
54187M__905324,54187M,905324,2026-02-03,2026-02-09,6,4.50922025,3.7654183517021,3.9096578880427555,4.061634006316008,0.03887197361642667,0.16495133461220937,0.20382330822863604,0.36877464284084543,0.132832,0.000164,0.0063747052,0.0064149854,0.006319,0.2036589246669922,0.3686102592792016,0.3620871001038643,convergence,False
54187M__905324,54187M,905324,2026-03-06,2026-03-26,20,4.8062980778014,3.6198716093972005,3.8146957289837853,3.8794842680318906,0.016983933621716314,0.24684829138747882,0.2638322250091951,0.510680516396674,0.132832,0.000548,0.0063425618,0.0062570388,-0.013484,0.26328427980371566,0.5101325711911946,0.5240329991308663,convergence,False
69239X__53677N,69239X,53677N,2026-01-05,2026-01-23,18,6.0752949978942,6.9896462715768,0.1127040239387475,0.14098538058072,0.25093475506555896,-0.15050318939237184,0.10043156567318712,-0.05007162371918472,0.066558,0.000493,5.97015e-05,5.94707e-05,-0.003866,0.0999384149882556,-0.050564774404116226,-0.04571001833988426,convergence,False
54183F__362404,54183F,362404,2025-11-17,2025-11-21,1,9.4719622951085,8.631727279478,0.0,0.0,0.0,0.08870759716436101,0.08870759716436101,0.17741519432872202,0.043944,0.0,0.0,0.0,0.0,0.08870759716436101,0.17741519432872202,0.17741519432872202,overnight_abort,True
54183F__362404,54183F,362404,2026-01-09,2026-01-15,6,11.113296191305,9.886135733695,20.96837962337921,20.88384357850386,-0.0040315964511198595,0.1104227257589091,0.10639112930778924,0.21681385506669834,0.043944,0.000164,0.0062839727,0.0063033814,0.003089,0.1062267457461454,0.2166494715050545,0.2135827917775738,convergence,False
54183F__362404,54183F,362404,2026-01-23,2026-01-27,1,11.39684427,10.7001423625,0.0,0.0,0.0,0.06113112463367908,0.06113112463367908,0.12226224926735817,0.043944,0.0,0.0,0.0,0.0,0.06113112463367908,0.12226224926735817,0.12226224926735817,overnight_abort,True
54183F__362404,54183F,362404,2026-03-10,2026-04-01,22,14.13680255,11.300197296195,23.915152963877233,23.091842668281213,-0.0344263027227797,0.2006539487109835,0.16622764598820378,0.3668815946991873,0.043944,0.000603,0.0063397466,0.0062970309,-0.006738,0.16562490626217638,0.3662788549731599,0.3728287920841218,convergence,False
54189X__930759,54189X,930759,2025-07-14,2025-07-15,1,12.975776450000001,12.012483964905002,0.0,0.0,0.0,0.07423775284715232,0.07423775284715232,0.14847550569430465,0.014476,0.0,0.0,0.0,0.0,0.07423775284715232,0.14847550569430465,0.14847550569430465,overnight_abort,True
54189X__930759,54189X,930759,2025-09-11,2025-09-12,1,16.935857785665004,16.28659087038,0.0,0.0,0.0,0.03833681904406178,0.03833681904406178,0.07667363808812357,0.014476,0.0,0.0,0.0,0.0,0.03833681904406178,0.07667363808812357,0.07667363808812357,overnight_abort,True
54189X__930759,54189X,930759,2025-10-14,2025-10-16,1,15.508616855095001,15.100669084905,0.0,0.0,0.0,0.026304587572293966,0.026304587572293966,0.05260917514458793,0.014476,0.0,0.0,0.0,0.0,0.026304587572293966,0.05260917514458793,0.05260917514458793,overnight_abort,True
54189X__930759,54189X,930759,2025-11-04,2025-11-07,3,14.423114255095001,13.938620044905,2.8194219298376177,2.808373318820343,-0.003918750471629856,0.033591511626474946,0.02967276115484509,0.06326427278132003,0.014476,8.2e-05,0.0064884506,0.0065178422,0.00453,0.029590569374023174,0.06318208100049812,0.05869034573669589,convergence,False
54189X__930759,54189X,930759,2026-01-30,2026-02-03,4,15.7397877,16.06770978057,2.9480858368017695,3.245037347341122,0.10072688753917028,-0.020833958298560648,0.07989292924060963,0.05905897094204898,0.014476,0.00011,0.0064259093,0.0064205457,-0.000835,0.07978334019951375,0.05894938190095309,0.05986890790541801,convergence,False
54189X__930759,54189X,930759,2026-02-19,2026-02-20,1,20.604447500000003,18.10230443424,0.0,0.0,0.0,0.12143703759880005,0.12143703759880005,0.2428740751976001,0.014476,0.0,0.0,0.0,0.0,0.12143703759880005,0.2428740751976001,0.2428740751976001,overnight_abort,True
69311L__912087,69311L,912087,2025-09-29,2025-10-02,3,14.657171349999997,14.4032863,29.228082904478455,29.124731552687003,-0.0035360291035583754,0.017321558432896227,0.013785529329337852,0.031107087762234076,0.008919,8.2e-05,0.0067606396,0.0067909404,0.004482,0.013703337548515934,0.03102489598141216,0.026578728924881972,convergence,False
69311L__912087,69311L,912087,2025-11-11,2025-11-14,3,14.0456214275425,14.253667674999999,27.91697170337528,28.693796576815615,0.02782625858185095,-0.014812178195941899,0.01301408038590905,-0.0017980978100328483,0.008919,8.2e-05,0.0064603657,0.0064706073,0.001585,0.012931888605087132,-0.0018802895908547662,-0.003507120724601976,convergence,False
69311L__912087,69311L,912087,2025-12-18,2025-12-24,6,14.867705274999999,15.54038785,29.23858819659152,31.107085692078332,0.0639051886816009,-0.045244545984585466,0.018660642697015437,-0.02658390328757003,0.008919,0.000164,0.0063385415,0.0064129285,0.011736,0.0184962591353716,-0.026748286849213865,-0.03908909421521803,convergence,False
69311L__912087,69311L,912087,2026-01-21,2026-01-23,2,16.120885405084998,16.248576690255,31.79494005557029,32.791912378277836,0.03135632024985943,-0.00792086054589311,0.02343545970396632,0.015514599158073211,0.008919,5.5e-05,0.0063127324,0.0064219889,0.017307,0.023380665183418376,0.015459804637525266,-0.002086532417554264,convergence,False
69311L__912087,69311L,912087,2026-03-04,2026-03-05,1,18.266326355085,17.7148402127125,0.0,0.0,0.0,0.030191409682055574,0.030191409682055574,0.06038281936411115,0.008919,0.0,0.0,0.0,0.0,0.030191409682055574,0.06038281936411115,0.06038281936411115,overnight_abort,True
69311L__912087,69311L,912087,2026-03-31,2026-04-10,10,18.567092112712498,18.034033594915,37.147994390889444,35.914571809081544,-0.03320293873282154,0.028709854756013304,-0.004493083976808237,0.024216770779205067,0.008919,0.000274,0.0062970309,0.0062776609,-0.003076,-0.004767056579547963,0.02394279817646534,0.02692589321378181,convergence,False
53401R__14790N,53401R,14790N,2025-11-28,2025-12-04,6,23.608060395920003,21.93515680816,22.503519732160257,22.179860306635767,-0.014382613447883934,0.07086154303676379,0.05647892958887985,0.12734047262564363,0.005831,0.000164,0.0064331431,0.0064476607,0.002257,0.05631454602723602,0.1271760890639998,0.12495686574615225,convergence,False
53401R__14790N,53401R,14790N,2025-12-29,2026-01-06,8,21.94968519796,21.813411675919998,21.27044275789634,22.037635100814647,0.036068470771888274,0.006208449953198807,0.04227692072508708,0.048485370678285886,0.005831,0.000219,0.0063934527,0.0063840654,-0.001468,0.0420577426428953,0.048266192596094104,0.0497896553030515,convergence,False
69368T__68341V,69368T,68341V,2025-07-25,2025-07-28,1,24.1999192487295,23.7510857311885,0.0,0.0,0.0,0.018546901455655254,0.018546901455655254,0.03709380291131051,0.020414,0.0,0.0,0.0,0.0,0.018546901455655254,0.03709380291131051,0.03709380291131051,overnight_abort,True
69368T__68341V,69368T,68341V,2025-08-15,2025-08-18,1,26.4482793511065,25.467666776581996,0.0,0.0,0.0,0.037076611355569264,0.037076611355569264,0.07415322271113853,0.020414,0.0,0.0,0.0,0.0,0.037076611355569264,0.07415322271113853,0.07415322271113853,overnight_abort,True
69368T__68341V,69368T,68341V,2025-08-28,2025-08-29,1,26.508500109918,25.982736632541,0.0,0.0,0.0,0.019833769364427004,0.019833769364427004,0.03966753872885401,0.020414,0.0,0.0,0.0,0.0,0.019833769364427004,0.03966753872885401,0.03966753872885401,overnight_abort,True
69368T__68341V,69368T,68341V,2025-10-14,2025-10-15,1,24.320361770082,23.661424375,0.0,0.0,0.0,0.027094062222898313,0.027094062222898313,0.054188124445796626,0.020414,0.0,0.0,0.0,0.0,0.027094062222898313,0.054188124445796626,0.054188124445796626,overnight_abort,True
69368T__68341V,69368T,68341V,2026-02-06,2026-02-11,5,23.667943617459,23.561791347377,2.3993806803429356,2.3523515733519984,-0.019600519157391687,0.004485065191878118,-0.01511545396551357,-0.01063038877363545,0.020414,0.000137,0.127962323,0.1279140418,-0.000377,-0.015252440266883433,-0.010767375075005314,-0.010397322946651206,convergence,False
69368T__68341V,69368T,68341V,2026-03-23,2026-03-24,1,21.378430605581997,21.240495030164,0.0,0.0,0.0,0.006452090799498759,0.006452090799498759,0.012904181598997517,0.020414,0.0,0.0,0.0,0.0,0.006452090799498759,0.012904181598997517,0.012904181598997517,overnight_abort,True
69368T__68341V,69368T,68341V,2026-03-31,2026-04-10,10,21.5199634911885,21.829978322309,2.194526257145917,2.183413325594815,-0.005063931914651661,-0.014405918079156541,-0.0194698499938082,-0.033875768072964746,0.020414,0.000274,0.1275835624,0.1276959733,0.000881,-0.019743822596547927,-0.03414974067570447,-0.0350255839459788,convergence,False
54189H__140292,54189H,140292,2025-08-18,2025-08-19,1,57.5165687144475,53.169725625,0.0,0.0,0.0,0.07557549392468585,0.07557549392468585,0.1511509878493717,0.009927,0.0,0.0,0.0,0.0,0.07557549392468585,0.1511509878493717,0.1511509878493717,overnight_abort,True
54189H__140292,54189H,140292,2025-08-22,2025-08-25,1,51.908135728015,51.674988343455,0.0,0.0,0.0,0.004491538393550287,0.004491538393550287,0.008983076787100574,0.009927,0.0,0.0,0.0,0.0,0.004491538393550287,0.008983076787100574,0.008983076787100574,overnight_abort,True
54189H__140292,54189H,140292,2025-09-10,2025-09-12,2,56.324787809045,61.057810384045,122.05345328220892,123.02429208245414,0.0079542100132183,-0.08403089934481636,-0.07607668933159806,-0.16010758867641442,0.009927,5.5e-05,0.0067932471,0.0067718562,-0.003149,-0.076131483852146,-0.16016238319696235,-0.15697846329757462,convergence,False
54189H__140292,54189H,140292,2025-09-22,2025-09-24,1,62.183597670477496,63.27446573103,0.0,0.0,0.0,-0.017542697775918593,-0.017542697775918593,-0.035085395551837185,0.009927,0.0,0.0,0.0,0.0,-0.017542697775918593,-0.035085395551837185,-0.035085395551837185,overnight_abort,True
54189H__140292,54189H,140292,2025-10-01,2025-10-03,2,64.4570237015075,66.938931209045,131.4840388279822,135.03067301119793,0.02697387618169926,-0.038504841908787266,-0.011530965727088005,-0.05003580763587527,0.009927,5.5e-05,0.0067909404,0.0067817296,-0.001356,-0.01158576024763595,-0.05009060215642321,-0.04869578821710975,convergence,False
54189H__140292,54189H,140292,2025-10-06,2025-10-07,1,71.6177963174625,68.674317165,0.0,0.0,0.0,0.04109982858750424,0.04109982858750424,0.08219965717500848,0.009927,0.0,0.0,0.0,0.0,0.04109982858750424,0.08219965717500848,0.08219965717500848,overnight_abort,True
54189H__140292,54189H,140292,2025-10-08,2025-10-09,1,69.2342184825375,74.68724299397,0.0,0.0,0.0,-0.07876198548854688,-0.07876198548854688,-0.15752397097709375,0.009927,0.0,0.0,0.0,0.0,-0.07876198548854688,-0.15752397097709375,-0.15752397097709375,overnight_abort,True
54189H__140292,54189H,140292,2025-11-05,2025-11-06,1,76.3749569424625,72.680263084045,0.0,0.0,0.0,0.048375724273087665,0.048375724273087665,0.09675144854617533,0.009927,0.0,0.0,0.0,0.0,0.048375724273087665,0.09675144854617533,0.09675144854617533,overnight_abort,True
54189H__140292,54189H,140292,2025-12-11,2025-12-12,1,59.139021881030004,54.867159879522504,0.0,0.0,0.0,0.07223423495405804,0.07223423495405804,0.14446846990811607,0.009927,0.0,0.0,0.0,0.0,0.07223423495405804,0.14446846990811607,0.14446846990811607,overnight_abort,True
54189H__140292,54189H,140292,2025-12-29,2026-01-08,10,57.4464712015075,13.879045750000001,28.22841327913728,27.3156284006784,-0.03233567786587174,0.758400377608646,0.7260646997427742,1.4844650773514203,0.009927,0.000274,0.0063934527,0.006374502,-0.002964,0.7257907271400345,1.4841911047486807,1.4870678653598572,convergence,False
54199U__316071,54199U,316071,2025-07-11,2025-07-15,1,9.2891919147578,8.51746931118945,0.0,0.0,0.0,0.08307747440789877,0.08307747440789877,0.16615494881579754,0.039832000000000006,0.0,0.0,0.0,0.0,0.08307747440789877,0.16615494881579754,0.16615494881579754,overnight_abort,True
54199U__316071,54199U,316071,2025-07-30,2025-07-31,1,9.5421655397578,8.56687478381055,0.0,0.0,0.0,0.10220853451804669,0.10220853451804669,0.20441706903609339,0.039832000000000006,0.0,0.0,0.0,0.0,0.10220853451804669,0.20441706903609339,0.20441706903609339,overnight_abort,True
54199U__316071,54199U,316071,2025-08-18,2025-08-19,1,9.61299775,8.96705731368945,0.0,0.0,0.0,0.06719448533216914,0.06719448533216914,0.13438897066433828,0.039832000000000006,0.0,0.0,0.0,0.0,0.06719448533216914,0.13438897066433828,0.13438897066433828,overnight_abort,True
54199U__316071,54199U,316071,2025-08-20,2025-08-21,1,9.7141876047578,8.803229322978899,0.0,0.0,0.0,0.09377606433426648,0.09377606433426648,0.18755212866853296,0.039832000000000006,0.0,0.0,0.0,0.0,0.09377606433426648,0.18755212866853296,0.18755212866853296,overnight_abort,True
54199U__316071,54199U,316071,2025-10-27,2025-10-31,4,9.400499904999998,7.8949627473789,1.77615222207224,1.6633609620155754,-0.0635031494795367,0.1601550101415696,0.0966518606620329,0.25680687080360254,0.039832000000000006,0.00011,0.1287084144,0.1286885269,-0.000155,0.09654227162093702,0.25669728176250667,0.25684200780424,convergence,False
54199U__316071,54199U,316071,2026-01-05,2026-01-06,1,8.76300626881055,8.3297297602422,0.0,0.0,0.0,0.04944382045126169,0.04944382045126169,0.09888764090252337,0.039832000000000006,0.0,0.0,0.0,0.0,0.04944382045126169,0.09888764090252337,0.09888764090252337,overnight_abort,True
54199U__316071,54199U,316071,2026-01-22,2026-01-27,5,9.188002059999999,8.6261606197578,1.7467401188044223,1.727203981205069,-0.011184341270368823,0.06114946824927023,0.0499651269789014,0.11111459522817163,0.039832000000000006,0.000137,0.1282635095,0.1282158161,-0.000372,0.04982814067753154,0.11097760892680177,0.11134542611326577,convergence,False
54199U__316071,54199U,316071,2026-02-27,2026-03-02,1,9.693949309999999,8.813901158810548,0.0,0.0,0.0,0.09078324252032331,0.09078324252032331,0.18156648504064662,0.039832000000000006,0.0,0.0,0.0,0.0,0.09078324252032331,0.18156648504064662,0.18156648504064662,overnight_abort,True
54463R__916515,54463R,916515,2025-08-11,2025-08-18,7,22.3739918367825,20.680399312807502,3.947380440140976,4.174912879631704,0.05764137582913145,0.0756946966071007,0.13333607243623213,0.20903076904333284,0.036711,0.000192,0.6529119875,0.6491400161,-0.005777,0.13314429161431432,0.20883898822141503,0.21498464697320815,convergence,False
54463R__916515,54463R,916515,2025-09-03,2025-09-04,1,23.386389336782504,20.640886324385,0.0,0.0,0.0,0.11739747307119915,0.11739747307119915,0.2347949461423983,0.036711,0.0,0.0,0.0,0.0,0.11739747307119915,0.2347949461423983,0.2347949461423983,overnight_abort,True
54463R__916515,54463R,916515,2025-09-12,2025-09-16,4,21.128731775410003,19.75205,3.91783510913349,4.093525319117313,0.04484369686060631,0.06515685797158016,0.11000055483218647,0.17515741280376662,0.036711,0.00011,0.6668888296,0.6685163623,0.00244,0.10989096579109059,0.17504782376267072,0.17250410549498457,convergence,False
54463R__916515,54463R,916515,2025-10-10,2025-10-15,5,28.34713,30.032995975410003,5.033067326287638,6.00801560352963,0.19370857054700058,-0.05947219261385555,0.13423637793314502,0.07476418531928948,0.036711,0.000137,0.6514658405,0.6512959095,-0.000261,0.13409939163177517,0.07462719901791962,0.07493865205814718,convergence,False
54463R__916515,54463R,916515,2026-02-24,2026-02-26,2,21.5235657880125,21.253798361500003,4.414233322541641,4.371664846234434,-0.009643458602386917,0.012533584312630224,0.002890125710243307,0.015423710022873531,0.036711,5.5e-05,0.7123521362,0.7104794223,-0.002629,0.002835331189695362,0.015368915502325586,0.017979342212542288,convergence,False
54233V__28557J,54233V,28557J,2025-08-08,2025-08-12,1,13.794192959084999,12.524373858915,0.0,0.0,0.0,0.09205461341134005,0.09205461341134005,0.1841092268226801,0.024905999999999998,0.0,0.0,0.0,0.0,0.09205461341134005,0.1841092268226801,0.1841092268226801,overnight_abort,True
54233V__28557J,54233V,28557J,2025-08-14,2025-08-20,6,13.844647209085,12.57471135,27.198193344153555,26.375265684888408,-0.03025670304097759,0.09172757094537272,0.06147086790439513,0.15319843884976786,0.024905999999999998,0.000164,0.0067937086,0.0067874834,-0.000916,0.061306484342751294,0.15303405528812403,0.15392346386807412,convergence,False
54233V__28557J,54233V,28557J,2025-08-21,2025-08-22,1,13.81437365,13.12962375,0.0,0.0,0.0,0.04956792956009264,0.04956792956009264,0.09913585912018529,0.024905999999999998,0.0,0.0,0.0,0.0,0.04956792956009264,0.09913585912018529,0.09913585912018529,overnight_abort,True
54233V__28557J,54233V,28557J,2025-09-03,2025-09-05,2,13.511649159085,12.852168540915,26.495643944942167,26.598489144600755,0.003881588983921301,0.04880829944630228,0.05268988843022358,0.10149818787652586,0.024905999999999998,5.5e-05,0.0067346866,0.0067840304,0.007327,0.05263509390967564,0.1014433933559779,0.09414163769897145,convergence,False
54233V__28557J,54233V,28557J,2025-09-26,2025-10-02,6,12.80528865,11.781980340915,24.004663736898564,23.84390537035765,-0.006696963902635558,0.07991294355438051,0.07321597965174495,0.15312892320612548,0.024905999999999998,0.000164,0.0067297011,0.0067909404,0.0091,0.07305159609010112,0.15296453964448165,0.1440071377184572,convergence,False
54233V__28557J,54233V,28557J,2025-11-04,2025-11-05,1,11.998021659085,10.3847892,0.0,0.0,0.0,0.13445820527115374,0.13445820527115374,0.26891641054230747,0.024905999999999998,0.0,0.0,0.0,0.0,0.13445820527115374,0.26891641054230747,0.26891641054230747,overnight_abort,True
54233V__28557J,54233V,28557J,2025-11-19,2025-11-20,1,11.654932759085,10.503699990915,0.0,0.0,0.0,0.09877644015342903,0.09877644015342903,0.19755288030685805,0.024905999999999998,0.0,0.0,0.0,0.0,0.09877644015342903,0.19755288030685805,0.19755288030685805,overnight_abort,True
54233V__28557J,54233V,28557J,2025-12-26,2026-01-08,13,12.462200759085,11.593705499999999,23.5195936837451,24.217760565730366,0.029684478880593248,0.06969036014380244,0.09937483902439569,0.16906519916819812,0.024905999999999998,0.000356,0.0063940659,0.006374502,-0.00306,0.09901867464083404,0.16870903478463647,0.17186922583585448,convergence,False
54235U__906764,54235U,906764,2026-04-08,2026-04-22,1,76.11664853980598,66.721507728301,0.0,0.0,0.0,0.12343082612986682,0.12343082612986682,0.24686165225973364,0.033498,0.0,0.0,0.0,0.0,0.12343082612986682,0.24686165225973364,0.24686165225973364,overnight_abort,True
54350L__904660,54350L,904660,2025-11-06,2025-11-17,1,15.5588454386055,15.022788235,0.0,0.0,0.0,0.034453533568461585,0.034453533568461585,0.06890706713692317,0.036143999999999996,0.0,0.0,0.0,0.0,0.034453533568461585,0.06890706713692317,0.06890706713692317,overnight_abort,True
54350L__904660,54350L,904660,2026-01-21,2026-01-28,1,19.258504499999997,16.9940986296445,0.0,0.0,0.0,0.11757952806540593,0.11757952806540593,0.23515905613081187,0.036143999999999996,0.0,0.0,0.0,0.0,0.11757952806540593,0.23515905613081187,0.23515905613081187,overnight_abort,True
54350L__904660,54350L,904660,2026-02-25,2026-03-06,9,18.75170175,14.371767864999999,16.69769948177856,16.16061406575485,-0.03216523429528767,0.23357527457474628,0.2014100402794586,0.4349853148542049,0.036143999999999996,0.000247,0.7008199594,0.7030368732,0.003163,0.20116346493699286,0.43473873951173914,0.4316868281113535,convergence,False
54468C__906299,54468C,906299,2025-08-07,2025-08-25,18,8.1791907662101,8.13418422496515,8.379622472700651,8.300686501927137,-0.009419991298017788,0.005502566516834556,-0.003917424781183233,0.0015851417356513228,0.036077,0.000493,0.6453902998,0.6482563169,0.004441,-0.00441057546611474,0.001091991050719816,-0.0032874791832678604,convergence,False
54468C__906299,54468C,906299,2025-10-03,2025-10-30,27,8.4810061174202,8.18517383431515,8.134384411911043,8.160304810960314,0.0031865225119329646,0.03488174386496483,0.038068266376897794,0.07295001024186262,0.036077,0.00074,0.6556300096,0.6555013376,-0.000196,0.03732854034950053,0.07221028421446536,0.07240720527140364,convergence,False
54468C__906299,54468C,906299,2026-03-25,2026-03-27,2,9.044393793789899,8.5405108799601,8.613850659107472,8.461202875735625,-0.01772120151751784,0.055712182078557514,0.037990980561039674,0.09370316263959719,0.036077,5.5e-05,0.6886578534,0.6873086533,-0.001959,0.03793618604049173,0.09364836811904924,0.09557660028487057,convergence,False
54468C__906299,54468C,906299,2026-04-07,2026-04-09,2,9.45687439818485,8.7119677650798,8.5977970078157,8.639770205038989,0.004881854873420917,0.07876879841483639,0.0836506532882573,0.1624194517030937,0.036077,5.5e-05,0.7044732076,0.7080647585,0.005098,0.08359585876770935,0.16236465718254575,0.15726754666131323,convergence,False
54468C__906299,54468C,906299,2026-04-22,2026-04-28,6,9.476995810605048,8.234871508105051,8.981503631026063,8.273048416769383,-0.07887935510145147,0.131067305222402,0.05218795012095054,0.18325525534335255,0.036077,0.000164,0.7128601467,0.7181328546,0.007397,0.052023566559306705,0.18309087178170871,0.17632777764098045,convergence,False
75986N__75858Q,75986N,75858Q,2025-08-26,2025-09-15,20,5.235705746866601,5.02095888,5.004599569482434,5.013765568800425,0.0018315150274726929,0.04101583955422239,0.04284735458169508,0.08386319413591747,0.015995000000000002,0.000548,0.6505967957,0.6668888296,0.025042,0.042299409376215624,0.08331524893043803,0.0588405954642736,convergence,False
75986N__75858Q,75986N,75858Q,2025-11-21,2025-12-17,26,3.7541295192444,3.1779477815112003,3.667878083459933,3.275203859928393,-0.10705759967930238,0.1534794510364067,0.04642185135710432,0.199901302393511,0.015995000000000002,0.000712,0.6464542823,0.6604583145,0.021663,0.04570952258998103,0.1991889736263877,0.18025546358903874,convergence,False
75986N__75858Q,75986N,75858Q,2026-04-01,2026-04-08,7,2.6399363407556002,2.7396105,2.5887130400405627,2.798987584472985,0.08122744436329163,-0.037756273780401486,0.04347117058289014,0.005714896802488656,0.015995000000000002,0.000192,0.6911088842,0.7044732076,0.019338,0.043279389760972335,0.005523115980570848,-0.014988484857528123,convergence,False
70162L__952259,70162L,952259,2025-07-14,2025-07-16,1,11.713866609816002,11.055404359999999,0.0,0.0,0.0,0.056212203173307745,0.056212203173307745,0.11242440634661549,0.023707,0.0,0.0,0.0,0.0,0.056212203173307745,0.11242440634661549,0.11242440634661549,overnight_abort,True
70162L__952259,70162L,952259,2025-07-17,2025-07-18,1,11.94612328,11.198982030183998,0.0,0.0,0.0,0.06254256986171013,0.06254256986171013,0.12508513972342025,0.023707,0.0,0.0,0.0,0.0,0.06254256986171013,0.12508513972342025,0.12508513972342025,overnight_abort,True
70162L__952259,70162L,952259,2025-09-10,2025-09-12,2,11.703768449816002,10.773202910183999,11.27253829264011,10.944675810376353,-0.02908506263206223,0.0795099068835929,0.05042484425153067,0.12993475113512357,0.023707,5.5e-05,0.0067932471,0.0067718562,-0.003149,0.050370049730982726,0.12987995661457563,0.13294687707483938,convergence,False
70162L__952259,70162L,952259,2025-09-24,2025-09-25,1,11.52200056,10.644478,0.0,0.0,0.0,0.07616060730342482,0.07616060730342482,0.15232121460684964,0.023707,0.0,0.0,0.0,0.0,0.07616060730342482,0.15232121460684964,0.15232121460684964,overnight_abort,True
70162L__952259,70162L,952259,2025-10-02,2025-10-03,1,11.915829809816001,10.991043390184,0.0,0.0,0.0,0.07760990500805763,0.07760990500805763,0.15521981001611526,0.023707,0.0,0.0,0.0,0.0,0.07760990500805763,0.15521981001611526,0.15521981001611526,overnight_abort,True
70162L__952259,70162L,952259,2025-11-17,2025-11-18,1,10.784835889816001,10.080074110184,0.0,0.0,0.0,0.0653474736966095,0.0653474736966095,0.130694947393219,0.023707,0.0,0.0,0.0,0.0,0.0653474736966095,0.130694947393219,0.130694947393219,overnight_abort,True
70162L__952259,70162L,952259,2026-01-09,2026-01-13,1,11.13827048,10.664282670184,0.0,0.0,0.0,0.04255488414176116,0.04255488414176116,0.08510976828352232,0.023707,0.0,0.0,0.0,0.0,0.04255488414176116,0.08510976828352232,0.08510976828352232,overnight_abort,True
70162L__952259,70162L,952259,2026-01-22,2026-01-27,5,11.55229504,11.228687550184,11.332164789897783,11.474977972825938,0.012602462598802615,0.028012398289301323,0.04061486088810394,0.06862725917740527,0.023707,0.000137,0.0064219889,0.0065705177,0.023128,0.040477874586734075,0.0684902728760354,0.045600047856651435,convergence,False
70162L__952259,70162L,952259,2026-01-28,2026-01-29,1,11.814847199999999,11.139569999999999,0.0,0.0,0.0,0.05715496684544512,0.05715496684544512,0.11430993369089024,0.023707,0.0,0.0,0.0,0.0,0.05715496684544512,0.11430993369089024,0.11430993369089024,overnight_abort,True
70162L__952259,70162L,952259,2026-02-20,2026-02-27,7,11.592687680000001,10.991043390184,11.081613078713202,11.181554173625194,0.009018641438038504,0.0518986025004342,0.060917243938472705,0.11281584643890691,0.023707,0.000192,0.0064147797,0.0064079972,-0.001057,0.0607254631165549,0.1126240656169891,0.11369205436947365,convergence,False
70162L__952259,70162L,952259,2026-04-06,2026-04-09,3,12.339952529816001,11.82774788,11.870652638953946,11.909130038271226,0.003241388699304967,0.04150782983795141,0.04474921853725638,0.0862570483752078,0.023707,8.2e-05,0.0062646829,0.0062906929,0.004152,0.04466702675643446,0.08617485659438588,0.08202677482742035,convergence,False
86981X__725535,86981X,725535,2025-10-01,2025-10-02,1,28.5181758865455,27.7298800657275,0.0,0.0,0.0,0.027641873868584545,0.027641873868584545,0.05528374773716909,0.008682,0.0,0.0,0.0,0.0,0.027641873868584545,0.05528374773716909,0.05528374773716909,overnight_abort,True
86981X__725535,86981X,725535,2026-01-09,2026-01-14,5,29.2306346022725,28.7603041265455,57.83235194733767,57.74617538715847,-0.001490109900037784,0.016090327224385147,0.014600217324347364,0.03069054454873251,0.008682,0.000137,0.0062839727,0.0063111392,0.004323,0.0144632310229775,0.03055355824736265,0.02625544057481923,convergence,False
86981X__725535,86981X,725535,2026-02-06,2026-02-10,4,30.2140159984545,31.789795470727,61.70908132687829,63.790275956637714,0.03372590524780554,-0.0521539232769687,-0.018428018029163162,-0.07058194130613187,0.008682,0.00011,0.0064149854,0.0064773132,0.009716,-0.018537607070259053,-0.07069153034722775,-0.08063853452746479,convergence,False
86981X__725535,86981X,725535,2026-02-25,2026-02-26,1,33.696004116908995,33.135137875,0.0,0.0,0.0,0.016644888811238847,0.016644888811238847,0.033289777622477694,0.008682,0.0,0.0,0.0,0.0,0.016644888811238847,0.033289777622477694,0.033289777622477694,overnight_abort,True
86981X__725535,86981X,725535,2026-03-04,2026-03-05,1,32.913311613817996,31.8097313634545,0.0,0.0,0.0,0.03352990617632594,0.03352990617632594,0.06705981235265188,0.008682,0.0,0.0,0.0,0.0,0.03352990617632594,0.06705981235265188,0.06705981235265188,overnight_abort,True
86981X__725535,86981X,725535,2026-03-23,2026-03-26,3,33.7863120115455,34.4705058553635,66.91707463830447,69.32904556030114,0.03604417758895898,-0.020250622310721493,0.01579355527823749,-0.004457067032484004,0.008682,8.2e-05,0.0063013954,0.0062570388,-0.007039,0.015711363497415573,-0.004539258813305922,0.0028053331952399966,convergence,False
86981X__725535,86981X,725535,2026-03-31,2026-04-16,16,35.492181651181994,33.3344439853635,72.48005200576777,67.18918216487398,-0.07299759995305684,0.06079473183769856,-0.012202868115358277,0.048591863722340284,0.008682,0.000438,0.0062970309,0.0062819989,-0.002387,-0.012641224279741839,0.04815350755795672,0.05037170280111514,convergence,False
74116U__30185X,74116U,30185X,2025-09-23,2025-09-24,1,22.706925182015503,22.443974851866002,0.0,0.0,0.0,0.011580182170933668,0.011580182170933668,0.023160364341867336,0.0312,0.0,0.0,0.0,0.0,0.011580182170933668,0.023160364341867336,0.023160364341867336,overnight_abort,True
74116U__30185X,74116U,30185X,2025-12-22,2025-12-23,1,22.568117354366002,20.7657313856655,0.0,0.0,0.0,0.07986425896317907,0.07986425896317907,0.15972851792635814,0.0312,0.0,0.0,0.0,0.0,0.07986425896317907,0.15972851792635814,0.15972851792635814,overnight_abort,True
74116U__30185X,74116U,30185X,2026-03-23,2026-04-22,30,27.479503889067004,23.186824726866,1.2563479832285551,1.2219324030103413,-0.027393350152696422,0.1562138523144477,0.12882050216175128,0.28503435447619896,0.0312,0.000822,0.1275559046,0.1276625623,0.000836,0.1279985843535321,0.2842124366679798,0.2833998571113071,convergence,False
54310V__981800,54310V,981800,2025-11-17,2026-01-23,67,9.09745562335245,9.09268390414755,4.184490895650985,4.64097789241445,0.10909021148496235,0.0005245114021387817,0.10961472288710114,0.11013923428923991,0.047735,0.001836,0.6439978563,0.6896076133,0.070823,0.10777910644874497,0.10830361785088374,0.034949823517262356,convergence,False
87134H__77954L,87134H,77954L,2025-11-17,2025-11-21,1,17.770055047794003,12.7220727,0.0,0.0,0.0,0.2840724091296873,0.2840724091296873,0.5681448182593746,0.078754,0.0,0.0,0.0,0.0,0.2840724091296873,0.5681448182593746,0.5681448182593746,overnight_abort,True
86615F__410120,86615F,410120,2025-07-17,2025-07-18,1,18.567626963922997,18.4752276558975,0.0,0.0,0.0,0.004976366027012022,0.004976366027012022,0.009952732054024045,0.050615,0.0,0.0,0.0,0.0,0.004976366027012022,0.009952732054024045,0.009952732054024045,overnight_abort,True
86615F__410120,86615F,410120,2025-08-26,2025-08-27,1,23.501399333922997,23.783409166077,0.0,0.0,0.0,-0.011999703853673814,-0.011999703853673814,-0.02399940770734763,0.050615,0.0,0.0,0.0,0.0,-0.011999703853673814,-0.02399940770734763,-0.02399940770734763,overnight_abort,True
86615F__410120,86615F,410120,2025-10-13,2025-10-15,2,28.9529244158975,27.5257300205385,28.506998042763772,27.80589630421575,-0.024594022053682718,0.04929361797302084,0.024699595919338124,0.07399321389235897,0.050615,5.5e-05,0.6486135885,0.6512959095,0.004135,0.02464480139879018,0.07393841937181102,0.06992127155926062,convergence,False
86615F__410120,86615F,410120,2025-11-19,2025-11-20,1,32.51619836982049,31.100633359641,0.0,0.0,0.0,0.043534148552043864,0.043534148552043864,0.08706829710408773,0.050615,0.0,0.0,0.0,0.0,0.043534148552043864,0.08706829710408773,0.08706829710408773,overnight_abort,True
86615F__410120,86615F,410120,2025-12-01,2025-12-08,7,31.978154249999996,33.3607944375,31.28283507604303,33.748685916208295,0.0788244043153768,-0.04323702289665458,0.03558738141872222,-0.007649641477932359,0.050615,0.000192,0.6564049136,0.6624050616,0.009141,0.03539560059680441,-0.007841422299850168,-0.017613548853757717,convergence,False
86615F__410120,86615F,410120,2026-02-02,2026-02-04,2,40.3862718649025,38.033763770718,39.41202074356296,38.548894935098204,-0.02190006480714973,0.05825019209631322,0.036350127289163495,0.09460031938547671,0.050615,5.5e-05,0.7022472896,0.699790063,-0.003499,0.03629533276861555,0.09454552486492876,0.09798000229650407,convergence,False
86615F__410120,86615F,410120,2026-02-06,2026-02-10,4,37.59209586982049,36.162610729641,37.365714344105335,36.52830756631639,-0.022411100456347845,0.03802621554088714,0.015615115084539298,0.05364133062542644,0.050615,0.00011,0.7093206722,0.7076137256,-0.002406,0.015505526043443407,0.05353174158433055,0.05588993785427835,convergence,False
86615F__410120,86615F,410120,2026-03-09,2026-03-11,2,40.6173267191025,41.638209755179496,41.31556479451159,42.7113256129625,0.03378292963905759,-0.02513417594262474,0.008648753696432847,-0.016485422246191893,0.050615,5.5e-05,0.7119463603,0.7152052128,0.004577,0.008593959175884902,-0.016540216766739838,-0.02125067751900738,convergence,False
86615F__410120,86615F,410120,2026-03-23,2026-03-26,3,37.15557680625649,36.664863275718,37.4045398521963,37.73797857362306,0.008914391748818177,0.013206995361618588,0.022121387110436763,0.03532838247205535,0.050615,8.2e-05,0.6995939906,0.6886578534,-0.015632,0.022039195329614847,0.035246190691233435,0.051268118208280096,convergence,False
54184M__916983,54184M,916983,2025-09-05,2025-09-09,4,3.7442325770652,3.8002770415489,7.999255211738549,7.926072965485059,-0.009148632505948665,-0.014968211330405292,-0.024116843836353957,-0.03908505516675925,0.017282,0.00011,0.0067785121,0.0067835702,0.000746,-0.024226432877449848,-0.039194644207855144,-0.039933462433974644,convergence,False
54184M__916983,54184M,916983,2025-09-29,2025-09-30,1,3.6990002420652,3.56151646,0.0,0.0,0.0,0.03716782186216922,0.03716782186216922,0.07433564372433844,0.017282,0.0,0.0,0.0,0.0,0.03716782186216922,0.07433564372433844,0.07433564372433844,overnight_abort,True
54184M__916983,54184M,916983,2025-10-03,2025-10-09,6,3.5884316084511,3.5167486955163,7.241352952758744,7.151495092597253,-0.012408987760672204,0.0199761123399928,0.007567124579320595,0.027543236919313395,0.017282,0.000164,0.0066509261,0.0065329584,-0.017737,0.007402741017676759,0.02737885335766956,0.04521209721462499,convergence,False
54184M__916983,54184M,916983,2025-11-19,2025-11-20,1,3.4477094920652,3.3824455015489,0.0,0.0,0.0,0.018929666396343154,0.018929666396343154,0.03785933279268631,0.017282,0.0,0.0,0.0,0.0,0.018929666396343154,0.03785933279268631,0.03785933279268631,overnight_abort,True
54184M__916983,54184M,916983,2025-12-18,2025-12-22,4,3.84977429,3.9495031884511,7.693129912804102,8.006944139171866,0.040791489279995784,-0.02590512870070105,0.014886360579294735,-0.011018768121406314,0.017282,0.00011,0.0063385415,0.0063667904,0.004457,0.014776771538198844,-0.011128357162502205,-0.015746259253565383,convergence,False
54184M__916983,54184M,916983,2026-02-06,2026-02-10,4,4.070910351032601,4.3026699255163,7.802003623696095,8.762370779617218,0.1230923750156068,-0.05693065051774291,0.0661617244978639,0.009231073980120977,0.017282,0.00011,0.0064149854,0.0064773132,0.009716,0.06605213545676801,0.009121484939025086,-0.001685446078529738,convergence,False
54184M__916983,54184M,916983,2026-03-04,2026-03-05,1,3.8498749068163,3.7007939384511,0.0,0.0,0.0,0.03872358764209417,0.03872358764209417,0.07744717528418835,0.017282,0.0,0.0,0.0,0.0,0.03872358764209417,0.07744717528418835,0.07744717528418835,overnight_abort,True
54184M__916983,54184M,916983,2026-03-31,2026-04-16,16,3.3471927900000003,3.3923940705163,6.837084395294757,6.951896694740552,0.016792581867909682,-0.013504235743857337,0.003288346124052346,-0.010215889619804991,0.017282,0.000438,0.0062970309,0.0062819989,-0.002387,0.0028499899596687844,-0.010654245784188552,-0.008221194404533222,convergence,False
51133P__41345T,51133P,41345T,2025-07-29,2025-09-10,1,4.0571606003536,3.6774867878232,0.0,0.0,0.0,0.09358116425002005,0.09358116425002005,0.1871623285000401,0.030441,0.0,0.0,0.0,0.0,0.09358116425002005,0.1871623285000401,0.1871623285000401,overnight_abort,True
87734F__932076,87734F,932076,2025-08-22,2025-08-25,1,41.9838716225775,41.506450454845,0.0,0.0,0.0,0.011371537432859347,0.011371537432859347,0.022743074865718693,0.002852,0.0,0.0,0.0,0.0,0.011371537432859347,0.022743074865718693,0.022743074865718693,overnight_abort,True
87734F__932076,87734F,932076,2025-09-19,2025-09-25,6,42.280620053595,42.1359467258075,21.730191844877815,21.19586770788965,-0.024589020695374768,0.0034217409206419628,-0.021167279774732806,-0.01774553885409084,0.002852,0.000164,0.0067695636,0.0066757902,-0.013852,-0.021331663336376643,-0.017909922415734678,-0.004208532589744551,convergence,False
87734F__932076,87734F,932076,2025-10-03,2025-10-07,4,48.4590981491925,47.670474982500004,25.222600454634904,23.894892320236977,-0.05263962123120209,0.01627399594322902,-0.036365625287973075,-0.020091629344744052,0.002852,0.00011,0.0066509261,0.0065830618,-0.010204,-0.036475214329068965,-0.020201218385839943,-0.010434949906804936,convergence,False
87734F__932076,87734F,932076,2026-02-02,2026-02-03,1,62.9307806040375,65.527046148385,0.0,0.0,0.0,-0.04125589289418293,-0.04125589289418293,-0.08251178578836586,0.002852,0.0,0.0,0.0,0.0,-0.04125589289418293,-0.08251178578836586,-0.08251178578836586,overnight_abort,True
87734F__932076,87734F,932076,2026-02-06,2026-02-12,6,69.616167698385,69.4039180443475,33.68024675026157,35.03674684124781,0.04027583589409748,0.003048855762314771,0.04332469165641225,0.04637354741872702,0.002852,0.000164,0.0064149854,0.0065468591,0.020557,0.04316030809476842,0.04620916385708319,0.025254837300712426,convergence,False
87734F__932076,87734F,932076,2026-03-04,2026-03-05,1,61.3294825991925,58.702559375,0.0,0.0,0.0,0.04283295917169681,0.04283295917169681,0.08566591834339363,0.002852,0.0,0.0,0.0,0.0,0.04283295917169681,0.08566591834339363,0.08566591834339363,overnight_abort,True
87734F__932076,87734F,932076,2026-03-23,2026-03-25,2,55.74497474757751,56.55928746573,27.661319570871846,28.263687555500898,0.02177654551460234,-0.014607822890580473,0.007168722624021868,-0.007439100266558606,0.002852,5.5e-05,0.0063013954,0.0062707715,-0.00486,0.007113928103473922,-0.007493894787106551,-0.002503953317833693,convergence,False
87734F__932076,87734F,932076,2026-04-10,2026-04-16,6,65.51286595565252,65.7168957209625,32.87598360177869,33.198664101701695,0.00981508276167727,-0.0031143465078767303,0.006700736253800538,0.0035863897459238086,0.002852,0.000164,0.0062713614,0.0062819989,0.001696,0.006536352692156703,0.003422006184279973,0.0017120555596663101,convergence,False
87137P__317614,87137P,317614,2025-07-01,2025-09-16,77,18.302204564124004,15.1327484,3.854597494699999,3.856811770431906,0.0005744505710263164,0.17317346405016007,0.17374791462118638,0.3469213786713465,0.040859000000000006,0.00211,0.0175469362,0.0175850454,0.002172,0.17163832558009048,0.3448117896302506,0.34264340786129005,convergence,False
87137P__317614,87137P,317614,2025-11-07,2025-11-18,11,14.090353917354001,12.533650712646,3.233146084417548,3.2222518882576905,-0.0033695341550953276,0.11048006415159872,0.10711052999650339,0.2175905941481021,0.040859000000000006,0.000301,0.0169733177,0.0169936514,0.001198,0.10680916013348969,0.2172892242850884,0.21609670924365645,convergence,False
87137P__317614,87137P,317614,2025-11-26,2026-01-06,41,14.268389850000002,13.69808524,3.233354638529115,3.5348652674915586,0.09325009554151584,0.03996979448946039,0.13321989003097623,0.17318968452043662,0.040859000000000006,0.001123,0.0170552431,0.0168846204,-0.010004,0.13209660235974335,0.17206639684920375,0.18311392286148823,convergence,False
89661R__41345R,89661R,41345R,2025-08-15,2025-08-21,6,19.346166462528,17.917673354176,19.053622467030177,17.884133613809567,-0.06137881944728667,0.07383856182147917,0.012459742374192506,0.08629830419567168,0.016277,0.000164,0.0067622392,0.0067396799,-0.003336,0.01229535881254867,0.08613392063402785,0.08927570735277733,convergence,False
89661R__41345R,89661R,41345R,2025-09-12,2025-09-19,7,16.146890220384,15.585482528,16.080741925405423,15.607519850300989,-0.029427875734813383,0.034768781153616486,0.005340905418803103,0.04010968657241959,0.016277,0.000192,0.0068261715,0.006758355,-0.009935,0.005149124596885295,0.03991790575050178,0.04965708110681712,convergence,False
89661R__41345R,89661R,41345R,2025-10-30,2025-11-04,5,13.439020800000002,13.520514277088,14.049867973223433,13.609963585406938,-0.03131021506073051,-0.006063944561198803,-0.03737415962192932,-0.043438104183128115,0.016277,0.000137,0.0064932953,0.0065072389,0.002147,-0.03751114592329918,-0.04357509048449798,-0.04565078235517432,convergence,False
89661R__41345R,89661R,41345R,2025-11-10,2025-11-12,2,15.555166122912,14.99121808,14.727411065100213,14.961126193701315,0.015869396703059372,0.036254710393695704,0.05212410709675508,0.08837881749045078,0.016277,5.5e-05,0.0064869774,0.0064603657,-0.004102,0.05206931257620714,0.08832402296990283,0.09250861760117006,convergence,False
89661R__41345R,89661R,41345R,2025-12-10,2025-12-17,7,14.331612479999999,15.11585408,14.633575625686237,15.16904193674123,0.036591624955632285,-0.054721100022375256,-0.01812947506674297,-0.07285057508911823,0.016277,0.000192,0.0064271483,0.0064232264,-0.00061,-0.01832125588866078,-0.07304235591103604,-0.0724094327598431,convergence,False
89661R__41345R,89661R,41345R,2026-01-09,2026-01-15,6,15.424787562912,14.19853312,14.718181008127564,14.205674518549275,-0.0348213199236561,0.07949895179499629,0.04467763187134019,0.12417658366633648,0.016277,0.000164,0.0062839727,0.0063033814,0.003089,0.04451324830969636,0.12401220010469265,0.12104032481121946,convergence,False
89661R__41345R,89661R,41345R,2026-02-03,2026-02-04,1,14.53219488,13.460688,0.0,0.0,0.0,0.07373331343599496,0.07373331343599496,0.14746662687198991,0.016277,0.0,0.0,0.0,0.0,0.07373331343599496,0.14746662687198991,0.14746662687198991,overnight_abort,True
93324N__2557WX,93324N,2557WX,2025-09-03,2025-09-04,1,29.1881163693,28.43433559386,0.0,0.0,0.0,0.025824920179941032,0.025824920179941032,0.051649840359882064,0.01291,0.0,0.0,0.0,0.0,0.025824920179941032,0.051649840359882064,0.051649840359882064,overnight_abort,True
93324N__2557WX,93324N,2557WX,2025-11-21,2025-12-15,24,23.62416317544,23.15694197544,5.838647154044738,6.047875639891929,0.03583509678303608,0.019777259263334686,0.05561235604637076,0.07538961530970545,0.01291,0.000658,0.1285074568,0.1285000226,-5.8e-05,0.05495482179979542,0.0747320810631301,0.07479200794190165,convergence,False
93324N__2557WX,93324N,2557WX,2025-12-30,2026-01-15,16,23.38269963684,23.09731236316,5.526708510865958,5.892454437134179,0.06617789332459555,0.01220506092591494,0.07838295425051049,0.09058801517642542,0.01291,0.000438,0.1284876313,0.1282486999,-0.00186,0.07794459808612693,0.09014965901204186,0.09213598228003363,convergence,False
93324N__2557WX,93324N,2557WX,2026-02-11,2026-02-23,12,21.903672830700003,20.692173150880002,5.2754253647403875,5.313311396564531,0.007181607018339092,0.055310344031525766,0.06249195104986486,0.11780229508139062,0.01291,0.000329,0.1279418698,0.1278870518,-0.000428,0.06216318392657719,0.11747352795810295,0.11790525017357692,convergence,False
93642Z__280340,93642Z,280340,2025-07-25,2025-07-31,6,5.540810901885,5.050885801131,5.308795423876006,5.110339560172237,-0.03738246586244876,0.08842119130745398,0.05103872544500521,0.1394599167524592,0.011661,0.000164,0.0067317397,0.0066332787,-0.014626,0.05087434188336138,0.13929553319081536,0.1535841360545422,convergence,False
93642Z__280340,93642Z,280340,2025-08-25,2025-08-28,3,6.179208320754,6.0371542981149995,6.30991158408375,6.080142908178131,-0.03641392955254583,0.02298903277979582,-0.013424896772750012,0.00956413600704581,0.011661,8.2e-05,0.0067840304,0.006805962,0.003233,-0.01350708855357193,0.009481944226223891,0.0063768748381454795,convergence,False
93642Z__280340,93642Z,280340,2025-09-04,2025-09-05,1,6.163148201508,6.0371542981149995,0.0,0.0,0.0,0.020443107852277907,0.020443107852277907,0.04088621570455581,0.011661,0.0,0.0,0.0,0.0,0.020443107852277907,0.04088621570455581,0.04088621570455581,overnight_abort,True
93642Z__280340,93642Z,280340,2025-11-13,2025-11-17,4,7.0665408,6.077003398492,6.172061889444018,6.1325143747800235,-0.006407504553969599,0.1400313717155642,0.1336238671615946,0.2736552388771588,0.011661,0.00011,0.0064706073,0.006440809,-0.004605,0.1335142781204987,0.27354564983606294,0.27814248965184535,convergence,False
93642Z__280340,93642Z,280340,2026-01-09,2026-01-14,5,6.544580901885,6.286211798115,6.359890034005835,6.329625773166792,-0.004758613856092169,0.03947832682388937,0.034719712967797196,0.07419803979168657,0.011661,0.000137,0.0062839727,0.0063111392,0.004323,0.03458272666642733,0.0740610534903167,0.06977700519731153,convergence,False
93642Z__280340,93642Z,280340,2026-02-06,2026-02-12,6,6.153110300754,6.276249199246,6.113864970191371,6.42818146314234,0.05141044077411645,-0.02001246401789847,0.031397976756217985,0.01138551273831951,0.011661,0.000164,0.0064149854,0.0065468591,0.020557,0.03123359319457415,0.011221129176675674,-0.009957482265185561,convergence,False
93642Z__280340,93642Z,280340,2026-03-04,2026-03-05,1,5.169415198869,4.901451699623,0.0,0.0,0.0,0.05183632750269836,0.05183632750269836,0.10367265500539671,0.011661,0.0,0.0,0.0,0.0,0.05183632750269836,0.10367265500539671,0.10367265500539671,overnight_abort,True
93642Z__280340,93642Z,280340,2026-03-31,2026-04-21,21,4.7377947011309995,5.040924298115,4.764054478787934,5.063890553101159,0.06293716321848378,-0.06398115919029534,-0.0010439959718115677,-0.06502515516210691,0.011661,0.000575,0.0062970309,0.0062739193,-0.00367,-0.0016193384375649924,-0.06560049762786034,-0.061684894419282064,convergence,False
73097V__912082,73097V,912082,2025-09-18,2025-10-14,26,62.48825624376399,53.026394273748,29.09619871343535,28.104598180814392,-0.034080071503054435,0.15141824302322793,0.11733817152017349,0.26875641454340143,0.017859,0.000712,0.0067156912,0.0065856626,-0.019362,0.1166258427530502,0.26804408577627814,0.2871153962340228,convergence,False
73097V__912082,73097V,912082,2026-02-06,2026-02-13,7,66.342187316236,62.606124,33.18298293353947,32.55070233422302,-0.019054362911942402,0.05631504578568004,0.03726068287373764,0.09357572865941768,0.017859,0.000192,0.0065468591,0.0065485736,0.000262,0.037068902051819834,0.09338394783749987,0.09312712377205949,convergence,False
87241F__540515,87241F,540515,2025-07-10,2025-07-11,1,15.308140224999999,14.297926225,0.0,0.0,0.0,0.06599194841122509,0.06599194841122509,0.13198389682245018,0.026711,0.0,0.0,0.0,0.0,0.06599194841122509,0.13198389682245018,0.13198389682245018,overnight_abort,True
87241F__540515,87241F,540515,2025-09-26,2025-09-30,4,13.897251724999999,13.3751593,26.5208111017516,27.046342370547958,0.019815806793392052,0.03756803397759557,0.05738384077098762,0.09495187474858319,0.026711,0.00011,0.0067297011,0.0067606396,0.004597,0.05727425172989173,0.0948422857074873,0.09017533506298352,convergence,False
87241F__540515,87241F,540515,2025-10-02,2025-10-08,6,14.219740524999999,14.139170625,29.09223480216574,28.36367544732236,-0.02504308657611767,0.005666059789090184,-0.019377026787027487,-0.013710966997937302,0.026711,0.000164,0.0067817296,0.0065494318,-0.034253,-0.019541410348671323,-0.013875350559581138,0.020704801276362587,convergence,False
87241F__540515,87241F,540515,2025-11-05,2025-11-06,1,13.2421973577775,12.660760092222501,0.0,0.0,0.0,0.043907914211345295,0.043907914211345295,0.08781582842269059,0.026711,0.0,0.0,0.0,0.0,0.043907914211345295,0.08781582842269059,0.08781582842269059,overnight_abort,True
87241F__540515,87241F,540515,2025-12-22,2025-12-23,1,11.478586732777499,11.440325425,0.0,0.0,0.0,0.0033332768805277506,0.0033332768805277506,0.006666553761055501,0.026711,0.0,0.0,0.0,0.0,0.0033332768805277506,0.006666553761055501,0.006666553761055501,overnight_abort,True
87241F__540515,87241F,540515,2026-01-13,2026-01-14,1,11.7305311077775,11.499859767222501,0.0,0.0,0.0,0.019664185571449555,0.019664185571449555,0.03932837114289911,0.026711,0.0,0.0,0.0,0.0,0.019664185571449555,0.03932837114289911,0.03932837114289911,overnight_abort,True
87241F__540515,87241F,540515,2026-01-23,2026-01-28,5,11.8917755077775,12.5317711672225,23.768088530493518,25.306194220946498,0.0647130579507751,-0.05381834352880514,0.010894714421969959,-0.042923629106835184,0.026711,0.000137,0.0064863462,0.0065184795,0.004954,0.010757728120600095,-0.04306061540820505,-0.048309192795776924,convergence,False
86662M__982750,86662M,982750,2025-09-29,2025-10-03,4,8.963148012427,7.651682959429751,16.437385044743362,15.940493165125222,-0.0302293751874508,0.14631746024710987,0.11608808505965906,0.26240554530676896,0.079316,0.00011,0.0067606396,0.0067817296,0.00312,0.11597849601856318,0.2622959562656731,0.2592801382246093,convergence,False
69765D__69009K,69765D,69009K,2025-09-24,2025-10-03,9,20.488312079952,18.604494719919998,1.8751468235266375,1.8758232288372108,0.00036072125237696947,0.09194595204723251,0.09230667329960948,0.18425262534684198,0.159547,0.000247,0.1285421459,0.1285190178,-0.00018,0.09206009795714373,0.18400605000437623,0.18418607349967864,convergence,False
69765D__69009K,69765D,69009K,2025-11-17,2025-11-21,1,16.692260960064,12.777387999983999,0.0,0.0,0.0,0.2345322164233042,0.2345322164233042,0.4690644328466084,0.159547,0.0,0.0,0.0,0.0,0.2345322164233042,0.4690644328466084,0.4690644328466084,overnight_abort,True
69765D__69009K,69765D,69009K,2025-11-24,2025-11-28,1,16.744264880112002,13.391776799999999,0.0,0.0,0.0,0.20021709547212913,0.20021709547212913,0.40043419094425825,0.159547,0.0,0.0,0.0,0.0,0.20021709547212913,0.40043419094425825,0.40043419094425825,overnight_abort,True
69765D__69009K,69765D,69009K,2026-01-21,2026-02-02,12,17.836268159904,13.487776159984,1.7230493954109314,1.4261424610850368,-0.17231481298020768,0.24380055070574844,0.07148573772554076,0.3152862884312892,0.159547,0.000329,0.1282635095,0.1280336009,-0.001792,0.0711569706022531,0.31495752130800153,0.3164437869542915,convergence,False
93053R__87406E,93053R,87406E,2025-08-12,2025-08-13,1,10.879561827724501,10.830411929999999,0.0,0.0,0.0,0.004517635774563405,0.004517635774563405,0.00903527154912681,0.011451,0.0,0.0,0.0,0.0,0.004517635774563405,0.00903527154912681,0.00903527154912681,overnight_abort,True
93053R__87406E,93053R,87406E,2025-09-08,2025-09-10,2,10.869534582724501,10.700766115,21.527627224354514,21.479441278281794,-0.0022383305679971686,0.015526742791060545,0.013288412223063376,0.02881515501412392,0.011451,5.5e-05,0.0067835702,0.0067812701,-0.000339,0.01323361770251543,0.028760360493575974,0.029098785535200525,convergence,False
93053R__87406E,93053R,87406E,2025-09-29,2025-09-30,1,10.277926125,10.002673264999999,0.0,0.0,0.0,0.026780972800580616,0.026780972800580616,0.05356194560116123,0.011451,0.0,0.0,0.0,0.0,0.026780972800580616,0.05356194560116123,0.05356194560116123,overnight_abort,True
93053R__87406E,93053R,87406E,2025-11-05,2025-11-06,1,9.7164000039102,9.533954278637749,0.0,0.0,0.0,0.01877709081542847,0.01877709081542847,0.03755418163085694,0.011451,0.0,0.0,0.0,0.0,0.01877709081542847,0.03755418163085694,0.03755418163085694,overnight_abort,True
93053R__87406E,93053R,87406E,2026-01-09,2026-01-14,5,9.6261556010898,9.3065747665449,18.5618370066041,18.750754424357186,0.01017773282277345,0.03319921760964682,0.04337695043242027,0.0765761680420671,0.011451,0.000137,0.0062839727,0.0063111392,0.004323,0.043239964131050405,0.07643918174069723,0.07209083946697112,convergence,False
93053R__87406E,93053R,87406E,2026-02-02,2026-02-03,1,9.5760191755449,9.474117249999999,0.0,0.0,0.0,0.010641366070479124,0.010641366070479124,0.021282732140958247,0.011451,0.0,0.0,0.0,0.0,0.010641366070479124,0.021282732140958247,0.021282732140958247,overnight_abort,True
93053R__87406E,93053R,87406E,2026-02-06,2026-02-12,6,10.054820926474502,9.9627820455449,20.222806171835714,20.11034009756581,-0.0055613485741921875,0.009153706625173398,0.003592358050981211,0.01274606467615461,0.011451,0.000164,0.0064149854,0.0065468591,0.020557,0.003427974489337375,0.012581681114510773,-0.007449344814630057,convergence,False
93053R__87406E,93053R,87406E,2026-03-04,2026-03-05,1,8.9142212060898,8.5067598155449,0.0,0.0,0.0,0.045709140610796305,0.045709140610796305,0.09141828122159261,0.011451,0.0,0.0,0.0,0.0,0.045709140610796305,0.09141828122159261,0.09141828122159261,overnight_abort,True
93053R__87406E,93053R,87406E,2026-03-23,2026-03-26,3,8.302558659455102,8.267413894999999,16.581322496106534,16.693587577477768,0.00677057462681852,0.004233004052922786,0.011003578679741307,0.015236582732664093,0.011451,8.2e-05,0.0063013954,0.0062570388,-0.007039,0.010921386898919389,0.015154390951842175,0.022291460274553115,convergence,False
93053R__87406E,93053R,87406E,2026-03-30,2026-04-15,16,8.22234079972755,7.978204,16.174274735380767,16.025604915207683,-0.009191745695272022,0.029691885276226997,0.020500139580954976,0.05019202485718197,0.011451,0.000438,0.0063004028,0.0062899012,-0.001667,0.020061783416571412,0.04975366869279841,0.05140791915438073,convergence,False
93053R__87406E,93053R,87406E,2026-04-17,2026-04-21,4,8.39079871627245,7.81365364222755,16.27196381520371,15.937972551324423,-0.02052556579355351,0.06878309128374518,0.048257525490191674,0.11704061677393686,0.011451,0.00011,0.0062966341,0.0062739193,-0.003607,0.048147936449095784,0.11693102773284098,0.12047722665798695,convergence,False
90534M__88801L,90534M,88801L,2025-09-19,2025-09-26,7,15.950390948800502,15.640332149999999,31.981301089115416,31.494866696485378,-0.015209962573898908,0.0194389466562774,0.004228984082378491,0.02366793073865589,0.015369,0.000192,0.0067695636,0.0066887391,-0.011939,0.004037203260460683,0.023476149916738083,0.03537602539251301,convergence,False
90534M__88801L,90534M,88801L,2025-10-14,2025-10-22,8,15.689402818800502,15.832598653500002,31.482278872076595,31.720515366066913,0.007567320490309963,-0.009126914284328826,-0.0015595937940188626,-0.010686508078347689,0.015369,0.000219,0.006620324,0.0065793798,-0.006185,-0.0017787718762106433,-0.01090568616053947,-0.00463548454007377,convergence,False
90534M__88801L,90534M,88801L,2025-12-30,2026-01-05,1,15.518756733800501,15.082461426199501,0.0,0.0,0.0,0.028114063200097125,0.028114063200097125,0.05622812640019425,0.015369,0.0,0.0,0.0,0.0,0.028114063200097125,0.05622812640019425,0.05622812640019425,overnight_abort,True
90534M__88801L,90534M,88801L,2026-03-04,2026-03-05,1,15.247729595000001,14.6242096561995,0.0,0.0,0.0,0.040892641420199605,0.040892641420199605,0.08178528284039921,0.015369,0.0,0.0,0.0,0.0,0.040892641420199605,0.08178528284039921,0.08178528284039921,overnight_abort,True
90534M__88801L,90534M,88801L,2026-04-13,2026-04-20,7,14.816096383800502,14.52458871,29.624361115609258,29.153083219227227,-0.01590845772311732,0.0196750659721159,0.00376660824899858,0.02344167422111448,0.015369,0.000192,0.0062974275,0.0062966341,-0.000126,0.003574827427080772,0.023249893399196673,0.023373892700607943,convergence,False
86965N__932147,86965N,932147,2025-07-24,2025-07-30,6,13.626031643588503,12.5611846964115,12.672906991657728,13.025920751744009,0.02785578402166617,0.07814798725188991,0.10600377127355609,0.184151758525446,0.020826,0.000164,0.0067718562,0.0066887391,-0.012274,0.10583938771191226,0.18398737496380216,0.19675994550495346,convergence,False
86965N__932147,86965N,932147,2025-09-17,2025-09-19,2,16.137416,14.7696529538115,15.210132877750254,15.154943772596065,-0.0036284433277319803,0.08475725272178035,0.08112880939404837,0.1658860621158287,0.020826,5.5e-05,0.0067567568,0.006758355,0.000237,0.08107401487350042,0.16583126759528077,0.165595647977508,convergence,False
86965N__932147,86965N,932147,2026-01-09,2026-01-21,12,15.643208643588503,15.119025375,15.39882350883716,15.196207208149099,-0.01315790784742624,0.03350867974284445,0.020350771895418212,0.05385945163826267,0.020826,0.000329,0.0063111392,0.0063183164,0.001137,0.02002200477213054,0.053530684514974995,0.05240969553382859,convergence,False
86965N__932147,86965N,932147,2026-04-27,2026-04-30,1,17.287206890000004,15.6097740675,0.0,0.0,0.0,0.0970331895241177,0.0970331895241177,0.1940663790482354,0.020826,0.0,0.0,0.0,0.0,0.0970331895241177,0.1940663790482354,0.1940663790482354,overnight_abort,True
91091C__140619,91091C,140619,2025-07-31,2025-08-01,1,14.918543050000002,15.33099680055,0.0,0.0,0.0,-0.02764705301098409,-0.02764705301098409,-0.05529410602196818,0.00675,0.0,0.0,0.0,0.0,-0.02764705301098409,-0.05529410602196818,-0.05529410602196818,overnight_abort,True
91091C__140619,91091C,140619,2025-10-02,2025-10-09,7,16.420403792533,15.84026223,33.49836173124519,31.74120542953513,-0.05245499215178321,0.0353305296180849,-0.017124462533698308,0.018206067084386594,0.00675,0.000192,0.0067817296,0.0065329584,-0.036683,-0.017316243355616115,0.018014286262468787,0.054096240902867083,convergence,False
91091C__140619,91091C,140619,2025-10-30,2025-10-31,1,16.820911604978004,17.338396478755502,0.0,0.0,0.0,-0.030764377456472262,-0.030764377456472262,-0.061528754912944524,0.00675,0.0,0.0,0.0,0.0,-0.030764377456472262,-0.061528754912944524,-0.061528754912944524,overnight_abort,True
91091C__140619,91091C,140619,2025-11-25,2025-12-01,6,18.893479710022003,18.8365297287555,37.445405102085864,37.64999969778827,0.005463810450030526,0.003014266410453401,0.008478076860483928,0.011492343270937328,0.00675,0.000164,0.006390593,0.0064331431,0.006658,0.008313693298840092,0.011327959709293492,0.004677620207125465,convergence,False
91091C__140619,91091C,140619,2025-12-29,2026-01-05,7,18.593118374956003,17.977599,36.13589708351225,35.960178678893875,-0.004862710456925326,0.0331046875808135,0.028241977123888175,0.06134666470470168,0.00675,0.000192,0.0063934527,0.0063940659,9.6e-05,0.02805019630197037,0.061154883882783874,0.06105944880352581,convergence,False
8751Q5__951907,8751Q5,951907,2025-07-30,2025-07-31,1,25.125522399120005,23.66479160022,0.0,0.0,0.0,0.05813733046804894,0.05813733046804894,0.11627466093609788,0.017662,0.0,0.0,0.0,0.0,0.05813733046804894,0.11627466093609788,0.11627466093609788,overnight_abort,True
8751Q5__951907,8751Q5,951907,2026-02-06,2026-02-10,4,24.595406799340005,25.814327598240002,25.227406648350378,25.615511316522817,0.015384247520258555,-0.049558879381198365,-0.03417463186093981,-0.08373351124213818,0.017662,0.00011,0.0064149854,0.0064773132,0.009716,-0.0342842209020357,-0.08384310028323406,-0.09361361227616859,convergence,False
8751Q5__951907,8751Q5,951907,2026-02-24,2026-02-27,3,31.957025999340004,30.543282999120002,30.12512154195708,30.455409185715176,0.010963860952331301,0.04423887880709549,0.05520273975942679,0.09944161856652228,0.017662,8.2e-05,0.0063957021,0.0064079972,0.001922,0.05512054797860488,0.09935942678570037,0.0974196784713916,convergence,False
8751Q5__951907,8751Q5,951907,2026-03-04,2026-03-05,1,30.556725000880004,28.6286953011,0.0,0.0,0.0,0.06309673892488411,0.06309673892488411,0.12619347784976823,0.017662,0.0,0.0,0.0,0.0,0.06309673892488411,0.12619347784976823,0.12619347784976823,overnight_abort,True
8751Q5__951907,8751Q5,951907,2026-03-10,2026-03-11,1,28.217205419780004,28.20380079846,0.0,0.0,0.0,0.0004750513426324797,0.0004750513426324797,0.0009501026852649594,0.017662,0.0,0.0,0.0,0.0,0.0004750513426324797,0.0009501026852649594,0.0009501026852649594,overnight_abort,True
8751Q5__951907,8751Q5,951907,2026-03-23,2026-03-25,2,27.616075200220003,27.184021199340002,27.456437012210205,26.918630929036457,-0.01958761375099689,0.015645018263730645,-0.003942595487266245,0.0117024227764644,0.017662,5.5e-05,0.0063013954,0.0062707715,-0.00486,-0.00399739000781419,0.011647628255916455,0.01643556397885728,convergence,False
9518JQ__9374RF,9518JQ,9374RF,2025-10-03,2025-10-09,6,9.394344345,10.28855226,1.8692695197128741,2.0739621182002943,0.1095040583119665,-0.09518577158350895,0.014318286728457544,-0.08086748485505141,0.024288999999999998,0.000164,0.6617475004,0.6556300096,-0.009244,0.014153903166813708,-0.08103186841669524,-0.07067941235168525,convergence,False
9518JQ__9374RF,9518JQ,9374RF,2025-10-13,2025-10-15,2,10.2099315168965,10.3481394631035,2.066895580183211,2.079688151287681,0.00618926820838048,-0.01353661833855387,-0.007347350130173389,-0.020883968468727258,0.024288999999999998,5.5e-05,0.6486135885,0.6512959095,0.004135,-0.007402144650721335,-0.020938762989275203,-0.02508268983531062,convergence,False
9518JQ__9374RF,9518JQ,9374RF,2025-10-20,2025-10-21,1,10.4717236,10.4375187781035,0.0,0.0,0.0,0.0032663984653395635,0.0032663984653395635,0.006532796930679127,0.024288999999999998,0.0,0.0,0.0,0.0,0.0032663984653395635,0.006532796930679127,0.006532796930679127,overnight_abort,True
9518JQ__9374RF,9518JQ,9374RF,2025-11-10,2025-11-13,3,10.69324083,10.4375187781035,2.0931733389193297,2.1301039903883896,0.01764337944803301,0.023914363845530258,0.041557743293563265,0.06547210713909353,0.024288999999999998,8.2e-05,0.6527416848,0.6528481349,0.000163,0.04147555151274135,0.06538991535827161,0.06522398359908363,convergence,False
9518JQ__9374RF,9518JQ,9374RF,2025-11-21,2025-12-02,11,10.2401384118965,10.9241385,2.0405194454715723,2.1808868666408667,0.06879004337880984,-0.06679598073682876,0.001994062641981084,-0.06480191809484767,0.024288999999999998,0.000301,0.6464542823,0.6564049136,0.015393,0.0016926927789673856,-0.06510328795786137,-0.08130538431397477,convergence,False
9518JQ__9374RF,9518JQ,9374RF,2026-03-09,2026-03-11,2,15.717654365000001,15.39310425,3.048808324147916,3.101929703640919,0.017423653390165036,0.020648762688325023,0.03807241607849006,0.05872117876681508,0.024288999999999998,5.5e-05,0.7119463603,0.7152052128,0.004577,0.03801762155794212,0.05866638424626714,0.05403046499250622,convergence,False
9518JQ__9374RF,9518JQ,9374RF,2026-03-31,2026-04-08,8,15.2343450518965,15.936329878293,3.120286635852407,3.202546713950935,0.026362987667014868,-0.04607909457250413,-0.01971610690548926,-0.06579520147799339,0.024288999999999998,0.000219,0.6928565039,0.7044732076,0.016766,-0.019935284987681042,-0.06601437956018517,-0.0829390185496418,convergence,False
94542N__932145,94542N,932145,2026-02-04,2026-02-10,6,11.61321144,11.806043877132002,116.95228635798378,121.26624069506951,0.03688644721216465,-0.01660457472321721,0.02028187248894744,0.003677297765730232,0.014067,0.000164,0.0063678044,0.0064773132,0.017197,0.020117488927303605,0.0035129142040863964,-0.014017223225499038,convergence,False
94542N__932145,94542N,932145,2026-03-04,2026-03-05,1,10.500028962868,10.071034197132,0.0,0.0,0.0,0.04085653165844446,0.04085653165844446,0.08171306331688892,0.014067,0.0,0.0,0.0,0.0,0.04085653165844446,0.08171306331688892,0.08171306331688892,overnight_abort,True
8674W2__8745RP,8674W2,8745RP,2025-07-02,2025-07-07,1,1.4519579122505502,0.98726973824835,0.0,0.0,0.0,0.32004245445512164,0.32004245445512164,0.6400849089102433,0.061678000000000004,0.0,0.0,0.0,0.0,0.32004245445512164,0.6400849089102433,0.6400849089102433,overnight_abort,True
8674W2__8745RP,8674W2,8745RP,2025-08-08,2025-08-15,1,1.5133077309978,1.2208902395022,0.0,0.0,0.0,0.19323068633422916,0.19323068633422916,0.3864613726684583,0.061678000000000004,0.0,0.0,0.0,0.0,0.19323068633422916,0.3864613726684583,0.3864613726684583,overnight_abort,True
8674W2__8745RP,8674W2,8745RP,2026-04-10,2026-04-17,1,2.045011,1.7360303297494502,0.0,0.0,0.0,0.15108997958962078,0.15108997958962078,0.30217995917924156,0.061678000000000004,0.0,0.0,0.0,0.0,0.15108997958962078,0.30217995917924156,0.30217995917924156,overnight_abort,True
8711AE__30877L,8711AE,30877L,2025-10-20,2025-10-23,1,5.819211529803599,4.7360084148036,0.0,0.0,0.0,0.18614259156112126,0.18614259156112126,0.3722851831222425,0.063129,0.0,0.0,0.0,0.0,0.18614259156112126,0.3722851831222425,0.3722851831222425,overnight_abort,True
8711AE__30877L,8711AE,30877L,2026-02-26,2026-02-27,1,8.954208455098199,7.07230975,0.0,0.0,0.0,0.21016918631447704,0.21016918631447704,0.42033837262895407,0.063129,0.0,0.0,0.0,0.0,0.21016918631447704,0.42033837262895407,0.42033837262895407,overnight_abort,True
8711AE__30877L,8711AE,30877L,2026-03-02,2026-03-31,29,8.8312674775491,5.0140241301963995,12.525853588561182,11.099711048046785,-0.11385591651947564,0.43224184490583245,0.3183859283863568,0.7506277732921892,0.063129,0.000795,0.7075139467,0.6900360247,-0.024703,0.3175914078384116,0.7498332527442441,0.7722783956316283,convergence,False
9289GW__2559M8,9289GW,2559M8,2025-07-14,2025-07-18,4,22.56485848776,24.92355303291,23.91565078757924,25.057327115520984,0.04773762328619896,-0.10452955184405181,-0.05679192855785285,-0.16132148040190467,0.052675,0.00011,0.1273860977,0.1274331772,0.00037,-0.05690151759894874,-0.16143106944300056,-0.16181815045690384,convergence,False
9289GW__2559M8,9289GW,2559M8,2026-01-12,2026-01-13,1,32.12862558903,31.05553606582,0.0,0.0,0.0,0.03339979546390546,0.03339979546390546,0.06679959092781092,0.052675,0.0,0.0,0.0,0.0,0.03339979546390546,0.06679959092781092,0.06679959092781092,overnight_abort,True
9289GW__2559M8,9289GW,2559M8,2026-02-06,2026-02-11,5,31.875883089029998,31.49071223291,31.23487967328808,31.839737253878237,0.01936481225209994,0.012083456795352408,0.03144826904745235,0.04353172584280476,0.052675,0.000137,0.127962323,0.1279140418,-0.000377,0.03131128274608248,0.04339473954143489,0.04377949914781377,convergence,False
87275J__77933E,87275J,77933E,2025-08-13,2025-08-14,1,21.983535428635,21.764102668362,0.0,0.0,0.0,0.009981686566537232,0.009981686566537232,0.019963373133074464,0.033574,0.0,0.0,0.0,0.0,0.009981686566537232,0.019963373133074464,0.019963373133074464,overnight_abort,True
87275J__77933E,87275J,77933E,2025-09-04,2025-09-05,1,24.155631471092,22.912174111638,0.0,0.0,0.0,0.05147691381788535,0.05147691381788535,0.1029538276357707,0.033574,0.0,0.0,0.0,0.0,0.05147691381788535,0.1029538276357707,0.1029538276357707,overnight_abort,True
87275J__77933E,87275J,77933E,2025-10-06,2025-10-09,3,23.215977564065,21.180151861638,22.01801146195016,21.346934509843116,-0.030478544952469797,0.08769071630988165,0.057212171357411856,0.1449028876672935,0.033574,8.2e-05,0.0065830618,0.0065329584,-0.007611,0.05712997957658994,0.1448206958864716,0.15225627381251922,convergence,False
87275J__77933E,87275J,77933E,2025-11-11,2025-11-13,2,23.680802150819,23.278383988635003,24.104576671683446,23.775786801533897,-0.013640142891859667,0.016993434581356905,0.0033532916894972384,0.020346726270854144,0.033574,5.5e-05,0.0064603657,0.0064697696,0.001456,0.003298497168949293,0.0202919317503062,0.018858243994213698,convergence,False
87275J__77933E,87275J,77933E,2025-11-28,2025-12-01,1,25.519490928635,24.238420168362,0.0,0.0,0.0,0.05019969888331634,0.05019969888331634,0.10039939776663268,0.033574,0.0,0.0,0.0,0.0,0.05019969888331634,0.10039939776663268,0.10039939776663268,overnight_abort,True
87275J__77933E,87275J,77933E,2025-12-29,2026-01-05,7,25.519490928635,25.334043008727,24.627126363947607,25.390602574045417,0.031001433087032272,0.007266912981399339,0.03826834606843161,0.04553525904983095,0.033574,0.000192,0.0063934527,0.0063940659,9.6e-05,0.0380765652465138,0.045343478227913146,0.04524460372635863,convergence,False
8785V9__50631X,8785V9,50631X,2025-07-18,2025-07-22,4,100.35343125295151,93.72561159730651,9.660722809037642,9.467389649935615,-0.02001228716770165,0.06604477368530502,0.046032486517603374,0.1120772602029084,0.020026000000000002,0.00011,0.1273909725,0.1273909725,0.0,0.045922897476507483,0.11196767116181251,0.11196767116181246,convergence,False
8785V9__50631X,8785V9,50631X,2025-08-14,2025-08-20,6,104.914477254245,100.54612159375,9.901707424595626,10.502087492795528,0.06063399396235149,0.04163730092186346,0.10227129488421495,0.1439085958060784,0.020026000000000002,0.000164,0.1277816533,0.1279983583,0.001696,0.10210691132257112,0.14374421224443457,0.1419485275753943,convergence,False
8785V9__50631X,8785V9,50631X,2025-08-22,2025-08-27,5,106.691004905,105.162643733455,10.734171768826293,10.71058728061466,-0.0021971409363995397,0.014325117407094318,0.012127976470694779,0.026453093877789095,0.020026000000000002,0.000137,0.1280090151,0.1284315266,0.003301,0.011990990169324915,0.026316107576419234,0.02303355543483895,convergence,False
8785V9__50631X,8785V9,50631X,2025-09-18,2025-09-24,6,110.237642020645,106.50222324699999,10.514901934934942,11.047997328869046,0.050699036209071666,0.033885147624487924,0.08458418383355959,0.11846933145804751,0.020026000000000002,0.000164,0.1286231584,0.1285561871,-0.000521,0.08441980027191576,0.11830494789640368,0.1188523091860547,convergence,False
8785V9__50631X,8785V9,50631X,2025-10-06,2025-10-08,1,120.58531936,110.495783699,0.0,0.0,0.0,0.08367134336542507,0.08367134336542507,0.16734268673085015,0.020026000000000002,0.0,0.0,0.0,0.0,0.08367134336542507,0.16734268673085015,0.16734268673085015,overnight_abort,True
8785V9__50631X,8785V9,50631X,2025-10-13,2025-10-14,1,107.596815466145,96.9410926929515,0.0,0.0,0.0,0.09903381180037148,0.09903381180037148,0.19806762360074295,0.020026000000000002,0.0,0.0,0.0,0.0,0.09903381180037148,0.19806762360074295,0.19806762360074295,overnight_abort,True
8785V9__50631X,8785V9,50631X,2026-01-29,2026-01-30,1,83.5875579729515,79.136812724613,0.0,0.0,0.0,0.05324650410027225,0.05324650410027225,0.1064930082005445,0.020026000000000002,0.0,0.0,0.0,0.0,0.05324650410027225,0.1064930082005445,0.1064930082005445,overnight_abort,True
8785V9__50631X,8785V9,50631X,2026-03-23,2026-03-24,1,70.529515,65.0956278515935,0.0,0.0,0.0,0.07704415872428015,0.07704415872428015,0.1540883174485603,0.020026000000000002,0.0,0.0,0.0,0.0,0.07704415872428015,0.1540883174485603,0.1540883174485603,overnight_abort,True
9326MM__9313M7,9326MM,9313M7,2025-10-17,2025-10-21,4,30.548158671143998,29.436973826568,6.093664600757036,5.952913124873529,-0.0230980017945229,0.0363748550784382,0.0132768532839153,0.0496517083623535,0.026049,0.00011,0.1287307723,0.128666182,-0.000502,0.013167264242819408,0.049542119321257606,0.050032523187711654,convergence,False
9326MM__9313M7,9326MM,9313M7,2025-11-24,2025-12-02,8,26.028488835424,25.759838506864003,5.209716766039421,5.206409623440549,-0.0006348027632576957,0.0103213955392743,0.009686592776016604,0.020007988315290902,0.026049,0.000219,0.1286090877,0.1284570952,-0.001182,0.009467414693824823,0.01978881023309912,0.020971275199355092,convergence,False
9326MM__9313M7,9326MM,9313M7,2026-03-04,2026-03-05,1,21.085084346863997,20.33827983572,0.0,0.0,0.0,0.0354186162530134,0.0354186162530134,0.0708372325060268,0.026049,0.0,0.0,0.0,0.0,0.0354186162530134,0.0708372325060268,0.0708372325060268,overnight_abort,True
9326MM__9313M7,9326MM,9313M7,2026-03-31,2026-04-08,8,20.883316173432,20.665359338008003,4.10225557182223,4.165243175113227,0.01535438301885664,0.01043688816536163,0.02579127118421827,0.0362281593495799,0.026049,0.000219,0.1275835624,0.1276764136,0.000728,0.02557209310202649,0.03600898126738812,0.03527057649684116,convergence,False
9291FF__140134,9291FF,140134,2025-10-17,2025-12-23,67,4.888411334676901,4.2418778546769005,1.1711863029022656,1.131888012116394,-0.03355426091347575,0.13225840375045547,0.09870414283697973,0.2309625465874352,0.110822,0.001836,0.1287307723,0.1285760173,-0.001202,0.09686852639862356,0.22912693014907903,0.23029015104744738,convergence,False
9291FF__140134,9291FF,140134,2026-03-23,2026-03-27,4,4.6198099905693,4.4396736684693,1.0734483992213295,1.1757509600229512,0.09530272798937622,0.038992149561935086,0.1342948775513113,0.1732870271132464,0.110822,0.00011,0.1277612414,0.1276641954,-0.00076,0.1341852885102154,0.1731774380721505,0.1740100501307423,convergence,False
7086Q0__503359,7086Q0,503359,2025-11-17,2025-12-08,21,17.20332616097,14.0871726035075,29.04399137339157,28.798005841011932,-0.008469412114100683,0.1811366899810494,0.17266727786694872,0.3538039678479981,0.029794,0.000575,0.0063500127,0.0064133393,0.009973,0.1720919354011953,0.3532286253822447,0.34343805326534216,convergence,False
7018KV__68923Q,7018KV,68923Q,2025-09-18,2025-09-25,7,16.2069782039595,15.0420749839595,31.953918322133283,30.26759750527896,-0.05277352216570798,0.07187664506856715,0.019103122902859176,0.09097976797142633,0.040033,0.000192,0.006758355,0.0066757902,-0.012217,0.01891134208094137,0.09078798714950852,0.10250308938520969,convergence,False
7018KV__68923Q,7018KV,68923Q,2025-09-29,2025-09-30,1,15.4790310660405,15.1409709339595,0.0,0.0,0.0,0.021839876839750784,0.021839876839750784,0.04367975367950157,0.040033,0.0,0.0,0.0,0.0,0.021839876839750784,0.04367975367950157,0.04367975367950157,overnight_abort,True
7018KV__68923Q,7018KV,68923Q,2025-10-06,2025-10-08,2,15.725723937,15.4574379739595,30.905930290721273,31.025278798780096,0.003861670136965762,0.017060325115415987,0.02092199525238175,0.03798232036779774,0.040033,5.5e-05,0.0065830618,0.0065494318,-0.005109,0.020867200731833804,0.037927525847249795,0.04308215131669983,convergence,False
7018KV__68923Q,7018KV,68923Q,2025-11-19,2025-11-20,1,15.317263575,15.398099415,0.0,0.0,0.0,-0.005277433505285924,-0.005277433505285924,-0.010554867010571848,0.040033,0.0,0.0,0.0,0.0,-0.005277433505285924,-0.010554867010571848,-0.010554867010571848,overnight_abort,True
7018KV__68923Q,7018KV,68923Q,2026-02-06,2026-02-10,4,19.088449695202502,19.057254509797502,38.20755892173421,38.2454317611587,0.0009912394430135543,0.0016342440535042709,0.002625483496517825,0.004259727550022096,0.040033,0.00011,0.0064149854,0.0064773132,0.009716,0.002515894455421935,0.004150138508926205,-0.005481877088799713,convergence,False
7018KV__68923Q,7018KV,68923Q,2026-03-04,2026-03-05,1,18.9165748322835,18.444088741243,0.0,0.0,0.0,0.024977359550003984,0.024977359550003984,0.04995471910000797,0.040033,0.0,0.0,0.0,0.0,0.024977359550003984,0.04995471910000797,0.04995471910000797,overnight_abort,True
7018KV__68923Q,7018KV,68923Q,2026-03-23,2026-03-26,3,18.532374387081,18.533106963757,36.59004095301035,37.67031938986704,0.02952383787282453,-3.9529563816234206e-05,0.029484308309008295,0.02944477874519206,0.040033,8.2e-05,0.0063013954,0.0062570388,-0.007039,0.02940211652818638,0.029362586964370142,0.03666095581370337,convergence,False
7018KV__68923Q,7018KV,68923Q,2026-03-31,2026-04-16,16,19.705185411243,18.513323817919,39.7859491950823,37.19180416361689,-0.06520254220266442,0.06048466778921907,-0.004717874413445344,0.05576679337577373,0.040033,0.000438,0.0062970309,0.0062819989,-0.002387,-0.005156230577828906,0.05532843721139016,0.057565285006064074,convergence,False
2721ME__32307F,2721ME,32307F,2025-08-22,2025-08-27,5,8.1253854550534,7.257678555,8.111003126270642,7.566333917626597,-0.06715189233251824,0.1067896292247588,0.039637736892240566,0.14642736611699936,0.034447,0.000137,0.1280090151,0.1284315266,0.003301,0.0395007505908707,0.1462903798156295,0.14322151453249468,convergence,False
2721ME__32307F,2721ME,32307F,2025-09-04,2025-09-12,8,7.8062676410534,7.37649447598665,7.642111009552089,7.680516576594796,0.0050255180793242656,0.0550548847193708,0.06008040279869506,0.11513528751806586,0.034447,0.000219,0.1282552727,0.1285289255,0.002134,0.05986122471650328,0.11491610943587408,0.1127762950242625,convergence,False
2721ME__32307F,2721ME,32307F,2025-09-18,2025-09-23,5,8.321299758026699,7.5373914667767,8.033305216533625,7.671999736180865,-0.04497594335257481,0.09420502974836872,0.04922908639579392,0.14343411614416263,0.034447,0.000137,0.1286231584,0.1286000011,-0.00018,0.04909210009442405,0.14329712984279278,0.14346910323624404,convergence,False
2721ME__32307F,2721ME,32307F,2025-10-06,2025-10-10,1,8.80603618295995,7.62402785098665,0.0,0.0,0.0,0.13422705828310538,0.13422705828310538,0.26845411656621077,0.034447,0.0,0.0,0.0,0.0,0.13422705828310538,0.26845411656621077,0.26845411656621077,overnight_abort,True
2721ME__32307F,2721ME,32307F,2025-10-15,2025-10-16,1,8.321299758026699,8.0497855530267,0.0,0.0,0.0,0.0326288215657773,0.0326288215657773,0.0652576431315546,0.034447,0.0,0.0,0.0,0.0,0.0326288215657773,0.0652576431315546,0.0652576431315546,overnight_abort,True
2721ME__32307F,2721ME,32307F,2025-11-25,2025-12-01,6,9.0520395613733,8.87159625901335,8.974891205348934,8.921258771300273,-0.005975831107200068,0.019933994006161346,0.013958162898961277,0.03389215690512262,0.034447,0.000164,0.1285619717,0.1283911274,-0.001329,0.01379377933731744,0.03372777334347879,0.035050476607766515,convergence,False
9174AW__530957,9174AW,530957,2025-07-03,2025-07-10,7,37.483908406581,31.122608884664004,69.12132437658663,65.3898781538945,-0.05398400936825909,0.1697074769502999,0.1157234675820408,0.2854309445323407,0.07574600000000001,0.000192,0.0068226781,0.0068371393,0.00212,0.11553168676012299,0.2852391637104229,0.28323824990079427,convergence,False
9174AW__530957,9174AW,530957,2025-09-11,2025-10-20,39,38.935044853418994,9.4988136557286,65.48109708872302,20.405449801226766,-0.6883764825507034,0.7560343466537838,0.06765786410308039,0.8236922107568642,0.07574600000000001,0.001068,0.0066887391,0.0066334992,-0.008259,0.06658937095239546,0.8226237176061792,0.8252187359249494,convergence,False
9291FG__9828KA,9291FG,9828KA,2025-11-17,2025-11-18,1,5.1659475,4.05818736379315,0.0,0.0,0.0,0.2144350356264461,0.2144350356264461,0.4288700712528922,0.07819,0.0,0.0,0.0,0.0,0.2144350356264461,0.4288700712528922,0.4288700712528922,overnight_abort,True
9329UM__2651HU,9329UM,2651HU,2025-07-17,2025-07-23,6,4.401678299885551,4.91812311996185,4.349047244905409,5.012990598882111,0.15266409321132646,-0.1173290697072813,0.03533502350404516,-0.08199404620323614,0.008296,0.000164,0.1274331772,0.1273909725,-0.000331,0.03517063994240133,-0.08215842976487997,-0.08177655151008648,convergence,False
9329UM__2651HU,9329UM,2651HU,2025-07-31,2025-08-04,4,4.87185780496185,4.598245499847399,4.833731916378483,4.848005717425945,0.002952956699790775,0.05616180029634374,0.05911475699613451,0.11527655729247825,0.008296,0.00011,0.1273966527,0.1273909725,-4.5e-05,0.05900516795503862,0.11516696825138237,0.11521168863676622,convergence,False
9329UM__2651HU,9329UM,2651HU,2025-08-22,2025-08-25,1,6.342418910076301,6.0876768649237,0.0,0.0,0.0,0.04016480916261906,0.04016480916261906,0.08032961832523812,0.008296,0.0,0.0,0.0,0.0,0.04016480916261906,0.08032961832523812,0.08032961832523812,overnight_abort,True
9329UM__2651HU,9329UM,2651HU,2025-09-16,2025-09-19,3,7.02267863019075,7.367188245038149,7.342728026571415,7.515333943581242,0.023507055740756084,-0.0490567250744381,-0.025549669333682013,-0.07460639440812011,0.008296,8.2e-05,0.1285619717,0.1286231584,0.000476,-0.02563186111450393,-0.07468858618894203,-0.07517547377548955,convergence,False
9329UM__2651HU,9329UM,2651HU,2025-10-16,2025-10-21,5,6.832605645,6.7974059999237,6.506217514920501,6.876939969198548,0.056979720310284886,0.005151716183423953,0.062131436493708836,0.0672831526771328,0.008296,0.000137,0.1287349136,0.128666182,-0.000534,0.06199445019233897,0.06714616637576293,0.06771078954414514,convergence,False
9329UM__2651HU,9329UM,2651HU,2026-03-04,2026-03-11,7,4.841846660076301,5.46791349488555,4.777823536894672,5.537848589499838,0.15907348748571418,-0.12930331725940764,0.02977017022630654,-0.0995331470331011,0.008296,0.000192,0.1278854147,0.1277881783,-0.00076,0.029578389404388734,-0.09972492785501891,-0.09884296729530295,convergence,False
9329UM__2651HU,9329UM,2651HU,2026-03-31,2026-04-08,8,6.0323002449237,6.3775662299236995,6.1957420831713055,6.455172659699912,0.04187239769603451,-0.0572362069163496,-0.015363809220315085,-0.07260001613666468,0.008296,0.000219,0.1275835624,0.1276764136,0.000728,-0.015582987302506866,-0.07281919421885646,-0.07357688390989083,convergence,False
9602KM__503745,9602KM,503745,2025-08-04,2025-08-05,1,8.804486898799,8.002719395196001,0.0,0.0,0.0,0.09106351259519353,0.09106351259519353,0.18212702519038707,0.030544,0.0,0.0,0.0,0.0,0.09106351259519353,0.18212702519038707,0.18212702519038707,overnight_abort,True
9602KM__503745,9602KM,503745,2025-08-07,2025-08-14,7,8.865207903603,9.049988301201001,90.56353328196857,92.47980289284494,0.02115939541481984,-0.02084332365436147,0.0003160717604583675,-0.020527251893903104,0.030544,0.000192,0.0067693345,0.0067675025,-0.000271,0.00012429093854055928,-0.02071903271582091,-0.020442599273439402,convergence,False
9602KM__503745,9602KM,503745,2025-09-16,2025-09-17,1,9.978418296397,9.682302197598,0.0,0.0,0.0,0.02967565499894126,0.02967565499894126,0.05935130999788252,0.030544,0.0,0.0,0.0,0.0,0.02967565499894126,0.05935130999788252,0.05935130999788252,overnight_abort,True
9602KM__503745,9602KM,503745,2025-09-19,2025-09-24,5,10.1605804,9.326625204804001,96.98470368709451,95.31949292195175,-0.017169828868223318,0.08207751549271726,0.06490768662449395,0.1469852021172112,0.030544,0.000137,0.0067695636,0.0067156912,-0.007958,0.06477070032312408,0.14684821581584134,0.15473235142220737,convergence,False
9602KM__503745,9602KM,503745,2025-09-26,2025-12-26,91,10.029018998799001,8.635032402402,18.870871211042022,17.443630227293184,-0.07563196037889912,0.13899530916871672,0.0633633487898176,0.2023586579585343,0.030544,0.002493,0.0067297011,0.0063871232,-0.050905,0.06087019810488609,0.1998655072736028,0.2494446451616137,force_close,False
9602KM__503745,9602KM,503745,2026-02-09,2026-03-05,24,9.411693202402,8.773351397598,19.092423170844384,17.82983958709609,-0.06613008586968461,0.06782433203847803,0.0016942461687934202,0.06951857820727145,0.030544,0.000658,0.0064773132,0.0063455803,-0.020338,0.0010367119222180778,0.0688610439606961,0.08824798513787081,convergence,False
9062GG__916571,9062GG,916571,2025-09-26,2025-09-30,4,72.466465883196,65.40442658514,33.941644792484134,34.08323350192006,0.004171533533557038,0.09745251423518896,0.10162404776874599,0.19907656200393495,0.024946000000000003,0.00011,0.0067297011,0.0067606396,0.004597,0.10151445872765011,0.19896697296283905,0.19437161470853584,convergence,False
9062GG__916571,9062GG,916571,2026-02-18,2026-02-26,8,109.1344274,107.804052,52.70479776074437,54.860684854850774,0.04090494956252643,0.012190244927239231,0.053095194489765664,0.06528543941700489,0.024946000000000003,0.000219,0.0064516129,0.0064051241,-0.007206,0.05287601640757388,0.06506626133481311,0.07262121597171418,convergence,False
9062GG__916571,9062GG,916571,2026-03-23,2026-03-27,1,100.19743593097199,90.347714723196,0.0,0.0,0.0,0.09830312638500704,0.09830312638500704,0.1966062527700141,0.024946000000000003,0.0,0.0,0.0,0.0,0.09830312638500704,0.1966062527700141,0.1966062527700141,overnight_abort,True
9816EQ__2593G1,9816EQ,2593G1,2025-07-16,2025-07-17,1,29.518799375754,31.233275235959002,0.0,0.0,0.0,-0.05808081278580828,-0.05808081278580828,-0.11616162557161656,0.01652,0.0,0.0,0.0,0.0,-0.05808081278580828,-0.11616162557161656,-0.11616162557161656,overnight_abort,True
9816EQ__2593G1,9816EQ,2593G1,2025-08-26,2025-08-27,1,24.749604625754,22.508680371713,0.0,0.0,0.0,0.09054384051489581,0.09054384051489581,0.18108768102979161,0.01652,0.0,0.0,0.0,0.0,0.09054384051489581,0.18108768102979161,0.18108768102979161,overnight_abort,True
9816EQ__2593G1,9816EQ,2593G1,2025-09-02,2025-09-05,3,24.498594375754,23.554424374246,11.921653615865955,11.89657358278721,-0.0021037377772296934,0.03853976220131364,0.036436024424083946,0.07497578662539758,0.01652,8.2e-05,0.1282026628,0.1282552727,0.00041,0.03635383264326203,0.07489359484457567,0.07448426101010065,convergence,False
9816EQ__2593G1,9816EQ,2593G1,2025-09-15,2025-09-17,2,26.275751965959,26.582148697877003,12.918865003716462,13.37804493347606,0.03554336465529305,-0.01166081687462071,0.02388254778067234,0.01222173090605163,0.01652,5.5e-05,0.1285173628,0.1285619717,0.000347,0.023827753260124394,0.012166936385503684,0.011807619786755815,convergence,False
9816EQ__2593G1,9816EQ,2593G1,2026-02-06,2026-02-12,6,19.046659778082,18.724033183836003,9.245732619624437,9.421383659438405,0.018998066139306376,0.0169387492612883,0.03593681540059468,0.05287556466188298,0.01652,0.000164,0.127962323,0.1279418698,-0.00016,0.03577243183895085,0.052711181100239146,0.05287408141800787,convergence,False
9816EQ__2593G1,9816EQ,2593G1,2026-03-23,2026-03-26,3,17.199227350205,17.508961211918002,8.673098884938605,8.780128110997707,0.012340367321876633,-0.01800859163067642,-0.005668224308799789,-0.02367681593947621,0.01652,8.2e-05,0.1277612414,0.1277873684,0.000204,-0.005750416089621707,-0.023759007720298125,-0.023965987620644794,convergence,False
9816EQ__2593G1,9816EQ,2593G1,2026-03-31,2026-04-08,8,17.902053038082,18.554721149795,9.122274442057797,9.319197349798872,0.02158704048994303,-0.03645772416854194,-0.014870683678598912,-0.05132840784714085,0.01652,0.000219,0.1275835624,0.1276764136,0.000728,-0.015089861760790694,-0.05154758592933263,-0.05229052332817859,convergence,False
9818LN__2665TP,9818LN,2665TP,2025-08-21,2025-08-25,4,18.380666125528,18.767989497888003,48.40168904,50.772496178256,0.048981909211819476,-0.021072325111333706,0.02790958410048577,0.006837258989152065,0.016399999999999998,0.00011,1.0,1.0,0.0,0.02779999505938988,0.006727669948056174,0.006727669948056174,convergence,False
9818LN__2665TP,9818LN,2665TP,2025-10-17,2025-10-24,7,18.32050329382,17.800669580652002,47.979407930872,47.102552034564,-0.018275671462460764,0.0283744231711883,0.010098751708727535,0.038473174879915834,0.016399999999999998,0.000192,1.0,1.0,0.0,0.009906970886809726,0.038281394057998026,0.038281394057998026,convergence,False
9818LN__2665TP,9818LN,2665TP,2026-03-04,2026-03-12,8,17.097130211056,16.404529208292,42.87179104,43.343101109128,0.010993477475393152,0.04050978112783654,0.05150325860322969,0.09201303973106624,0.016399999999999998,0.000219,1.0,1.0,0.0,0.05128408052103791,0.09179386164887446,0.09179386164887446,convergence,False
9818LN__2665TP,9818LN,2665TP,2026-03-23,2026-04-16,24,15.462621882764,16.115337748944,40.458750672616,42.825923850872,0.05850831127759451,-0.04221249611668871,0.0162958151609058,-0.02591668095578291,0.016399999999999998,0.000658,1.0,1.0,0.0,0.01563828091433046,-0.02657421520235825,-0.02657421520235825,convergence,False
98215C__539910,98215C,539910,2025-09-18,2025-09-24,6,24.970293227466005,28.3936837855995,130.41962060759954,143.67391048065562,0.10162803580708894,-0.13709853252215498,-0.03547049671506604,-0.172569029237221,0.025465,0.000164,0.006758355,0.0067156912,-0.006313,-0.03563488027670987,-0.17273341279886484,-0.16573493166053227,convergence,False
98215C__539910,98215C,539910,2025-10-31,2025-11-04,1,40.3854163218665,38.9010382018665,0.0,0.0,0.0,0.03675530068006981,0.03675530068006981,0.07351060136013962,0.025465,0.0,0.0,0.0,0.0,0.03675530068006981,0.07351060136013962,0.07351060136013962,overnight_abort,True
98215C__539910,98215C,539910,2026-01-09,2026-01-14,5,41.180833808801005,43.101987941199,209.09320472602926,218.33930839935744,0.04422001033196257,-0.0466516569654161,-0.0024316466334535283,-0.04908330359886963,0.025465,0.000137,0.0062839727,0.0063111392,0.004323,-0.0025686329348233914,-0.049220289900239494,-0.053715168243389164,convergence,False
98215C__539910,98215C,539910,2026-02-06,2026-02-12,6,41.251322518733005,39.189054861934494,201.96687154635532,202.73838024377932,0.003819976471967683,0.049992764616504023,0.053812741088471706,0.10380550570497574,0.025465,0.000164,0.0064149854,0.0065468591,0.020557,0.053648357526827874,0.1036411221433319,0.08342112772932789,convergence,False
98215C__539910,98215C,539910,2026-03-04,2026-03-05,1,44.1410243394005,41.1753218619345,0.0,0.0,0.0,0.0671869881102601,0.0671869881102601,0.1343739762205202,0.025465,0.0,0.0,0.0,0.0,0.0671869881102601,0.1343739762205202,0.1343739762205202,overnight_abort,True
98215C__539910,98215C,539910,2026-03-09,2026-03-12,3,41.835307102466004,44.19444075,221.28414270997925,226.78319706516064,0.02485064807553151,-0.05639097238502007,-0.031540324309488554,-0.08793129669450862,0.025465,8.2e-05,0.0063271113,0.0062756907,-0.008127,-0.03162251609031047,-0.08801348847533054,-0.07961625576364949,convergence,False
98215C__539910,98215C,539910,2026-03-23,2026-03-25,2,42.6931462849345,41.5626439269345,202.00351361322063,208.2775108278692,0.031058851910177647,0.026479715279239827,0.057538567189417474,0.08401828246865731,0.025465,5.5e-05,0.0063013954,0.0062707715,-0.00486,0.05748377266886953,0.08396348794810936,0.08899876043013359,convergence,False
9112YH__362017,9112YH,362017,2025-08-07,2025-08-14,7,7.7202471442014,7.33216896605035,14.738967461235784,14.942012364309228,0.013776060202823704,0.05026758481981127,0.06404364502263497,0.11431122984244625,0.031454,0.000192,0.0067693345,0.0067675025,-0.000271,0.06385186420071716,0.11411944902052844,0.11439388375362117,convergence,False
9112YH__362017,9112YH,362017,2025-09-08,2025-09-09,1,8.16992089855035,7.7972326178993,0.0,0.0,0.0,0.04561712228048364,0.04561712228048364,0.09123424456096728,0.031454,0.0,0.0,0.0,0.0,0.04561712228048364,0.09123424456096728,0.09123424456096728,overnight_abort,True
9112YH__362017,9112YH,362017,2025-09-25,2025-09-26,1,8.084028,7.704220045848951,0.0,0.0,0.0,0.04698251343897489,0.04698251343897489,0.09396502687794978,0.031454,0.0,0.0,0.0,0.0,0.04698251343897489,0.09396502687794978,0.09396502687794978,overnight_abort,True
9112YH__362017,9112YH,362017,2026-01-09,2026-01-14,1,8.401326301100701,8.163346125,0.0,0.0,0.0,0.028326500789467197,0.028326500789467197,0.056653001578934395,0.031454,0.0,0.0,0.0,0.0,0.028326500789467197,0.056653001578934395,0.056653001578934395,overnight_abort,True
9112YH__362017,9112YH,362017,2026-03-09,2026-03-11,2,9.10463683815105,9.2517926707986,18.18052012095526,18.76588455723803,0.03219734267162502,-0.016162735017713755,0.016034607653911268,-0.00012812736380248685,0.031454,5.5e-05,0.0063271113,0.0062912866,-0.005662,0.015979813133363323,-0.00018292188435043206,0.005694756640422013,convergence,False
2559PW__2674EQ,2559PW,2674EQ,2025-07-15,2025-07-16,1,2.74000657610725,2.5217653227855,0.0,0.0,0.0,0.0796499012903127,0.0796499012903127,0.1592998025806254,0.039057,0.0,0.0,0.0,0.0,0.0796499012903127,0.1592998025806254,0.1592998025806254,overnight_abort,True
2559PW__2674EQ,2559PW,2674EQ,2025-10-20,2025-11-12,23,2.42657369667825,2.09652620110725,2.3576333796256215,2.1587199048489087,-0.08436997732374278,0.13601379427412572,0.051643816950382934,0.18765761122450864,0.039057,0.00063,0.128666182,0.1286719765,4.5e-05,0.051013679964081564,0.18702747423820726,0.18698624056549368,convergence,False
2559PW__2674EQ,2559PW,2674EQ,2025-11-21,2025-11-26,5,2.1535846272145003,2.1855298738927496,2.0864661724194944,2.235908133395416,0.07162443511012044,-0.014833522804055324,0.05679091230606512,0.04195738950200979,0.039057,0.000137,0.1285074568,0.1285619717,0.000424,0.05665392600469525,0.04182040320063993,0.04136599589694742,convergence,False
2559PW__2674EQ,2559PW,2674EQ,2026-02-24,2026-02-26,2,2.47712752389275,2.39320464889275,2.4050150055828188,2.454921688577478,0.0207510900675503,0.033879109650405456,0.054630199717955755,0.08850930936836121,0.039057,5.5e-05,0.1278739674,0.1278192076,-0.000428,0.05457540519740781,0.08845451484781326,0.08889182099758064,convergence,False
2559PW__2674EQ,2559PW,2674EQ,2026-03-20,2026-03-24,4,2.416463679429,2.412982704429,2.3544814089906727,2.4930790745385147,0.05886547458756812,0.0014405244447218577,0.060305999032289975,0.06174652347701184,0.039057,0.00011,0.1276511549,0.1277612414,0.000862,0.060196409991194084,0.06163693443591595,0.06072455449352614,convergence,False
9451WD__50876V,9451WD,50876V,2025-07-23,2025-09-19,58,0.3801342235924,0.17671294159239997,0.27493447265424076,0.17491515840069086,-0.3637932824063674,0.5351301444989575,0.17133686209259008,0.7064670065915475,0.194359,0.001589,0.6590001228,0.6594129049,0.000626,0.16974782099669966,0.7048779654956571,0.7044797101036698,convergence,False
9103NM__9091D9,9103NM,9091D9,2025-08-05,2025-08-06,1,12.157852665,11.2279577122985,0.0,0.0,0.0,0.0764851309128363,0.0764851309128363,0.1529702618256726,0.022257,0.0,0.0,0.0,0.0,0.0764851309128363,0.1529702618256726,0.1529702618256726,overnight_abort,True
9103NM__9091D9,9103NM,9091D9,2025-11-06,2025-11-13,7,10.089713578951502,10.3389844260485,55.7139363346948,52.793399106570604,-0.052420227689162345,-0.024705443335577976,-0.07712567102474033,-0.1018311143603183,0.022257,0.000192,0.0065178422,0.0064697696,-0.007376,-0.07731745184665814,-0.10202289518223612,-0.0949820535172733,convergence,False
9103NM__9091D9,9103NM,9091D9,2026-01-09,2026-01-14,5,12.16789218,11.325071444999999,58.062913610950915,57.00038426858868,-0.018299621501629827,0.0692659601623789,0.05096633866074908,0.12023229882312798,0.022257,0.000137,0.0062839727,0.0063111392,0.004323,0.050829352359379215,0.12009531252175812,0.11586955192809602,convergence,False
9103NM__9091D9,9103NM,9091D9,2026-02-09,2026-02-10,1,9.617855370000001,9.372816285395151,0.0,0.0,0.0,0.02547751813457032,0.02547751813457032,0.05095503626914064,0.022257,0.0,0.0,0.0,0.0,0.02547751813457032,0.05095503626914064,0.05095503626914064,overnight_abort,True
9103NM__9091D9,9103NM,9091D9,2026-02-13,2026-02-18,5,8.684180173814552,8.11181908360485,40.17144121366174,40.56957899140772,0.009910965743757752,0.06590847711054462,0.07581944285430238,0.141727919964847,0.022257,0.000137,0.0065235828,0.0064584877,-0.009978,0.07568245655293251,0.14159093366347714,0.15176982667370714,convergence,False
9103NM__9091D9,9103NM,9091D9,2026-03-31,2026-04-01,1,8.965287296580602,8.9445151315806,0.0,0.0,0.0,0.0023169547514584068,0.0023169547514584068,0.0046339095029168135,0.022257,0.0,0.0,0.0,0.0,0.0023169547514584068,0.0046339095029168135,0.0046339095029168135,overnight_abort,True
7731LX__314060,7731LX,314060,2025-07-17,2025-07-23,6,24.865704485481,23.035766748519,4.789587172052727,4.664811937672498,-0.026051354719733043,0.07359283699484549,0.04754148227511245,0.12113431926995794,0.050761,0.000164,0.1274331772,0.1273909725,-0.000331,0.04737709871346862,0.1209699357083141,0.12129260543586838,convergence,False
7731LX__314060,7731LX,314060,2025-08-13,2025-08-14,1,25.8338499086055,24.8563451472595,0.0,0.0,0.0,0.03783813735870568,0.03783813735870568,0.07567627471741135,0.050761,0.0,0.0,0.0,0.0,0.03783813735870568,0.07567627471741135,0.07567627471741135,overnight_abort,True
7731LX__314060,7731LX,314060,2025-08-22,2025-08-25,1,26.496249,26.474861250481002,0.0,0.0,0.0,0.0008071991442636621,0.0008071991442636621,0.0016143982885273242,0.050761,0.0,0.0,0.0,0.0,0.0008071991442636621,0.0016143982885273242,0.0016143982885273242,overnight_abort,True
7731LX__314060,7731LX,314060,2025-10-17,2025-10-21,4,24.777054150846,23.968619410673,4.948465955805696,4.876441457905765,-0.014554914299335439,0.032628363939116424,0.018073449639780984,0.05070181357889741,0.050761,0.00011,0.1287307723,0.128666182,-0.000502,0.017963860598685093,0.05059222453780152,0.051086917025987125,convergence,False
7731LX__314060,7731LX,314060,2026-02-02,2026-02-03,1,26.659306916346,26.229632875481002,0.0,0.0,0.0,0.016117224735559297,0.016117224735559297,0.032234449471118594,0.050761,0.0,0.0,0.0,0.0,0.016117224735559297,0.032234449471118594,0.032234449471118594,overnight_abort,True
7731LX__314060,7731LX,314060,2026-02-06,2026-02-12,6,28.300037200432502,26.710270681346,5.6529020414899245,5.464330717253744,-0.03335832159343048,0.056175421531326,0.02281709993789552,0.07899252146922152,0.050761,0.000164,0.127962323,0.1279418698,-0.00016,0.022652716376251682,0.07882813790757769,0.07898266836432088,convergence,False
7731LX__314060,7731LX,314060,2026-03-23,2026-03-24,1,22.8886899236055,21.9528490345675,0.0,0.0,0.0,0.04088660784699837,0.04088660784699837,0.08177321569399675,0.050761,0.0,0.0,0.0,0.0,0.04088660784699837,0.08177321569399675,0.08177321569399675,overnight_abort,True
7731LX__314060,7731LX,314060,2026-03-31,2026-04-16,16,23.176070278432498,21.884178223173,4.616782076075185,4.467691635003979,-0.0322931510767671,0.05574249817760198,0.023449347100834884,0.07919184527843687,0.050761,0.000438,0.1275835624,0.1277996102,0.001693,0.02301099093645132,0.0787534891140533,0.07711756130936274,convergence,False
9331D3__9301C6,9331D3,9301C6,2025-11-07,2025-11-11,1,8.28425346639845,8.28252990419535,0.0,0.0,0.0,0.00020805280887301576,0.00020805280887301576,0.0004161056177460315,0.041593000000000005,0.0,0.0,0.0,0.0,0.00020805280887301576,0.0004161056177460315,0.0004161056177460315,overnight_abort,True
98208H__2584JD,98208H,2584JD,2025-08-19,2025-08-20,1,20.885839352189002,20.226764373126002,0.0,0.0,0.0,0.03155606858548032,0.03155606858548032,0.06311213717096063,0.031948000000000004,0.0,0.0,0.0,0.0,0.03155606858548032,0.06311213717096063,0.06311213717096063,overnight_abort,True
98208H__2584JD,98208H,2584JD,2025-08-21,2025-08-25,4,22.909966625000003,22.907791238748,11.865429578016144,11.608082945145846,-0.02168877503997844,9.495370672554168e-05,-0.0215938213332529,-0.02149886762652736,0.031948000000000004,0.00011,0.1279680543,0.1280090151,0.00032,-0.02170341037434879,-0.02160845666762325,-0.02192150032624413,convergence,False
98208H__2584JD,98208H,2584JD,2025-10-27,2025-11-04,8,23.181870165157502,22.530458243905503,11.291273518384209,11.332708387462933,0.003669636468487007,0.028100059081129482,0.03176969554961649,0.059869754630745974,0.031948000000000004,0.000219,0.1287084144,0.1286272929,-0.00063,0.03155051746742471,0.05965057654855419,0.060283561855009285,convergence,False
98208H__2584JD,98208H,2584JD,2025-11-10,2025-11-13,3,26.223094217811003,26.194513994842502,14.084033638303124,13.505464866532902,-0.04107976355557249,0.0010898875140786547,-0.03998987604149384,-0.03889998852741518,0.031948000000000004,8.2e-05,0.1286562531,0.1286810882,0.000193,-0.04007206782231575,-0.038982180308237094,-0.03916724930553285,convergence,False
98208H__2584JD,98208H,2584JD,2026-04-14,2026-04-21,7,17.995648876874,17.088994835779502,8.712601060367971,8.644360200891791,-0.007832432473764406,0.05038184770651025,0.042549415232745844,0.09293126293925609,0.031948000000000004,0.000192,0.1276478928,0.1277065797,0.00046,0.042357634410828036,0.09273948211733828,0.09228353662920893,convergence,False
2580RJ__2710VN,2580RJ,2710VN,2025-08-20,2025-08-22,2,22.260152736318002,22.653645464477,11.196711413084923,11.729577025335571,0.04759126073642656,-0.017677000370127878,0.029914260366298684,0.012237259996170806,0.033404,5.5e-05,0.1279754254,0.1279680543,-5.8e-05,0.02985946584575074,0.01218246547562286,0.012242807878922391,convergence,False
2580RJ__2710VN,2580RJ,2710VN,2025-10-06,2025-10-09,3,24.528510486318,23.219001777364,12.194996859900781,12.116576738608432,-0.006430515906913313,0.05338720872123262,0.04695669281431931,0.10034390153555192,0.033404,8.2e-05,0.1284983697,0.1285066212,6.4e-05,0.04687450103349739,0.10026170975473,0.10019791196344542,convergence,False
2580RJ__2710VN,2580RJ,2710VN,2025-12-18,2025-12-19,1,21.544353797364,20.650137554728,0.0,0.0,0.0,0.0415058279791807,0.0415058279791807,0.0830116559583614,0.033404,0.0,0.0,0.0,0.0,0.0415058279791807,0.0830116559583614,0.0830116559583614,overnight_abort,True
2580RJ__2710VN,2580RJ,2710VN,2026-04-15,2026-04-21,6,14.346102570000001,13.70724262,7.172805762973669,6.951194713496803,-0.030896005942448804,0.04453195192790264,0.013635945985453833,0.05816789791335647,0.033404,0.000164,0.1277996102,0.1277065797,-0.000728,0.013471562423809997,0.05800351435171264,0.05870947820518808,convergence,False
2595KM__9911DF,2595KM,9911DF,2025-10-17,2025-11-03,17,12.6278567023425,12.718112849999999,3.120145805696403,3.208465922169262,0.02830640680689172,-0.007147384531276478,0.021159022275615242,0.014011637744338763,0.01945,0.000466,0.1287307723,0.1286595521,-0.000553,0.020693268850957708,0.013545884319681229,0.014115108965334801,convergence,False
2595KM__9911DF,2595KM,9911DF,2026-03-04,2026-03-06,2,12.801693450000002,12.469323475,3.179333600029019,3.182789058790446,0.0010868500120261974,0.025962969375743206,0.027049819387769403,0.05301278876351261,0.01945,5.5e-05,0.1278854147,0.1278339182,-0.000403,0.026995024867221457,0.05295799424296467,0.05336127116428212,convergence,False
9344KQ__9330CR,9344KQ,9330CR,2025-07-18,2025-07-23,5,34.469348982849,33.403960213547,16.757784748590016,16.87168934112895,0.0067971151466495044,0.030908293911559078,0.037705409058208586,0.06861370296976765,0.034257,0.000137,0.1273909725,0.1273909725,0.0,0.03756842275683872,0.06847671666839779,0.0684767166683978,convergence,False
9344KQ__9330CR,9344KQ,9330CR,2025-11-25,2025-11-26,1,26.883665232848998,26.0489713450285,0.0,0.0,0.0,0.031048366381254747,0.031048366381254747,0.062096732762509495,0.034257,0.0,0.0,0.0,0.0,0.031048366381254747,0.062096732762509495,0.062096732762509495,overnight_abort,True
9344KQ__9330CR,9344KQ,9330CR,2026-03-31,2026-04-16,16,22.1299731171225,22.223173285698,10.515110571388332,11.277519408578454,0.07250602188289304,-0.004211490365679138,0.0682945315172139,0.06408304115153476,0.034257,0.000438,0.1275835624,0.1277996102,0.001693,0.06785617535283034,0.0636446849871512,0.06183159208215773,convergence,False
9602NL__29375R,9602NL,29375R,2025-08-06,2025-08-15,9,7.017174500000001,7.54145203877325,15.0529127795816,15.209548150762817,0.01040565194755421,-0.07471348172590674,-0.06430782977835253,-0.13902131150425925,0.009124,0.000247,0.0067969414,0.0067937086,-0.000476,-0.06455440512081828,-0.139267886846725,-0.13878708327036682,convergence,False
9602NL__29375R,9602NL,29375R,2025-09-25,2025-10-07,12,8.3002143336686,7.711034045981401,14.830038602893074,15.440860914064642,0.041188180794917616,0.0709837437928894,0.112171924587807,0.1831556683806964,0.009124,0.000329,0.0066887391,0.0065830618,-0.015799,0.11184315746451934,0.18282690125740875,0.19954100163822536,convergence,False
9602NL__29375R,9602NL,29375R,2025-11-12,2025-11-13,1,7.748965154018601,8.24971005377325,0.0,0.0,0.0,-0.06462087385887433,-0.06462087385887433,-0.12924174771774866,0.009124,0.0,0.0,0.0,0.0,-0.06462087385887433,-0.12924174771774866,-0.12924174771774866,overnight_abort,True
9602NL__29375R,9602NL,29375R,2026-03-16,2026-03-18,2,5.403224765981401,5.0176586954907,10.506051770921145,10.301922832232238,-0.019429652845791127,0.07135851036925536,0.05192885752346424,0.1232873678927196,0.009124,5.5e-05,0.00628911,0.0062548866,-0.005442,0.0518740630029163,0.12323257337217165,0.12859773078666378,convergence,False
95296E__93369K,95296E,93369K,2025-07-22,2025-07-31,9,8.059692,7.6028448107461495,0.38698624137866017,0.38754677458067266,0.0014484577023089014,0.056682958759944,0.0581314164622529,0.11481437522219691,0.020061000000000002,0.000247,0.1273909725,0.1273917774,6e-06,0.057884841119787145,0.11456779987973116,0.11456147242375209,convergence,False
95296E__93369K,95296E,93369K,2026-01-06,2026-01-30,24,8.51304957425385,8.4663532064923,0.4409100961013349,0.4314595234083865,-0.021434239715790893,0.005485269098252935,-0.015948970617537958,-0.010463701519285022,0.020061000000000002,0.000658,0.1282158161,0.1279795184,-0.001843,-0.0166065048641133,-0.011121235765860365,-0.009314440105548535,convergence,False
95296E__93369K,95296E,93369K,2026-02-24,2026-04-13,48,9.7018544464923,7.26538152223845,0.4190212327374631,0.3795709176667072,-0.09414872562191479,0.25113476373939575,0.15698603811748096,0.4081208018568767,0.020061000000000002,0.001315,0.1278126794,0.1277008718,-0.000875,0.15567096962433027,0.40680573336372605,0.4075988450748486,convergence,False
