pair_id,adr_ticker,underlying_ticker,open_date,close_date,duration_days,adr_open_price,adr_cover_price,local_open_price_usd,local_close_price_usd,local_return,adr_return,roce,ruce,roll_cost_pct,borrow_cost,fx_open,fx_close,fx_pnl,roce_net,ruce_net,ruce_net_fx,close_reason,was_aborted,spans_adj_change
132934__932068,132934,932068,2021-01-12,2021-01-15,3,47.144255601072004,45.405341654048,22.755810907951645,22.190475532467293,-0.02484356095993068,0.03688495925650933,0.012041398296578649,0.04892635755308798,0.051462999999999995,8.2e-05,0.0096278814,0.0096251013,-0.000289,0.01195920651575673,0.048844165772266065,0.04912582851343386,convergence,False,False
132934__932068,132934,932068,2023-08-07,2023-08-08,1,31.567616,35.49319530755999,0.0,0.0,0.0,-0.12435463316456942,-0.12435463316456942,-0.24870926632913884,0.051462999999999995,0.0,0.0,0.0,0.0,-0.12435463316456942,-0.24870926632913884,-0.24870926632913884,overnight_abort,True,False
132934__932068,132934,932068,2024-08-05,2024-08-20,15,36.845333705415996,37.692514320536,17.3608105502065,18.56372304404811,0.06928895919708661,-0.02299288756327571,0.0462960716338109,0.023303184070535186,0.051462999999999995,0.000411,0.0068168645,0.0068364382,0.002871,0.04588511272970131,0.022892225166425598,0.019830697995648974,convergence,False,False
132934__932068,132934,932068,2024-10-18,2024-10-22,4,41.432496,39.385077333511994,20.26586365365407,19.379275755336682,-0.0437478467964295,0.049415769363448596,0.005667922567019097,0.05508369193046769,0.051462999999999995,0.00011,0.0066295412,0.0065462163,-0.012569,0.005558333525923206,0.0549741028893718,0.06714596085875663,convergence,False,False
132934__932068,132934,932068,2024-10-29,2024-11-05,7,40.64330264053601,37.88508362755999,19.806302523963645,19.48285018484068,-0.016330778484859594,0.06786404730370205,0.05153326881884245,0.1193973161225445,0.051462999999999995,0.000192,0.006518055,0.0064668413,-0.007857,0.051341487996924645,0.11920553530062669,0.1269956353004381,convergence,False,False
132934__932068,132934,932068,2024-11-13,2024-11-25,12,37.042628345952004,36.08103429458399,17.804206350662863,17.493659983057267,-0.017442303323676897,0.02595912045947173,0.008516817135794833,0.03447593759526656,0.051462999999999995,0.000329,0.0063995904,0.0065314653,0.020607,0.008188050012507163,0.03414717047197889,0.014308636231673022,convergence,False,False
132934__932068,132934,932068,2025-04-09,2025-04-10,1,33.363032051904,32.807379385952,0.0,0.0,0.0,0.016654741244367582,0.016654741244367582,0.033309482488735165,0.051462999999999995,0.0,0.0,0.0,0.0,0.016654741244367582,0.033309482488735165,0.033309482488735165,overnight_abort,True,False
133142__912732,133142,912732,2021-02-12,2021-02-16,1,3.5923018554631003,4.025945536561499,0.0,0.0,0.0,-0.1207147112203064,-0.1207147112203064,-0.2414294224406128,0.037679,0.0,0.0,0.0,0.0,-0.1207147112203064,-0.2414294224406128,-0.2414294224406128,overnight_abort,True,False
133142__912732,133142,912732,2021-03-09,2021-03-11,2,3.9201322274139003,3.9216519045738,7.844502317357979,7.656987403473408,-0.023903991139074147,-0.00038765966853681455,-0.024291650807610962,-0.024679310476147777,0.037679,5.5e-05,0.0092255169,0.0091730496,-0.005687,-0.024346445328158908,-0.024734104996695722,-0.019151106500131587,convergence,False,False
133142__912732,133142,912732,2021-03-15,2021-03-18,3,3.9477803079262004,4.0785977220000005,8.087522632726117,8.095067428323121,0.0009328932900261101,-0.03313695390068945,-0.03220406061066334,-0.0653410145113528,0.037679,8.2e-05,0.0091747328,0.0091840015,0.00101,-0.032286252391485255,-0.06542320629217471,-0.06643337018511804,convergence,False,False
133142__912732,133142,912732,2021-05-14,2021-05-17,1,4.5935629145615,4.6820835659507996,0.0,0.0,0.0,-0.019270586478459046,-0.019270586478459046,-0.03854117295691809,0.037679,0.0,0.0,0.0,0.0,-0.019270586478459046,-0.03854117295691809,-0.03854117295691809,overnight_abort,True,False
133142__912732,133142,912732,2023-02-14,2023-02-21,7,4.315107627413901,4.1190995744631005,8.522883943870735,8.08736434470397,-0.05110002694334128,0.04542367650474347,-0.0056763504385978075,0.039747326066145665,0.037679,0.000192,0.0074557316,0.0074120743,-0.005856,-0.0058681312605156155,0.03955554524422786,0.04514458943307633,convergence,False,False
133142__912732,133142,912732,2023-05-17,2023-05-31,14,4.4375490139754,4.530199340950801,8.864095327980438,8.935228627105248,0.008024879752846326,-0.020878716310200073,-0.012853836557353747,-0.03373255286755382,0.037679,0.000384,0.0072085055,0.0072048705,-0.000504,-0.013237398201189363,-0.034116114511389434,-0.03360754597599361,convergence,False,False
133142__912732,133142,912732,2023-06-15,2023-06-23,8,5.2650228719508005,4.7995409024631,10.285907797901498,9.465337988784666,-0.07977611944803176,0.08841024641460477,0.008634126966573008,0.09704437338117777,0.037679,0.000219,0.0070504454,0.0069679128,-0.011706,0.008414948884381226,0.09682519529898599,0.10772493983138651,convergence,False,False
133142__912732,133142,912732,2023-11-14,2023-11-15,1,5.1267820744139,5.3037977445369,0.0,0.0,0.0,-0.03452763693749091,-0.03452763693749091,-0.06905527387498182,0.037679,0.0,0.0,0.0,0.0,-0.03452763693749091,-0.06905527387498182,-0.06905527387498182,overnight_abort,True,False
133142__912732,133142,912732,2024-02-14,2024-02-15,1,6.5091959744139,7.478981751299999,0.0,0.0,0.0,-0.14898703014905318,-0.14898703014905318,-0.29797406029810636,0.037679,0.0,0.0,0.0,0.0,-0.14898703014905318,-0.29797406029810636,-0.29797406029810636,overnight_abort,True,False
133142__912732,133142,912732,2024-03-01,2024-03-05,4,8.6815606744139,8.8396606799262,17.608611499419705,17.26823963972021,-0.019329852311791417,-0.018211011987539057,-0.03754086429933047,-0.055751876286869534,0.037679,0.00011,0.0066434147,0.0066938885,0.007598,-0.03765045334042636,-0.055861465327965425,-0.06325599376989946,convergence,False,False
133142__912732,133142,912732,2024-03-12,2024-03-13,1,9.2819219,9.277088057975398,0.0,0.0,0.0,0.0005207802949303608,0.0005207802949303608,0.0010415605898607217,0.037679,0.0,0.0,0.0,0.0,0.0005207802949303608,0.0010415605898607217,0.0010415605898607217,overnight_abort,True,False
133142__912732,133142,912732,2024-07-01,2024-07-11,10,7.8876593304631,7.6873683255861,15.534174232000652,15.186178081499172,-0.022401972921393027,0.025392958352480045,0.0029909854310870183,0.028383943783567064,0.037679,0.000274,0.0061934841,0.0063149253,0.019608,0.0027170128283472922,0.028109971180827337,0.009309958213760362,convergence,False,False
133142__912732,133142,912732,2024-08-05,2024-08-06,1,5.54940427125615,5.97411254623155,0.0,0.0,0.0,-0.07653222836462474,-0.07653222836462474,-0.15306445672924948,0.037679,0.0,0.0,0.0,0.0,-0.07653222836462474,-0.15306445672924948,-0.15306445672924948,overnight_abort,True,False
133142__912732,133142,912732,2024-09-26,2024-09-27,1,8.09699560125615,8.4042606525123,0.0,0.0,0.0,-0.037948032379871904,-0.037948032379871904,-0.07589606475974381,0.037679,0.0,0.0,0.0,0.0,-0.037948032379871904,-0.07589606475974381,-0.07589606475974381,overnight_abort,True,False
133142__912732,133142,912732,2025-02-14,2025-02-18,1,8.615894829237702,8.9915463225123,0.0,0.0,0.0,-0.04359982343329435,-0.04359982343329435,-0.0871996468665887,0.037679,0.0,0.0,0.0,0.0,-0.04359982343329435,-0.0871996468665887,-0.0871996468665887,overnight_abort,True,False
133142__912732,133142,912732,2025-04-09,2025-04-10,1,7.1391799600246,6.915795044999999,0.0,0.0,0.0,0.03128999636869087,0.03128999636869087,0.06257999273738174,0.037679,0.0,0.0,0.0,0.0,0.03128999636869087,0.06257999273738174,0.06257999273738174,overnight_abort,True,False
133142__912732,133142,912732,2025-08-14,2025-08-15,1,10.0916224574385,11.077422809999998,0.0,0.0,0.0,-0.09768502108745333,-0.09768502108745333,-0.19537004217490667,0.037679,0.0,0.0,0.0,0.0,-0.09768502108745333,-0.19537004217490667,-0.19537004217490667,overnight_abort,True,False
133142__912732,133142,912732,2025-10-07,2025-10-10,3,12.42197633,13.092421207561499,24.319126300181075,25.647181498162826,0.054609494666420746,-0.05397248068669431,0.0006370139797264376,-0.05333546670696787,0.037679,8.2e-05,0.0065494318,0.0065856626,0.005532,0.0005548221989045199,-0.05341765848778979,-0.05921955694510834,convergence,False,False
133142__912732,133142,912732,2025-10-16,2025-10-29,13,13.07368574,13.218991395061499,25.505157469314216,25.61594502753519,0.0043437315905327945,-0.011114360399296154,-0.006770628808763359,-0.01788498920805951,0.037679,0.000356,0.0066385634,0.0064882401,-0.022644,-0.007126793192325003,-0.018241153591621154,0.005028062981761123,convergence,False,False
133142__912732,133142,912732,2025-11-05,2025-11-07,2,13.448912369999999,13.989549684,27.223708584652616,27.97764175986354,0.027693992273923884,-0.04019933353168256,-0.012505341257758679,-0.05270467478944124,0.037679,5.5e-05,0.0065331718,0.0064871878,-0.007039,-0.012560135778306624,-0.05275946930998918,-0.045474728680047226,convergence,False,False
133227__912718,133227,912718,2021-01-28,2021-01-29,1,15.5073029361645,15.449846565342,0.0,0.0,0.0,0.003705116941290048,0.003705116941290048,0.007410233882580096,0.007062000000000001,0.0,0.0,0.0,0.0,0.003705116941290048,0.007410233882580096,0.007410233882580096,overnight_abort,True,False
133227__912718,133227,912718,2021-04-28,2021-04-30,1,15.220547763536251,15.918553782713749,0.0,0.0,0.0,-0.04585945460187089,-0.04585945460187089,-0.09171890920374177,0.007062000000000001,0.0,0.0,0.0,0.0,-0.04585945460187089,-0.09171890920374177,-0.09171890920374177,overnight_abort,True,False
133227__912718,133227,912718,2021-06-21,2021-06-22,1,17.569454422671,18.181890548963747,0.0,0.0,0.0,-0.03485800478257765,-0.03485800478257765,-0.0697160095651553,0.007062000000000001,0.0,0.0,0.0,0.0,-0.03485800478257765,-0.0697160095651553,-0.0697160095651553,overnight_abort,True,False
133227__912718,133227,912718,2021-07-09,2021-07-13,4,19.41466975154925,19.1243154047435,19.317838508200285,18.876725112964643,-0.022834510965002292,0.014955410033826772,-0.00787910093117552,0.0070763091026512515,0.007062000000000001,0.00011,0.0090608427,0.0090904951,0.003273,-0.007988689972271411,0.006966720061555361,0.003779291695078083,convergence,False,False
133227__912718,133227,912718,2021-09-22,2021-09-27,5,18.881056983707246,18.858631249829,18.769699729932224,18.50017572164358,-0.014359526905954302,0.0011877372065345023,-0.0131717896994198,-0.011984052492885297,0.007062000000000001,0.000137,0.0090305677,0.0089674035,-0.006994,-0.013308776000789663,-0.01212103879425516,-0.005178428040695783,convergence,False,False
133227__912718,133227,912718,2022-04-28,2022-05-02,1,15.3302638572435,15.04881086146375,0.0,0.0,0.0,0.01835930538447741,0.01835930538447741,0.03671861076895482,0.007062000000000001,0.0,0.0,0.0,0.0,0.01835930538447741,0.03671861076895482,0.03671861076895482,overnight_abort,True,False
133227__912718,133227,912718,2023-04-27,2023-05-02,5,13.93886614137825,13.324362297585498,13.197099458716584,13.422283481180923,0.0170631450621982,0.04408564065111189,0.06114878571331009,0.10523442636442198,0.007062000000000001,0.000137,0.0073370263,0.0074021979,0.008883,0.061011799411940223,0.10509744006305212,0.09614285206632535,convergence,False,False
133227__912718,133227,912718,2024-01-22,2024-01-23,1,14.10344053129275,14.073792452371748,0.0,0.0,0.0,0.002102187679326754,0.002102187679326754,0.004204375358653508,0.007062000000000001,0.0,0.0,0.0,0.0,0.002102187679326754,0.004204375358653508,0.004204375358653508,overnight_abort,True,False
133227__912718,133227,912718,2024-04-25,2024-04-30,5,16.527166244316,15.3395591525855,14.855042870612122,15.524032456105488,0.0450345105914729,0.07185787776164837,0.11689238835312127,0.18875026611476964,0.007062000000000001,0.000137,0.0063153237,0.0064731199,0.024986,0.1167554020517514,0.1886132798133998,0.16313831917808166,convergence,False,False
133227__912718,133227,912718,2024-07-25,2024-07-26,1,16.9560465,17.68560822,0.0,0.0,0.0,-0.04302664067357916,-0.04302664067357916,-0.08605328134715833,0.007062000000000001,0.0,0.0,0.0,0.0,-0.04302664067357916,-0.08605328134715833,-0.08605328134715833,overnight_abort,True,False
133227__912718,133227,912718,2024-08-05,2024-08-06,1,16.008506714658,16.4724727469015,0.0,0.0,0.0,-0.028982467916178135,-0.028982467916178135,-0.05796493583235627,0.007062000000000001,0.0,0.0,0.0,0.0,-0.028982467916178135,-0.05796493583235627,-0.05796493583235627,overnight_abort,True,False
133227__912718,133227,912718,2024-08-08,2024-08-14,6,16.7266461520725,16.8935726930985,16.560687503056872,16.470211158536213,-0.005463320559847476,-0.009979677904844934,-0.01544299846469241,-0.025422676369537343,0.007062000000000001,0.000164,0.0068198863,0.006698821,-0.017752,-0.015607382026336247,-0.02558705993118118,-0.007613168487085793,convergence,False,False
133227__912718,133227,912718,2024-09-26,2024-10-01,5,20.895830782756498,20.923955374658,20.874880807709076,20.272351500026186,-0.028863844217035046,-0.0013459427478093304,-0.030209786964844377,-0.031555729712653705,0.007062000000000001,0.000137,0.0070325956,0.0068275697,-0.029154,-0.03034677326621424,-0.03169271601402357,-0.0025303532538245074,convergence,False,False
133227__912718,133227,912718,2025-04-07,2025-04-10,3,18.51450665625,19.039104660513,18.305681554433242,18.707256418248594,0.021937170851641905,-0.028334430617189113,-0.006397259765547208,-0.034731690382736324,0.007062000000000001,8.2e-05,0.0068355036,0.0069674273,0.0193,-0.006479451546369126,-0.03481388216355824,-0.054163597193420183,convergence,False,False
133227__912718,133227,912718,2025-04-24,2025-05-07,13,21.943119,22.387736220171,21.593867805970095,22.21033997817642,0.02854848319650676,-0.02026226172181815,0.008286221474688608,-0.011976040247129543,0.007062000000000001,0.000356,0.0069591839,0.0068530702,-0.015248,0.007930057091126964,-0.012332204630691186,0.003593954301894849,convergence,False,False
133227__912718,133227,912718,2025-08-28,2025-09-02,5,24.366829253098498,23.9116711930985,24.103832407086312,23.94762479203415,-0.006480613224237191,0.018679412707836025,0.012198799483598834,0.03087821219143486,0.007062000000000001,0.000137,0.0068006393,0.006752194,-0.007124,0.01206181318222897,0.030741225890064998,0.037869478536266744,convergence,False,False
133227__912718,133227,912718,2025-10-03,2025-10-06,1,24.3598593205725,26.1775084075855,0.0,0.0,0.0,-0.074616567488875,-0.074616567488875,-0.14923313497775,0.007062000000000001,0.0,0.0,0.0,0.0,-0.074616567488875,-0.14923313497775,-0.14923313497775,overnight_abort,True,False
133227__912718,133227,912718,2025-10-30,2025-11-04,5,28.1270859077565,25.385472880684,26.836165920505696,25.47550097593376,-0.05070265806980436,0.097472345200057,0.04676968713025264,0.14424203233030963,0.007062000000000001,0.000137,0.0064932953,0.0064884506,-0.000746,0.046632700828882774,0.14410504602893978,0.1448138532798495,convergence,False,False
133345__997914,133345,997914,2022-07-19,2022-07-26,7,6.2426049836738,6.1797614251016,3.0272456007561748,3.023945395368383,-0.0010901677045851875,0.010066880530892781,0.008976712826307593,0.019043593357200374,0.02987,0.000192,0.1273893481,0.127399084,7.6e-05,0.008784932004389784,0.018851812535282567,0.01877547535976371,convergence,False,False
133345__997914,133345,997914,2022-12-16,2022-12-21,5,6.420401,6.2455579212246,3.0861083241967986,3.0834326481910774,-0.0008670065093769974,0.02723242345383094,0.02636541694445394,0.053597840398284885,0.02987,0.000137,0.1285107482,0.1282881932,-0.001732,0.02622843064308408,0.05346085409691502,0.055194155017441925,convergence,False,False
133345__997914,133345,997914,2023-01-04,2023-01-13,9,7.0130537951016,6.664121541,3.387591991018278,3.266338033476178,-0.03579355420121073,0.04975468095586521,0.013961126754654482,0.06371580771051968,0.02987,0.000247,0.1279737861,0.1279353126,-0.000301,0.01371455141218873,0.06346923236805393,0.06375919450546957,convergence,False,False
133345__997914,133345,997914,2024-02-08,2024-02-20,12,3.6448118648984003,3.4315143448984,1.705373466761423,1.7214915306372431,0.009451339656661208,0.05852085866328959,0.0679721983199508,0.1264930569832404,0.02987,0.000329,0.1278796908,0.1278617113,-0.000141,0.06764343119666313,0.12616428985995273,0.1263062356400993,convergence,False,False
133345__997914,133345,997914,2025-02-26,2025-03-06,8,3.5954249551016,3.2999222636738,1.7453425132036422,1.6889870822173432,-0.032289038145788644,0.08218852990061908,0.04989949175483043,0.1320880216554495,0.02987,0.000219,0.1285570069,0.1286885269,0.001023,0.04968031367263865,0.13186884357325773,0.13087984052248877,convergence,False,False
133345__997914,133345,997914,2025-04-09,2025-04-22,13,3.2497106600000003,3.1480847563261998,1.5327169402671326,1.5910607965135564,0.0380656432467271,0.031272292922779936,0.06933793616950704,0.10061022909228698,0.02987,0.000356,0.1288875647,0.1288651507,-0.000174,0.06898177178594539,0.10025406470872533,0.10043461936761777,convergence,False,False
133345__997914,133345,997914,2025-05-15,2025-05-27,12,3.49664916,3.000803773123,1.6281165501580859,1.6100737424926868,-0.011082012318864524,0.14180587304818418,0.13072386072931966,0.27252973377750384,0.02987,0.000329,0.1278543532,0.1275209245,-0.002608,0.130395093606032,0.27220096665421617,0.27478668849031485,convergence,False,False
133553__745287,133553,745287,2021-02-22,2021-02-25,3,20.2883076564245,19.284190673779,19.857082743716486,18.43538623008298,-0.07159644404883106,0.049492397278761445,-0.022104046770069614,0.02738835050869183,0.01262,8.2e-05,0.791108197,0.7705941281,-0.025931,-0.02218623855089153,0.027306158727869914,0.05202128932553745,convergence,False,False
133553__745287,133553,745287,2021-10-13,2021-10-14,1,18.24450505275,18.559018130767498,0.0,0.0,0.0,-0.017238783793155923,-0.017238783793155923,-0.03447756758631185,0.01262,0.0,0.0,0.0,0.0,-0.017238783793155923,-0.03447756758631185,-0.03447756758631185,overnight_abort,True,False
133553__745287,133553,745287,2021-11-05,2021-11-16,11,19.016226714593,18.442249586221,19.07651969726229,18.159512797509883,-0.04806992650153108,0.03018354466354421,-0.01788638183798687,0.012297162825557338,0.01262,0.000301,0.7421975371,0.7266915854,-0.020892,-0.01818775170100057,0.01199579296254364,0.03230782359286929,convergence,False,False
133553__745287,133553,745287,2022-01-19,2022-01-20,1,17.958662999999998,18.4222146814825,0.0,0.0,0.0,-0.025812148793175928,-0.025812148793175928,-0.051624297586351856,0.01262,0.0,0.0,0.0,0.0,-0.025812148793175928,-0.051624297586351856,-0.051624297586351856,overnight_abort,True,False
133553__745287,133553,745287,2022-01-25,2022-01-28,3,17.9187618439245,15.0043796072965,16.961889420269717,15.132293292036323,-0.10786511354371871,0.16264417497217562,0.05477906142845691,0.21742323640063255,0.01262,8.2e-05,0.7033339506,0.7066637901,0.004734,0.054696869647634996,0.21734104461981063,0.2131372548885867,convergence,False,False
133553__745287,133553,745287,2022-02-11,2022-02-15,4,17.0607368339245,16.768416435814,16.749059378838666,16.817733380159307,0.004100170628531304,0.0171341015898701,0.021234272218401403,0.0383683738082715,0.01262,0.00011,0.7126058478,0.7194504435,0.009605,0.021124683177305512,0.03825878476717561,0.02870613277794483,convergence,False,False
133553__745287,133553,745287,2022-09-28,2022-10-05,7,11.05455478,11.636662365,11.003064976757653,11.232816391149045,0.02088067414640452,-0.05265771409022763,-0.03177703994382311,-0.08443475403405075,0.01262,0.000192,0.6500047483,0.6407998002,-0.014161,-0.03196882076574092,-0.08462653485596856,-0.06996180865150105,convergence,False,False
133553__745287,133553,745287,2022-11-10,2022-11-11,1,13.309365687703501,13.4608429972965,0.0,0.0,0.0,-0.011381256864325836,-0.011381256864325836,-0.022762513728651672,0.01262,0.0,0.0,0.0,0.0,-0.011381256864325836,-0.022762513728651672,-0.022762513728651672,overnight_abort,True,False
133553__745287,133553,745287,2023-03-17,2023-03-20,1,16.960959499999998,17.429936135,0.0,0.0,0.0,-0.027650359933941278,-0.027650359933941278,-0.055300719867882556,0.01262,0.0,0.0,0.0,0.0,-0.027650359933941278,-0.055300719867882556,-0.055300719867882556,overnight_abort,True,False
133553__745287,133553,745287,2023-10-06,2023-10-09,1,16.082976429186,16.1219462185755,0.0,0.0,0.0,-0.0024230458560380998,-0.0024230458560380998,-0.0048460917120761995,0.01262,0.0,0.0,0.0,0.0,-0.0024230458560380998,-0.0048460917120761995,-0.0048460917120761995,overnight_abort,True,False
134517__314713,134517,314713,2021-11-05,2021-11-16,11,9.899026921648801,9.61948876,19.71669958860276,19.24217186343138,-0.024067300058965325,0.028238953572038684,0.004171653513073359,0.03241060708511204,0.015522999999999999,0.000301,0.0008467759,0.0008470377,0.000309,0.00387028365005966,0.032109237222098345,0.03180759872260231,convergence,False,False
134517__314713,134517,314713,2021-12-29,2022-01-03,5,9.610222401236602,9.328293379999998,18.72398851839036,18.512132462227736,-0.011314686288903818,0.029336368032474053,0.018021681743570234,0.047358049776044284,0.015522999999999999,0.000137,0.0008403644,0.0008350451,-0.00633,0.017884695442200373,0.04722106347467442,0.05351906317459909,convergence,False,False
134517__314713,134517,314713,2024-02-23,2024-02-26,1,8.962902,9.3885411016488,0.0,0.0,0.0,-0.04748898310489169,-0.04748898310489169,-0.09497796620978338,0.015522999999999999,0.0,0.0,0.0,0.0,-0.04748898310489169,-0.09497796620978338,-0.09497796620978338,overnight_abort,True,False
134517__314713,134517,314713,2024-05-30,2024-06-12,13,7.0906512604122005,7.299967442061,13.968513775469138,14.36101448749136,0.028098960156485244,-0.029520022063055353,-0.0014210619065701084,-0.03094108396962546,0.015522999999999999,0.000356,0.0007230057,0.0007264855,0.004813,-0.0017772262901317522,-0.031297248353187104,-0.03622174961515663,convergence,False,False
134517__314713,134517,314713,2024-07-17,2024-07-19,2,7.3197036983512005,7.1794719987634,14.520676208244076,14.163012256919492,-0.024631356432389926,0.019158111498336745,-0.005473244934053181,0.013684866564283565,0.015522999999999999,5.5e-05,0.000721597,0.0007204636,-0.001571,-0.005528039454601126,0.01363007204373562,0.015164476863936974,convergence,False,False
134517__314713,134517,314713,2024-08-08,2024-08-19,11,7.200197541648801,7.299967442061,14.265941530353421,14.474244352082295,0.014601407224729647,-0.013856550439774816,0.0007448567849548306,-0.013111693654819985,0.015522999999999999,0.000301,0.0007323137,0.0007527003,0.027839,0.000443486921941132,-0.013413063517833683,-0.04089315492809054,convergence,False,False
134517__314713,134517,314713,2024-11-29,2024-12-03,4,8.962902,8.4145425608244,17.310775752005174,16.2166907636835,-0.06320253950461716,0.061181014717733205,-0.0020215247868839506,0.059159489930849254,0.015522999999999999,0.00011,0.0007112578,0.000707649,-0.005074,-0.002131113827979841,0.059049900889753364,0.06382729006918522,convergence,False,False
134517__314713,134517,314713,2025-05-15,2025-06-04,20,9.928903958763401,10.894724704122,19.3680090513846,22.161190144959605,0.14421622202697817,-0.09727365169104599,0.04694257033593219,-0.0503310813551138,0.015522999999999999,0.000548,0.0007147324,0.0007377161,0.032157,0.046394625130452734,-0.05087902656059325,-0.08652732321861858,convergence,False,False
134517__314713,134517,314713,2025-06-17,2025-06-25,8,10.546349015878,13.756471399999999,20.53036745407053,26.85587584856982,0.3081049771101462,-0.3043823392615791,0.003722637848567134,-0.30065970141301196,0.015522999999999999,0.000219,0.0007266756,0.0007364474,0.013447,0.0035034597663753534,-0.30087887949520375,-0.31823591031006576,convergence,False,False
134517__314713,134517,314713,2025-07-16,2025-07-18,2,13.81282786,13.103793104122,26.8215944034024,26.299557823904347,-0.019463294077395756,0.05133161457338259,0.031868320495986834,0.08319993506936943,0.015522999999999999,5.5e-05,0.000718396,0.0007231678,0.006642,0.03181352597543889,0.08314514054882148,0.07667509991188853,convergence,False,False
134517__314713,134517,314713,2025-11-24,2025-12-02,8,17.129098612366,17.45164538061,33.760985943333196,34.795956726041595,0.03065582220985982,-0.01883034102046345,0.011825481189396369,-0.007004859831067082,0.015522999999999999,0.000219,0.0006823237,0.000682091,-0.000341,0.011606303107204587,-0.007224037913258863,-0.006872422645166832,convergence,False,False
13869U__756413,13869U,756413,2021-01-14,2021-02-16,33,5.2968769347474,4.7357880660948,1.9864308524163972,1.7811912432889314,-0.1033207921019761,0.10592824329594452,0.0026074511939684214,0.10853569448991295,0.022915,0.000904,0.7519077403,0.7526433776,0.000978,0.0017033416049273254,0.10763158490087185,0.1067551662793892,convergence,False,False
13869U__756413,13869U,756413,2021-03-25,2021-05-12,48,5.69386275,5.3618420348815,2.1681685897250254,2.0329536274809956,-0.062363675447017784,0.058312033446626436,-0.004051642000391348,0.05426039144623509,0.022915,0.001315,0.743356143,0.7504408277,0.009531,-0.005366710493542032,0.052945322953084406,0.04409338223034374,convergence,False,False
13869U__756413,13869U,756413,2021-06-29,2021-07-02,3,5.73347223,5.503208249023699,2.094226853735514,2.106791476004306,0.00599964719504006,0.040161349307922076,0.04616099650296213,0.08632234581088422,0.022915,8.2e-05,0.743300834,0.7422527371,-0.00141,0.04607880472214022,0.0862401540300623,0.08766067437161847,convergence,False,False
14849F__998511,14849F,998511,2022-03-16,2022-03-18,1,5.3744075106579,5.6217438156579,0.0,0.0,0.0,-0.04602112967978546,-0.04602112967978546,-0.09204225935957092,0.022262999999999998,0.0,0.0,0.0,0.0,-0.04602112967978546,-0.09204225935957092,-0.09204225935957092,overnight_abort,True,False
14849F__998511,14849F,998511,2023-07-12,2023-07-28,16,5.5929604286842,5.4959214406579,1.1300324329947877,1.1220660110560183,-0.00704972857960984,0.017350201072159146,0.010300472492549305,0.02765067356470845,0.022262999999999998,0.000438,0.1279762542,0.128236357,0.002032,0.009862116328165743,0.027212317400324888,0.025198308644155898,convergence,False,False
151293__937357,151293,937357,2021-01-20,2021-01-28,8,1.6906839005479999,1.50822,0.3297854757845709,0.3087296241199634,-0.0638471164156484,0.10792313127773803,0.04407601486208963,0.15199914613982768,0.020302,0.000219,0.1290047942,0.1289831646,-0.000168,0.04385683677989785,0.1517799680576359,0.15193695453314657,convergence,False,False
151293__937357,151293,937357,2021-04-21,2021-06-01,41,1.720519202192,1.7394799978079998,0.33976789174661265,0.3520305861739332,0.036091386870851325,-0.011020391746772218,0.025070995124079107,0.014050603377306889,0.020302,0.001123,0.1288668147,0.1288900682,0.00018,0.02394770745284623,0.012927315706074012,0.012740390899523195,convergence,False,False
151293__937357,151293,937357,2021-07-28,2021-08-02,5,1.638471799452,1.660047580548,0.3199585275548539,0.33198385220544097,0.037584010473124395,-0.013168234633770442,0.024415775839353955,0.011247541205583512,0.020302,0.000137,0.1286935019,0.1285627915,-0.001016,0.024278789537984093,0.011110554904213648,0.012165471489799377,convergence,False,False
151293__937357,151293,937357,2022-01-19,2022-01-21,2,1.949259299452,1.8903026010959998,0.38625380997265013,0.38649874234582576,0.0006341228664980048,0.030245693003785996,0.030879815870284003,0.06112550887407,0.020302,5.5e-05,0.1284298755,0.1284331794,2.6e-05,0.030825021349736057,0.06107071435352206,0.061044973379935696,convergence,False,False
151293__937357,151293,937357,2022-02-08,2022-03-22,42,2.103409601096,2.0009049989039998,0.4117819337637292,0.3986077752807969,-0.031993046325561526,0.04873259213925309,0.016739545813691567,0.06547213795294465,0.020302,0.001151,0.1283606371,0.1278167619,-0.004237,0.015588860882184717,0.06432145302143781,0.06844043528718312,convergence,False,False
151293__937357,151293,937357,2022-11-03,2022-11-11,8,1.4221639978079998,1.4579458994519998,0.2809686119665501,0.29404850542070515,0.046552863548018825,-0.025160179627069092,0.021392683920949732,-0.00376749570611936,0.020302,0.000219,0.1273942085,0.1276153148,0.001736,0.02117350583875795,-0.003986673788311141,-0.005799931325434895,convergence,False,False
151293__937357,151293,937357,2023-06-21,2023-07-05,14,1.7801908,1.7696451016439998,0.35721579366193595,0.36695826760044203,0.027273357201351017,0.005923914647800768,0.033197271849151784,0.03912118649695255,0.020302,0.000384,0.1277147298,0.1278469944,0.001036,0.03281371020531617,0.038737624853116936,0.03767485524857091,convergence,False,False
151293__937357,151293,937357,2023-07-14,2023-07-25,11,1.869697798904,1.8098642010959998,0.3720860072749769,0.3692097251122897,-0.007730154067743781,0.03200174800605432,0.02427159393831054,0.05627334194436486,0.020302,0.000301,0.1279852512,0.1281878689,0.001583,0.023970224075296843,0.055971972081351164,0.05440355975273227,convergence,False,False
151293__937357,151293,937357,2023-12-05,2023-12-15,10,2.00893089726,2.0310701027399998,0.3901562040616215,0.4114869803598552,0.054672400633836174,-0.01102039174677222,0.043652008887063956,0.03263161714029174,0.020302,0.000274,0.1280204866,0.1282700838,0.00195,0.04337803628432423,0.032357644537552015,0.030305386752128752,convergence,False,False
151293__937357,151293,937357,2024-02-05,2024-02-16,11,1.979094601096,1.955658298356,0.3857430406002185,0.4063724314827354,0.05347961910192185,0.011841931521121432,0.06532155062304329,0.07716348214416471,0.020302,0.000301,0.1278339182,0.1278633331,0.00023,0.06502018076002959,0.07686211228115102,0.07661975978730756,convergence,False,False
151293__937357,151293,937357,2024-07-11,2024-08-05,25,2.207834698356,2.1366449999999997,0.44042341737754714,0.43320255054040085,-0.01639528361171653,0.03224412516435667,0.01584884155264014,0.04809296671699681,0.020302,0.000685,0.1280827878,0.128287362,0.001597,0.015163910045790825,0.0474080352101475,0.04583952413599074,convergence,False,False
151293__937357,151293,937357,2024-12-27,2024-12-31,4,2.923888402192,2.8455084,0.5821598549874942,0.5747019149262902,-0.012810811321512796,0.026806769414742228,0.013995958093229432,0.04080272750797166,0.020302,0.00011,0.1287597791,0.1285884256,-0.001331,0.013886369052133541,0.04069313846687577,0.042008640401462065,convergence,False,False
151293__937357,151293,937357,2025-02-10,2025-02-14,4,2.784656198904,2.734905901644,0.5532325978752648,0.5480269204075029,-0.009409563875582777,0.017865866989103044,0.008456303113520266,0.02632217010262331,0.020302,0.00011,0.1283375742,0.128622323,0.002219,0.008346714072424375,0.02621258106152742,0.024019575746439814,convergence,False,False
151293__937357,151293,937357,2025-03-27,2025-04-02,6,3.2719708,3.0667142010959996,0.6444267770034242,0.6077935887183219,-0.05684616094856602,0.0627317942152786,0.005885633266712577,0.06861742748199118,0.020302,0.000164,0.1285636262,0.1285644461,6e-06,0.0057212497050687415,0.06845304392034735,0.06844702910166235,convergence,False,False
151293__937357,151293,937357,2025-04-07,2025-04-14,7,2.913943997808,2.996329997808,0.5650518241808863,0.6017297721098419,0.06491076810896934,-0.028273021053930526,0.03663774705503882,0.00836472600110829,0.020302,0.000192,0.1286852264,0.128906673,0.001721,0.03644596623312101,0.008172945179190481,0.0063435529265401655,convergence,False,False
151293__937357,151293,937357,2025-05-14,2025-06-24,41,3.649888499452,3.700166802192,0.7178895044939874,0.7338197145361712,0.022190337012117846,-0.013775298272138626,0.00841503873997922,-0.005360259532159406,0.020302,0.001123,0.1281033009,0.1273893481,-0.005573,0.007291751068746343,-0.006483547203392283,-0.0007546878903683953,convergence,False,False
151293__937357,151293,937357,2025-12-04,2025-12-08,4,4.137203100548,3.951536802192,0.7945433625979195,0.7784747934234252,-0.02022365289410368,0.044877250123738686,0.024653597229635005,0.0695308473533737,0.020302,0.00011,0.1284538049,0.1284950625,0.000321,0.024544008188539114,0.06942125831227781,0.06910666863208405,convergence,False,False
151377__912644,151377,912644,2021-06-21,2021-06-29,8,18.042730075877,16.9148031303075,8.861934659620353,8.533999821082162,-0.03700488111613313,0.06251420604454583,0.0255093249284127,0.08802353097295854,0.005782,0.000219,0.0090260854,0.0090000892,-0.00288,0.02529014684622092,0.08780435289076675,0.09058590462355716,convergence,False,False
151377__912644,151377,912644,2023-05-12,2023-05-15,1,12.3245414729385,13.016778884999999,0.0,0.0,0.0,-0.05616739686271268,-0.05616739686271268,-0.11233479372542536,0.005782,0.0,0.0,0.0,0.0,-0.05616739686271268,-0.11233479372542536,-0.11233479372542536,overnight_abort,True,False
151377__912644,151377,912644,2024-08-26,2024-09-03,8,11.1070565029385,9.64834915275,5.1772395608637,5.142523530186964,-0.006705509812442173,0.13133158634806452,0.12462607653562235,0.2559576628836869,0.005782,0.000219,0.0068972648,0.0069570052,0.008661,0.12440689845343057,0.2557384848014951,0.24720897987003404,convergence,False,False
151377__912644,151377,912644,2024-11-14,2024-12-11,27,9.101199020206149,8.52503791063155,4.344525034655422,4.408822357156794,0.014799620669344751,0.06330606640898934,0.07810568707833408,0.14141175348732343,0.005782,0.00074,0.0064789914,0.0065080863,0.004491,0.07736596105093682,0.14067202745992619,0.13613528776066736,convergence,False,False
151426__315299,151426,315299,2021-01-13,2021-01-19,6,10.8665915,10.171080103065,10.81952971176703,10.729152820511159,-0.008353125659203126,0.06400455901328399,0.05565143335408086,0.11965599236736485,0.013364000000000001,0.000164,0.7778164871,0.7746835282,-0.004028,0.05548704979243703,0.11949160880572102,0.12350200632616641,convergence,False,False
151426__315299,151426,315299,2021-02-24,2021-02-26,2,11.145734296935,10.281416250000001,10.904155747173535,10.299130960475463,-0.055485706617396824,0.07754698110582812,0.0220612744884313,0.09960825559425943,0.013364000000000001,5.5e-05,0.7873084616,0.7771817571,-0.012862,0.022006479967883356,0.09955346107371148,0.11186051416358629,convergence,False,False
151426__315299,151426,315299,2021-03-08,2021-03-12,4,11.21551875,10.883256253065001,11.144849573942622,11.265809041761647,0.010853396182379741,0.029625245549609384,0.040478641731989125,0.07010388728159851,0.013364000000000001,0.00011,0.7711586064,0.7754941972,0.005622,0.040369052690893234,0.06999429824050263,0.0643428740255167,convergence,False,False
151426__315299,151426,315299,2021-06-03,2021-06-08,5,12.775722025,12.628589353065003,12.50299220519778,13.062632551203409,0.04476051306926146,0.01151658369265415,0.05627709676191561,0.06779368045456977,0.013364000000000001,0.000137,0.7737842515,0.7752837674,0.001938,0.05614011046054575,0.0676566941531999,0.06563596952704975,convergence,False,False
151426__315299,151426,315299,2021-06-23,2021-06-28,5,12.6610745,12.187239750000002,12.465779330931733,12.162881159516575,-0.024298374243122336,0.03742452901607981,0.013126154772957473,0.05055068378903728,0.013364000000000001,0.000137,0.7582936089,0.7512020924,-0.009352,0.01298916847158761,0.050413697487667414,0.059624540013445915,convergence,False,False
151426__315299,151426,315299,2022-02-25,2022-03-01,4,13.259236496935,13.290611250000001,13.171634225486361,13.305954111507148,0.010197662926357742,-0.0023662563883112353,0.007831406538046506,0.005465150149735271,0.013364000000000001,0.00011,0.7262954241,0.7297406305,0.004744,0.007721817496950615,0.0053555611086393805,0.0005862782866123289,convergence,False,False
151426__315299,151426,315299,2022-03-16,2022-03-17,1,15.4524925,15.547507500000002,0.0,0.0,0.0,-0.006148846213644941,-0.006148846213644941,-0.012297692427289881,0.013364000000000001,0.0,0.0,0.0,0.0,-0.006148846213644941,-0.012297692427289881,-0.012297692427289881,overnight_abort,True,False
151426__315299,151426,315299,2022-03-18,2022-03-22,4,15.4923699,15.718029553065001,15.375122715384443,15.721538905556375,0.02253095448957339,-0.014565857549334751,0.00796509694023864,-0.006600760609096111,0.013364000000000001,0.00011,0.7400827797,0.7499341558,0.013311,0.00785550789914275,-0.006710349650192002,-0.020142644910597814,convergence,False,False
151426__315299,151426,315299,2022-04-11,2022-04-13,2,16.69855557489,16.239625359195003,16.381310419183702,16.291609733603508,-0.005475794260949237,0.027483228332940497,0.02200743407199126,0.04949066240493176,0.013364000000000001,5.5e-05,0.7459903578,0.7418672799,-0.005527,0.021952639551443314,0.04943586788438382,0.054963137902614555,convergence,False,False
151426__315299,151426,315299,2023-10-10,2023-10-13,3,8.972415,8.2451946009195,8.66318188583959,8.266590305248078,-0.04577897426345864,0.08105068691990945,0.035271712656450814,0.11632239957636026,0.013364000000000001,8.2e-05,0.6314527765,0.6342965676,0.004504,0.0351895208756289,0.11624020779553834,0.11196207450736695,convergence,False,False
151426__315299,151426,315299,2024-01-08,2024-01-19,11,9.8397483503065,8.9784351159195,9.460917312852686,9.015999897660834,-0.047026879157629986,0.08753407137288936,0.04050719221525938,0.12804126358814874,0.013364000000000001,0.000301,0.6699943499,0.6580893928,-0.017769,0.04020582235224568,0.12773989372513503,0.14497935122924543,convergence,False,False
151426__315299,151426,315299,2024-02-22,2024-02-27,5,8.6434265496935,7.974366649693501,8.263881625282123,8.09251543547856,-0.020736767244982385,0.07740678955890752,0.056670022313925136,0.13407681187283266,0.013364000000000001,0.000137,0.6561034449,0.6497513856,-0.009681,0.05653303601255527,0.1339398255714628,0.14351323820685954,convergence,False,False
151426__315299,151426,315299,2024-11-21,2024-11-29,8,8.6434265496935,8.4758991496935,8.234603777201713,8.546967854013271,0.03793310343314493,0.019382058612615816,0.057315162045760745,0.07669722065837656,0.013364000000000001,0.000219,0.6501526591,0.6473958083,-0.00424,0.057095983963568964,0.07647804257618478,0.08089794562446058,convergence,False,False
151426__315299,151426,315299,2025-07-17,2025-07-23,6,11.564446996935,10.552244803065001,10.845677291543076,10.84730818284095,0.0001503724713573207,0.08752707277211524,0.08767744524347257,0.1752045180155878,0.013364000000000001,0.000164,0.6509991144,0.6590001228,0.01229,0.08751306168182874,0.17504013445394398,0.16289717536403353,convergence,False,False
151426__315299,151426,315299,2025-07-24,2025-08-06,13,11.61429275,9.220675213113001,10.76210167889944,9.627110615762122,-0.10546184165520579,0.20609240600440346,0.10063056434919766,0.30672297035360113,0.013364000000000001,0.000356,0.6566634497,0.6524009202,-0.006491,0.10027439996563602,0.3063668059700395,0.31221136438613056,convergence,False,False
151444__315891,151444,315891,2021-03-09,2021-03-16,7,10.9065180151785,10.762143600000002,2.6036741848000946,2.6257363583002555,0.008473477069042272,0.013237443423975842,0.021710920493018114,0.034948363916993956,0.074132,0.000192,0.2423361085,0.2432202478,0.003648,0.021519139671100307,0.03475658309507615,0.031090642277445013,convergence,False,False
151444__315891,151444,315891,2021-11-24,2021-12-14,20,9.6421330219643,8.74424157151785,2.222481035295229,2.205901849227205,-0.0074597649225033235,0.09312166181498402,0.0856618968924807,0.1787835587074647,0.074132,0.000548,0.2359046722,0.2377273211,0.007726,0.08511395168700125,0.17823561350198525,0.1706258345363242,convergence,False,False
151444__315891,151444,315891,2022-06-09,2022-08-17,69,8.271579455446451,7.802554110000001,1.9643402216446317,1.9551593880153035,-0.004673749245760291,0.05670323884002818,0.05202948959426789,0.10873272843429607,0.074132,0.00189,0.2263211497,0.2234387119,-0.012736,0.05013907863536378,0.10684231747539197,0.11968237542287187,convergence,False,False
151444__315891,151444,315891,2025-01-21,2025-02-21,31,14.236382875,12.5342764535715,3.159560563439832,3.0139484690269205,-0.046086185559419325,0.1195603150304076,0.07347412947098828,0.19303444450139587,0.074132,0.000849,0.2284409118,0.2240896509,-0.019048,0.07262481440249513,0.19218512943290272,0.21070775136602105,convergence,False,False
151497__951407,151497,951407,2021-02-24,2021-03-01,5,13.64572745,12.8507082039615,2.683781417277398,2.5322270615516396,-0.05647045424418549,0.05826140445436652,0.0017909502101810318,0.06005235466454755,0.013748999999999999,0.000137,0.1289631937,0.1289149937,-0.000374,0.0016539639088111687,0.059915368363177686,0.06026814442746745,convergence,False,False
151497__951407,151497,951407,2021-04-23,2021-04-27,4,14.1138665410385,13.673955629999998,2.7527528918528517,2.7421264717294664,-0.0038602884243026533,0.03116870276188202,0.027308414337579367,0.058477117099461386,0.013748999999999999,0.00011,0.1288618262,0.1288120244,-0.000386,0.027198825296483476,0.058367528058365495,0.058752659422607524,convergence,False,False
151497__951407,151497,951407,2021-07-28,2021-08-04,7,12.440520865000002,13.8546697039615,2.4652070774354655,2.7500804149424223,0.1155575692259119,-0.1136727999018149,0.0018847693240969937,-0.11178803057771791,0.013748999999999999,0.000192,0.1286935019,0.1285834587,-0.000855,0.0016929885021791855,-0.11197981139963573,-0.11102510442610303,convergence,False,False
151497__951407,151497,951407,2021-10-18,2021-10-26,8,11.65365045,11.917023004999999,2.303708790530058,2.361349723580327,0.025020928551045808,-0.022600004704963355,0.0024209238460824525,-0.020179080858880902,0.013748999999999999,0.000219,0.1286123992,0.1285694115,-0.000334,0.002201745763890672,-0.020398258941072684,-0.020055539069711557,convergence,False,False
151497__951407,151497,951407,2022-01-25,2022-01-27,2,10.787096955,10.66207113,2.1122085013774505,2.1343520569339662,0.010483603082780445,0.011590312530013,0.022073915612793447,0.033664228142806445,0.013748999999999999,5.5e-05,0.1284191634,0.1283326431,-0.000674,0.022019121092245502,0.0336094336222585,0.03429068932129115,convergence,False,False
151497__951407,151497,951407,2022-01-31,2022-02-07,7,10.9663848810385,10.682151363961498,2.145337936586542,2.123681002574378,-0.01009488232265292,0.025918615857488083,0.015823733534835162,0.04174234939232325,0.013748999999999999,0.000192,0.1283977314,0.1283062928,-0.000712,0.015631952712917355,0.04155056857040544,0.0422560330968753,convergence,False,False
151497__951407,151497,951407,2022-03-16,2022-03-21,5,9.72133605881155,10.119931919999999,1.911336624075202,2.01543683358341,0.05446461298180624,-0.041002168711898004,0.013462444269908239,-0.027539724441989766,0.013748999999999999,0.000137,0.1279050384,0.1277702246,-0.001054,0.013325457968538375,-0.027676710743359628,-0.026564116773311903,convergence,False,False
151497__951407,151497,951407,2022-09-28,2022-10-06,8,8.316921873415401,8.6641879457923,1.622557502541894,1.7122606931744222,0.05528506107919105,-0.04175415828864716,0.013530902790543892,-0.02822325549810327,0.013748999999999999,0.000219,0.1273893481,0.1273934036,3.2e-05,0.01331172470835211,-0.02844243358029505,-0.02847602800861148,convergence,False,False
151497__951407,151497,951407,2022-11-11,2022-11-14,1,7.91850597539615,8.011612368415399,0.0,0.0,0.0,-0.011758075741628883,-0.011758075741628883,-0.023516151483257766,0.013748999999999999,0.0,0.0,0.0,0.0,-0.011758075741628883,-0.023516151483257766,-0.023516151483257766,overnight_abort,True,False
151497__951407,151497,951407,2023-07-24,2023-07-27,3,7.24120039301925,7.56986971,1.4533296602549428,1.5040428506269297,0.034894485235435674,-0.04538878903249212,-0.010494303797056445,-0.055883092829548564,0.013748999999999999,8.2e-05,0.1280131102,0.1282684353,0.001995,-0.010576495577878363,-0.05596528461037048,-0.05802529678183103,convergence,False,False
151497__951407,151497,951407,2023-09-28,2023-10-27,29,6.613696038415401,6.5759480257923,1.3063349434918936,1.2902240903178304,-0.012332865513800152,0.005707551784031587,-0.006625313729768565,-0.0009177619457369779,0.013748999999999999,0.000795,0.127700063,0.1278649697,0.001291,-0.0074198342777137705,-0.0017122824936821835,-0.002986070992820981,convergence,False,False
151497__951407,151497,951407,2024-05-02,2024-05-07,5,5.9563098315846,5.4515113465846,1.170925297786648,1.044644393329167,-0.10784710578564208,0.08475020596195296,-0.02309689982368912,0.061653306138263836,0.013748999999999999,0.000137,0.1280180167,0.1279238564,-0.000736,-0.023233886125058983,0.06151631983689397,0.06217300254275605,convergence,False,False
151497__951407,151497,951407,2024-09-24,2024-09-30,6,3.88454985118845,4.73869858118845,0.7807127116094391,0.988963308447826,0.26674421172043977,-0.2198835805231535,0.046860631197286284,-0.1730229493258672,0.013748999999999999,0.000164,0.1284562767,0.1288120244,0.002769,0.04669624763564245,-0.17318733288751104,-0.17668577444921246,convergence,False,False
151497__951407,151497,951407,2024-11-29,2024-12-06,7,4.1734009165846,4.07608419198075,0.8235547473011168,0.8272292674675357,0.004461780080147333,0.02331832635995379,0.02778010644010112,0.05109843280005491,0.013748999999999999,0.000192,0.1285074568,0.1286272929,0.000933,0.027588325618183314,0.0509066519781371,0.04997084139229647,convergence,False,False
151497__951407,151497,951407,2025-01-24,2025-02-05,12,3.89451043539615,3.7999941771038497,0.7674845543554861,0.7683197841909407,0.001088269243614931,0.0242690987378716,0.02535736798148653,0.04962646671935813,0.013748999999999999,0.000329,0.1283985491,0.1284274064,0.000225,0.025028600858198857,0.04929769959607046,0.049072757698372646,convergence,False,False
151497__951407,151497,951407,2025-05-07,2025-05-09,2,4.04391680801925,3.8351326288115497,0.7831024323554265,0.7908818990459706,0.009934162338309804,0.051629197414168576,0.06156335975247838,0.11319255716664696,0.013748999999999999,5.5e-05,0.128637219,0.1283482876,-0.002246,0.06150856523193044,0.11313776264609901,0.11541127713459479,convergence,False,False
151497__951407,151497,951407,2025-07-08,2025-07-15,7,5.0100734557923,4.7085790334154,0.9812063782649877,0.959018440350076,-0.022612916514205075,0.0601776451058484,0.03756472859164332,0.09774237369749172,0.013748999999999999,0.000192,0.127390153,0.1273934036,2.6e-05,0.037372947769725516,0.09755059287557391,0.09752565363724759,convergence,False,False
151516__951410,151516,951410,2022-08-01,2022-08-05,4,1.2858054978162,1.2737582432756998,1.2662678183681573,1.303674821662037,0.029541146628906917,0.009369422172296742,0.03891056880120366,0.0482799909735004,0.02388,0.00011,0.1273893481,0.1274421127,0.000414,0.03880097976010777,0.04817040193240451,0.047744143095081945,convergence,False,False
151516__951410,151516,951410,2022-08-15,2022-09-02,18,1.3451498632757,1.1726659389081,1.3199885072494801,1.259955194855234,-0.045480178095898854,0.1282265486371669,0.08274637054126804,0.21097291917843494,0.02388,0.000493,0.1275282443,0.127398279,-0.001019,0.08225321985633653,0.21047976849350344,0.21145352148281754,convergence,False,False
151516__951410,151516,951410,2023-06-16,2023-06-26,10,1.3341712619919,1.2131026989080997,1.314953244339415,1.2650145877642451,-0.037977515010624734,0.09074439431639868,0.052766879305773944,0.1435112736221726,0.02388,0.000274,0.127783273,0.1276519632,-0.001028,0.05249290670303422,0.14323730101943288,0.14422689003109224,convergence,False,False
151516__951410,151516,951410,2023-09-05,2023-09-19,14,1.4228915309676,1.1641742193080997,1.3785092077818661,1.2313127170491973,-0.10677947590173881,0.18182504149389825,0.07504556559215944,0.2568706070860577,0.02388,0.000384,0.1275095424,0.1278600748,0.002749,0.07466200394832383,0.25648704544222206,0.25403825339723723,convergence,False,False
151516__951410,151516,951410,2024-07-05,2024-07-09,4,1.31547773,1.1740812255081,1.2650628106322084,1.2923154822159428,0.021542544255265143,0.10748680974774093,0.12902935400300608,0.236516163750747,0.02388,0.00011,0.1280417945,0.1280827878,0.00032,0.12891976496191018,0.2364065747096511,0.23607962679808012,convergence,False,False
151516__951410,151516,951410,2024-08-12,2024-08-14,2,1.2462423567243,1.2029932056323998,1.2043304212732748,1.1992622671001874,-0.004208275472879933,0.034703644005150754,0.03049536853227082,0.06519901253742158,0.02388,5.5e-05,0.1283993668,0.1283944293,-3.8e-05,0.030440574011722874,0.06514421801687363,0.0651825119028829,convergence,False,False
151516__951410,151516,951410,2024-09-05,2024-09-13,8,1.2652321184756998,1.2131026989080997,1.2081066444511557,1.2226432731619965,0.012032570781402196,0.04120146715086832,0.05323403793227052,0.09443550508313885,0.02388,0.000219,0.1282544568,0.128290657,0.000282,0.05301485985007874,0.09421632700094706,0.09393075841531884,convergence,False,False
151516__951410,151516,951410,2025-09-03,2025-09-11,8,1.6506768852676,1.5163784999999999,1.5680853282773237,1.547041683229494,-0.013419961700010285,0.08135958434156437,0.06793962264155409,0.14929920698311847,0.02388,0.000219,0.1281903288,0.1286231584,0.003376,0.06772044455936231,0.1490800289009267,0.14576008987394856,convergence,False,False
151619__540775,151619,540775,2021-01-28,2021-02-03,6,74.28853210552799,75.774360251056,14.952238698361922,14.996922336195606,0.002988424592136758,-0.020000774055103983,-0.017012349462967223,-0.037013123518071206,0.025294999999999998,0.000164,0.1289831646,0.128986482,2.6e-05,-0.01717673302461106,-0.03717750707971504,-0.037203302913108985,convergence,False,False
151619__540775,151619,540775,2021-03-03,2021-03-16,13,83.828995138292,87.659748072764,16.845295271279046,17.124007565389388,0.01654540865101616,-0.04569723075115526,-0.029151822100139103,-0.07484905285129437,0.025294999999999998,0.000356,0.1288817508,0.128774707,-0.000831,-0.029507986483700746,-0.07520521723485601,-0.07436021524689149,convergence,False,False
151619__540775,151619,540775,2021-03-26,2021-04-07,12,85.25857728381999,86.118678,17.008537919297027,17.02206405398329,0.0007952555799000612,-0.010088142959702428,-0.009292887379802366,-0.019381030339504796,0.025294999999999998,0.000329,0.1286463241,0.1285851154,-0.000476,-0.009621654503090037,-0.01970979746279247,-0.01923340191444582,convergence,False,False
151619__540775,151619,540775,2021-07-09,2021-07-13,4,85.67553717105599,88.15329975618,17.217500923840646,17.40275252493713,0.010759494186521125,-0.0289203040557192,-0.018160809869198075,-0.047081113924917276,0.025294999999999998,0.00011,0.1287581196,0.1287523173,-4.5e-05,-0.018270398910293965,-0.047190702966013166,-0.047145152486331596,convergence,False,False
151619__540775,151619,540775,2021-07-28,2021-08-02,5,89.775641570652,92.01101565065201,17.72641996961786,18.22105803841618,0.02790400259308441,-0.024899561182648973,0.0030044414104354357,-0.021895119772213537,0.025294999999999998,0.000137,0.1286935019,0.1285627915,-0.001016,0.0028674551090655726,-0.0220321060735834,-0.02098703119792968,convergence,False,False
151619__540775,151619,540775,2021-08-11,2021-08-12,1,94.858604171056,103.96186374000001,0.0,0.0,0.0,-0.09596661945950992,-0.09596661945950992,-0.19193323891901984,0.025294999999999998,0.0,0.0,0.0,0.0,-0.09596661945950992,-0.19193323891901984,-0.19193323891901984,overnight_abort,True,False
151619__540775,151619,540775,2022-02-22,2022-03-01,7,85.248640708944,82.764581112764,16.95234009206115,15.95069029736407,-0.05908622581056859,0.0291389936017991,-0.029947232208769492,-0.0008082386069703934,0.025294999999999998,0.000192,0.1281238221,0.1279926243,-0.001024,-0.0301390130306873,-0.0010000194288882016,-3.554340662907771e-05,convergence,False,False
151619__540775,151619,540775,2022-03-02,2022-03-03,1,81.098894138292,87.075549178292,0.0,0.0,0.0,-0.07369588825475777,-0.07369588825475777,-0.14739177650951554,0.025294999999999998,0.0,0.0,0.0,0.0,-0.07369588825475777,-0.14739177650951554,-0.14739177650951554,overnight_abort,True,False
151619__540775,151619,540775,2022-03-16,2022-03-17,1,80.463526171056,85.333035934472,0.0,0.0,0.0,-0.060518224780057306,-0.060518224780057306,-0.12103644956011461,0.025294999999999998,0.0,0.0,0.0,0.0,-0.060518224780057306,-0.12103644956011461,-0.12103644956011461,overnight_abort,True,False
151619__540775,151619,540775,2022-03-18,2022-03-23,5,87.115041,84.053841178292,17.43480634826216,16.769298625757983,-0.03817121390456468,0.035139739206551036,-0.003031474698013646,0.03210826450853739,0.025294999999999998,0.000137,0.1277889883,0.1278281989,0.000307,-0.0031684609993835092,0.031971278207167525,0.031676242494197884,convergence,False,False
151619__540775,151619,540775,2022-11-10,2022-11-11,1,52.864683,59.215398396584,0.0,0.0,0.0,-0.12013153273961749,-0.12013153273961749,-0.24026306547923498,0.025294999999999998,0.0,0.0,0.0,0.0,-0.12013153273961749,-0.24026306547923498,-0.24026306547923498,overnight_abort,True,False
151619__540775,151619,540775,2022-12-02,2022-12-06,4,63.656023708944,64.659523077888,12.795217317770222,12.509503670829242,-0.022329722102036993,-0.015764405479241423,-0.03809412758127842,-0.05385853306051984,0.025294999999999998,0.00011,0.1287440342,0.1283425222,-0.003119,-0.03820371662237431,-0.05396812210161573,-0.050909538384462064,convergence,False,False
151619__540775,151619,540775,2023-11-14,2023-11-15,1,49.022691283819995,52.930255828944006,0.0,0.0,0.0,-0.07970930283082413,-0.07970930283082413,-0.15941860566164825,0.025294999999999998,0.0,0.0,0.0,0.0,-0.07970930283082413,-0.15941860566164825,-0.15941860566164825,overnight_abort,True,False
151619__540775,151619,540775,2024-07-30,2024-07-31,1,62.345583171056,64.573900967236,0.0,0.0,0.0,-0.03574138989230755,-0.03574138989230755,-0.0714827797846151,0.025294999999999998,0.0,0.0,0.0,0.0,-0.03574138989230755,-0.0714827797846151,-0.0714827797846151,overnight_abort,True,False
151619__540775,151619,540775,2024-08-06,2024-08-14,8,60.042362748944,62.95225,11.802965396028613,12.309815698686576,0.042942623794229244,-0.04846390311492491,-0.005521279320695668,-0.05398518243562058,0.025294999999999998,0.000219,0.1282297861,0.1282569193,0.000212,-0.005740457402887449,-0.05420436051781236,-0.0544249986787348,convergence,False,False
151619__540775,151619,540775,2024-09-24,2024-09-30,6,74.00062260341599,75.844874828944,14.594110216073911,14.412932789620433,-0.012414420870546145,-0.024922117688275718,-0.037336538558821866,-0.06225865624709758,0.025294999999999998,0.000164,0.1284562767,0.1288120244,0.002769,-0.0375009221204657,-0.062423039808741414,-0.06515051265116398,convergence,False,False
151619__540775,151619,540775,2024-12-09,2024-12-11,2,74.19918731658399,70.446088861708,14.963096278982167,13.764958764858202,-0.08007283330836566,0.05058139570805165,-0.02949143760031401,0.021089958107737644,0.025294999999999998,5.5e-05,0.1286305904,0.1286231584,-5.8e-05,-0.029546232120861955,0.0210351635871897,0.02108831807964583,convergence,False,False
151619__540775,151619,540775,2025-08-22,2025-08-27,5,64.311250927236,64.835777291056,12.998875324406578,12.761441445987105,-0.018265724725712966,-0.00815605910719213,-0.026421783832905096,-0.03457784294009723,0.025294999999999998,0.000137,0.1280090151,0.1283087573,0.002342,-0.026558770134274958,-0.03471482924146709,-0.03700825953943244,convergence,False,False
151619__540775,151619,540775,2025-09-02,2025-09-05,3,62.246299821708,62.408349610651996,12.419172078238681,12.430919513033306,0.000945911266920055,-0.002603364206517577,-0.001657452939597522,-0.004260817146115098,0.025294999999999998,8.2e-05,0.1282026628,0.1283219324,0.00093,-0.0017396447204194399,-0.0043430089269370165,-0.005273344187836244,convergence,False,False
151619__540775,151619,540775,2025-10-17,2025-10-20,1,58.721984643416,60.998210145528,0.0,0.0,0.0,-0.03876274815870366,-0.03876274815870366,-0.07752549631740732,0.025294999999999998,0.0,0.0,0.0,0.0,-0.03876274815870366,-0.07752549631740732,-0.07752549631740732,overnight_abort,True,False
151639__929690,151639,929690,2025-11-17,2025-12-16,29,10.882012529999999,9.8318386889399,2.009146209001894,1.9499932806305331,-0.029441823649433076,0.09650547986091126,0.0670636562114782,0.16356913607238946,0.017313,0.000795,0.1283606371,0.1286363817,0.002148,0.06626913566353299,0.16277461552444425,0.16069412964185267,convergence,False,False
151643__932197,151643,932197,2021-06-21,2021-06-23,2,5.843021369844677,5.884493057594436,5.849802404959714,5.828857218066273,-0.003580494766059645,-0.007097644373472723,-0.010678139139532368,-0.017775783513005093,0.013749,5.5e-05,0.0090370973,0.0090191657,-0.001984,-0.010732933660080313,-0.01783057803355304,-0.015849530496079237,convergence,False,False
151643__932197,151643,932197,2021-07-09,2021-07-13,4,5.8814075452759305,5.922606860602191,5.912472819636338,5.9274752336851,0.0025374178463766894,-0.007005009431688341,-0.0044675915853116515,-0.011472601016999992,0.013749,0.00011,0.0090608427,0.0090904951,0.003273,-0.004577180626407542,-0.011582190058095883,-0.0148523794374343,convergence,False,False
151643__932197,151643,932197,2022-02-15,2022-02-17,2,6.655092621064801,6.665816541077112,6.633784940742756,6.616180202206286,-0.0026538000091541384,-0.0016113855393038025,-0.004265185548457941,-0.005876571087761743,0.013749,5.5e-05,0.0086606331,0.0086937622,0.003825,-0.004319980069005886,-0.005931365608309688,-0.009731927578375483,convergence,False,False
151643__932197,151643,932197,2022-02-25,2022-03-01,4,6.625181793325515,6.504336500439528,6.5520772856331515,6.513955820483106,-0.005818225806590446,0.018240298403242497,0.01242207259665205,0.030662370999894547,0.013749,0.00011,0.0086952734,0.0086568844,-0.004415,0.01231248355555616,0.030552781958798656,0.03496148633395603,convergence,False,False
151643__932197,151643,932197,2022-03-09,2022-03-11,2,6.699958114910514,6.687880732517919,6.574767588295895,6.5890242725250125,0.002168393640939722,0.0018026056559542988,0.003970999296894021,0.005773604952848319,0.013749,5.5e-05,0.0086106686,0.008460952,-0.017387,0.0039162047763460755,0.005718810432300374,0.023452186596517082,convergence,False,False
151643__932197,151643,932197,2022-03-16,2022-03-23,7,6.723887136028286,6.818268643865113,6.7109566941544925,6.726747753555713,0.0023530265684735497,-0.014036747781072516,-0.011683721212598967,-0.02572046899367148,0.013749,0.000192,0.008432058,0.0081736068,-0.030651,-0.011875502034516776,-0.02591224981558929,0.005782367858000427,convergence,False,False
151643__932197,151643,932197,2022-09-28,2022-10-05,7,5.039924473635899,5.338870756036311,4.9338156613317325,5.301226006391635,0.07446778928921956,-0.05931562743930302,0.015152161849916537,-0.04416346558938648,0.013749,0.000192,0.0069220919,0.0068901368,-0.004616,0.014960381027998728,-0.04435524641130429,-0.03937207602584606,convergence,False,False
151643__932197,151643,932197,2023-05-17,2023-05-23,6,6.973141541311612,6.908537892246598,6.9471020233524,6.824737501722026,-0.0176137504845978,0.009264640432475955,-0.008349110052121845,0.0009155303803541105,0.013749,0.000164,0.0072085055,0.0071697432,-0.005377,-0.008513493613765681,0.000751146818710275,0.00606229248423294,convergence,False,False
151643__932197,151643,932197,2023-06-02,2023-06-05,1,7.164568725165681,7.228489329559652,0.0,0.0,0.0,-0.008921765823733191,-0.008921765823733191,-0.017843531647466382,0.013749,0.0,0.0,0.0,0.0,-0.008921765823733191,-0.017843531647466382,-0.017843531647466382,overnight_abort,True,False
151643__932197,151643,932197,2023-10-31,2023-11-01,1,7.188497746283454,7.475221905117475,0.0,0.0,0.0,-0.03988651995923086,-0.03988651995923086,-0.07977303991846171,0.013749,0.0,0.0,0.0,0.0,-0.03988651995923086,-0.07977303991846171,-0.07977303991846171,overnight_abort,True,False
151643__932197,151643,932197,2023-11-02,2023-11-07,5,7.670055861466169,7.738002587769815,7.715406361117684,7.605474990712324,-0.014248292994568219,-0.008858700318599423,-0.023106993313167644,-0.031965693631767066,0.013749,0.000137,0.006663335,0.006623174,-0.006027,-0.023243979614537506,-0.03210267993313693,-0.02612536840469987,convergence,False,False
151643__932197,151643,932197,2024-04-26,2024-05-01,5,8.86747502146489,9.032852258919737,8.905959631933001,9.219075030268717,0.03515796290082171,-0.018649867865940504,0.016508095034881206,-0.002141772831059298,0.013749,0.000137,0.006336734,0.0065085095,0.027108,0.016371108733511344,-0.002278759132429161,-0.02959911207287878,convergence,False,False
151643__932197,151643,932197,2024-08-05,2024-08-06,1,8.599276982274743,8.64570125373892,0.0,0.0,0.0,-0.005398624972758686,-0.005398624972758686,-0.010797249945517373,0.013749,0.0,0.0,0.0,0.0,-0.005398624972758686,-0.010797249945517373,-0.010797249945517373,overnight_abort,True,False
151643__932197,151643,932197,2024-08-15,2024-08-16,1,9.713941984789441,9.595525047402278,0.0,0.0,0.0,0.012190410193162185,0.012190410193162185,0.02438082038632437,0.013749,0.0,0.0,0.0,0.0,0.012190410193162185,0.02438082038632437,0.02438082038632437,overnight_abort,True,False
151643__932197,151643,932197,2025-03-17,2025-03-18,1,9.750832733490757,9.539358277342052,0.0,0.0,0.0,0.021687835483257076,0.021687835483257076,0.04337567096651415,0.013749,0.0,0.0,0.0,0.0,0.021687835483257076,0.04337567096651415,0.04337567096651415,overnight_abort,True,False
151643__932197,151643,932197,2025-04-07,2025-04-10,3,8.520513288117547,8.91951483449696,8.541955521055383,8.954383561430674,0.04828262560706172,-0.04682834623776112,0.0014542793693005998,-0.04537406686846052,0.013749,8.2e-05,0.0068355036,0.0069674273,0.0193,0.001372087588478682,-0.04545625864928244,-0.06530480771355437,convergence,False,False
151643__932197,151643,932197,2025-09-29,2025-10-01,2,11.509572415380479,11.392868208710077,11.464525044184956,11.302137735034906,-0.014164329400843036,0.01013975171783513,-0.004024577683007905,0.0061151740348272254,0.013749,5.5e-05,0.0067606396,0.0067909404,0.004482,-0.0040793722035558505,0.00606037951427928,0.0016616353451078157,convergence,False,False
25552J__938939,25552J,938939,2021-01-14,2021-01-15,1,21.5257845,21.417815908853,0.0,0.0,0.0,0.0050157796175558395,0.0050157796175558395,0.010031559235111679,0.013940000000000001,0.0,0.0,0.0,0.0,0.0050157796175558395,0.010031559235111679,0.010031559235111679,overnight_abort,True,False
25552J__938939,25552J,938939,2021-01-28,2021-01-29,1,20.795401691559,20.152036786882,0.0,0.0,0.0,0.030937844539841053,0.030937844539841053,0.061875689079682106,0.013940000000000001,0.0,0.0,0.0,0.0,0.030937844539841053,0.061875689079682106,0.061875689079682106,overnight_abort,True,False
25552J__938939,25552J,938939,2021-04-27,2021-04-30,3,25.081893870000002,23.864893576082,23.881620770173264,23.547056395951337,-0.01400928259608652,0.04852106863324358,0.034511786037157065,0.08303285467040064,0.013940000000000001,8.2e-05,0.0092076792,0.0091663221,-0.004492,0.03442959425633515,0.08295066288957872,0.08739930829543308,convergence,False,False
25552J__938939,25552J,938939,2021-07-28,2021-07-29,1,21.632789548029,22.713735433441002,0.0,0.0,0.0,-0.049967937931078794,-0.049967937931078794,-0.09993587586215759,0.013940000000000001,0.0,0.0,0.0,0.0,-0.049967937931078794,-0.09993587586215759,-0.09993587586215759,overnight_abort,True,False
25552J__938939,25552J,938939,2022-07-28,2022-07-29,1,14.74454025,14.925664451971002,0.0,0.0,0.0,-0.012284153924094189,-0.012284153924094189,-0.024568307848188378,0.013940000000000001,0.0,0.0,0.0,0.0,-0.012284153924094189,-0.024568307848188378,-0.024568307848188378,overnight_abort,True,False
25552J__938939,25552J,938939,2022-11-10,2022-11-11,1,15.115332713117999,16.058339933441,0.0,0.0,0.0,-0.06238746035041647,-0.06238746035041647,-0.12477492070083294,0.013940000000000001,0.0,0.0,0.0,0.0,-0.06238746035041647,-0.12477492070083294,-0.12477492070083294,overnight_abort,True,False
25552J__938939,25552J,938939,2023-05-18,2023-05-19,1,26.293810468529998,25.37840686147,0.0,0.0,0.0,0.034814414143420035,0.034814414143420035,0.06962882828684007,0.013940000000000001,0.0,0.0,0.0,0.0,0.034814414143420035,0.06962882828684007,0.06962882828684007,overnight_abort,True,False
25552J__938939,25552J,938939,2023-05-26,2023-05-31,5,30.989664089999998,31.58173525,31.1530330849078,31.086839255878424,-0.002124795645064965,-0.01910543974534586,-0.021230235390410825,-0.040335675135756685,0.013940000000000001,0.000137,0.00715282,0.0072048705,0.007277,-0.021367221691780687,-0.04047266143712655,-0.04768166031146818,convergence,False,False
25552J__938939,25552J,938939,2023-07-21,2023-07-26,5,35.563584718529995,34.19366405,35.608279500711525,34.35559921467727,-0.03517946678690905,0.03852032013567551,0.003340853348766458,0.04186117348444197,0.013940000000000001,0.000137,0.0070693855,0.0071707714,0.014342,0.003203867047396595,0.0417241871830721,0.028082809897179355,convergence,False,False
25552J__938939,25552J,938939,2024-01-16,2024-01-25,9,35.874642507528,40.640609549176,35.884407254917235,39.49402239333005,0.10059007280712957,-0.13285057936529673,-0.03226050655816716,-0.1651110859234639,0.013940000000000001,0.000247,0.0067494596,0.0067487763,-0.000101,-0.032507081900632916,-0.16535766126592966,-0.16524622873900638,convergence,False,False
25552J__938939,25552J,938939,2024-07-31,2024-08-01,1,43.648823167884,43.247517418352004,0.0,0.0,0.0,0.009193964932077851,0.009193964932077851,0.018387929864155703,0.013940000000000001,0.0,0.0,0.0,0.0,0.009193964932077851,0.018387929864155703,0.018387929864155703,overnight_abort,True,False
25552J__938939,25552J,938939,2024-08-05,2024-08-07,2,40.353996507527995,40.253849196704,39.77579562213434,39.705579790982156,-0.001765290424840911,0.0024817197673422434,0.0007164293425013324,0.003198149109843576,0.013940000000000001,5.5e-05,0.0069288065,0.0067895572,-0.020097,0.0006616348219533872,0.0031433545892956306,0.023616484198402378,convergence,False,False
25552J__938939,25552J,938939,2024-10-30,2024-11-08,9,60.49119221706,62.887215832116,59.008243603592376,62.9534829574516,0.06685912192816122,-0.03960946258850995,0.027249659339651275,-0.012359803248858672,0.013940000000000001,0.000247,0.0065774324,0.006505546,-0.010929,0.027003083997185522,-0.012606378591324425,-0.0008175661561227081,convergence,False,False
25552J__938939,25552J,938939,2025-04-09,2025-04-16,7,41.478817044588,38.073879172472,41.56497037738351,38.38339299742419,-0.0765446805584756,0.08208859641430552,0.005543915855829917,0.08763251227013544,0.013940000000000001,0.000192,0.0069225706,0.0070209928,0.014218,0.005352135033912109,0.08744073144821762,0.07449548186170081,convergence,False,False
25552J__938939,25552J,938939,2025-07-29,2025-07-31,2,73.063234827528,67.03615322164801,70.43257596201279,67.21186885339878,-0.045727521173598254,0.08249130523863937,0.03676378406504112,0.11925508930368049,0.013940000000000001,5.5e-05,0.0066887391,0.0067854114,0.014453,0.03670898954449318,0.11920029478313254,0.10560469830170931,convergence,False,False
25552J__938939,25552J,938939,2025-09-18,2025-09-24,6,102.2288124,102.76936244588,102.15875729627881,99.93162645849273,-0.02180068451035477,-0.005287648689147939,-0.02708833319950271,-0.03237598188865065,0.013940000000000001,0.000164,0.006758355,0.0066757902,-0.012217,-0.027252716761146545,-0.032540365450294484,-0.020442197529508318,convergence,False,False
25552J__938939,25552J,938939,2025-10-06,2025-10-08,2,122.32618068,118.19983412588,122.40667621700099,117.31314407564162,-0.0416115550129768,0.0337323255837958,-0.007879229429181005,0.025853096154614792,0.013940000000000001,5.5e-05,0.0065830618,0.0065329584,-0.007611,-0.00793402394972895,0.025798301634066847,0.03314849685566246,convergence,False,False
25552J__938939,25552J,938939,2025-10-28,2025-10-29,1,125.80017851411999,142.41039487999998,0.0,0.0,0.0,-0.1320365087082578,-0.1320365087082578,-0.2640730174165156,0.013940000000000001,0.0,0.0,0.0,0.0,-0.1320365087082578,-0.2640730174165156,-0.2640730174165156,overnight_abort,True,False
25552J__938939,25552J,938939,2025-11-05,2025-11-07,2,137.75506667999997,129.45121972587998,136.24640702581024,130.21131461144725,-0.044295424342600954,0.06027979336258844,0.015984369019987482,0.07626416238257591,0.013940000000000001,5.5e-05,0.0065331718,0.0064871878,-0.007039,0.015929574499439537,0.07620936786202796,0.08298381629205957,convergence,False,False
26133J__932252,26133J,932252,2021-02-01,2021-02-08,7,13.91324175,14.257470702634999,13.517242072796703,14.34493367272049,0.06123228358760452,-0.02474110339058829,0.03649118019701623,0.011750076806427937,0.008245,0.000192,0.0095251694,0.0095615997,0.003825,0.03629939937509842,0.011558295984510128,0.007514933819831634,convergence,False,False
26133J__932252,26133J,932252,2021-09-22,2021-09-24,1,14.421898897364999,14.478049399999998,0.0,0.0,0.0,-0.003893419516708598,-0.003893419516708598,-0.007786839033417196,0.008245,0.0,0.0,0.0,0.0,-0.003893419516708598,-0.007786839033417196,-0.007786839033417196,overnight_abort,True,False
26133J__932252,26133J,932252,2022-02-15,2022-02-17,2,16.324867327904997,16.59361326054,16.31488320425589,16.39808830206625,0.005099950564687795,-0.016462365496571034,-0.011362414931883238,-0.027824780428454272,0.008245,5.5e-05,0.0086606331,0.0086937622,0.003825,-0.011417209452431184,-0.027879574949002218,-0.03170968394051014,convergence,False,False
26133J__932252,26133J,932252,2023-06-02,2023-06-05,1,19.65566648454,19.726342307499998,0.0,0.0,0.0,-0.003595697099133621,-0.003595697099133621,-0.007191394198267242,0.008245,0.0,0.0,0.0,0.0,-0.003595697099133621,-0.007191394198267242,-0.007191394198267242,overnight_abort,True,False
26133J__932252,26133J,932252,2023-10-31,2023-11-01,1,19.81763856054,20.233167281554998,0.0,0.0,0.0,-0.020967620321947916,-0.020967620321947916,-0.04193524064389583,0.008245,0.0,0.0,0.0,0.0,-0.020967620321947916,-0.04193524064389583,-0.04193524064389583,overnight_abort,True,False
26133J__932252,26133J,932252,2023-11-02,2023-11-09,7,20.82748259142,21.175647189459998,20.68706480351875,20.95680130678035,0.013038896809358718,-0.016716595321194756,-0.003677698511836037,-0.02039429383303079,0.008245,0.000192,0.006663335,0.0066000066,-0.009504,-0.003869479333753845,-0.020586074654948598,-0.010865761273337353,convergence,False,False
26133J__932252,26133J,932252,2024-04-26,2024-04-30,1,25.16351496054,26.37932484473,0.0,0.0,0.0,-0.048316377346192124,-0.048316377346192124,-0.09663275469238425,0.008245,0.0,0.0,0.0,0.0,-0.048316377346192124,-0.09663275469238425,-0.09663275469238425,overnight_abort,True,False
26133J__932252,26133J,932252,2024-08-05,2024-08-06,1,20.844922515809998,20.233167281554998,0.0,0.0,0.0,0.029347925557939074,0.029347925557939074,0.05869585111587815,0.008245,0.0,0.0,0.0,0.0,0.029347925557939074,0.05869585111587815,0.05869585111587815,overnight_abort,True,False
26133J__932252,26133J,932252,2025-03-17,2025-03-27,10,24.73465598946,24.298860227635,24.488705790255693,23.93737540919244,-0.022513659389980182,0.01761883254049302,-0.004894826849487163,0.012724005691005857,0.008245,0.000274,0.0066992693,0.0066740076,-0.003771,-0.005168799452226889,0.012450033088266131,0.01614990401598101,convergence,False,False
26133J__932252,26133J,932252,2025-04-07,2025-04-08,1,20.23652986581,20.42367093946,0.0,0.0,0.0,-0.009247685986231203,-0.009247685986231203,-0.018495371972462406,0.008245,0.0,0.0,0.0,0.0,-0.009247685986231203,-0.018495371972462406,-0.018495371972462406,overnight_abort,True,False
26133J__932252,26133J,932252,2025-04-09,2025-04-10,1,22.031789857905,21.11549109473,0.0,0.0,0.0,0.04158984672079342,0.04158984672079342,0.08317969344158684,0.008245,0.0,0.0,0.0,0.0,0.04158984672079342,0.08317969344158684,0.08317969344158684,overnight_abort,True,False
26133J__932252,26133J,932252,2025-09-29,2025-10-02,3,29.29260606054,28.90596905527,28.965037707910593,28.8133357620711,-0.005237415789659414,0.013199133066922225,0.00796171727726281,0.021160850344185037,0.008245,8.2e-05,0.0067606396,0.0067817296,0.00312,0.007879525496440892,0.02107865856336312,0.017985119873617155,convergence,False,False
266613__755996,266613,755996,2021-01-15,2021-02-09,25,5.856216,5.427009404792801,1.0371293413264688,1.0878044179843174,0.04886090349448225,0.07329077260934344,0.12215167610382568,0.19544244871316913,0.052879999999999996,0.000685,0.2469135681,0.2472799392,0.001484,0.12146674459697637,0.1947575172063198,0.19320352004745844,convergence,False,False
266613__755996,266613,755996,2021-03-11,2021-03-18,7,7.2617074495856,6.963978856810801,1.2317943024981601,1.3211272135739973,0.07252258830444673,0.04099980546473124,0.11352239376917797,0.1545221992339092,0.052879999999999996,0.000192,0.2428363224,0.2434570848,0.002556,0.11333061294726016,0.15433041841199138,0.1515957200296584,convergence,False,False
266613__755996,266613,755996,2021-06-25,2021-07-19,24,7.6618829904144,6.7735216552072,1.2210574047672755,1.143057692748597,-0.06387882479083347,0.11594556277074543,0.05206673797991196,0.16801230075065737,0.052879999999999996,0.000658,0.2411963338,0.2362669761,-0.020437,0.051409203733336614,0.16735476650408204,0.18688553715735035,convergence,False,False
266613__755996,266613,755996,2022-01-24,2022-02-11,18,6.0807038895856005,5.7546775776036005,1.064682225815689,1.1069051352398356,0.03965775740437316,0.053616541423828254,0.09327429882820142,0.14689084025202967,0.052879999999999996,0.000493,0.2386635073,0.2386349907,-0.000119,0.0927811481432699,0.14639768956709817,0.1465219274431861,convergence,False,False
266613__755996,266613,755996,2022-07-08,2022-07-13,5,5.8269352128108,5.339972464792801,1.0212286939701503,1.0100939913987317,-0.01090324100484395,0.08357099062083058,0.07266774961598663,0.15623874023681722,0.052879999999999996,0.000137,0.2253774921,0.2250224871,-0.001575,0.07253076331461676,0.15610175393544737,0.15766219484716398,convergence,False,False
266613__755996,266613,755996,2023-08-02,2023-08-08,6,4.968023435207201,4.7102348095856,0.9196421859518235,0.9383840089041966,0.02037947284135893,0.051889575196991576,0.0722690480383505,0.12415862323534207,0.052879999999999996,0.000164,0.2194666718,0.2187705049,-0.003172,0.07210466447670667,0.12399423967369824,0.12724126977383118,convergence,False,False
266613__755996,266613,755996,2024-01-30,2024-02-02,3,5.3086599992072,5.171018404792801,1.013073041337541,1.0205171128085249,0.007348010624343076,0.025927747197024193,0.03327575782136727,0.05920350501839146,0.052879999999999996,8.2e-05,0.2114165084,0.2105041663,-0.004315,0.03319356604054535,0.05912131323756954,0.06348724107452308,convergence,False,False
266613__755996,266613,755996,2024-02-09,2024-02-16,7,5.5536444495856,5.171018404792801,1.0327648482167704,1.0271534070212496,-0.005433416140382629,0.06889638835654119,0.06346297221615856,0.13235936057269976,0.052879999999999996,0.000192,0.209819564,0.2084419099,-0.006566,0.06327119139424074,0.13216757975078194,0.1387409638299939,convergence,False,False
266613__755996,266613,755996,2024-03-07,2024-03-12,5,5.5048434304144,5.437249351982,1.0634590155730854,1.0681679164413,0.004427910055073496,0.012279019246749297,0.01670692930182279,0.028985948548572088,0.052879999999999996,0.000137,0.213447149,0.2133105893,-0.00064,0.01656994300045293,0.028848962247202226,0.02949198880541892,convergence,False,False
266613__755996,266613,755996,2024-03-14,2024-04-18,35,5.758612107189201,4.863829000000001,1.0718362983538983,0.9363191693714631,-0.12643453966856627,0.15538172923161983,0.02894718956305356,0.1843289187946734,0.052879999999999996,0.000959,0.2125624312,0.2090519581,-0.016515,0.027988285453464518,0.18337001468508435,0.19803922935044377,convergence,False,False
266613__755996,266613,755996,2024-08-30,2024-09-17,18,5.426760648018,4.9969445247928,0.9869826228998113,0.9754297389989711,-0.011705255627396115,0.07920307363881621,0.06749781801142009,0.1467008916502363,0.052879999999999996,0.000493,0.2289639172,0.2356267394,0.0291,0.06700466732648858,0.1462077409653048,0.11826170996849719,convergence,False,False
266613__755996,266613,755996,2025-08-25,2025-08-27,2,3.73821788,3.4405187328108005,0.6872627470615428,0.6741626112598341,-0.019061320954350477,0.07963664953344016,0.06057532857908968,0.14021197811252983,0.052879999999999996,5.5e-05,0.2372197898,0.2371353987,-0.000356,0.060520534058541735,0.1401571835919819,0.14050627737811006,convergence,False,False
266613__755996,266613,755996,2025-10-17,2025-10-22,5,4.43120344,4.1982528095856,0.8083336436351919,0.8111291615486312,0.003458371348825104,0.052570511277270436,0.05602888262609554,0.10859939390336598,0.052879999999999996,0.000137,0.2364625151,0.2363786619,-0.000355,0.05589189632472567,0.10846240760199612,0.1088183754157913,convergence,False,False
26981M__26030V,26981M,26030V,2021-12-21,2021-12-28,7,63.826885811066006,65.617786065,3.169264626397199,3.280453440018358,0.03508347415834363,-0.028058712738002645,0.007024761420340989,-0.021033951317661656,0.012617,0.000192,0.1282084156,0.1282552727,0.000365,0.006832980598423181,-0.021225732139579463,-0.021603892107867437,convergence,False,False
26981M__26030V,26981M,26030V,2022-01-05,2022-01-21,16,71.3605475615165,77.248155816066,3.5159787817001478,3.803689179134325,0.08182938956618367,-0.08250508797559437,-0.0006756984094107021,-0.08318078638500508,0.012617,0.000438,0.1281928053,0.1284331794,0.001875,-0.0011140545737942638,-0.08361914254938864,-0.08564388231745629,convergence,False,False
26981M__26030V,26981M,26030V,2022-01-25,2022-02-07,13,78.306268563033,82.00467362696699,3.8570189423754777,4.09420248073088,0.06149400402200897,-0.04722999999619368,0.014264004025815291,-0.03296599597037839,0.012617,0.000356,0.1284191634,0.1283062928,-0.000879,0.013907839642253648,-0.033322160353940034,-0.0323883677665637,convergence,False,False
26981M__26030V,26981M,26030V,2022-03-15,2022-03-31,16,71.290784430901,76.013875125,3.578036060444594,3.7870383612248517,0.05841257529257198,-0.06625106922027044,-0.007838493927698455,-0.07408956314796888,0.012617,0.000438,0.127883776,0.1276560354,-0.001781,-0.008276850092082016,-0.07452791931235245,-0.07263969276521451,convergence,False,False
26981M__26030V,26981M,26030V,2022-11-10,2022-11-11,1,65.889666993934,65.87868575409901,0.0,0.0,0.0,0.00016666103102328905,0.00016666103102328905,0.0003333220620465781,0.012617,0.0,0.0,0.0,0.0,0.00016666103102328905,0.0003333220620465781,0.0003333220620465781,overnight_abort,True,False
26981M__26030V,26981M,26030V,2023-11-14,2023-11-15,1,54.469595876066,55.648179499467,0.0,0.0,0.0,-0.021637458557295212,-0.021637458557295212,-0.043274917114590424,0.012617,0.0,0.0,0.0,0.0,-0.021637458557295212,-0.043274917114590424,-0.043274917114590424,overnight_abort,True,False
26981M__26030V,26981M,26030V,2023-11-24,2023-11-29,5,56.121322971332496,54.007489997868,2.7608653819645457,2.6937745047966146,-0.024300669495225906,0.037665415951514014,0.013364746456288108,0.05103016240780212,0.012617,0.000137,0.1283491046,0.1280286768,-0.002497,0.013227760154918245,0.05089317610643226,0.05333513831169294,convergence,False,False
26981M__26030V,26981M,26030V,2024-04-03,2024-04-10,7,58.29621525,58.809146503566,2.8885465270341086,2.9134278866284515,0.008613799141359338,-0.00879870590854515,-0.0001849067671858117,-0.008983612675730961,0.012617,0.000192,0.1277343175,0.1275843844,-0.001174,-0.00037668758910361995,-0.00917539349764877,-0.007990102724650089,convergence,False,False
26981M__26030V,26981M,26030V,2024-04-19,2024-04-30,11,58.6549621865165,61.781470651467004,2.9307951489973627,3.082288974256642,0.051690349395830726,-0.05330339238832926,-0.0016130429924985368,-0.0549164353808278,0.012617,0.000301,0.1276218228,0.1279926243,0.002905,-0.0019144128555122354,-0.0552178052438415,-0.058264608614146986,convergence,False,False
26981M__26030V,26981M,26030V,2024-05-02,2024-05-07,5,63.308692248483496,62.2912352520495,3.145301856130849,3.099768567837667,-0.014476603638034845,0.016071363351505094,0.0015947597134702493,0.017666123064975343,0.012617,0.000137,0.1280180167,0.1279238564,-0.000736,0.0014577734121003862,0.01752913676360548,0.01825454624757449,convergence,False,False
26981M__26030V,26981M,26030V,2024-07-02,2024-07-08,6,62.362004563033004,57.931098441066,2.9725786443429962,2.878449146798882,-0.03166594018403798,0.07105137419834578,0.0393854340143078,0.11043680821265359,0.012617,0.000164,0.1280434356,0.1280090151,-0.000269,0.03922105045266397,0.11027242465100975,0.11053280117589635,convergence,False,False
26981M__26030V,26981M,26030V,2024-09-12,2024-09-17,5,60.040119125000004,61.282745372868,2.931635773716428,3.051089321568955,0.04074638088519993,-0.020696598640667602,0.02004978224453233,-0.0006468163961352719,0.012617,0.000137,0.1282182772,0.128290657,0.000565,0.01991279594316247,-0.0007838026975051349,-0.00137097729510025,convergence,False,False
26981M__26030V,26981M,26030V,2024-09-26,2024-09-30,4,65.67043137090101,63.667014140999996,3.2127964801847653,3.2240489729567705,0.003502398250684749,0.03050714283550062,0.03400954108618537,0.064516683921686,0.012617,0.00011,0.1286645249,0.1288120244,0.001146,0.03389995204508948,0.06440709488059011,0.0632580088175441,convergence,False,False
26981M__26030V,26981M,26030V,2024-12-27,2024-12-31,4,66.3586386205155,64.293195872868,3.2280881368989376,3.192805796761252,-0.010929794553744614,0.03112545390599612,0.020195659352251503,0.051321113258247626,0.012617,0.00011,0.1287597791,0.1285884256,-0.001331,0.020086070311155613,0.051211524217151735,0.052529532744421056,convergence,False,False
26981M__26030V,26981M,26030V,2025-01-10,2025-01-14,4,64.74367899803299,62.803021871884496,3.1556238245479244,3.118153510059781,-0.01187413854486012,0.02997446478454606,0.018100326239685938,0.048074791024232,0.012617,0.00011,0.1284381347,0.1284183306,-0.000154,0.017990737198590047,0.047965201983136106,0.04811758632952521,convergence,False,False
26981M__26030V,26981M,26030V,2025-04-11,2025-04-15,4,77.08255028709901,76.49554319106599,3.788319639079818,3.841019229024945,0.013911072709252102,0.007615304551376066,0.021526377260628168,0.029141681812004234,0.012617,0.00011,0.1289299409,0.1288261412,-0.000805,0.021416788219532277,0.029032092770908343,0.02984903616604208,convergence,False,False
26981M__26030V,26981M,26030V,2025-04-24,2025-05-07,13,80.618178870901,84.543484875,3.9493264794636453,4.168899112830562,0.05559748846004167,-0.04869008527698003,0.006907403183061642,-0.04178268209391839,0.012617,0.000356,0.1289100015,0.128637219,-0.002116,0.0065512387994999975,-0.042138846477480035,-0.03990039228720519,convergence,False,False
26981M__26030V,26981M,26030V,2025-05-14,2025-05-21,7,85.5060913068845,85.8981946243845,4.175118763563881,4.274472247551279,0.02379656474791876,-0.004585677014433145,0.019210887733485615,0.014625210719052472,0.012617,0.000192,0.1281033009,0.1277669547,-0.002626,0.019019106911567808,0.014433429897134663,0.017128571883844625,convergence,False,False
26981M__26030V,26981M,26030V,2025-06-10,2025-06-13,3,90.55345036893401,88.982891865066,4.45240157078156,4.414414723910343,-0.008531765670127705,0.017343994044061544,0.008812228373933839,0.02615622241799538,0.012617,8.2e-05,0.127399084,0.1273934036,-4.5e-05,0.00873003659311192,0.026074030637173465,0.02611823964642442,convergence,False,False
26981M__26030V,26981M,26030V,2025-06-27,2025-07-02,5,95.1832769896155,88.0054999395495,4.413736165936508,4.376164970362804,-0.008512333805464949,0.0754100644260137,0.06689773062054874,0.14230779504656244,0.012617,0.000137,0.1273893481,0.1273893481,0.0,0.06676074431917887,0.14217080874519258,0.1421708087451925,convergence,False,False
26981M__26030V,26981M,26030V,2025-09-05,2025-09-09,4,98.57541118348351,97.05190369204949,4.81794588925541,4.910729070261571,0.019257829610141223,0.015455248658291003,0.03471307826843223,0.050168326926723225,0.012617,0.00011,0.1283219324,0.1283795895,0.000449,0.03460348922733634,0.050058737885627334,0.04960097469416907,convergence,False,False
26981M__26030V,26981M,26030V,2025-09-10,2025-09-15,5,103.7331822807,99.27362017498349,4.9958540396753754,4.967260075681983,-0.005723538711561425,0.04299069986736766,0.037267161155806236,0.0802578610231739,0.012617,0.000137,0.1285289255,0.1285173628,-9e-05,0.03713017485443637,0.08012087472180403,0.08021032971985623,convergence,False,False
271661__31150M,271661,31150M,2021-04-05,2021-04-09,4,24.820232770077503,25.562487927984503,11.8525556008823,12.572382521489827,0.060731790243949056,-0.029905245643056143,0.030826544600892913,0.0009212989578367692,0.025046,0.00011,0.0091112014,0.0091420213,0.003383,0.030716955559797022,0.0008117099167408788,-0.0027642659675136817,convergence,False,False
271661__31150M,271661,31150M,2021-04-27,2021-05-10,13,24.2547759989535,22.427655125,11.603457922195721,11.0897049331795,-0.044275852289987414,0.07533035448492015,0.031054502194932734,0.10638485667985288,0.025046,0.000356,0.0092076792,0.0092068306,-9.2e-05,0.03069833781137109,0.10602869229629124,0.10611678205779372,convergence,False,False
271661__31150M,271661,31150M,2021-11-08,2021-11-09,1,39.4623755979845,42.335349,0.0,0.0,0.0,-0.07280284976463094,-0.07280284976463094,-0.1456056995292619,0.025046,0.0,0.0,0.0,0.0,-0.07280284976463094,-0.1456056995292619,-0.1456056995292619,overnight_abort,True,False
271661__31150M,271661,31150M,2021-12-10,2021-12-15,5,43.053466747907,40.1782631779845,21.227315949005042,20.836358578899862,-0.018417654452611343,0.06678216150996202,0.04836450705735068,0.1151466685673127,0.025046,0.000137,0.0088047546,0.0087946872,-0.001143,0.048227520755980816,0.11500968226594284,0.11613331314454459,convergence,False,False
271661__31150M,271661,31150M,2022-04-01,2022-04-04,1,34.918942623953505,36.287442,0.0,0.0,0.0,-0.03919074500004298,-0.03919074500004298,-0.07838149000008596,0.025046,0.0,0.0,0.0,0.0,-0.03919074500004298,-0.07838149000008596,-0.07838149000008596,overnight_abort,True,False
271661__31150M,271661,31150M,2024-08-05,2024-08-08,3,31.8437044941085,33.061895631938,16.133423489940338,17.12169216848123,0.06125598073819268,-0.03825532101815858,0.0230006597200341,-0.01525466129812448,0.025046,8.2e-05,0.0068168645,0.0068198863,0.000443,0.022918467939212185,-0.015336853078946397,-0.01580708134691526,convergence,False,False
271661__31150M,271661,31150M,2024-09-19,2024-09-27,8,43.222123271124005,42.647822179031,20.587751788273938,20.253816669251318,-0.016220086702852975,0.013287202215645964,-0.002932884487207011,0.010354317728438953,0.025046,0.000219,0.006948546,0.0068275697,-0.01741,-0.0031520625693987918,0.010135139646247172,0.027566533122173116,convergence,False,False
271661__31150M,271661,31150M,2025-01-14,2025-01-23,9,37.20058125,33.964045791376,18.262274873365282,17.70077883962515,-0.030746226175745923,0.08700228195020468,0.05625605577445876,0.14325833772466343,0.025046,0.000247,0.0064455827,0.0064100505,-0.005513,0.056009480431993004,0.14301176238219768,0.14838453112127054,convergence,False,False
271661__31150M,271661,31150M,2025-04-09,2025-05-08,29,38.440600625,36.6402436308915,18.754907487943864,18.842085503138115,0.004648277537508048,0.046834777938865896,0.05148305547637394,0.09831783341523984,0.025046,0.000795,0.0069225706,0.0067805804,-0.020511,0.05068853492842874,0.09752331286729463,0.11856136587190277,convergence,False,False
2721ME__32307F,2721ME,32307F,2021-01-08,2021-01-13,5,19.8423308,19.28853131322,19.81225048487407,18.790675217202228,-0.05156280799355822,0.027910001721168812,-0.023652806272389405,0.004257195448779408,0.051309,0.000137,0.128941578,0.128969855,0.000219,-0.023789792573759266,0.004120209147409545,0.0039122616508542275,convergence,False,False
2721ME__32307F,2721ME,32307F,2021-07-28,2021-08-02,5,22.285581818879997,22.548413629560002,22.63617841323561,21.974067552885735,-0.029250116705332656,-0.01179380519728402,-0.04104392190261667,-0.0528377270999007,0.051309,0.000137,0.1286935019,0.1285627915,-0.001016,-0.04118090820398654,-0.052974713401270565,-0.0519877473898379,convergence,False,False
2721ME__32307F,2721ME,32307F,2022-01-31,2022-02-10,10,18.433473096540002,18.68210385912,18.70331562152867,18.463559389716284,-0.012818915996713,-0.013488004201805463,-0.026306920198518463,-0.03979492440032392,0.051309,0.000274,0.1283977314,0.1282043097,-0.001506,-0.02658089280125819,-0.040068897003063646,-0.038579537995378436,convergence,False,False
2721ME__32307F,2721ME,32307F,2022-03-16,2022-03-17,1,13.34973198522,13.1008098,0.0,0.0,0.0,0.018646230912769703,0.018646230912769703,0.03729246182553941,0.051309,0.0,0.0,0.0,0.0,0.018646230912769703,0.03729246182553941,0.03729246182553941,overnight_abort,True,False
2721ME__32307F,2721ME,32307F,2022-11-10,2022-11-11,1,7.380283217044,8.5799649,0.0,0.0,0.0,-0.1625522554724539,-0.1625522554724539,-0.3251045109449078,0.051309,0.0,0.0,0.0,0.0,-0.1625522554724539,-0.3251045109449078,-0.3251045109449078,overnight_abort,True,False
2721ME__32307F,2721ME,32307F,2023-01-04,2023-01-09,5,11.4088476,12.45135161478,11.739913411102705,12.224015418854462,0.04123556884959051,-0.09137680257732608,-0.050141233727735574,-0.14151803630506166,0.051309,0.000137,0.1279737861,0.1280663929,0.000724,-0.05027822002910544,-0.1416550226064315,-0.14240795623635444,convergence,False,False
2721ME__32307F,2721ME,32307F,2023-07-24,2023-07-27,3,9.724121301478,9.9346962,9.964199535048982,9.769265675425423,-0.019563423929627333,-0.02165490248357899,-0.04121832641320632,-0.06287322889678532,0.051309,8.2e-05,0.1280131102,0.1282684353,0.001995,-0.04130051819402824,-0.06295542067760723,-0.06490703150254122,convergence,False,False
2721ME__32307F,2721ME,32307F,2023-10-24,2023-10-27,3,10.0886528,10.1478,10.300341699650016,9.757507077164833,-0.052700642203319034,-0.0058627451229167045,-0.05856338732623574,-0.06442613244915245,0.051309,8.2e-05,0.1278486321,0.1278649697,0.000128,-0.05864557910705766,-0.06450832422997436,-0.06462936283831446,convergence,False,False
2721ME__32307F,2721ME,32307F,2023-11-14,2023-11-16,2,10.77338168522,10.5131208,10.98037699704532,10.302993859952615,-0.06169033515652341,0.02415777077470975,-0.03753256438181366,-0.013374793607103912,0.051309,5.5e-05,0.1280926284,0.128279137,0.001456,-0.0375873589023616,-0.013429588127651857,-0.014793822609182727,convergence,False,False
2721ME__32307F,2721ME,32307F,2024-05-02,2024-05-07,5,10.374366599999998,10.7363724,10.69574800719734,10.67936320775351,-0.0015318984172779009,-0.034894255616531054,-0.03642615403380896,-0.07132040965034,0.051309,0.000137,0.1280180167,0.1279238564,-0.000736,-0.03656314033517882,-0.07145739595170987,-0.07072245832059688,convergence,False,False
2721ME__32307F,2721ME,32307F,2024-09-24,2024-09-30,6,8.403926402956001,8.879325,8.687176593658124,8.415514103230771,-0.03127166663397565,-0.05656862926319554,-0.08784029589717118,-0.14440892516036674,0.051309,0.000164,0.1284562767,0.1288120244,0.002769,-0.08800467945881502,-0.14457330872201057,-0.1472487024061409,convergence,False,False
2721ME__32307F,2721ME,32307F,2024-11-11,2024-11-13,2,7.871907602955999,7.55097798,7.8823275051029595,7.353455993691761,-0.06709585602333967,0.040768977374110206,-0.026326878649229467,0.01444209872488074,0.051309,5.5e-05,0.1285661006,0.128509929,-0.000437,-0.026381673169777412,0.014387304204332794,0.014795075952567256,convergence,False,False
2721ME__32307F,2721ME,32307F,2024-12-09,2024-12-10,1,8.088656298522,7.8949881970439995,0.0,0.0,0.0,0.023943173542110924,0.023943173542110924,0.04788634708422185,0.051309,0.0,0.0,0.0,0.0,0.023943173542110924,0.04788634708422185,0.04788634708422185,overnight_abort,True,False
2721ME__32307F,2721ME,32307F,2025-08-22,2025-08-27,5,7.927079725912,7.4383374,7.958164521784354,7.532314960101533,-0.05351102763923997,0.06165477613583238,0.008143748496592412,0.0697985246324248,0.051309,0.000137,0.1280090151,0.1283087573,0.002342,0.008006762195222549,0.06966153833105493,0.06745044461601098,convergence,False,False
2721ME__32307F,2721ME,32307F,2025-09-18,2025-09-23,5,8.118212602956,7.725012952956001,8.061355998033289,7.610419330283776,-0.05593806648156055,0.04843426370194187,-0.007503802779618679,0.04093046092232319,0.051309,0.000137,0.1286231584,0.1285561871,-0.000521,-0.007640789080988542,0.04079347462095333,0.041285283349840614,convergence,False,False
2721ME__32307F,2721ME,32307F,2025-10-06,2025-10-13,7,8.591118695566001,8.047205805912,8.371618060933756,8.085685318076575,-0.03415501528808262,0.06331106680375886,0.029156051515676247,0.0924671183194351,0.051309,0.000192,0.1284958979,0.1286322466,0.001061,0.02896427069375844,0.09227533749751729,0.09125155293689682,convergence,False,False
2721ME__32307F,2721ME,32307F,2025-10-15,2025-10-21,6,8.118212602956,8.635676423478,8.065556812770827,8.654099879254765,0.07296992385597627,-0.06374110236206197,0.009228821493914297,-0.054512280868147675,0.051309,0.000164,0.1286901846,0.128665346,-0.000193,0.00906443793227046,-0.05467666442979151,-0.05446952962948019,convergence,False,False
2721ME__32307F,2721ME,32307F,2025-11-25,2025-12-03,8,8.831118189044,9.092428901478,8.902261291995737,9.118677555673383,0.024310257425518542,-0.029589765060350475,-0.005279507634831933,-0.034869272695182404,0.051309,0.000219,0.1285619717,0.1284868125,-0.000585,-0.0054986857170237135,-0.035088450777374186,-0.034489273803473386,convergence,False,False
27220J__912748,27220J,912748,2021-06-21,2021-06-22,1,18.479747031155814,18.970624484870978,0.0,0.0,0.0,-0.026562996392081158,-0.026562996392081158,-0.053125992784162315,0.039208,0.0,0.0,0.0,0.0,-0.026562996392081158,-0.053125992784162315,-0.053125992784162315,overnight_abort,True,False
27220J__912748,27220J,912748,2021-07-09,2021-07-14,5,18.25257686769348,18.77828355038698,18.43646634056201,18.310597636157734,-0.006827159938309467,-0.02880177886685056,-0.03562893880516003,-0.06443071767201058,0.039208,0.000137,0.0090608427,0.0091012514,0.00446,-0.03576592510652989,-0.06456770397338045,-0.06897729794879791,convergence,False,False
27220J__912748,27220J,912748,2021-08-20,2021-08-24,4,18.36451414743548,19.57800939717748,18.273592285699383,18.92064824327913,0.0354093463104198,-0.06607826594266086,-0.03066891963224106,-0.09674718557490192,0.039208,0.00011,0.009116185,0.0090904951,-0.002818,-0.03077850867333695,-0.0968567746159978,-0.09393068948277096,convergence,False,False
27220J__912748,27220J,912748,2021-09-29,2021-10-04,5,21.877410037306475,20.509329352564478,21.814140088685193,20.038401832923668,-0.08140308297930958,0.06253394174214755,-0.018869141237162032,0.043664800504985515,0.039208,0.000137,0.0089859362,0.008971426,-0.001615,-0.019006127538531894,0.04352781420361565,0.04501353397496026,convergence,False,False
27220J__912748,27220J,912748,2022-08-02,2022-08-04,2,14.318265413720319,13.672888147177485,14.07018622328272,13.654238412153678,-0.029562352944607816,0.04507370466288523,0.015511351718277416,0.06058505638116265,0.039208,5.5e-05,0.0074696545,0.00740823,-0.008223,0.015456557197729471,0.060530261860614706,0.06857653570086442,convergence,False,False
27220J__912748,27220J,912748,2023-05-01,2023-05-09,8,13.235091912306487,13.244343374999985,13.3268695634763,13.151801807338133,-0.013136450034594715,-0.0006990100828008732,-0.013835460117395589,-0.01453447020019646,0.039208,0.000219,0.0073230566,0.0074429683,0.016375,-0.01405463819958737,-0.014753648282388242,-0.030652746756902435,convergence,False,False
27220J__912748,27220J,912748,2023-05-18,2023-05-22,4,13.412879705386986,13.851728624741986,13.6043986855189,13.60896482815473,0.0003356372259724473,-0.032718471274945184,-0.032382834048972735,-0.06510130532391792,0.039208,0.00011,0.0072482151,0.007215267,-0.004546,-0.032492423090068626,-0.0652108943650138,-0.060642919457240374,convergence,False,False
27220J__912748,27220J,912748,2024-04-26,2024-05-01,5,6.933607711537659,7.096639069178992,6.9574436781616775,7.070502091512234,0.01624999332807087,-0.023513207614853277,-0.007263214286782407,-0.030776421901635685,0.039208,0.000137,0.006336734,0.0065085095,0.027108,-0.00740020058815227,-0.030913408203005546,-0.05773473353546832,convergence,False,False
27220J__912748,27220J,912748,2024-05-08,2024-05-09,1,7.407701249999992,7.926361919612992,0.0,0.0,0.0,-0.07001641293417453,-0.07001641293417453,-0.14003282586834906,0.039208,0.0,0.0,0.0,0.0,-0.07001641293417453,-0.14003282586834906,-0.14003282586834906,overnight_abort,True,False
27220J__912748,27220J,912748,2024-05-24,2024-05-29,5,7.26613448218266,7.342594792822492,7.199635902931829,7.237301348256806,0.00523157640647346,-0.010522831751507066,-0.005291255345033607,-0.015814087096540672,0.039208,0.000137,0.0063627398,0.0063765344,0.002168,-0.005428241646403469,-0.015951073397910534,-0.018125729195877443,convergence,False,False
27220J__912748,27220J,912748,2024-08-05,2024-08-06,1,6.061147095257994,6.360661537048494,0.0,0.0,0.0,-0.04941547154082897,-0.04941547154082897,-0.09883094308165793,0.039208,0.0,0.0,0.0,0.0,-0.04941547154082897,-0.09883094308165793,-0.09883094308165793,overnight_abort,True,False
27220J__912748,27220J,912748,2025-04-07,2025-04-10,3,6.78545424623065,6.8355992363274005,6.863352797590217,6.752659839874481,-0.016128117114218805,-0.007390071213670999,-0.023518188327889804,-0.030908259541560804,0.039208,8.2e-05,0.0068355036,0.0069674273,0.0193,-0.02360038010871172,-0.03099045132238272,-0.049619424905825646,convergence,False,False
27220J__912748,27220J,912748,2025-05-08,2025-05-09,1,7.2847332117113,6.9241766624613,0.0,0.0,0.0,0.049494818653118465,0.049494818653118465,0.09898963730623693,0.039208,0.0,0.0,0.0,0.0,0.049494818653118465,0.09898963730623693,0.09898963730623693,overnight_abort,True,False
27220J__912748,27220J,912748,2025-07-11,2025-07-22,11,7.18053223884675,6.8148477629226,6.996494855789802,7.012812046425761,0.0023321950451312677,0.05092721037387635,0.053259405419007616,0.10418661579288396,0.039208,0.000301,0.0067697932,0.0068254727,0.008225,0.05295803555599392,0.10388524592987027,0.09570861730545042,convergence,False,False
27220J__912748,27220J,912748,2025-11-04,2025-11-07,3,6.691623166191951,6.80269998369195,6.745368811740763,6.719762965108922,-0.0037960632467230046,-0.016599383249970165,-0.02039544649669317,-0.036994829746663335,0.039208,8.2e-05,0.0065331718,0.0064869774,-0.007071,-0.020477638277515087,-0.03707702152748525,-0.029982955940644266,convergence,False,False
27604J__315206,27604J,315206,2021-06-21,2021-06-25,4,35.778616120286,37.064897150143,35.67088563168014,36.85592392093632,0.03322144287339243,-0.03595111184660073,-0.0027296689732082963,-0.038680780819809024,0.011307000000000001,0.00011,0.0008820324,0.0008847873,0.003123,-0.0028392580143041866,-0.038790369860904915,-0.04200743881405563,convergence,False,False
27604J__315206,27604J,315206,2022-01-11,2022-01-18,7,33.267147203095,32.539638806333,32.91722805318335,32.663923853959474,-0.007695186205066255,0.021868673990005198,0.014173487784938942,0.03604216177494414,0.011307000000000001,0.000192,0.0008431988,0.0008416021,-0.001894,0.013981706963021133,0.03585038095302633,0.037732996379231304,convergence,False,False
27604J__315206,27604J,315206,2022-02-25,2022-03-03,6,32.998056086618995,31.706846623667005,32.41669600812589,31.337202230983685,-0.03330054910196917,0.03912986448542909,0.005829315383459925,0.04495917986888902,0.011307000000000001,0.000164,0.0008325147,0.0008211393,-0.013664,0.00566493182181609,0.044794796307245185,0.058186668957531835,convergence,False,False
27604J__315206,27604J,315206,2022-03-16,2022-03-23,7,31.622716883524,31.907519813524004,31.875208723309875,31.989313088721453,0.003579721356558045,-0.009006276438834148,-0.005426555082276104,-0.014432831521110252,0.011307000000000001,0.000192,0.0008260503,0.0008189572,-0.008587,-0.005618335904193912,-0.014624612343028061,-0.0059324715064199675,convergence,False,False
27604J__315206,27604J,315206,2022-08-10,2022-08-26,16,28.084716443667002,26.990942879714,27.75367901843141,26.537277659072952,-0.04382847256216506,0.03894550853475475,-0.004882964027410307,0.034062544507344444,0.011307000000000001,0.000438,0.0007659959,0.0007429531,-0.030082,-0.005321320191793868,0.03362418834296088,0.06327998932480544,convergence,False,False
27604J__315206,27604J,315206,2023-12-13,2023-12-14,1,28.722567552952004,29.429166736762003,0.0,0.0,0.0,-0.024600836346100864,-0.024600836346100864,-0.04920167269220173,0.011307000000000001,0.0,0.0,0.0,0.0,-0.024600836346100864,-0.04920167269220173,-0.04920167269220173,overnight_abort,True,False
27604J__315206,27604J,315206,2024-09-26,2024-10-10,14,44.628597823381,42.222274486762004,43.141388477279094,42.591157541856,-0.012754131353766695,0.05391886489784179,0.0411647335440751,0.09508359844191688,0.011307000000000001,0.000384,0.0007631839,0.000741114,-0.028918,0.040781171900239485,0.09470003679808127,0.1240995861203658,convergence,False,False
27604J__315206,27604J,315206,2025-02-20,2025-02-24,4,34.044509026476,33.31224618985701,33.40908478328755,32.49224286762493,-0.027442892303390896,0.02150898507743264,-0.005933907225958254,0.015575077851474387,0.011307000000000001,0.00011,0.0006973501,0.0006973501,0.0,-0.006043496267054145,0.015465488810378496,0.015465488810378496,convergence,False,False
27604J__315206,27604J,315206,2025-04-09,2025-04-10,1,31.313767983381002,30.833894116476003,0.0,0.0,0.0,0.015324692549286305,0.015324692549286305,0.03064938509857261,0.011307000000000001,0.0,0.0,0.0,0.0,0.015324692549286305,0.03064938509857261,0.03064938509857261,overnight_abort,True,False
27604J__315206,27604J,315206,2025-10-14,2025-11-12,29,48.774536849857,55.01538223676201,48.86932045926892,55.289854075292375,0.13138168396212452,-0.12795293999646262,0.0034287439656618957,-0.12452419603080073,0.011307000000000001,0.000795,0.0007035861,0.0006799483,-0.033596,0.00263422341771669,-0.12531871657874594,-0.0859872350982275,convergence,False,False
27604J__315206,27604J,315206,2025-11-24,2025-12-05,11,53.219448620286,54.43341925000001,53.00025674713937,54.3124937355,0.02475906851963425,-0.022810657779931753,0.0019484107397024983,-0.020862247040229254,0.011307000000000001,0.000301,0.0006823237,0.0006804525,-0.002742,0.0016470408766887997,-0.021163616903242952,-0.018345596293407755,convergence,False,False
28335J__27121Q,28335J,27121Q,2021-01-07,2021-01-12,5,7.3698183089075995,7.4551046393462,14.890396216418647,14.89569783159163,0.0003560425858337049,-0.011572378973782676,-0.01121633638794897,-0.022788715361731646,0.015569,0.000137,0.0096204714,0.0096278814,0.00077,-0.011353322689318834,-0.022925701663101507,-0.023695615413343644,convergence,False,False
28335J__27121Q,28335J,27121Q,2021-03-31,2021-04-06,6,8.30725077,7.8714387510924,15.909673342498447,16.03072512874906,0.007608690866534442,0.052461642362049386,0.06007033322858383,0.11253197559063322,0.015569,0.000164,0.0090403644,0.0091029084,0.006918,0.059905949666939996,0.11236759202898938,0.10544454335132104,convergence,False,False
28335J__27121Q,28335J,27121Q,2021-04-28,2021-05-06,8,9.1050661694538,8.5432686213655,17.13331661265488,17.038165219706993,-0.005553588665816582,0.06170164363802752,0.05614805497221094,0.11784969861023846,0.015569,0.000219,0.0091503858,0.0092068306,0.006169,0.05592887689001916,0.11763052052804668,0.11153381567518714,convergence,False,False
28335J__27121Q,28335J,27121Q,2022-03-09,2022-03-14,5,7.3398995408193,7.2835367636076,14.608260252043928,14.5505511832559,-0.003950440900719454,0.007678957579494198,0.003728516678774744,0.011407474258268942,0.015569,0.000137,0.0086106686,0.0084534427,-0.018259,0.003591530377404881,0.011270487956899078,0.02979605131985742,convergence,False,False
28335J__27121Q,28335J,27121Q,2022-03-16,2022-03-23,7,7.51940826,7.5605917400000004,15.067962202273133,14.955302418108571,-0.007476776398308582,-0.005476957571126858,-0.01295373396943544,-0.0184306915405623,0.015569,0.000192,0.008432058,0.0081736068,-0.030651,-0.013145514791353249,-0.018622472362480106,0.012761324833113447,convergence,False,False
28335J__27121Q,28335J,27121Q,2022-04-28,2022-05-06,8,7.3892648549538,7.4051687358193,14.270207551657597,14.748717514352867,0.03353209551879904,-0.0021522954147242777,0.03137980010407476,0.029227504689350488,0.015569,0.000219,0.007683147,0.0076766591,-0.000844,0.03116062202188298,0.029008326607158706,0.02988181242894239,convergence,False,False
28335J__27121Q,28335J,27121Q,2022-05-19,2022-05-23,4,8.3870321902731,8.3627767405462,16.758095531283566,16.852461604686653,0.005631073842903392,0.0028920181986459748,0.008523092041549368,0.011415110240195342,0.015569,0.00011,0.0078207478,0.0078855019,0.00828,0.008413503000453477,0.011305521199099451,0.0030474881728526945,convergence,False,False
28335J__27121Q,28335J,27121Q,2022-10-28,2022-11-01,4,7.010800870546199,6.84865273,13.752117948723916,13.809452575075213,0.004169148822390462,0.023128333487179215,0.027297482309569677,0.05042581579674889,0.015569,0.00011,0.0067238187,0.0067606396,0.005476,0.027187893268473786,0.050316226755653,0.04484715666768763,convergence,False,False
28335J__27121Q,28335J,27121Q,2023-06-02,2023-06-20,18,7.8485069302731,7.899013051407601,15.84349169076113,15.60597274498338,-0.014991578271616486,-0.006435124741967145,-0.021426703013583633,-0.027861827755550777,0.015569,0.000493,0.0071653769,0.0070479614,-0.016387,-0.021919853698515138,-0.028354978440482285,-0.011945232447627059,convergence,False,False
28335J__27121Q,28335J,27121Q,2023-09-11,2023-09-13,2,7.8485069302731,7.6809193597269,15.422412964599657,15.506929034187594,0.005480080826647207,0.02135279640255963,0.026832877229206836,0.048185673631766464,0.015569,5.5e-05,0.0067987894,0.0067808098,-0.002645,0.02677808270865889,0.04813087911121852,0.0507969514822842,convergence,False,False
28335J__27121Q,28335J,27121Q,2023-12-22,2023-12-28,6,7.3797903008193,7.4603182389076,14.737536853702343,14.88205406457066,0.009806062729676,-0.01091195478540362,-0.0011058920557276211,-0.012017846841131241,0.015569,0.000164,0.007022718,0.0070889301,0.009428,-0.0012702756173714567,-0.012182230402775078,-0.021614031684898578,convergence,False,False
28335J__27121Q,28335J,27121Q,2024-07-10,2024-07-11,1,8.3645936377731,8.3326951113655,0.0,0.0,0.0,0.003813517761765709,0.003813517761765709,0.007627035523531418,0.015569,0.0,0.0,0.0,0.0,0.003813517761765709,0.007627035523531418,0.007627035523531418,overnight_abort,True,False
28335J__27121Q,28335J,27121Q,2024-07-31,2024-08-02,2,8.8756938008193,8.2524757289076,17.885261039115505,16.756665569551966,-0.0631019847624965,0.07021626544329107,0.007114280680794574,0.07733054612408564,0.015569,5.5e-05,0.0066950084,0.0069350527,0.035854,0.007059486160246629,0.0772757516035377,0.044846722154478595,convergence,False,False
28335J__27121Q,28335J,27121Q,2024-08-05,2024-08-07,2,8.0488583721,8.06195724,16.11080040090907,15.952513836806961,-0.009824872766295204,-0.001627419354949162,-0.011452292121244366,-0.013079711476193528,0.015569,5.5e-05,0.0069288065,0.0067895572,-0.020097,-0.011507086641792312,-0.013134505996741474,0.00717332694186377,convergence,False,False
28335J__27121Q,28335J,27121Q,2025-04-09,2025-04-10,1,6.7614836205461994,6.6681608491807,0.0,0.0,0.0,0.013802114536211869,0.013802114536211869,0.027604229072423738,0.015569,0.0,0.0,0.0,0.0,0.013802114536211869,0.027604229072423738,0.027604229072423738,overnight_abort,True,False
29057L__140891,29057L,140891,2021-12-06,2021-12-09,3,55.960275912796504,55.68651896220351,54.781923342006,55.4631884627545,0.012435947465650856,0.00489198714851934,0.017327934614170197,0.022219921762689533,0.017034,8.2e-05,1.0,1.0,0.0,0.01724574283334828,0.022137729981867617,0.022137729981867617,convergence,False,False
29057L__140891,29057L,140891,2022-03-18,2022-03-23,5,56.7568665,58.317705619124006,55.9468580947605,55.52293138125751,-0.007577310468176134,-0.027500445591442307,-0.03507775605961844,-0.06257820165106075,0.017034,0.000137,1.0,1.0,0.0,-0.0352147423609883,-0.06271518795243061,-0.06271518795243061,convergence,False,False
29057L__140891,29057L,140891,2022-10-04,2022-10-07,3,53.311619155593,52.302149248531,53.155024865239504,52.167263915,-0.018582644872120954,0.018935270079038544,0.0003526252069175895,0.019287895285956133,0.017034,8.2e-05,1.0,1.0,0.0,0.0002704334260956717,0.019205703505134217,0.019205703505134217,convergence,False,False
29057L__140891,29057L,140891,2022-11-10,2022-11-14,4,48.352865328530996,48.857510549407,47.701946250000006,49.757554536497004,0.0430927550780383,-0.010436718019650374,0.032656037058387925,0.022219319038737553,0.017034,0.00011,1.0,1.0,0.0,0.032546448017292035,0.022109729997641662,0.022109729997641662,convergence,False,False
29057L__140891,29057L,140891,2023-08-29,2023-08-31,2,47.93465883,47.692574620593,47.701946250000006,47.098908032994004,-0.01264179481997555,0.005050295867663253,-0.007591498952312298,-0.0025412030846490453,0.017034,5.5e-05,1.0,1.0,0.0,-0.007646293472860243,-0.0025959976051969907,-0.0025959976051969907,convergence,False,False
29057L__140891,29057L,140891,2024-02-15,2024-02-20,5,41.731236877938,42.2092779607345,41.234564581497004,42.140084485988005,0.021960215020612368,-0.011455233982034681,0.010504981038577686,-0.0009502529434569952,0.017034,0.000137,1.0,1.0,0.0,0.010367994737207823,-0.0010872392448268583,-0.0010872392448268583,convergence,False,False
29057L__140891,29057L,140891,2024-05-16,2024-05-23,7,39.96878283,38.162089,39.718150842006004,37.987799300509,-0.043565762877031455,0.04520262319932149,0.0016368603222900319,0.04683948352161152,0.017034,0.000192,1.0,1.0,0.0,0.0014450795003722236,0.04664770269969371,0.04664770269969371,convergence,False,False
29057L__140891,29057L,140891,2024-06-24,2024-06-26,2,37.320125077062,36.153558000000004,36.775685912994,35.906688918503,-0.02362966109039873,0.031258391408205737,0.007628730317807007,0.03888712172601275,0.017034,5.5e-05,1.0,1.0,0.0,0.007573935797259061,0.038832327205464805,0.038832327205464805,convergence,False,False
29057L__140891,29057L,140891,2024-07-22,2024-07-25,3,36.0256672398585,36.1033417122035,36.132964952994,35.827027047006,-0.00846700253870677,-0.002156086987309533,-0.010623089526016302,-0.012779176513325836,0.017034,8.2e-05,1.0,1.0,0.0,-0.01070528130683822,-0.012861368294147755,-0.012861368294147755,convergence,False,False
29057L__140891,29057L,140891,2024-08-22,2024-09-03,12,37.240464325592995,36.324282130734495,36.83593799023951,35.7274611587425,-0.030092265650754516,0.024601793007958457,-0.005490472642796059,0.019111320365162398,0.017034,0.000329,1.0,1.0,0.0,-0.005819239766083731,0.018782553241874726,0.018782553241874726,convergence,False,False
29057L__140891,29057L,140891,2024-10-25,2024-10-28,1,37.4396241701415,37.4189275086725,0.0,0.0,0.0,0.0005528009943406931,0.0005528009943406931,0.0011056019886813862,0.017034,0.0,0.0,0.0,0.0,0.0005528009943406931,0.0011056019886813862,0.0011056019886813862,overnight_abort,True,False
29057L__140891,29057L,140891,2025-02-13,2025-02-18,5,39.904057100296505,41.089516906907,39.959161159491,40.96509329,0.025174005192300404,-0.02970775136049229,-0.004533746168191886,-0.034241497528684176,0.017034,0.000137,1.0,1.0,0.0,-0.004670732469561748,-0.03437848383005404,-0.03437848383005404,convergence,False,False
29057L__140891,29057L,140891,2025-03-20,2025-03-24,4,43.941768463672496,43.1256762550775,43.002057264012,42.538377911497,-0.010782724874492222,0.018572129368659207,0.007789404494166985,0.026361533862826192,0.017034,0.00011,1.0,1.0,0.0,0.007679815453071094,0.0262519448217303,0.0262519448217303,convergence,False,False
29057L__140891,29057L,140891,2025-04-09,2025-04-10,1,37.311161475092995,39.8763712127655,0.0,0.0,0.0,-0.0687518060617037,-0.0687518060617037,-0.1375036121234074,0.017034,0.0,0.0,0.0,0.0,-0.0687518060617037,-0.1375036121234074,-0.1375036121234074,overnight_abort,True,False
29057L__140891,29057L,140891,2025-07-28,2025-07-30,2,56.010065624999996,56.891634549407,55.68574266224551,56.25979025,0.01030869950386227,-0.015739473156652025,-0.005430773652789754,-0.02117024680944178,0.017034,5.5e-05,1.0,1.0,0.0,-0.0054855681733377,-0.021225041329989727,-0.021225041329989727,convergence,False,False
29057L__140891,29057L,140891,2025-08-21,2025-08-25,4,57.7725206686725,57.047294697641505,57.3427676797605,57.146006415,-0.0034313178927696713,0.01255313014971584,0.00912181225694617,0.02167494240666201,0.017034,0.00011,1.0,1.0,0.0,0.009012223215850278,0.021565353365566118,0.021565353365566118,convergence,False,False
29057L__140891,29057L,140891,2025-10-30,2025-11-03,4,60.2518896163275,60.6074299548585,59.0901552472455,60.143203425509,0.017821042673814777,-0.00590089938747171,0.011920143286343067,0.006019243898871356,0.017034,0.00011,1.0,1.0,0.0,0.011810554245247176,0.0059096548577754655,0.0059096548577754655,convergence,False,False
29057L__140891,29057L,140891,2025-12-24,2025-12-30,6,68.64115292146201,68.8223137107345,67.907482412994,68.577195212006,0.009862135588225771,-0.0026392445575583122,0.0072228910306674585,0.004583646473109147,0.017034,0.000164,1.0,1.0,0.0,0.007058507469023623,0.004419262911465311,0.004419262911465311,convergence,False,False
29072L__141024,29072L,141024,2023-07-28,2023-08-01,4,18.3581170133595,18.351439234843,3.6280262335019504,3.6715735869974,0.012003042616760662,0.0003637507328034426,0.012366793349564104,0.012730544082367547,0.016706,0.00011,1.0,1.0,0.0,0.012257204308468213,0.012620955041271656,0.012620955041271656,convergence,False,False
29072L__141024,29072L,141024,2023-12-29,2024-01-16,18,17.969427218359503,16.4400403907025,3.4873277464980506,3.2636211209987,-0.06414843735980798,0.08511049401142941,0.02096205665162143,0.10607255066305084,0.016706,0.000493,1.0,1.0,0.0,0.020468905966689925,0.10557939997811933,0.10557939997811933,convergence,False,False
29072L__141024,29072L,141024,2024-06-03,2024-06-04,1,17.331578295,16.876514816876,0.0,0.0,0.0,0.026256320710000287,0.026256320710000287,0.052512641420000575,0.016706,0.0,0.0,0.0,0.0,0.026256320710000287,0.052512641420000575,0.052512641420000575,overnight_abort,True,False
29072L__141024,29072L,141024,2024-07-30,2024-08-01,2,16.833258045,16.284520671562,3.306428615,3.2238208609987002,-0.024983982302397276,0.03259840560698785,0.007614423304590577,0.04021282891157843,0.016706,5.5e-05,1.0,1.0,0.0,0.007559628784042632,0.04015803439103049,0.04015803439103049,convergence,False,False
29072L__141024,29072L,141024,2024-08-05,2024-08-07,2,16.982748140157,16.5153043935165,3.2662288750000004,3.2636211209987,-0.0007983990409429929,0.027524623387376972,0.02672622434643398,0.054250847733810954,0.016706,5.5e-05,1.0,1.0,0.0,0.026671429825886033,0.05419605321326301,0.05419605321326301,convergence,False,False
29072L__141024,29072L,141024,2024-08-13,2024-08-23,10,17.730228515157002,17.859803113438,3.4069283669974,3.55217290649805,0.042632108414024865,-0.007308117781461787,0.03532399063256308,0.02801587285110129,0.016706,0.000274,1.0,1.0,0.0,0.035050018029823354,0.027741900248361564,0.027741900248361564,convergence,False,False
29072L__141024,29072L,141024,2024-08-30,2024-09-04,5,19.414552953438,17.9651508441405,3.7486253530026006,3.6118737940013,-0.03648045513317686,0.07465544598289792,0.038174990849721056,0.11283043683261898,0.016706,0.000137,1.0,1.0,0.0,0.03803800454835119,0.11269345053124911,0.11269345053124911,convergence,False,False
29072L__141024,29072L,141024,2024-09-10,2024-09-13,3,19.07569917,18.2611398899215,3.7486253530026006,3.6118737940013,-0.03648045513317686,0.042701411508918326,0.006220956375741465,0.04892236788465979,0.016706,8.2e-05,1.0,1.0,0.0,0.006138764594919547,0.048840176103837875,0.048840176103837875,convergence,False,False
29072L__141024,29072L,141024,2024-11-11,2024-11-15,4,23.6104164349215,23.3582081566405,4.602870230000001,4.6665800869974,0.013841332432567733,0.010682076657824866,0.0245234090903926,0.03520548574821747,0.016706,0.00011,1.0,1.0,0.0,0.02441382004929671,0.03509589670712158,0.03509589670712158,convergence,False,False
29072L__141024,29072L,141024,2025-03-11,2025-03-14,3,23.042324373438003,21.973567029843,4.4018717309987,4.38797856549935,-0.0031561949889434017,0.04638235823235832,0.04322616324341492,0.08960852147577324,0.016706,8.2e-05,1.0,1.0,0.0,0.043143971462593,0.08952632969495132,0.08952632969495132,convergence,False,False
29072L__141024,29072L,141024,2025-03-18,2025-03-21,3,23.480848186719,21.527080079219,4.47222097450065,4.228777625,-0.054434552963437084,0.08320687957963421,0.02877232661619713,0.11197920619583135,0.016706,8.2e-05,1.0,1.0,0.0,0.028690134835375213,0.11189701441500943,0.11189701441500943,convergence,False,False
29072L__141024,29072L,141024,2025-05-30,2025-06-05,6,27.198313265157,27.0907065,5.236016235499351,5.3630854330026,0.024268297077029703,0.003956376415990966,0.028224673493020668,0.03218104990901163,0.016706,0.000164,1.0,1.0,0.0,0.028060289931376832,0.0320166663473678,0.0320166663473678,convergence,False,False
29072L__141024,29072L,141024,2025-06-12,2025-06-18,6,29.141774199843002,28.144237988438,5.5475646224967505,5.562086534001301,0.0026177092999800913,0.034230455721888625,0.03684816502186872,0.07107862074375734,0.016706,0.000164,1.0,1.0,0.0,0.036683781460224885,0.07091423718211351,0.07091423718211351,convergence,False,False
29072L__141024,29072L,141024,2025-06-23,2025-06-25,2,29.799544970157,27.150906063281,5.5576138540013,5.542185906498051,-0.002776002059254519,0.08888185740851087,0.08610585534925635,0.17498771275776723,0.016706,5.5e-05,1.0,1.0,0.0,0.0860510608287084,0.1749329182372193,0.1749329182372193,convergence,False,False
29072L__141024,29072L,141024,2025-07-03,2025-07-08,5,34.0751416849215,31.1041445,6.371658990998701,6.119289676498051,-0.03960810125858503,0.08718957685907981,0.047581475600494784,0.1347710524595746,0.016706,0.000137,1.0,1.0,0.0,0.04744448929912492,0.13463406615820475,0.13463406615820475,convergence,False,False
29072L__141024,29072L,141024,2025-08-01,2025-08-05,4,31.643335875000002,30.160984563280998,5.97971122450065,5.9998889959987,0.0033743722297784992,0.046845608110810594,0.050219980340589096,0.09706558845139969,0.016706,0.00011,1.0,1.0,0.0,0.050110391299493205,0.0969559994103038,0.0969559994103038,convergence,False,False
29072L__141024,29072L,141024,2025-11-04,2025-11-06,2,32.2203857412975,30.502122779843,6.110360480000001,6.0695400480026,-0.006680527626972442,0.053328441665804395,0.04664791403883195,0.09997635570463635,0.016706,5.5e-05,1.0,1.0,0.0,0.04659311951828401,0.0999215611840884,0.0999215611840884,convergence,False,False
29072L__141024,29072L,141024,2025-11-28,2025-12-02,4,33.536946845157004,32.94531620601649,6.4118587309987,6.4774926135019495,0.010236326977376524,0.01764115981911298,0.027877486796489503,0.04551864661560248,0.016706,0.00011,1.0,1.0,0.0,0.027767897755393612,0.04540905757450659,0.04540905757450659,convergence,False,False
29235P__29235V,29235P,29235V,2021-01-19,2021-01-22,3,9.17370562938362,10.102414525530255,17.998839107829713,19.970250123275818,0.10952989821374184,-0.10123595999984515,0.008293938213896693,-0.09294202178594846,0.014196,8.2e-05,0.0009112862,0.0009068732,-0.004843,0.008211746433074775,-0.09302421356677038,-0.0876250514338312,convergence,False,False
29235P__29235V,29235P,29235V,2021-08-25,2021-08-31,6,8.64244619103707,8.46834144174951,16.471265446694833,16.58104801862834,0.0066650963940076,0.020145309029302467,0.026810405423310067,0.04695571445261253,0.014196,0.000164,0.0008541861,0.000864992,0.012651,0.02664602186166623,0.0467913308909687,0.03421558179141166,convergence,False,False
29235P__29235V,29235P,29235V,2022-10-04,2022-10-06,2,4.39237419436917,4.6715249183470755,8.587473760964262,9.040717413421001,0.05277962589149692,-0.06355349331023859,-0.010773867418741666,-0.07432736072898025,0.014196,5.5e-05,0.0007056914,0.0007057263,4.9e-05,-0.010828661939289611,-0.0743821552495282,-0.07443421793862406,convergence,False,False
29235P__29235V,29235P,29235V,2023-12-01,2023-12-14,13,4.639030375725452,4.796483507652669,8.905952290930271,9.293999534375512,0.043571673277480315,-0.03394095730675065,0.009630715970729661,-0.024310241336020992,0.014196,0.000356,0.0007629686,0.0007681081,0.006736,0.009274551587168018,-0.024666405719582635,-0.03164906429955287,convergence,False,False
29235P__29235V,29235P,29235V,2024-05-02,2024-05-07,5,4.1724185006567,4.0162021286866,7.798377465762975,7.804804467008379,0.0008241459551836892,0.037440245254763575,0.03826439120994726,0.07570463646471084,0.014196,0.000137,0.0007373925,0.000732547,-0.006571,0.0381274049085774,0.07556765016334098,0.08218769420041412,convergence,False,False
29235P__29235V,29235P,29235V,2024-12-20,2025-03-20,90,3.1889200293432998,3.2310801706567,6.347637898887853,6.281673939010321,-0.010391890799109607,-0.013220821132376338,-0.023612711931485945,-0.036833533063862285,0.014196,0.002466,0.0006880986,0.0006831534,-0.007187,-0.026078465356143478,-0.03929928648851982,-0.03213572699863019,force_close,False,False
29573D__929164,29573D,929164,2021-05-27,2021-05-28,1,130.680828135,132.77818281541502,0.0,0.0,0.0,-0.016049444362629336,-0.016049444362629336,-0.03209888872525867,0.01666,0.0,0.0,0.0,0.0,-0.016049444362629336,-0.03209888872525867,-0.03209888872525867,overnight_abort,True,False
29573D__929164,29573D,929164,2021-06-21,2021-06-23,2,132.521973812085,134.611927302915,131.95504225098253,133.55055553905436,0.012091340056843853,-0.015770618492247437,-0.003679278435403584,-0.01944989692765102,0.01666,5.5e-05,0.0090370973,0.0090191657,-0.001984,-0.0037340729559515295,-0.019504691448198965,-0.0174924856991281,convergence,False,False
29573D__929164,29573D,929164,2021-07-09,2021-07-12,1,136.62222288,137.505726822915,0.0,0.0,0.0,-0.006466765979140863,-0.006466765979140863,-0.012933531958281726,0.01666,0.0,0.0,0.0,0.0,-0.006466765979140863,-0.012933531958281726,-0.012933531958281726,overnight_abort,True,False
29573D__929164,29573D,929164,2021-09-22,2021-09-27,5,168.80726577000001,166.373386617915,165.39103313946768,162.62923663741756,-0.01669858667441302,0.014418094748369267,-0.002280491926043753,0.012137602822325514,0.01666,0.000137,0.0090305677,0.0089674035,-0.006994,-0.002417478227413616,0.01200061652095565,0.01892675150881263,convergence,False,False
29573D__929164,29573D,929164,2022-02-15,2022-02-17,2,134.87066587208503,133.61717367,135.62740489725098,127.47603502992973,-0.06010120059066668,0.009294031389107792,-0.050807169201558894,-0.0415131378124511,0.01666,5.5e-05,0.0086606331,0.0086937622,0.003825,-0.050861963722106836,-0.04156793233299904,-0.04514958094486364,convergence,False,False
29573D__929164,29573D,929164,2022-02-25,2022-03-01,4,130.531556812085,126.96546398791502,129.53808792202497,122.92409120734605,-0.051058316675634374,0.027319775472407645,-0.02373854120322673,0.0035812342691809163,0.01666,0.00011,0.0086952734,0.0086568844,-0.004415,-0.02384813024432262,0.003471645228085026,0.00767973217922175,convergence,False,False
29573D__929164,29573D,929164,2022-03-09,2022-03-10,1,114.379312905,117.35965724791501,0.0,0.0,0.0,-0.026056672900198197,-0.026056672900198197,-0.05211334580039639,0.01666,0.0,0.0,0.0,0.0,-0.026056672900198197,-0.05211334580039639,-0.05211334580039639,overnight_abort,True,False
29573D__929164,29573D,929164,2022-08-04,2022-08-09,5,108.04979679708501,107.201215182915,107.9481271973346,106.69811551892586,-0.011579744001706074,0.007853616011547137,-0.0037261279901589367,0.004127488021388201,0.01666,0.000137,0.00740823,0.007524737,0.015727,-0.0038631142915287998,0.003990501720018338,-0.011313405747524196,convergence,False,False
29573D__929164,29573D,929164,2023-05-26,2023-05-31,5,123.11725348708501,125.56880380291501,124.00220013042174,125.5313905093896,0.012331961669708265,-0.01991232135540753,-0.007580359685699265,-0.027492681041106797,0.01666,0.000137,0.00715282,0.0072048705,0.007277,-0.007717345987069127,-0.027629667342476658,-0.03494310687909153,convergence,False,False
29573D__929164,29573D,929164,2023-10-31,2023-11-01,1,96.33618678083401,101.71504354500001,0.0,0.0,0.0,-0.05583422952377144,-0.05583422952377144,-0.11166845904754288,0.01666,0.0,0.0,0.0,0.0,-0.05583422952377144,-0.11166845904754288,-0.11166845904754288,overnight_abort,True,False
29573D__929164,29573D,929164,2024-08-05,2024-08-06,1,115.96170437208501,126.75444772500002,0.0,0.0,0.0,-0.09307161714598862,-0.09307161714598862,-0.18614323429197724,0.01666,0.0,0.0,0.0,0.0,-0.09307161714598862,-0.18614323429197724,-0.18614323429197724,overnight_abort,True,False
29573D__929164,29573D,929164,2024-08-15,2024-08-20,5,134.174019922085,134.571725595,134.96096138147485,133.67541836598429,-0.009525295332306503,-0.0029641034318414056,-0.012489398764147909,-0.015453502195989314,0.01666,0.000137,0.0067750673,0.0068830225,0.015934,-0.012626385065517772,-0.015590488497359178,-0.031125363595812205,convergence,False,False
29573D__929164,29573D,929164,2025-04-09,2025-04-15,6,107.90050557,109.934248062915,107.88793678253758,110.32765888489755,0.02261348372318537,-0.018848312917270012,0.003765170805915357,-0.015083142111354655,0.01666,0.000164,0.0069225706,0.0070499484,0.0184,0.0036007872442715212,-0.015247525672998492,-0.03372400924655135,convergence,False,False
29573D__929164,29573D,929164,2025-05-12,2025-05-14,2,125.615226822085,121.47929235000001,123.36691726030409,122.17204964614729,-0.009685478414246471,0.03292542295006101,0.02323994453581454,0.056165367485875556,0.01666,5.5e-05,0.0067805804,0.0068648315,0.012425,0.023185150015266595,0.056110572965327614,0.04395658378298951,convergence,False,False
29969X__265497,29969X,265497,2021-02-26,2021-03-04,6,16.439706174528,15.98024336,1.6030927724740103,1.5355120149895731,-0.042156485666229766,0.027948359274200394,-0.014208126392029372,0.013740232882171022,0.026917999999999997,0.000164,0.7771817571,0.7686982978,-0.010916,-0.014372509953673208,0.013575849320527186,0.02414674103822124,convergence,False,False
29969X__265497,29969X,265497,2021-04-26,2021-05-03,7,13.7990304,13.900244207263999,1.3327087386075769,1.3937927116609963,0.04583445075721522,-0.007334849212593894,0.03849960154462133,0.03116475233202743,0.026917999999999997,0.000192,0.7791197163,0.7705941281,-0.010943,0.03830782072270352,0.030972971510109623,0.04254372390412741,convergence,False,False
29969X__265497,29969X,265497,2025-11-04,2025-11-11,7,2.3825661021792,2.3670708029056,0.21841208476458934,0.2534968382108106,0.16063558700992475,0.006503617783963046,0.1671392047938878,0.17364282257785085,0.026917999999999997,0.000192,0.647962285,0.6540437103,0.009385,0.16694742397197,0.17345104175593304,0.1626592269096669,convergence,False,False
30913C__755998,30913C,755998,2021-08-17,2021-09-20,34,4.8847077654539,4.3217181145461,1.9316585514566886,1.9771010024424003,0.023525095028540582,0.11525554402444076,0.13878063905298132,0.2540361830774221,0.109489,0.000932,0.2359603587,0.2389771891,0.012785,0.13784913220366626,0.253104676228107,0.24018377095897323,convergence,False,False
30913C__755998,30913C,755998,2022-02-10,2022-02-25,15,5.482254670302599,4.5951117048487,2.040227493778512,2.1082065288842453,0.03331934076617882,0.1618208235125518,0.19514016427873063,0.35696098779128244,0.109489,0.000411,0.2386919737,0.2381803195,-0.002144,0.19472920537462104,0.35655002888717285,0.3587697848340712,convergence,False,False
30913C__755998,30913C,755998,2022-03-09,2022-04-04,26,5.245132920302599,4.81592954,2.14064175091717,2.1187693623955757,-0.01021767818562951,0.08182888533506183,0.07161120714943232,0.15344009248449414,0.109489,0.000712,0.2384074383,0.2375014957,-0.0038,0.07089887838230903,0.15272776371737085,0.15650325981441937,convergence,False,False
30913C__755998,30913C,755998,2022-06-23,2022-08-16,54,7.3128348648487,5.2050945013,1.9508544219479722,2.0033526701650093,0.02691038738022102,0.28822479961638087,0.31513518699660187,0.6033599866129827,0.109489,0.001479,0.2271694426,0.2238137619,-0.014772,0.3136557349418074,0.6018805345581882,0.6172771899662726,convergence,False,False
30913C__755998,30913C,755998,2022-11-30,2022-12-02,2,11.6188709013,4.8895351345461,1.9700232847501224,1.9597712602669866,-0.005204011831990228,0.5791729526834638,0.5739689408514735,1.1531418935349373,0.109489,5.5e-05,0.2270147663,0.2288853023,0.00824,0.5739141463309256,1.1530870990143893,1.1449572554210035,convergence,False,False
30913C__755998,30913C,755998,2023-06-13,2023-06-30,17,4.0500399642435,3.8695682606051998,1.8650649305124753,1.8472518405970713,-0.00955092212822289,0.04456047476855215,0.03500955264032926,0.0795700274088814,0.109489,0.000466,0.2161694535,0.2142474742,-0.008891,0.034543799215671724,0.07910427398422387,0.08798943182555545,convergence,False,False
30913C__755998,30913C,755998,2023-08-15,2023-09-07,23,5.4063758051513,4.1534762448487,1.9568375551076829,1.958794254640111,0.0009999294664601718,0.23174481491072318,0.23274474437718334,0.46448955928790653,0.109489,0.00063,0.2160060295,0.2138351148,-0.01005,0.23211460739088197,0.46385942230160515,0.4740218573329618,convergence,False,False
30913C__755998,30913C,755998,2023-10-31,2023-11-20,20,6.3548628051513,4.500475429697399,1.8924928732453943,1.9536919874845895,0.032337830754546625,0.29180604401887644,0.32414387477342305,0.6159499187922995,0.109489,0.000548,0.2095996646,0.2149151132,0.02536,0.3235959295679436,0.6154019735868201,0.5898693872763134,convergence,False,False
30913C__755998,30913C,755998,2024-07-02,2024-07-09,7,5.8426798251513,4.836960220605199,2.1474992917763607,2.130692557911026,-0.007826188315728136,0.17213327353943386,0.16430708522370574,0.3364403587631396,0.109489,0.000192,0.2123593255,0.2133333333,0.004587,0.16411530440178793,0.3362485779412218,0.33171864810518803,convergence,False,False
30913C__755998,30913C,755998,2024-12-04,2024-12-31,27,5.899589424546099,4.963141675453899,2.3112279527800133,2.270188185911272,-0.017756693717457684,0.15873100341457205,0.14097430969711436,0.2997053131116864,0.109489,0.00074,0.2258611056,0.2232890277,-0.011388,0.1402345836697171,0.29896558708428916,0.3102800987131661,convergence,False,False
362819__315035,362819,315035,2021-08-20,2021-08-30,10,17.719884700897502,17.599503786282,1.7748735201451122,1.7419263706577308,-0.018563097095892045,0.006793549543209226,-0.011769547552682818,-0.004975998009473593,0.011766,0.000274,0.7372728278,0.7435221746,0.008476,-0.012043520155422543,-0.005249970612213319,-0.013499004438091221,convergence,False,False
362819__315035,362819,315035,2022-01-31,2022-02-03,1,18.1486639084615,18.712634541282,0.0,0.0,0.0,-0.031075049693193,-0.031075049693193,-0.062150099386386,0.011766,0.0,0.0,0.0,0.0,-0.031075049693193,-0.062150099386386,-0.062150099386386,overnight_abort,True,False
362819__315035,362819,315035,2022-02-04,2022-02-11,7,18.836720755,18.8971444878975,1.880671895658314,1.880105800785069,-0.0003010067170949696,-0.003207762841706864,-0.003508769558801834,-0.006716532400508698,0.011766,0.000192,0.744019663,0.7424729576,-0.002079,-0.003700550380719642,-0.006908313222426506,-0.004825759487024047,convergence,False,False
362819__315035,362819,315035,2022-02-25,2022-03-01,4,19.415086859359,18.592286053076997,1.9249090996113982,1.8704545995725559,-0.028289387820877174,0.042379455329883034,0.01409006750900586,0.0564695228388889,0.011766,0.00011,0.7380891418,0.7386615998,0.000776,0.013980478467909969,0.056359933797793006,0.055606864308628316,convergence,False,False
362819__315035,362819,315035,2022-09-08,2022-09-13,5,19.3652248928205,19.324356049102498,1.9506880998638911,1.8928520708637577,-0.02964903974354942,0.0021104244306067214,-0.0275386153129427,-0.025428190882335975,0.011766,0.000137,0.7149750524,0.7111111111,-0.005404,-0.02767560161431256,-0.025565177183705837,-0.020292612752769355,convergence,False,False
362819__315035,362819,315035,2022-10-03,2022-10-04,1,18.4079405502565,18.522096640641,0.0,0.0,0.0,-0.006201459097112681,-0.006201459097112681,-0.012402918194225362,0.011766,0.0,0.0,0.0,0.0,-0.006201459097112681,-0.012402918194225362,-0.012402918194225362,overnight_abort,True,False
362819__315035,362819,315035,2022-10-06,2022-10-10,4,17.839541255,17.378881270641,1.7707479281461629,1.7256679269758128,-0.025458169654641555,0.02582241201016809,0.000364242355526536,0.026186654365694628,0.011766,0.00011,0.6977635214,0.6951683368,-0.003719,0.0002546533144306456,0.026077065324598737,0.02971519988321536,convergence,False,False
362819__315035,362819,315035,2023-05-15,2023-05-18,3,19.185739563077,18.933256054102497,1.9157982008183991,1.8904553851893395,-0.013228332513431501,0.013159957068343007,-6.837544508849457e-05,0.013091581623254512,0.011766,8.2e-05,0.7460736754,0.743632369,-0.003272,-0.00015056722591041236,0.013009389842432594,0.016248909916596693,convergence,False,False
362819__315035,362819,315035,2023-07-31,2023-08-11,11,20.182919063077,18.100914036282,2.0039489515945137,1.7943621886873788,-0.10458687719583358,0.10315678422373799,-0.0014300929720955924,0.1017266912516424,0.011766,0.000301,0.7482511313,0.7376535241,-0.014163,-0.001731462835109291,0.1014253213886287,0.1142894049280947,convergence,False,False
362819__315035,362819,315035,2023-11-14,2023-11-16,2,17.6500741584615,17.669693198717997,1.7752012191507422,1.7293513408061087,-0.02582798944142688,-0.0011115556841494556,-0.026939545125576336,-0.028051100809725792,0.011766,5.5e-05,0.7404941288,0.7444908792,0.005397,-0.02699433964612428,-0.028105895330273738,-0.033335673802580276,convergence,False,False
362819__315035,362819,315035,2024-06-03,2024-06-10,7,18.5575114921795,18.782823953717998,1.8620053398486718,1.871629448943706,0.005168679642893162,-0.012141307935250263,-0.006972628292357101,-0.019113936227607365,0.011766,0.000192,0.7425281435,0.7391255598,-0.004582,-0.007164409114274909,-0.019305717049525172,-0.01467839694165507,convergence,False,False
362819__315035,362819,315035,2024-08-01,2024-08-05,4,22.2071924508975,21.981824357179498,2.207523151268244,2.1888389540968998,-0.008463873713220089,0.010148428002158164,0.0016845542889380744,0.011832982291096238,0.011766,0.00011,0.7536928689,0.7544889831,0.001056,0.001574965247842184,0.011723393250000347,0.010677153997166533,convergence,False,False
362819__315035,362819,315035,2024-08-08,2024-08-22,14,22.177278063077,22.446127240217997,2.1886378311466785,2.261151119570965,0.03313169835243828,-0.012122731039234433,0.021008967313203848,0.008886236273969415,0.011766,0.000384,0.7550018305,0.7688465234,0.018337,0.02062540566936823,0.0085026746301338,-0.01010102669856882,convergence,False,False
362819__315035,362819,315035,2024-11-20,2024-11-26,6,23.752823667436,22.4431278041025,2.3017810890769477,2.2313664743072628,-0.030591360361693794,0.055138533492716205,0.02454717313102241,0.07968570662373861,0.011766,0.000164,0.7426385949,0.7460736754,0.004626,0.024382789569378574,0.07952132306209478,0.07505796129990973,convergence,False,False
362819__315035,362819,315035,2025-01-22,2025-01-31,9,23.1046480178205,24.5289964497435,2.2863300449567663,2.3543639794549582,0.029756830011599854,-0.061647700965814504,-0.03189087095421465,-0.09353857192002915,0.011766,0.000247,0.7376535241,0.7356997803,-0.002649,-0.03213744629668041,-0.0937851472624949,-0.09105049778180274,convergence,False,False
362819__315035,362819,315035,2025-04-09,2025-04-21,12,26.3753947834615,28.720779119999996,2.628835242020004,2.8507809969798044,0.08442741158219431,-0.088923193597434,-0.004495782015239688,-0.09341897561267369,0.011766,0.000329,0.7509481847,0.7625435555,0.015441,-0.00482454913852736,-0.09374774273596136,-0.11023773580230455,convergence,False,False
362819__315035,362819,315035,2025-07-31,2025-08-04,4,30.41397475,31.177686336538496,3.0355729353821848,3.1122856116302167,0.025271234749091483,-0.025110548450708335,0.0001606862983831482,-0.024949862152325187,0.011766,0.00011,0.7759756691,0.7765785765,0.000777,5.10972572872578e-05,-0.025059451193421078,-0.025855434540300384,convergence,False,False
362819__315035,362819,315035,2025-11-21,2025-12-01,10,36.7460715552565,36.24193287,3.666365639700747,3.6139037240125473,-0.014308969929273498,0.013719526031467248,-0.0005894438978062497,0.013130082133660998,0.011766,0.000274,0.76628329,0.7712777404,0.006518,-0.0008634165005459757,0.012856109530921273,0.0064732143667744985,convergence,False,False
413419__264051,413419,264051,2021-05-14,2021-05-18,4,3.0588341110911,3.1413840107274,15.19327788219423,15.223067272193004,0.0019606953963295488,-0.026987373828799746,-0.0250266784324702,-0.05201405226126994,0.015969,0.00011,0.009157089,0.0091554123,-0.000183,-0.02513626747356609,-0.05212364130236583,-0.05194014465110414,convergence,False,False
413419__264051,413419,264051,2021-06-21,2021-06-23,2,2.9392707503637,2.8904747607273995,14.563061466181102,14.323028029005204,-0.016482347323281746,0.016601393264047783,0.00011904594076603617,0.01672043920481382,0.015969,5.5e-05,0.0090370973,0.0090191657,-0.001984,6.425142021809096e-05,0.016665644684265873,0.01862104119513576,convergence,False,False
413419__264051,413419,264051,2022-02-15,2022-02-28,13,2.8695256392726,2.6596377489089,14.165157452112064,13.222798998179174,-0.06652650753221113,0.07314375849832275,0.0066172509661116125,0.07976100946443436,0.015969,0.000356,0.0086606331,0.0087028415,0.004874,0.006261086582549968,0.07940484508087271,0.07487753953825459,convergence,False,False
413419__264051,413419,264051,2022-03-09,2022-03-23,14,2.6204348892726,2.76000175,12.90297039475384,13.281333576521185,0.02932372703274445,-0.05326095347713138,-0.023937226444386932,-0.07719817992151831,0.015969,0.000384,0.0086106686,0.0081736068,-0.050758,-0.02432078808822255,-0.07758174156535393,-0.022541403569202773,convergence,False,False
413419__264051,413419,264051,2023-01-13,2023-02-21,39,3.27803427,3.1614562489088995,15.723425105839755,15.781809881478333,0.003713235204516171,0.03556339302428967,0.03927662822880584,0.07484002125309552,0.015969,0.001068,0.0078042689,0.0074120743,-0.050254,0.03820813507812091,0.0737715281024106,0.12688094051018184,convergence,False,False
413419__264051,413419,264051,2023-10-30,2023-11-07,8,3.4474160796363,3.3722200189088998,17.082879362330534,16.67059201061648,-0.024134535107892156,0.021812296221387112,-0.0023222388865050438,0.019490057334882068,0.015969,0.000219,0.0065926097,0.006623174,0.004636,-0.0025414169686968245,0.019270879252690287,0.01476750295175033,convergence,False,False
413419__264051,413419,264051,2024-02-02,2024-02-08,6,3.7164335914548,3.6130936014547994,18.43465384874605,17.77724525551912,-0.03566156428110241,0.02780622536552529,-0.007855338915577121,0.01995088644994817,0.015969,0.000164,0.0067258542,0.0066972503,-0.004253,-0.008019722477220957,0.019786502888304334,0.02390518427930134,convergence,False,False
413419__264051,413419,264051,2024-05-15,2024-05-20,5,4.1249432185452,4.155057581454799,19.965438247779705,20.389310648837036,0.02123030788490046,-0.007300552108016726,0.013929755776883733,0.006629203668867007,0.015969,0.000137,0.0064354206,0.0064034835,-0.004963,0.01379276947551387,0.0064922173674971445,0.011585559837412192,convergence,False,False
413419__264051,413419,264051,2024-08-05,2024-08-07,2,3.8260341192726,3.7636387499999997,19.137056087211562,18.590108900200754,-0.02858052902798923,0.016308105815967734,-0.012272423212021495,0.004035682603946239,0.015969,5.5e-05,0.0069288065,0.0067895572,-0.020097,-0.01232721773256944,0.003980888083398294,0.023904054993196484,convergence,False,False
413419__264051,413419,264051,2024-08-15,2024-08-16,1,4.2544705081815,4.275493921091099,0.0,0.0,0.0,-0.004941487517464426,-0.004941487517464426,-0.009882975034928852,0.015969,0.0,0.0,0.0,0.0,-0.004941487517464426,-0.009882975034928852,-0.009882975034928852,overnight_abort,True,False
413419__264051,413419,264051,2024-11-14,2024-11-18,4,4.7426881789088995,4.897748760727399,23.55591491070363,24.17429213245069,0.026251462704429896,-0.0326946609115198,-0.0064431982070899015,-0.0391378591186097,0.015969,0.00011,0.0064789914,0.006466005,-0.002004,-0.006552787248185792,-0.03924744815970559,-0.03718631272982821,convergence,False,False
413419__264051,413419,264051,2025-04-07,2025-04-08,1,4.2843610992726004,4.395930260727399,0.0,0.0,0.0,-0.026041026624422592,-0.026041026624422592,-0.052082053248845184,0.015969,0.0,0.0,0.0,0.0,-0.026041026624422592,-0.052082053248845184,-0.052082053248845184,overnight_abort,True,False
413419__264051,413419,264051,2025-04-09,2025-04-10,1,4.782542599272601,4.55651198,0.0,0.0,0.0,0.047261600828600876,0.047261600828600876,0.09452320165720175,0.015969,0.0,0.0,0.0,0.0,0.047261600828600876,0.09452320165720175,0.09452320165720175,overnight_abort,True,False
500326__256938,500326,256938,2021-09-27,2021-09-30,3,6.2651067804743,5.9440633959486,6.178246785432092,5.801185709116944,-0.061030432970763486,0.05124308264405912,-0.009787350326704365,0.041455732317354756,0.015739,8.2e-05,0.0089674035,0.0090033304,0.004006,-0.009869542107526283,0.04137354053653284,0.03762667529456619,convergence,False,False
500326__256938,500326,256938,2022-02-25,2022-03-01,4,6.285059749525701,5.883920604762849,6.061577810273115,5.854316417706784,-0.034192647368984745,0.06382423727843207,0.02963158990944733,0.0934558271878794,0.015739,0.00011,0.0086952734,0.0086568844,-0.004415,0.02952200086835144,0.09334623814678351,0.09762911599832931,convergence,False,False
500326__256938,500326,256938,2023-01-04,2023-02-02,29,7.1529964447628505,7.237122530711449,7.032946908984826,7.050248551339722,0.0024600843115696984,-0.011760957327218123,-0.009300873015648425,-0.021061830342866548,0.015739,0.000795,0.0074959709,0.0076228227,0.016923,-0.01009539356359363,-0.021856350890811754,-0.038538342736571814,convergence,False,False
500326__256938,500326,256938,2023-05-15,2023-05-19,4,6.74396895928855,6.6557471609486,6.708972225347027,6.6871747664788215,-0.0032490012085388312,0.013081584282567114,0.009832583074028282,0.022914167356595398,0.015739,0.00011,0.0073321846,0.0072147469,-0.016017,0.009722994032932392,0.022804578315499507,0.039029145357591014,convergence,False,False
500326__256938,500326,256938,2023-10-30,2023-11-08,9,8.390055585237151,7.9488063959485995,8.352358393844556,7.88505000804336,-0.0559492736980238,0.05259192681213681,-0.003357346885886986,0.04923457992624983,0.015739,0.000247,0.0065926097,0.0066072014,0.002213,-0.0036039222283527394,0.04898800458378407,0.04690311203260779,convergence,False,False
500326__256938,500326,256938,2023-11-14,2023-11-16,2,8.79908307071145,8.3597785104743,8.665623254605485,8.304409106004197,-0.041683574047523354,0.049926174887405715,0.00824260083988236,0.058168775727288076,0.015739,5.5e-05,0.0066065467,0.0066829285,0.011562,0.008187806319334415,0.058113981206740134,0.04716100848171146,convergence,False,False
500326__256938,500326,256938,2024-08-05,2024-08-06,1,9.47747075,9.29198430618575,0.0,0.0,0.0,0.019571302165638474,0.019571302165638474,0.03914260433127695,0.015739,0.0,0.0,0.0,0.0,0.019571302165638474,0.03914260433127695,0.03914260433127695,overnight_abort,True,False
500326__256938,500326,256938,2024-11-14,2024-11-19,5,12.041375995000001,11.888125989999999,11.921741597332476,11.740670762096157,-0.015188287194283293,0.012726951227470749,-0.0024613359668125435,0.010265615260658206,0.015739,0.000137,0.0064789914,0.0064335574,-0.007013,-0.0025983222681824065,0.010128628959288342,0.01708340259037699,convergence,False,False
500326__256938,500326,256938,2025-04-07,2025-04-08,1,10.79434037,10.815588485,0.0,0.0,0.0,-0.0019684496015200965,-0.0019684496015200965,-0.003936899203040193,0.015739,0.0,0.0,0.0,0.0,-0.0019684496015200965,-0.003936899203040193,-0.003936899203040193,overnight_abort,True,False
500326__256938,500326,256938,2025-04-09,2025-04-10,1,11.811922437628501,11.126324652371501,0.0,0.0,0.0,0.05804286210625075,0.05804286210625075,0.1160857242125015,0.015739,0.0,0.0,0.0,0.0,0.05804286210625075,0.1160857242125015,0.1160857242125015,overnight_abort,True,False
501286__912361,501286,912361,2021-02-25,2021-03-26,29,64.17671,62.076429850664006,61.91523746773027,61.9544898244659,0.0006339692512055481,0.03272651635361168,0.033360485604817226,0.06608700195842891,0.028323,0.000795,0.0093813022,0.0091112014,-0.028791,0.03256596505687202,0.0652924814104837,0.0949561913578818,convergence,False,False
501286__912361,501286,912361,2021-07-28,2021-09-01,35,52.782882551338,55.737130564004005,52.48688993119151,55.676832733780664,0.0607759920004987,-0.05596981198957121,0.004806180010927488,-0.05116363197864372,0.028323,0.000959,0.009114524,0.0090962842,-0.002001,0.0038472759013384473,-0.052122536088232765,-0.04999547612468293,convergence,False,False
501286__912361,501286,912361,2021-11-10,2021-11-16,6,48.073189777264,47.483908740000004,47.93527429458637,48.04583218954357,0.002306399547810293,0.012257997440866555,0.014564396988676847,0.026822394429543404,0.028323,0.000164,0.0087823292,0.0087646252,-0.002016,0.014400013427033011,0.026658010867899568,0.028682607709484137,convergence,False,False
501286__912361,501286,912361,2023-05-17,2023-05-23,6,34.122261065332005,32.587584791338,33.56967906288492,31.571281944285808,-0.059529824960661275,0.04497580834563226,-0.014554016615029017,0.03042179173060324,0.028323,0.000164,0.0072085055,0.0071697432,-0.005377,-0.014718400176672853,0.030257408168959405,0.035341939936558354,convergence,False,False
501286__912361,501286,912361,2023-07-28,2023-08-01,4,31.959997630664002,30.531873824004002,31.200179488191274,29.95687653163863,-0.03984922448998127,0.044684728176881586,0.004835503686900312,0.0495202318637819,0.028323,0.00011,0.0070276538,0.0069771498,-0.007186,0.0047259146458044216,0.04941064282268601,0.05636068061123389,convergence,False,False
501286__912361,501286,912361,2024-03-12,2024-03-14,2,29.412673935996,28.911618350664003,29.003410670806222,28.4875421379424,-0.017786478242818454,0.01703536327306822,-0.0007511149697502356,0.016284248303317983,0.028323,5.5e-05,0.00676796,0.0067098328,-0.008589,-0.0008059094902981808,0.016229453782770038,0.02473835758464776,convergence,False,False
501286__912361,501286,912361,2024-04-02,2024-04-08,6,27.694722649336004,28.628072883330002,27.33241785067234,28.267441298445128,0.034209320700465895,-0.03370137501688886,0.000507945683577038,-0.03319342933331182,0.028323,0.000164,0.0065921747,0.0065882659,-0.000593,0.00034356212193320236,-0.03335781289495565,-0.032744219355454816,convergence,False,False
501286__912361,501286,912361,2024-07-31,2024-08-01,1,29.392938116670003,29.944541721328005,0.0,0.0,0.0,-0.01876653509317477,-0.01876653509317477,-0.03753307018634954,0.028323,0.0,0.0,0.0,0.0,-0.01876653509317477,-0.03753307018634954,-0.03753307018634954,overnight_abort,True,False
501286__912361,501286,912361,2024-08-05,2024-08-07,2,29.563539558530003,29.468587688662005,29.095933646796308,29.029405432482086,-0.002286512442660409,0.0032117896329704374,0.0009252771903100285,0.004137066823280466,0.028323,5.5e-05,0.0069288065,0.0067895572,-0.020097,0.0008704826697620834,0.004082272302732521,0.024544711995105644,convergence,False,False
501286__912361,501286,912361,2024-08-19,2024-08-22,3,31.565069954668,32.390123022666,31.371066026989553,32.3084219211527,0.029879631548277937,-0.026138166941587576,0.003741464606690361,-0.022396702334897215,0.028323,8.2e-05,0.0068844441,0.0069256874,0.005991,0.0036592728258684434,-0.02247889411571913,-0.028611950974137997,convergence,False,False
501286__912361,501286,912361,2024-10-09,2024-10-15,6,36.852238587998,35.70659809667001,36.18514830932798,34.89944576363975,-0.03553122222126686,0.031087405683439442,-0.004443816537827418,0.026643589145612025,0.028323,0.000164,0.0067308335,0.0066829285,-0.007117,-0.004608200099471253,0.02647920558396819,0.03339277301170453,convergence,False,False
501286__912361,501286,912361,2025-04-09,2025-04-10,1,23.148053528672,24.445757240000002,0.0,0.0,0.0,-0.0560610294822681,-0.0560610294822681,-0.1121220589645362,0.028323,0.0,0.0,0.0,0.0,-0.0560610294822681,-0.1121220589645362,-0.1121220589645362,overnight_abort,True,False
501286__912361,501286,912361,2025-09-24,2025-10-07,13,26.648150584004004,26.734376324004,26.71458353198431,26.02775575647754,-0.025709844014018008,-0.0032357119766410584,-0.028945555990659066,-0.03218126796730013,0.028323,0.000356,0.0066887391,0.0065494318,-0.020827,-0.02930172037422071,-0.032537432350861775,-0.011814148989550077,convergence,False,False
501287__905289,501287,905289,2021-02-10,2021-02-16,6,161.04688544,156.97698048,15.906747746506623,15.6583935715216,-0.015613133428834655,0.025271553367086353,0.009658419938251698,0.03492997330533805,0.009152,0.000164,0.0095287999,0.0094459916,-0.00869,0.009494036376607862,0.03476558974369422,0.04339521873501004,convergence,False,False
501287__905289,501287,905289,2021-02-24,2021-02-26,2,151.9658188,148.39982568000002,15.187152295911062,14.79940906859568,-0.025531002768687427,0.02346575794582547,-0.0020652448228619565,0.021400513122963514,0.009152,5.5e-05,0.0094139789,0.009366804,-0.005011,-0.002120039343409902,0.02134571860241557,0.02625352680439017,convergence,False,False
501287__905289,501287,905289,2021-06-21,2021-06-22,1,178.31188708824,179.95974264,0.0,0.0,0.0,-0.009241422872410775,-0.009241422872410775,-0.01848284574482155,0.009152,0.0,0.0,0.0,0.0,-0.009241422872410775,-0.01848284574482155,-0.01848284574482155,overnight_abort,True,False
501287__905289,501287,905289,2022-01-04,2022-01-05,1,198.55738252824,197.5755132,0.0,0.0,0.0,0.004945015469774144,0.004945015469774144,0.009890030939548287,0.009152,0.0,0.0,0.0,0.0,0.004945015469774144,0.009890030939548287,0.009890030939548287,overnight_abort,True,False
501287__905289,501287,905289,2022-03-09,2022-03-10,1,163.52898716823998,164.95222968000002,0.0,0.0,0.0,-0.008703304144456013,-0.008703304144456013,-0.017406608288912027,0.009152,0.0,0.0,0.0,0.0,-0.008703304144456013,-0.017406608288912027,-0.017406608288912027,overnight_abort,True,False
501287__905289,501287,905289,2023-05-23,2023-05-24,1,139.10679916824,139.77252211176,0.0,0.0,0.0,-0.004785696655379508,-0.004785696655379508,-0.009571393310759017,0.009152,0.0,0.0,0.0,0.0,-0.004785696655379508,-0.009571393310759017,-0.009571393310759017,overnight_abort,True,False
501287__905289,501287,905289,2023-10-31,2023-11-01,1,174.62362832000002,186.37003728000002,0.0,0.0,0.0,-0.06726700775266536,-0.06726700775266536,-0.13453401550533073,0.009152,0.0,0.0,0.0,0.0,-0.06726700775266536,-0.13453401550533073,-0.13453401550533073,overnight_abort,True,False
501287__905289,501287,905289,2024-01-10,2024-01-11,1,192.10793124824002,195.5691612,0.0,0.0,0.0,-0.018017111158661156,-0.018017111158661156,-0.03603422231732231,0.009152,0.0,0.0,0.0,0.0,-0.018017111158661156,-0.03603422231732231,-0.03603422231732231,overnight_abort,True,False
501287__905289,501287,905289,2024-02-06,2024-02-16,10,218.16491060824,228.08210539176,21.591072114622204,22.96703287548,0.06372822773936965,-0.045457332051570626,0.01827089568779902,-0.027186436363771604,0.009152,0.000274,0.0067483214,0.006666444,-0.012133,0.017996923085059294,-0.02746040896651133,-0.01439567736538957,convergence,False,False
501287__905289,501287,905289,2024-08-05,2024-08-06,1,167.81533036824,170.13865963176002,0.0,0.0,0.0,-0.013844559125926624,-0.013844559125926624,-0.02768911825185325,0.009152,0.0,0.0,0.0,0.0,-0.013844559125926624,-0.02768911825185325,-0.02768911825185325,overnight_abort,True,False
501287__905289,501287,905289,2025-04-07,2025-04-08,1,159.83076016,159.82601035176,0.0,0.0,0.0,2.9717735404949438e-05,2.9717735404949438e-05,5.9435470809898875e-05,0.009152,0.0,0.0,0.0,0.0,2.9717735404949438e-05,5.9435470809898875e-05,5.9435470809898875e-05,overnight_abort,True,False
501287__905289,501287,905289,2025-04-09,2025-04-10,1,173.58693136,167.75110075176002,0.0,0.0,0.0,0.03361906661128256,0.03361906661128256,0.06723813322256512,0.009152,0.0,0.0,0.0,0.0,0.03361906661128256,0.06723813322256512,0.06723813322256512,overnight_abort,True,False
501287__905289,501287,905289,2025-10-21,2025-10-22,1,201.3086068,204.15634776000002,0.0,0.0,0.0,-0.014146146085195647,-0.014146146085195647,-0.028292292170391295,0.009152,0.0,0.0,0.0,0.0,-0.014146146085195647,-0.028292292170391295,-0.028292292170391295,overnight_abort,True,False
510003__932107,510003,932107,2022-01-28,2022-01-31,1,19.4474166910375,21.789668906415002,0.0,0.0,0.0,-0.12044027505498706,-0.12044027505498706,-0.2408805501099741,0.022184,0.0,0.0,0.0,0.0,-0.12044027505498706,-0.2408805501099741,-0.2408805501099741,overnight_abort,True,False
510003__932107,510003,932107,2023-07-18,2023-07-20,2,18.47934078617,17.445778425,9.06976994006276,8.605493893500938,-0.05118939616219288,0.05593069434292376,0.00474129818073088,0.06067199252365464,0.022184,5.5e-05,0.0071589648,0.0070519375,-0.01495,0.004686503660182934,0.0606171980031067,0.07501730253326312,convergence,False,False
510003__932107,510003,932107,2023-07-28,2023-08-10,13,17.89441497283,16.4576180342925,8.733417093764062,8.013659206285736,-0.08241423485799812,0.08029303783996625,-0.002121197018031873,0.07817184082193437,0.022184,0.000356,0.0070276538,0.0068568294,-0.024307,-0.0024773614015935167,0.07781567643837273,0.10067551859500042,convergence,False,False
510003__932107,510003,932107,2025-04-17,2025-04-28,11,21.2815268525475,19.783253906415002,10.130714874340605,9.922888622922336,-0.02051447049848942,0.07040251183636986,0.04988804133788044,0.1202905531742503,0.022184,0.000301,0.0070984916,0.0069893413,-0.015377,0.04958667147486674,0.1199891833112366,0.13528549448018018,convergence,False,False
510095__29073X,510095,29073X,2021-06-08,2021-06-23,15,5.850925335324949,5.55800223,0.7980616451204854,0.813915011691293,0.019864839599470014,0.050064406659990526,0.06992924625946054,0.11999365291945106,0.020028999999999998,0.000411,0.754233361,0.7449621377,-0.012292,0.06951828735535094,0.11958269401534147,0.1322751439872799,convergence,False,False
510095__29073X,510095,29073X,2022-04-05,2022-07-08,94,6.0801784487002,5.5680349256499,0.7771388074133019,0.71965906779658,-0.07396328566841569,0.08423165987172372,0.010268374203308034,0.09450003407503176,0.020028999999999998,0.002575,0.7351587079,0.7103532999,-0.033742,0.007693031737554609,0.09192469160927833,0.12426172520257377,force_close,False,False
510095__29073X,510095,29073X,2025-07-31,2025-10-29,90,4.6647927387002,5.768684625,0.7820067602585352,0.7948017794210352,0.01636177564279615,-0.236643286879963,-0.22028151123716685,-0.4569247981171298,0.020028999999999998,0.002466,0.7759756691,0.7686982978,-0.009378,-0.2227472646618244,-0.4593905515417874,-0.44976851642391535,force_close,False,False
510095__921754,510095,921754,2021-09-01,2021-09-03,2,5.29846239,5.1402355682249,5.024816183722726,4.936518725810653,-0.017572276215417033,0.029862780959572007,0.012290504744154974,0.04215328570372698,0.017022000000000002,5.5e-05,0.7449346677,0.7431907378,-0.002341,0.012235710223607029,0.042098491183179036,0.04440380124014864,convergence,False,False
510095__921754,510095,921754,2022-01-19,2022-01-21,2,5.427693279408301,5.3011830929584995,5.144209862435213,5.137747068779156,-0.0012563238726419046,0.023308278478033774,0.02205195460539187,0.04536023308342564,0.017022000000000002,5.5e-05,0.7421975371,0.7430248542,0.001115,0.021997160084843925,0.0453054385628777,0.04419339269105207,convergence,False,False
510095__921754,510095,921754,2022-02-07,2022-02-10,3,5.4575154711834,5.482247549408299,5.189152373096594,5.2761936234270514,0.016773693287891744,-0.004531746791280608,0.012241946496611138,0.007710199705330529,0.017022000000000002,8.2e-05,0.7434388732,0.7421702156,-0.001706,0.01215975471578922,0.007628007924508611,0.00936606968764063,convergence,False,False
510095__921754,510095,921754,2022-05-05,2022-05-10,5,6.5609481976332,5.8896436326332,5.8535614450583555,5.627072276475664,-0.03869254140552271,0.10231822364367507,0.06362568223815236,0.16594390588182745,0.017022000000000002,0.000137,0.7216831209,0.719605449,-0.002879,0.0634886959367825,0.1658069195804576,0.16858244260735752,convergence,False,False
510095__921754,510095,921754,2022-05-18,2022-05-23,5,6.2627230988166005,6.045561471775099,5.873482501955447,5.925904277873102,0.008925160822425641,0.03467527202065441,0.04360043284308005,0.07827570486373446,0.017022000000000002,0.000137,0.7241391796,0.7289958614,0.006707,0.043463446541710186,0.0781387185623646,0.07141710500379352,convergence,False,False
510095__921754,510095,921754,2022-11-10,2022-11-14,4,5.7259183782249,5.9449693694083,5.722844244282812,5.966390796466874,0.04255690733281237,-0.03825604500693351,0.004300862325878861,-0.03395518268105465,0.017022000000000002,0.00011,0.7289958614,0.7295009681,0.000693,0.00419127328478297,-0.03406477172215054,-0.0347866384530429,convergence,False,False
510095__921754,510095,921754,2023-06-30,2023-07-05,5,5.106803585233201,5.0396444717751,4.993123704911174,5.084106373364658,0.018221593100926903,0.013150909827880933,0.03137250292880783,0.044523412756688766,0.017022000000000002,0.000137,0.7400007948,0.7387433429,-0.001699,0.03123551662743797,0.0443864264553189,0.046119592228210465,convergence,False,False
510095__921754,510095,921754,2023-07-18,2023-07-24,6,5.5668651976332,5.2609455076332,5.2738224001056295,5.319497064029386,0.00866063747668902,0.054953673052845764,0.06361431052953478,0.11856798358238055,0.017022000000000002,0.000164,0.7546882745,0.7532954416,-0.001846,0.06344992696789095,0.11840360002073672,0.12026859965199493,convergence,False,False
510095__921754,510095,921754,2023-07-25,2023-08-07,13,5.6066285176332,5.3640529054585,5.378130476000804,5.351373114259635,-0.004975216176061493,0.04326586136602135,0.03829064518995985,0.0815565065559812,0.017022000000000002,0.000356,0.7544607492,0.7420872718,-0.0164,0.037934480806398205,0.08120034217241956,0.09779127041354367,convergence,False,False
510095__921754,510095,921754,2024-01-03,2024-01-11,8,4.9207107505917005,4.8284018011834,4.879663776324834,4.83854152910344,-0.008427270628954042,0.01875927159449488,0.01033200096554084,0.02909127256003572,0.017022000000000002,0.000219,0.752247056,0.7509481847,-0.001727,0.010112822883349058,0.02887209447784394,0.030587160026017836,convergence,False,False
510095__921754,510095,921754,2024-09-19,2024-09-26,7,4.4037880876332,4.1443779394083,4.311312265847592,4.1571543558743835,-0.03575660969732644,0.05890613786648369,0.023149528169157246,0.08205566603564093,0.017022000000000002,0.000192,0.7748031535,0.7805179595,0.007376,0.02295774734723944,0.08186388521372312,0.07480387609376374,convergence,False,False
510095__921754,510095,921754,2024-10-07,2024-10-18,11,4.2844982270415,3.9794080543668,4.173151650906719,4.031146401475001,-0.03402829834877032,0.07120791199051778,0.03717961364174746,0.10838752563226524,0.017022000000000002,0.000301,0.7665477342,0.7597050035,-0.008927,0.03687824377873376,0.10808615576925154,0.1167867490097436,convergence,False,False
510095__921754,510095,921754,2024-10-24,2024-10-29,5,4.125444151775101,3.9029581611834,3.9681908651493156,3.8995656821591176,-0.017293821119568502,0.05393019088525763,0.036636369765689125,0.09056656065094676,0.017022000000000002,0.000137,0.7567732912,0.7562296688,-0.000718,0.03649938346431926,0.0904295743495769,0.09113600139614526,convergence,False,False
510095__921754,510095,921754,2025-03-13,2025-03-18,5,4.026036348816601,3.7923075929584997,3.825775356195857,3.8076369431752357,-0.004741107705460547,0.058054308408517614,0.05331320070305707,0.11136750911157468,0.017022000000000002,0.000137,0.7496811044,0.7514841813,0.002405,0.053176214401687204,0.11123052281020482,0.10884254397728846,convergence,False,False
510095__921754,510095,921754,2025-03-27,2025-04-03,7,3.9365687794083,3.6736093869585,3.748993021106952,3.6459280735743027,-0.02749136820271217,0.06679913579188758,0.03930776758917541,0.10610690338106299,0.017022000000000002,0.000192,0.7448790681,0.7429695393,-0.002564,0.0391159867672576,0.10591512255914518,0.10841459682078865,convergence,False,False
510095__921754,510095,921754,2025-04-25,2025-04-29,4,4.021065834408301,3.7435205178668,3.815611249456525,3.770852551895771,-0.011730413460524598,0.06902282329389957,0.05729240983337497,0.12631523312727455,0.017022000000000002,0.00011,0.7642047124,0.765315767,0.001454,0.05718282079227908,0.12620564408617865,0.12477091411260316,convergence,False,False
510095__921754,510095,921754,2025-05-16,2025-05-20,4,3.8785141333917,3.3999996611834,3.7014080006457726,3.689225840009935,-0.0032912234030164403,0.12337571960575704,0.1200844962027406,0.24346021580849764,0.017022000000000002,0.00011,0.7723496955,0.7754340027,0.003993,0.11997490716164472,0.24335062676740174,0.2393861938881918,convergence,False,False
510095__921754,510095,921754,2025-05-21,2025-05-23,2,3.9256341646332005,3.7218927994082995,3.699379154379214,3.691802886763866,-0.002047983539718915,0.05190024252907884,0.049852258989359924,0.10175250151843877,0.017022000000000002,5.5e-05,0.7735445296,0.7759756691,0.003143,0.04979746446881198,0.10169770699789082,0.09857111339072895,convergence,False,False
510095__921754,510095,921754,2025-05-27,2025-05-29,2,3.9663909711834004,3.7671590644082995,3.709279361757712,3.7388722188247945,0.00797806101427194,0.0502300222601754,0.05820808327444734,0.10843810553462274,0.017022000000000002,5.5e-05,0.7756146746,0.7745032897,-0.001433,0.0581532887538994,0.10838331101407479,0.10982972397505321,convergence,False,False
510095__921754,510095,921754,2025-06-27,2025-07-01,4,4.3242614476332,3.9331353694082996,4.060841539311356,4.113902729050779,0.01306655017827193,0.09044922074241728,0.10351577092068921,0.1939649916631065,0.017022000000000002,0.00011,0.7864728556,0.785638466,-0.001061,0.10340618187959333,0.1938554026220106,0.19493133287512093,convergence,False,False
510095__921754,510095,921754,2025-08-19,2025-08-21,2,5.50721982,5.258933774224899,5.132108226748727,5.2851473365572526,0.029819930337961376,0.04508373623900512,0.0749036665769665,0.11998740281597162,0.017022000000000002,5.5e-05,0.7779376872,0.7803965632,0.003161,0.07484887205641855,0.11993260829542367,0.11668784834844699,convergence,False,False
510095__921754,510095,921754,2025-08-25,2025-08-28,3,5.805444918816601,5.2528987751834,5.4375618846303375,5.244188698781375,-0.035562480014350834,0.09517722609722624,0.05961474608287541,0.15479197218010166,0.017022000000000002,8.2e-05,0.7781195279,0.7789374079,0.001051,0.059532554302053495,0.15470978039927974,0.15369712630044488,convergence,False,False
510095__921754,510095,921754,2025-11-06,2025-11-11,5,5.8452082388166,5.5526623429585,5.44712113638865,5.690259918958491,0.04463619891718398,0.050048840675234525,0.0946850395924185,0.14473388026765302,0.017022000000000002,0.000137,0.7684622479,0.7688758443,0.000538,0.09454805329104864,0.14459689396628317,0.14403495958586934,convergence,False,False
510265__932173,510265,932173,2021-01-06,2021-01-15,9,9.635734699823,9.354137775177,9.559604669588326,9.332630469371862,-0.023743052988219278,0.029224229746712904,0.005481176758493626,0.03470540650520653,0.005795000000000001,0.000247,0.0096325185,0.0096251013,-0.00077,0.005234601416027873,0.034458831162740775,0.03521114459837977,convergence,False,False
510265__932173,510265,932173,2021-02-01,2021-02-03,2,10.065544025,10.3996007879425,9.758621872076295,10.51887716899047,0.07790601038550314,-0.03318814781523949,0.04471786257026365,0.011529714755024165,0.005795000000000001,5.5e-05,0.0095251694,0.009474182,-0.005353,0.04466306804971571,0.01147492023447622,0.01727590916565046,convergence,False,False
510265__932173,510265,932173,2021-02-08,2021-02-10,2,11.2950007495575,10.6186976954425,11.38706723158904,10.693582533276189,-0.060901080516065124,0.059876317771957344,-0.0010247627441077808,0.05885155502784956,0.005795000000000001,5.5e-05,0.0095615997,0.0095287999,-0.00343,-0.001079557264655726,0.05879676050730162,0.062029303646263835,convergence,False,False
510265__932173,510265,932173,2021-04-16,2021-04-20,4,10.8851821745575,10.244531199999999,10.732148883587282,10.283302020691083,-0.04182264593651155,0.05885532867377517,0.017032682737263626,0.07588801141103879,0.005795000000000001,0.00011,0.0092451347,0.0092536891,0.000925,0.016923093696167735,0.07577842236994291,0.07489265321679499,convergence,False,False
510265__932173,510265,932173,2021-05-13,2021-05-14,1,10.3704090625,11.910267962499999,0.0,0.0,0.0,-0.14848583992392525,-0.14848583992392525,-0.2969716798478505,0.005795000000000001,0.0,0.0,0.0,0.0,-0.14848583992392525,-0.2969716798478505,-0.2969716798478505,overnight_abort,True,False
510265__932173,510265,932173,2021-06-21,2021-06-22,1,13.4640405245575,13.686054400442499,0.0,0.0,0.0,-0.016489394508287496,-0.016489394508287496,-0.03297878901657499,0.005795000000000001,0.0,0.0,0.0,0.0,-0.016489394508287496,-0.03297878901657499,-0.03297878901657499,overnight_abort,True,False
510265__932173,510265,932173,2021-07-09,2021-07-12,1,13.6339652995575,13.586009149999999,0.0,0.0,0.0,0.0035174029347909558,0.0035174029347909558,0.0070348058695819116,0.005795000000000001,0.0,0.0,0.0,0.0,0.0035174029347909558,0.0070348058695819116,0.0070348058695819116,overnight_abort,True,False
510265__932173,510265,932173,2021-09-22,2021-09-27,5,13.65395545,13.415933925,13.515737451349327,13.453864340708881,-0.004577856803090637,0.017432422851504224,0.012854566048413587,0.03028698889991781,0.005795000000000001,0.000137,0.0090305677,0.0089674035,-0.006994,0.012717579747043723,0.03015000259854795,0.03716151304717651,convergence,False,False
510265__932173,510265,932173,2022-03-02,2022-03-03,1,13.3690815625,13.586009149999999,0.0,0.0,0.0,-0.016226065080527027,-0.016226065080527027,-0.032452130161054055,0.005795000000000001,0.0,0.0,0.0,0.0,-0.016226065080527027,-0.032452130161054055,-0.032452130161054055,overnight_abort,True,False
510265__932173,510265,932173,2022-05-13,2022-05-16,1,12.064659025000001,11.655155124999999,0.0,0.0,0.0,0.03394243460602091,0.03394243460602091,0.06788486921204182,0.005795000000000001,0.0,0.0,0.0,0.0,0.03394243460602091,0.06788486921204182,0.06788486921204182,overnight_abort,True,False
510265__932173,510265,932173,2022-11-09,2022-11-11,2,12.57443335,12.495526824999999,12.429801169012771,12.493825905084012,0.005150905891467794,0.006275155532157696,0.01142606142362549,0.017701216955783184,0.005795000000000001,5.5e-05,0.0070934558,0.0071487293,0.007792,0.011371266903077545,0.01764642243523524,0.009874662411143603,convergence,False,False
510265__932173,510265,932173,2023-02-09,2023-02-16,7,12.4245007245575,12.195394074999998,12.356682279348782,12.04504074454923,-0.025220486191539115,0.01843990793969408,-0.006780578251845033,0.011659329687849048,0.005795000000000001,0.000192,0.0076089018,0.0074535087,-0.020423,-0.006972359073762841,0.01146754886593124,0.03179005958724953,convergence,False,False
510265__932173,510265,932173,2023-07-13,2023-07-19,6,12.744358125,12.685611900442499,12.246648286950952,12.67582785107673,0.03504465500026468,0.0046095867662617794,0.03965424176652646,0.044263828532788235,0.005795000000000001,0.000164,0.0072074669,0.0071387773,-0.00953,0.03948985820488263,0.0440994449711444,0.054058685937255734,convergence,False,False
510265__932173,510265,932173,2023-07-20,2023-07-25,5,13.0742121,13.065780050442498,12.717580761805939,13.018414901006926,0.02365498162232762,0.0006449374916827375,0.024299919114010356,0.024944856605693094,0.005795000000000001,0.000137,0.0070519375,0.0071313955,0.011268,0.024162932812640495,0.024807870304323233,0.01340230774230473,convergence,False,False
510265__932173,510265,932173,2023-09-11,2023-09-13,2,13.114194399999999,13.000750287499997,12.894888969732484,13.027777768398366,0.010305540356167814,0.008650482754777651,0.018956023110945464,0.027606505865723115,0.005795000000000001,5.5e-05,0.0067987894,0.0067808098,-0.002645,0.018901228590397518,0.02755171134517517,0.030230578623444505,convergence,False,False
510265__932173,510265,932173,2023-11-10,2023-11-16,6,12.1596169875,12.655597624999999,12.02483425560872,12.679724673832816,0.0544614923002898,-0.04078916613984334,0.01367232616044646,-0.02711683997939688,0.005795000000000001,0.000164,0.0065908712,0.0066829285,0.013967,0.013507942598802624,-0.027281223541040716,-0.04180642427229734,convergence,False,False
510265__932173,510265,932173,2024-06-27,2024-07-01,4,13.5140183995575,13.696057824999999,13.299176118601528,13.5922140123759,0.022034289279356214,-0.013470414206958553,0.008563875072397661,-0.004906539134560892,0.005795000000000001,0.00011,0.0062167791,0.0061934841,-0.003747,0.00845428603130177,-0.005016128175656782,-0.001172041651116801,convergence,False,False
510265__932173,510265,932173,2024-08-05,2024-08-06,1,12.4245007245575,12.280431687499998,0.0,0.0,0.0,0.01159555947167712,0.01159555947167712,0.02319111894335424,0.005795000000000001,0.0,0.0,0.0,0.0,0.01159555947167712,0.02319111894335424,0.02319111894335424,overnight_abort,True,False
510265__932173,510265,932173,2024-08-07,2024-08-08,1,13.0442263745575,13.836119774999998,0.0,0.0,0.0,-0.060708345416871236,-0.060708345416871236,-0.12141669083374247,0.005795000000000001,0.0,0.0,0.0,0.0,-0.060708345416871236,-0.12141669083374247,-0.12141669083374247,overnight_abort,True,False
510265__932173,510265,932173,2025-04-09,2025-04-10,1,12.5044653245575,11.9352800254425,0.0,0.0,0.0,0.04551856351644066,0.04551856351644066,0.09103712703288132,0.005795000000000001,0.0,0.0,0.0,0.0,0.04551856351644066,0.09103712703288132,0.09103712703288132,overnight_abort,True,False
510265__932173,510265,932173,2025-09-29,2025-10-01,2,12.8743015995575,12.505531249999999,12.77509168886093,12.508687046193685,-0.02085344271145492,0.0286439110273893,0.007790468315934381,0.03643437934332368,0.005795000000000001,5.5e-05,0.0067606396,0.0067909404,0.004482,0.007735673795386436,0.036379584822775736,0.032010687106770304,convergence,False,False
510265__932173,510265,932173,2025-11-12,2025-11-13,1,13.3540882,14.396368575442498,0.0,0.0,0.0,-0.07804953508113704,-0.07804953508113704,-0.1560990701622741,0.005795000000000001,0.0,0.0,0.0,0.0,-0.07804953508113704,-0.1560990701622741,-0.1560990701622741,overnight_abort,True,False
510265__932173,510265,932173,2025-11-28,2025-12-04,6,15.73303505,15.249746027942498,15.406509218015785,15.193223494824922,-0.013843870806337784,0.030718104963320583,0.016874234156982797,0.04759233912030338,0.005795000000000001,0.000164,0.0064331431,0.0064372843,0.000644,0.01670985059533896,0.04742795555865955,0.046793546765775205,convergence,False,False
510311__912023,510311,912023,2021-04-06,2021-04-12,6,38.045646502318,39.408160174105994,19.296181009852468,19.302201997824923,0.00031203003171358367,-0.03581260399149691,-0.03550057395978333,-0.07131317795128024,0.037484,0.000164,0.0091029084,0.0091688434,0.007243,-0.03566495752142716,-0.07147756151292407,-0.07867100683887866,convergence,False,False
510311__912023,510311,912023,2021-05-12,2021-05-13,1,36.596381336424,36.304998856424,0.0,0.0,0.0,0.007962057158640243,0.007962057158640243,0.015924114317280486,0.037484,0.0,0.0,0.0,0.0,0.007962057158640243,0.015924114317280486,0.015924114317280486,overnight_abort,True,False
510311__912023,510311,912023,2021-11-11,2021-11-12,1,39.711809334106,41.34003109,0.0,0.0,0.0,-0.041000946146657134,-0.041000946146657134,-0.08200189229331427,0.037484,0.0,0.0,0.0,0.0,-0.041000946146657134,-0.08200189229331427,-0.08200189229331427,overnight_abort,True,False
510311__912023,510311,912023,2022-05-12,2022-05-13,1,34.683744018742004,37.704453981258,0.0,0.0,0.0,-0.08709296092381773,-0.08709296092381773,-0.17418592184763546,0.037484,0.0,0.0,0.0,0.0,-0.08709296092381773,-0.17418592184763546,-0.17418592184763546,overnight_abort,True,False
510311__912023,510311,912023,2023-03-20,2023-03-27,7,30.493694518742,30.55501885053,15.304716654762853,15.226122083866294,-0.005135316952901603,-0.0020110495876552274,-0.0071463665405568306,-0.009157416128212057,0.037484,0.000192,0.007643799,0.0076408787,-0.000382,-0.007338147362474639,-0.009349196950129866,-0.008968965376253144,convergence,False,False
510311__912023,510311,912023,2023-05-09,2023-05-23,14,38.351270684636,35.25031948947,19.561071725117504,16.956579281031388,-0.133146715102619,0.0808565437287656,-0.05229017137385339,0.028566372354912217,0.037484,0.000384,0.0074429683,0.0071397972,-0.040733,-0.052673733017689,0.0281828107110766,0.06499126010526282,convergence,False,False
510311__912023,510311,912023,2024-08-06,2024-08-08,2,32.100706668212,29.29752234,15.741202511564868,15.820061620227314,0.005009725820153124,0.08732469216909407,0.09233441798924719,0.17965911015834127,0.037484,5.5e-05,0.0068168645,0.0068198863,0.000443,0.09227962346869924,0.17960431563779333,0.17915900932975662,convergence,False,False
510311__912023,510311,912023,2024-08-21,2024-08-23,2,34.52601280947,31.751656831787997,16.335851789547338,17.034891208776287,0.04279173368089914,0.0803555276710386,0.12314726135193774,0.20350278902297633,0.037484,5.5e-05,0.0068364382,0.0069570052,0.017636,0.12309246683138979,0.2034479945024284,0.1853760990042471,convergence,False,False
510311__912023,510311,912023,2024-09-04,2024-10-01,27,35.935833342318006,30.980942356424,16.99662891558942,16.204387667921853,-0.04661166938468113,0.13788162190910241,0.09126995252442129,0.22915157443352369,0.037484,0.00074,0.0069708266,0.006805962,-0.023651,0.09053022649702402,0.22841184840612644,0.2515063037926777,convergence,False,False
510311__912023,510311,912023,2024-10-30,2024-11-06,7,33.273922500000005,30.42318,15.581707342943778,15.821431431454677,0.015384969261372929,0.0856749756509773,0.10105994491235024,0.18673492056332752,0.037484,0.000192,0.0065359477,0.0065385114,0.000392,0.10086816409043242,0.1865431397414097,0.18614501510929607,convergence,False,False
510311__912023,510311,912023,2025-03-19,2025-03-27,8,40.037156325893996,35.301027831788,18.32788580151254,18.25514784330607,-0.003968704246316716,0.11829332871582868,0.11432462446951196,0.23261795318534065,0.037484,0.000219,0.0066972503,0.0066740076,-0.00347,0.11410544638732018,0.23239877510314888,0.23586752401464456,convergence,False,False
510442__929995,510442,929995,2021-02-01,2021-02-05,4,19.1749712054475,18.877270779815,18.85476637696014,18.909734490965697,0.0029153431501928694,0.01552546924023145,0.01844081239042432,0.033966281630655765,0.021117999999999998,0.00011,0.009474182,0.0095034441,0.003089,0.018331223349328428,0.033856692589559874,0.030768611178864265,convergence,False,False
510442__929995,510442,929995,2024-02-22,2024-02-27,5,8.592933997821,8.144125152179,8.423448099625347,8.305868064233719,-0.013958658497208204,0.052229988704185076,0.03827133020697687,0.09050131891116195,0.021117999999999998,0.000137,0.0066354795,0.0066363606,0.000133,0.03813434390560701,0.09036433260979208,0.0902334173267982,convergence,False,False
510442__929995,510442,929995,2024-08-05,2024-08-16,11,8.61829439038425,9.0993000760895,8.57148783751758,9.234612502856876,0.07736400936565364,-0.05581216699233741,0.021551842373316234,-0.034260324619021176,0.021117999999999998,0.000301,0.0068168645,0.0069165855,0.014629,0.021250472510302536,-0.034561694482034874,-0.050094765876576575,convergence,False,False
511280__929864,511280,929864,2021-06-21,2021-06-23,2,22.029940686379,21.858864376379003,11.0117753568284,10.962686550965888,-0.004457846647958734,0.007765627353947992,0.003307780705989258,0.01107340805993725,0.011367,5.5e-05,0.0090370973,0.0090191657,-0.001984,0.0032529861854413127,0.011018613539389304,0.012997916755544549,convergence,False,False
511280__929864,511280,929864,2022-01-27,2022-02-03,7,19.080651871726,19.500349004653003,9.572432558133075,9.744214595751563,0.017945494687506173,-0.02199595358421248,-0.004050458896706306,-0.026046412480918785,0.011367,0.000192,0.0086764124,0.0086794254,0.000347,-0.004242239718624114,-0.026238193302836593,-0.02659156574791708,convergence,False,False
511280__929864,511280,929864,2022-02-15,2022-02-17,2,19.907648434484,19.349811876379,9.854431817125416,9.54775236266648,-0.03112096771789275,0.02802121807308567,-0.0030997496448070816,0.02492146842827859,0.011367,5.5e-05,0.0086606331,0.0086937622,0.003825,-0.003154544165355027,0.024866673907730643,0.02117459105453544,convergence,False,False
511280__929864,511280,929864,2022-03-09,2022-03-10,1,17.013168435863,17.252248000863002,0.0,0.0,0.0,-0.014052618470292209,-0.014052618470292209,-0.028105236940584418,0.011367,0.0,0.0,0.0,0.0,-0.014052618470292209,-0.028105236940584418,-0.028105236940584418,overnight_abort,True,False
511280__929864,511280,929864,2023-05-12,2023-05-19,7,14.4474955,13.7496077,7.129720322929344,6.866512378290873,-0.03691700834210692,0.04830510589188279,0.01138809754977587,0.05969320344165866,0.011367,0.000192,0.007346459,0.0072147469,-0.017929,0.011196316727858062,0.059501422619740854,0.07708342307848778,convergence,False,False
511280__929864,511280,929864,2023-07-28,2023-08-01,4,13.92937842,13.48866624,6.8167995892117,6.733685339614559,-0.012192561701341245,0.031639041363627496,0.01944647966228625,0.051085521025913745,0.011367,0.00011,0.0070276538,0.0069771498,-0.007186,0.01933689062119036,0.050975931984817854,0.058126162135220545,convergence,False,False
511280__929864,511280,929864,2023-11-14,2023-11-20,6,13.720139826379,13.558920713621003,6.745955983917558,6.791892714488438,0.006809521242118118,0.011750544440372976,0.018560065682491092,0.030310610122864068,0.011367,0.000164,0.0066065467,0.0067385445,0.01998,0.018395682120847256,0.03014622656122023,0.0104243649896283,convergence,False,False
511280__929864,511280,929864,2024-01-10,2024-01-23,13,15.095141850000001,15.044278790000002,7.552454513627344,7.489351073468644,-0.008355355208672784,0.0033694986443601584,-0.004985856564312626,-0.0016163579199524672,0.011367,0.000356,0.0068830225,0.0067794307,-0.01505,-0.00534202094787427,-0.001972522303514111,0.013180114880946562,convergence,False,False
511280__929864,511280,929864,2024-07-08,2024-07-11,3,12.833362516379001,13.23776099,6.444381503230235,6.62995265875495,0.028795805374293566,-0.031511497715806906,-0.0027156923415133406,-0.03422719005732025,0.011367,8.2e-05,0.0061986673,0.0063333224,0.021723,-0.0027978841223352583,-0.03430938183814217,-0.05618298834398752,convergence,False,False
511280__929864,511280,929864,2024-08-05,2024-08-07,2,13.28173207,12.83631259,6.695228941827506,6.43677605136125,-0.03860254708417919,0.03353624946298137,-0.00506629762119782,0.028469951841783553,0.011367,5.5e-05,0.0069288065,0.0067895572,-0.020097,-0.005121092141745765,0.028415157321235607,0.048132779309943606,convergence,False,False
511280__929864,511280,929864,2025-04-07,2025-04-08,1,12.467192237499999,12.691992893821,0.0,0.0,0.0,-0.018031378039140566,-0.018031378039140566,-0.03606275607828113,0.011367,0.0,0.0,0.0,0.0,-0.018031378039140566,-0.03606275607828113,-0.03606275607828113,overnight_abort,True,False
511280__929864,511280,929864,2025-04-09,2025-04-10,1,12.992782159999999,13.187580943621,0.0,0.0,0.0,-0.01499284612195803,-0.01499284612195803,-0.02998569224391606,0.011367,0.0,0.0,0.0,0.0,-0.01499284612195803,-0.02998569224391606,-0.02998569224391606,overnight_abort,True,False
511280__929864,511280,929864,2025-05-08,2025-05-13,5,14.218329326379001,13.849970803621002,6.9763840306622,6.799342751023861,-0.025377226778258988,0.025907299957850224,0.0005300731795912367,0.02643737313744146,0.011367,0.000137,0.0068794712,0.0068140774,-0.009506,0.00039308687822137367,0.0263003868360716,0.03565371274744263,convergence,False,False
511280__929864,511280,929864,2025-08-29,2025-09-05,7,16.933654402526003,16.479455816379,8.305765698125924,8.296697785150535,-0.001091761230085685,0.026822242579797068,0.025730481349711384,0.05255272392950845,0.011367,0.000192,0.0067414968,0.0067785121,0.005491,0.025538700527793577,0.052360943107590645,0.04690622272278221,convergence,False,False
511280__929864,511280,929864,2025-09-19,2025-09-24,5,16.609636933621,16.078013438105003,8.021519287973815,8.061045873082126,0.004927568418063956,0.03200693053319502,0.03693449895125898,0.06894142948445399,0.011367,0.000137,0.0067695636,0.0066757902,-0.013852,0.03679751264988911,0.06880444318308412,0.08292044623607008,convergence,False,False
511280__929864,511280,929864,2025-11-05,2025-11-07,2,16.360542183621,16.539670065516002,8.049101830976706,8.299421824158324,0.031099121173777385,-0.010948774183922375,0.02015034698985501,0.009201572805932635,0.011367,5.5e-05,0.0065331718,0.0064871878,-0.007039,0.020095552469307065,0.00914677828538469,0.016455655945448098,convergence,False,False
511280__929864,511280,929864,2025-11-25,2025-11-28,3,16.908355343337,16.681187651863002,8.356924545471562,8.365096789290194,0.0009779008741989293,0.013435232869264053,0.014413133743462982,0.027848366612727035,0.011367,8.2e-05,0.006390593,0.0064331431,0.006658,0.014330941962641064,0.02776617483190512,0.02114550603627601,convergence,False,False
512142__929143,512142,929143,2021-09-03,2021-09-08,5,164.955164455,165.09719163535502,16.372915018121343,16.508765343803777,0.008297259561420554,-0.000861004751347294,0.00743625481007326,0.006575250058725965,0.016390000000000002,0.000137,0.0090674154,0.009114524,0.005195,0.007299268508703397,0.006438263757356103,0.0012268591594006117,convergence,False,False
512142__929143,512142,929143,2023-06-02,2023-06-06,4,87.0918226279485,85.5160596148355,8.62561908997866,8.629206278104611,0.0004158760186986865,0.018093122471952133,0.01850899849065082,0.03660212096260295,0.016390000000000002,0.00011,0.0071653769,0.0071364853,-0.004032,0.01839940944955493,0.03649253192150706,0.04054265100794061,convergence,False,False
512142__929143,512142,929143,2024-08-05,2024-08-22,17,77.846028449787,78.3123651549645,7.65901066939428,8.049837435309211,0.05102836159723486,-0.005990500921678977,0.04503786067555588,0.03904735975387691,0.016390000000000002,0.000466,0.0068168645,0.0069256874,0.015964,0.04457210725089834,0.03858160632921937,0.022066862349977692,convergence,False,False
512142__929143,512142,929143,2025-09-22,2025-09-26,4,88.352851579858,82.453106389787,8.414399873506653,8.268150586054134,-0.017380834004929586,0.066774813541117,0.04939397953618742,0.11616879307730442,0.016390000000000002,0.00011,0.0067156912,0.0067297011,0.002086,0.04928439049509153,0.11605920403620854,0.11401358625183558,convergence,False,False
512956__912534,512956,912534,2021-04-15,2021-04-19,4,31.243093729276,30.514057636908003,30.771517894026186,30.561820011499805,-0.006814674636739019,0.023334311854170287,0.016519637217431268,0.03985394907160156,0.010063,0.00011,0.009192443,0.0092511208,0.006383,0.016410048176335377,0.03974436003050567,0.03344480658779182,convergence,False,False
512956__912534,512956,912534,2021-06-21,2021-06-22,1,29.129653753816,30.097780475460002,0.0,0.0,0.0,-0.0332350919728037,-0.0332350919728037,-0.0664701839456074,0.010063,0.0,0.0,0.0,0.0,-0.0332350919728037,-0.0664701839456074,-0.0664701839456074,overnight_abort,True,False
512956__912534,512956,912534,2022-03-09,2022-03-11,2,26.8765399892,26.210798975460005,26.796608088374565,26.262525568983563,-0.019930974757313,0.02477033926269959,0.004839364505386589,0.02960970376808618,0.010063,5.5e-05,0.0086106686,0.008460952,-0.017387,0.004784569984838644,0.029554909247538234,0.04689723694596369,convergence,False,False
512956__912534,512956,912534,2022-11-10,2022-11-11,1,22.031673778356,22.699976975460004,0.0,0.0,0.0,-0.03033374603433652,-0.03033374603433652,-0.06066749206867304,0.010063,0.0,0.0,0.0,0.0,-0.03033374603433652,-0.06066749206867304,-0.06066749206867304,overnight_abort,True,False
512956__912534,512956,912534,2023-01-17,2023-01-24,7,23.430334705448,23.823435000000003,23.300464742100345,23.950369757625964,0.02789236277984363,-0.01677740841067027,0.011114954369173362,-0.005662454041496907,0.010063,0.000192,0.0077582522,0.0077160488,-0.00544,0.010923173547255553,-0.005854234863414715,-0.00023211482921496715,convergence,False,False
512956__912534,512956,912534,2023-04-24,2023-04-26,2,24.633603658356,25.528688390724003,24.80122257099636,25.339879192058277,0.021718954358800308,-0.03633592326896023,-0.01461696891015992,-0.05095289217912015,0.010063,5.5e-05,0.0074783123,0.007465193,-0.001754,-0.014671763430707866,-0.05100768669966809,-0.04921212193959849,convergence,False,False
512956__912534,512956,912534,2023-05-16,2023-05-23,7,26.348271461644,25.819594098552002,25.906268814423488,25.58211900195237,-0.012512408282069698,0.020064973289105874,0.007552565007036176,0.027617538296142052,0.010063,0.000192,0.0072629553,0.0071697432,-0.012834,0.007360784185118368,0.027425757474224245,0.04026384519652524,convergence,False,False
512956__912534,512956,912534,2023-10-31,2023-11-01,1,27.54457302454,28.247074732368002,0.0,0.0,0.0,-0.0255041785255531,-0.0255041785255531,-0.0510083570511062,0.010063,0.0,0.0,0.0,0.0,-0.0255041785255531,-0.0510083570511062,-0.0510083570511062,overnight_abort,True,False
512956__912534,512956,912534,2023-11-14,2023-11-16,2,28.54148102454,28.036418390724002,28.14551913382441,28.347359580740562,0.007171317251476289,0.017695740223912904,0.02486705747538919,0.042562797699302095,0.010063,5.5e-05,0.0066065467,0.0066829285,0.011562,0.024812262954841246,0.04250800317875415,0.030996648819652688,convergence,False,False
512956__912534,512956,912534,2024-01-10,2024-01-11,1,31.442472338552,31.787988489276003,0.0,0.0,0.0,-0.010988835324516149,-0.010988835324516149,-0.021977670649032298,0.010063,0.0,0.0,0.0,0.0,-0.010988835324516149,-0.021977670649032298,-0.021977670649032298,overnight_abort,True,False
512956__912534,512956,912534,2024-01-26,2024-01-30,4,30.684827243092002,30.433808270724004,30.36756590633477,30.5339432363719,0.005478783862700768,0.008180556806768697,0.013659340669469465,0.021839897476238164,0.010063,0.00011,0.0067789716,0.0068075832,0.004221,0.013549751628373574,0.021730308435142273,0.017504380388847364,convergence,False,False
512956__912534,512956,912534,2024-04-26,2024-05-01,5,27.863575609276,27.845828904540003,27.9357060206092,28.770280182757816,0.02987481904101225,0.0006369141198838188,0.03051173316089607,0.031148647280779887,0.010063,0.000137,0.006336734,0.0065085095,0.027108,0.030374746859526208,0.031011660979410025,0.003830743139744979,convergence,False,False
512956__912534,512956,912534,2024-08-05,2024-08-06,1,27.063566908356,27.213890975460004,0.0,0.0,0.0,-0.005554480960068444,-0.005554480960068444,-0.011108961920136887,0.010063,0.0,0.0,0.0,0.0,-0.005554480960068444,-0.011108961920136887,-0.011108961920136887,overnight_abort,True,False
512956__912534,512956,912534,2025-03-25,2025-03-27,2,34.881816901448005,34.024879636908,34.09541477485914,34.071339097958884,-0.0007061265293069747,0.02456687582992373,0.023860749300616754,0.04842762513054048,0.010063,5.5e-05,0.0066398858,0.0066740076,0.005139,0.02380595478006881,0.04837283060999254,0.04326380051362409,convergence,False,False
512956__912534,512956,912534,2025-04-07,2025-04-08,1,32.708549486184,32.299559390724006,0.0,0.0,0.0,0.012504073151661693,0.012504073151661693,0.025008146303323386,0.010063,0.0,0.0,0.0,0.0,0.012504073151661693,0.025008146303323386,0.025008146303323386,overnight_abort,True,False
512956__912534,512956,912534,2025-04-09,2025-04-16,7,34.90174409546,35.700041270724,34.19446484359599,35.35220982362289,0.033857672150226094,-0.022872701521178103,0.010984970629047991,-0.011887730892130112,0.010063,0.000192,0.0069225706,0.0070209928,0.014218,0.010793189807130182,-0.01207951171404792,-0.026572411718147622,convergence,False,False
512956__912534,512956,912534,2025-09-29,2025-10-01,2,36.476860729276,35.48939997546,36.23957245369747,34.99362326295935,-0.03438090204651391,0.02707088093859645,-0.00731002110791746,0.01976085983067899,0.010063,5.5e-05,0.0067606396,0.0067909404,0.004482,-0.007364815628465405,0.019706065310131044,0.015397526368562873,convergence,False,False
512956__912534,512956,912534,2025-11-05,2025-11-13,8,34.712344535264,34.65683261236801,34.59477965624174,35.3062006648934,0.02056440352333056,0.0015991983151584918,0.022163601838489054,0.023762800153647547,0.010063,0.000219,0.0065331718,0.0064706073,-0.009576,0.021944423756297272,0.023543622071455765,0.03341149052087253,convergence,False,False
514782__929594,514782,929594,2021-01-28,2021-02-01,4,18.795710565,18.120394721634,18.517058749319414,17.975627983625024,-0.029239566230478683,0.03592925316819489,0.006689686937716207,0.04261894010591109,0.012240000000000001,0.00011,0.1289831646,0.1290031283,0.000155,0.006580097896620316,0.0425093510648152,0.04235912238178217,convergence,False,False
514782__929594,514782,929594,2021-03-01,2021-03-04,3,19.382761599966,19.4767402949575,19.333260336309234,19.480132328612342,0.007596855871602375,-0.004848570958622703,0.002748284912979672,-0.002100286045643031,0.012240000000000001,8.2e-05,0.1289149937,0.1288120244,-0.000799,0.0026660931321577544,-0.0021824778264649485,-0.0013770286192610942,convergence,False,False
514782__929594,514782,929594,2022-03-16,2022-03-21,5,19.203668030034,18.7028928199915,18.695209368431826,18.73550334660627,0.0021553103461083526,0.026077060343851998,0.028232370689960352,0.05430943103381235,0.012240000000000001,0.000137,0.1279050384,0.1277702246,-0.001054,0.02809538438859049,0.05417244473244248,0.05522984575056607,convergence,False,False
514782__929594,514782,929594,2022-10-17,2022-10-24,7,15.3529821500085,14.85377437,15.215089160262758,14.951356733428625,-0.017333610342746022,0.03251536249641404,0.015181752153668019,0.047697114650082056,0.012240000000000001,0.000192,0.1273925986,0.1273893481,-2.6e-05,0.01498997133175021,0.04750533382816425,0.04753040780135907,convergence,False,False
514782__929594,514782,929594,2023-12-14,2023-12-18,4,11.1540462800085,11.316205294991502,11.239624740025288,11.309622490121,0.006227765758623987,-0.014538133598534682,-0.008310367839910696,-0.022848501438445377,0.012240000000000001,0.00011,0.1281615779,0.1282264927,0.000507,-0.008419956881006586,-0.022958090479541268,-0.023467494369433947,convergence,False,False
514782__929594,514782,929594,2024-04-09,2024-04-10,1,12.1590048650085,12.64279307,0.0,0.0,0.0,-0.03978847038574334,-0.03978847038574334,-0.07957694077148668,0.012240000000000001,0.0,0.0,0.0,0.0,-0.03978847038574334,-0.07957694077148668,-0.07957694077148668,overnight_abort,True,False
514782__929594,514782,929594,2024-05-02,2024-05-10,8,13.71121713,14.039732259991501,13.58522341337567,13.949220734753856,0.026793620561278594,-0.02395958920909463,0.0028340313521839633,-0.021125557856910667,0.012240000000000001,0.000219,0.1280180167,0.1280016401,-0.000128,0.0026148532699921826,-0.02134473593910245,-0.02121336740043899,convergence,False,False
514782__929594,514782,929594,2024-09-24,2024-09-25,1,12.5371080950085,12.4870203924915,0.0,0.0,0.0,0.003995155991112686,0.003995155991112686,0.007990311982225372,0.012240000000000001,0.0,0.0,0.0,0.0,0.003995155991112686,0.007990311982225372,0.007990311982225372,overnight_abort,True,False
514782__929594,514782,929594,2024-09-26,2024-09-30,4,12.7858602200085,12.3613964549915,12.71996012811453,12.615766530653696,-0.008191346231544971,0.03319790438133838,0.025006558149793405,0.05820446253113178,0.012240000000000001,0.00011,0.1286645249,0.1288120244,0.001146,0.024896969108697514,0.05809487349003589,0.0569591776479129,convergence,False,False
514782__929594,514782,929594,2025-09-15,2025-09-17,2,15.551983850008499,15.306020545,15.362289920484027,15.218477889587506,-0.009361366804096237,0.015815558155197272,0.006454191351101035,0.022269749506298307,0.012240000000000001,5.5e-05,0.1285173628,0.1285710662,0.000418,0.00639939683055309,0.022214954985750362,0.02180117088683647,convergence,False,False
514782__929594,514782,929594,2025-10-17,2025-10-22,5,19.808133703767002,19.647587844966,19.589158836434162,19.536572590458274,-0.002684456561661158,0.008105047209494006,0.005420590647832848,0.013525637857326854,0.012240000000000001,0.000137,0.1287307723,0.1286752929,-0.000431,0.005283604346462985,0.01338865155595699,0.013818652271040836,convergence,False,False
514782__929594,514782,929594,2025-11-10,2025-11-13,3,19.7608698050085,19.496829070051,19.564938991438588,19.50321162556875,-0.0031549991490824473,0.013361797206445748,0.010206798057363301,0.02356859526380905,0.012240000000000001,8.2e-05,0.1286562531,0.1286247996,-0.000244,0.010124606276541383,0.023486403482987132,0.02373016879365642,convergence,False,False
514939__929610,514939,929610,2023-03-10,2023-03-15,5,0.878391083312325,0.8600269479369751,0.8997195343997432,0.9085994907248741,0.009869693816368336,0.020906559417817116,0.030776253234185452,0.05168281265200257,0.014628,0.000137,0.1274819168,0.1273925986,-0.000701,0.03063926693281559,0.051545826350632706,0.05225387174948251,convergence,False,False
514939__929610,514939,929610,2023-05-31,2023-06-05,5,0.892005708,0.8808559405623251,0.9026642994651758,0.9310155422828222,0.031408401588989866,0.012499659293295608,0.04390806088228547,0.056407720175581086,0.014628,0.000137,0.127717997,0.1274997896,-0.001709,0.04377107458091561,0.05627073387421122,0.058035920674557845,convergence,False,False
514939__929610,514939,929610,2023-06-14,2023-06-27,13,0.861099568563025,0.82209193237535,0.8767438790627884,0.8697725155870724,-0.007951425316100522,0.04529979762127819,0.037348372305177666,0.08264816992645586,0.014628,0.000356,0.1278535261,0.1276707084,-0.00143,0.03699220792161602,0.08229200554289422,0.08371256661743431,convergence,False,False
514939__929610,514939,929610,2023-08-15,2023-08-18,3,0.795113406563025,0.7043627399376751,0.7797829787377879,0.7468263388743073,-0.04226386156418365,0.11413550051637386,0.0718716389521902,0.18600713946856406,0.014628,8.2e-05,0.1276951645,0.127582755,-0.00088,0.07178944717136829,0.18592494768774215,0.18676878148372425,convergence,False,False
514939__929610,514939,929610,2024-03-25,2024-03-27,2,0.79501401987535,0.7420964888746501,0.8061113882662659,0.7823844374822513,-0.02943383647642679,0.06656175825552973,0.03712792177910294,0.10368968003463268,0.014628,5.5e-05,0.1278159516,0.1277702246,-0.000358,0.037073127258555,0.10363488551408473,0.10398223622978066,convergence,False,False
514939__929610,514939,929610,2024-04-16,2024-04-19,3,0.715512629813025,0.6779994585,0.7261671983340334,0.7215582941119326,-0.006346891229285096,0.05242838455951197,0.046081493330226875,0.09850987788973885,0.014628,8.2e-05,0.1277082123,0.1276218228,-0.000676,0.04599930154940496,0.09842768610891693,0.09910030771356729,convergence,False,False
514939__929610,514939,929610,2024-05-09,2024-05-14,5,0.79143645687535,0.7716797143123251,0.7854031820823293,0.8246158408884785,0.04992678881461264,0.024963144408366077,0.07488993322297871,0.0998530776313448,0.014628,0.000137,0.1279860784,0.1281845776,0.001551,0.07475294692160885,0.09971609132997493,0.09809023561831055,convergence,False,False
514939__929610,514939,929610,2024-06-17,2024-06-20,3,0.745325625,0.71442505487535,0.748817315833634,0.7460679850807245,-0.0036715640714701774,0.041459154345659284,0.037787590274189105,0.07924674461984839,0.014628,8.2e-05,0.1280836163,0.1281090448,0.000199,0.03770539849336719,0.07916455283902647,0.07896679055243269,convergence,False,False
514939__929610,514939,929610,2024-08-13,2024-08-16,3,0.844702404813025,0.7428008415623251,0.8491743178528126,0.8375088511812555,-0.013737422842760862,0.1206360520226717,0.10689862917991085,0.22753468120258255,0.014628,8.2e-05,0.1283293444,0.1283944293,0.000507,0.10681643739908893,0.22745248942176063,0.22695253937285279,convergence,False,False
514939__929610,514939,929610,2024-10-08,2024-10-23,15,0.824827015062325,0.7325372499376751,0.8257537401195437,0.7841915049289158,-0.05033248191477889,0.11188984288745245,0.06155736097267356,0.17344720386012602,0.014628,0.000411,0.1286835671,0.1286951598,9e-05,0.06114640206856397,0.17303624495601644,0.17295070008662122,convergence,False,False
514939__929610,514939,929610,2024-12-06,2024-12-10,4,0.78159811887465,0.6741757951246501,0.7622971205148867,0.7696144498698327,0.009599051548303863,0.13743933251101895,0.14703838405932282,0.28447771657034177,0.014628,0.00011,0.1286272929,0.128622323,-3.9e-05,0.14692879501822692,0.2843681275292459,0.28440713791414046,convergence,False,False
514939__929610,514939,929610,2025-04-11,2025-04-22,11,0.873521642437675,0.8049860201246501,0.8570207257381449,0.8959314628276233,0.04540232916300226,0.07845898599806571,0.12386131516106796,0.2023203011591337,0.014628,0.000301,0.1289299409,0.1288651507,-0.000503,0.12355994529805427,0.20201893129611997,0.2025445336457005,convergence,False,False
514939__929610,514939,929610,2025-04-28,2025-05-07,9,0.97389216987535,0.8552976551869751,0.9057518243394697,0.9084815132334667,0.003013727182926415,0.12177376341731344,0.12478749060023986,0.2465612540175533,0.014628,0.000247,0.128885078,0.128637219,-0.001923,0.12454091525777411,0.24631467867508755,0.2482472918125484,convergence,False,False
514939__929610,514939,929610,2025-05-27,2025-05-29,2,0.963954504813025,0.8049860201246501,0.8875967836049584,0.8828769451015537,-0.005317548002185406,0.16491285003041659,0.1595953020282312,0.32450815205864775,0.014628,5.5e-05,0.1275737982,0.1275371947,-0.000287,0.15954050750768325,0.3244533575380998,0.32473883393749325,convergence,False,False
514939__929610,514939,929610,2025-05-30,2025-06-11,12,0.95103551737535,0.8049860201246501,0.8805427807769157,0.8628261493692534,-0.02012012567070357,0.1535689199639615,0.13344879429325793,0.2870177142572194,0.014628,0.000329,0.1274770349,0.127398279,-0.000618,0.13312002716997026,0.2866889471339317,0.28729469567308347,convergence,False,False
514939__929610,514939,929610,2025-06-16,2025-06-18,2,0.9426878505,0.8101178159369751,0.8595601247685596,0.8398604559328275,-0.022918313993493204,0.1406298325503082,0.117711518556815,0.2583413511071232,0.014628,5.5e-05,0.1273934036,0.1273893481,-3.2e-05,0.11765672403626705,0.25828655658657523,0.2583176624430439,convergence,False,False
514939__929610,514939,929610,2025-06-25,2025-06-27,2,0.934439570312325,0.802067935812325,0.8519029472973272,0.8474954868982411,-0.00517366492634971,0.14165884954524816,0.13648518461889844,0.2781440341641466,0.014628,5.5e-05,0.1273925986,0.1273893481,-2.6e-05,0.1364303900983505,0.27808923964359866,0.27811462389314845,convergence,False,False
514939__929610,514939,929610,2025-11-17,2025-11-20,3,0.9937675,0.82822995062535,0.9528843635258626,0.9318473637238294,-0.02207718019864668,0.16657573262825565,0.14449855242960896,0.3110742850578646,0.014628,8.2e-05,0.1284554582,0.1284925908,0.000289,0.14441636064878705,0.3109920932770427,0.31070948696743017,convergence,False,False
514939__929610,514939,929610,2025-12-03,2025-12-09,6,0.9838298349376751,0.8483938638175,0.929964272790898,0.9038360279863658,-0.02809596623117495,0.13766198819204828,0.10956602196087332,0.24722801015292162,0.014628,0.000164,0.1284868125,0.128524799,0.000296,0.10940163839922949,0.24706362659127779,0.24677637282495396,convergence,False,False
514939__929610,514939,929610,2025-12-12,2025-12-16,4,0.975382831063025,0.8049860201246501,0.9184824784291133,0.9012046369047937,-0.01881129137473593,0.17469736549767562,0.1558860741229397,0.3305834396206153,0.014628,0.00011,0.1285000226,0.1285157095,0.000122,0.1557764850818438,0.33047385057951945,0.33035408460528015,convergence,False,False
514939__929610,514939,929610,2025-12-23,2025-12-29,6,0.9838298349376751,0.864152471,0.9115605740489223,0.9089246622700624,-0.002891647416421112,0.12164437353666603,0.11875272612024491,0.24039709965691095,0.014628,0.000164,0.1286123992,0.128518182,-0.000733,0.11858834255860108,0.2402327160952671,0.24096370026898536,convergence,False,False
515541__912007,515541,912007,2022-12-05,2022-12-13,8,11.1634296014235,11.17502762,11.376661446316952,11.099594250180305,-0.02435399852971313,-0.0010389297008708465,-0.025392928230583974,-0.026431857931454823,0.029828,0.000219,0.0073171624,0.0072582109,-0.008057,-0.025612106312775756,-0.026651036013646604,-0.018726797375764766,convergence,False,False
515541__912007,515541,912007,2023-01-23,2023-03-09,45,12.016052819999999,12.395405185,11.875192325713922,12.18937818107718,0.026457327742215684,-0.031570464168449025,-0.005113136426233341,-0.03668360059468237,0.029828,0.001233,0.0076825568,0.0074076818,-0.035779,-0.006346013138562108,-0.037916477307011136,0.00017201860585910108,convergence,False,False
515541__912007,515541,912007,2023-12-18,2023-12-21,3,16.427895326388,15.79430799,16.14906223074144,16.46888136483854,0.01980419231330305,0.03856777291308121,0.058371965226384256,0.09693973813946546,0.029828,8.2e-05,0.0069650009,0.0070889301,0.017793,0.05828977344556234,0.09685754635864355,0.07902925408784893,convergence,False,False
515541__912007,515541,912007,2024-01-05,2024-01-10,5,17.2805046650355,17.28700121,17.4130935066375,17.25580959319847,-0.009032508404039604,-0.00037594648364891085,-0.009408454887688515,-0.009784401371337426,0.029828,0.000137,0.0069213732,0.0068830225,-0.005541,-0.009545441189058378,-0.00992138767270729,-0.004399932965861645,convergence,False,False
515541__912007,515541,912007,2025-04-07,2025-04-10,3,20.631521052153,18.275402145694,19.714708449250292,23.100228578563378,0.17172559959626643,0.11419996133601258,0.285925560932279,0.40012552226829157,0.029828,8.2e-05,0.0068355036,0.0070984916,0.038474,0.2858433691514571,0.40004333048746965,0.356632731539008,convergence,False,False
515541__912007,515541,912007,2025-10-17,2025-10-24,7,33.123463100694,30.1362708628825,31.375033305546005,32.46018329414325,0.03458641710526656,0.09018357255491545,0.12476998966018202,0.21495356221509745,0.029828,0.000192,0.0066334992,0.0065412919,-0.0139,0.1245782088382642,0.21476178139317964,0.22934550913325355,convergence,False,False
515541__912007,515541,912007,2025-10-27,2025-11-13,17,35.33433354,34.392465710035495,33.324052692757235,35.77594618486037,0.07357729009461211,0.026655882129438573,0.10023317222405069,0.12688905435348927,0.029828,0.000466,0.0065741893,0.006440809,-0.020288,0.09976741879939316,0.12642330092883172,0.14865561072500902,convergence,False,False
516146__930446,516146,930446,2021-03-09,2021-03-11,2,81.84374882888949,81.155085330186,7.983342972988878,8.140391318077224,0.019672002771233658,0.008414368947630662,0.02808637171886432,0.03650074066649498,0.010842,5.5e-05,0.0092255169,0.0091730496,-0.005687,0.028031577198316376,0.03644594614594704,0.04227818724393464,convergence,False,False
516146__930446,516146,930446,2021-06-21,2021-06-22,1,86.93714366981399,88.5446424859245,0.0,0.0,0.0,-0.018490356920578894,-0.018490356920578894,-0.03698071384115779,0.010842,0.0,0.0,0.0,0.0,-0.018490356920578894,-0.03698071384115779,-0.03698071384115779,overnight_abort,True,False
516146__930446,516146,930446,2022-02-15,2022-02-17,2,104.8638675,105.827037097965,10.357357472534153,10.463077923978672,0.010207280353591206,-0.009184952080515304,0.0010223282730759016,-0.008162623807439403,0.010842,5.5e-05,0.0086606331,0.0086937622,0.003825,0.0009675337525279564,-0.008217418327987348,-0.012066989692104176,convergence,False,False
516146__930446,516146,930446,2022-03-11,2022-03-23,12,116.34895775,119.58484099500001,11.392933772538685,11.80284740019243,0.0359796375400508,-0.02781187994784604,0.008167757592204759,-0.01964412235564128,0.010842,0.000329,0.008460952,0.0081736068,-0.033961,0.007838990468917088,-0.019972889478928953,0.01644723488341182,convergence,False,False
516146__930446,516146,930446,2023-05-17,2023-05-23,6,141.106817515,140.95251831796503,14.002369439618276,14.02686709675011,0.0017495365507583299,0.0010934921483758686,0.0028430286991341985,0.003936520847510067,0.010842,0.000164,0.0072085055,0.0071697432,-0.005377,0.0026786451374903627,0.0037721372858662314,0.009187968087259751,convergence,False,False
516146__930446,516146,930446,2023-06-02,2023-06-05,1,150.155081212035,149.263279267965,0.0,0.0,0.0,0.005939205898804469,0.005939205898804469,0.011878411797608937,0.010842,0.0,0.0,0.0,0.0,0.005939205898804469,0.011878411797608937,0.011878411797608937,overnight_abort,True,False
516146__930446,516146,930446,2023-06-13,2023-06-14,1,166.76351043,169.749795645,0.0,0.0,0.0,-0.017907306024560577,-0.017907306024560577,-0.035814612049121154,0.010842,0.0,0.0,0.0,0.0,-0.017907306024560577,-0.035814612049121154,-0.035814612049121154,overnight_abort,True,False
516146__930446,516146,930446,2023-07-28,2023-08-01,4,175.91163448999998,173.77501758796498,17.489880649046146,17.113841579935702,-0.021500379371139522,0.012145966969322096,-0.009354412401817426,0.00279155456750467,0.010842,0.00011,0.0070276538,0.0069771498,-0.007186,-0.009464001442913317,0.0026819655264087795,0.009764821170448612,convergence,False,False
516146__930446,516146,930446,2023-10-31,2023-11-01,1,146.909294837035,150.985499235,0.0,0.0,0.0,-0.027746402312302246,-0.027746402312302246,-0.05549280462460449,0.010842,0.0,0.0,0.0,0.0,-0.027746402312302246,-0.05549280462460449,-0.05549280462460449,overnight_abort,True,False
516146__930446,516146,930446,2024-03-18,2024-03-22,4,171.77700199999998,177.2294805,16.687150619289167,17.662871321116995,0.05847137861271322,-0.031741609391925545,0.026729769220787673,-0.005011840171137871,0.010842,0.00011,0.006628882,0.0066043655,-0.003698,0.026620180179691783,-0.005121429212233762,-0.0011922079185668825,convergence,False,False
516146__930446,516146,930446,2024-08-05,2024-08-06,1,147.9429429725,144.74742204,0.0,0.0,0.0,0.021599684772351593,0.021599684772351593,0.04319936954470319,0.010842,0.0,0.0,0.0,0.0,0.021599684772351593,0.04319936954470319,0.04319936954470319,overnight_abort,True,False
516146__930446,516146,930446,2025-02-12,2025-02-14,2,154.29969075,152.106961327965,15.364155308419278,15.357937874635894,-0.0004046713703796496,0.014210847807775017,0.013806176437395368,0.028017024245170385,0.010842,5.5e-05,0.0065445022,0.0065763514,0.004867,0.013751381916847423,0.02796222972462244,0.02312120016215231,convergence,False,False
516146__930446,516146,930446,2025-03-17,2025-03-19,2,172.32629891203499,174.26765546596502,17.15359611238102,17.124268583495915,-0.0017097014930844195,-0.011265584917604552,-0.012975286410688971,-0.02424087132829352,0.010842,5.5e-05,0.0066992693,0.0066972503,-0.000301,-0.013030080931236917,-0.024295665848841467,-0.02399471426089111,convergence,False,False
516146__930446,516146,930446,2025-04-07,2025-04-10,3,140.976996047035,145.68864075000002,14.07057810092631,14.84879691265646,0.055308232977216334,-0.033421372529409396,0.02188686044780694,-0.011534512081602458,0.010842,8.2e-05,0.0068355036,0.0069674273,0.0193,0.021804668666985022,-0.011616703862424376,-0.03159827822844854,convergence,False,False
516146__930446,516146,930446,2025-09-29,2025-10-01,2,247.614560963035,248.421671662965,24.68307274779781,24.65088410123713,-0.0013040777738481542,-0.0032595445792482944,-0.004563622353096449,-0.007823166932344743,0.010842,5.5e-05,0.0067606396,0.0067909404,0.004482,-0.004618416873644394,-0.007877961452892688,-0.01233408735265623,convergence,False,False
516146__930446,516146,930446,2025-10-14,2025-10-16,2,242.994548585,239.32989944296503,24.2638477711337,23.668033870018988,-0.024555623111992286,0.015081198995511863,-0.009474424116480423,0.00560677487903144,0.010842,5.5e-05,0.006620324,0.0066385634,0.002755,-0.009529218637028368,0.005551980358483494,0.0028719547119994346,convergence,False,False
516495__932074,516495,932074,2021-06-21,2021-06-23,2,30.453524766491,30.816816285213005,15.312096334858651,15.02757788934047,-0.018581286278251938,-0.011929375056175622,-0.03051066133442756,-0.04244003639060318,0.013548,5.5e-05,0.0090370973,0.0090191657,-0.001984,-0.030565455854975505,-0.042494830911151124,-0.04054360743967494,convergence,False,False
516495__932074,516495,932074,2022-03-09,2022-03-11,2,22.372384259148,22.416795960426004,11.09100861708229,11.222262177451706,0.011834231213855524,-0.0019851125728740757,0.009849118640981449,0.007864006068107374,0.013548,5.5e-05,0.0086106686,0.008460952,-0.017387,0.009794324120433504,0.007809211547559428,0.025713624769729968,convergence,False,False
516495__932074,516495,932074,2023-04-24,2023-04-25,1,24.531994478721998,25.129717846065002,0.0,0.0,0.0,-0.024365053883468133,-0.024365053883468133,-0.048730107766936266,0.013548,0.0,0.0,0.0,0.0,-0.024365053883468133,-0.048730107766936266,-0.048730107766936266,overnight_abort,True,False
516495__932074,516495,932074,2023-04-28,2023-05-02,4,25.139075403935,25.119675,12.432377987470478,12.928107032352226,0.039874032576981765,0.0007717230496059411,0.040645755626587704,0.04141747867619365,0.013548,0.00011,0.0072729917,0.0074021979,0.017765,0.04053616658549181,0.04130788963509776,0.02315677100208353,convergence,False,False
516495__932074,516495,932074,2023-10-31,2023-11-01,1,23.188466880852,25.722554233509005,0.0,0.0,0.0,-0.10928222920806979,-0.10928222920806979,-0.21856445841613958,0.013548,0.0,0.0,0.0,0.0,-0.10928222920806979,-0.21856445841613958,-0.21856445841613958,overnight_abort,True,False
516495__932074,516495,932074,2024-04-26,2024-04-30,1,32.225001916065,35.026875824787,0.0,0.0,0.0,-0.08694720689295583,-0.08694720689295583,-0.17389441378591167,0.013548,0.0,0.0,0.0,0.0,-0.08694720689295583,-0.17389441378591167,-0.17389441378591167,overnight_abort,True,False
516495__932074,516495,932074,2024-08-05,2024-08-07,2,28.274005310852,29.058439035213002,14.058712427993886,14.327992296744293,0.0191539495618542,-0.027743990132870336,-0.008590040571016137,-0.03633403070388647,0.013548,5.5e-05,0.0069288065,0.0067895572,-0.020097,-0.008644835091564083,-0.036388825224434415,-0.01548665592409722,convergence,False,False
516495__932074,516495,932074,2024-10-31,2024-11-01,1,34.384613130852,36.071847271278,0.0,0.0,0.0,-0.0490694524904254,-0.0490694524904254,-0.0981389049808508,0.013548,0.0,0.0,0.0,0.0,-0.0490694524904254,-0.0981389049808508,-0.0981389049808508,overnight_abort,True,False
516495__932074,516495,932074,2025-04-07,2025-04-08,1,32.414095371704,33.097686794361,0.0,0.0,0.0,-0.021089325949652946,-0.021089325949652946,-0.04217865189930589,0.013548,0.0,0.0,0.0,0.0,-0.021089325949652946,-0.04217865189930589,-0.04217865189930589,overnight_abort,True,False
516495__932074,516495,932074,2025-04-09,2025-04-10,1,35.57886475,34.966591619148005,0.0,0.0,0.0,0.01720890014772031,0.01720890014772031,0.03441780029544062,0.013548,0.0,0.0,0.0,0.0,0.01720890014772031,0.03441780029544062,0.03441780029544062,overnight_abort,True,False
516495__932074,516495,932074,2025-04-28,2025-05-01,3,38.305754341278,39.126408794361,18.565560400203378,19.62220582100601,0.05691427557398463,-0.02142379042510235,0.035490485148882284,0.01406669472377993,0.013548,8.2e-05,0.0069893413,0.0068986922,-0.01297,0.03540829336806037,0.013984502942958011,0.027872400109602853,convergence,False,False
516495__932074,516495,932074,2025-07-31,2025-08-01,1,46.2774045,46.71255365872201,0.0,0.0,0.0,-0.009403058866925117,-0.009403058866925117,-0.018806117733850235,0.013548,0.0,0.0,0.0,0.0,-0.009403058866925117,-0.018806117733850235,-0.018806117733850235,overnight_abort,True,False
516495__932074,516495,932074,2025-09-11,2025-09-12,1,52.198918864361005,52.50012075000001,0.0,0.0,0.0,-0.005770270576325088,-0.005770270576325088,-0.011540541152650175,0.013548,0.0,0.0,0.0,0.0,-0.005770270576325088,-0.011540541152650175,-0.011540541152650175,overnight_abort,True,False
516495__932074,516495,932074,2025-10-28,2025-10-30,2,55.811547030426,54.50969475000001,27.468863688198592,27.34725897584816,-0.004427001922277452,0.023325859068487702,0.01889885714621025,0.04222471621469795,0.013548,5.5e-05,0.0065475021,0.0064932953,-0.008279,0.018844062625662305,0.04216992169415001,0.050481083269105706,convergence,False,False
51655V__32146V,51655V,32146V,2021-02-01,2021-02-09,8,44.493136846915505,43.09353444553051,22.250949168072964,21.81490622386496,-0.019596599718706205,0.031456590849067635,0.01185999113036143,0.043316581979429065,0.07280400000000001,0.000219,0.009489917,0.0095611435,0.007505,0.011640813048169649,0.043097403897237284,0.0357938106826667,convergence,False,False
51655V__32146V,51655V,32146V,2021-07-09,2021-08-16,38,49.040897804892005,41.6005600694695,24.907496427432104,20.47205936591428,-0.17807639055336022,0.15171699680180617,-0.02635939375155405,0.12535760305025212,0.07280400000000001,0.001041,0.0090608427,0.0091253357,0.007118,-0.02740048964196501,0.12431650715984116,0.1185075899773157,convergence,False,False
51655V__32146V,51655V,32146V,2022-02-09,2022-02-10,1,37.6026063469155,38.08644375,0.0,0.0,0.0,-0.012867124119554254,-0.012867124119554254,-0.02573424823910851,0.07280400000000001,0.0,0.0,0.0,0.0,-0.012867124119554254,-0.02573424823910851,-0.02573424823910851,overnight_abort,True,False
51655V__32146V,51655V,32146V,2023-07-10,2023-07-11,1,29.03866425,29.758212112554006,0.0,0.0,0.0,-0.024778958713777804,-0.024778958713777804,-0.04955791742755561,0.07280400000000001,0.0,0.0,0.0,0.0,-0.024778958713777804,-0.04955791742755561,-0.04955791742755561,overnight_abort,True,False
51655V__32146V,51655V,32146V,2023-11-02,2023-11-08,6,27.631035179892002,25.847996778084504,14.13050922215612,13.126286714173586,-0.07106768002443599,0.06453027873183244,-0.006537401292603551,0.05799287743922889,0.07280400000000001,0.000164,0.006663335,0.0066000066,-0.009504,-0.006701784854247386,0.057828493877585055,0.06674178762070654,convergence,False,False
51655V__32146V,51655V,32146V,2024-05-09,2024-05-13,1,31.657069777446,32.9676328194695,0.0,0.0,0.0,-0.04139874761741868,-0.04139874761741868,-0.08279749523483736,0.07280400000000001,0.0,0.0,0.0,0.0,-0.04139874761741868,-0.08279749523483736,-0.08279749523483736,overnight_abort,True,False
51655V__32146V,51655V,32146V,2024-09-20,2024-09-27,7,22.3351653880845,21.480748181169,10.80414350862356,10.485731632704141,-0.0294712742074624,0.03825434878450997,0.008783074577047571,0.04703742336155754,0.07280400000000001,0.000192,0.0069817776,0.0069623333,-0.002785,0.008591293755129762,0.046845642539639736,0.049556120606371816,convergence,False,False
51655V__32146V,51655V,32146V,2024-12-26,2024-12-30,4,15.594747063749999,15.254891285638502,7.508514202051012,7.447513463051721,-0.00812420904559629,0.021792965074854728,0.013668756029258438,0.035461721104113164,0.07280400000000001,0.00011,0.0063357299,0.0063273118,-0.001329,0.013559166988162548,0.03535213206301727,0.036671761924759474,convergence,False,False
51655V__32146V,51655V,32146V,2025-04-09,2025-04-10,1,11.75327631,12.187662000000001,0.0,0.0,0.0,-0.03695868952135619,-0.03695868952135619,-0.07391737904271238,0.07280400000000001,0.0,0.0,0.0,0.0,-0.03695868952135619,-0.07391737904271238,-0.07391737904271238,overnight_abort,True,False
51655V__32146V,51655V,32146V,2025-09-24,2025-09-30,6,21.390171457554,20.840907098192503,10.265327774024334,10.57374252821451,0.030044316263392698,0.025678352342871174,0.055722668606263875,0.08140102094913504,0.07280400000000001,0.000164,0.0066887391,0.0067997139,0.016591,0.05555828504462004,0.0812366373874912,0.06442578862685926,convergence,False,False
51655V__32146V,51655V,32146V,2025-11-04,2025-11-06,2,22.8273461380845,19.561192431807502,10.143390282686692,9.197195445195113,-0.0932819117792004,0.14308074563375722,0.04979883385455683,0.19287957948831405,0.07280400000000001,5.5e-05,0.0064884506,0.0065178422,0.00453,0.04974403933400889,0.19282478496776612,0.1887360245246626,convergence,False,False
516889__916561,516889,916561,2021-06-08,2021-06-09,1,10.891892944999999,11.00324466,0.0,0.0,0.0,-0.010223357460662354,-0.010223357460662354,-0.02044671492132471,0.007936,0.0,0.0,0.0,0.0,-0.010223357460662354,-0.02044671492132471,-0.02044671492132471,overnight_abort,True,False
516889__916561,516889,916561,2021-06-21,2021-06-28,7,10.906862187883,10.973181149999998,10.918912910325373,10.991696392179417,0.006665817600323288,-0.0060804804328302205,0.0005853371674930672,-0.005495143265337153,0.007936,0.000192,0.0090370973,0.0090485454,0.001267,0.00039355634557525893,-0.005686924087254961,-0.0069605443695238195,convergence,False,False
516889__916561,516889,916561,2021-08-05,2021-08-06,1,9.8690632691532,10.452081312117,0.0,0.0,0.0,-0.05907531718700042,-0.05907531718700042,-0.11815063437400083,0.007936,0.0,0.0,0.0,0.0,-0.05907531718700042,-0.11815063437400083,-0.11815063437400083,overnight_abort,True,False
516889__916561,516889,916561,2022-02-03,2022-02-07,4,11.72512525,11.27381625,11.356311267438512,11.316097625172183,-0.003541083131600272,0.03849076153792048,0.034949678406320205,0.07344043994424068,0.007936,0.00011,0.0086794254,0.0086542615,-0.002899,0.034840089365224314,0.0733308509031448,0.0762282434233713,convergence,False,False
516889__916561,516889,916561,2022-04-07,2022-04-12,5,11.086480129999998,10.75271541,11.047071326468426,10.730905943876694,-0.028619837172066617,0.030105562458623,0.001485725286556383,0.031591287745179386,0.007936,0.000137,0.008042787,0.0079576652,-0.010584,0.00134873898518652,0.03145430144380952,0.04184499090687026,convergence,False,False
516889__916561,516889,916561,2022-09-02,2022-09-08,6,11.325973047883,10.3593844875,10.762557711967794,10.574279214382798,-0.017493843250255756,0.08534265058697721,0.06784880733672145,0.15319145792369865,0.007936,0.000164,0.0070030463,0.0070158202,0.001824,0.06768442377507762,0.15302707436205482,0.15123819793165472,convergence,False,False
516889__916561,516889,916561,2023-08-22,2023-08-24,2,10.986692827883001,10.562313179999999,10.755484791480448,10.521720175974664,-0.02173445642273157,0.038626696361799995,0.016892239939068424,0.05551893630086842,0.007936,5.5e-05,0.0069039313,0.0068294344,-0.010791,0.016837445418520478,0.055464141780320476,0.06613526710415722,convergence,False,False
516889__916561,516889,916561,2024-04-08,2024-04-12,4,10.38796203,10.206562647116998,10.300019047472295,10.09600404218221,-0.0198072454380705,0.017462461102488502,-0.0023447843355819988,0.015117676766906504,0.007936,0.00011,0.0065882659,0.0064817215,-0.016172,-0.002454373376677889,0.015008087725810613,0.031120172905519196,convergence,False,False
516889__916561,516889,916561,2024-05-10,2024-05-15,5,11.186269427883,10.88299062,10.797106766314087,11.048434854727368,0.023277355114927647,0.027111702416807933,0.05038905753173558,0.07750075994854351,0.007936,0.000137,0.0064016384,0.0064354206,0.005277,0.050252071230365715,0.07736377364717364,0.07199216510522953,convergence,False,False
516889__916561,516889,916561,2024-07-26,2024-07-30,4,11.146354107882999,11.073393852116999,11.00881552505992,11.343433466198677,0.030395453568737723,0.006545661034974753,0.03694111460371247,0.043486775638687226,0.007936,0.00011,0.0064924525,0.006667333,0.026936,0.03683152556261658,0.043377186597591336,0.01635047709953149,convergence,False,False
516889__916561,516889,916561,2024-08-05,2024-08-06,1,9.779253599576599,10.17148755,0.0,0.0,0.0,-0.040108781966793815,-0.040108781966793815,-0.08021756393358763,0.007936,0.0,0.0,0.0,0.0,-0.040108781966793815,-0.08021756393358763,-0.08021756393358763,overnight_abort,True,False
516889__916561,516889,916561,2024-10-23,2024-10-25,2,12.313877217883,11.333944272116998,11.814622245895295,11.538391552676318,-0.023380408401542162,0.07957956120781202,0.05619915280626986,0.1357787140140819,0.007936,5.5e-05,0.0065863132,0.0065235828,-0.009524,0.05614435828572192,0.13572391949353396,0.145115037765047,convergence,False,False
516889__916561,516889,916561,2024-11-13,2024-11-15,2,12.54338931,11.940224054999998,11.960533936034613,11.749192622459953,-0.01766988954714913,0.04808630586943029,0.03041641632228116,0.07850272219171145,0.007936,5.5e-05,0.0063995904,0.0064657955,0.010345,0.030361621801733213,0.0784479276711635,0.06838957318167473,convergence,False,False
516889__916561,516889,916561,2024-12-18,2024-12-23,5,11.13637428,10.101339359999999,10.288936578973715,10.353267239733558,0.006252411050069864,0.09294182235405266,0.09919423340412252,0.19213605575817516,0.007936,0.000137,0.0063512226,0.0063615251,0.001622,0.09905724710275265,0.1919990694568053,0.1903694420794263,convergence,False,False
516889__916561,516889,916561,2025-04-09,2025-04-16,7,10.028725147883,10.113365766116999,10.142999506839127,10.137067577076294,-0.0005848299370253035,-0.00843981832046384,-0.009024648257489143,-0.017464466577952982,0.007936,0.000192,0.0069225706,0.0070209928,0.014218,-0.009216429079406951,-0.01765624739987079,-0.031666322976500294,convergence,False,False
516889__916561,516889,916561,2025-08-26,2025-08-27,1,10.30813139,11.719758315,0.0,0.0,0.0,-0.13694304734701293,-0.13694304734701293,-0.27388609469402586,0.007936,0.0,0.0,0.0,0.0,-0.13694304734701293,-0.27388609469402586,-0.27388609469402586,overnight_abort,True,False
516889__916561,516889,916561,2025-10-17,2025-10-22,5,12.323856047883,12.023400768117,12.23155405381884,12.124445706075463,-0.008756724392673299,0.024379973167376657,0.015623248774703358,0.04000322194208002,0.007936,0.000137,0.0066334992,0.0065535094,-0.012058,0.015486262473333495,0.03986623564071015,0.05196499777373995,convergence,False,False
516889__916561,516889,916561,2025-10-23,2025-10-28,5,12.603263287883,11.701721211117,12.307687519096453,12.01203335410051,-0.02402191025220698,0.07153243221005764,0.04751052195785066,0.1190429541679083,0.007936,0.000137,0.0065415059,0.0065475021,0.000917,0.047373535656480795,0.11890596786653844,0.11801216749314936,convergence,False,False
516892__930449,516892,930449,2021-06-21,2021-06-22,1,3.2158346306330965,3.4581988466654967,0.0,0.0,0.0,-0.07536588284848662,-0.07536588284848662,-0.15073176569697325,0.029928,0.0,0.0,0.0,0.0,-0.07536588284848662,-0.15073176569697325,-0.15073176569697325,overnight_abort,True,False
516892__930449,516892,930449,2021-07-01,2021-07-09,8,3.3809186133333298,3.2774985693668968,16.65893751252692,16.310440892789565,-0.02091949858598707,0.030589332602853955,0.009669834016866885,0.04025916661972084,0.029928,0.000219,0.0090045473,0.0090608427,0.006252,0.009450655934675103,0.04003998853752906,0.03395691985570522,convergence,False,False
516892__930449,516892,930449,2021-08-30,2021-09-07,8,5.272780628501161,5.939202389340327,25.646466688188102,29.017880905569665,0.13145725913715525,-0.1263890549963203,0.005068204140834948,-0.12132085085548536,0.029928,0.000219,0.0090880166,0.0090707062,-0.001905,0.004849026058643167,-0.12154002893767714,-0.11938077283272618,convergence,False,False
516892__930449,516892,930449,2022-01-31,2022-02-01,1,5.289290340839162,5.464743072326328,0.0,0.0,0.0,-0.03317131792378232,-0.03317131792378232,-0.06634263584756464,0.029928,0.0,0.0,0.0,0.0,-0.03317131792378232,-0.06634263584756464,-0.06634263584756464,overnight_abort,True,False
516892__930449,516892,930449,2022-02-25,2022-03-01,4,5.985944469172494,6.37665188217016,30.104394812789586,31.45353431567672,0.044815367034515635,-0.06527080480111407,-0.02045543776659843,-0.0857262425677125,0.029928,0.00011,0.0086952734,0.0086568844,-0.004415,-0.02056502680769432,-0.08583583160880838,-0.08120259229639619,convergence,False,False
516892__930449,516892,930449,2022-03-09,2022-03-10,1,6.461387139675994,6.750165923668993,0.0,0.0,0.0,-0.04469300132470935,-0.04469300132470935,-0.0893860026494187,0.029928,0.0,0.0,0.0,0.0,-0.04469300132470935,-0.0893860026494187,-0.0893860026494187,overnight_abort,True,False
516892__930449,516892,930449,2022-05-26,2022-05-27,1,5.711904837337994,6.063710659160828,0.0,0.0,0.0,-0.06159168120643811,-0.06159168120643811,-0.12318336241287622,0.029928,0.0,0.0,0.0,0.0,-0.06159168120643811,-0.12318336241287622,-0.12318336241287622,overnight_abort,True,False
516892__930449,516892,930449,2022-07-21,2022-08-01,11,5.137411816834494,5.461374719004661,25.814347972782333,26.75980891142367,0.0366254045865576,-0.06305955483432166,-0.026434150247764056,-0.0894937050820857,0.029928,0.000301,0.007349428,0.0075089163,0.021701,-0.026735520110777754,-0.0897950749450994,-0.11181284913633956,convergence,False,False
516892__930449,516892,930449,2023-01-20,2023-01-26,6,4.9327070337986,4.7991461591007,24.52978877372131,23.472389712555355,-0.04310673324259296,0.027076587720038764,-0.016030145522554197,0.011046442197484567,0.029928,0.000164,0.0076525726,0.0077003036,0.006237,-0.016194529084198033,0.01088205863584073,0.004950672694694539,convergence,False,False
516892__930449,516892,930449,2023-02-27,2023-03-13,14,5.3784344012014,5.12319463655035,26.874958939946254,25.08096306740421,-0.06675343677922778,0.047456145341111866,-0.019297291438115913,0.028158853902995953,0.029928,0.000384,0.0073410654,0.0074501764,0.014863,-0.01968085308195153,0.027775292259160336,0.014107499673795222,convergence,False,False
516892__930449,516892,930449,2023-03-16,2023-03-28,12,5.05146909680105,5.0373873331007,25.400800386868184,24.6125441718032,-0.031032731373004267,0.002787657101429692,-0.028245074271574574,-0.025457417170144884,0.029928,0.000329,0.0075863894,0.0075267193,-0.007865,-0.028573841394862246,-0.025786184293432556,-0.018104434581350234,convergence,False,False
516892__930449,516892,930449,2023-07-31,2023-08-31,31,4.9327070337986,5.36042691974825,24.404515302121172,26.419766534828256,0.08257698248700408,-0.0867109850674164,-0.004134002580412313,-0.09084498764782871,0.029928,0.000849,0.0069766626,0.0068378406,-0.019898,-0.004983317648905464,-0.09169430271632185,-0.06971579946446034,convergence,False,False
516892__930449,516892,930449,2024-07-08,2024-07-24,16,6.071786653100699,6.11754929474825,29.548559912326898,29.717426328187003,0.005714878029966471,-0.007536931757011125,-0.0018220537270446542,-0.009358985484055778,0.029928,0.000438,0.0061986673,0.006495826,0.047939,-0.0022604098914282156,-0.00979734164843934,-0.055804874135615454,convergence,False,False
516892__930449,516892,930449,2024-08-05,2024-08-06,1,5.9490628732493,6.2790685328489495,0.0,0.0,0.0,-0.05547187290347205,-0.05547187290347205,-0.1109437458069441,0.029928,0.0,0.0,0.0,0.0,-0.05547187290347205,-0.1109437458069441,-0.1109437458069441,overnight_abort,True,False
516892__930449,516892,930449,2024-08-26,2024-08-28,2,7.181150375,7.08666593474825,35.05779820421313,34.88769166793472,-0.004852173981022226,0.013157284740991,0.008305110759968773,0.021462395500959772,0.029928,5.5e-05,0.0069456498,0.0068972648,-0.006966,0.008250316239420828,0.021407600980411827,0.028388662163089558,convergence,False,False
516892__930449,516892,930449,2024-10-02,2024-10-10,8,7.4783016231007,6.713151422151051,37.05578502902752,32.46092001162007,-0.12399858790761223,0.10231603905706037,-0.02168254885055186,0.0806334902065085,0.029928,0.000219,0.006805962,0.0067048841,-0.014851,-0.021901726932743643,0.08041431212431673,0.09362026495075447,convergence,False,False
516892__930449,516892,930449,2025-04-07,2025-04-08,1,5.9331157668992995,6.1478338868993,0.0,0.0,0.0,-0.03618977421575143,-0.03618977421575143,-0.07237954843150286,0.029928,0.0,0.0,0.0,0.0,-0.03618977421575143,-0.07237954843150286,-0.07237954843150286,overnight_abort,True,False
516892__930449,516892,930449,2025-04-09,2025-04-10,1,6.29950370490175,6.329543559748251,0.0,0.0,0.0,-0.004768606584535558,-0.004768606584535558,-0.009537213169071116,0.029928,0.0,0.0,0.0,0.0,-0.004768606584535558,-0.009537213169071116,-0.009537213169071116,overnight_abort,True,False
516892__930449,516892,930449,2025-04-17,2025-04-30,13,6.438272749999999,6.5920119431007,32.04648868667527,31.661467370003905,-0.012014461878672295,-0.023878950002654147,-0.03589341188132644,-0.05977236188398059,0.029928,0.000356,0.0070984916,0.006875924,-0.031354,-0.03624957626488809,-0.06012852626754224,-0.028148305128627468,convergence,False,False
516892__930449,516892,930449,2025-07-30,2025-08-01,2,7.28911555365105,7.23809000594965,35.14850821731016,34.96432160501889,-0.005240239817647827,0.0070002385510052265,0.0017599987333573996,0.008760237284362626,0.029928,5.5e-05,0.0066332787,0.0067987894,0.024952,0.0017052042128094544,0.00870544276381468,-0.015511130886725535,convergence,False,False
516895__916116,516895,916116,2021-01-26,2021-02-03,8,18.660829581439202,19.0320805298598,18.73066981231639,18.738637424823153,0.00042537787418179434,-0.01989466474683739,-0.019469286872655596,-0.039363951619492986,0.017493,0.000219,0.0096056866,0.009474182,-0.01369,-0.019688464954847378,-0.03958312970168477,-0.02569691354632765,convergence,False,False
516895__916116,516895,916116,2021-10-26,2021-10-27,1,14.623687953439202,15.2465620175794,0.0,0.0,0.0,-0.04259350077240336,-0.04259350077240336,-0.08518700154480673,0.017493,0.0,0.0,0.0,0.0,-0.04259350077240336,-0.08518700154480673,-0.08518700154480673,overnight_abort,True,False
516895__916116,516895,916116,2022-03-09,2022-03-10,1,13.317788495579403,13.530619064140199,0.0,0.0,0.0,-0.015980924207607022,-0.015980924207607022,-0.031961848415214045,0.017493,0.0,0.0,0.0,0.0,-0.015980924207607022,-0.031961848415214045,-0.031961848415214045,overnight_abort,True,False
516895__916116,516895,916116,2023-05-10,2023-05-16,6,13.7597245157196,14.044998804420603,13.850128496161767,13.887742026500929,0.0027157531678919126,-0.020732558153696644,-0.01801680498580473,-0.03874936313950138,0.017493,0.000164,0.0074319052,0.0072629553,-0.022733,-0.018181188547448567,-0.03891374670114521,-0.015588706241906922,convergence,False,False
516895__916116,516895,916116,2023-05-26,2023-05-31,5,14.4246178534392,14.193691350878401,14.464799958529559,14.278950769667384,-0.012848376015914686,0.016009193789888836,0.00316081777397415,0.019170011563862985,0.017493,0.000137,0.00715282,0.0072048705,0.007277,0.003023831472604287,0.019033025262493123,0.011901497276780653,convergence,False,False
516895__916116,516895,916116,2023-11-20,2023-11-28,8,14.583877516701,14.241912517579399,14.36454136860143,14.041187358337918,-0.02251056974017359,0.023448153533241957,0.0009375837930683667,0.024385737326310324,0.017493,0.000219,0.0067385445,0.0067914021,0.007844,0.0007184057108765859,0.024166559244118542,0.016558742102956724,convergence,False,False
516895__916116,516895,916116,2023-12-12,2023-12-15,3,14.3011955858598,13.864764282260802,14.41301016179823,13.843302761250555,-0.03952730166372096,0.03051712012319554,-0.009010181540525422,0.021506938582670117,0.017493,8.2e-05,0.0069986353,0.0070047632,0.000876,-0.00909237332134734,0.0214247468018482,0.02058450702784207,convergence,False,False
516895__916116,516895,916116,2024-01-26,2024-01-29,1,15.6031156324206,16.2110231264206,0.0,0.0,0.0,-0.03896064788091883,-0.03896064788091883,-0.07792129576183766,0.017493,0.0,0.0,0.0,0.0,-0.03896064788091883,-0.07792129576183766,-0.07792129576183766,overnight_abort,True,False
516895__916116,516895,916116,2024-02-14,2024-02-15,1,17.836682552560802,18.821106546018598,0.0,0.0,0.0,-0.05519098019247208,-0.05519098019247208,-0.11038196038494416,0.017493,0.0,0.0,0.0,0.0,-0.05519098019247208,-0.11038196038494416,-0.11038196038494416,overnight_abort,True,False
516895__916116,516895,916116,2024-07-26,2024-07-30,4,18.284590277560802,17.3161375764206,18.12296477654115,17.73548523792303,-0.021380582227897044,0.052965512841089184,0.03158493061319214,0.08455044345428132,0.017493,0.00011,0.0064924525,0.006667333,0.026936,0.03147534157209625,0.08444085441318544,0.058772202031536804,convergence,False,False
516895__916116,516895,916116,2024-08-05,2024-08-06,1,13.4213089289814,14.3343386641402,0.0,0.0,0.0,-0.06802836742601477,-0.06802836742601477,-0.13605673485202954,0.017493,0.0,0.0,0.0,0.0,-0.06802836742601477,-0.13605673485202954,-0.13605673485202954,overnight_abort,True,False
516895__916116,516895,916116,2024-09-26,2024-10-01,5,17.912329986841204,17.3643647710186,17.865362604758197,16.305433958359963,-0.08731581221770265,0.030591509659834943,-0.056724302557867715,-0.026132792898032768,0.017493,0.000137,0.0070325956,0.0068275697,-0.029154,-0.05686128885923758,-0.02626977919940263,0.0011373224836214607,convergence,False,False
516895__916116,516895,916116,2025-03-25,2025-03-28,3,19.986640030701,18.987869522103,19.744585294001084,18.32950191675846,-0.07166944031346978,0.049971906586790585,-0.021697533726679194,0.02827437286011139,0.017493,8.2e-05,0.0066398858,0.0066684445,0.004301,-0.02177972550750111,0.028192181079289474,0.02421645421301366,convergence,False,False
516895__916116,516895,916116,2025-04-07,2025-04-08,1,16.1843941532475,16.315513907897,0.0,0.0,0.0,-0.008101616495986673,-0.008101616495986673,-0.016203232991973345,0.017493,0.0,0.0,0.0,0.0,-0.008101616495986673,-0.016203232991973345,-0.016203232991973345,overnight_abort,True,False
516895__916116,516895,916116,2025-04-09,2025-04-10,1,17.219567631402,17.4206193160515,0.0,0.0,0.0,-0.011675768460228752,-0.011675768460228752,-0.023351536920457504,0.017493,0.0,0.0,0.0,0.0,-0.011675768460228752,-0.023351536920457504,-0.023351536920457504,overnight_abort,True,False
516895__916116,516895,916116,2025-10-02,2025-10-07,5,24.226828183948502,25.9701966075465,24.248680586715643,25.920807543435796,0.06895744082819119,-0.07196024218940344,-0.003002801361212254,-0.0749630435506157,0.017493,0.000137,0.0067817296,0.0065494318,-0.034253,-0.003139787662582117,-0.07510002985198556,-0.03718583066939095,convergence,False,False
517131__912003,517131,912003,2021-01-06,2021-01-13,7,88.41267393371,94.63498812,88.56307002695524,93.95957305053102,0.060934010326576124,-0.07037807940245501,-0.009444069075878886,-0.0798221484783339,0.017978,0.000192,0.0096325185,0.0096334473,9.6e-05,-0.009635849897796695,-0.08001392930025171,-0.08011621828135107,convergence,False,False
517131__912003,517131,912003,2021-01-27,2021-02-03,7,94.042902711548,91.971060451548,91.48902467480144,90.04647470917931,-0.015767464684968407,0.022030819979630266,0.006263355294661859,0.028294175274292125,0.017978,0.000192,0.0095946261,0.009474182,-0.012553,0.006071574472744051,0.028102394452374318,0.0406148205284976,convergence,False,False
517131__912003,517131,912003,2021-06-21,2021-06-23,2,78.664199349484,77.51544538525799,79.09750427142933,77.18557550592264,-0.02417179635587177,0.014603262649663497,-0.009568533706208271,0.005034728943455226,0.017978,5.5e-05,0.0090370973,0.0090191657,-0.001984,-0.009623328226756217,0.0049799344229072805,0.006920043031452432,convergence,False,False
517131__912003,517131,912003,2021-07-09,2021-07-12,1,83.14053834948399,85.70829205371,0.0,0.0,0.0,-0.03088449696383213,-0.03088449696383213,-0.06176899392766426,0.017978,0.0,0.0,0.0,0.0,-0.03088449696383213,-0.06176899392766426,-0.06176899392766426,overnight_abort,True,False
517131__912003,517131,912003,2021-09-27,2021-09-28,1,103.27908815,102.033687,0.0,0.0,0.0,0.012058599396145097,0.012058599396145097,0.024117198792290195,0.017978,0.0,0.0,0.0,0.0,0.012058599396145097,0.024117198792290195,0.024117198792290195,overnight_abort,True,False
517131__912003,517131,912003,2021-10-28,2021-10-29,1,95.76381731370999,96.484658818968,0.0,0.0,0.0,-0.007527284578648568,-0.007527284578648568,-0.015054569157297136,0.017978,0.0,0.0,0.0,0.0,-0.007527284578648568,-0.015054569157297136,-0.015054569157297136,overnight_abort,True,False
517131__912003,517131,912003,2022-10-26,2022-10-31,5,49.24470768371,46.834967204226,48.915458166254346,46.31497014661603,-0.05316290835505936,0.04893399905958088,-0.004228909295478478,0.0447050897641024,0.017978,0.000137,0.0068359704,0.0067433157,-0.013554,-0.0043658955968483406,0.04456810346273254,0.05757786165561003,convergence,False,False
517131__912003,517131,912003,2023-01-30,2023-01-31,1,57.595555831548,57.94307112,0.0,0.0,0.0,-0.00603371707130309,-0.00603371707130309,-0.01206743414260618,0.017978,0.0,0.0,0.0,0.0,-0.00603371707130309,-0.01206743414260618,-0.01206743414260618,overnight_abort,True,False
517131__912003,517131,912003,2023-04-26,2023-05-02,6,58.779301795773996,59.199643619999996,58.23595067586507,59.60873256195051,0.02357275652158913,-0.007151187771614887,0.016421568749974243,0.009270380978359355,0.017978,0.000164,0.007465193,0.0074021979,-0.008439,0.016257185188330407,0.009105997416715519,0.01781693287473037,convergence,False,False
517131__912003,517131,912003,2024-05-08,2024-05-09,1,38.456729698968005,39.195015451548,0.0,0.0,0.0,-0.019197829830023477,-0.019197829830023477,-0.03839565966004695,0.017978,0.0,0.0,0.0,0.0,-0.019197829830023477,-0.03839565966004695,-0.03839565966004695,overnight_abort,True,False
517131__912003,517131,912003,2024-08-05,2024-08-06,1,32.667324295773994,36.088756168452,0.0,0.0,0.0,-0.10473560190298842,-0.10473560190298842,-0.20947120380597684,0.017978,0.0,0.0,0.0,0.0,-0.10473560190298842,-0.20947120380597684,-0.20947120380597684,overnight_abort,True,False
517131__912003,517131,912003,2024-08-14,2024-08-16,2,37.949401331548,37.094014168452,36.032920839868204,36.73951943792213,0.01960980629891415,0.022540201770848655,0.04215000806976281,0.06469020984061147,0.017978,5.5e-05,0.006698821,0.0068215146,0.018316,0.04209521354921487,0.06463541532006352,0.04629643855819947,convergence,False,False
517131__912003,517131,912003,2025-04-07,2025-04-08,1,25.99261343371,26.23090570089,0.0,0.0,0.0,-0.009167691728564464,-0.009167691728564464,-0.01833538345712893,0.017978,0.0,0.0,0.0,0.0,-0.009167691728564464,-0.01833538345712893,-0.01833538345712893,overnight_abort,True,False
517131__912003,517131,912003,2025-04-09,2025-04-10,1,27.793094464226,27.513907438968,0.0,0.0,0.0,0.0100451939821727,0.0100451939821727,0.0200903879643454,0.017978,0.0,0.0,0.0,0.0,0.0100451939821727,0.0200903879643454,0.0200903879643454,overnight_abort,True,False
517131__912003,517131,912003,2025-10-03,2025-10-06,1,28.72815393371,29.4037965,0.0,0.0,0.0,-0.02351848182967266,-0.02351848182967266,-0.04703696365934532,0.017978,0.0,0.0,0.0,0.0,-0.02351848182967266,-0.04703696365934532,-0.04703696365934532,overnight_abort,True,False
518085__912002,518085,912002,2021-03-03,2021-03-08,5,10.43758275,10.527210198444502,10.413806278477352,10.466891753489872,0.005097605389705907,-0.008586992849901115,-0.0034893874601952075,-0.012076380310096321,0.025194,0.000137,0.0092614022,0.0092187131,-0.004609,-0.0036263737615650706,-0.012213366611466185,-0.00755906055802776,convergence,False,False
518085__912002,518085,912002,2022-05-10,2022-05-16,6,8.429590242377799,7.946961248216651,8.054768400662619,7.753031014060783,-0.03746071539152061,0.05725414643938959,0.01979343104786898,0.07704757748725857,0.025194,0.000164,0.0076937867,0.0077276767,0.004405,0.019629047486225144,0.07688319392561474,0.07266194378514486,convergence,False,False
518085__912002,518085,912002,2023-06-13,2023-06-26,13,9.1353696473778,8.4750826136889,9.003429785247572,8.439058371677797,-0.06268404675010818,0.07227808607377244,0.00959403932366426,0.0818721253974367,0.025194,0.000356,0.007138013,0.0069408294,-0.027624,0.009237874940102617,0.08151596101387505,0.1081443829715227,convergence,False,False
518085__912002,518085,912002,2023-07-31,2023-08-02,2,9.14531050059445,8.47005279059445,8.891212757500268,8.633562878851912,-0.02897803546889748,0.07383649904025766,0.04485846357136018,0.11869496261161784,0.025194,5.5e-05,0.0069766626,0.0070148364,0.005472,0.04480366905081224,0.11864016809106989,0.1133559966356075,convergence,False,False
518085__912002,518085,912002,2024-10-07,2024-11-20,44,11.928666,9.76772119559445,11.212746125988343,10.484030653681677,-0.06498991987499705,0.18115561324338775,0.1161656933683907,0.29732130661177847,0.025194,0.001205,0.0066979232,0.0064710256,-0.033876,0.1149602139163359,0.2961158271597237,0.32890066781252064,convergence,False,False
518085__912002,518085,912002,2024-12-19,2025-01-10,22,12.127477099999998,10.290812235,11.343061874546521,10.544649721424365,-0.07038771029837788,0.15144657457238142,0.08105886427400354,0.23250543884638497,0.025194,0.000603,0.0063932487,0.0063299152,-0.009906,0.08045612454797614,0.23190269912035757,0.24120386636977292,convergence,False,False
518085__912002,518085,912002,2025-05-19,2025-05-29,10,11.381935474999999,9.616829922972249,10.38002259385736,9.374260170818133,-0.09689404950182023,0.1550795605813035,0.058185511079483276,0.2132650716607868,0.025194,0.000274,0.0069437211,0.0069415521,-0.000312,0.05791153847674355,0.21299109905804706,0.21327328908967277,convergence,False,False
519310__930378,519310,930378,2021-06-21,2021-06-22,1,13.608716377499999,13.6761998883895,0.0,0.0,0.0,-0.004958844685827583,-0.004958844685827583,-0.009917689371655165,0.01227,0.0,0.0,0.0,0.0,-0.004958844685827583,-0.009917689371655165,-0.009917689371655165,overnight_abort,True,False
519310__930378,519310,930378,2022-03-09,2022-03-10,1,9.846511939322099,10.00379361601685,0.0,0.0,0.0,-0.015973339357528822,-0.015973339357528822,-0.031946678715057644,0.01227,0.0,0.0,0.0,0.0,-0.015973339357528822,-0.031946678715057644,-0.031946678715057644,overnight_abort,True,False
519310__930378,519310,930378,2022-07-07,2022-07-11,4,11.2318013316105,10.27470848,5.545879310227277,5.198473705014121,-0.06264211422208521,0.0852127653751213,0.022570651153036095,0.1077834165281574,0.01227,0.00011,0.007347808,0.0073059361,-0.005699,0.022461062111940204,0.10767382748706152,0.11304602827287237,convergence,False,False
519310__930378,519310,930378,2023-02-15,2023-02-21,6,11.7301065816105,12.241351899999998,5.8362793132277195,6.081171409353714,0.041960311181638475,-0.0435840301051473,-0.0016237189235088281,-0.04520774902865613,0.01227,0.000164,0.0074657503,0.0074120743,-0.00719,-0.0017881024851526637,-0.045372132590299964,-0.03782657119961261,convergence,False,False
519310__930378,519310,930378,2023-09-20,2023-09-21,1,11.211868124999999,10.987115024999998,0.0,0.0,0.0,0.02004599924778378,0.02004599924778378,0.04009199849556756,0.01227,0.0,0.0,0.0,0.0,0.02004599924778378,0.04009199849556756,0.04009199849556756,overnight_abort,True,False
519310__930378,519310,930378,2023-10-31,2023-11-06,6,9.7069860706779,10.2596586408895,4.885689549936267,5.09354841432983,0.04254442740764695,-0.05693554788144487,-0.014391120473797925,-0.07132666835524279,0.01227,0.000164,0.0066244903,0.0066504834,0.003924,-0.014555504035441761,-0.07149105191688662,-0.07556578753024826,convergence,False,False
519310__930378,519310,930378,2024-08-05,2024-08-07,2,9.547528589999999,9.8833869763558,4.634202302009915,4.956310856557817,0.06950679611207286,-0.035177520883003785,0.034329275229069076,-0.0008482456539347094,0.01227,5.5e-05,0.0069288065,0.0067895572,-0.020097,0.034274480708521134,-0.0009030401744826546,0.021031832500844217,convergence,False,False
519310__930378,519310,930378,2025-04-07,2025-04-08,1,12.053505692249999,12.5624375433895,0.0,0.0,0.0,-0.0422227245859872,-0.0422227245859872,-0.0844454491719744,0.01227,0.0,0.0,0.0,0.0,-0.0422227245859872,-0.0844454491719744,-0.0844454491719744,overnight_abort,True,False
519310__930378,519310,930378,2025-04-09,2025-04-10,1,12.61708893,12.2112512183895,0.0,0.0,0.0,0.03216571697814769,0.03216571697814769,0.06433143395629538,0.01227,0.0,0.0,0.0,0.0,0.03216571697814769,0.06433143395629538,0.06433143395629538,overnight_abort,True,False
519310__930378,519310,930378,2025-10-02,2025-10-10,8,12.8861747616105,12.452063695,6.392327908299792,6.088148201908487,-0.04758512247101066,0.033688125036435965,-0.013896997434574697,0.019791127601861268,0.01227,0.000219,0.0067817296,0.0065856626,-0.028911,-0.014116175516766478,0.019571949519669486,0.0479270504615968,convergence,False,False
519310__930378,519310,930378,2025-12-02,2025-12-03,1,13.03566534,12.8484035508895,0.0,0.0,0.0,0.01436534186988411,0.01436534186988411,0.02873068373976822,0.01227,0.0,0.0,0.0,0.0,0.01436534186988411,0.02873068373976822,0.02873068373976822,overnight_abort,True,False
519337__930707,519337,930707,2024-08-05,2024-08-16,11,59.3449640340815,67.2514524327555,59.459436409509436,65.12217305054976,0.09523697133689406,-0.13322930643505565,-0.03799233509816159,-0.17122164153321723,0.122965,0.000301,0.0069288065,0.0068215146,-0.015485,-0.03829370496117529,-0.17152301139623094,-0.15429662363698166,convergence,False,False
519337__930707,519337,930707,2024-09-06,2024-09-11,5,65.2643588154075,66.6390175909185,61.52701905389304,65.19948756608312,0.05968871186451066,-0.021062932364034302,0.03862577950047636,0.01756284713644206,0.122965,0.000137,0.0069839718,0.0070514398,0.00966,0.038488793199106495,0.017425860835072197,0.007286785690152983,convergence,False,False
519337__930707,519337,930707,2024-09-20,2024-09-26,6,65.3304369677555,71.26394590051099,65.10224830458222,66.87851763477434,0.02728430087209598,-0.0908230406553691,-0.06353873978327312,-0.1543617804386422,0.122965,0.000164,0.0069817776,0.0070325956,0.007279,-0.06370312334491696,-0.15452616400028604,-0.16194938816544616,convergence,False,False
519337__930707,519337,930707,2024-09-30,2024-10-04,4,67.2091648172445,68.8247604385705,66.0406934840383,64.71199117222025,-0.020119448202632655,-0.02403832313225629,-0.04415777133488895,-0.06819609446714524,0.122965,0.00011,0.006965243,0.0067483214,-0.031143,-0.04426736037598484,-0.06830568350824112,-0.03680788657391477,convergence,False,False
519337__930707,519337,930707,2025-03-24,2025-03-27,3,68.1437960614295,65.3666336865815,65.04538338827659,61.019414239234834,-0.06189477160906971,0.04075444186209525,-0.02114032974697446,0.01961411211512079,0.122965,8.2e-05,0.0066706686,0.0066740076,0.000501,-0.021222521527796377,0.019531920334298875,0.019062587132221254,convergence,False,False
519337__930707,519337,930707,2025-09-19,2025-09-24,5,75.90084831475001,65.783726773674,73.1777166076068,69.80536377648552,-0.04608442279231655,0.13329391918153194,0.08720949638921538,0.22050341557074732,0.122965,0.000137,0.0067695636,0.0066757902,-0.013852,0.08707251008784551,0.22036642926937747,0.23376587777027966,convergence,False,False
519337__930707,519337,930707,2025-09-30,2025-10-03,3,75.602048408163,75.60377199142951,72.40962811119836,71.29806134259609,-0.015351090698812278,-2.2798102734008533e-05,-0.015373888801546286,-0.015396686904280296,0.122965,8.2e-05,0.0067997139,0.0066509261,-0.021881,-0.015456080582368205,-0.015478878685102214,0.006548692029797527,convergence,False,False
51966V__317648,51966V,317648,2021-06-21,2021-06-22,1,12.2745297321185,12.4357306,0.0,0.0,0.0,-0.013132956732320934,-0.013132956732320934,-0.02626591346464187,0.00829,0.0,0.0,0.0,0.0,-0.013132956732320934,-0.02626591346464187,-0.02626591346464187,overnight_abort,True,False
51966V__317648,51966V,317648,2022-02-15,2022-02-17,2,10.40991714,10.51019812,20.985213460010858,20.896551499714434,-0.004224973001364835,-0.009633215966212855,-0.01385818896757769,-0.023491404933790545,0.00829,5.5e-05,0.0086606331,0.0086937622,0.003825,-0.013912983488125636,-0.02354619945433849,-0.02734077419517265,convergence,False,False
51966V__317648,51966V,317648,2022-03-09,2022-03-11,2,9.3130869894237,9.29671200644075,18.783479634338843,18.75394721574378,-0.0015722549373160149,0.0017582766059789825,0.00018602166866296763,0.0019442982746419501,0.00829,5.5e-05,0.0086106686,0.008460952,-0.017387,0.00013122714811502243,0.001889503754094005,0.0195566891176854,convergence,False,False
51966V__317648,51966V,317648,2022-09-28,2022-10-06,8,8.664959366152601,8.5545789944237,17.121480048216675,17.178720227634482,0.0033431794013490668,0.012738706214835029,0.016081885616184094,0.028820591831019125,0.00829,0.000219,0.0069220919,0.0068801812,-0.006055,0.015862707533992312,0.028601413748827343,0.03471328984141281,convergence,False,False
51966V__317648,51966V,317648,2023-04-27,2023-05-02,5,9.721905375,9.507316218847398,19.208116929044817,19.29286175016724,0.004411927594749299,0.02207274684080147,0.02648467443555077,0.04855742127635224,0.00829,0.000137,0.0073370263,0.0074021979,0.008883,0.026347688134180907,0.04842043497498238,0.03957723282546484,convergence,False,False
51966V__317648,51966V,317648,2023-07-31,2023-08-02,2,9.5025391055763,9.206452571152601,18.751350406353364,18.49343380272595,-0.013754561566937962,0.031158675711205314,0.017404114144267353,0.04856278985547267,0.00829,5.5e-05,0.0069766626,0.0070148364,0.005472,0.017349319623719408,0.048507995334924725,0.0431409797737839,convergence,False,False
51966V__317648,51966V,317648,2023-08-28,2023-08-31,3,9.223346125,9.396999554711849,18.542552083817913,18.62550749570143,0.004473786106062111,-0.018827595468976086,-0.014353809362913975,-0.03318140483189006,0.00829,8.2e-05,0.0068547143,0.0068378406,-0.002462,-0.014436001143735893,-0.03326359661271198,-0.030784862416331556,convergence,False,False
51966V__317648,51966V,317648,2024-01-31,2024-02-01,1,9.6870064269237,9.998728855864451,0.0,0.0,0.0,-0.03217943864209292,-0.03217943864209292,-0.06435887728418584,0.00829,0.0,0.0,0.0,0.0,-0.03217943864209292,-0.06435887728418584,-0.06435887728418584,overnight_abort,True,False
51966V__317648,51966V,317648,2024-04-30,2024-05-01,1,9.3629431138474,9.507316218847398,0.0,0.0,0.0,-0.015419628555307157,-0.015419628555307157,-0.030839257110614315,0.00829,0.0,0.0,0.0,0.0,-0.015419628555307157,-0.030839257110614315,-0.030839257110614315,overnight_abort,True,False
51966V__317648,51966V,317648,2024-07-31,2024-08-02,2,9.6496140843263,8.8253574005763,19.078068627700738,17.499272344198086,-0.08275451327448786,0.08541861638682799,0.0026641031123401243,0.08808271949916811,0.00829,5.5e-05,0.0066950084,0.0069350527,0.035854,0.002609308591792179,0.08802792497862016,0.05627913224209422,convergence,False,False
51966V__317648,51966V,317648,2024-08-05,2024-08-06,1,8.669746332647401,8.9657602088474,0.0,0.0,0.0,-0.03414331456103943,-0.03414331456103943,-0.06828662912207886,0.00829,0.0,0.0,0.0,0.0,-0.03414331456103943,-0.06828662912207886,-0.06828662912207886,overnight_abort,True,False
51966V__317648,51966V,317648,2025-03-12,2025-03-21,9,10.230436807118501,10.1040311125,20.26979318517237,20.080099582104804,-0.009358438013384911,0.012355845307655523,0.002997407294270612,0.015353252601926135,0.00829,0.000247,0.006764984,0.0066354795,-0.019143,0.0027508319518048585,0.015106677259460383,0.03444100572273053,convergence,False,False
51966V__317648,51966V,317648,2025-04-07,2025-04-10,3,10.3201774721185,10.2895651928815,20.053330958279897,21.223803064599675,0.05836796434242748,0.002966255117191834,0.06133421945961931,0.06430047457681115,0.00829,8.2e-05,0.0068355036,0.0069674273,0.0193,0.061252027678797394,0.06421828279598923,0.04417877440850734,convergence,False,False
51966V__317648,51966V,317648,2025-08-27,2025-08-29,2,12.28449992,12.265240745,24.600566412083072,24.74369752656501,0.005818204023612934,0.001567762230894311,0.007385966254507245,0.008953728485401557,0.00829,5.5e-05,0.006805962,0.0067414968,-0.009472,0.0073311717339593,0.008898933964853611,0.01851701635955597,convergence,False,False
51966V__317648,51966V,317648,2025-11-13,2025-11-20,7,12.46398125,12.104779705,24.787823422549906,24.65629579825619,-0.005306138504039222,0.028819166026906488,0.023513027522867266,0.05233219354977375,0.00829,0.000192,0.0064706073,0.0063940659,-0.011829,0.02332124670094946,0.052140412727855946,0.06404758758670545,convergence,False,False
53401V__932034,53401V,932034,2021-06-21,2021-06-24,1,86.335146,87.815994254148,0.0,0.0,0.0,-0.017152322347934647,-0.017152322347934647,-0.034304644695869295,0.016014,0.0,0.0,0.0,0.0,-0.017152322347934647,-0.034304644695869295,-0.034304644695869295,overnight_abort,True,False
53401V__932034,53401V,932034,2023-06-02,2023-06-05,1,63.828474498864,65.597501253494,0.0,0.0,0.0,-0.02771532248763817,-0.02771532248763817,-0.05543064497527634,0.016014,0.0,0.0,0.0,0.0,-0.02771532248763817,-0.05543064497527634,-0.05543064497527634,overnight_abort,True,False
53401V__932034,53401V,932034,2023-06-13,2023-06-20,7,69.34101525,71.542582,69.88523203362932,70.44684355199593,0.008036197377098956,-0.03174984880250939,-0.02371365142541043,-0.05546350022791982,0.016014,0.000192,0.007138013,0.0070479614,-0.012616,-0.02390543224732824,-0.05565528104983763,-0.04277563156257972,convergence,False,False
53401V__932034,53401V,932034,2023-10-25,2023-10-27,2,74.1787605,72.18747288,72.70181030259576,72.06569116826626,-0.008749701440471457,0.02684444450915292,0.018094743068681463,0.04493918757783438,0.016014,5.5e-05,0.0066491568,0.006706233,0.008584,0.018039948548133518,0.04488439305728644,0.036447942923412156,convergence,False,False
53401V__932034,53401V,932034,2023-10-31,2023-11-15,15,73.930671,79.95438547713599,73.52554691125565,78.82342805867302,0.07205497095875864,-0.0814778818541493,-0.009422910895390657,-0.09090079274953995,0.016014,0.000411,0.0066244903,0.006634599,0.001526,-0.009833869799500246,-0.09131175165364955,-0.09294517095825715,convergence,False,False
53401V__932034,53401V,932034,2024-02-14,2024-02-15,1,94.61835921835801,97.438978377074,0.0,0.0,0.0,-0.029810484794041154,-0.029810484794041154,-0.05962096958808231,0.016014,0.0,0.0,0.0,0.0,-0.029810484794041154,-0.05962096958808231,-0.05962096958808231,overnight_abort,True,False
53401V__932034,53401V,932034,2024-07-05,2024-07-09,4,89.24274799349399,84.65199938178999,87.08020407746099,83.1560792685532,-0.04506333960146833,0.051441139083241556,0.006377799481773229,0.057818938565014785,0.016014,0.00011,0.0062177451,0.0061848656,-0.005288,0.006268210440677338,0.057709349523918894,0.06278590930002366,convergence,False,False
53401V__932034,53401V,932034,2024-08-05,2024-08-07,2,68.78033099528399,72.8021345,69.45198185401244,72.85929318976217,0.04905995833080571,-0.058473162988874894,-0.009413204658069184,-0.06788636764694408,0.016014,5.5e-05,0.0069288065,0.0067895572,-0.020097,-0.00946799917861713,-0.06794116216749203,-0.0464256405285265,convergence,False,False
53401V__932034,53401V,932034,2025-04-07,2025-04-10,3,77.523002990568,79.815329873494,75.93597399562947,79.50415301784022,0.046989309999712715,-0.02956963474705555,0.017419675252657165,-0.012149959494398385,0.016014,8.2e-05,0.0068355036,0.0069674273,0.0193,0.01733748347183525,-0.012232151275220303,-0.03205621225043964,convergence,False,False
53401V__932034,53401V,932034,2025-04-25,2025-05-02,7,116.7509187,115.79821863999999,114.29019558313212,115.61917694492598,0.011628130960955383,0.008160107608643701,0.019788238569599083,0.027948346178242787,0.016014,0.000192,0.0070415097,0.0069528941,-0.012585,0.019596457747681276,0.02775656535632498,0.040649906246125835,convergence,False,False
53401V__932034,53401V,932034,2025-05-19,2025-05-21,2,125.13635372357999,123.58729129999999,122.66602800000115,124.35135868782014,0.013739180401430899,0.012378996011037683,0.02611817641246858,0.03849717242350627,0.016014,5.5e-05,0.0069199363,0.0069437211,0.003437,0.026063381891920635,0.038442377902958326,0.03496994816236703,convergence,False,False
53457R__930849,53457R,930849,2021-01-08,2021-01-12,1,26.876574875117498,28.544270905359,0.0,0.0,0.0,-0.062050169636215985,-0.062050169636215985,-0.12410033927243197,0.038532,0.0,0.0,0.0,0.0,-0.062050169636215985,-0.12410033927243197,-0.12410033927243197,overnight_abort,True,False
53457R__930849,53457R,930849,2021-01-26,2021-02-03,8,27.089539208335502,26.399033467859,54.18012222949899,51.47837436309325,-0.0498660349078124,0.025489755848782884,-0.024376279059029515,0.001113476789753369,0.038532,0.000219,0.0096056866,0.009474182,-0.01369,-0.024595457141221296,0.0008942987075615882,0.01408245437375668,convergence,False,False
53457R__930849,53457R,930849,2021-06-21,2021-06-23,2,19.205339335,19.736188463094003,38.59934736248341,38.42243744907766,-0.004583235870399496,-0.027640705474366513,-0.032223941344766006,-0.05986464681913252,0.038532,5.5e-05,0.0090370973,0.0090191657,-0.001984,-0.03227873586531395,-0.05991944133968046,-0.05794038741813369,convergence,False,False
53457R__930849,53457R,930849,2021-06-25,2021-07-02,7,20.700952907140998,19.987551738405998,41.9832378491305,38.87083731757489,-0.07413436149780114,0.03446223813633746,-0.03967212336146368,-0.005209885225126221,0.038532,0.000192,0.009038731,0.0090403644,0.000181,-0.03986390418338149,-0.005401666047044029,-0.005568950115143017,convergence,False,False
53457R__930849,53457R,930849,2021-10-22,2021-10-26,4,17.4422921554765,18.81751804,35.34964505501517,37.17434915985532,0.05161873908494216,-0.0788443326292816,-0.02722559354433944,-0.10606992617362104,0.038532,0.00011,0.0087939146,0.0087854162,-0.000966,-0.02733518258543533,-0.10617951521471693,-0.10516225245916998,convergence,False,False
53457R__930849,53457R,930849,2022-01-24,2022-01-26,2,16.4320021635705,16.2836191026175,33.07433162291762,31.69956772735218,-0.04156588593351495,0.009030126668432479,-0.03253575926508247,-0.023505632596649992,0.038532,5.5e-05,0.0087815587,0.0086681395,-0.012916,-0.03259055378563041,-0.023560427117197937,-0.011019693264203323,convergence,False,False
53457R__930849,53457R,930849,2022-02-03,2022-02-07,4,16.887628286906,17.737335971188003,33.56606140850488,34.639727218353116,0.03198664856092392,-0.05031539478760507,-0.018328746226681153,-0.06864414101428623,0.038532,0.00011,0.0086794254,0.0086542615,-0.002899,-0.018438335267777044,-0.06875373005538211,-0.06575303394448671,convergence,False,False
53457R__930849,53457R,930849,2022-07-27,2022-07-28,1,13.668576690476499,13.931425309523501,0.0,0.0,0.0,-0.019230138221351188,-0.019230138221351188,-0.038460276442702376,0.038532,0.0,0.0,0.0,0.0,-0.019230138221351188,-0.038460276442702376,-0.038460276442702376,overnight_abort,True,False
53457R__930849,53457R,930849,2023-01-04,2023-01-12,8,12.4849562825,12.730091335,25.166926318340057,25.272295321338387,0.004186804604801654,-0.019634434190498613,-0.015447629585696959,-0.03508206377619557,0.038532,0.000219,0.0074959709,0.0078189133,0.043082,-0.01566680766788874,-0.03530124185838735,-0.07677688998041045,convergence,False,False
53457R__930849,53457R,930849,2023-02-02,2023-02-08,6,12.866289735,13.2550445645235,25.369602213310056,25.8900687587624,0.020515360906182556,-0.03021499107594123,-0.009699630169758673,-0.0399146212456999,0.038532,0.000164,0.0076228227,0.007600228,-0.002964,-0.00986401373140251,-0.040079004807343735,-0.03704511708383508,convergence,False,False
53457R__930849,53457R,930849,2023-06-27,2023-06-29,2,14.540196010476501,14.4059013545235,28.913683748104088,28.321492964124964,-0.0204813329611781,0.009236096669965038,-0.011245236291213063,-0.0020091396212480253,0.038532,5.5e-05,0.0069216123,0.006928326,0.00097,-0.011300030811761008,-0.0020639341417959707,-0.0030131092347258533,convergence,False,False
53457R__930849,53457R,930849,2023-07-21,2023-07-24,1,14.2133387654765,14.61790028,0.0,0.0,0.0,-0.02846351031231032,-0.02846351031231032,-0.05692702062462064,0.038532,0.0,0.0,0.0,0.0,-0.02846351031231032,-0.05692702062462064,-0.05692702062462064,overnight_abort,True,False
53457R__930849,53457R,930849,2023-07-28,2023-08-01,4,14.8571475,15.294281025,29.981110029943963,29.571268649354575,-0.01366998687440372,-0.029422439603564558,-0.04309242647796828,-0.07251486608153283,0.038532,0.00011,0.0070276538,0.0069771498,-0.007186,-0.04320201551906417,-0.07262445512262872,-0.06548491929341421,convergence,False,False
53457R__930849,53457R,930849,2023-10-24,2023-10-26,2,14.807623674999999,14.385709875,29.916553758895436,28.08978092192456,-0.06106227514349641,0.02849301206326063,-0.03256926308023578,-0.0040762510169751465,0.038532,5.5e-05,0.0066564601,0.0066838214,0.00411,-0.03262405760078372,-0.004131045537523092,-0.007974738424217597,convergence,False,False
53457R__930849,53457R,930849,2024-07-25,2024-07-26,1,20.1562037083355,20.604378673094,0.0,0.0,0.0,-0.02223508807728312,-0.02223508807728312,-0.04447017615456624,0.038532,0.0,0.0,0.0,0.0,-0.02223508807728312,-0.04447017615456624,-0.04447017615456624,overnight_abort,True,False
53457R__930849,53457R,930849,2024-08-05,2024-08-07,2,21.087238742141,21.048572041664503,42.95734583958317,39.6681186399761,-0.07656960958179593,0.0018336540383177492,-0.07473595554347817,-0.07290230150516043,0.038532,5.5e-05,0.0069288065,0.0067895572,-0.020097,-0.07479075006402612,-0.07295709602570838,-0.054018153223302626,convergence,False,False
53457R__930849,53457R,930849,2024-10-25,2024-10-28,1,23.3752523333355,25.813523971188,0.0,0.0,0.0,-0.10430996008437853,-0.10430996008437853,-0.20861992016875705,0.038532,0.0,0.0,0.0,0.0,-0.10430996008437853,-0.20861992016875705,-0.20861992016875705,overnight_abort,True,False
53457R__930849,53457R,930849,2025-01-30,2025-02-06,7,22.1470555304765,22.4719880623825,42.717495237167206,44.72573661216166,0.047012151902744166,-0.014671590607557823,0.032340561295186344,0.01766897068762852,0.038532,0.000192,0.006443091,0.0066041474,0.024997,0.03214878047326854,0.017477189865710712,-0.00805646311449222,convergence,False,False
53457R__930849,53457R,930849,2025-04-09,2025-04-10,1,22.7215338814295,22.774848140953,0.0,0.0,0.0,-0.0023464199116888878,-0.0023464199116888878,-0.0046928398233777755,0.038532,0.0,0.0,0.0,0.0,-0.0023464199116888878,-0.0046928398233777755,-0.0046928398233777755,overnight_abort,True,False
53457R__930849,53457R,930849,2025-04-17,2025-04-21,1,28.6049662723825,30.013129616906,0.0,0.0,0.0,-0.049227932349742015,-0.049227932349742015,-0.09845586469948403,0.038532,0.0,0.0,0.0,0.0,-0.049227932349742015,-0.09845586469948403,-0.09845586469948403,overnight_abort,True,False
53457R__930849,53457R,930849,2025-05-12,2025-05-14,2,26.6636263895235,25.4298999935705,52.34256436376181,50.304836505423246,-0.03893060806453988,0.046270015110838295,0.007339407046298416,0.05360942215713671,0.038532,5.5e-05,0.0067805804,0.0068648315,0.012425,0.00728461252575047,0.05355462763658877,0.04175955976829609,convergence,False,False
53562J__314054,53562J,314054,2021-01-06,2021-01-08,2,65.33415827508499,66.82474130008501,65.77213337142275,65.54090783012737,-0.0035155548321601543,-0.022814758226837838,-0.02633031305899799,-0.04914507128583583,0.020914,5.5e-05,0.7769099866,0.7700005328,-0.008894,-0.026385107579545937,-0.049199865806383775,-0.04025810155685933,convergence,False,False
53562J__314054,53562J,314054,2021-02-16,2021-02-19,3,67.364540199915,65.465075,66.41498964475258,65.11288443285723,-0.019605592334805563,0.028196810878216256,0.008591218543410693,0.03678802942162695,0.020914,8.2e-05,0.7751336505,0.7917658881,0.021457,0.008509026762588775,0.03670583764080503,0.016111173264535046,convergence,False,False
53562J__314054,53562J,314054,2021-08-17,2021-08-24,7,72.477685,72.96837672853499,72.18842949226342,72.5115137489262,0.004475568438532202,-0.006770245607803252,-0.0022946771692710505,-0.009064922777074304,0.020914,0.000192,0.7231967379,0.7275901153,0.006075,-0.0024864579911888585,-0.009256703598992113,-0.015321987016717298,convergence,False,False
53562J__314054,53562J,314054,2021-09-23,2021-09-27,4,74.661941021465,76.54378,73.93823481845448,75.73694653093277,0.024327220103303685,-0.025204795814161594,-0.0008775757108579092,-0.026082371525019504,0.020914,0.00011,0.7260580717,0.7236938899,-0.003256,-0.0009871647519537996,-0.026191960566115394,-0.022845662076090324,convergence,False,False
53562J__314054,53562J,314054,2021-12-30,2022-01-05,6,74.989581857155,74.57983177862,74.50456772531135,73.38794999466928,-0.014987238564471464,0.005464093389872693,-0.009523145174598771,-0.0040590517847260785,0.020914,0.000164,0.7261108443,0.7162555706,-0.013573,-0.009687528736242608,-0.004223435346369914,0.009329786101957402,convergence,False,False
53562J__314054,53562J,314054,2022-02-08,2022-02-09,1,69.89628204293001,72.625948057155,0.0,0.0,0.0,-0.039053093160927206,-0.039053093160927206,-0.07810618632185441,0.020914,0.0,0.0,0.0,0.0,-0.039053093160927206,-0.07810618632185441,-0.07810618632185441,overnight_abort,True,False
53562J__314054,53562J,314054,2022-02-16,2022-02-18,2,72.06069208569,70.39006295,71.07534337850215,69.33924809931386,-0.02442612580769325,0.02318363989209799,-0.0012424859155952574,0.021941153976502734,0.020914,5.5e-05,0.7185457668,0.7219693244,0.004765,-0.0012972804361432025,0.02188635945595479,0.017260216435088717,convergence,False,False
53562J__314054,53562J,314054,2022-08-18,2022-08-22,4,71.28627497138,68.33547380008501,69.69147287896958,68.04462172404122,-0.023630597645545207,0.04139367883200056,0.017763081186455355,0.05915676001845592,0.020914,0.00011,0.6874032867,0.6930969485,0.008283,0.017653492145359464,0.05904717097736003,0.05102647895021215,convergence,False,False
53562J__314054,53562J,314054,2023-01-06,2023-01-13,7,71.991185985775,74.93232595707,72.03942864987594,74.7349547929467,0.037417372591493935,-0.04085416750706332,-0.003436794915569384,-0.0442909624226327,0.020914,0.000192,0.691204567,0.6988121172,0.011006,-0.003628575737487192,-0.04448274324455051,-0.055776486650094846,convergence,False,False
53562J__314054,53562J,314054,2023-08-16,2023-08-18,2,65.34906584276,63.642127471464995,64.18612976947439,63.227215729541236,-0.01493958341743165,0.02612031785430815,0.0111807344368765,0.03730105229118465,0.020914,5.5e-05,0.6403892747,0.6412928053,0.001411,0.011125939916328554,0.037246257770636705,0.03585838592508448,convergence,False,False
53562J__314054,53562J,314054,2024-02-21,2024-02-28,7,75.91045155172499,76.00998986431,75.61918017911403,75.24617814382421,-0.004932637915490627,-0.0013112596559537815,-0.006243897571444408,-0.00755515722739819,0.020914,0.000192,0.6553939776,0.6498146339,-0.008513,-0.006435678393362216,-0.007746938049315998,0.0007967643053098052,convergence,False,False
53562J__314054,53562J,314054,2024-08-21,2024-08-27,6,93.48628917138,93.48413515724,92.13587912238515,92.62253385682406,0.005281924252250153,2.3040963108941597e-05,0.005304965215359095,0.005328006178468037,0.020914,0.000164,0.6705560257,0.6785643424,0.011943,0.00514058165371526,0.005163622616824202,-0.006700566995207779,convergence,False,False
53562J__314054,53562J,314054,2024-09-25,2024-09-30,5,93.952927314225,94.20927265706999,94.08291242476962,92.62034225827708,-0.015545545187730422,-0.0027284444473736217,-0.018273989635104043,-0.021002434082477664,0.020914,0.000137,0.6895600131,0.6883495395,-0.001755,-0.018410975936473905,-0.021139420383847526,-0.019408241586490755,convergence,False,False
53562J__314054,53562J,314054,2024-11-21,2024-11-25,4,104.2288681,104.67361915000001,102.41753871394646,103.24129717455894,0.008043138616260341,-0.004267062073180164,0.003776076543080178,-0.0004909855300999858,0.020914,0.00011,0.6501526591,0.6473958083,-0.00424,0.0036664875019842874,-0.0006005745711958762,0.003692045951674316,convergence,False,False
53562J__314054,53562J,314054,2025-01-28,2025-01-31,3,100.75689906344999,99.64409253962,100.4583863574421,97.12830296293014,-0.03314888398329586,0.011044469750197619,-0.022104414233098238,-0.011059944482900621,0.020914,8.2e-05,0.6231501399,0.6226842373,-0.000748,-0.022186606013920154,-0.011142136263722539,-0.01041872233771996,convergence,False,False
53562J__314054,53562J,314054,2025-02-20,2025-02-24,4,100.94255115,98.94291324292999,99.51049506028502,98.6105992962211,-0.009043224672118821,0.019809662865549738,0.010766438193430917,0.030576101058980655,0.020914,0.00011,0.6357884155,0.6344573803,-0.002094,0.010656849152335026,0.030466512017884764,0.03254545126675314,convergence,False,False
53562J__314054,53562J,314054,2025-04-09,2025-04-10,1,96.67331367862,93.756055928535,0.0,0.0,0.0,0.030176453450050426,0.030176453450050426,0.06035290690010085,0.020914,0.0,0.0,0.0,0.0,0.030176453450050426,0.06035290690010085,0.06035290690010085,overnight_abort,True,False
53562J__314054,53562J,314054,2025-05-12,2025-05-14,2,108.96473875,108.57131907155001,108.80601241679152,107.90457167766591,-0.008284843080845128,0.003610522844024049,-0.004674320236821078,-0.0010637973927970293,0.020914,5.5e-05,0.6471025562,0.6407175627,-0.009867,-0.004729114757369024,-0.0011185919133449745,0.008764225726453518,convergence,False,False
53562J__9057L5,53562J,9057L5,2021-05-05,2021-08-03,90,71.21862983204551,75.9178185713635,79.52023485948,75.5263074874949,-0.050225296480106645,-0.06598257717678731,-0.11620787365689395,-0.18219045083368127,0.02186,0.002466,0.7779982711,0.7380075979,-0.051402,-0.11867362708155148,-0.1846562042583388,-0.1331904335939594,force_close,False,False
53562J__9057L5,53562J,9057L5,2021-11-04,2021-11-17,13,79.7514012922725,73.101193693182,75.23430471374823,73.80250150360538,-0.01903125463298393,0.08338671786742483,0.0643554632344409,0.1477421811018657,0.02186,0.000356,0.7401925048,0.7276961671,-0.016883,0.06399929885087925,0.14738601671830406,0.1642316691615537,convergence,False,False
54045T__890954,54045T,890954,2021-01-29,2021-02-03,5,14.4547118155035,15.067447499999998,28.664371823973898,30.183781455118254,0.05300690489486233,-0.042390031175806885,0.010616873719055446,-0.03177315745675144,0.014065999999999999,0.000137,0.0095306162,0.009474182,-0.005921,0.010479887417685583,-0.031910143758121304,-0.02563777087440246,convergence,False,False
54045T__890954,54045T,890954,2021-06-21,2021-06-23,2,15.7687764355035,15.780641019496498,31.62852946147936,31.361062011499996,-0.008456524996051892,-0.0007524099312032848,-0.009208934927255177,-0.009961344858458461,0.014065999999999999,5.5e-05,0.0090370973,0.0090191657,-0.001984,-0.009263729447803123,-0.010016139379006406,-0.008044786199811462,convergence,False,False
54045T__890954,54045T,890954,2022-02-15,2022-02-16,1,13.847453685,14.072996969496499,0.0,0.0,0.0,-0.016287708168384412,-0.016287708168384412,-0.032575416336768824,0.014065999999999999,0.0,0.0,0.0,0.0,-0.016287708168384412,-0.032575416336768824,-0.032575416336768824,overnight_abort,True,False
54045T__890954,54045T,890954,2022-03-09,2022-03-23,14,12.9465240130035,13.631017504999999,25.99248628788164,26.87187417517553,0.03383238823536032,-0.052870831684936635,-0.019038443449576316,-0.07190927513451295,0.014065999999999999,0.000384,0.0086106686,0.0081736068,-0.050758,-0.019422005093411934,-0.07229283677834857,-0.01701141016256798,convergence,False,False
54045T__890954,54045T,890954,2022-07-27,2022-08-01,5,11.776806405,12.053957999999998,23.575041988696388,23.817786389500057,0.010296668863625312,-0.02353368013949259,-0.013237011275867277,-0.036770691415359866,0.014065999999999999,0.000137,0.0074462936,0.0075089163,0.00841,-0.01337399757723714,-0.03690767771672973,-0.045333328326957814,convergence,False,False
54045T__890954,54045T,890954,2023-06-13,2023-06-20,7,12.732489764999999,12.415576739999999,25.404220923409476,24.710746124369784,-0.0272976211760412,0.02489010640096123,-0.0024075147750799684,0.022482591625881263,0.014065999999999999,0.000192,0.007138013,0.0070479614,-0.012616,-0.0025992955969977765,0.022290810803963456,0.03471900110831205,convergence,False,False
54045T__890954,54045T,890954,2023-08-22,2023-08-24,2,12.533390060503502,12.460779082499998,25.09023131631638,24.905079788939926,-0.007379426879020014,0.0057934028744802465,-0.0015860240045397671,0.004207378869940479,0.014065999999999999,5.5e-05,0.0069039313,0.0068294344,-0.010791,-0.0016408185250877123,0.004152584349392534,0.014980297340344853,convergence,False,False
54045T__890954,54045T,890954,2023-09-27,2023-10-03,6,12.72253473,11.441216139496499,25.307659125800402,22.721766907353896,-0.10217824594493083,0.1007125244847731,-0.0014657214601577345,0.09924680302461536,0.014065999999999999,0.000164,0.0066976993,0.0067057837,0.001207,-0.00163010502180157,0.09908241946297153,0.09800001798490386,convergence,False,False
54045T__890954,54045T,890954,2024-04-02,2024-04-04,2,12.394018574999999,12.1443636894965,24.47274096642161,24.07806643630476,-0.016127107734208206,0.020143175031791454,0.004016067297583248,0.024159242329374702,0.014065999999999999,5.5e-05,0.0065921747,0.006595436,0.000495,0.0039612727770353025,0.024104447808826757,0.023617944010814615,convergence,False,False
54045T__890954,54045T,890954,2024-07-03,2024-07-11,8,10.960494530503501,11.089641359999998,21.84891381330049,22.230430647690312,0.01746159272034718,-0.011782938181947533,0.005678654538399646,-0.006104283643547887,0.014065999999999999,0.000219,0.00622142,0.0063333224,0.017987,0.005459476456207865,-0.006323461725739668,-0.024300818149791084,convergence,False,False
54045T__890954,54045T,890954,2024-07-12,2024-07-17,5,11.308919759999998,11.300585624999998,22.34822917132278,22.436986736245025,0.003971570375523847,0.00073695235061073,0.0047085227261345775,0.005445475076745307,0.014065999999999999,0.000137,0.0063149253,0.0063542494,0.006227,0.004571536424764715,0.0053084887753754445,-0.0009047200468348632,convergence,False,False
54045T__890954,54045T,890954,2024-07-30,2024-07-31,1,11.557795635,11.795803403996498,0.0,0.0,0.0,-0.020592834179880195,-0.020592834179880195,-0.04118566835976039,0.014065999999999999,0.0,0.0,0.0,0.0,-0.020592834179880195,-0.04118566835976039,-0.04118566835976039,overnight_abort,True,False
54045T__890954,54045T,890954,2024-08-05,2024-08-06,1,10.8808542505035,10.989191709999998,0.0,0.0,0.0,-0.009956705328672618,-0.009956705328672618,-0.019913410657345237,0.014065999999999999,0.0,0.0,0.0,0.0,-0.009956705328672618,-0.019913410657345237,-0.019913410657345237,overnight_abort,True,False
54045T__890954,54045T,890954,2025-02-03,2025-02-06,3,9.4871481558993,9.281547459100699,18.73666289398236,18.530344892077277,-0.011011459354981771,0.021671496367510066,0.010660037012528295,0.03233153338003836,0.014065999999999999,8.2e-05,0.0064792018,0.0066041474,0.019284,0.010577845231706377,0.03224934159921644,0.013538407527088339,convergence,False,False
54045T__890954,54045T,890954,2025-04-07,2025-04-10,3,9.5866989041007,10.095190829496499,19.26333845407161,19.74772718628706,0.025145627450316996,-0.05304139938913609,-0.02789577193881909,-0.08093717132795518,0.014065999999999999,8.2e-05,0.0068355036,0.0069674273,0.0193,-0.027977963719641008,-0.0810193631087771,-0.10042982817556967,convergence,False,False
54045T__890954,54045T,890954,2025-04-30,2025-05-02,2,10.7215736905035,11.159956114999998,21.403897645706728,22.539588773374888,0.05306001488453021,-0.04088788056223398,0.012172134322296226,-0.028715746239937757,0.014065999999999999,5.5e-05,0.006875924,0.0069528941,0.011194,0.01211733980174828,-0.028770540760485703,-0.04042815174749375,convergence,False,False
54045T__890954,54045T,890954,2025-10-29,2025-10-31,2,13.857409715503499,12.194588514496498,25.569965955104657,24.78161969560811,-0.030830946778760353,0.11999509541430796,0.08916414863554761,0.20915924404985556,0.014065999999999999,5.5e-05,0.0064882401,0.0065072389,0.002928,0.08910935411499966,0.20910444952930762,0.20627482404739383,convergence,False,False
54181K__916020,54181K,916020,2021-06-07,2021-06-09,2,17.648024068890003,17.39975033963,17.455978829932402,17.49760576565434,0.0023846806946487067,0.014068075173223532,0.01645275586787224,0.03052083104109577,0.017739,5.5e-05,0.0091320023,0.0091470386,0.001647,0.016397961347324293,0.030466036520547825,0.0288182729728649,convergence,False,False
54181K__916020,54181K,916020,2021-07-09,2021-07-12,1,17.24014593963,17.48016715,0.0,0.0,0.0,-0.013922226134887954,-0.013922226134887954,-0.02784445226977591,0.017739,0.0,0.0,0.0,0.0,-0.013922226134887954,-0.02784445226977591,-0.02784445226977591,overnight_abort,True,False
54181K__916020,54181K,916020,2022-02-08,2022-02-10,2,17.856926265555,17.349488074075,17.652784561012346,17.08597653137274,-0.032108703739094475,0.028416883394922123,-0.0036918203441723522,0.02472506305074977,0.017739,5.5e-05,0.0086576331,0.0086546367,-0.000346,-0.0037466148647202976,0.024670268530201826,0.025005370924519082,convergence,False,False
54181K__916020,54181K,916020,2022-07-15,2022-07-20,5,15.7379733,15.550212955185,15.614483868915752,15.370605958897835,-0.015618698130868865,0.011930401789091894,-0.00368829634177697,0.008242105447314924,0.017739,0.000137,0.00723589,0.007278815,0.005932,-0.0038252826431468333,0.00810511914594506,0.002299975398957032,convergence,False,False
54181K__916020,54181K,916020,2023-04-14,2023-04-18,4,14.733211144815,15.032541675,14.777627289925501,14.843775923215663,0.004476268888934417,-0.020316720315946977,-0.01584045142701256,-0.036157171742959536,0.017739,0.00011,0.00743605,0.0074233533,-0.001707,-0.01595004046810845,-0.03626676078405543,-0.0345487321078234,convergence,False,False
54181K__916020,54181K,916020,2023-05-18,2023-05-23,5,16.275174394815,16.796648386295,16.36857258420589,16.604661940601982,0.01442333197849497,-0.03204106935076122,-0.017617737372266247,-0.049658806723027464,0.017739,0.000137,0.0072482151,0.0071697432,-0.010826,-0.01775472367363611,-0.04979579302439733,-0.03869306255774908,convergence,False,False
54181K__916020,54181K,916020,2023-09-22,2023-09-26,4,14.315388844815,14.293731705185,14.43995153952567,14.262089845375229,-0.01231733317550197,0.0015128572380934883,-0.010804475937408482,-0.009291618699314993,0.017739,0.00011,0.0067165933,0.0066829285,-0.005012,-0.010914064978504372,-0.009401207740410884,-0.004425823155327626,convergence,False,False
54181K__916020,54181K,916020,2024-08-01,2024-08-06,5,12.236225494815,11.177657199999999,11.879564391770474,10.8667964203996,-0.08525295524072121,0.08651101561209062,0.0012580603713694127,0.08776907598346004,0.017739,0.000137,0.0068238425,0.0068168645,-0.001023,0.0011210740699995497,0.08763208968209017,0.08856845931043325,convergence,False,False
54181K__916020,54181K,916020,2024-10-30,2024-11-06,7,12.231251419814999,11.227917455184999,11.942415511967143,11.302519141985524,-0.053581820975865196,0.08203036060599399,0.02844853963012879,0.11047890023612278,0.017739,0.000192,0.0065774324,0.0065385114,-0.005917,0.028256758808210984,0.11028711941420496,0.1159207475739416,convergence,False,False
54181K__916020,54181K,916020,2025-04-09,2025-04-10,1,8.9632834484445,8.986353497926,0.0,0.0,0.0,-0.0025738391086476222,-0.0025738391086476222,-0.0051476782172952444,0.017739,0.0,0.0,0.0,0.0,-0.0025738391086476222,-0.0051476782172952444,-0.0051476782172952444,overnight_abort,True,False
54181K__916020,54181K,916020,2025-04-25,2025-04-28,1,10.01778705,10.115176655,0.0,0.0,0.0,-0.009721668519595855,-0.009721668519595855,-0.01944333703919171,0.017739,0.0,0.0,0.0,0.0,-0.009721668519595855,-0.01944333703919171,-0.01944333703919171,overnight_abort,True,False
54181K__916020,54181K,916020,2025-05-12,2025-05-13,1,9.391053202074,9.277857147926,0.0,0.0,0.0,0.012053605885546574,0.012053605885546574,0.024107211771093148,0.017739,0.0,0.0,0.0,0.0,0.012053605885546574,0.024107211771093148,0.024107211771093148,overnight_abort,True,False
54181K__916020,54181K,916020,2025-07-30,2025-07-31,1,10.296336244815,10.393613905185001,0.0,0.0,0.0,-0.009447793667285032,-0.009447793667285032,-0.018895587334570065,0.017739,0.0,0.0,0.0,0.0,-0.009447793667285032,-0.018895587334570065,-0.018895587334570065,overnight_abort,True,False
54181K__916020,54181K,916020,2025-09-18,2025-09-24,6,11.500062394815,11.24802015,11.355170810161816,11.164027871817096,-0.01683311872100288,0.021916598028949588,0.005083479307946708,0.027000077336896296,0.017739,0.000164,0.006758355,0.0066757902,-0.012217,0.004919095746302873,0.02683569377525246,0.03899529952790543,convergence,False,False
54181K__916020,54181K,916020,2025-10-30,2025-11-04,5,10.8434835,11.057034999999999,10.655654449081212,11.193357769367886,0.05046178278923429,-0.019693994093318762,0.03076778869591553,0.011073794602596769,0.017739,0.000137,0.0064932953,0.0064884506,-0.000746,0.03063080239454567,0.010936808301226906,0.011721151515472665,convergence,False,False
54182H__312485,54182H,312485,2021-11-11,2021-11-30,19,21.555011610330002,19.39833296901,21.430954727008427,19.481140478032163,-0.09098121263440513,0.10005462675262203,0.009073414118216896,0.10912804087083892,0.037821,0.000521,0.008762322,0.0088672135,0.011971,0.008552866173011417,0.10860749292563344,0.09785458344229239,convergence,False,False
54182H__312485,54182H,312485,2022-10-04,2022-10-06,2,16.17120483099,15.235776399999999,15.44368192384692,15.00652077146948,-0.028306795913894744,0.057845314604968376,0.029538518691073632,0.087383833296042,0.037821,5.5e-05,0.0069129999,0.0068801812,-0.004747,0.029483724170525687,0.08732903877549406,0.09196404864368475,convergence,False,False
54182H__312485,54182H,312485,2022-11-04,2022-11-09,5,15.493283850000001,15.15495,15.078859937392107,13.994854900991118,-0.07188905798593599,0.02183745249074498,-0.05005160549519101,-0.028214153004446033,0.037821,0.000137,0.0068643602,0.0070934558,0.033375,-0.05018859179656088,-0.028351139305815894,-0.05832611047956683,convergence,False,False
54182H__312485,54182H,312485,2023-11-10,2023-11-16,6,19.60288456632,17.48881027934,15.608151951938599,17.346082798900458,0.11134763758793371,0.1078450612626787,0.21919269885061243,0.3270377601132911,0.037821,0.000164,0.0065908712,0.0067396799,0.022578,0.2190283152889686,0.3268733765516473,0.302335386669141,convergence,False,False
54184D__31722D,54184D,31722D,2021-06-21,2021-06-23,2,41.2942238247885,40.8344845947885,8.354041082905443,8.334863835741054,-0.002295565340662625,0.011133257570130839,0.008837692229468213,0.019970949799599052,0.029642,5.5e-05,0.0090370973,0.0090191657,-0.001984,0.008782897708920268,0.019916155279051106,0.021899757469721268,convergence,False,False
54184D__31722D,54184D,31722D,2024-10-01,2024-10-21,20,33.041819493527505,26.748505413877503,6.110355999857161,5.474573151685416,-0.10405005014218607,0.19046511893459098,0.0864150687924049,0.27688018772699585,0.029642,0.000548,0.0068275697,0.0066192289,-0.030515,0.08586712358692546,0.2763322425215164,0.3045323443964246,convergence,False,False
54184D__31722D,54184D,31722D,2025-09-22,2025-10-23,31,31.3569673227835,28.168325042022,5.996723832883756,5.6680997630738865,-0.05480060095611205,0.10168847796848898,0.046887877012376934,0.1485763549808659,0.029642,0.000849,0.0067156912,0.0065741893,-0.02107,0.04603856194388378,0.14772703991237277,0.1680713751209085,convergence,False,False
54184F__912392,54184F,912392,2022-08-02,2022-08-08,6,22.304274362288474,21.31558537576281,7.301697654701951,6.94666501167932,-0.048623301020141084,0.04432733253126199,-0.004295968488879094,0.040031364042382896,0.058067999999999995,0.000164,0.0074696545,0.0073991861,-0.009434,-0.0044603520505229295,0.03986698048073906,0.04892770592652721,convergence,False,False
54184F__912392,54184F,912392,2023-04-28,2023-07-27,90,19.52975189971798,21.36984211881414,6.566160434160346,6.648336037331619,0.012515016042519459,-0.0942198461375607,-0.08170483009504123,-0.17592467623260194,0.058067999999999995,0.002466,0.0072729917,0.0070839089,-0.025998,-0.08417058351969876,-0.17839042965725949,-0.1513645069671236,force_close,False,False
54184F__912392,54184F,912392,2023-08-29,2023-10-18,50,21.619652999999975,22.027689360339814,7.318906455545943,7.102941327599609,-0.029507840994836783,-0.01887340006520176,-0.04838124106003854,-0.0672546411252403,0.058067999999999995,0.00137,0.0068373726,0.006675567,-0.023665,-0.049751104073737173,-0.06862450413893892,-0.0451012489483124,convergence,False,False
54184F__912392,54184F,912392,2023-11-08,2024-02-06,90,22.412373282429478,26.327426379999974,7.60953782000307,8.778704651814786,0.15364492029178775,-0.17468266516155884,-0.021037744869771086,-0.19572041003132992,0.058067999999999995,0.002466,0.0066072014,0.0067483214,0.021359,-0.023503498294428618,-0.19818616345598747,-0.22231103266443628,force_close,False,False
54184F__912392,54184F,912392,2024-08-05,2024-08-06,1,28.380713033557498,30.060879244154002,0.0,0.0,0.0,-0.059200986550615085,-0.059200986550615085,-0.11840197310123017,0.058067999999999995,0.0,0.0,0.0,0.0,-0.059200986550615085,-0.11840197310123017,-0.11840197310123017,overnight_abort,True,False
54184F__912392,54184F,912392,2025-03-25,2025-04-03,9,27.9483180081345,27.100565640000003,9.45540846946944,8.976793576038013,-0.05061810867048485,0.03033285823811488,-0.02028525043236997,0.010047607805744908,0.058067999999999995,0.000247,0.0066398858,0.0068066569,0.025117,-0.020531825774835723,0.009801032463279156,-0.013459940531716928,convergence,False,False
54184F__912392,54184F,912392,2025-04-07,2025-04-10,3,26.690448270845998,27.680427206019502,8.917911214714835,9.144065356156345,0.0253595417129012,-0.03709113182092407,-0.011731590108022872,-0.04882272192894695,0.058067999999999995,8.2e-05,0.0068355036,0.0069674273,0.0193,-0.01181378188884479,-0.04890491370976886,-0.06831942910386136,convergence,False,False
54184F__912392,54184F,912392,2025-04-22,2025-06-11,50,30.523017224577,28.3742098247115,10.356893538764794,9.280274102920561,-0.103951965115269,0.07039957367436435,-0.03355239144090465,0.0368471822334597,0.058067999999999995,0.00137,0.0069708266,0.0069688839,-0.000279,-0.03492225445460328,0.03547731921976107,0.035727108503432435,convergence,False,False
54184M__916983,54184M,916983,2021-01-04,2021-01-12,8,3.2557531078215,3.55542378,6.498091811841553,7.183288967339494,0.10544590248006315,-0.09204342659109568,0.013402475888967466,-0.07864095070212822,0.016478,0.000219,0.0097337801,0.0096278814,-0.01088,0.013183297806775685,-0.07886012878432,-0.06670114186607998,convergence,False,False
54184M__916983,54184M,916983,2021-01-28,2021-02-03,6,3.7237046208714,3.7763826213071,7.287360875617152,7.644296612635559,0.048980109961712176,-0.014146664625448271,0.0348334453362639,0.020686780710815634,0.016478,0.000164,0.0095515536,0.009474182,-0.0081,0.03466906177462007,0.020522397149171798,0.02908896991248948,convergence,False,False
54184M__916983,54184M,916983,2021-02-04,2021-02-05,1,3.9278113363071,4.5547588945643,0.0,0.0,0.0,-0.15961753367885817,-0.15961753367885817,-0.31923506735771634,0.016478,0.0,0.0,0.0,0.0,-0.15961753367885817,-0.31923506735771634,-0.31923506735771634,overnight_abort,True,False
54184M__916983,54184M,916983,2021-06-21,2021-06-22,1,4.341003181307101,4.4091276317428,0.0,0.0,0.0,-0.015693250520767144,-0.015693250520767144,-0.03138650104153429,0.016478,0.0,0.0,0.0,0.0,-0.015693250520767144,-0.03138650104153429,-0.03138650104153429,overnight_abort,True,False
54184M__916983,54184M,916983,2021-06-24,2021-06-25,1,4.4903502286929,4.77069575,0.0,0.0,0.0,-0.062432885416313345,-0.062432885416313345,-0.12486577083262669,0.016478,0.0,0.0,0.0,0.0,-0.062432885416313345,-0.12486577083262669,-0.12486577083262669,overnight_abort,True,False
54184M__916983,54184M,916983,2021-10-01,2021-10-06,5,4.311134190000001,4.0073842291286,8.618800189534428,8.014998973841807,-0.07005629582013043,0.07045708796909449,0.00040079214896406035,0.07085788011805855,0.016478,0.000137,0.0090183523,0.008960172,-0.006451,0.00026380584759419734,0.07072089381668868,0.07675921581455837,convergence,False,False
54184M__916983,54184M,916983,2021-11-22,2021-11-26,4,4.5799581982572,4.3187353008714,9.288679901778393,8.659988233217936,-0.0676836402167426,0.057036087684207,-0.010647552532535597,0.046388535151671406,0.016478,0.00011,0.0086636336,0.0088082445,0.016692,-0.010757141573631487,0.046278946110575515,0.030972478644444308,convergence,False,False
54184M__916983,54184M,916983,2022-11-10,2022-11-11,1,3.7934003278215003,3.8868614895642994,0.0,0.0,0.0,-0.02463783246322243,-0.02463783246322243,-0.04927566492644486,0.016478,0.0,0.0,0.0,0.0,-0.02463783246322243,-0.04927566492644486,-0.04927566492644486,overnight_abort,True,False
54184M__916983,54184M,916983,2023-05-17,2023-05-23,6,4.2513961078215,4.3418353110000005,8.582475857164285,8.713130513415072,0.015223422521104086,-0.021272824475732862,-0.0060494019546287765,-0.02732222643036164,0.016478,0.000164,0.0072085055,0.0071697432,-0.005377,-0.006213785516272612,-0.027486609992005476,-0.02199793434867287,convergence,False,False
54184M__916983,54184M,916983,2023-06-02,2023-06-14,12,4.3310474482572,4.85104431,8.808064697632542,9.748877411899285,0.1068126480178577,-0.12006261024733053,-0.013249962229472834,-0.13331257247680336,0.016478,0.000329,0.0071653769,0.0071280918,-0.005204,-0.013578729352760504,-0.13364133960009103,-0.1278519051454714,convergence,False,False
54184M__916983,54184M,916983,2023-10-31,2023-11-01,1,4.7790865991286005,4.9916545913071,0.0,0.0,0.0,-0.044478790616026526,-0.044478790616026526,-0.08895758123205305,0.016478,0.0,0.0,0.0,0.0,-0.044478790616026526,-0.08895758123205305,-0.08895758123205305,overnight_abort,True,False
54184M__916983,54184M,916983,2023-11-02,2023-11-09,7,4.938389379564301,5.579203536742799,10.047181503837939,11.012095502084488,0.09603827679214917,-0.12976177209319925,-0.03372349530105008,-0.16348526739424935,0.016478,0.000192,0.006663335,0.0066000066,-0.009504,-0.03391527612296789,-0.16367704821616716,-0.15316033897408787,convergence,False,False
54184M__916983,54184M,916983,2024-08-05,2024-08-06,1,3.8730516682572,3.8768177186929,0.0,0.0,0.0,-0.0009723728879130668,-0.0009723728879130668,-0.0019447457758261337,0.016478,0.0,0.0,0.0,0.0,-0.0009723728879130668,-0.0019447457758261337,-0.0019447457758261337,overnight_abort,True,False
54184M__916983,54184M,916983,2025-04-07,2025-04-10,3,2.6882360004357,2.6314152395642996,5.521197285698948,5.478042081500838,-0.007816276427920908,0.02113682015351008,0.013320543725589173,0.034457363879099256,0.016478,8.2e-05,0.0068355036,0.0069674273,0.0193,0.013238351944767255,0.03437517209827734,0.015588819222603243,convergence,False,False
54184M__916983,54184M,916983,2025-09-29,2025-10-01,2,3.6639666382572003,3.55542378,7.346802366168693,7.089277711896824,-0.03505261764733793,0.029624412275988887,-0.00542820537134904,0.024196206904639847,0.016478,5.5e-05,0.0067606396,0.0067909404,0.004482,-0.005482999891896986,0.0241414123840919,0.019835870600336553,convergence,False,False
54184M__916983,54184M,916983,2025-10-03,2025-10-06,1,3.5544452113071,3.6337637264357,0.0,0.0,0.0,-0.022315301098545185,-0.022315301098545185,-0.04463060219709037,0.016478,0.0,0.0,0.0,0.0,-0.022315301098545185,-0.04463060219709037,-0.04463060219709037,overnight_abort,True,False
54184M__916983,54184M,916983,2025-11-19,2025-11-20,1,3.4150558882572,3.4148134986929,0.0,0.0,0.0,7.097674891162716e-05,7.097674891162716e-05,0.00014195349782325433,0.016478,0.0,0.0,0.0,0.0,7.097674891162716e-05,0.00014195349782325433,0.00014195349782325433,overnight_abort,True,False
54184M__916983,54184M,916983,2025-12-18,2025-12-22,4,3.8133126900000005,3.9872975913071,7.632595687864549,8.011663919676954,0.04966439299478483,-0.04562565817467738,0.004038734820107449,-0.041586923354569934,0.016478,0.00011,0.0063385415,0.0064010238,0.009858,0.003929145779011559,-0.041696512395665825,-0.05194259920171981,convergence,False,False
54185J__950853,54185J,950853,2021-01-27,2021-02-03,7,27.1710295,26.977950182612002,53.65204960704893,52.92350315311932,-0.013579098268668788,0.007106072936544331,-0.006473025332124457,0.0006330476044198747,0.010055999999999999,0.000192,0.0095946261,0.009474182,-0.012553,-0.006664806154042265,0.00044126678250206645,0.01298151328929489,convergence,False,False
54185J__950853,54185J,950853,2021-06-21,2021-06-23,2,24.065051784490002,23.828851465510002,48.11636798354393,47.40276233746975,-0.014830829424162596,0.009815076281374626,-0.00501575314278797,0.0047993231385866555,0.010055999999999999,5.5e-05,0.0090370973,0.0090191657,-0.001984,-0.005070547663335916,0.00474452861803871,0.0067032086209016205,convergence,False,False
54185J__950853,54185J,950853,2021-07-09,2021-07-12,1,24.06007624551,25.087493470000002,0.0,0.0,0.0,-0.04270215996018442,-0.04270215996018442,-0.08540431992036884,0.010055999999999999,0.0,0.0,0.0,0.0,-0.04270215996018442,-0.08540431992036884,-0.08540431992036884,overnight_abort,True,False
54185J__950853,54185J,950853,2022-01-26,2022-01-28,2,20.041757179714,19.656807820286,40.24503001784645,39.172776459314186,-0.026643129799053002,0.019207365700330895,-0.007435764098722108,0.011771601601608787,0.010055999999999999,5.5e-05,0.0086681395,0.0086869645,0.002172,-0.007490558619270053,0.011716807081060841,0.009607503758647828,convergence,False,False
54185J__950853,54185J,950853,2023-01-27,2023-02-06,10,17.6985605,17.385243850286002,35.353026017785396,35.41062069195672,0.0016291299687430424,0.01770294537309951,0.01933207534184255,0.037035020714942066,0.010055999999999999,0.000274,0.0076657723,0.0076298014,-0.004692,0.019058102739102824,0.03676104811220234,0.04148325507176919,convergence,False,False
54185J__950853,54185J,950853,2023-10-31,2023-11-01,1,12.523602117102,12.636515802898002,0.0,0.0,0.0,-0.00901607099460699,-0.00901607099460699,-0.01803214198921398,0.010055999999999999,0.0,0.0,0.0,0.0,-0.00901607099460699,-0.01803214198921398,-0.01803214198921398,overnight_abort,True,False
54185J__950853,54185J,950853,2024-01-26,2024-01-30,4,15.255661597102,14.010486062898002,30.570348642785998,27.899192077248888,-0.08737736676638952,0.08162055288644672,-0.005756813879942799,0.07586373900650392,0.010055999999999999,0.00011,0.0067789716,0.0068075832,0.004221,-0.0058664029210386895,0.07575414996540804,0.07191848715147049,convergence,False,False
54185J__950853,54185J,950853,2024-07-29,2024-07-30,1,14.418095917102,14.142868598898,0.0,0.0,0.0,0.019089019783641515,0.019089019783641515,0.03817803956728303,0.010055999999999999,0.0,0.0,0.0,0.0,0.019089019783641515,0.03817803956728303,0.03817803956728303,overnight_abort,True,False
54185J__950853,54185J,950853,2024-08-05,2024-08-07,2,13.4110219,13.39871728,26.836878175570924,26.30769560580581,-0.01971848462787361,0.0009175005522882711,-0.018800984075585336,-0.017883483523297068,0.010055999999999999,5.5e-05,0.0069288065,0.0067895572,-0.020097,-0.018855778596133282,-0.017938278043845013,0.0021666434992723476,convergence,False,False
54185J__950853,54185J,950853,2025-04-07,2025-04-08,1,10.978094017102002,10.941617180000001,0.0,0.0,0.0,0.0033226930872677766,0.0033226930872677766,0.006645386174535553,0.010055999999999999,0.0,0.0,0.0,0.0,0.0033226930872677766,0.006645386174535553,0.006645386174535553,overnight_abort,True,False
54185J__950853,54185J,950853,2025-04-09,2025-04-10,1,11.7159485,11.51326904,0.0,0.0,0.0,0.01729944954947513,0.01729944954947513,0.03459889909895026,0.010055999999999999,0.0,0.0,0.0,0.0,0.01729944954947513,0.03459889909895026,0.03459889909895026,overnight_abort,True,False
54185J__950853,54185J,950853,2025-07-25,2025-07-28,1,15.026327140000001,14.802775482898001,0.0,0.0,0.0,0.01487733196669908,0.01487733196669908,0.02975466393339816,0.010055999999999999,0.0,0.0,0.0,0.0,0.01487733196669908,0.02975466393339816,0.02975466393339816,overnight_abort,True,False
54185J__950853,54185J,950853,2025-10-03,2025-10-06,1,14.806965697102001,15.384456322898002,0.0,0.0,0.0,-0.03900128072215542,-0.03900128072215542,-0.07800256144431084,0.010055999999999999,0.0,0.0,0.0,0.0,-0.03900128072215542,-0.07800256144431084,-0.07800256144431084,overnight_abort,True,False
54185J__950853,54185J,950853,2025-10-31,2025-11-04,1,16.502042088408,16.618027883184002,0.0,0.0,0.0,-0.007028572230916614,-0.007028572230916614,-0.014057144461833228,0.010055999999999999,0.0,0.0,0.0,0.0,-0.007028572230916614,-0.014057144461833228,-0.014057144461833228,overnight_abort,True,False
54185J__950853,54185J,950853,2025-12-01,2025-12-04,3,17.050451179714003,19.185443754490002,33.84366640326527,38.21383508953951,0.12912811024081608,-0.12521619236188514,0.003911917878930943,-0.1213042744829542,0.010055999999999999,8.2e-05,0.0064156027,0.0064372843,0.00338,0.003829726098109025,-0.12138646626377611,-0.1251895147068901,convergence,False,False
54185K__140271,54185K,140271,2021-02-24,2021-03-03,7,34.109853635194966,32.592712631783634,342.33150085407595,313.30600249909793,-0.08478769345667254,0.04447808599934675,-0.04030960745732579,0.004168478542020959,0.013953,0.000192,0.0094139789,0.0092614022,-0.016207,-0.0405013882792436,0.003976697720103151,0.019054336129087156,convergence,False,False
54185K__140271,54185K,140271,2021-06-21,2021-06-23,2,24.327127950077976,24.91067261158864,244.50296910981453,247.5905876043774,0.012628143150180345,-0.02398740462532875,-0.011359261475148406,-0.03534666610047715,0.013953,5.5e-05,0.0090370973,0.0090191657,-0.001984,-0.011414055995696351,-0.035401460621025095,-0.03338818761821156,convergence,False,False
54185K__140271,54185K,140271,2021-07-09,2021-07-13,4,24.636368757441474,24.24571774503897,246.9657989339538,242.85223464237578,-0.016656412788064318,0.015856679864174664,-0.0007997329238896532,0.015056946940285011,0.013953,0.00011,0.0090608427,0.0090904951,0.003273,-0.0009093219649855436,0.01494735789918912,0.011739777116769191,convergence,False,False
54185K__140271,54185K,140271,2022-01-13,2022-01-14,1,18.05581018007798,18.78241457736348,0.0,0.0,0.0,-0.04024213757448577,-0.04024213757448577,-0.08048427514897154,0.013953,0.0,0.0,0.0,0.0,-0.04024213757448577,-0.08048427514897154,-0.08048427514897154,overnight_abort,True,False
54185K__140271,54185K,140271,2022-07-14,2022-07-15,1,17.427348325077983,18.461630958333313,0.0,0.0,0.0,-0.05934825046028349,-0.05934825046028349,-0.11869650092056698,0.013953,0.0,0.0,0.0,0.0,-0.05934825046028349,-0.11869650092056698,-0.11869650092056698,overnight_abort,True,False
54185K__140271,54185K,140271,2022-10-13,2022-10-19,6,18.265293807363484,19.156657733294313,182.7859771331872,188.35271941277617,0.030454974538515894,-0.04880096292628394,-0.018345988387768047,-0.06714695131405199,0.013953,0.000164,0.0067226891,0.0066600067,-0.009324,-0.018510371949411884,-0.06731133487569582,-0.05761293759089835,convergence,False,False
54185K__140271,54185K,140271,2023-04-13,2023-04-14,1,23.562327779766,24.5898889925585,0.0,0.0,0.0,-0.043610343697659204,-0.043610343697659204,-0.08722068739531841,0.013953,0.0,0.0,0.0,0.0,-0.043610343697659204,-0.08722068739531841,-0.08722068739531841,overnight_abort,True,False
54185K__140271,54185K,140271,2023-06-02,2023-06-05,1,23.9015086429095,24.3912090970245,0.0,0.0,0.0,-0.02048826546604919,-0.02048826546604919,-0.04097653093209838,0.013953,0.0,0.0,0.0,0.0,-0.02048826546604919,-0.04097653093209838,-0.04097653093209838,overnight_abort,True,False
54185K__140271,54185K,140271,2023-07-13,2023-07-19,6,26.7844527079095,24.890624449883,259.05266583836783,246.52111816012473,-0.04837451735031354,0.07070625182000644,0.022331734469692895,0.09303798628969934,0.013953,0.000164,0.0072074669,0.0071387773,-0.00953,0.02216735090804906,0.0928736027280555,0.10203018108959284,convergence,False,False
54185K__140271,54185K,140271,2023-10-12,2023-10-17,5,23.243117040234,23.597466895351,232.59592999206458,235.03942399701123,0.010505317118102658,-0.015245367241563093,-0.0047400501234604354,-0.01998541736502353,0.013953,0.000137,0.0066862798,0.0066697792,-0.002468,-0.004877036424830298,-0.020122403666393392,-0.01762247922577047,convergence,False,False
54185K__140271,54185K,140271,2024-07-10,2024-07-11,1,27.801951404766,28.6698339170905,0.0,0.0,0.0,-0.031216604176055093,-0.031216604176055093,-0.062433208352110185,0.013953,0.0,0.0,0.0,0.0,-0.031216604176055093,-0.062433208352110185,-0.062433208352110185,overnight_abort,True,False
54185K__140271,54185K,140271,2024-08-05,2024-08-06,1,26.405375490117002,26.4444117822075,0.0,0.0,0.0,-0.0014783464111353941,-0.0014783464111353941,-0.0029566928222707883,0.013953,0.0,0.0,0.0,0.0,-0.0014783464111353941,-0.0029566928222707883,-0.0029566928222707883,overnight_abort,True,False
54185K__140271,54185K,140271,2024-09-11,2024-09-12,1,30.904358339766,31.474164013340502,0.0,0.0,0.0,-0.018437712484109706,-0.018437712484109706,-0.03687542496821941,0.013953,0.0,0.0,0.0,0.0,-0.018437712484109706,-0.03687542496821941,-0.03687542496821941,overnight_abort,True,False
54185K__140271,54185K,140271,2024-10-10,2024-10-15,5,35.712598290234,35.065399660234,353.26599980568903,351.59104200749465,-0.004741350141580794,0.01812241788570679,0.013381067744125997,0.03150348562983279,0.013953,0.000137,0.0067048841,0.0066829285,-0.003275,0.013244081442756133,0.03136649932846292,0.03463624863265366,convergence,False,False
54185K__140271,54185K,140271,2025-03-04,2025-03-06,2,31.732333889883,31.576907249999998,316.63919966538543,314.23701375576667,-0.007586508278688556,0.004898052580133646,-0.0026884556985549103,0.0022095968815787357,0.013953,5.5e-05,0.0067165933,0.0067551588,0.005742,-0.0027432502191028557,0.0021548023610307903,-0.003510930103316108,convergence,False,False
54185K__140271,54185K,140271,2025-04-07,2025-04-08,1,28.989048014883,28.619708834766,0.0,0.0,0.0,0.012740645361219854,0.012740645361219854,0.02548129072243971,0.013953,0.0,0.0,0.0,0.0,0.012740645361219854,0.02548129072243971,0.02548129072243971,overnight_abort,True,False
54185K__140271,54185K,140271,2025-04-09,2025-04-16,7,31.472974665234002,32.308685535234,317.1703189143743,321.2214533880859,0.012772741432987716,-0.02655328512443241,-0.013780543691444696,-0.040333828815877104,0.013953,0.000192,0.0069225706,0.0070209928,0.014218,-0.013972324513362505,-0.04052560963779491,-0.054722935308299234,convergence,False,False
54185K__140271,54185K,140271,2025-10-09,2025-10-10,1,32.221143540234,32.5893681527925,0.0,0.0,0.0,-0.011428042958770339,-0.011428042958770339,-0.022856085917540677,0.013953,0.0,0.0,0.0,0.0,-0.011428042958770339,-0.022856085917540677,-0.022856085917540677,overnight_abort,True,False
54185K__140271,54185K,140271,2025-11-04,2025-11-05,1,36.6004243576755,37.391071959766,0.0,0.0,0.0,-0.021602143034297756,-0.021602143034297756,-0.04320428606859551,0.013953,0.0,0.0,0.0,0.0,-0.021602143034297756,-0.04320428606859551,-0.04320428606859551,overnight_abort,True,False
54186D__29730F,54186D,29730F,2021-01-05,2021-01-06,1,5.4478073423498,5.69324956941255,0.0,0.0,0.0,-0.045053397016217384,-0.045053397016217384,-0.09010679403243477,0.019489,0.0,0.0,0.0,0.0,-0.045053397016217384,-0.09010679403243477,-0.09010679403243477,overnight_abort,True,False
54186D__29730F,54186D,29730F,2021-02-09,2021-02-16,7,7.0085849738251005,7.30264917176235,6.747496023117536,7.348769213368747,0.08911056608128326,-0.04195771315258191,0.04715285292870135,0.005195139776119434,0.019489,0.000192,0.0095611435,0.0094459916,-0.012044,0.04696107210678354,0.005003358954201626,0.01828022350215818,convergence,False,False
54186D__29730F,54186D,29730F,2021-02-17,2021-02-19,2,7.8436505926502,6.870122835,7.78966946949968,7.290259084970448,-0.06411188388476105,0.12411666559477201,0.06000478171001096,0.18412144730478297,0.019489,5.5e-05,0.0094629752,0.0095170117,0.00571,0.05994998718946302,0.18406665278423504,0.17875278748905413,convergence,False,False
54186D__29730F,54186D,29730F,2021-06-21,2021-06-28,7,7.5056477238251,7.634587656174901,7.547962960970432,7.571363124613679,0.0031001958759265705,-0.01717905463914968,-0.01407885876322311,-0.03125791340237279,0.019489,0.000192,0.0090370973,0.0090485454,0.001267,-0.014270639585140918,-0.0314496942242906,-0.03271880332909859,convergence,False,False
54186D__29730F,54186D,29730F,2021-08-10,2021-08-13,3,7.3565284017623505,7.28756065191255,7.391625339702555,7.17611157375647,-0.02915647858780112,0.009375040247690553,-0.019781438340110567,-0.010406398092420013,0.019489,8.2e-05,0.0090567405,0.009153737,0.01071,-0.019863630120932483,-0.010488589873241931,-0.020776019326880106,convergence,False,False
54186D__29730F,54186D,29730F,2021-11-05,2021-11-09,4,8.58427399073765,8.63543268308745,8.537349103930712,8.57873268821474,0.004847357625914034,-0.005959582884353353,-0.001112225258439319,-0.007071808142792672,0.019489,0.00011,0.008831191,0.0087788597,-0.005926,-0.0012218142995352095,-0.007181397183888563,-0.0011914428705592276,convergence,False,False
54186D__29730F,54186D,29730F,2022-03-17,2022-03-22,5,11.4821505191255,11.801423577124499,11.19388542358985,11.740940383470143,0.0488708736224365,-0.027806033152691572,0.02106484046974493,-0.006741192682946644,0.019489,0.000137,0.0083903176,0.0082538896,-0.01626,0.020927854168375067,-0.006878178984316506,0.010458538912487237,convergence,False,False
54186D__29730F,54186D,29730F,2023-08-09,2023-08-10,1,13.450518015,14.4845928,0.0,0.0,0.0,-0.07687992268006338,-0.07687992268006338,-0.15375984536012677,0.019489,0.0,0.0,0.0,0.0,-0.07687992268006338,-0.15375984536012677,-0.15375984536012677,overnight_abort,True,False
54186D__29730F,54186D,29730F,2024-06-27,2024-07-02,5,14.77270493,15.3898808558745,14.790786143227292,15.0995049910319,0.020872375870701787,-0.04177812586110459,-0.020905749990402803,-0.06268387585150739,0.019489,0.000137,0.0062167791,0.0061844827,-0.005195,-0.021042736291772664,-0.06282086215287726,-0.057489696362718036,convergence,False,False
54186D__29730F,54186D,29730F,2024-08-05,2024-08-06,1,13.0528688091255,13.649716965,0.0,0.0,0.0,-0.045725438951568484,-0.045725438951568484,-0.09145087790313697,0.019489,0.0,0.0,0.0,0.0,-0.045725438951568484,-0.09145087790313697,-0.09145087790313697,overnight_abort,True,False
54186D__29730F,54186D,29730F,2024-08-08,2024-08-14,6,14.404878495,14.4845928,14.29503109484033,14.276662195960833,-0.0012849848844418384,-0.005533840846187543,-0.006818825730629381,-0.012352666576816924,0.019489,0.000164,0.0068198863,0.006698821,-0.017752,-0.006983209292273217,-0.01251705013846076,0.005532354811973272,convergence,False,False
54186D__29730F,54186D,29730F,2025-02-13,2025-02-19,6,12.8838674741255,12.392373840000001,12.78353526382674,12.654234994462781,-0.010114594022346633,0.03814798895693076,0.028033394934584125,0.06618138389151489,0.019489,0.000164,0.0065640483,0.0066824814,0.018043,0.02786901137294029,0.06601700032987105,0.04847333798990676,convergence,False,False
54186D__29730F,54186D,29730F,2025-04-07,2025-04-08,1,11.959329765,11.7787914008745,0.0,0.0,0.0,0.015096026924005456,0.015096026924005456,0.03019205384801091,0.019489,0.0,0.0,0.0,0.0,0.015096026924005456,0.03019205384801091,0.03019205384801091,overnight_abort,True,False
54186D__29730F,54186D,29730F,2025-04-09,2025-04-10,1,12.08856608,11.76873165,0.0,0.0,0.0,0.026457598683201328,0.026457598683201328,0.052915197366402655,0.019489,0.0,0.0,0.0,0.0,0.026457598683201328,0.052915197366402655,0.052915197366402655,overnight_abort,True,False
54186D__29730F,54186D,29730F,2025-11-13,2025-11-14,1,20.170800430247,20.7310744508745,0.0,0.0,0.0,-0.02777648921593352,-0.02777648921593352,-0.05555297843186704,0.019489,0.0,0.0,0.0,0.0,-0.02777648921593352,-0.05555297843186704,-0.05555297843186704,overnight_abort,True,False
54186Q__317701,54186Q,317701,2021-02-04,2021-02-08,4,15.3945825594,15.805695259999998,15.443205267434355,15.906059373614585,0.029971375641575402,-0.026705024252117272,0.0032663513894581296,-0.023438672862659143,0.007939,0.00011,0.009489917,0.0095615997,0.007554,0.0031567623483622393,-0.023548261903755034,-0.03126989128013455,convergence,False,False
54186Q__317701,54186Q,317701,2021-02-26,2021-03-03,5,15.644433959999999,15.205098859999998,15.632739075702528,14.884957975179285,-0.04783429806523768,0.02808251810984672,-0.01975177995539096,0.008330738154455758,0.007939,0.000137,0.009366804,0.0092614022,-0.011253,-0.019888766256760823,0.008193751853085894,0.019030121628948463,convergence,False,False
54186Q__317701,54186Q,317701,2021-06-21,2021-06-22,1,15.59947869,15.855745960994,0.0,0.0,0.0,-0.016427938143745748,-0.016427938143745748,-0.032855876287491495,0.007939,0.0,0.0,0.0,0.0,-0.016427938143745748,-0.032855876287491495,-0.032855876287491495,overnight_abort,True,False
54186Q__317701,54186Q,317701,2021-09-03,2021-09-07,1,16.273801745964,16.946821413042,0.0,0.0,0.0,-0.04135601979082184,-0.04135601979082184,-0.08271203958164368,0.007939,0.0,0.0,0.0,0.0,-0.04135601979082184,-0.08271203958164368,-0.08271203958164368,overnight_abort,True,False
54186Q__317701,54186Q,317701,2021-09-10,2021-09-14,4,17.287791836958,17.39728072497,17.11518711487835,17.502052855101983,0.02260365239520687,-0.0063333067082594376,0.01627034568694743,0.009937038978687994,0.007939,0.00011,0.0090913223,0.0091428571,0.005669,0.01616075664585154,0.009827449937592103,0.004063422989663806,convergence,False,False
54186Q__317701,54186Q,317701,2022-01-28,2022-02-03,6,15.834246099006,16.15604316,15.857318864422945,16.22549956822931,0.023218345229369466,-0.020322853325754498,0.0028954919036149676,-0.01742736142213953,0.007939,0.000164,0.0086869645,0.0086794254,-0.000868,0.002731108341971132,-0.017591744983783367,-0.01670295971621036,convergence,False,False
54186Q__317701,54186Q,317701,2022-05-13,2022-05-16,1,16.710866870964,17.066951703976,0.0,0.0,0.0,-0.021308579367041336,-0.021308579367041336,-0.04261715873408267,0.007939,0.0,0.0,0.0,0.0,-0.021308579367041336,-0.04261715873408267,-0.04261715873408267,overnight_abort,True,False
54186Q__317701,54186Q,317701,2022-12-21,2022-12-22,1,15.254822619006,15.355248960994,0.0,0.0,0.0,-0.006583252030926919,-0.006583252030926919,-0.013166504061853839,0.007939,0.0,0.0,0.0,0.0,-0.006583252030926919,-0.013166504061853839,-0.013166504061853839,overnight_abort,True,False
54186Q__317701,54186Q,317701,2023-01-20,2023-01-25,5,15.514563179999998,15.7656555,15.327659631053287,15.695143552128712,0.023975214084928954,-0.0161842983967275,0.007790915688201453,-0.008393382708526048,0.007939,0.000137,0.0076525726,0.0076790165,0.003456,0.0076539293868315905,-0.008530369009895912,-0.012056588567275562,convergence,False,False
54186Q__317701,54186Q,317701,2023-02-03,2023-02-07,4,15.09498066,15.04994479,14.810454864509923,14.987429143372024,0.011949280456347213,0.002983499682072434,0.014932780138419647,0.01791627982049208,0.007939,0.00011,0.0075377831,0.0076112189,0.009742,0.014823191097323756,0.01780669077939619,0.008043037158852413,convergence,False,False
54186Q__317701,54186Q,317701,2023-05-11,2023-05-16,5,16.483598999999998,16.466348297017998,16.449609776481765,16.22423207555912,-0.013701097107170998,0.0010465374086084222,-0.012654559698562577,-0.011608022289954154,0.007939,0.000137,0.0073678388,0.0072629553,-0.014235,-0.01279154599993244,-0.011745008591324017,0.0024980201357782668,convergence,False,False
54186Q__317701,54186Q,317701,2023-10-31,2023-11-09,9,14.96510988,15.084979579999999,15.012573223470644,14.976918206103228,-0.002375010388736898,-0.008009944528385838,-0.010384954917122737,-0.018394899445508574,0.007939,0.000247,0.0066244903,0.0066000066,-0.003696,-0.01063153025958849,-0.018641474787974326,-0.0149406374345472,convergence,False,False
54186Q__317701,54186Q,317701,2024-01-10,2024-01-11,1,16.133940905964,16.606487457017998,0.0,0.0,0.0,-0.029288972471649435,-0.029288972471649435,-0.05857794494329887,0.007939,0.0,0.0,0.0,0.0,-0.029288972471649435,-0.05857794494329887,-0.05857794494329887,overnight_abort,True,False
54186Q__317701,54186Q,317701,2024-07-05,2024-07-09,4,13.828740555,13.783588281594,13.772749292203743,13.812876072592127,0.0029134909477440602,0.003265103805109309,0.006178594752853369,0.009443698557962678,0.007939,0.00011,0.0062177451,0.0061848656,-0.005288,0.006069005711757478,0.009334109516866787,0.01466571997669892,convergence,False,False
54186Q__317701,54186Q,317701,2024-08-05,2024-08-07,2,15.1349409,15.435328480993999,15.226186151755984,15.275049269912234,0.003209150188316513,-0.019847291309475705,-0.016638141121159192,-0.036485432430634894,0.007939,5.5e-05,0.0069288065,0.0067895572,-0.020097,-0.016692935641707138,-0.036540226951182836,-0.015965074875386575,convergence,False,False
54186Q__317701,54186Q,317701,2024-11-01,2024-11-08,7,16.014065180994,16.00589406,15.733921922087113,15.917107187290158,0.011642695706141244,0.0005102465177734747,0.012152942223914718,0.012663188741688194,0.007939,0.000192,0.006595436,0.006505546,-0.013629,0.01196116140199691,0.012471407919770385,0.026449721487459384,convergence,False,False
54186Q__317701,54186Q,317701,2024-12-06,2024-12-12,6,16.763319680993998,16.426315543976,16.436023588709872,15.994698470913372,-0.0268510881244812,0.02010366344084515,-0.006747424683636049,0.0133562387572091,0.007939,0.000164,0.0066131006,0.0065080863,-0.01588,-0.006911808245279884,0.013191855195565264,0.028894559042066052,convergence,False,False
54186Q__317701,54186Q,317701,2025-04-07,2025-04-08,1,15.831747584999999,15.975865240993999,0.0,0.0,0.0,-0.009103079443392987,-0.009103079443392987,-0.018206158886785975,0.007939,0.0,0.0,0.0,0.0,-0.009103079443392987,-0.018206158886785975,-0.018206158886785975,overnight_abort,True,False
54186Q__317701,54186Q,317701,2025-04-09,2025-04-10,1,16.593490659006,16.966845297017997,0.0,0.0,0.0,-0.02250006618163614,-0.02250006618163614,-0.04500013236327228,0.007939,0.0,0.0,0.0,0.0,-0.02250006618163614,-0.04500013236327228,-0.04500013236327228,overnight_abort,True,False
54186Q__317701,54186Q,317701,2025-05-14,2025-05-16,2,18.2318595,17.817697203976,17.701997819555732,17.647180955299014,-0.0030966484582978064,0.022716404545789708,0.0196197560874919,0.042336160633281605,0.007939,5.5e-05,0.0068648315,0.0069032164,0.005592,0.019564961566943956,0.04228136611273366,0.0367381478154493,convergence,False,False
54186Q__317701,54186Q,317701,2025-11-05,2025-11-06,1,16.044034361988,16.466348297017998,0.0,0.0,0.0,-0.02632217841857507,-0.02632217841857507,-0.05264435683715014,0.007939,0.0,0.0,0.0,0.0,-0.02632217841857507,-0.05264435683715014,-0.05264435683715014,overnight_abort,True,False
54187L__946076,54187L,946076,2021-02-09,2021-02-10,1,17.71384530234,17.654558148830002,0.0,0.0,0.0,0.0033469386515511098,0.0033469386515511098,0.0066938773031022195,0.020637000000000003,0.0,0.0,0.0,0.0,0.0033469386515511098,0.0066938773031022195,0.0066938773031022195,overnight_abort,True,False
54187L__946076,54187L,946076,2021-05-13,2021-05-14,1,16.769401546919998,16.46752025117,0.0,0.0,0.0,0.018001912286812805,0.018001912286812805,0.03600382457362561,0.020637000000000003,0.0,0.0,0.0,0.0,0.018001912286812805,0.03600382457362561,0.03600382457362561,overnight_abort,True,False
54187L__946076,54187L,946076,2022-02-15,2022-02-17,2,12.167080200000001,12.2726815,24.39901794926223,23.855519025594226,-0.022275442593558896,-0.00867926390425192,-0.030954706497810815,-0.039633970402062735,0.020637000000000003,5.5e-05,0.0086606331,0.0086937622,0.003825,-0.03100950101835876,-0.03968876492261068,-0.04341455519494806,convergence,False,False
54187L__946076,54187L,946076,2022-03-09,2022-03-11,2,10.0646803125,10.170230325,20.375205673901394,20.44517854427206,0.0034342166400947987,-0.010487169907315443,-0.007052953267220644,-0.017540123174536085,0.020637000000000003,5.5e-05,0.0086106686,0.008460952,-0.017387,-0.007107747787768589,-0.01759491769508403,0.00016085721523538215,convergence,False,False
54187L__946076,54187L,946076,2022-08-09,2022-08-10,1,10.4026557565425,10.5826739059575,0.0,0.0,0.0,-0.017305018413377934,-0.017305018413377934,-0.03461003682675587,0.020637000000000003,0.0,0.0,0.0,0.0,-0.017305018413377934,-0.03461003682675587,-0.03461003682675587,overnight_abort,True,False
54187L__946076,54187L,946076,2023-07-13,2023-07-25,12,10.397685544042501,9.969038724404252,20.297871851475122,20.91747049652538,0.030525300858337427,0.04122521476751608,0.07175051562585351,0.11297573039336958,0.020637000000000003,0.000329,0.0072074669,0.0071313955,-0.010555,0.07142174850256584,0.11264696327008192,0.12363969286581322,convergence,False,False
54187L__946076,54187L,946076,2023-10-31,2023-11-07,7,9.0259059,9.2950470988085,18.097192789979378,18.210132768900642,0.006240745746146938,-0.029818746371873848,-0.02357800062572691,-0.05339674699760076,0.020637000000000003,0.000192,0.0066244903,0.006623174,-0.000199,-0.023769781447644717,-0.05358852781951857,-0.053388545953780855,convergence,False,False
54187L__946076,54187L,946076,2024-02-14,2024-02-15,1,9.167060133808501,10.3764516125,0.0,0.0,0.0,-0.131927953022934,-0.131927953022934,-0.263855906045868,0.020637000000000003,0.0,0.0,0.0,0.0,-0.131927953022934,-0.263855906045868,-0.263855906045868,overnight_abort,True,False
54187L__946076,54187L,946076,2024-08-05,2024-08-06,1,7.7336504511915,8.198553323212751,0.0,0.0,0.0,-0.060114285608761246,-0.060114285608761246,-0.12022857121752249,0.020637000000000003,0.0,0.0,0.0,0.0,-0.060114285608761246,-0.12022857121752249,-0.12022857121752249,overnight_abort,True,False
54187L__946076,54187L,946076,2024-08-07,2024-08-16,9,8.8618888875,8.96308122440425,16.110280759267486,18.20532869553021,0.13004416046924205,-0.01141882257709038,0.11862533789215167,0.1072065153150613,0.020637000000000003,0.000247,0.0067895572,0.0068215146,0.004707,0.11837876254968592,0.10695993997259555,0.10166591432413029,convergence,False,False
54187L__946076,54187L,946076,2024-11-12,2024-11-15,3,10.2585186,10.6933292309575,19.898569860974114,21.347075517874043,0.07279446045722097,-0.0423853236428796,0.030409136814341375,-0.011976186828538224,0.020637000000000003,8.2e-05,0.0064325224,0.0064657955,0.005173,0.03032694503351946,-0.012058378609360142,-0.017578998208640575,convergence,False,False
54187L__946076,54187L,946076,2025-04-07,2025-04-08,1,10.4573280940425,10.3814814,0.0,0.0,0.0,0.007252970678591388,0.007252970678591388,0.014505941357182776,0.020637000000000003,0.0,0.0,0.0,0.0,0.007252970678591388,0.014505941357182776,0.014505941357182776,overnight_abort,True,False
54187L__946076,54187L,946076,2025-04-09,2025-04-10,1,10.87482495,11.442766562500001,0.0,0.0,0.0,-0.052225356740110127,-0.052225356740110127,-0.10445071348022025,0.020637000000000003,0.0,0.0,0.0,0.0,-0.052225356740110127,-0.10445071348022025,-0.10445071348022025,overnight_abort,True,False
54187L__946076,54187L,946076,2025-06-27,2025-07-01,4,13.765003518750001,13.208222980957501,26.999587110165653,26.26211364638935,-0.027314249687123433,0.040448993495285454,0.01313474380816202,0.053583737303447475,0.020637000000000003,0.00011,0.0069427565,0.0069596687,0.002436,0.01302515476706613,0.053474148262351584,0.05111049322997317,convergence,False,False
54187M__905324,54187M,905324,2021-06-22,2021-06-28,6,3.3391960000000003,3.2058179416224,3.0932518494084267,2.9416490902220276,-0.04901080370012308,0.039943165473844626,-0.009067638226278457,0.03087552724756617,0.128845,0.000164,0.0090122559,0.0090000892,-0.00135,-0.009232021787922293,0.030711143685922333,0.031996730972615094,convergence,False,False
54187M__905324,54187M,905324,2021-07-07,2021-07-19,12,3.3487368462168003,3.1169127016224003,2.97738352568686,2.885908199203184,-0.030723393776612436,0.06922734011073485,0.038503946334122414,0.10773128644485727,0.128845,0.000329,0.0091070534,0.0091029084,-0.000455,0.03817517921083474,0.1074025193215696,0.10784387842969775,convergence,False,False
54187M__905324,54187M,905324,2021-09-13,2021-09-27,14,3.3105746062168,3.158751402972,2.7848840195202005,2.917418692183598,0.047590733306815264,0.04586007606042088,0.09345080936723615,0.13931088542765702,0.128845,0.000384,0.009114524,0.0087939146,-0.035176,0.09306724772340054,0.1389273237838214,0.17712048936801525,convergence,False,False
54187M__905324,54187M,905324,2021-11-18,2021-12-03,15,3.5109264616224,2.9495617662168,2.7428650413081823,2.6939492374006053,-0.017833835486213746,0.1598907586193626,0.14205692313314885,0.30194768175251147,0.128845,0.000411,0.0087723146,0.0087970082,0.002815,0.14164596422903927,0.3015367228484019,0.2987797379907503,convergence,False,False
54187M__905324,54187M,905324,2022-04-07,2022-04-26,19,3.9307106245943997,3.5771285845944,3.1045427374006302,3.4689400253538305,0.11737551026864027,0.08995371925565873,0.207329229524299,0.29728294877995776,0.128845,0.000521,0.008042787,0.007683147,-0.044716,0.20680868157909352,0.2967624008347523,0.3490655688612149,convergence,False,False
54187M__905324,54187M,905324,2022-05-16,2022-05-18,2,4.760739249188799,4.4138839937832,3.943106759524376,3.791465956148673,-0.03845718937470362,0.07285743605149168,0.034400246676788065,0.10725768272827975,0.128845,5.5e-05,0.0077276767,0.0078195254,0.011886,0.034345452156240124,0.1072028882077318,0.09590853815033834,convergence,False,False
54187M__905324,54187M,905324,2022-06-03,2022-06-23,20,4.970631855405601,4.0164251691888,3.9154425159092554,3.470557210800701,-0.11362325032250974,0.19196889127467642,0.07834564095216669,0.2703145322268431,0.128845,0.000548,0.0075826503,0.0073972704,-0.024448,0.07779769574668724,0.26976658702136364,0.2919797040675566,convergence,False,False
54187M__905324,54187M,905324,2022-06-24,2022-07-26,32,4.6653342216224,4.0373435262168,3.8452912599260305,3.6567425824251303,-0.04903365304622652,0.13460786849847864,0.08557421545225212,0.22018208395073074,0.128845,0.000877,0.0073453798,0.007526436,0.024649,0.084697503123485,0.21930537162196362,0.1964288928865659,convergence,False,False
54187M__905324,54187M,905324,2023-05-18,2023-06-12,25,5.1232806245944,3.6608039999999997,3.4976787498816257,3.4956603849362766,-0.0005770584120732746,0.28545705998881943,0.28488000157674614,0.5703370615655656,0.128845,0.000685,0.0072147469,0.0069873873,-0.031513,0.2841950700698968,0.5696521300587163,0.6021719247222028,convergence,False,False
54187M__905324,54187M,905324,2024-07-24,2024-07-31,7,7.15542,5.1565043383776,4.902742205158616,4.624987519242828,-0.05665292489242802,0.27935685978215125,0.22270393488972323,0.5020607946718745,0.128845,0.000192,0.0065051224,0.0067750673,0.041497,0.22251215406780542,0.5018690138499566,0.4642824157278677,convergence,False,False
54187M__905324,54187M,905324,2024-09-12,2024-10-30,48,7.15542,4.7198221954056,4.628296910268928,4.099490985276841,-0.11425497007739746,0.34038502346394767,0.2261300533865502,0.5665150768504978,0.128845,0.001315,0.0071005072,0.0065774324,-0.073667,0.22481498489339952,0.5652000083573472,0.6356394862876349,convergence,False,False
54187M__905324,54187M,905324,2025-09-22,2025-10-03,11,4.9801726062168,4.7747339416224,4.305901268164576,5.001546520000368,0.16155624769638907,0.041251314128741,0.20280756182513007,0.24405887595387107,0.128845,0.000301,0.0066757902,0.0065329584,-0.021395,0.20250619196211636,0.24375750609085736,0.26915291801629077,convergence,False,False
54187M__905324,54187M,905324,2025-11-28,2025-12-03,5,5.5335249908112,4.4348023508112,5.200336372748891,4.134420865652455,-0.20497049242470342,0.19855745511667605,-0.006413037308027364,0.1921444178086487,0.128845,0.000137,0.0064331431,0.0064476607,0.002257,-0.0065500236093972266,0.19200743150727884,0.1902173372519818,convergence,False,False
54187N__930030,54187N,930030,2021-01-04,2021-01-08,4,11.744394649999998,11.4202452347475,23.293069523872017,22.81239594178866,-0.020635905525063346,0.02760035105364067,0.006964445528577324,0.03456479658221799,0.027478,0.00011,0.0097337801,0.0096376253,-0.009878,0.006854856487481433,0.0344552075411221,0.044226344693696455,convergence,False,False
54187N__930030,54187N,930030,2021-05-06,2021-05-11,5,10.843264875,10.703324509747501,21.361912604289508,21.025483733721828,-0.01574900510079441,0.012905740740055266,-0.002843264360739145,0.010062476379316121,0.027478,0.000137,0.0092068306,0.0091186796,-0.009575,-0.002980250662109008,0.009925490077946257,0.01944032262578128,convergence,False,False
54187N__930030,54187N,930030,2021-10-04,2021-10-06,2,9.387593303899,9.249286999025252,18.446818195208188,18.51814550743365,0.003866645806917078,0.014732882049364465,0.018599527856281543,0.03333240990564601,0.027478,5.5e-05,0.008971426,0.008960172,-0.001254,0.018544733335733598,0.03327761538509807,0.03453847457752302,convergence,False,False
54187N__930030,54187N,930030,2021-11-09,2021-11-16,7,8.9914927,8.436439958601,17.715940042170025,16.987881772308636,-0.04109622566617183,0.06173087827775256,0.020634652611580727,0.0823655308893333,0.027478,0.000192,0.0087788597,0.0087646252,-0.001621,0.02044287178966292,0.08217375006741548,0.08373109170659412,convergence,False,False
54187N__930030,54187N,930030,2022-03-09,2022-03-29,20,10.2491143652525,9.491626197075751,19.883587592548867,18.54085942400566,-0.06752947184673948,0.07390767057345521,0.006378198726715731,0.08028586930017094,0.027478,0.000548,0.0086106686,0.0082186145,-0.045531,0.005830253521236279,0.07973792409469149,0.1242197395748616,convergence,False,False
54187N__930030,54187N,930030,2022-12-29,2023-01-10,12,9.783694898050499,9.33511553652525,19.63956687816678,18.509759464865027,-0.05752710435573574,0.045849688302793803,-0.011677416052941939,0.034172272249851865,0.027478,0.000329,0.0076263108,0.0075483092,-0.010228,-0.01200618317622961,0.03384350512656419,0.04358269199199976,convergence,False,False
54187N__930030,54187N,930030,2023-02-03,2023-02-08,5,10.437261349999998,10.3600103597475,20.94786460632242,20.476557021282286,-0.022499075390141895,0.007401461711265672,-0.015097613678876222,-0.007696151967610551,0.027478,0.000137,0.0075377831,0.007600228,0.008284,-0.015234599980246085,-0.007833138268980414,-0.01586446936683294,convergence,False,False
54187N__930030,54187N,930030,2023-05-17,2023-05-19,2,11.3581971652525,10.7437144097475,21.661173801361826,21.220108099071762,-0.020362040687856665,0.0541003776008443,0.03373833691298764,0.08783871451383193,0.027478,5.5e-05,0.0072085055,0.0072147469,0.000866,0.033683542392439696,0.08778391999328398,0.08693644572370833,convergence,False,False
54187N__930030,54187N,930030,2023-07-31,2023-08-02,2,11.5562476652525,11.258684625,22.589544584776476,22.5954298247674,0.0002605293775993314,0.02574910549444311,0.026009634872042442,0.05175874036648555,0.027478,5.5e-05,0.0069766626,0.0070148364,0.005472,0.025954840351494497,0.051703945845937606,0.04626066203730089,convergence,False,False
54187N__930030,54187N,930030,2023-08-16,2023-08-22,6,11.457221425,11.3192704847475,22.628360254366175,22.533878444173997,-0.004175371486493277,0.012040523189286261,0.007865151702792984,0.019905674892079245,0.027478,0.000164,0.0068568294,0.0069039313,0.006869,0.007700768141149149,0.01974129133043541,0.012947302509923719,convergence,False,False
54187N__930030,54187N,930030,2023-11-13,2023-11-15,2,11.2789769652525,10.72351845,22.471891535033166,21.99226186430799,-0.02134353799178153,0.04924724263235208,0.027903704640570546,0.07715094727292263,0.027478,5.5e-05,0.0066495994,0.0066829285,0.005012,0.0278489101200226,0.07709615275237468,0.0722153973937145,convergence,False,False
54187N__930030,54187N,930030,2024-04-25,2024-05-01,6,12.0513739152525,11.571707359747501,22.191859600919926,23.27228551574739,0.04868568629474738,0.03980181503603678,0.08848750133078416,0.12828931636682095,0.027478,0.000164,0.0063153237,0.0065085095,0.03059,0.08832311776914033,0.12812493280517712,0.09699780865249666,convergence,False,False
54187N__930030,54187N,930030,2024-08-05,2024-08-06,1,10.887826237499999,10.905274009747501,0.0,0.0,0.0,-0.0016025028198382064,-0.0016025028198382064,-0.003205005639676413,0.027478,0.0,0.0,0.0,0.0,-0.0016025028198382064,-0.003205005639676413,-0.003205005639676413,overnight_abort,True,False
54187N__930030,54187N,930030,2024-11-19,2024-11-20,1,13.0960903027525,14.03549025,0.0,0.0,0.0,-0.07173132786432142,-0.07173132786432142,-0.14346265572864283,0.027478,0.0,0.0,0.0,0.0,-0.07173132786432142,-0.14346265572864283,-0.14346265572864283,overnight_abort,True,False
54187N__930030,54187N,930030,2024-12-02,2024-12-09,7,16.1114131262625,15.055335225,30.153298706665364,29.69804041391031,-0.015098125653974306,0.06554843408124365,0.050450308427269344,0.115998742508513,0.027478,0.000192,0.0066844915,0.0065806787,-0.01553,0.05025852760535154,0.11580696168659518,0.1313441769135152,convergence,False,False
54187R__937334,54187R,937334,2021-04-15,2021-04-19,4,18.791780400876,18.688053841313998,18.855640989023097,18.459746317573817,-0.020996086618309734,0.005519783509026464,-0.01547630310928327,-0.009956519600256807,0.043268,0.00011,0.009192443,0.0092511208,0.006383,-0.015585892150379161,-0.010066108641352697,-0.01627571254454978,convergence,False,False
54187R__937334,54187R,937334,2021-06-21,2021-06-23,2,20.281076158686,20.254228194342996,20.414910016822365,19.700275349897566,-0.035005526173562486,0.0013237938723240305,-0.03368173230123846,-0.03235793842891443,0.043268,5.5e-05,0.0090370973,0.0090191657,-0.001984,-0.0337365268217864,-0.03241273294946237,-0.03049416359588373,convergence,False,False
54187R__937334,54187R,937334,2021-08-04,2021-08-10,6,19.791240000000002,20.163292310876,20.080192090500752,19.621152642296146,-0.022860311601389623,-0.018798837812890802,-0.04165914941428042,-0.06045798722717123,0.043268,0.000164,0.0091112014,0.0090567405,-0.005977,-0.041823532975924255,-0.060622370788815064,-0.05474653644687846,convergence,False,False
54187R__937334,54187R,937334,2021-09-03,2021-09-09,6,23.091428775219,23.644251220876,23.32576856109001,23.331583072239102,0.0002492741507687322,-0.023940590729070513,-0.023691316578301782,-0.047631907307372295,0.043268,0.000164,0.0090674154,0.0090962842,0.003184,-0.023855700139945618,-0.04779629086901613,-0.050970773505080155,convergence,False,False
54187R__937334,54187R,937334,2021-09-27,2021-09-30,3,24.996338593905,24.008009406095,24.52840589663013,23.68072744015866,-0.03455905206574921,0.03953895823970765,0.004979906173958437,0.044518864413666086,0.043268,8.2e-05,0.0089674035,0.0090033304,0.004006,0.004897714393136519,0.04443667263284417,0.04058417596201894,convergence,False,False
54187R__937334,54187R,937334,2021-10-05,2021-10-08,3,22.720343025218998,22.537820095218997,22.61975139143417,21.335441616490836,-0.05677824449607733,0.00803345837681259,-0.04874478611926474,-0.04071132774245215,0.043268,8.2e-05,0.0089746458,0.0088249562,-0.016679,-0.04882697790008666,-0.04079351952327406,-0.024794518044639984,convergence,False,False
54187R__937334,54187R,937334,2022-03-09,2022-03-11,2,15.476749185219001,15.263679459313998,15.542126457477394,15.080117284487923,-0.029726252340920623,0.01376708528096417,-0.015959167059956453,-0.0021920817789922824,0.043268,5.5e-05,0.0086106686,0.008460952,-0.017387,-0.016013961580504398,-0.0022468762995402278,0.014922123899110521,convergence,False,False
54187R__937334,54187R,937334,2022-05-12,2022-05-13,1,15.043815810219002,15.500115383467,0.0,0.0,0.0,-0.03033137197399357,-0.03033137197399357,-0.06066274394798714,0.043268,0.0,0.0,0.0,0.0,-0.03033137197399357,-0.06066274394798714,-0.06066274394798714,overnight_abort,True,False
54187R__937334,54187R,937334,2022-08-12,2022-08-16,4,17.253011490876002,17.62709091,17.235001310529878,17.183696204122235,-0.0029767973603980835,-0.021681978205475846,-0.02465877556587393,-0.046340753771349774,0.043268,0.00011,0.0075001869,0.0074060359,-0.012553,-0.02476836460696982,-0.046450342812445665,-0.03377544725168804,convergence,False,False
54187R__937334,54187R,937334,2023-05-26,2023-05-30,1,14.957227650876002,15.217194259124,0.0,0.0,0.0,-0.017380668016560716,-0.017380668016560716,-0.03476133603312143,0.043268,0.0,0.0,0.0,0.0,-0.017380668016560716,-0.03476133603312143,-0.03476133603312143,overnight_abort,True,False
54187R__937334,54187R,937334,2023-08-09,2023-08-15,6,15.783510931314,14.792811814780999,15.215619779302932,14.421113972095378,-0.052216460369776126,0.0627679811446441,0.010551520774867977,0.07331950191951209,0.043268,0.000164,0.0069087015,0.0068327013,-0.011001,0.010387137213224141,0.07315511835786825,0.08369732346913286,convergence,False,False
54187R__937334,54187R,937334,2023-11-14,2023-11-15,1,15.085875658686001,15.697158371752,0.0,0.0,0.0,-0.04052020094133812,-0.04052020094133812,-0.08104040188267624,0.043268,0.0,0.0,0.0,0.0,-0.04052020094133812,-0.08104040188267624,-0.08104040188267624,overnight_abort,True,False
54187R__937334,54187R,937334,2023-12-22,2023-12-27,5,16.352514029124002,16.586340780438,16.343744023200493,16.200960687927502,-0.008736268450503478,-0.014299131674649555,-0.02303540012515303,-0.03733453179980259,0.043268,0.000137,0.007022718,0.0070713856,0.00693,-0.023172386426522893,-0.037471518101172455,-0.0442937209211628,convergence,False,False
54187R__937334,54187R,937334,2024-02-07,2024-02-08,1,17.678523150876,18.252300938157,0.0,0.0,0.0,-0.03245620589367883,-0.03245620589367883,-0.06491241178735765,0.043268,0.0,0.0,0.0,0.0,-0.03245620589367883,-0.06491241178735765,-0.06491241178735765,overnight_abort,True,False
54187R__937334,54187R,937334,2024-08-05,2024-08-06,1,15.308525129562002,16.742965743504,0.0,0.0,0.0,-0.09370207788155757,-0.09370207788155757,-0.18740415576311514,0.043268,0.0,0.0,0.0,0.0,-0.09370207788155757,-0.18740415576311514,-0.18740415576311514,overnight_abort,True,False
54187R__937334,54187R,937334,2024-08-08,2024-08-09,1,17.465763362628,18.096948621752,0.0,0.0,0.0,-0.03613842956755984,-0.03613842956755984,-0.07227685913511968,0.043268,0.0,0.0,0.0,0.0,-0.03613842956755984,-0.07227685913511968,-0.07227685913511968,overnight_abort,True,False
54187R__937334,54187R,937334,2024-11-07,2024-11-12,5,20.088112558248003,20.239072129562,19.40709309151396,19.628514971240826,0.011409327439341496,-0.007514870840964828,0.003894456598376668,-0.0036204142425881602,0.043268,0.000137,0.0065513627,0.0064325224,-0.01814,0.0037574702970068047,-0.0037574005439580233,0.014928300091253045,convergence,False,False
54187R__937334,54187R,937334,2025-04-07,2025-04-10,3,18.494916748686002,19.309471190438,18.8249243220353,18.64621518655851,-0.009493219330906116,-0.04404207127938919,-0.0535352906102953,-0.0975773618896845,0.043268,8.2e-05,0.0068355036,0.0069674273,0.0193,-0.053617482391117216,-0.09765955367050641,-0.11641415472403388,convergence,False,False
54187R__937334,54187R,937334,2025-08-07,2025-08-08,1,18.475121550438,18.794153873066,0.0,0.0,0.0,-0.01726821237722451,-0.01726821237722451,-0.03453642475444902,0.043268,0.0,0.0,0.0,0.0,-0.01726821237722451,-0.03453642475444902,-0.03453642475444902,overnight_abort,True,False
54188U__362347,54188U,362347,2022-08-04,2022-08-19,15,22.8800218250485,22.218932999999996,0.4503909149420975,0.43616547267238,-0.031584656345802035,0.02889371479203578,-0.002690941553766254,0.026202773238269528,0.037180000000000005,0.000411,6.71479e-05,6.71704e-05,0.000335,-0.003101900457875843,0.02579181433415994,0.02546742523967463,convergence,False,False
54188U__362347,54188U,362347,2023-12-06,2023-12-11,5,21.9790737298545,20.502019489806,0.41620136299680005,0.40460505055603124,-0.027862264451204995,0.06720275195410964,0.03934048750290465,0.1065432394570143,0.037180000000000005,0.000137,6.44745e-05,6.40205e-05,-0.007042,0.039203501201534784,0.10640625315564443,0.11330014701681636,convergence,False,False
54188U__362347,54188U,362347,2024-05-30,2024-06-03,4,19.454447084709,18.835589415290997,0.3770758595184187,0.374385816628995,-0.007133956792830188,0.03181060179831161,0.024676645005481425,0.05648724680379304,0.037180000000000005,0.00011,6.15385e-05,6.14062e-05,-0.00215,0.024567055964385534,0.056377657762697146,0.05851679318414171,convergence,False,False
54188U__362347,54188U,362347,2024-07-17,2024-07-19,2,20.048482125,18.951739897499998,0.3777319057363775,0.37283027129934504,-0.012976490369477416,0.05470450185016198,0.041728011480684564,0.09643251333084654,0.037180000000000005,5.5e-05,6.19003e-05,6.16523e-05,-0.004006,0.04167321696013662,0.0963777188102986,0.10034807888426751,convergence,False,False
54188U__362347,54188U,362347,2025-07-11,2025-07-15,4,27.533246804903,24.036849739805998,0.512235599699175,0.506911834865425,-0.010393195703064175,0.12698818595104375,0.11659499024797958,0.2435831761990233,0.037180000000000005,0.00011,6.15574e-05,6.1237e-05,-0.005205,0.11648540120688369,0.2434735871579274,0.24865133949877904,convergence,False,False
54188U__362347,54188U,362347,2025-11-06,2025-11-12,6,23.345345610097,21.511970989806,0.43313934359302747,0.4238105159720575,-0.021537705495844394,0.07853276841179231,0.056995062915947914,0.13552783132774024,0.037180000000000005,0.000164,6.00601e-05,5.97907e-05,-0.004486,0.05683067935430408,0.1353634477660964,0.13977212239508408,convergence,False,False
54189D__945101,54189D,945101,2021-02-01,2021-02-02,1,26.548794916989,27.40431675,0.0,0.0,0.0,-0.032224507202153196,-0.032224507202153196,-0.06444901440430639,0.018441,0.0,0.0,0.0,0.0,-0.032224507202153196,-0.06444901440430639,-0.06444901440430639,overnight_abort,True,False
54189D__945101,54189D,945101,2022-02-01,2022-02-03,2,22.203547198674002,20.0830916184945,21.898428606185487,20.19436038356573,-0.07781691797458112,0.09550075765849414,0.017683839683913016,0.11318459734240716,0.018441,5.5e-05,0.0087370575,0.0086794254,-0.006596,0.01762904516336507,0.11312980282185921,0.1192531744913243,convergence,False,False
54189D__945101,54189D,945101,2022-09-01,2022-09-13,12,18.802916647348002,18.8310381665055,18.358413839326193,18.74382256611765,0.020993574399432037,-0.0014955934595106686,0.019497980939921368,0.0180023874804107,0.018441,0.000329,0.0071319046,0.0069669414,-0.02313,0.019169213816633696,0.017673620357123027,0.04184870057415592,convergence,False,False
54189D__945101,54189D,945101,2022-11-01,2022-11-04,3,18.4325206459945,17.3281753793055,18.335626279956344,17.6680225284771,-0.03641019626414606,0.05991287289994073,0.023502676635794674,0.0834155495357354,0.018441,8.2e-05,0.0067606396,0.0068196542,0.008729,0.023420484854972758,0.08333335775491349,0.07499483131884449,convergence,False,False
54189D__945101,54189D,945101,2023-05-26,2023-05-30,1,21.4229891734945,21.712260650179502,0.0,0.0,0.0,-0.013502853142590476,-0.013502853142590476,-0.027005706285180953,0.018441,0.0,0.0,0.0,0.0,-0.013502853142590476,-0.027005706285180953,-0.027005706285180953,overnight_abort,True,False
54189D__945101,54189D,945101,2023-08-01,2023-08-03,2,24.331427881505498,22.7581511758425,23.797948971642885,22.62405606949737,-0.04932748210966833,0.06466027038465991,0.015332788274991578,0.07999305865965148,0.018441,5.5e-05,0.0069771498,0.0070539273,0.011004,0.015277993754443633,0.07993826413910353,0.06959080007574046,convergence,False,False
54189D__945101,54189D,945101,2023-12-07,2023-12-08,1,19.737596410359004,19.841726967348,0.0,0.0,0.0,-0.005275746591633797,-0.005275746591633797,-0.010551493183267594,0.018441,0.0,0.0,0.0,0.0,-0.005275746591633797,-0.010551493183267594,-0.010551493183267594,overnight_abort,True,False
54189D__945101,54189D,945101,2024-08-05,2024-08-07,2,12.220401729999999,11.022067485663,12.238082083257801,11.064817179351866,-0.09586999792320475,0.09806013507683595,0.0021901371536311998,0.10025027223046715,0.018441,5.5e-05,0.0069288065,0.0067895572,-0.020097,0.0021353426330832544,0.1001954777099192,0.11873858239105985,convergence,False,False
54189D__945101,54189D,945101,2025-04-09,2025-04-10,1,8.1535633005663,7.87434129,0.0,0.0,0.0,0.03424539680055067,0.03424539680055067,0.06849079360110134,0.018441,0.0,0.0,0.0,0.0,0.03424539680055067,0.06849079360110134,0.06849079360110134,overnight_abort,True,False
54189D__945101,54189D,945101,2025-06-20,2025-06-23,1,12.111025654337,12.238919715662998,0.0,0.0,0.0,-0.010560134622470947,-0.010560134622470947,-0.021120269244941894,0.018441,0.0,0.0,0.0,0.0,-0.010560134622470947,-0.021120269244941894,-0.021120269244941894,overnight_abort,True,False
54189D__945101,54189D,945101,2025-08-04,2025-08-06,2,13.986344242000001,13.546281615663,13.808177916094346,13.375835890959724,-0.031310577525996273,0.03146373482039175,0.00015315729439547426,0.03161689211478722,0.018441,5.5e-05,0.0067746083,0.0067693345,-0.000778,9.836277384752906e-05,0.03156209759423928,0.03231677654772342,convergence,False,False
54189D__945101,54189D,945101,2025-10-27,2025-10-29,2,16.307120833978,15.65817291,16.01231932666114,15.716799549787373,-0.018455775883866734,0.03979537102747373,0.021339595143606994,0.06113496617108072,0.018441,5.5e-05,0.0065741893,0.0064882401,-0.013074,0.02128480062305905,0.061080171650532776,0.07408260983518047,convergence,False,False
54189H__140292,54189H,140292,2021-02-08,2021-02-09,1,11.5442890625,11.768506250000002,0.0,0.0,0.0,-0.019422346953208124,-0.019422346953208124,-0.03884469390641625,0.014436,0.0,0.0,0.0,0.0,-0.019422346953208124,-0.03884469390641625,-0.03884469390641625,overnight_abort,True,False
54189H__140292,54189H,140292,2021-07-28,2021-08-02,5,7.94092256743125,7.957513124606251,15.85282718636948,15.815067740956804,-0.0023818745368738552,-0.00208924807339708,-0.0044711226102709355,-0.006560370683668015,0.014436,0.000137,0.0091345048,0.009169685,0.003851,-0.004608108911640798,-0.0066973569850378774,-0.010524795460560028,convergence,False,False
54189H__140292,54189H,140292,2021-11-08,2021-11-09,1,7.4182982492125005,7.516821626968751,0.0,0.0,0.0,-0.013281129235631541,-0.013281129235631541,-0.026562258471263082,0.014436,0.0,0.0,0.0,0.0,-0.013281129235631541,-0.026562258471263082,-0.026562258471263082,overnight_abort,True,False
54189H__140292,54189H,140292,2021-12-06,2021-12-09,3,5.91067425275625,6.065790346506251,11.731098772892734,12.036468578002598,0.026030793109975983,-0.026243383938417485,-0.0002125908284415015,-0.026455974766858986,0.014436,8.2e-05,0.0088039786,0.0088195088,0.001764,-0.0002947826092634193,-0.026538166547680903,-0.028344895673361556,convergence,False,False
54189H__140292,54189H,140292,2022-03-16,2022-03-23,7,5.1793296875,5.4560783101375,10.321841915734622,10.811584442764914,0.04744720283728906,-0.053433289505670264,-0.005986086668381206,-0.05941937617405147,0.014436,0.000192,0.008432058,0.0081736068,-0.030651,-0.006177867490299014,-0.05961115699596928,-0.026490651797463953,convergence,False,False
54189H__140292,54189H,140292,2022-11-10,2022-11-11,1,6.19647440743125,6.016961562106251,0.0,0.0,0.0,0.02897015843553146,0.02897015843553146,0.05794031687106292,0.014436,0.0,0.0,0.0,0.0,0.02897015843553146,0.05794031687106292,0.05794031687106292,overnight_abort,True,False
54189H__140292,54189H,140292,2023-06-12,2023-06-16,4,5.5537390625,5.814143375787501,11.080971653681301,11.475647253320364,0.03561741803643589,-0.04688810733759624,-0.011270689301160354,-0.058158796638756595,0.014436,0.00011,0.0071319046,0.0070693855,-0.008766,-0.011380278342256245,-0.058268385679852486,-0.04910975811314793,convergence,False,False
54189H__140292,54189H,140292,2023-09-14,2023-09-15,1,5.703504559743751,5.583781626575001,0.0,0.0,0.0,0.020991117288442857,0.020991117288442857,0.04198223457688571,0.014436,0.0,0.0,0.0,0.0,0.020991117288442857,0.04198223457688571,0.04198223457688571,overnight_abort,True,False
54189H__140292,54189H,140292,2024-02-08,2024-02-09,1,6.654503623425001,6.70053549803125,0.0,0.0,0.0,-0.0069174016893175415,-0.0069174016893175415,-0.013834803378635083,0.014436,0.0,0.0,0.0,0.0,-0.0069174016893175415,-0.013834803378635083,-0.013834803378635083,overnight_abort,True,False
54189H__140292,54189H,140292,2024-08-05,2024-08-16,11,6.04047050118125,7.071121002362501,12.193835071389124,14.156164395225161,0.16092798634289618,-0.1706242089883066,-0.009696222645410424,-0.18032043163371703,0.014436,0.000301,0.0069288065,0.0068215146,-0.015485,-0.009997592508424122,-0.18062180149673074,-0.1623621954236303,convergence,False,False
54189H__140292,54189H,140292,2025-04-09,2025-04-10,1,5.9256538726375005,5.503653623425,0.0,0.0,0.0,0.0712158115007599,0.0712158115007599,0.1424316230015198,0.014436,0.0,0.0,0.0,0.0,0.0712158115007599,0.1424316230015198,0.1424316230015198,overnight_abort,True,False
54189H__140292,54189H,140292,2025-09-22,2025-09-25,3,15.49805131368125,16.250552872637503,30.787918590406896,32.55661829904133,0.05744784933871884,-0.04855459204035316,0.008893257298365681,-0.03966133474198748,0.014436,8.2e-05,0.0067156912,0.0066887391,-0.004013,0.008811065517543763,-0.039743526522809394,-0.03548256795437556,convergence,False,False
54189H__140292,54189H,140292,2025-10-01,2025-10-02,1,16.06465849960625,16.55353106289375,0.0,0.0,0.0,-0.030431556531343835,-0.030431556531343835,-0.06086311306268767,0.014436,0.0,0.0,0.0,0.0,-0.030431556531343835,-0.06086311306268767,-0.06086311306268767,overnight_abort,True,False
54189H__140292,54189H,140292,2025-10-06,2025-10-09,3,17.84934168946875,18.729453501575,35.252618344451655,37.491877121481515,0.06352035344297463,-0.04930780235024146,0.014212551092733172,-0.035095251257508286,0.014436,8.2e-05,0.0065830618,0.0066148499,0.004829,0.014130359311911254,-0.0351774430383302,-0.04028826064694767,convergence,False,False
54189H__140292,54189H,140292,2025-11-05,2025-11-06,1,19.034971376968752,18.2261595601375,0.0,0.0,0.0,0.04249083441280447,0.04249083441280447,0.08498166882560894,0.014436,0.0,0.0,0.0,0.0,0.04249083441280447,0.08498166882560894,0.08498166882560894,overnight_abort,True,False
54189H__140292,54189H,140292,2025-12-11,2025-12-15,4,14.739250060925,13.168206561318751,28.81563298419072,26.510615031663264,-0.07999192500099067,0.10658910684819838,0.026597181847207704,0.13318628869540608,0.014436,0.00011,0.0064174555,0.0064632881,0.007142,0.026487592806111813,0.13307669965431018,0.12655271968532197,convergence,False,False
54189K__922934,54189K,922934,2021-02-22,2021-02-25,3,9.321807733333337,9.053109500000005,18.64389784515598,17.746570986041053,-0.04812978844700482,0.028824691628481964,-0.019305096818522858,0.009519594809959106,0.039345,8.2e-05,0.0094451004,0.0093813022,-0.006755,-0.019387288599344774,0.009437403029137188,0.015910662800120705,convergence,False,False
54189K__922934,54189K,922934,2021-06-21,2021-06-23,2,8.366650673333336,8.542074160000002,16.87338685870342,16.80110619461056,-0.004283708107810926,-0.02096699067713991,-0.025250698784950835,-0.04621768946209075,0.039345,5.5e-05,0.0090370973,0.0090191657,-0.001984,-0.02530549330549878,-0.04627248398263869,-0.04429283455013141,convergence,False,False
54189K__922934,54189K,922934,2021-08-24,2021-08-26,2,10.831678000000005,10.613290916868005,21.303856991217067,20.546818616642025,-0.03553527302061531,0.020161888410272222,-0.015373384610343085,0.004788503799929136,0.039345,5.5e-05,0.0090904951,0.0091045651,0.001548,-0.01542817913089103,0.004733709279381191,0.0032432461370395967,convergence,False,False
54189K__922934,54189K,922934,2021-12-20,2021-12-22,2,12.591000498076005,12.055017726264005,23.914627409892923,23.55935627157461,-0.014855809050629165,0.04256871976884616,0.027712910718216993,0.07028163048706315,0.039345,5.5e-05,0.0087646252,0.008742405,-0.002535,0.027658116197669048,0.0702268359665152,0.07273073517408271,convergence,False,False
54189K__922934,54189K,922934,2022-01-31,2022-02-01,1,9.666452689798671,10.464379956868004,0.0,0.0,0.0,-0.08254602724238361,-0.08254602724238361,-0.16509205448476721,0.039345,0.0,0.0,0.0,0.0,-0.08254602724238361,-0.16509205448476721,-0.16509205448476721,overnight_abort,True,False
54189K__922934,54189K,922934,2022-02-07,2022-02-10,3,11.930268140076006,11.378149726264004,23.78444000263104,22.173926882597176,-0.06771288791561665,0.04627879334558563,-0.021434094570031023,0.024844698775554605,0.039345,8.2e-05,0.0086542615,0.0086546367,4.3e-05,-0.02151628635085294,0.02476250699473269,0.024722090032521793,convergence,False,False
54189K__922934,54189K,922934,2022-11-22,2022-11-29,7,9.059222256465338,8.474388036868003,17.17088363480011,16.689387373165154,-0.028041437579782457,0.06455678015626048,0.036515342576478024,0.10107212273273851,0.039345,0.000192,0.0071882969,0.0072440146,0.007751,0.03632356175456022,0.1008803419108207,0.0934044740966723,convergence,False,False
54189K__922934,54189K,922934,2023-04-24,2023-04-26,2,7.477140803132003,7.662145760000003,15.272357925754836,14.892384375635842,-0.024879822223012327,-0.024742740806820943,-0.04962256302983327,-0.07436530383665421,0.039345,5.5e-05,0.0074783123,0.007465193,-0.001754,-0.04967735755038121,-0.07442009835720216,-0.07270642609872083,convergence,False,False
54189K__922934,54189K,922934,2023-07-31,2023-08-02,2,7.017614413333336,7.168032796868004,14.089050129357325,14.198832927163265,0.0077920652420126885,-0.021434404154334282,-0.013642338912321594,-0.035076743066655876,0.039345,5.5e-05,0.0069766626,0.0070148364,0.005472,-0.013697133432869539,-0.03513153758720382,-0.04061580700511014,convergence,False,False
54189K__922934,54189K,922934,2023-10-17,2023-10-19,2,7.614998523132003,7.851669476868003,15.510253537512579,15.473764075438323,-0.0023526025532724887,-0.031079579729013304,-0.03343218228228579,-0.0645117620112991,0.039345,5.5e-05,0.0066697792,0.0066731173,0.0005,-0.03348697680283373,-0.06456655653184705,-0.06506561066617433,convergence,False,False
54189K__922934,54189K,922934,2023-10-31,2023-11-06,6,7.647821133333337,7.980273720000002,15.635589020509343,15.71924387783096,0.005350284994820888,-0.0434702356227524,-0.03811995062793151,-0.08159018625068391,0.039345,0.000164,0.0066244903,0.0066504834,0.003924,-0.038284334189575345,-0.08175456981232775,-0.08568393387823878,convergence,False,False
54189K__922934,54189K,922934,2023-12-08,2023-12-13,5,8.06795894666667,8.332245756868003,16.354131263438678,16.63358797883487,0.01708783614944729,-0.032757579946601695,-0.015669743797154405,-0.0484273237437561,0.039345,0.000137,0.0068415831,0.0070482093,0.030202,-0.015806730098524267,-0.048564310045125965,-0.07838138636971585,convergence,False,False
54189K__922934,54189K,922934,2024-04-26,2024-04-30,1,7.647821133333337,7.8110567200000025,0.0,0.0,0.0,-0.021344064383932417,-0.021344064383932417,-0.04268812876786483,0.039345,0.0,0.0,0.0,0.0,-0.021344064383932417,-0.04268812876786483,-0.04268812876786483,overnight_abort,True,False
54189K__922934,54189K,922934,2024-08-05,2024-08-07,2,6.951968536465337,7.100345320000003,14.242934110161247,13.898319311921103,-0.024195491994468177,-0.021343132201531383,-0.045538624195999564,-0.06688175639753094,0.039345,5.5e-05,0.0069288065,0.0067895572,-0.020097,-0.045593418716547505,-0.06693655091807889,-0.04692344981678544,convergence,False,False
54189K__922934,54189K,922934,2025-01-31,2025-02-04,4,7.5230931138792,7.0258899415302,14.562771882310898,13.997267194044271,-0.038832214968191156,0.06609025899622589,0.027258044028034736,0.09334830302426063,0.039345,0.00011,0.0064614092,0.0065526501,0.014121,0.027148454986938846,0.09323871398316474,0.0798551497123808,convergence,False,False
54189K__922934,54189K,922934,2025-04-09,2025-04-10,1,7.6117151461208,7.8076719738791995,0.0,0.0,0.0,-0.025744109441387327,-0.025744109441387327,-0.051488218882774654,0.039345,0.0,0.0,0.0,0.0,-0.025744109441387327,-0.051488218882774654,-0.051488218882774654,overnight_abort,True,False
54189K__922934,54189K,922934,2025-05-12,2025-05-14,2,7.7003380645906,7.5132344954093995,15.43535213122548,14.899926683565763,-0.03468825609598889,0.024298098033069676,-0.010390158062919215,0.013907939970150461,0.039345,5.5e-05,0.0067805804,0.0068648315,0.012425,-0.01044495258346716,0.013853145449602516,0.002006011799369236,convergence,False,False
54189K__922934,54189K,922934,2025-07-28,2025-07-30,2,8.6850360645906,8.548842941530198,16.639155749921493,16.741869967044583,0.006173042591032574,0.015681353773033684,0.021854396364066258,0.03753575013709994,0.039345,5.5e-05,0.0067358206,0.0066332787,-0.015223,0.021799601843518313,0.037480955616552,0.05303508807235636,convergence,False,False
54189M__930777,54189M,930777,2021-06-21,2021-06-23,2,16.6733525711312,16.5092540466516,33.355206781354916,32.64241681260046,-0.021369676207580773,0.009841963323184787,-0.011527712884395986,-0.0016857495612111993,0.014849000000000001,5.5e-05,0.0090370973,0.0090191657,-0.001984,-0.011582507404943931,-0.0017405440817591445,0.00020513560722987286,convergence,False,False
54189M__930777,54189M,930777,2021-07-09,2021-07-12,1,16.3547835897376,16.690055101303198,0.0,0.0,0.0,-0.02049990510274778,-0.02049990510274778,-0.04099981020549556,0.014849000000000001,0.0,0.0,0.0,0.0,-0.02049990510274778,-0.04099981020549556,-0.04099981020549556,overnight_abort,True,False
54189M__930777,54189M,930777,2021-10-27,2021-10-28,1,17.9595985075204,18.1646032004796,0.0,0.0,0.0,-0.011414770373255077,-0.011414770373255077,-0.022829540746510155,0.014849000000000001,0.0,0.0,0.0,0.0,-0.011414770373255077,-0.022829540746510155,-0.022829540746510155,overnight_abort,True,False
54189M__930777,54189M,930777,2022-01-27,2022-02-02,6,16.3428314986968,17.4574614546516,32.711418138622925,34.51499509842774,0.055136006398796296,-0.06820298894005501,-0.013066982541258716,-0.08126997148131374,0.014849000000000001,0.000164,0.0086764124,0.0086979204,0.002479,-0.013231366102902552,-0.08143435504295757,-0.08404346896697384,convergence,False,False
54189M__930777,54189M,930777,2022-07-27,2022-07-28,1,12.384557707520402,12.808837672914,0.0,0.0,0.0,-0.03425879029462298,-0.03425879029462298,-0.06851758058924597,0.014849000000000001,0.0,0.0,0.0,0.0,-0.03425879029462298,-0.06851758058924597,-0.06851758058924597,overnight_abort,True,False
54189M__930777,54189M,930777,2022-10-27,2022-10-31,4,10.8315066453484,10.442337382696799,21.342772862690254,20.8893083574214,-0.021246747467456088,0.035929374868521165,0.014682627401065077,0.050612002269586245,0.014849000000000001,0.00011,0.0067812701,0.0067433157,-0.005597,0.014573038359969186,0.050502413228490355,0.05601127475901633,convergence,False,False
54189M__930777,54189M,930777,2023-01-26,2023-01-27,1,14.1008726448688,14.235161791520401,0.0,0.0,0.0,-0.009523463549645408,-0.009523463549645408,-0.019046927099290817,0.014849000000000001,0.0,0.0,0.0,0.0,-0.009523463549645408,-0.019046927099290817,-0.019046927099290817,overnight_abort,True,False
54189M__930777,54189M,930777,2024-01-18,2024-01-23,5,19.393173657827997,19.687364231199002,38.51969256672959,39.670406467525396,0.0298733926498081,-0.015169800392740527,0.014703592257067572,-0.0004662081356729547,0.014849000000000001,0.000137,0.0067496878,0.0067794307,0.004407,0.014566605955697708,-0.0006031944370428178,-0.005121482577408903,convergence,False,False
54189M__930777,54189M,930777,2024-07-26,2024-07-29,1,21.354394363371,22.148280867828,0.0,0.0,0.0,-0.037176727700540445,-0.037176727700540445,-0.07435345540108089,0.014849000000000001,0.0,0.0,0.0,0.0,-0.037176727700540445,-0.07435345540108089,-0.07435345540108089,overnight_abort,True,False
54189M__930777,54189M,930777,2024-08-05,2024-08-06,1,19.094507771198998,20.08914,0.0,0.0,0.0,-0.05208996433525485,-0.05208996433525485,-0.1041799286705097,0.014849000000000001,0.0,0.0,0.0,0.0,-0.05208996433525485,-0.1041799286705097,-0.1041799286705097,overnight_abort,True,False
54189M__930777,54189M,930777,2025-04-07,2025-04-08,1,12.43433207,12.766649474457,0.0,0.0,0.0,-0.02672579456509554,-0.02672579456509554,-0.05345158913019108,0.014849000000000001,0.0,0.0,0.0,0.0,-0.02672579456509554,-0.05345158913019108,-0.05345158913019108,overnight_abort,True,False
54189M__930777,54189M,930777,2025-04-09,2025-04-10,1,13.857959555543,13.379367239999999,0.0,0.0,0.0,0.034535554359557206,0.034535554359557206,0.06907110871911441,0.014849000000000001,0.0,0.0,0.0,0.0,0.034535554359557206,0.06907110871911441,0.06907110871911441,overnight_abort,True,False
54189M__930777,54189M,930777,2025-04-25,2025-04-28,1,14.773859115543,15.408371384457,0.0,0.0,0.0,-0.04294830916902774,-0.04294830916902774,-0.08589661833805548,0.014849000000000001,0.0,0.0,0.0,0.0,-0.04294830916902774,-0.08589661833805548,-0.08589661833805548,overnight_abort,True,False
54189X__930759,54189X,930759,2021-02-26,2021-03-03,5,24.602730310512,25.359744588464004,4.915406363779943,4.9750131942524245,0.012126531574623243,-0.03076952307315881,-0.018642991498535565,-0.04941251457169438,0.016252,0.000137,0.009366804,0.0092614022,-0.011253,-0.018779977799905426,-0.04954950087306424,-0.03803073125784115,convergence,False,False
54189X__930759,54189X,930759,2021-04-26,2021-04-28,2,26.573332214232,25.786748731536,5.19714813798119,5.09776651013044,-0.019122338869746857,0.029600483535697678,0.01047814466595082,0.040078628201648495,0.016252,5.5e-05,0.0092000544,0.0091503858,-0.005399,0.010423350145402875,0.04002383368110055,0.04534807041433341,convergence,False,False
54189X__930759,54189X,930759,2021-06-21,2021-06-22,1,26.463854054232,26.736238844744,0.0,0.0,0.0,-0.01029271057623751,-0.01029271057623751,-0.02058542115247502,0.016252,0.0,0.0,0.0,0.0,-0.01029271057623751,-0.02058542115247502,-0.02058542115247502,overnight_abort,True,False
54189X__930759,54189X,930759,2023-10-04,2023-10-10,6,13.286668595256002,13.393237520000001,2.641723535308895,2.6859775373074726,0.016751942967189855,-0.008020740788405771,0.008731202178784083,0.000710461390378312,0.016252,0.000164,0.0067335533,0.0067042098,-0.004358,0.008566818617140247,0.0005460778287344765,0.004996275768312426,convergence,False,False
54189X__930759,54189X,930759,2024-07-08,2024-07-12,4,11.615434720056001,11.855980204744,2.2701653853751393,2.360088083488275,0.039610637485901184,-0.020709124581678968,0.018901512904222217,-0.001807611677456751,0.016252,0.00011,0.0061986673,0.0063149253,0.018755,0.018791923863126326,-0.0019172007185526414,-0.02105646963323581,convergence,False,False
54189X__930759,54189X,930759,2024-08-02,2024-08-06,4,13.162261595256002,13.041577120000001,2.5015832838391883,2.560586326397083,0.023586279513086013,0.009168977107968905,0.03275525662105492,0.04192423372902382,0.016252,0.00011,0.0069350527,0.0068168645,-0.017042,0.03264566757995903,0.04181464468792793,0.05956119369449068,convergence,False,False
54189X__930759,54189X,930759,2025-04-07,2025-04-08,1,10.106824679999999,10.268484684744001,0.0,0.0,0.0,-0.015995132978204783,-0.015995132978204783,-0.031990265956409566,0.016252,0.0,0.0,0.0,0.0,-0.015995132978204783,-0.031990265956409566,-0.031990265956409566,overnight_abort,True,False
54189X__930759,54189X,930759,2025-04-09,2025-04-10,1,10.679096880000001,10.253412520000001,0.0,0.0,0.0,0.0398614568987785,0.0398614568987785,0.079722913797557,0.016252,0.0,0.0,0.0,0.0,0.0398614568987785,0.079722913797557,0.079722913797557,overnight_abort,True,False
54189X__930759,54189X,930759,2025-05-14,2025-05-21,7,12.781575179999999,11.67010156,2.4342356705466495,2.3162031927652635,-0.04848851703618315,0.08695904881420087,0.03847053177801772,0.1254295805922186,0.016252,0.000192,0.0068648315,0.0069437211,0.011492,0.038278750956099915,0.12523779977030078,0.1144274058611296,convergence,False,False
54189X__930759,54189X,930759,2025-07-14,2025-07-16,2,12.84875496,11.901193684744001,2.4836021291478816,2.414173901024592,-0.027954649945122284,0.07374732246088375,0.04579267251576147,0.11953999497664522,0.016252,5.5e-05,0.0067170445,0.0067287954,0.001749,0.045737877995213526,0.11948520045609727,0.11778765921357999,convergence,False,False
54189X__930759,54189X,930759,2025-09-11,2025-09-19,8,16.770070566792,15.651400664744001,3.343701395230481,3.14529678805206,-0.059336819807363474,0.06670633242672118,0.007369512619357706,0.07407584504607889,0.016252,0.000219,0.0067718562,0.0067695636,-0.000339,0.007150334537165925,0.07385666696388711,0.07417523467878513,convergence,False,False
54189X__930759,54189X,930759,2025-10-14,2025-10-24,10,15.356801075256001,15.322346000000001,3.079581402446731,3.1161629018796275,0.01187872462271408,0.002243636229130853,0.014122360851844934,0.016365997080975785,0.016252,0.000274,0.0066476102,0.0065412919,-0.015993,0.013848388249105208,0.01609202447823606,0.0325385043865941,convergence,False,False
54190Q__982367,54190Q,982367,2021-01-12,2021-01-15,3,12.798276552492005,12.76147562721034,12.295392586702963,12.437189805923675,0.011532549141542666,0.0028754594519603684,0.014408008593503035,0.017283468045463404,0.019115,8.2e-05,0.0096278814,0.0096251013,-0.000289,0.014325816812681117,0.017201276264641487,0.017493445827560225,convergence,False,False
54190Q__982367,54190Q,982367,2021-02-12,2021-02-16,1,13.368562332492006,13.659892579043673,0.0,0.0,0.0,-0.02179218971389276,-0.02179218971389276,-0.04358437942778552,0.019115,0.0,0.0,0.0,0.0,-0.02179218971389276,-0.04358437942778552,-0.04358437942778552,overnight_abort,True,False
54190Q__982367,54190Q,982367,2021-05-12,2021-05-14,2,14.204093996877006,15.153456306877006,14.256539298542313,14.947842360925359,0.04849024352310588,-0.06683723088630165,-0.018346987363195774,-0.08518421824949743,0.019115,5.5e-05,0.0091353401,0.009157089,0.002381,-0.01840178188374372,-0.08523901277004538,-0.08772927025879088,convergence,False,False
54190Q__982367,54190Q,982367,2021-06-21,2021-06-23,2,15.318145941861008,15.28079828084134,15.186223995689296,15.102890927820827,-0.005487412005257148,0.0024381319489589957,-0.003049280056298152,-0.0006111481073391564,0.019115,5.5e-05,0.0090370973,0.0090191657,-0.001984,-0.0031040745768460974,-0.0006659426278871016,0.0013113136412693505,convergence,False,False
54190Q__982367,54190Q,982367,2021-10-07,2021-10-12,5,14.700110664000006,13.993995111051673,14.808396321152642,14.057001330628678,-0.050741145376468295,0.04803471001599888,-0.0027064353604694183,0.04532827465552946,0.019115,0.000137,0.0089098758,0.0088304119,-0.008919,-0.0028434216618392814,0.045191288354159594,0.05373356379409905,convergence,False,False
54190Q__982367,54190Q,982367,2022-01-25,2022-01-28,3,15.735906137508007,15.729837863754007,15.767241793522546,15.812409116968333,0.00286463060802063,0.0003856323049319401,0.00325026291295257,0.00363589521788451,0.019115,8.2e-05,0.0087225776,0.0086869645,-0.004083,0.0031680711321306525,0.0035537034370625924,0.007665049624365008,convergence,False,False
54190Q__982367,54190Q,982367,2022-01-31,2022-02-01,1,17.101938191262008,17.023338445404676,0.0,0.0,0.0,0.004595955439570669,0.004595955439570669,0.009191910879141337,0.019115,0.0,0.0,0.0,0.0,0.004595955439570669,0.009191910879141337,0.009191910879141337,overnight_abort,True,False
54190Q__982367,54190Q,982367,2022-07-07,2022-07-20,13,13.653700580631007,12.89485083459534,13.663406488510814,12.886834238317048,-0.05683591795697247,0.05557832043806225,-0.0012575975189102265,0.05432072291915202,0.019115,0.000356,0.007347808,0.007278815,-0.00939,-0.0016137619024718703,0.05396455853559037,0.06290443673175194,convergence,False,False
54190Q__982367,54190Q,982367,2022-10-06,2022-10-11,5,13.262460000000006,11.943153501682675,12.64414147943022,11.922120405055711,-0.05710321064890872,0.09947675607069359,0.04237354542178487,0.14185030149247846,0.019115,0.000137,0.0068801812,0.0068066569,-0.010686,0.042236559120415004,0.1417133151911086,0.15189831899367806,convergence,False,False
54190Q__982367,54190Q,982367,2023-01-12,2023-01-18,6,15.326098776000006,15.501968361051675,15.468599826530628,15.506022440033584,0.0024192631474486597,-0.011475169749465131,-0.00905590660201647,-0.020531076351481603,0.019115,0.000164,0.0078189133,0.0077860396,-0.004204,-0.009220290163660307,-0.02069545991312544,-0.016463111784439988,convergence,False,False
54190Q__982367,54190Q,982367,2023-06-02,2023-06-08,6,14.422925250000006,14.610587947508007,14.537858897005385,14.445773391161636,-0.006334186244077415,-0.013011417188617895,-0.01934560343269531,-0.0323570206213132,0.019115,0.000164,0.0071653769,0.0071759176,0.001471,-0.019509986994339146,-0.032521404182957035,-0.033980999154205965,convergence,False,False
54190Q__982367,54190Q,982367,2023-07-11,2023-07-12,1,14.469349164984008,15.093140057718342,0.0,0.0,0.0,-0.04311119219127805,-0.04311119219127805,-0.0862223843825561,0.019115,0.0,0.0,0.0,0.0,-0.04311119219127805,-0.0862223843825561,-0.0862223843825561,overnight_abort,True,False
54190Q__982367,54190Q,982367,2023-11-30,2023-12-01,1,13.030362971262006,13.203141556035673,0.0,0.0,0.0,-0.013259690858552739,-0.013259690858552739,-0.026519381717105477,0.019115,0.0,0.0,0.0,0.0,-0.013259690858552739,-0.026519381717105477,-0.026519381717105477,overnight_abort,True,False
54190Q__982367,54190Q,982367,2024-03-04,2024-03-07,3,14.74122429,14.9842275275,14.490212542456488,14.776419110431604,0.01975171634898572,-0.016484603498289216,0.0032671128506965054,-0.01321749064759271,0.019115,8.2e-05,0.0066646673,0.0067992521,0.020194,0.0031849210698745877,-0.013299682428414629,-0.03348470848363108,convergence,False,False
54190Q__982367,54190Q,982367,2024-04-09,2024-04-11,2,14.78101167,13.4209629303155,14.402974635030299,12.93943014600432,-0.10161404335646118,0.09201323766254083,-0.009600805693920356,0.08241243196862047,0.019115,5.5e-05,0.0065280543,0.00652337,-0.000718,-0.009655600214468301,0.08235763744807252,0.08300275022516555,convergence,False,False
54190Q__982367,54190Q,982367,2024-08-05,2024-08-06,1,11.5383411946845,11.6214481853155,0.0,0.0,0.0,-0.007202680977165599,-0.007202680977165599,-0.014405361954331198,0.019115,0.0,0.0,0.0,0.0,-0.007202680977165599,-0.014405361954331198,-0.014405361954331198,overnight_abort,True,False
54190Q__982367,54190Q,982367,2024-11-19,2024-11-21,2,17.2677239146845,16.5374369590535,17.056640173295712,16.12464457348551,-0.054641218337322675,0.042292021764950775,-0.0123491965723719,0.029942825192578876,0.019115,5.5e-05,0.0064335574,0.0064618263,0.004394,-0.012403991092919845,0.02988803067203093,0.02575231862682408,convergence,False,False
54190Q__982367,54190Q,982367,2025-04-07,2025-04-10,3,13.0701553246845,13.622026030315501,13.070007631140367,13.18195579944746,0.008565271839655773,-0.04222372970493549,-0.03365845786527972,-0.07588218757021521,0.019115,8.2e-05,0.0068355036,0.0069674273,0.0193,-0.033740649646101635,-0.07596437935103713,-0.09506090617846354,convergence,False,False
54233V__28557J,54233V,28557J,2021-07-09,2021-07-13,4,6.4914404999999995,6.4777431529700005,13.108442562973446,12.965712782061546,-0.010888385880032698,0.0021100627865262003,-0.008778323093506499,-0.006668260306980298,0.028369,0.00011,0.0090608427,0.0090904951,0.003273,-0.00888791213460239,-0.006777849348076188,-0.01000424492982289,convergence,False,False
54233V__28557J,54233V,28557J,2021-11-12,2021-11-16,4,6.512780465470001,6.3628963,13.038252253196202,12.962311886065335,-0.005824428432288623,0.023013851958417576,0.017189423526128955,0.04020327548454653,0.028369,0.00011,0.008762322,0.0087646252,0.000263,0.017079834485033064,0.04009368644345064,0.03983243338080559,convergence,False,False
54233V__28557J,54233V,28557J,2023-05-01,2023-05-08,7,6.14403885297,6.135218451485001,12.267934517009934,12.537613867987295,0.02198245765034373,0.0014356031425054113,0.02341806079284914,0.024853663935354552,0.028369,0.000192,0.0073230566,0.0073948088,0.009798,0.023226279970931334,0.024661883113436745,0.014745536162340549,convergence,False,False
54233V__28557J,54233V,28557J,2023-07-28,2023-08-02,5,8.6056253492575,7.5053161492575,16.626619480773584,15.67669413004695,-0.05713280151897942,0.12785929613992952,0.0707264946209501,0.19858579076087962,0.028369,0.000137,0.0070276538,0.0070148364,-0.001824,0.07058950831958023,0.19844880445950977,0.20017159674441778,convergence,False,False
54233V__28557J,54233V,28557J,2024-02-20,2024-02-22,2,8.6453283492575,8.401924701485001,16.80667746263855,16.820715787510032,0.0008352825775760439,0.028154355501535583,0.028989638079111625,0.05714399358064721,0.028369,5.5e-05,0.0066535813,0.0066438561,-0.001462,0.02893484355856368,0.057089199060099266,0.05855421021380631,convergence,False,False
54233V__28557J,54233V,28557J,2024-02-27,2024-02-29,2,8.923249051485,8.6235585037125,17.504793988226336,17.410820524168802,-0.005368441589243498,0.03358536179404576,0.028216920204802265,0.061802281998848026,0.028369,5.5e-05,0.0066363606,0.0066613376,0.003764,0.02816212568425432,0.061747487478300084,0.05801806946555368,convergence,False,False
54233V__28557J,54233V,28557J,2024-04-30,2024-05-02,2,8.387258650742499,8.3817756977725,16.741851756733645,16.806017200371112,0.0038326371879179744,0.0006537240829592501,0.004486361270877225,0.005140085353836475,0.028369,5.5e-05,0.0064731199,0.0064643326,-0.001358,0.004431566750329279,0.0050852908332885294,0.006449852200808776,convergence,False,False
54233V__28557J,54233V,28557J,2024-07-05,2024-07-11,6,9.60812639703,9.4395721492575,18.841919583490384,18.616771173268493,-0.011949335057090997,0.01754288409700793,0.005593549039916934,0.023136433136924865,0.028369,0.000164,0.0062177451,0.0063333224,0.018588,0.005429165478273099,0.02297204957528103,0.004941035061112966,convergence,False,False
54233V__28557J,54233V,28557J,2024-08-05,2024-08-06,1,7.533644448515,7.2736088022275,0.0,0.0,0.0,0.0345165806621996,0.0345165806621996,0.0690331613243992,0.028369,0.0,0.0,0.0,0.0,0.0345165806621996,0.0690331613243992,0.0690331613243992,overnight_abort,True,False
54233V__28557J,54233V,28557J,2025-02-25,2025-03-04,7,11.087063742575,10.517517,21.6086284364832,20.927530833565594,-0.031519705423212654,0.051370385865818144,0.01985068044260549,0.07122106630842363,0.028369,0.000192,0.006707358,0.0067165933,0.001377,0.019658899620687682,0.07102928548650582,0.06969762735789688,convergence,False,False
54233V__28557J,54233V,28557J,2025-03-28,2025-04-01,4,11.181358367575,10.64848225,20.999890092669762,21.148491486149062,0.0070762938674222365,0.04765754750516668,0.054733841372588916,0.1023913888777556,0.028369,0.00011,0.0066684445,0.0066999426,0.004723,0.054624252331493026,0.10228179983665972,0.09754728318395511,convergence,False,False
54233V__28557J,54233V,28557J,2025-04-07,2025-04-08,1,8.933175,9.056750548515,0.0,0.0,0.0,-0.013833328969263382,-0.013833328969263382,-0.027666657938526764,0.028369,0.0,0.0,0.0,0.0,-0.013833328969263382,-0.027666657938526764,-0.027666657938526764,overnight_abort,True,False
54233V__28557J,54233V,28557J,2025-04-09,2025-04-10,1,9.270650698515,9.056750548515,0.0,0.0,0.0,0.02307283026360423,0.02307283026360423,0.04614566052720846,0.028369,0.0,0.0,0.0,0.0,0.02307283026360423,0.04614566052720846,0.04614566052720846,overnight_abort,True,False
54233V__28557J,54233V,28557J,2025-05-12,2025-05-14,2,10.987805250000001,10.64848225,21.817218291351306,21.13031045290335,-0.031484666343566774,0.03088178141854127,-0.0006028849250255021,0.03027889649351577,0.028369,5.5e-05,0.0067805804,0.0068648315,0.012425,-0.0006576794455734473,0.030224101972967824,0.01833765112163641,convergence,False,False
54233V__28557J,54233V,28557J,2025-09-26,2025-10-02,6,12.595776749999999,11.978284257425,24.187430137070056,23.575609745690798,-0.025294972963728447,0.049023772398553996,0.02372879943482555,0.07275257183337955,0.028369,0.000164,0.0067297011,0.0067817296,0.007731,0.023564415873181713,0.07258818827173572,0.06511038489556514,convergence,False,False
54233V__28557J,54233V,28557J,2025-11-04,2025-11-06,2,11.801717742574999,10.598112007425001,21.64807295998694,20.910325051446595,-0.0340791492112927,0.10198563983681451,0.06790649062552181,0.1698921304623363,0.028369,5.5e-05,0.0064884506,0.0065178422,0.00453,0.06785169610497387,0.16983733594178838,0.16548160617618565,convergence,False,False
54233V__28557J,54233V,28557J,2025-11-19,2025-11-26,7,11.464242242575,10.789522757425,21.243725034840097,21.85263128071718,0.028662875502223174,0.058854259258782904,0.08751713476100607,0.146371394019789,0.028369,0.000192,0.0063500127,0.0064331431,0.013091,0.08732535393908826,0.14617961319787118,0.13288701967455127,convergence,False,False
54233X__992644,54233X,992644,2021-01-14,2021-01-15,1,69.80779846014003,69.95726341319336,0.0,0.0,0.0,-0.0021410924903851403,-0.0021410924903851403,-0.004282184980770281,0.014519,0.0,0.0,0.0,0.0,-0.0021410924903851403,-0.004282184980770281,-0.004282184980770281,overnight_abort,True,False
54233X__992644,54233X,992644,2021-01-19,2021-01-20,1,71.87951550000004,72.78179099986004,0.0,0.0,0.0,-0.012552609649406944,-0.012552609649406944,-0.02510521929881389,0.014519,0.0,0.0,0.0,0.0,-0.012552609649406944,-0.02510521929881389,-0.02510521929881389,overnight_abort,True,False
54233X__992644,54233X,992644,2021-01-28,2021-02-03,6,69.05745600000004,64.60270539993003,135.967605628089,125.29745995472277,-0.0784756459016582,0.06450788746214473,-0.013967758439513478,0.05054012902263125,0.014519,0.000164,0.0095515536,0.009474182,-0.0081,-0.014132142001157314,0.050375745460987414,0.05790144147522444,convergence,False,False
54233X__992644,54233X,992644,2021-02-24,2021-03-02,6,72.64977838014003,68.80603415986002,145.43635401246925,135.298031879652,-0.06970968298578238,0.05290785885357585,-0.01680182413220653,0.03610603472136932,0.014519,0.000164,0.0094139789,0.0093453568,-0.007289,-0.016966207693850367,0.03594165115972549,0.04277268784771822,convergence,False,False
54233X__992644,54233X,992644,2021-03-26,2021-04-05,10,69.72147000000002,76.95833694666669,139.093306847019,152.70216108623276,0.09783974906989157,-0.10379682107486637,-0.005957072004974806,-0.10975389307984118,0.014519,0.000274,0.0091078829,0.0091112014,0.000364,-0.006231044607714532,-0.11002786568258091,-0.1104277230721111,convergence,False,False
54233X__992644,54233X,992644,2021-12-07,2021-12-08,1,91.95930550014006,92.56687049319336,0.0,0.0,0.0,-0.0066068897513843925,-0.0066068897513843925,-0.013213779502768785,0.014519,0.0,0.0,0.0,0.0,-0.0066068897513843925,-0.013213779502768785,-0.013213779502768785,overnight_abort,True,False
54233X__992644,54233X,992644,2022-03-16,2022-03-23,7,80.17305700014003,84.01296941319336,161.25435934091638,165.49916911563383,0.026323690051338555,-0.04789529745693269,-0.021571607405594134,-0.06946690486252682,0.014519,0.000192,0.008432058,0.0081736068,-0.030651,-0.02176338822751194,-0.06965868568444464,-0.03720611049056632,convergence,False,False
54233X__992644,54233X,992644,2023-02-09,2023-02-16,7,61.009609640070025,57.92289109075068,121.13731492744799,115.13890151167725,-0.04951747047855018,0.05059397310570631,0.0010765026271561326,0.051670475732862445,0.014519,0.000192,0.0076089018,0.0074535087,-0.020423,0.0008847218052383244,0.05147869491094464,0.07129465444127688,convergence,False,False
54233X__992644,54233X,992644,2023-05-25,2023-05-30,5,69.2234595,69.997417887958,138.11292044839564,140.84040044742525,0.01974818858492464,-0.011180579438650992,0.008567609146273648,-0.0026129702923773437,0.014519,0.000137,0.0071106055,0.0071764321,0.009258,0.008430622844903785,-0.002749956593747207,-0.012103707200640714,convergence,False,False
54233X__992644,54233X,992644,2023-11-10,2023-11-13,1,75.72747563397901,74.73117485704199,0.0,0.0,0.0,0.013156397576918277,0.013156397576918277,0.026312795153836555,0.014519,0.0,0.0,0.0,0.0,0.013156397576918277,0.026312795153836555,0.026312795153836555,overnight_abort,True,False
54233X__992644,54233X,992644,2024-01-16,2024-01-22,6,90.518393460105,97.12493448387399,179.58286388281607,193.39885124273496,0.0769337734191292,-0.07298561951036774,0.003948153908761465,-0.06903746560160627,0.014519,0.000164,0.0067494596,0.0067396799,-0.001449,0.003783770347117629,-0.0692018491632501,-0.06763915043272029,convergence,False,False
54233X__992644,54233X,992644,2024-01-24,2024-01-30,6,98.635958633979,93.8720365,196.30065773928024,185.50876024336102,-0.054976369515035664,0.04829802639884203,-0.006678343116193634,0.041619683282648395,0.014519,0.000164,0.0067725441,0.0068075832,0.005174,-0.00684272667783747,0.04145529972100456,0.036591197951241994,convergence,False,False
54233X__992644,54233X,992644,2024-02-09,2024-02-13,1,104.21368719021001,110.68868475,0.0,0.0,0.0,-0.06213193040537821,-0.06213193040537821,-0.12426386081075642,0.014519,0.0,0.0,0.0,0.0,-0.06213193040537821,-0.12426386081075642,-0.12426386081075642,overnight_abort,True,False
54233X__992644,54233X,992644,2024-03-01,2024-03-04,1,130.86719918999998,131.00922974979,0.0,0.0,0.0,-0.0010853029687279223,-0.0010853029687279223,-0.0021706059374558447,0.014519,0.0,0.0,0.0,0.0,-0.0010853029687279223,-0.0021706059374558447,-0.0021706059374558447,overnight_abort,True,False
54233X__992644,54233X,992644,2024-08-05,2024-08-06,1,83.26736257214701,86.874301866021,0.0,0.0,0.0,-0.043317563838397785,-0.043317563838397785,-0.08663512767679557,0.014519,0.0,0.0,0.0,0.0,-0.043317563838397785,-0.08663512767679557,-0.08663512767679557,overnight_abort,True,False
54233X__992644,54233X,992644,2024-08-08,2024-08-14,6,97.90886828408401,92.06487128806299,191.37798246808998,180.67543970921906,-0.055923584420979264,0.05968812732126141,0.003764542900282143,0.06345267022154355,0.014519,0.000164,0.0068198863,0.006698821,-0.017752,0.0036001593386383074,0.06328828665989972,0.080350228526237,convergence,False,False
54233X__992644,54233X,992644,2025-04-07,2025-04-10,3,60.817040267958006,64.14421831,121.52247476059965,129.09956847166026,0.06235137760309403,-0.05470799018470068,0.007643387418393349,-0.047064602766307334,0.014519,8.2e-05,0.0068355036,0.0069674273,0.0193,0.007561195637571431,-0.04714679454712925,-0.06726172627142554,convergence,False,False
54234D__923813,54234D,923813,2021-01-22,2021-01-25,1,16.155888125,16.6860779676255,0.0,0.0,0.0,-0.03281712763317987,-0.03281712763317987,-0.06563425526635974,0.024987,0.0,0.0,0.0,0.0,-0.03281712763317987,-0.06563425526635974,-0.06563425526635974,overnight_abort,True,False
54234D__923813,54234D,923813,2021-04-06,2021-04-08,2,21.862650880251003,20.8198810326255,41.5125398971985,40.39674529357077,-0.026878495182199966,0.04769640485671662,0.020817909674516653,0.06851431453123327,0.024987,5.5e-05,0.0091029084,0.0091186796,0.001733,0.020763115153968708,0.06845952001068532,0.06677645902488379,convergence,False,False
54234D__923813,54234D,923813,2021-04-13,2021-04-15,2,23.145172885791503,21.875965125,45.2844929282585,42.77796313226059,-0.05535073120877952,0.05483682351626119,-0.0005139076925183284,0.054322915823742865,0.024987,5.5e-05,0.0091802075,0.009192443,0.001333,-0.0005687022130662735,0.05426812130319492,0.0530107562993223,convergence,False,False
54234D__923813,54234D,923813,2021-09-30,2021-10-04,4,22.071425717374503,21.9866031957915,43.369664396830736,43.487141574386236,0.002708740756686253,0.003843092089707263,0.0065518328463935165,0.01039492493610078,0.024987,0.00011,0.0090033304,0.008971426,-0.003544,0.006442243805297626,0.01028533589500489,0.013851192732992465,convergence,False,False
54234D__923813,54234D,923813,2021-11-08,2021-11-10,2,22.687845923668004,21.62451725,45.21797689459838,42.66818426938522,-0.05638891432840175,0.0468677668759526,-0.009521147452449148,0.03734661942350345,0.024987,5.5e-05,0.0088593577,0.0087665461,-0.010476,-0.009575941972997094,0.03729182490295551,0.047281854458485865,convergence,False,False
54234D__923813,54234D,923813,2021-11-12,2021-11-16,4,21.862650880251003,21.493760331834,42.958499289554275,42.89389382776861,-0.0015039040668112234,0.01687309331505767,0.015369189248246446,0.032242282563304116,0.024987,0.00011,0.008762322,0.0087646252,0.000263,0.015259600207150555,0.032132693522208225,0.03187030509649967,convergence,False,False
54234D__923813,54234D,923813,2022-03-31,2022-04-05,5,20.3315608423745,20.2164161905405,40.619791884950956,39.8105462001403,-0.019922447832886825,0.005663345412911904,-0.014259102419974922,-0.008595757007063018,0.024987,0.000137,0.0081629315,0.0080772182,-0.0105,-0.014396088721344786,-0.008732743308432881,0.0016675800667814316,convergence,False,False
54234D__923813,54234D,923813,2022-04-07,2022-04-12,5,20.421036624749,19.9951400489575,40.52393224116236,39.78250762576638,-0.018295969181462597,0.020855776502322208,0.0025598073208596105,0.023415583823181818,0.024987,0.000137,0.008042787,0.0079576652,-0.010584,0.0024228210194897474,0.023278597521811956,0.033779719656295476,convergence,False,False
54234D__923813,54234D,923813,2022-05-13,2022-05-18,5,21.474910559459502,21.443482826332,43.09705130528092,42.19855019971061,-0.020848319742474187,0.0014634628181795697,-0.01938485692429462,-0.017921394106115048,0.024987,0.000137,0.0077414354,0.0078238072,0.01064,-0.01952184322566448,-0.01805838040748491,-0.028367234436484704,convergence,False,False
54234D__923813,54234D,923813,2022-06-22,2022-06-27,5,22.290153575791503,21.202086831583,43.492328048645895,41.661022578754086,-0.04210640248651454,0.048813784100178316,0.006707381613663778,0.055521165713842094,0.024987,0.000137,0.0074104259,0.0073453798,-0.008778,0.006570395312293915,0.05538417941247223,0.06386668738751548,convergence,False,False
54234D__923813,54234D,923813,2022-10-12,2022-10-14,2,19.128577505251002,18.516625538166,38.291939598015034,36.696738434162654,-0.041658928239171035,0.031991504173115554,-0.009667424066055481,0.022324080107060072,0.024987,5.5e-05,0.0067923242,0.0067098328,-0.012145,-0.009722218586603427,0.022269285586512127,0.03405123292312101,convergence,False,False
54234D__923813,54234D,923813,2022-12-15,2022-12-19,4,17.39864875,16.163077451332,35.28850924698407,33.561184230978164,-0.048948653623092114,0.07101535966510038,0.022066706042008263,0.09308206570710864,0.024987,0.00011,0.0073150209,0.0075927256,0.037964,0.021957117000912373,0.09297247666601276,0.05818767832822012,convergence,False,False
54234D__923813,54234D,923813,2023-03-23,2023-04-03,11,17.343975236168003,16.907353103416998,34.52847785097836,33.60643526589634,-0.026703829490007446,0.025174282527831403,-0.0015295469621760434,0.02364473556565536,0.024987,0.000301,0.0076508161,0.0075927256,-0.007593,-0.001830916825189742,0.02334336570264166,0.030789869655452936,convergence,False,False
54234D__923813,54234D,923813,2023-12-08,2023-12-12,4,15.9371612607915,15.790926549999998,31.647765616756836,31.908442748147046,0.008236825769847933,0.00917570628787371,0.01741253205772164,0.02658823834559535,0.024987,0.00011,0.0068415831,0.0069986353,0.022956,0.01730294301662575,0.02647864930449946,0.003853408122383367,convergence,False,False
54235H__922423,54235H,922423,2021-02-09,2021-02-16,7,22.290020838584002,22.429445729292002,223.3570041955559,223.14018471700078,-0.0009707305993650036,-0.006255036355401492,-0.007225766954766496,-0.013480803310167988,0.017228,0.000192,0.0095611435,0.0094459916,-0.012044,-0.007417547776684304,-0.013672584132085797,-0.0014938607752816955,convergence,False,False
54235H__922423,54235H,922423,2021-06-21,2021-06-22,1,18.898274,19.172108822832,0.0,0.0,0.0,-0.014489938225681386,-0.014489938225681386,-0.02897987645136277,0.017228,0.0,0.0,0.0,0.0,-0.014489938225681386,-0.02897987645136277,-0.02897987645136277,overnight_abort,True,False
54235H__922423,54235H,922423,2021-07-07,2021-07-08,1,19.544787932124,19.795423276062003,0.0,0.0,0.0,-0.012823641003853392,-0.012823641003853392,-0.025647282007706784,0.017228,0.0,0.0,0.0,0.0,-0.012823641003853392,-0.025647282007706784,-0.025647282007706784,overnight_abort,True,False
54235H__922423,54235H,922423,2021-07-09,2021-07-12,1,19.584582723938002,20.071889593938003,0.0,0.0,0.0,-0.024882167614649852,-0.024882167614649852,-0.049764335229299704,0.017228,0.0,0.0,0.0,0.0,-0.024882167614649852,-0.049764335229299704,-0.049764335229299704,overnight_abort,True,False
54235H__922423,54235H,922423,2021-08-03,2021-08-06,3,21.981683562522,22.645592817876,221.20559043526657,221.07210841382172,-0.0006034296926320699,-0.03020283926231845,-0.03080626895495052,-0.06100910821726897,0.017228,8.2e-05,0.0091336704,0.0090436355,-0.009857,-0.030888460735772436,-0.06109129999809089,-0.05114169839506648,convergence,False,False
54235H__922423,54235H,922423,2021-08-11,2021-08-13,2,23.811828223938,23.826886783938,237.10359068751336,238.4530171872263,0.005691295082457807,-0.0006323983130728951,0.005058896769384912,0.004426498456312017,0.017228,5.5e-05,0.0090583804,0.009153737,0.010527,0.0050041022488369665,0.0043717039357640715,-0.006104815386198154,convergence,False,False
54235H__922423,54235H,922423,2024-05-09,2024-05-10,1,15.315759031846001,15.99518214,0.0,0.0,0.0,-0.04436104712415999,-0.04436104712415999,-0.08872209424831998,0.017228,0.0,0.0,0.0,0.0,-0.04436104712415999,-0.08872209424831998,-0.08872209424831998,overnight_abort,True,False
54235H__922423,54235H,922423,2024-08-05,2024-08-06,1,12.59221836,12.164784405354002,0.0,0.0,0.0,0.03394429340613805,0.03394429340613805,0.0678885868122761,0.017228,0.0,0.0,0.0,0.0,0.03394429340613805,0.0678885868122761,0.0678885868122761,overnight_abort,True,False
54235H__922423,54235H,922423,2024-11-06,2024-11-07,1,12.92045154,13.240513185354,0.0,0.0,0.0,-0.024771707425482157,-0.024771707425482157,-0.049543414850964314,0.017228,0.0,0.0,0.0,0.0,-0.024771707425482157,-0.049543414850964314,-0.049543414850964314,overnight_abort,True,False
54235H__922423,54235H,922423,2025-04-07,2025-04-10,3,10.662606114646,11.048840460000001,106.70717103741215,107.33054694161589,0.005841930754449308,-0.036223259229605745,-0.030381328475156438,-0.06660458770476219,0.017228,8.2e-05,0.0068355036,0.0069674273,0.0193,-0.030463520255978354,-0.0666867794855841,-0.0857317416225081,convergence,False,False
54235H__922423,54235H,922423,2025-11-05,2025-11-06,1,11.71692988,12.50660376,0.0,0.0,0.0,-0.06739597216058447,-0.06739597216058447,-0.13479194432116895,0.017228,0.0,0.0,0.0,0.0,-0.06739597216058447,-0.13479194432116895,-0.13479194432116895,overnight_abort,True,False
54235H__922423,54235H,922423,2025-11-26,2025-12-03,7,13.03980906,12.717728100000002,130.47036597279487,127.21536505050581,-0.024948201057148685,0.024699821793249283,-0.0002483792638994023,0.02445144252934988,0.017228,0.000192,0.0064030731,0.0064476607,0.006963,-0.00044016008581721053,0.024259661707432073,0.017516872095294997,convergence,False,False
54235H__922423,54235H,922423,2025-12-19,2025-12-22,1,12.632004199999999,12.908746365354002,0.0,0.0,0.0,-0.021908017205536,-0.021908017205536,-0.043816034411072,0.017228,0.0,0.0,0.0,0.0,-0.021908017205536,-0.043816034411072,-0.043816034411072,overnight_abort,True,False
54235U__906764,54235U,906764,2023-07-27,2023-08-09,13,62.369557464368,59.92228800000001,30.639057694408958,29.433111254845,-0.03935977573435692,0.0392382047245746,-0.00012157100978232166,0.03911663371479228,0.0383,0.000356,0.0070839089,0.006869075,-0.030327,-0.0004777353933439655,0.03876046933123063,0.06880499292077695,convergence,False,False
54235U__906764,54235U,906764,2024-08-05,2024-08-07,2,44.011100170576,44.149525071264,21.680021604670504,21.670445935478593,-0.0004416817181514149,-0.0031452270029947204,-0.003586908721146135,-0.006732135724140856,0.0383,5.5e-05,0.0069288065,0.0067895572,-0.020097,-0.0036417032416940806,-0.006786930244688801,0.013713345698184788,convergence,False,False
54235U__906764,54235U,906764,2025-04-09,2025-04-10,1,49.809027690576,55.138655186208005,0.0,0.0,0.0,-0.10700123537324907,-0.10700123537324907,-0.21400247074649814,0.0383,0.0,0.0,0.0,0.0,-0.10700123537324907,-0.21400247074649814,-0.21400247074649814,overnight_abort,True,False
54238E__904001,54238E,904001,2024-06-21,2024-07-12,21,8.81602287649695,8.49529461350305,17.305742123016984,16.743831095197017,-0.032469629087597124,0.036380153214999475,0.003910524127402351,0.040290677342401826,0.053443000000000004,0.000575,0.0062654679,0.0063149253,0.007894,0.003335181661648926,0.039715334876648405,0.03213780477247391,convergence,False,False
54238E__904001,54238E,904001,2024-08-05,2024-08-07,2,7.93737547349085,8.282151018503052,16.01137407682859,16.64022048298829,0.039274980594560936,-0.04343697059105733,-0.004161989996496397,-0.04759896058755373,0.053443000000000004,5.5e-05,0.0069288065,0.0067895572,-0.020097,-0.004216784517044343,-0.04765375510810167,-0.026338916851004947,convergence,False,False
54238E__904001,54238E,904001,2025-03-18,2025-03-26,8,6.90506410050915,6.22683818699085,12.89144273079499,12.135977300764212,-0.05860208556999811,0.09822152316707532,0.03961943759707721,0.13784096076415253,0.053443000000000004,0.000219,0.006725628,0.0066201053,-0.01569,0.039400259514885426,0.13762178268196076,0.15262741253274614,convergence,False,False
54238E__904001,54238E,904001,2025-09-04,2025-09-10,6,7.40742985251525,7.683318810509151,14.42075203937294,15.642251963988265,0.08470431509260172,-0.037244896473804745,0.047459418618796975,0.01021452214499223,0.053443000000000004,0.000164,0.0067840304,0.0067932471,0.001359,0.04729503505715314,0.010050138583348394,0.00857847207192219,convergence,False,False
54238E__904001,54238E,904001,2025-09-17,2025-09-22,5,7.8211417759878,7.571672571496951,15.11475463727497,14.647347852217843,-0.030923875132212914,0.031896775641730636,0.0009729005095177219,0.03286967615124836,0.053443000000000004,0.000137,0.0067567568,0.0067156912,-0.006078,0.0008359142081478589,0.032732689849878496,0.03865846745462759,convergence,False,False
54238E__904001,54238E,904001,2025-09-25,2025-09-29,4,7.781740654490851,7.399127655000001,14.955832807806072,14.484816805496294,-0.03149379966750731,0.049168048188555816,0.017674248521048506,0.06684229670960432,0.053443000000000004,0.00011,0.0066887391,0.0067606396,0.010749,0.017564659479952616,0.06673270766850843,0.056432486953147926,convergence,False,False
54238F__932322,54238F,932322,2021-06-21,2021-07-06,15,11.4084023454975,11.024415942002502,5.707409756391801,5.487400406617234,-0.038548020759885955,0.033658210138998446,-0.0048898106208875095,0.028768399518110936,0.017124,0.000411,0.0090370973,0.0091070534,0.007741,-0.005300769524997098,0.028357440614001347,0.020972018804031475,convergence,False,False
54238F__932322,54238F,932322,2023-07-21,2023-07-27,6,7.3169070231990005,7.418251263850751,3.6199015186899253,3.634109383179891,0.0039249312216393245,-0.013850694061087278,-0.009925762839447953,-0.02377645690053523,0.017124,0.000164,0.0070969802,0.0070839089,-0.001842,-0.01009014640109179,-0.023940840462179067,-0.022088388074842872,convergence,False,False
54238F__932322,54238F,932322,2024-05-08,2024-05-14,6,6.9684825,6.4489061504502505,3.351169696469598,3.1277364529162583,-0.06667321078628842,0.07456090325974842,0.007887692473459995,0.08244859573320841,0.017124,0.000164,0.0064321087,0.0064354206,0.000515,0.00772330891181616,0.08228421217156458,0.0818038884778503,convergence,False,False
54238F__932322,54238F,932322,2025-05-12,2025-05-28,16,6.48307762035075,5.871819363750001,3.1766198281343785,2.961333801378377,-0.06777204651600953,0.09428519792543813,0.0265131514094286,0.12079834933486673,0.017124,0.000438,0.0068140774,0.0069439622,0.019061,0.026074795245045038,0.12035999317048317,0.10292293953953498,convergence,False,False
54297Q__503004,54297Q,503004,2021-07-28,2021-08-26,29,3.38338220146625,3.3166311937499997,16.76215885193,16.316190965493902,-0.026605635370455193,0.01972907692406804,-0.006876558446387154,0.012852518477680885,0.020775000000000002,0.000795,0.0091345048,0.0091045651,-0.003278,-0.00767107899433236,0.01205799792973568,0.015258934486134206,convergence,False,False
54297Q__503004,54297Q,503004,2022-03-09,2022-03-17,8,3.3734317730449996,3.4266662745112497,16.78358587704605,16.688341706400003,-0.005674840367475202,-0.015780518192664798,-0.021455358560139998,-0.0372358767528048,0.020775000000000002,0.000219,0.0086106686,0.0083903176,-0.02559,-0.02167453664233178,-0.03745505483499658,-0.011341556670137445,convergence,False,False
54297Q__503004,54297Q,503004,2023-06-02,2023-06-20,18,3.65206297451125,3.48695992646625,18.411831831623726,17.480938845076203,-0.050559498645248495,0.04520816020898305,-0.0053513384362654445,0.039856821772717606,0.020775000000000002,0.000493,0.0071653769,0.0070479614,-0.016387,-0.005844489121196951,0.0393636710877861,0.055180873376496034,convergence,False,False
54297Q__503004,54297Q,503004,2023-10-31,2023-11-29,29,3.731671875,3.7180836495112497,19.01694086543575,18.567398561271297,-0.023639044120998383,0.003641323766910849,-0.019997720354087534,-0.016356396587176684,0.020775000000000002,0.000795,0.0066244903,0.0067474102,0.018555,-0.02079224090203274,-0.01715091713512189,-0.03493762158960295,convergence,False,False
54297Q__503004,54297Q,503004,2023-12-08,2023-12-20,12,3.8212321990225,3.6477418259774996,19.158604882634247,18.3098832923682,-0.04429975958402626,0.04540168301978103,0.0011019234357547703,0.0465036064555358,0.020775000000000002,0.000329,0.0068415831,0.0070365544,0.028498,0.0007731563124670991,0.04617483933224813,0.019693964220387335,convergence,False,False
54297Q__503004,54297Q,503004,2024-04-26,2024-05-01,5,4.229228125,4.243639510544999,20.96251806173,21.049261693083,0.004138034901034201,-0.003407568738089633,0.0007304661629445679,-0.002677102575145065,0.020775000000000002,0.000137,0.006336734,0.0065085095,0.027108,0.0005934798615747049,-0.002814088876514928,-0.029315749973290246,convergence,False,False
54297Q__503004,54297Q,503004,2024-05-14,2024-05-15,1,4.37849470146625,4.712921973045,0.0,0.0,0.0,-0.07637950811422886,-0.07637950811422886,-0.15275901622845772,0.020775000000000002,0.0,0.0,0.0,0.0,-0.07637950811422886,-0.15275901622845772,-0.15275901622845772,overnight_abort,True,False
54297Q__503004,54297Q,503004,2024-08-05,2024-08-06,1,4.39839734951125,4.3009182990224994,0.0,0.0,0.0,0.02216240206210171,0.02216240206210171,0.04432480412420342,0.020775000000000002,0.0,0.0,0.0,0.0,0.02216240206210171,0.04432480412420342,0.04432480412420342,overnight_abort,True,False
54297Q__503004,54297Q,503004,2025-04-07,2025-04-08,1,4.229228125,4.29087012744375,0.0,0.0,0.0,-0.014575237046062648,-0.014575237046062648,-0.029150474092125296,0.020775000000000002,0.0,0.0,0.0,0.0,-0.014575237046062648,-0.029150474092125296,-0.029150474092125296,overnight_abort,True,False
54297Q__503004,54297Q,503004,2025-04-09,2025-04-10,1,4.4680549259774995,4.33106562744375,0.0,0.0,0.0,0.03065971676786844,0.03065971676786844,0.06131943353573688,0.020775000000000002,0.0,0.0,0.0,0.0,0.03065971676786844,0.06131943353573688,0.06131943353573688,overnight_abort,True,False
54297Q__503004,54297Q,503004,2025-05-14,2025-05-20,6,5.17458490048875,5.24551305146625,25.15993352699625,26.149923391608898,0.03934787282130141,-0.013707022368267811,0.025640850453033597,0.011933828084765785,0.020775000000000002,0.000164,0.0068648315,0.0069599109,0.01385,0.02547646689138976,0.011769444523121949,-0.0024290953086343356,convergence,False,False
54297Q__503004,54297Q,503004,2025-09-29,2025-10-01,2,5.8512616990224995,5.758004973045,28.9791199511814,28.0071386746866,-0.03354074513415902,0.015937883276196475,-0.017602861857962546,-0.0016649785817660703,0.020775000000000002,5.5e-05,0.0067606396,0.0067909404,0.004482,-0.01765765637851049,-0.0017197731023140155,-0.006032060777499546,convergence,False,False
54297Q__503004,54297Q,503004,2025-11-12,2025-11-17,5,5.821408523044999,5.63741857353375,28.103126397696006,27.46601619948225,-0.022670438484238793,0.03160574434570177,0.008935305861462978,0.04054105020716475,0.020775000000000002,0.000137,0.0064697696,0.0064302479,-0.006109,0.008798319560093115,0.04040406390579489,0.046410943629881254,convergence,False,False
54310V__981800,54310V,981800,2025-05-08,2025-05-13,5,10.0822127202825,9.233353423113,4.862624808470411,4.888250781318526,0.005269987683087492,0.08419374999516137,0.08946373767824886,0.17365748767341022,0.023647,0.000137,0.6412104823,0.6410462285,-0.000256,0.089326751376879,0.17352050137204036,0.17377807938773074,convergence,False,False
54311M__280738,54311M,280738,2021-03-16,2021-03-18,2,15.122265026666629,14.885367838475295,7.483946496640215,7.393707636402937,-0.01205765705003226,0.015665456713897595,0.0036077996638653343,0.019273256377762928,0.021643,5.5e-05,0.7461851842,0.7452952122,-0.001193,0.003553005143317389,0.019218461857214982,0.020398183675425067,convergence,False,False
54311M__280738,54311M,280738,2021-12-28,2022-01-03,6,14.003323349999963,13.951003663999966,6.949241193089569,6.920122228947478,-0.004190236506835793,0.003736233513453588,-0.00045400299338220484,0.0032822305200713832,0.021643,0.000164,0.7395081723,0.7375445505,-0.002655,-0.0006183865550260404,0.0031178469584275475,0.00576906817472199,convergence,False,False
54311M__280738,54311M,280738,2022-02-03,2022-02-08,5,14.26816161666663,14.716885841666631,6.981768046803692,7.297203347000053,0.04517985961174544,-0.03144933713645679,0.01373052247528865,-0.01771881466116814,0.021643,0.000137,0.7429695393,0.7452952122,0.00313,0.013593536173918787,-0.017855800962538002,-0.021117255531593413,convergence,False,False
54311M__280738,54311M,280738,2022-06-27,2022-06-30,3,13.963597609999965,13.706674495808631,6.915912830909734,6.775990420103857,-0.020231951186618982,0.0183994928360969,-0.0018324583505220822,0.016567034485574818,0.021643,8.2e-05,0.7205647671,0.7161014919,-0.006194,-0.001914650131344,0.0164848427047529,0.02259148329059841,convergence,False,False
54311M__280738,54311M,280738,2022-07-07,2022-07-13,6,13.738485083333298,13.761714641999966,6.879325790806799,6.847672422909331,-0.004601231117701747,-0.0016908384385734068,-0.0062920695562751535,-0.00798290799484856,0.021643,0.000164,0.7152564706,0.7124281596,-0.003954,-0.006456453117918989,-0.008147291556492397,-0.004195598674227791,convergence,False,False
54311M__280738,54311M,280738,2022-08-11,2022-08-16,5,14.56610466666663,14.431609833333297,7.1816376475099455,7.1459543547667135,-0.004968684650304559,0.009233411156320592,0.004264726506016034,0.013498137662336627,0.021643,0.000137,0.7291819111,0.7239556939,-0.007167,0.004127740204646171,0.013361151360966763,0.020544256375038854,convergence,False,False
54311M__280738,54311M,280738,2022-11-28,2022-12-02,4,13.519994837524631,13.446234281141967,6.663628956029547,6.6952341303069876,0.004742937292275645,0.005455664537529455,0.0101986018298051,0.015654266367334555,0.021643,0.00011,0.7277754481,0.7362416498,0.011633,0.010089012788709209,0.015544677326238664,0.003990921346693636,convergence,False,False
54311M__280738,54311M,280738,2023-07-11,2023-07-14,3,14.050995562191297,14.317499429999966,7.079529758591108,7.085759622935003,0.0008799827892995958,-0.018966902852477124,-0.01808692006317753,-0.03705382291565465,0.021643,8.2e-05,0.7517665386,0.7560006988,0.005632,-0.018169111843999445,-0.037136014696476566,-0.042741679075927415,convergence,False,False
54311M__280738,54311M,280738,2023-08-14,2023-08-16,2,14.367475966666628,14.173976734588633,7.058465532508443,6.9953801295588605,-0.008937552030117072,0.013467865373634485,0.0045303133435174135,0.017998178717151897,0.021643,5.5e-05,0.7361873402,0.7361873402,0.0,0.004475518822969468,0.01794338419660395,0.017943384196603813,convergence,False,False
54311M__280738,54311M,280738,2023-09-07,2023-09-11,4,14.301266399999962,14.31078839580863,7.039044170592498,7.071917974993384,0.0046702085686896235,-0.0006658148685817623,0.004004393700107861,0.003338578831526099,0.021643,0.00011,0.7326274614,0.7349968763,0.003234,0.0038948046590119704,0.0032289897904302085,-9.773037722429214e-06,convergence,False,False
54311M__280738,54311M,280738,2023-10-25,2023-10-27,2,14.06953291666663,13.804675195141966,6.9342603543467645,6.855107784855156,-0.011414709781121956,0.018824912176787008,0.007410202395665052,0.026235114572452062,0.021643,5.5e-05,0.730113586,0.7329495414,0.003884,0.007355407875117107,0.026180320051904116,0.022355249383598896,convergence,False,False
54311M__280738,54311M,280738,2023-11-01,2023-11-03,2,14.03481261990663,14.111967798941967,7.0550463319206855,7.070560515064512,0.0021990193138254235,-0.005497414260159206,-0.0032983949463337822,-0.008795809206492988,0.021643,5.5e-05,0.7327615644,0.7402196809,0.010178,-0.0033531894668817276,-0.008850603727040933,-0.018948304767819,convergence,False,False
54311M__280738,54311M,280738,2023-12-08,2023-12-12,4,14.599209449999963,14.181909421333298,7.158103237956644,7.090517676588919,-0.009441825455847713,0.028583741475581452,0.019141916019733737,0.04772565749531519,0.021643,0.00011,0.7442414873,0.7501310479,0.007914,0.019032326978637847,0.0476160684542193,0.03983882418052153,convergence,False,False
54311M__280738,54311M,280738,2024-02-16,2024-02-21,5,14.135742483333297,14.168484667999966,7.03855252790834,7.0459311253652865,0.0010483117697409523,-0.002316269181139443,-0.0012679574113984907,-0.003584226592537934,0.021643,0.000137,0.7442414873,0.7446294162,0.000521,-0.0014049437127683537,-0.003721212893907797,-0.004242728109373515,convergence,False,False
54311M__280738,54311M,280738,2024-08-06,2024-08-20,14,14.665419016666629,16.24797895933329,7.251381943441641,8.012234047240458,0.10492511768559565,-0.107910993942154,-0.0029858762565583563,-0.11089687019871236,0.021643,0.000384,0.7531536615,0.7661075256,0.017199,-0.003369437900393973,-0.11128043184254797,-0.12996325290472976,convergence,False,False
54311M__280738,54311M,280738,2024-10-04,2024-10-21,17,18.036811475524622,18.022731349999958,8.991538474787134,8.758838600866554,-0.025879873013176367,0.0007806327378744626,-0.025099240275301905,-0.024318607537427442,0.021643,0.000466,0.7667831385,0.7567732912,-0.013054,-0.02556499369995944,-0.024784360962084976,-0.01189966506123861,convergence,False,False
54311M__280738,54311M,280738,2024-10-28,2024-10-30,2,18.14142126666662,17.309878290475293,8.73441598854355,8.412648724974927,-0.03683901293351115,0.04583670507223258,0.008997692138721432,0.05483439721095401,0.021643,5.5e-05,0.755201393,0.754119434,-0.001433,0.008942897618173486,0.05477960269040607,0.05616148021725612,convergence,False,False
54311M__280738,54311M,280738,2024-11-08,2024-11-13,5,17.865989469333286,17.31256324114196,8.64798974885809,8.486497136666111,-0.018674005969225624,0.030976522690852097,0.012302516721626473,0.04327903941247857,0.021643,0.000137,0.7496811044,0.7428316743,-0.009136,0.01216553042025661,0.043142053111108705,0.052190568453108384,convergence,False,False
54311M__280738,54311M,280738,2024-11-14,2024-11-18,4,17.484287344926,17.861640351139002,8.598473982211486,8.93672220017077,0.03933816845396661,-0.021582407036024376,0.01775576141794223,-0.0038266456180821445,0.021643,0.00011,0.7447404937,0.7476914466,0.003962,0.01764617237684634,-0.003936234659178035,-0.008038244915182437,convergence,False,False
54311M__280738,54311M,280738,2025-04-07,2025-04-10,3,17.5265068682545,18.8080723720045,8.74657982351366,9.393276963123038,0.073937144879287,-0.07312155886985552,0.0008155860094314765,-0.07230597286042405,0.021643,8.2e-05,0.7389344019,0.758092409,0.025927,0.0007333942286095588,-0.07238816464124596,-0.09952798981597749,convergence,False,False
54311M__280738,54311M,280738,2025-04-11,2025-04-14,1,19.4954118707175,19.845148662995502,0.0,0.0,0.0,-0.01793944106424923,-0.01793944106424923,-0.03587888212849846,0.021643,0.0,0.0,0.0,0.0,-0.01793944106424923,-0.03587888212849846,-0.03587888212849846,overnight_abort,True,False
54311M__280738,54311M,280738,2025-10-06,2025-10-09,3,27.678905372425998,27.1851255,13.779530153765771,13.554883651551263,-0.016302914519412338,0.01783957370358673,0.0015366591841743937,0.019376232887761125,0.021643,8.2e-05,0.773245639,0.7710395093,-0.002853,0.0014544674033524759,0.01929404110693921,0.022108635339668437,convergence,False,False
54311M__280738,54311M,280738,2025-11-07,2025-11-11,4,26.070016875,26.266870358287,12.96905672273722,13.091229424282918,0.009420322862148245,-0.0075509534278734745,0.0018693694342747707,-0.005681583993598704,0.021643,0.00011,0.7675481855,0.7681672712,0.000807,0.0017597803931788804,-0.005791173034694595,-0.006604690754861151,convergence,False,False
54319F__771681,54319F,771681,2024-11-01,2024-11-07,6,34.034201663801,33.197297293068,0.6382782117310799,0.6538231279814766,0.02435445228223781,0.02459009848387715,0.048944550766114966,0.07353464924999212,0.032428,0.000164,0.1286587311,0.128622323,-0.000283,0.048780167204471134,0.07337026568834829,0.07366022157208825,convergence,False,False
54319F__771681,54319F,771681,2024-12-06,2024-12-10,1,34.499205897534004,36.564712955565504,0.0,0.0,0.0,-0.05987114787993256,-0.05987114787993256,-0.11974229575986511,0.032428,0.0,0.0,0.0,0.0,-0.05987114787993256,-0.11974229575986511,-0.11974229575986511,overnight_abort,True,False
54338Q__675705,54338Q,675705,2021-03-30,2021-04-06,7,55.791764,55.41530541102949,53.77802871567914,54.41337349405763,0.011814207280402824,0.006747565625824403,0.01856177290622723,0.025309338532051633,0.014809,0.000192,0.7597919325,0.7614986293,0.002246,0.018369992084309422,0.025117557710133825,0.022849845066517716,convergence,False,False
54338Q__675705,54338Q,675705,2021-08-30,2021-09-03,4,65.6350302014075,64.468835240126,64.72135606376021,62.86949601824482,-0.02861281280464883,0.017767874223610803,-0.010844938581038029,0.006922935642572774,0.014809,0.00011,0.7400007948,0.7364857082,-0.00475,-0.01095452762213392,0.0068133466014768836,0.011449567029253021,convergence,False,False
54338Q__675705,54338Q,675705,2021-12-30,2022-01-04,5,69.09212899897051,67.1086199137185,68.1197493484488,67.02997216069437,-0.01599796238503411,0.028708177240877385,0.012710214855843276,0.04141839209672066,0.014809,0.000137,0.7261108443,0.7220215043,-0.005632,0.012573228554473412,0.04128140579535079,0.046854534668294104,convergence,False,False
54338Q__675705,54338Q,675705,2022-03-23,2022-03-28,5,61.500453009874,60.554339112437,61.15621124117914,60.474964606188315,-0.011139451270194362,0.015383852494307666,0.004244401224113304,0.01962825371842097,0.014809,0.000137,0.7513145751,0.7513145751,0.0,0.004107414922743442,0.01949126741705111,0.019491267417051126,convergence,False,False
54338Q__675705,54338Q,675705,2022-07-06,2022-07-12,6,58.4916938389705,57.2270102775,58.77710588610311,57.25848458829766,-0.02583695258402471,0.021621592374332886,-0.004215360209691824,0.017406232164641062,0.014809,0.000164,0.683807206,0.6762009193,-0.011123,-0.00437974377133566,0.017241848602997226,0.028199780217260894,convergence,False,False
54338Q__675705,54338Q,675705,2022-07-15,2022-07-20,5,59.2189753488445,59.7137158352205,58.67028960509779,59.97216980618336,0.022189769470175716,-0.008354424970401808,0.013835344499773907,0.005480919529372099,0.014809,0.000137,0.6812916363,0.693000741,0.017187,0.013698358198404044,0.005343933228002236,-0.011927227285800333,convergence,False,False
54338Q__675705,54338Q,675705,2022-08-02,2022-08-05,3,64.5391145737185,59.440211577437,62.766116717634816,59.34152320261467,-0.05456118195787589,0.07900484891929203,0.024443666961416144,0.10344851588070818,0.014809,8.2e-05,0.694685703,0.6989094566,0.00608,0.024361475180594228,0.10336632409988626,0.09765270758836918,convergence,False,False
54338Q__675705,54338Q,675705,2022-11-28,2022-12-01,3,49.385681925252,48.248756324748,48.887117986802906,47.34140839024763,-0.03161793249854781,0.02302136077061365,-0.008596571727934158,0.014424789042679492,0.014809,8.2e-05,0.6687845737,0.6790019595,0.015278,-0.008678763508756076,0.014342597261857574,-0.00022927995739206874,convergence,False,False
54338Q__675705,54338Q,675705,2023-02-02,2023-02-06,4,49.624779522437,49.152096952437,48.2858765026777,49.261029162990894,0.02019540144951319,0.009525131890737934,0.029720533340251123,0.03924566523098906,0.014809,0.00011,0.6922093294,0.6958940788,0.005323,0.029610944299155232,0.03913607618989317,0.0337341558288863,convergence,False,False
54338Q__675705,54338Q,675705,2023-03-31,2023-04-04,4,44.3544573614075,45.147254115125996,44.54468007648326,44.941257862534826,0.008902921412178544,-0.017874116850504076,-0.008971195438325532,-0.02684531228882961,0.014809,0.00011,0.6786100221,0.6720430108,-0.009677,-0.009080784479421422,-0.0269549013299255,-0.01709619172497052,convergence,False,False
54338Q__675705,54338Q,675705,2023-09-20,2023-09-22,2,37.0317823587185,36.284417752688995,36.24644954875514,36.187698162412055,-0.0016208866544033865,0.020181707669103117,0.01856082101469973,0.038742528683802846,0.014809,5.5e-05,0.6417866107,0.6424050824,0.000964,0.018506026494151784,0.038687734163254904,0.03772655056681043,convergence,False,False
54338Q__675705,54338Q,675705,2023-11-16,2023-11-17,1,36.613345125,37.438704064874,0.0,0.0,0.0,-0.022542571214298476,-0.022542571214298476,-0.04508514242859695,0.014809,0.0,0.0,0.0,0.0,-0.022542571214298476,-0.04508514242859695,-0.04508514242859695,overnight_abort,True,False
54338Q__675705,54338Q,675705,2023-11-21,2023-11-29,8,37.8885844487185,38.58294215115549,37.459307739360376,38.14816682437793,0.01838953057570084,-0.01832630362258047,6.322695312037038e-05,-0.018263076669460098,0.014809,0.000219,0.6541934652,0.6605019815,0.009643,-0.00015595112907141045,-0.01848225475165188,-0.02820898855916611,convergence,False,False
54338Q__675705,54338Q,675705,2023-12-18,2023-12-20,2,42.082936537689,42.356917688844504,41.94325458068535,42.73547518752235,0.018887914511093097,-0.006510504582068051,0.012377409929025047,0.005866905346956995,0.014809,5.5e-05,0.6762009193,0.6802027004,0.005918,0.012322615408477101,0.005812110826409049,-0.00018222938557643767,convergence,False,False
54338Q__675705,54338Q,675705,2024-01-04,2024-01-08,4,42.571104509874004,41.875137827437,42.421129778503854,41.95286785821064,-0.011038412289775913,0.016348335107809562,0.005309922818033649,0.02165825792584321,0.014809,0.00011,0.6714113066,0.6688067591,-0.003879,0.005200333776937759,0.02154866888474732,0.025400001718663277,convergence,False,False
54338Q__675705,54338Q,675705,2024-02-12,2024-02-20,8,44.51385044602951,42.216398102563,43.6179586791563,41.781020449435374,-0.042114264063410775,0.051612078497950645,0.00949781443453987,0.061109892932490514,0.014809,0.000219,0.645348608,0.6552436727,0.015333,0.009278636352348088,0.06089071485029873,0.046425346122290954,convergence,False,False
54338Q__675705,54338Q,675705,2024-03-13,2024-03-15,2,44.952217294874,44.494843112436996,44.208271708897776,43.737431534955306,-0.01065049945953224,0.0101746745758226,-0.0004758248837096399,0.00969884969211296,0.014809,5.5e-05,0.6580893928,0.6559958877,-0.003181,-0.0005306194042575851,0.009644055171565014,0.012801404575577182,convergence,False,False
54338Q__675705,54338Q,675705,2024-08-09,2024-08-28,19,43.457795044874004,41.2879554789075,43.05618486491847,41.112348763613234,-0.04514650119149422,0.04992981267747143,0.004783311485977208,0.05471312416344864,0.014809,0.000521,0.6586528376,0.6798097457,0.032121,0.004262763540771729,0.05419257621824316,0.024475809356577796,convergence,False,False
54338Q__675705,54338Q,675705,2025-04-09,2025-04-10,1,42.172597887563,40.781087673592495,0.0,0.0,0.0,0.032995601022266445,0.032995601022266445,0.06599120204453289,0.014809,0.0,0.0,0.0,0.0,0.032995601022266445,0.06599120204453289,0.06599120204453289,overnight_abort,True,False
54338Q__675705,54338Q,675705,2025-04-15,2025-04-17,2,44.2548232337185,43.4208572914075,42.86485599980192,42.81560220289677,-0.0011490484630433825,0.018844633903668688,0.017695585440625307,0.036540219344293995,0.014809,5.5e-05,0.6370441559,0.6365576591,-0.000764,0.01764079092007736,0.03648542482374605,0.03724880860313038,convergence,False,False
54338Q__675705,54338Q,675705,2025-07-11,2025-07-15,4,47.954013454374,46.207180851126,46.58118174895721,45.89516763888749,-0.014727280079902181,0.03642724513371611,0.02169996505381393,0.058127210187530046,0.014809,0.00011,0.6544931808,0.6528481349,-0.002513,0.02159037601271804,0.058017621146434155,0.06050031009297544,convergence,False,False
54339N__297127,54339N,297127,2023-01-03,2023-01-18,15,31.2037156574535,31.4495933099535,3.0724959080282956,3.1088857320949486,0.011843733940073906,-0.007879755577803033,0.003963978362270873,-0.00391577721553216,0.024967999999999997,0.000411,0.7456842406,0.7565155469,0.014525,0.003553019458161284,-0.004326736119641749,-0.018813668285081034,convergence,False,False
54339N__297127,54339N,297127,2023-07-13,2023-07-17,4,29.2981474024225,28.3917797373915,2.9129519534403596,2.858529285895348,-0.018682995262155024,0.030936006040984683,0.012253010778829659,0.04318901681981434,0.024967999999999997,0.00011,0.7568016985,0.7560006988,-0.001058,0.012143421737733768,0.04307942777871845,0.04411915515945709,convergence,False,False
54339N__297127,54339N,297127,2024-01-05,2024-01-16,11,27.094830819938,25.3793184675465,2.6638734047365284,2.5159751954994856,-0.0555199841606853,0.06331511585335764,0.00779513169267234,0.07111024754602999,0.024967999999999997,0.000301,0.7530406274,0.7436877826,-0.01242,0.007493761829658641,0.07080887768301629,0.08268694696360017,convergence,False,False
54339N__297127,54339N,297127,2024-07-31,2024-08-07,7,24.544137715062,23.193011847577502,2.390723765184365,2.297006267572531,-0.03920047099402429,0.05504882197003616,0.015848350976011873,0.07089717294604803,0.024967999999999997,0.000192,0.7480829813,0.7544037755,0.008449,0.015656570154094065,0.07070539212413021,0.06265530503876433,convergence,False,False
54339N__297127,54339N,297127,2024-08-20,2024-08-28,8,24.1670045223915,24.2710453724535,2.3559370133302524,2.390213046069637,0.014548789948731943,-0.0043050784372387465,0.010243711511493198,0.00593863307425445,0.024967999999999997,0.000219,0.7661075256,0.7674594139,0.001765,0.010024533429301416,0.0057194549920626695,0.003932316005857333,convergence,False,False
54339N__297127,54339N,297127,2024-09-11,2024-09-13,2,24.385352104876002,24.2710453724535,2.3939781536287192,2.4048874679533476,0.004556981569816072,0.004687516174910834,0.009244497744726906,0.013932013919637741,0.024967999999999997,5.5e-05,0.7684329585,0.7721711375,0.004865,0.00918970322417896,0.013877219399089796,0.009014030877221952,convergence,False,False
54339N__297127,54339N,297127,2024-09-19,2024-09-24,5,25.357982944938,24.8402936449845,2.48390200240734,2.4529629728598756,-0.012455817305787079,0.020415239693062602,0.007959422387275523,0.028374662080338127,0.024967999999999997,0.000137,0.7748031535,0.7752236055,0.000543,0.00782243608590566,0.028237675778968265,0.027702069118185003,convergence,False,False
54339N__297127,54339N,297127,2024-09-25,2024-09-27,2,25.402642762469,26.487576449907,2.4907846366865978,2.617178803924942,0.050744719305191345,-0.04270948096160014,0.008035238343591204,-0.03467424261800894,0.024967999999999997,5.5e-05,0.7793930959,0.7781795951,-0.001557,0.007980443823043259,-0.03472903713855688,-0.033090495643121186,convergence,False,False
54339N__297127,54339N,297127,2024-10-09,2024-10-11,2,26.112265210031,25.600972885062,2.570921014649837,2.509632869867539,-0.02383898394118711,0.019580542739455233,-0.004258441201731876,0.015322101537723357,0.024967999999999997,5.5e-05,0.7659312552,0.7642921485,-0.00214,-0.004313235722279821,0.015267307017175411,0.017360789286803627,convergence,False,False
54339N__297127,54339N,297127,2024-11-05,2024-11-07,2,25.0106064225465,23.9385632424225,2.359223215815219,2.348224005383785,-0.0046622169355150685,0.04286354205140646,0.03820132511589139,0.08106486716729785,0.024967999999999997,5.5e-05,0.7500189192,0.7539774004,0.005278,0.038146530595343446,0.0810100726467499,0.07578441747483057,convergence,False,False
54339N__297127,54339N,297127,2025-01-17,2025-01-22,5,23.151681961562,22.659029640093003,2.2890018494545434,2.253344451979565,-0.01557770583867168,0.021279331768937287,0.005701625930265608,0.026980957699202897,0.024967999999999997,0.000137,0.7395081723,0.7376535241,-0.002508,0.005564639628895745,0.026843971397833035,0.02931905892369251,convergence,False,False
54339N__297127,54339N,297127,2025-02-04,2025-02-10,6,24.1670045223915,24.049390954938,2.384354863833448,2.375161953309104,-0.003855512727482227,0.004866700270798021,0.001011187543315794,0.005877887814113815,0.024967999999999997,0.000164,0.7414271375,0.7390161508,-0.003252,0.0008468039816719585,0.005713504252469979,0.00896335353856808,convergence,False,False
54339N__297127,54339N,297127,2025-04-02,2025-04-04,2,25.6309092350465,24.220666574907,2.494803118787154,2.3389145640659152,-0.06248531338898751,0.055021171789379965,-0.007464141599607545,0.04755703018977242,0.024967999999999997,5.5e-05,0.7499905126,0.7391802491,-0.014414,-0.00751893612015549,0.04750223566922448,0.06121307387103625,convergence,False,False
54339N__297127,54339N,297127,2025-08-18,2025-08-25,7,22.7675974074535,22.956244697562,2.2599387394921786,2.276304806913972,0.007241819052790402,-0.00828577942294168,-0.0010439603701512777,-0.009329739793092958,0.024967999999999997,0.000192,0.7781195279,0.7781195279,0.0,-0.001235741192069086,-0.009521520615010767,-0.009521520615010744,convergence,False,False
54339N__297127,54339N,297127,2025-09-26,2025-09-30,4,22.33090125,22.195565457484502,2.212488946365145,2.201567822830077,-0.004936125693649334,0.006060471586004533,0.001124345892355199,0.007184817478359732,0.024967999999999997,0.00011,0.7751937984,0.7763370601,0.001475,0.0010147568512593086,0.007075228437263841,0.005609861813646101,convergence,False,False
54350L__904660,54350L,904660,2024-03-12,2024-03-21,9,11.521480914088,11.195801565912,11.346596364307274,11.438532332794871,0.008102515109887751,0.02826714296577738,0.03636965807566513,0.06463680104144251,0.01551,0.000247,0.6580893928,0.6514868918,-0.010033,0.03612308273319938,0.06439022569897676,0.07460685161715237,convergence,False,False
54350L__904660,54350L,904660,2024-10-01,2024-10-10,9,13.3207792,11.266214399999999,12.05875485503368,12.299477326695737,0.019962464993769417,0.1542375839395342,0.17420004893330363,0.32843763287283784,0.01551,0.000247,0.6796480348,0.6726081734,-0.010358,0.17395347359083788,0.3281910575303721,0.3388665067305533,convergence,False,False
54350L__904660,54350L,904660,2025-02-20,2025-02-28,8,11.779943794088,9.596400479999998,10.706771638668098,10.053330180257767,-0.061030671098876436,0.18536109783340876,0.12433042673453232,0.3096915245679411,0.01551,0.000219,0.6350014313,0.6224905461,-0.019702,0.12411124865234054,0.3094723464857493,0.32834385795496274,convergence,False,False
54366J__930819,54366J,930819,2021-12-06,2021-12-08,2,36.824906511441,38.180824022786496,36.667289361874985,37.61863497583257,0.025945348852177547,-0.03682066405040921,-0.01087531519823166,-0.04769597924864087,0.044465000000000005,5.5e-05,0.0088039786,0.0088140665,0.001146,-0.010930109718779606,-0.04775077376918881,-0.048924991604360084,convergence,False,False
54366J__930819,54366J,930819,2022-04-25,2022-05-02,7,28.2854062336545,26.7652556234635,27.64873248939072,26.51269785545745,-0.041088127073065146,0.05374328364364433,0.012655156570579182,0.0663984402142235,0.044465000000000005,0.000192,0.007859472,0.0076584339,-0.025579,0.012463375748661373,0.06620665939230569,0.09137862320603948,convergence,False,False
54366J__930819,54366J,930819,2023-02-15,2023-03-06,19,23.391569424618,23.089019787691,23.960203056509744,22.464270291480595,-0.062434060408462166,0.012934131585398814,-0.04949992882306335,-0.03656579723766454,0.044465000000000005,0.000521,0.0074535087,0.0072910211,-0.0218,-0.05002047676826883,-0.03708634518287002,-0.01619176302811893,convergence,False,False
54366J__930819,54366J,930819,2023-06-23,2023-06-27,4,30.6482895,29.581855875,27.710200883815265,28.75427816893758,0.037678445187026136,0.03479586111975358,0.07247430630677971,0.1072701674265333,0.044465000000000005,0.00011,0.0069679128,0.0069216123,-0.006645,0.07236471726568383,0.10716057838543741,0.11410188465469803,convergence,False,False
54394H__932153,54394H,932153,2021-03-26,2021-03-30,4,12.741882652982486,12.309941224619989,12.57498618615064,12.35241090562428,-0.01769984294467789,0.03389934126111209,0.0161994983164342,0.050098839577546295,0.021543,0.00011,0.0091078829,0.0090321998,-0.00831,0.01608990927533831,0.049989250536450404,0.05822019345873075,convergence,False,False
54394H__932153,54394H,932153,2021-04-01,2021-04-06,5,12.831615557339152,12.253100869034988,12.668246883624533,12.154888020186965,-0.04052327588446009,0.04508510138252059,0.004561825498060494,0.04964692688058108,0.021543,0.000137,0.0090760574,0.0091420213,0.007268,0.0044248391966906315,0.049509940579211216,0.042586873501924374,convergence,False,False
54394H__932153,54394H,932153,2021-06-17,2021-06-23,6,15.01175982599415,14.267427399809987,14.617561852565071,14.303346434729566,-0.021495747444391183,0.04958328902220287,0.028087541577811685,0.07767083060001455,0.021543,0.000164,0.0090748211,0.0090191657,-0.006133,0.02792315801616785,0.07750644703837072,0.08354459373498634,convergence,False,False
54394H__932153,54394H,932153,2021-12-27,2022-01-11,15,13.06425197698832,13.259429987309987,12.84337705071376,13.67551804465252,0.06479144781414901,-0.014939853476912303,0.04985159433723671,0.034911740860324406,0.021543,0.000411,0.0086990554,0.0087233393,0.002792,0.04944063543312712,0.03450078195621482,0.03153663162910627,convergence,False,False
54394H__932153,54394H,932153,2024-08-05,2024-08-07,1,10.35568976268999,10.65167448432749,0.0,0.0,0.0,-0.02858184519044686,-0.02858184519044686,-0.05716369038089372,0.021543,0.0,0.0,0.0,0.0,-0.02858184519044686,-0.05716369038089372,-0.05716369038089372,overnight_abort,True,False
54394H__932153,54394H,932153,2025-04-08,2025-04-11,3,10.887432097017498,9.127141151193001,9.522952171503633,9.995314122787795,0.04960247019801823,0.16168100339351013,0.21128347359152835,0.3729644769850385,0.021543,8.2e-05,0.0067688762,0.0069932515,0.033148,0.21120128181070644,0.37288228520421657,0.3392062663835833,convergence,False,False
54394H__932153,54394H,932153,2025-10-31,2025-12-01,31,19.332169325,16.687118334802502,18.198238500023077,17.772945302251653,-0.023370020003358277,0.13682121989160143,0.11345119988824315,0.2502724197798446,0.021543,0.000849,0.0065072389,0.006441016,-0.010177,0.11260188481975,0.24942310471135146,0.25946426428964153,convergence,False,False
54444M__932127,54444M,932127,2021-06-21,2021-06-23,2,12.799745841610788,12.39079025343577,25.58611187719181,24.563893416757633,-0.03995208280729098,0.031950289735093174,-0.008001793072197803,0.02394849666289537,0.017383000000000003,5.5e-05,0.0090370973,0.0090191657,-0.001984,-0.008056587592745749,0.023893702142347425,0.02580243691943802,convergence,False,False
54444M__932127,54444M,932127,2021-07-29,2021-08-02,4,14.451105040715227,13.979005581580688,28.198376147486897,28.153431699943233,-0.0015938665158798198,0.03266874455651821,0.031074878040638392,0.0637436225971566,0.017383000000000003,0.00011,0.009114524,0.009169685,0.006052,0.0309652889995425,0.06363403355606072,0.057628038723182985,convergence,False,False
54444M__932127,54444M,932127,2022-02-01,2022-02-03,2,13.197658686991963,12.129438482752207,25.67174165156849,23.92687899096651,-0.06796822296999747,0.08094012957712175,0.012971906607124287,0.09391203618424604,0.017383000000000003,5.5e-05,0.0087370575,0.0086794254,-0.006596,0.012917112086576341,0.09385724166369809,0.10004600947970717,convergence,False,False
54444M__932127,54444M,932127,2023-03-02,2023-03-06,4,9.172043953435304,9.375181146267145,18.400092787525132,18.476932791292725,0.004176066102214931,-0.02214742906413547,-0.01797136296192054,-0.04011879202605601,0.017383000000000003,0.00011,0.0073597056,0.0072910211,-0.009333,-0.01808095200301643,-0.0402283810671519,-0.030768618152435145,convergence,False,False
54444M__932127,54444M,932127,2023-05-26,2023-05-31,5,9.93240175478119,9.790664513721444,19.736930808169518,19.55322401149311,-0.009307769199878203,0.01427018807324392,0.004962418873365716,0.019232606946609637,0.017383000000000003,0.000137,0.00715282,0.0072048705,0.007277,0.004825432571995854,0.019095620645239775,0.011938514079720972,convergence,False,False
54444M__932127,54444M,932127,2023-07-31,2023-08-02,2,9.9081293298606,9.757158460674109,20.006889500378907,19.340377503502747,-0.033314123960325626,0.015237070910197222,-0.018077053050128404,-0.0028399821399311825,0.017383000000000003,5.5e-05,0.0069766626,0.0070148364,0.005472,-0.01813184757067635,-0.002894776660479128,-0.008155351703221823,convergence,False,False
54444M__932127,54444M,932127,2023-10-31,2023-11-01,1,8.65474685052015,9.177489896040301,0.0,0.0,0.0,-0.06039957661947496,-0.06039957661947496,-0.12079915323894992,0.017383000000000003,0.0,0.0,0.0,0.0,-0.06039957661947496,-0.12079915323894992,-0.12079915323894992,overnight_abort,True,False
54444M__932127,54444M,932127,2024-05-20,2024-05-21,1,9.371001969479849,9.388582211040301,0.0,0.0,0.0,-0.001876025810015709,-0.001876025810015709,-0.003752051620031418,0.017383000000000003,0.0,0.0,0.0,0.0,-0.001876025810015709,-0.003752051620031418,-0.003752051620031418,overnight_abort,True,False
54444M__932127,54444M,932127,2024-07-10,2024-07-11,1,11.2511720297985,11.3839069875,0.0,0.0,0.0,-0.01179743384510998,-0.01179743384510998,-0.02359486769021996,0.017383000000000003,0.0,0.0,0.0,0.0,-0.01179743384510998,-0.02359486769021996,-0.02359486769021996,overnight_abort,True,False
54444M__932127,54444M,932127,2024-08-05,2024-08-06,1,9.31131366156045,9.3483741510403,0.0,0.0,0.0,-0.003980156917368834,-0.003980156917368834,-0.007960313834737668,0.017383000000000003,0.0,0.0,0.0,0.0,-0.003980156917368834,-0.007960313834737668,-0.007960313834737668,overnight_abort,True,False
54444M__932127,54444M,932127,2025-04-09,2025-04-10,1,6.8939540029194,6.7549543815604505,0.0,0.0,0.0,0.02016253971234603,0.02016253971234603,0.04032507942469206,0.017383000000000003,0.0,0.0,0.0,0.0,0.02016253971234603,0.04032507942469206,0.04032507942469206,overnight_abort,True,False
54444M__932127,54444M,932127,2025-10-28,2025-10-30,2,10.3170562382985,9.86102721760075,20.256397936220306,20.058964468149302,-0.009746721440438092,0.044201466984826576,0.03445474554438849,0.07865621252921506,0.017383000000000003,5.5e-05,0.0065475021,0.0064932953,-0.008279,0.034399951023840546,0.07860141800866711,0.08686816993356754,convergence,False,False
54633R__871051,54633R,871051,2021-02-22,2021-03-16,22,88.57752015124349,81.5882307637825,171.50758228391288,161.70300865790378,-0.057166998073465085,0.07890590496919513,0.02173890689573004,0.10064481186492516,0.031205,0.000603,0.791108197,0.7796659989,-0.014464,0.021136167169702645,0.10004207213889776,0.11387887148436306,convergence,False,False
54633R__871051,54633R,871051,2022-02-22,2022-02-23,1,76.37531563997399,79.7018460212175,0.0,0.0,0.0,-0.04355504593819899,-0.04355504593819899,-0.08711009187639798,0.031205,0.0,0.0,0.0,0.0,-0.04355504593819899,-0.08711009187639798,-0.08711009187639798,overnight_abort,True,False
54633R__871051,54633R,871051,2022-02-25,2022-03-09,12,79.29947999999999,79.2882679612955,157.01048284960868,159.43958765248192,0.015470972121013987,0.0001413885526675004,0.015612360673681488,0.015753749226348986,0.031205,0.000329,0.7262954241,0.7358082095,0.013098,0.015283593550393817,0.015424982103061315,0.0022966188787901807,convergence,False,False
54633R__871051,54633R,871051,2023-06-16,2023-06-21,5,82.647906490461,82.435583197513,165.39313902759156,160.37552106827565,-0.030337521790906055,0.002569009935811326,-0.02776851185509473,-0.025199501919283402,0.031205,0.000137,0.6784032233,0.6756528039,-0.004054,-0.027905498156464592,-0.025336488220653264,-0.021389226437494798,convergence,False,False
54633R__871051,54633R,871051,2023-07-05,2023-07-11,6,75.5426740737045,76.06023404746101,149.19226485833866,151.49798083219787,0.015454661647830976,-0.006851226543179274,0.008603435104651702,0.0017522085614724275,0.031205,0.000164,0.6626026595,0.6788406325,0.024506,0.008439051543007866,0.001587824999828592,-0.022702007678331977,convergence,False,False
54633R__871051,54633R,871051,2023-08-16,2023-08-18,2,79.63649981626949,84.44301367629551,158.9043994208042,167.35888654019962,0.05320486500192228,-0.060355664439235686,-0.007150799437313407,-0.0675064638765491,0.031205,5.5e-05,0.6403892747,0.6412928053,0.001411,-0.0072055939578613525,-0.06756125839709705,-0.06904514035512546,convergence,False,False
54633R__871051,54633R,871051,2023-09-20,2023-09-22,2,85.3460722887045,83.212329737539,166.46257348382247,162.54509491681628,-0.02353368979596427,0.02500106324691301,0.0014673734509487411,0.026468436697861752,0.031205,5.5e-05,0.6417866107,0.6424050824,0.000964,0.001412578930400796,0.026413642177313807,0.02547355500270976,convergence,False,False
54633R__871051,54633R,871051,2024-02-14,2024-02-21,7,108.0455415,112.02745310750001,216.2153573677023,222.43449400715036,0.028763621211566472,-0.036854011301336385,-0.008090390089769913,-0.044944401391106295,0.031205,0.000192,0.6524435708,0.6553939776,0.004522,-0.008282170911687722,-0.0451361822130241,-0.049767398378192544,convergence,False,False
54633R__871051,54633R,871051,2024-02-27,2024-02-29,2,113.49738074999999,114.594748487565,224.9596893116051,224.81861861198794,-0.0006270932363431314,-0.009668661341024017,-0.010295754577367148,-0.019964415918391164,0.031205,5.5e-05,0.6497513856,0.6523583177,0.004012,-0.010350549097915093,-0.02001921043893911,-0.024012870425827695,convergence,False,False
54633R__871051,54633R,871051,2024-03-21,2024-03-25,4,109.78021762499999,111.205326647565,216.67244939724426,219.8927201187291,0.014862391275140097,-0.012981473833774524,0.0018809174413655736,-0.01110055639240895,0.031205,0.00011,0.6514868918,0.6532959631,0.002777,0.0017713284002696832,-0.011210145433504841,-0.014020446628071294,convergence,False,False
54633R__871051,54633R,871051,2024-06-20,2024-06-25,5,106.06305449999999,110.94303987,212.1410459002193,218.7547826374364,0.031176129584690893,-0.046010228472158646,-0.014834098887467752,-0.0608443273596264,0.031205,0.000137,0.6640986856,0.6647832913,0.001031,-0.014971085188837616,-0.06098131366099627,-0.06204323724610497,convergence,False,False
54633R__871051,54633R,871051,2024-07-15,2024-07-17,2,114.7076890635,114.56448579256501,227.99474271690752,226.11029368065851,-0.008265317935812488,0.0012484191086415762,-0.007016898827170911,-0.005768479718529335,0.031205,5.5e-05,0.6734008094,0.6706006335,-0.004158,-0.007071693347718857,-0.00582327423907728,-0.0016821633942866725,convergence,False,False
54633R__871051,54633R,871051,2024-07-26,2024-08-01,6,112.50613725,111.205326647565,225.95759484883263,217.98817525049364,-0.035269536320169236,0.011562130157792729,-0.02370740616237651,-0.012145276004583778,0.031205,0.000164,0.6549003343,0.6509991144,-0.005957,-0.023871789724020345,-0.012309659566227614,-0.006528352649223897,convergence,False,False
54633R__871051,54633R,871051,2024-08-08,2024-08-15,7,111.69331758,102.961264151315,222.74369446126394,207.05559223601222,-0.07043118443013861,0.07817883484775788,0.007747650417619267,0.08592648526537715,0.031205,0.000192,0.6572462683,0.6668888296,0.014671,0.007555869595701459,0.08573470444345933,0.07229404703722107,convergence,False,False
54633R__871051,54633R,871051,2024-10-02,2024-10-07,5,102.246767025,99.37259777121751,201.4863451323882,195.25353386162968,-0.030934162147133164,0.028110123551189938,-0.0028240385959432263,0.025286084955246712,0.031205,0.000137,0.6840414097,0.6746954981,-0.013663,-0.0029610248973130893,0.02514909865387685,0.038572641097331134,convergence,False,False
54633R__871051,54633R,871051,2025-04-09,2025-04-10,1,81.34143962751298,78.8645761087045,0.0,0.0,0.0,0.03045020508796982,0.03045020508796982,0.06090041017593964,0.031205,0.0,0.0,0.0,0.0,0.03045020508796982,0.06090041017593964,0.06090041017593964,overnight_abort,True,False
547123__912005,547123,912005,2021-02-24,2021-02-25,1,9.985471220256,10.061918685192,0.0,0.0,0.0,-0.0076558695378262836,-0.0076558695378262836,-0.015311739075652567,0.011801,0.0,0.0,0.0,0.0,-0.0076558695378262836,-0.015311739075652567,-0.015311739075652567,overnight_abort,True,False
547123__912005,547123,912005,2021-05-17,2021-05-19,2,10.796442907404,11.000028953532,21.212523225748377,22.01708345931234,0.03792854932916999,-0.01885677050062341,0.01907177882854658,0.00021500832792317043,0.011801,5.5e-05,0.0091840015,0.0091941341,0.001103,0.019016984307998634,0.00016021380737522522,-0.0009836584381830956,convergence,False,False
547123__912005,547123,912005,2021-06-21,2021-06-22,1,11.274077110128,11.642183057532002,0.0,0.0,0.0,-0.032650650142645954,-0.032650650142645954,-0.06530130028529191,0.011801,0.0,0.0,0.0,0.0,-0.032650650142645954,-0.06530130028529191,-0.06530130028529191,overnight_abort,True,False
547123__912005,547123,912005,2021-07-09,2021-07-13,4,11.413385572595999,11.285434797276,22.791859271436568,22.409162155872153,-0.016790956411529907,0.011210589049686857,-0.00558036736184305,0.0056302216878438074,0.011801,0.00011,0.0090608427,0.0090904951,0.003273,-0.00568995640293894,0.005520632646747917,0.0023134907338610085,convergence,False,False
547123__912005,547123,912005,2021-08-10,2021-08-11,1,11.194469999999999,11.747704352340001,0.0,0.0,0.0,-0.049420325601837546,-0.049420325601837546,-0.09884065120367509,0.011801,0.0,0.0,0.0,0.0,-0.049420325601837546,-0.09884065120367509,-0.09884065120367509,overnight_abort,True,False
547123__912005,547123,912005,2021-11-11,2021-11-12,1,11.124816017532,10.93873087234,0.0,0.0,0.0,0.016727031251459874,0.016727031251459874,0.03345406250291975,0.011801,0.0,0.0,0.0,0.0,0.016727031251459874,0.03345406250291975,0.03345406250291975,overnight_abort,True,False
547123__912005,547123,912005,2022-02-15,2022-02-16,1,11.070087,11.426125334808,0.0,0.0,0.0,-0.032162198436923,-0.032162198436923,-0.064324396873846,0.011801,0.0,0.0,0.0,0.0,-0.032162198436923,-0.064324396873846,-0.064324396873846,overnight_abort,True,False
547123__912005,547123,912005,2022-11-10,2022-11-11,1,9.448135665192,9.685067685192001,0.0,0.0,0.0,-0.025077118745541038,-0.025077118745541038,-0.050154237491082075,0.011801,0.0,0.0,0.0,0.0,-0.025077118745541038,-0.050154237491082075,-0.050154237491082075,overnight_abort,True,False
547123__912005,547123,912005,2023-05-17,2023-05-23,6,10.346177442467999,10.260396057532,20.524370575561488,20.424803992622284,-0.004851139408765035,0.008291118668030117,0.0034399792592650826,0.0117310979272952,0.011801,0.000164,0.0072085055,0.0071697432,-0.005377,0.003275595697621247,0.011566714365651364,0.016946859456328543,convergence,False,False
547123__912005,547123,912005,2023-09-12,2023-09-15,3,9.89093864766,10.202609222724,19.87470953931353,20.471899146693136,0.030047714971548463,-0.03151071765445987,-0.001463002682911406,-0.032973720337371275,0.011801,8.2e-05,0.0067812701,0.0067629252,-0.002705,-0.0015451944637333238,-0.03305591211819319,-0.03026183680794413,convergence,False,False
547123__912005,547123,912005,2023-10-24,2023-10-26,2,9.622267387404,9.431326872340001,19.115803453793944,18.90030952498208,-0.01127307723856587,0.01984360934658167,0.008570532108015802,0.028414141454597475,0.011801,5.5e-05,0.0066564601,0.0066838214,0.00411,0.008515737587467856,0.02835934693404953,0.024311833942192468,convergence,False,False
547123__912005,547123,912005,2023-10-31,2023-11-01,1,9.433210202724,9.752905889872,0.0,0.0,0.0,-0.03389044453347202,-0.03389044453347202,-0.06778088906694404,0.011801,0.0,0.0,0.0,0.0,-0.03389044453347202,-0.06778088906694404,-0.06778088906694404,overnight_abort,True,False
547123__912005,547123,912005,2024-03-21,2024-03-22,1,10.95565712766,11.210060075064,0.0,0.0,0.0,-0.023221149077557613,-0.023221149077557613,-0.046442298155115226,0.011801,0.0,0.0,0.0,0.0,-0.023221149077557613,-0.046442298155115226,-0.046442298155115226,overnight_abort,True,False
547123__912005,547123,912005,2024-04-26,2024-04-30,1,10.76161964766,11.074391705192001,0.0,0.0,0.0,-0.029063660282772602,-0.029063660282772602,-0.058127320565545204,0.011801,0.0,0.0,0.0,0.0,-0.029063660282772602,-0.058127320565545204,-0.058127320565545204,overnight_abort,True,False
547123__912005,547123,912005,2024-08-05,2024-08-06,1,9.209314832339999,9.773001092596001,0.0,0.0,0.0,-0.06120827341861815,-0.06120827341861815,-0.1224165468372363,0.011801,0.0,0.0,0.0,0.0,-0.06120827341861815,-0.1224165468372363,-0.1224165468372363,overnight_abort,True,False
547123__912005,547123,912005,2025-04-07,2025-04-08,1,9.074986665192,9.129843057532002,0.0,0.0,0.0,-0.0060447904072860464,-0.0060447904072860464,-0.012089580814572093,0.011801,0.0,0.0,0.0,0.0,-0.0060447904072860464,-0.012089580814572093,-0.012089580814572093,overnight_abort,True,False
547123__912005,547123,912005,2025-04-09,2025-04-10,1,9.562566035064,9.300680167660001,0.0,0.0,0.0,0.02738656825413975,0.02738656825413975,0.0547731365082795,0.011801,0.0,0.0,0.0,0.0,0.02738656825413975,0.0547731365082795,0.0547731365082795,overnight_abort,True,False
547123__912005,547123,912005,2025-04-15,2025-04-21,6,10.26906048,10.300594,20.5704206393007,20.511308793292372,-0.0028736333128449583,-0.003070730770494009,-0.005944364083338967,-0.009015094853832976,0.011801,0.000164,0.0070499484,0.0070626457,0.001801,-0.006108747644982803,-0.009179478415476812,-0.010972122865379925,convergence,False,False
547357__930970,547357,930970,2024-05-13,2024-05-14,1,11.663988479999999,12.74477568,0.0,0.0,0.0,-0.09266017382074794,-0.09266017382074794,-0.18532034764149588,0.044822,0.0,0.0,0.0,0.0,-0.09266017382074794,-0.18532034764149588,-0.18532034764149588,overnight_abort,True,False
547357__930970,547357,930970,2024-11-07,2024-11-08,1,14.94355776,16.0699392,0.0,0.0,0.0,-0.0753757209688733,-0.0753757209688733,-0.1507514419377466,0.044822,0.0,0.0,0.0,0.0,-0.0753757209688733,-0.1507514419377466,-0.1507514419377466,overnight_abort,True,False
547357__930970,547357,930970,2025-02-12,2025-02-14,2,26.384950050688,23.801706442752003,52.936681077328345,47.282093456712495,-0.10681794750894553,0.09790595028504284,-0.008911997223902693,0.08899395306114015,0.044822,5.5e-05,0.0065445022,0.0065763514,0.004867,-0.008966791744450638,0.0889391585405922,0.08461348734452462,convergence,False,False
547357__930970,547357,930970,2025-04-08,2025-04-10,2,15.7300608,14.402304,27.386062715034708,30.53815703800831,0.11509848479398725,0.08440887908074707,0.19950736387473433,0.2839162429554814,0.044822,5.5e-05,0.0067688762,0.006875924,0.015815,0.1994525693541864,0.28386144843493344,0.2665010413710202,convergence,False,False
547357__930970,547357,930970,2025-09-09,2025-09-11,2,31.163328,31.469292976128003,60.6629011895983,59.698035377146226,-0.015905368743186946,-0.00981810980290689,-0.025723478546093838,-0.03554158834900073,0.044822,5.5e-05,0.0067812701,0.006758355,-0.003379,-0.025778273066641783,-0.03559638286954867,-0.03225967935446038,convergence,False,False
547357__930970,547357,930970,2025-10-14,2025-10-17,3,30.668672,29.274574887936,62.36593366605567,59.52159403395451,-0.04560726449364886,0.045456715962921355,-0.00015054853072750396,0.04530616743219385,0.044822,8.2e-05,0.0066476102,0.0065793798,-0.010264,-0.00023274031154942176,0.045223975651371935,0.055121352012087954,convergence,False,False
547357__930970,547357,930970,2025-12-09,2025-12-15,6,34.230202125184,30.32064,65.39481794992113,58.03909580133372,-0.11248172835683048,0.11421381944769875,0.0017320910908682624,0.11594591053856701,0.044822,0.000164,0.0064092293,0.0064232264,0.002184,0.0015677075292244269,0.11578152697692318,0.1138475017337811,convergence,False,False
547520__936485,547520,936485,2022-07-06,2022-07-20,14,6.082304373703489,6.36921642360525,6.079017257723457,6.374965191977653,0.04868351605322237,-0.0471716034373764,0.0015119126158459686,-0.04565969082153043,0.01854,0.000384,0.0073526703,0.007278815,-0.010045,0.0011283509720103522,-0.046043252465366044,-0.035402669391999646,convergence,False,False
547520__936485,547520,936485,2022-12-14,2022-12-16,2,7.08721013817265,6.8969062558934375,6.876357354121963,6.828356468968511,-0.00698056873450289,0.026851734119496557,0.019871165384993665,0.046722899504490226,0.01854,5.5e-05,0.0072582109,0.0073048682,0.006428,0.01981637086444572,0.046668104983942284,0.040325539417819696,convergence,False,False
547520__936485,547520,936485,2022-12-29,2023-01-05,7,7.126875700744168,6.816238688665653,7.113133816315644,6.872799987981958,-0.03378733404149148,0.043586702662160796,0.009799368620669317,0.053386071282830114,0.01854,0.000192,0.0076263108,0.0075708818,-0.007268,0.009607587798751508,0.05319429046091231,0.06026826193163511,convergence,False,False
547520__936485,547520,936485,2023-04-12,2023-04-20,8,6.65417703148018,6.796073309337781,6.5961779671919825,6.777418932827085,0.027476663991868815,-0.021324391759687977,0.006152272232180837,-0.01517211952750714,0.01854,0.000219,0.0075429002,0.0074535087,-0.011851,0.005933094149989057,-0.015391297609698922,-0.0030685535295546925,convergence,False,False
547520__936485,547520,936485,2023-05-18,2023-05-23,5,6.964904543575804,6.930513877014048,6.915254309371455,6.8285897495446015,-0.01253237494236569,0.0049377082408797795,-0.00759466670148591,-0.0026569584606061306,0.01854,0.000137,0.0072482151,0.0071697432,-0.010826,-0.007731653002855773,-0.0027939447619759936,0.008013759023950448,convergence,False,False
547520__936485,547520,936485,2023-08-09,2023-08-15,6,7.259102727025849,7.196040669887923,7.120349626688751,7.074154578017363,-0.006487750053485836,0.008687307441337624,0.0021995573878517884,0.010886864829189413,0.01854,0.000164,0.0069087015,0.0068327013,-0.011001,0.0020351738262079527,0.010722481267545577,0.02177332724823917,convergence,False,False
547520__936485,547520,936485,2023-08-21,2023-08-23,2,7.0144865794302325,7.137554448539815,6.956978597214194,6.991940809890259,0.005025488031552288,-0.017544814964857883,-0.012519326933305595,-0.030064141898163477,0.01854,5.5e-05,0.0068544794,0.0068547143,3.4e-05,-0.01257412145385354,-0.030118936418711422,-0.030153377020727165,convergence,False,False
547520__936485,547520,936485,2023-08-25,2023-08-29,4,7.123572082823924,7.058235676539171,7.014676944063512,6.899113085985919,-0.016474580226448612,0.009171860061932883,-0.0073027201645157296,0.0018691398974171533,0.01854,0.00011,0.0068238425,0.0068373726,0.001983,-0.00741230920561162,0.001759550856321263,-0.00018669341915936822,convergence,False,False
547520__936485,547520,936485,2023-08-30,2023-09-01,2,6.97151210997642,6.967485587700682,6.927621536483234,6.796876474676029,-0.01887300874025182,0.0005775679956111377,-0.018295440744640682,-0.017717872749029542,0.01854,5.5e-05,0.0068707273,0.0067695636,-0.014724,-0.018350235265188627,-0.017772667269577488,-0.0031108009410443713,convergence,False,False
547520__936485,547520,936485,2023-10-11,2023-10-12,1,6.793011954722606,6.853210735458748,0.0,0.0,0.0,-0.008861868805381836,-0.008861868805381836,-0.017723737610763672,0.01854,0.0,0.0,0.0,0.0,-0.008861868805381836,-0.017723737610763672,-0.017723737610763672,overnight_abort,True,False
547520__936485,547520,936485,2023-10-24,2023-10-26,2,6.9087046939567855,6.893541830220953,6.795974514924044,6.886626569172969,0.013339080958860548,0.002194747699825069,0.015533828658685616,0.017728576358510686,0.01854,5.5e-05,0.0066564601,0.0066838214,0.00411,0.01547903413813767,0.01767378183796274,0.013525515010270467,convergence,False,False
547520__936485,547520,936485,2023-11-02,2023-11-08,6,7.136792174027079,7.024623013821648,7.136473581581224,6.930897670293125,-0.02880637179386146,0.01571702768838471,-0.013089344105476752,0.0026276835829079567,0.01854,0.000164,0.006663335,0.0066072014,-0.008424,-0.013253727667120588,0.002463300021264121,0.010714387183261634,convergence,False,False
547520__936485,547520,936485,2024-02-14,2024-02-26,12,8.095419520562055,8.187553720891898,8.022923963387123,8.159668548505714,0.017044232968258036,-0.011381028505789694,0.005663204462468341,-0.005717824043321353,0.01854,0.000329,0.0066702241,0.0066438561,-0.003953,0.00533443733918067,-0.006046591166609025,-0.002010166847468886,convergence,False,False
547520__936485,547520,936485,2024-03-26,2024-04-01,6,7.90038507826074,7.831281880776448,7.882288836680911,7.754047393523548,-0.01626956913334369,0.008746813832460069,-0.007522755300883623,0.0012240585315764461,0.01854,0.000164,0.0066082934,0.006598047,-0.001551,-0.007687138862527458,0.0010596749699326106,0.0025873536128448314,convergence,False,False
547520__936485,547520,936485,2024-08-05,2024-08-06,1,7.645857415784135,7.979169395735904,0.0,0.0,0.0,-0.043593800122884746,-0.043593800122884746,-0.08718760024576949,0.01854,0.0,0.0,0.0,0.0,-0.043593800122884746,-0.08718760024576949,-0.08718760024576949,overnight_abort,True,False
547520__936485,547520,936485,2024-08-29,2024-09-03,5,8.644145366488706,8.332077146285334,8.413067143606806,8.409890495832327,-0.0003775849782553096,0.036101685819998605,0.035724100841743295,0.0718257866617419,0.01854,0.000137,0.0068408811,0.0069570052,0.016975,0.03558711454037343,0.07168880036037203,0.05500342354273996,convergence,False,False
547520__936485,547520,936485,2024-09-11,2024-09-13,2,9.0771834315831,9.39753899636595,9.027273151838822,9.318568385752538,0.032268352692349955,-0.03529239738267353,-0.0030240446903235726,-0.0383164420729971,0.01854,5.5e-05,0.0070514398,0.0070219783,-0.004178,-0.003078839210871518,-0.03837123659354504,-0.03404023857937503,convergence,False,False
547520__936485,547520,936485,2024-09-20,2024-09-27,7,9.404434652802124,9.011013541502086,9.313132510715805,9.007561189243436,-0.03281079927948787,0.04183357382177299,0.009022774542285117,0.050856348364058106,0.01854,0.000192,0.0069817776,0.0069623333,-0.002785,0.008830993720367308,0.0506645675421403,0.053365719033346505,convergence,False,False
547520__936485,547520,936485,2024-11-01,2024-11-08,7,8.254087059810177,8.47996466124479,8.177229707766278,8.394925508776113,0.02662219465390338,-0.02736554628002767,-0.0007433516261242876,-0.028108897906151956,0.01854,0.000192,0.006595436,0.006505546,-0.013629,-0.0009351324480420958,-0.028300678728069763,-0.01411538681291936,convergence,False,False
547520__936485,547520,936485,2025-01-06,2025-01-08,2,7.774775865743649,7.528782705003017,7.669580606406224,7.430792969400518,-0.03113437999546567,0.03163990383626356,0.0005055238407978939,0.03214542767706145,0.01854,5.5e-05,0.0063273118,0.0063409526,0.002156,0.0004507293202499487,0.03209063315651351,0.03000638762069943,convergence,False,False
547520__936485,547520,936485,2025-04-09,2025-04-14,5,8.819341903822277,9.098404582371467,8.896939842321759,9.107852801297597,0.023706236381699268,-0.03164212042037342,-0.007935884038674151,-0.03957800445904757,0.01854,0.000137,0.0069225706,0.0069805587,0.008377,-0.008072870340044015,-0.039714990760417436,-0.048219006292286745,convergence,False,False
547520__936485,547520,936485,2025-06-12,2025-06-18,6,10.21430597496997,10.321831763531794,10.021328392561852,10.430665644134013,0.040846605912643705,-0.010526979397848,0.030319626514795705,0.019792647116947705,0.01854,0.000164,0.0069398656,0.0068448608,-0.01369,0.03015524295315187,0.01962826355530387,0.034074930407230225,convergence,False,False
547520__936485,547520,936485,2025-07-07,2025-07-09,2,10.657260513347273,10.375605100086739,10.462172668306671,10.245857939585125,-0.020675889758236705,0.02642850035501953,0.005752610596782823,0.03218111095180235,0.01854,5.5e-05,0.0068226781,0.0068371393,0.00212,0.005697816076234877,0.03212631643125441,0.030054952780227247,convergence,False,False
547520__936485,547520,936485,2025-07-31,2025-08-05,5,11.053931675388469,11.83094641140342,10.866868294161238,11.746359492351672,0.08093327114887228,-0.07029306484180389,0.010640206307068384,-0.05965285853473551,0.01854,0.000137,0.0067854114,0.0067858714,6.8e-05,0.01050322000569852,-0.059789844836105374,-0.059863119037076626,convergence,False,False
547686__923879,547686,923879,2021-06-21,2021-06-23,2,16.984754976890247,17.35109914810975,16.98968079395606,17.20321990307947,0.012568753451764354,-0.021568999477352285,-0.009000246025587931,-0.030569245502940216,0.012103,5.5e-05,0.0090370973,0.0090191657,-0.001984,-0.009055040546135876,-0.03062404002348816,-0.028610885097263044,convergence,False,False
547686__923879,547686,923879,2022-02-15,2022-02-16,1,18.5618891875,18.803498483223,0.0,0.0,0.0,-0.013016417309812608,-0.013016417309812608,-0.026032834619625217,0.012103,0.0,0.0,0.0,0.0,-0.013016417309812608,-0.026032834619625217,-0.026032834619625217,overnight_abort,True,False
547686__923879,547686,923879,2022-03-09,2022-03-10,1,14.814627954277,15.0508275,0.0,0.0,0.0,-0.01594367043519369,-0.01594367043519369,-0.03188734087038738,0.012103,0.0,0.0,0.0,0.0,-0.01594367043519369,-0.03188734087038738,-0.03188734087038738,overnight_abort,True,False
547686__923879,547686,923879,2023-06-02,2023-06-16,14,16.1451033101655,16.98235387435975,16.165031172040575,16.572340636934932,0.025196948930036683,-0.05185786353358845,-0.026660914603551765,-0.07851877813714021,0.012103,0.000384,0.0071653769,0.0070693855,-0.013397,-0.027044476247387383,-0.07890233978097583,-0.06498173941146394,convergence,False,False
547686__923879,547686,923879,2023-10-31,2023-11-01,1,14.9192751516115,15.7632343383885,0.0,0.0,0.0,-0.05656837736422074,-0.05656837736422074,-0.11313675472844148,0.012103,0.0,0.0,0.0,0.0,-0.05656837736422074,-0.11313675472844148,-0.11313675472844148,overnight_abort,True,False
547686__923879,547686,923879,2024-04-26,2024-05-01,5,17.7994823866115,16.706412504669,17.43430233492965,17.07828757943915,-0.020420361460477033,0.061410206106032136,0.04098984464555511,0.10240005075158724,0.012103,0.000137,0.006336734,0.0065085095,0.027108,0.04085285834418524,0.10226306445021738,0.0764095595578997,convergence,False,False
547686__923879,547686,923879,2024-05-20,2024-05-22,2,17.012166277892,16.3251359119425,17.04652301776813,16.294466377763214,-0.044117890740594065,0.04038464912268838,-0.003733241617905683,0.0366514075047827,0.012103,5.5e-05,0.0064034835,0.0063720649,-0.004906,-0.0037880361384536286,0.03659661298423476,0.041309759838401024,convergence,False,False
547686__923879,547686,923879,2024-08-05,2024-08-06,1,14.052223146611501,14.4387615183885,0.0,0.0,0.0,-0.027507275378715196,-0.027507275378715196,-0.05501455075743039,0.012103,0.0,0.0,0.0,0.0,-0.027507275378715196,-0.05501455075743039,-0.05501455075743039,overnight_abort,True,False
547686__923879,547686,923879,2025-04-07,2025-04-08,1,11.46103225,11.53896775,0.0,0.0,0.0,-0.0068000419421207735,-0.0068000419421207735,-0.013600083884241547,0.012103,0.0,0.0,0.0,0.0,-0.0068000419421207735,-0.013600083884241547,-0.013600083884241547,overnight_abort,True,False
547686__923879,547686,923879,2025-04-09,2025-04-10,1,12.11879584,11.3784265933885,0.0,0.0,0.0,0.06109264124805162,0.06109264124805162,0.12218528249610323,0.012103,0.0,0.0,0.0,0.0,0.06109264124805162,0.12218528249610323,0.12218528249610323,overnight_abort,True,False
670845__362033,670845,362033,2021-01-12,2021-01-13,1,21.162740364785,22.985329389828,0.0,0.0,0.0,-0.08612254337702895,-0.08612254337702895,-0.1722450867540579,0.019854999999999998,0.0,0.0,0.0,0.0,-0.08612254337702895,-0.1722450867540579,-0.1722450867540579,overnight_abort,True,False
670845__362033,670845,362033,2021-03-09,2021-03-10,1,25.132608845215,25.849707970085998,0.0,0.0,0.0,-0.028532617894442214,-0.028532617894442214,-0.05706523578888443,0.019854999999999998,0.0,0.0,0.0,0.0,-0.028532617894442214,-0.05706523578888443,-0.05706523578888443,overnight_abort,True,False
670845__362033,670845,362033,2021-07-28,2021-07-29,1,19.262368514957,18.829481610043,0.0,0.0,0.0,0.022473191943029647,0.022473191943029647,0.044946383886059295,0.019854999999999998,0.0,0.0,0.0,0.0,0.022473191943029647,0.044946383886059295,0.044946383886059295,overnight_abort,True,False
670845__362033,670845,362033,2021-08-11,2021-08-12,1,21.03339098,21.095858600257998,0.0,0.0,0.0,-0.002969926262360463,-0.002969926262360463,-0.005939852524720926,0.019854999999999998,0.0,0.0,0.0,0.0,-0.002969926262360463,-0.005939852524720926,-0.005939852524720926,overnight_abort,True,False
670845__362033,670845,362033,2021-09-29,2021-10-20,21,23.3814895,21.143599147800998,1.082824639364649,1.02265939150765,-0.05556324234762621,0.09571205257043194,0.04014881022280573,0.13586086279323767,0.019854999999999998,0.000575,0.1284339976,0.1286206653,0.001453,0.03957346775705231,0.13528552032748425,0.13391485538079592,convergence,False,False
670845__362033,670845,362033,2022-03-16,2022-03-30,14,19.928987715043,21.668725069913997,0.9961058768405022,1.0774212780300656,0.08163329127972177,-0.08729682509452251,-0.005663533814800739,-0.09296035890932325,0.019854999999999998,0.000384,0.1279050384,0.1276780454,-0.001775,-0.006047095458636355,-0.09334392055315886,-0.09142093383356834,convergence,False,False
670845__362033,670845,362033,2022-11-04,2022-11-09,5,15.89941286,16.140988569913997,0.7719245302935585,0.8080520345508952,0.04680186059587679,-0.015194001944672882,0.03160785865120391,0.01641385670653103,0.019854999999999998,0.000137,0.1273917774,0.1274754083,0.000656,0.03147087234983405,0.016276870405161167,0.015590110637996526,convergence,False,False
670845__362033,670845,362033,2022-11-10,2022-11-15,5,17.182912364785,17.314372252242,0.8579219591870646,0.8584941444693396,0.0006669432763058842,-0.007650617349734879,-0.006983674073428995,-0.014634291423163874,0.019854999999999998,0.000137,0.1276161225,0.1278085988,0.001508,-0.007120660374798858,-0.014771277724533738,-0.01627825513123805,convergence,False,False
670845__362033,670845,362033,2023-06-14,2023-06-16,2,20.844346165129,21.839580369828,1.035532959023791,1.0566923142407494,0.02043329961887994,-0.04774600252820354,-0.0273127029093236,-0.07505870543752714,0.019854999999999998,5.5e-05,0.1278535261,0.127783273,-0.000549,-0.027367497429871546,-0.07511349995807509,-0.07455248284716225,convergence,False,False
670845__362033,670845,362033,2023-06-26,2023-07-05,9,20.814499445043,22.060690834870996,1.030052072435335,1.0839359830511321,0.05231183166148123,-0.05987131197261519,-0.007559480311133966,-0.06743079228374915,0.019854999999999998,0.000247,0.1276519632,0.1278469944,0.001528,-0.00780605565359972,-0.0676773676262149,-0.06928267434669237,convergence,False,False
670845__362033,670845,362033,2023-10-24,2023-10-26,2,21.889053999999998,23.276799900171998,1.1048687865832787,1.1526950351134997,0.04328681297814555,-0.0633990806625083,-0.020112267684362743,-0.08351134834687104,0.019854999999999998,5.5e-05,0.1278486321,0.1278535261,3.8e-05,-0.02016706220491069,-0.083566142867419,-0.08360607798550672,convergence,False,False
670845__362033,670845,362033,2023-11-14,2023-11-15,1,24.51574048,25.186375569914,0.0,0.0,0.0,-0.027355285901362134,-0.027355285901362134,-0.05471057180272427,0.019854999999999998,0.0,0.0,0.0,0.0,-0.027355285901362134,-0.05471057180272427,-0.05471057180272427,overnight_abort,True,False
670845__362033,670845,362033,2023-12-14,2023-12-18,4,26.644947465043,26.251719139827998,1.326512234998284,1.30152173804335,-0.01883925100394305,0.014758082211680111,-0.004081168792262937,0.010676913419417174,0.019854999999999998,0.00011,0.1281615779,0.1282264927,0.000507,-0.004190757833358828,0.010567324378321283,0.01007061069265603,convergence,False,False
670845__362033,670845,362033,2024-01-19,2024-01-25,6,25.291805945043,26.239664654085995,1.264822191009541,1.2670465505630322,0.0017586341932503517,-0.037476908968169985,-0.03571827477491964,-0.07319518374308961,0.019854999999999998,0.000164,0.1279140418,0.1279664151,0.000409,-0.03588265833656347,-0.07335956730473345,-0.07376956085995817,convergence,False,False
670845__362033,670845,362033,2024-05-30,2024-06-03,4,29.938253145129,28.980421940301,1.457425556774367,1.4085939710827173,-0.033505372171272835,0.031993556878045205,-0.0015118152932276294,0.030481741584817576,0.019854999999999998,0.00011,0.1278960526,0.1279844387,0.000691,-0.0016214043343235197,0.030372152543721685,0.029704691001580782,convergence,False,False
670845__362033,670845,362033,2024-07-31,2024-08-02,2,26.406152810258,24.804454204699,1.2961523110989863,1.2137034692197848,-0.06361045779357097,0.06065626511624174,-0.0029541926773292287,0.05770207243891251,0.019854999999999998,5.5e-05,0.1279615108,0.1283853582,0.003312,-0.003008987197877174,0.05764727791836457,0.05455591081532551,convergence,False,False
670845__362033,670845,362033,2024-09-24,2024-09-25,1,26.087774529914,25.447696800343998,0.0,0.0,0.0,0.024535543606299042,0.024535543606299042,0.049071087212598084,0.019854999999999998,0.0,0.0,0.0,0.0,0.024535543606299042,0.049071087212598084,0.049071087212598084,overnight_abort,True,False
670845__362033,670845,362033,2024-09-26,2024-09-27,1,27.032980695043,28.342209584870997,0.0,0.0,0.0,-0.04843080031008444,-0.04843080031008444,-0.09686160062016888,0.019854999999999998,0.0,0.0,0.0,0.0,-0.04843080031008444,-0.09686160062016888,-0.09686160062016888,overnight_abort,True,False
670845__362033,670845,362033,2024-10-09,2024-10-15,6,27.222024514957,28.010544389828,1.3424240492203825,1.3753815560042708,0.02455074222115471,-0.028966246593369698,-0.004415504372214989,-0.03338175096558468,0.019854999999999998,0.000164,0.1286992989,0.1286901846,-7.1e-05,-0.004579887933858824,-0.033546134527228516,-0.03347357217246267,convergence,False,False
670845__362033,670845,362033,2025-02-20,2025-02-21,1,30.749145090043,34.834794400172,0.0,0.0,0.0,-0.13287033828631514,-0.13287033828631514,-0.2657406765726303,0.019854999999999998,0.0,0.0,0.0,0.0,-0.13287033828631514,-0.2657406765726303,-0.2657406765726303,overnight_abort,True,False
670845__362033,670845,362033,2025-03-05,2025-03-06,1,31.172004799914,31.930221135215,0.0,0.0,0.0,-0.02432363077600617,-0.02432363077600617,-0.04864726155201234,0.019854999999999998,0.0,0.0,0.0,0.0,-0.02432363077600617,-0.04864726155201234,-0.04864726155201234,overnight_abort,True,False
670845__362033,670845,362033,2025-03-17,2025-03-19,2,30.654623180086,30.774412639827997,1.5417377983897107,1.5286226720226206,-0.00850671649925713,-0.003907712681322939,-0.01241442918058007,-0.016322141861903006,0.019854999999999998,5.5e-05,0.1287117161,0.1286537587,-0.00045,-0.012469223701128015,-0.01637693638245095,-0.01593027727656997,convergence,False,False
670845__362033,670845,362033,2025-04-07,2025-04-10,3,20.008586264957,20.291821185129,1.0060612555786113,1.0010771195912413,-0.00495410787338531,-0.014155668792455185,-0.019109776665840496,-0.03326544545829568,0.019854999999999998,8.2e-05,0.1286852264,0.1289731867,0.002238,-0.019191968446662412,-0.03334763723911759,-0.035569290599339214,convergence,False,False
670845__362033,670845,362033,2025-10-06,2025-10-09,3,30.246686830258,31.910115249999997,1.483657969648328,1.6034679764713111,0.08075311781689255,-0.05499539268803308,0.025757725128859474,-0.029237667559173605,0.019854999999999998,8.2e-05,0.1284983697,0.1284958979,-1.9e-05,0.025675533348037557,-0.02931985933999552,-0.02929906952802265,convergence,False,False
670845__362033,670845,362033,2025-10-17,2025-10-20,1,29.350229578300997,29.749279835301,0.0,0.0,0.0,-0.013596154535534723,-0.013596154535534723,-0.027192309071069447,0.019854999999999998,0.0,0.0,0.0,0.0,-0.013596154535534723,-0.027192309071069447,-0.027192309071069447,overnight_abort,True,False
67406F__27194J,67406F,27194J,2021-04-08,2021-06-11,64,8.757027961542,8.792846351302499,0.2195524172968875,0.22107631460481,0.006940927030932403,-0.004090244991542917,0.002850682039389486,-0.0012395629521534312,0.011662,0.001753,6.86577e-05,7.04101e-05,0.025524,0.0010972573818552392,-0.002992987609687678,-0.028054211504114898,convergence,False,False
67406F__27194J,67406F,27194J,2021-07-29,2021-08-05,7,8.118795698958,8.371752151042001,0.20203243457811748,0.2109529495261575,0.04415387542434844,-0.031156893394480543,0.012996982029867897,-0.018159911364612646,0.011662,0.000192,6.91443e-05,6.96743e-05,0.007665,0.012805201207950088,-0.018351692186530454,-0.026294384886348235,convergence,False,False
67406F__27194J,67406F,27194J,2023-12-13,2023-12-14,1,14.83126365,15.500274302605,0.0,0.0,0.0,-0.045108135651340774,-0.045108135651340774,-0.09021627130268155,0.011662,0.0,0.0,0.0,0.0,-0.045108135651340774,-0.09021627130268155,-0.09021627130268155,overnight_abort,True,False
67406F__27194J,67406F,27194J,2024-06-12,2024-07-05,23,14.681655397395,15.550404552605,0.36842494698198,0.3924546437952,0.06522277334926332,-0.05917242515882404,0.006050348190439286,-0.05312207696838475,0.011662,0.00063,6.14628e-05,6.15195e-05,0.000923,0.005420211204137916,-0.05375221395468612,-0.05473398609602171,convergence,False,False
67406F__27194J,67406F,27194J,2025-02-06,2025-05-07,90,12.527282197395,11.840766052605,0.30821059010699997,0.2997452681970241,-0.02746603193302681,0.05480168275707544,0.02733565082404863,0.08213733358112407,0.011662,0.002466,6.14439e-05,6.06281e-05,-0.013277,0.0248698973993911,0.07967158015646654,0.0927578093331853,force_close,False,False
67406F__27194J,67406F,27194J,2025-10-15,2025-10-28,13,9.724601250000001,10.587509802605,0.245205990855,0.26996597112779996,0.1009762452640952,-0.08873459491256765,0.01224165035152755,-0.0764929445610401,0.011662,0.000356,6.035e-05,6.01866e-05,-0.002708,0.011885485967965907,-0.07684910894460174,-0.07386007951818199,convergence,False,False
674991__147506,674991,147506,2021-03-22,2021-05-07,46,0.5534500712389799,0.38503083831051005,0.27371839123156844,0.22642952466507912,-0.1727646664651133,0.30430790721814976,0.13154324075303647,0.43585114797118624,0.14010499999999998,0.00126,0.013782649,0.0136286201,-0.011176,0.13028296678043375,0.4345908739985835,0.4439401806437596,convergence,False,False
674991__147506,674991,147506,2022-05-10,2022-08-17,99,0.64725519,0.6584083906194901,0.28514639216377724,0.3167411180773035,0.11080177334097019,-0.017231535245766202,0.09357023809520398,0.07633870284943778,0.14010499999999998,0.002712,0.0129157242,0.012522698,-0.03043,0.0908579093280807,0.0736263740823145,0.10848900511673397,force_close,False,False
677521__675585,677521,675585,2021-03-12,2021-03-16,4,50.35900464162,50.07807855831,49.24213551213907,49.57868309418458,0.006834544817061126,0.005578467749893214,0.012413012566954339,0.017991480316847552,0.017148,0.00011,0.009163803,0.0091877986,0.002619,0.012303423525858448,0.01788189127575166,0.015252360519209671,convergence,False,False
677521__675585,677521,675585,2021-03-29,2021-04-01,3,52.28094375,50.128290195827496,51.41909059516388,50.60221114678185,-0.015886695756903605,0.04117472638723173,0.025288030630328123,0.06646275701755985,0.017148,8.2e-05,0.0090608427,0.0090760574,0.001679,0.025205838849506206,0.06638056523673794,0.06473084135001297,convergence,False,False
677521__675585,677521,675585,2021-06-21,2021-06-23,2,52.4203596,51.9157152374825,51.55664479579059,51.27276137879898,-0.005506243048127619,0.009626877159337455,0.004120634111209836,0.013747511270547292,0.017148,5.5e-05,0.0090370973,0.0090191657,-0.001984,0.004065839590661891,0.013692716749999346,0.01566993557991366,convergence,False,False
677521__675585,677521,675585,2021-08-12,2021-08-13,1,52.63944264582749,52.6487571457925,0.0,0.0,0.0,-0.00017694906132799268,-0.00017694906132799268,-0.00035389812265598536,0.017148,0.0,0.0,0.0,0.0,-0.00017694906132799268,-0.00035389812265598536,-0.00035389812265598536,overnight_abort,True,False
677521__675585,677521,675585,2021-11-11,2021-11-12,1,58.32562464162,60.29553675832749,0.0,0.0,0.0,-0.03377438525196352,-0.03377438525196352,-0.06754877050392703,0.017148,0.0,0.0,0.0,0.0,-0.03377438525196352,-0.06754877050392703,-0.06754877050392703,overnight_abort,True,False
677521__675585,677521,675585,2021-11-19,2021-11-26,7,60.5263944541725,57.970874408309996,59.45532305202186,58.22931407857278,-0.02062067634173575,0.04222158066589297,0.02160090432415722,0.0638224849900502,0.017148,0.000192,0.0087051143,0.0088082445,0.011847,0.021409123502239412,0.06363070416813238,0.052163767081549406,convergence,False,False
677521__675585,677521,675585,2023-02-16,2023-03-01,13,48.0685984041375,46.784393762482495,46.78947074089406,45.931102143471115,-0.01834533675698815,0.026716082521442194,0.008370745764454044,0.03508682828589624,0.017148,0.000356,0.0074535087,0.0073112776,-0.019082,0.0080145813808924,0.03473066390233459,0.053827438804327526,convergence,False,False
677521__675585,677521,675585,2023-06-02,2023-06-07,5,49.044504374999995,50.052980270845,49.090159305127315,50.114952959178744,0.02087574513013227,-0.020562464820402266,0.00031328030973000465,-0.02024918451067226,0.017148,0.000137,0.0071653769,0.007198128,0.004571,0.00017629400836014164,-0.020386170812042123,-0.02503110121843823,convergence,False,False
677521__675585,677521,675585,2023-06-13,2023-06-14,1,50.94653888331,53.4822223291375,0.0,0.0,0.0,-0.0497714565386931,-0.0497714565386931,-0.0995429130773862,0.017148,0.0,0.0,0.0,0.0,-0.0497714565386931,-0.0995429130773862,-0.0995429130773862,overnight_abort,True,False
677521__675585,677521,675585,2023-10-31,2023-11-01,1,37.801618870792495,38.71085389169,0.0,0.0,0.0,-0.024052806415653993,-0.024052806415653993,-0.04810561283130799,0.017148,0.0,0.0,0.0,0.0,-0.024052806415653993,-0.04810561283130799,-0.04810561283130799,overnight_abort,True,False
677521__675585,677521,675585,2023-11-02,2023-11-16,14,39.30282086042249,48.9634460791375,39.31270639172068,48.63053083082479,0.23701813724700613,-0.24579979266687058,-0.008781655419864448,-0.254581448086735,0.017148,0.000384,0.006663335,0.0066829285,0.00294,-0.009165217063700064,-0.2549650097305706,-0.2585917902463503,convergence,False,False
677521__675585,677521,675585,2024-04-22,2024-04-24,2,51.70336280417249,51.61446047496499,51.38285160493709,50.446727814993594,-0.018218603302537363,0.001719468993616892,-0.01649913430892047,-0.01477966531530358,0.017148,5.5e-05,0.0064584877,0.0064244644,-0.005268,-0.016553928829468417,-0.014834459835851525,-0.009635046948723091,convergence,False,False
677521__675585,677521,675585,2024-05-09,2024-05-13,4,49.95071138331,47.698193749999994,49.260719240571156,47.56341443280899,-0.034455542548478754,0.04509480587823297,0.010639263329754213,0.05573406920798718,0.017148,0.00011,0.0064211637,0.0063928396,-0.004411,0.010529674288658322,0.05562448016689129,0.05990241915464612,convergence,False,False
677521__675585,677521,675585,2024-07-22,2024-07-24,2,47.451174400035,45.724799978035,46.9359735645814,45.21243724143025,-0.03672100932943592,0.03638212212506854,-0.0003388872043673802,0.03604323492070116,0.017148,5.5e-05,0.0064269413,0.006495826,0.010718,-0.00039368172491532536,0.03598844040015322,0.02577339087625218,convergence,False,False
677521__675585,677521,675585,2024-08-05,2024-08-06,1,44.852064625035,45.338382349964995,0.0,0.0,0.0,-0.010842705436096011,-0.010842705436096011,-0.021685410872192022,0.017148,0.0,0.0,0.0,0.0,-0.010842705436096011,-0.021685410872192022,-0.021685410872192022,overnight_abort,True,False
677521__675585,677521,675585,2024-08-07,2024-08-13,6,47.132517566655,56.279857960034995,45.390202198121166,55.00693149537329,0.21186795457038493,-0.19407705901650157,0.017790895553883357,-0.17628616346261822,0.017148,0.000164,0.0067895572,0.0067874834,-0.000305,0.01762651199223952,-0.17645054702426205,-0.17608028140207457,convergence,False,False
677521__675585,677521,675585,2025-04-09,2025-04-10,1,66.013399000035,67.8268305083275,0.0,0.0,0.0,-0.027470658014315374,-0.027470658014315374,-0.05494131602863075,0.017148,0.0,0.0,0.0,0.0,-0.027470658014315374,-0.05494131602863075,-0.05494131602863075,overnight_abort,True,False
68923D__68039H,68923D,68039H,2022-01-14,2022-01-20,6,9.48622025,9.523794555435149,0.953612604789742,0.9527876901995823,-0.0008650416175460844,-0.003960935382577534,-0.0048259770001236185,-0.008786912382701153,0.016613,0.000164,0.1283359255,0.1284290574,0.000726,-0.004990360561767454,-0.008951295944344989,-0.009675830865914559,convergence,False,False
68923D__68039H,68923D,68039H,2022-03-02,2022-03-04,2,8.7672644102901,8.03163351072525,0.8605221551316421,0.8204809817625272,-0.046531252136081815,0.08390654885478793,0.03737529671870612,0.12128184557349406,0.016613,5.5e-05,0.1279434936,0.1278862259,-0.000448,0.037320502198158176,0.12122705105294611,0.12165401620754178,convergence,False,False
68923D__68039H,68923D,68039H,2022-03-16,2022-03-23,7,6.65033957014505,7.27053093043515,0.6696661549068106,0.7185472249336325,0.0729931917100158,-0.0932570966863536,-0.0202639049763378,-0.1135210016626914,0.016613,0.000192,0.1279050384,0.1278281989,-0.000601,-0.02045568579825561,-0.11371278248460921,-0.11306778974385327,convergence,False,False
68923D__68039H,68923D,68039H,2022-10-06,2022-10-10,4,6.9998322945648495,6.54447891735495,0.683662112091185,0.6540792195588171,-0.043271218353580804,0.06505204097010539,0.021780822616524587,0.08683286358662998,0.016613,0.00011,0.1273934036,0.1273877236,-4.5e-05,0.021671233575428696,0.0867232745455341,0.08676593344017643,convergence,False,False
68923D__68039H,68923D,68039H,2022-11-10,2022-11-15,5,5.482036555290099,6.2891089397099,0.5332378547915015,0.6321230175992663,0.18544287866889958,-0.1472212701028025,0.038221608566097076,-0.10899966153670543,0.016613,0.000137,0.1276161225,0.1278085988,0.001508,0.03808462226472721,-0.10913664783807529,-0.110921892816033,convergence,False,False
68923D__68039H,68923D,68039H,2023-01-04,2023-01-30,26,12.471883255,11.346434165,1.252433453604668,1.1400160847450185,-0.08975915529571454,0.09023890514279835,0.0004797498470838074,0.09071865498988216,0.016613,0.000712,0.1279737861,0.1275428879,-0.003367,-0.00023257892003948025,0.09000632622275886,0.09308153604439202,convergence,False,False
68923D__68039H,68923D,68039H,2024-08-07,2024-08-12,5,7.25945536427475,6.7497761697099,0.6987974445376798,0.6771262762954043,-0.031012088569689827,0.07020901279634342,0.03919692422665359,0.10940593702299702,0.016613,0.000137,0.1282881932,0.1283993668,0.000867,0.03905993792528373,0.10926895072162715,0.10842996002288041,convergence,False,False
68923D__68039H,68923D,68039H,2024-08-29,2024-09-10,12,7.02978848,6.3141458030802005,0.6792131766474576,0.6341939759067677,-0.06628140072738442,0.10180145234182057,0.03552005161443615,0.13732150395625672,0.016613,0.000329,0.1282486999,0.1282273247,-0.000167,0.03519128449114848,0.13699273683296906,0.13714838557515313,convergence,False,False
68923D__68039H,68923D,68039H,2024-09-24,2024-09-30,6,7.1695858094198,8.46225662485495,0.7242871001598983,0.8827092968302572,0.21872845261966511,-0.18029923203328804,0.03842922058637707,-0.14187001144691097,0.016613,0.000164,0.1284562767,0.1288120244,0.002769,0.03826483702473324,-0.1420343950085548,-0.1454002286406515,convergence,False,False
68923D__68039H,68923D,68039H,2025-03-14,2025-03-19,5,7.2394838749999995,7.310588850290101,0.715332272203447,0.7282987258458402,0.01812647652880599,-0.009821829362124408,0.008304647166681584,-0.001517182195442824,0.016613,0.000137,0.1287067545,0.1286537587,-0.000412,0.00816766086531172,-0.001654168496812687,-0.001234775953057867,convergence,False,False
68923D__68039H,68923D,68039H,2025-03-27,2025-04-01,5,7.75873011427475,7.3155963030802,0.7598424799880978,0.7299761323456598,-0.039305972525918574,0.05711421903685735,0.017808246510938777,0.07492246554779614,0.016613,0.000137,0.1285636262,0.1284991887,-0.000501,0.017671260209568915,0.07478547924642627,0.07526723109265697,convergence,False,False
68923D__68039H,68923D,68039H,2025-05-27,2025-05-29,2,6.94990461985495,6.7748130330802,0.6794922696088291,0.671312863706185,-0.012037526059498555,0.025193379816254816,0.01315585375675626,0.03834923357301108,0.016613,5.5e-05,0.1275737982,0.1275371947,-0.000287,0.013101059236208315,0.03829443905246314,0.03857798680102352,convergence,False,False
68923D__68039H,68923D,68039H,2025-08-28,2025-09-05,8,9.660966612209899,8.48228603543515,0.9245681549699947,0.8589601142516468,-0.07096074028255615,0.12200441468093753,0.05104367439838138,0.1730480890793189,0.016613,0.000219,0.128250348,0.1283219324,0.000558,0.0508244963161896,0.17282891099712713,0.1723106463736174,convergence,False,False
68923D__68039H,68923D,68039H,2025-10-02,2025-10-09,7,9.44627836985495,8.43221331014505,0.918741075480919,0.849915421198331,-0.07491300445727969,0.10735074915280853,0.03243774469552883,0.13978849384833736,0.016613,0.000192,0.1285190178,0.1284958979,-0.00018,0.032245963873611026,0.13959671302641954,0.13976316128802016,convergence,False,False
69311L__912087,69311L,912087,2021-01-08,2021-01-21,13,18.18475625,17.361851514300003,36.50400911018192,34.51976481832941,-0.054356886824769274,0.04525244795073876,-0.009104438874030514,0.036148009076708246,0.010141,0.000356,0.0096376253,0.0096353028,-0.000241,-0.009460603257592157,0.0357918446931466,0.036019783158178345,convergence,False,False
69311L__912087,69311L,912087,2021-01-22,2021-01-26,4,18.065190232125,18.244986474975,35.52292466072645,36.42783828102948,0.025474074247706424,-0.009952634903908783,0.015521439343797641,0.005568804439888858,0.010141,0.00011,0.0096385542,0.0096056866,-0.00341,0.01541185030270175,0.005459215398792967,0.00896806105306868,convergence,False,False
69311L__912087,69311L,912087,2022-03-16,2022-03-31,15,14.966304496425,14.371194000000003,29.894125225296058,28.625342111827425,-0.04244255698758508,0.03976335618235959,-0.00267920080522549,0.0370841553771341,0.010141,0.000411,0.008432058,0.0081629315,-0.031917,-0.0030901597093350793,0.036673196473024514,0.0682432376018617,convergence,False,False
69311L__912087,69311L,912087,2022-07-19,2022-07-21,2,14.6075905,14.762589253575001,29.07065029390435,29.64728519892104,0.019835638322050216,-0.010610836439794817,0.009224801882255398,-0.0013860345575394187,0.010141,5.5e-05,0.0072351047,0.007349428,0.015801,0.009170007361707453,-0.0014408290780873639,-0.017304781433370456,convergence,False,False
69311L__912087,69311L,912087,2023-01-04,2023-01-12,8,15.544230996425,15.796270500000002,30.711877980251572,31.97056637157959,0.0409837650480828,-0.016214343677276047,0.024769421370806753,0.008555077693530706,0.010141,0.000219,0.0074959709,0.0078189133,0.043082,0.02455024328861497,0.008335899611338925,-0.034659563127155076,convergence,False,False
69311L__912087,69311L,912087,2023-03-16,2023-03-17,1,16.381229989275003,16.448594250000003,0.0,0.0,0.0,-0.004112283434705725,-0.004112283434705725,-0.00822456686941145,0.010141,0.0,0.0,0.0,0.0,-0.004112283434705725,-0.00822456686941145,-0.00822456686941145,overnight_abort,True,False
69311L__912087,69311L,912087,2023-04-06,2023-04-12,6,17.008982721400002,16.679412485700002,33.00216564623022,33.43286026002125,0.01305049548589944,0.019376246134070595,0.032426741619970036,0.05180298775404063,0.010141,0.000164,0.0074841891,0.0075429002,0.007845,0.0322623580583262,0.0516386041923968,0.043753399911751194,convergence,False,False
69311L__912087,69311L,912087,2023-10-06,2023-10-10,1,15.105803,15.485163253575003,0.0,0.0,0.0,-0.025113544349479662,-0.025113544349479662,-0.050227088698959324,0.010141,0.0,0.0,0.0,0.0,-0.025113544349479662,-0.050227088698959324,-0.050227088698959324,overnight_abort,True,False
69311L__912087,69311L,912087,2024-05-09,2024-05-17,8,13.32220225,13.267262503575001,26.04460452876907,26.44274652665537,0.01528692814077895,0.004123923762304331,0.01941085190308328,0.02353477566538761,0.010141,0.000219,0.0064211637,0.0063997948,-0.003328,0.0191916738208915,0.02331559758319583,0.02670563828243006,convergence,False,False
69311L__912087,69311L,912087,2024-08-05,2024-08-06,1,13.7705935,13.357584253575002,0.0,0.0,0.0,0.029992116637892068,0.029992116637892068,0.059984233275784136,0.010141,0.0,0.0,0.0,0.0,0.029992116637892068,0.059984233275784136,0.059984233275784136,overnight_abort,True,False
69311L__912087,69311L,912087,2025-03-17,2025-03-19,2,15.125732496425,15.184090753575001,30.22534269785787,30.266423628410163,0.0013591551620423937,-0.003858210315685147,-0.002499055153642753,-0.0063572654693279,0.010141,5.5e-05,0.0066992693,0.0066972503,-0.000301,-0.0025538496741906985,-0.006412059989875846,-0.006110183242896111,convergence,False,False
69311L__912087,69311L,912087,2025-04-09,2025-04-10,1,14.288735496425002,13.91958525,0.0,0.0,0.0,0.025835053529919494,0.025835053529919494,0.05167010705983899,0.010141,0.0,0.0,0.0,0.0,0.025835053529919494,0.05167010705983899,0.05167010705983899,overnight_abort,True,False
69311L__912087,69311L,912087,2025-05-12,2025-05-14,2,14.13927075,13.759014253575002,28.26297979474689,27.72671600946913,-0.018974070999315997,0.026893642759121657,0.00791957175980566,0.03481321451892731,0.010141,5.5e-05,0.0067805804,0.0068648315,0.012425,0.007864777239257714,0.03475841999837937,0.022718428390889972,convergence,False,False
69368T__68341V,69368T,68341V,2021-07-21,2021-07-23,2,38.543463417942,37.522776457058,3.798116347608561,3.7265239307305014,-0.01884945334103228,0.02648145419150032,0.00763200085046804,0.03411345504196836,0.013798999999999999,5.5e-05,0.1286877055,0.1285586612,-0.001003,0.007577206329920094,0.03405866052142042,0.035043517428815035,convergence,False,False
69368T__68341V,69368T,68341V,2022-01-14,2022-01-21,7,27.167854875,27.903871414116,2.705524721981917,2.7505856547076664,0.016655154676516973,-0.02709144842323518,-0.010436293746718207,-0.03752774216995339,0.013798999999999999,0.000192,0.1283359255,0.1284331794,0.000758,-0.010628074568636016,-0.037719522991871195,-0.03848936828581562,convergence,False,False
69368T__68341V,69368T,68341V,2022-03-02,2022-03-04,2,27.825869292942,25.145581539115998,2.75504949953638,2.4586156962664574,-0.10759654348127191,0.09632359462372134,-0.011272948857550577,0.08505064576617076,0.013798999999999999,5.5e-05,0.1279434936,0.1278862259,-0.000448,-0.011327743378098522,0.08499585124562281,0.08539547124431471,convergence,False,False
69368T__68341V,69368T,68341V,2022-09-26,2022-09-30,4,26.8787360588985,24.874763612058,2.5960509025996035,2.482055002051391,-0.04391127324740074,0.07455605213166498,0.030644778884264243,0.10520083101592922,0.013798999999999999,0.00011,0.1273893481,0.1273893481,0.0,0.030535189843168352,0.10509124197483334,0.1050912419748335,convergence,False,False
69368T__68341V,69368T,68341V,2022-11-10,2022-11-11,1,22.6415476838985,24.2428594619855,0.0,0.0,0.0,-0.0707244840521997,-0.0707244840521997,-0.1414489681043994,0.013798999999999999,0.0,0.0,0.0,0.0,-0.0707244840521997,-0.1414489681043994,-0.1414489681043994,overnight_abort,True,False
69368T__68341V,69368T,68341V,2023-01-04,2023-01-09,5,37.197527011029,35.596990623086995,3.6806923551945205,3.6229547155526416,-0.015686624708091793,0.04302803214491789,0.027341407436826098,0.07036943958174399,0.013798999999999999,0.000137,0.1279737861,0.1280663929,0.000724,0.027204421135456236,0.07023245328037413,0.06952068097369128,convergence,False,False
69368T__68341V,69368T,68341V,2023-11-14,2023-11-15,1,27.496862083971,28.1144954319855,0.0,0.0,0.0,-0.02246195751821962,-0.02246195751821962,-0.04492391503643924,0.013798999999999999,0.0,0.0,0.0,0.0,-0.02246195751821962,-0.04492391503643924,-0.04492391503643924,overnight_abort,True,False
69368T__68341V,69368T,68341V,2024-08-15,2024-08-20,5,18.514028710884002,19.007121765956498,1.839214091261412,1.881307117345356,0.0228864199572735,-0.026633482251359857,-0.003747062294086355,-0.03038054454544621,0.013798999999999999,0.000137,0.128298067,0.1283046449,5.1e-05,-0.003884048595456218,-0.030517530846816073,-0.03056997200814016,convergence,False,False
69368T__68341V,69368T,68341V,2024-09-24,2024-09-30,6,20.976568938087,25.135541363970997,2.086496325952663,2.56623179370412,0.22992394560408194,-0.19826752593140165,0.03165641967268029,-0.16661110625872136,0.013798999999999999,0.000164,0.1284562767,0.1288120244,0.002769,0.03149203611103646,-0.1667754898203652,-0.17017224270008752,convergence,False,False
69368T__68341V,69368T,68341V,2024-10-09,2024-10-14,5,25.4779574736015,24.734341582057997,2.547810369133778,2.4545875498233256,-0.036589386886806186,0.029186636813959114,-0.007402750072847072,0.021783886741112042,0.013798999999999999,0.000137,0.1286992989,0.1287440342,0.000348,-0.007539736374216934,0.02164690043974218,0.02131213958601719,convergence,False,False
69368T__68341V,69368T,68341V,2024-12-09,2024-12-10,1,27.197763443014498,27.2920315661015,0.0,0.0,0.0,-0.003466024817978679,-0.003466024817978679,-0.006932049635957358,0.013798999999999999,0.0,0.0,0.0,0.0,-0.003466024817978679,-0.006932049635957358,-0.006932049635957358,overnight_abort,True,False
69368T__68341V,69368T,68341V,2025-02-21,2025-02-25,4,22.6176180379275,22.617980987058,2.231156672491202,2.278210734748338,0.021089537475016174,-1.6047186308153588e-05,0.02107349028870802,0.02105744310239987,0.013798999999999999,0.00011,0.1286181888,0.1286330839,0.000116,0.02096390124761213,0.020947854061303978,0.020829616743900627,convergence,False,False
69368T__68341V,69368T,68341V,2025-04-25,2025-04-30,5,18.533759053928996,17.6530622211015,1.835211116349501,1.809704444212044,-0.013898494789086443,0.04751852175615697,0.03362002696707053,0.0811385487232275,0.013798999999999999,0.000137,0.128921635,0.1290314323,0.000852,0.03348304066570067,0.08100156242185763,0.08016245461015513,convergence,False,False
69368T__68341V,69368T,68341V,2025-07-25,2025-07-29,4,24.0373214019855,24.373256362058,2.3786783827650275,2.421177051342777,0.017866504730390635,-0.013975557195185284,0.003890947535205351,-0.010084609659979933,0.013798999999999999,0.00011,0.1273909725,0.1273909725,0.0,0.0037813584941094607,-0.010194198701075824,-0.010194198701075761,convergence,False,False
69368T__68341V,69368T,68341V,2025-08-15,2025-08-19,4,26.2705749038985,25.4966275869855,2.4751462398866377,2.532171669206254,0.023039216188788895,0.029460615907501382,0.05249983209629028,0.08196044800379165,0.013798999999999999,0.00011,0.1278821389,0.1279983583,0.000909,0.05239024305519439,0.08185085896269577,0.08092196420606723,convergence,False,False
69368T__68341V,69368T,68341V,2025-08-28,2025-09-02,5,26.330391042942,25.922911758529,2.621321637004913,2.610282314214436,-0.004211357597112804,0.015475626007545647,0.011264268410432843,0.026739894417978492,0.013798999999999999,0.000137,0.128250348,0.1282026628,-0.000372,0.01112728210906298,0.02660290811660863,0.02697329340762835,convergence,False,False
69368T__68341V,69368T,68341V,2025-10-14,2025-10-16,2,24.156954677058,23.453484041441996,2.360335350883946,2.310791349035058,-0.020990238455028835,0.029120832696850393,0.008130594241821557,0.03725142693867195,0.013798999999999999,5.5e-05,0.1286215024,0.1287349136,0.000882,0.008075799721273612,0.03719663241812401,0.03633415720636041,convergence,False,False
69438E__133241,69438E,133241,2022-05-27,2022-06-06,10,1.989012502862117,1.215091430070701,0.7004975355671416,0.6723136966430182,-0.04023403009020576,0.3890981437662014,0.3488641136759956,0.737962257442197,0.088436,0.000274,0.7175146841,0.687002018,-0.042525,0.3485901410732559,0.7376882848394573,0.7803155520187512,convergence,False,False
69438E__133241,69438E,133241,2023-07-11,2023-08-29,49,1.50112530112975,1.2900154230981,0.7709304781657278,0.6885382998426317,-0.1068736814234294,0.14063441464397963,0.03376073322055023,0.17439514786452986,0.088436,0.001342,0.6839008776,0.6476893262,-0.052949,0.032418267467125575,0.1730526821111052,0.2229863282027833,convergence,False,False
696046__147535,696046,147535,2021-01-08,2021-01-12,4,18.514763282141,18.675281228329,18.313186295008,18.728034886127443,0.022652999015934653,-0.00866972716539295,0.013983271850541703,0.005313544685148754,0.013218,0.00011,0.0136103021,0.0136668035,0.004151,0.013873682809445812,0.005203955644052863,0.0009760960601642448,convergence,False,False
696046__147535,696046,147535,2021-06-11,2021-06-18,7,20.456868644282,20.271711942141,20.151243378526626,20.085985106339784,-0.0032384240992484803,0.009051077433239256,0.005812653333990776,0.014863730767230032,0.013218,0.000192,0.0136640026,0.0134879957,-0.012881,0.005620872512072968,0.014671949945312223,0.027678842808823947,convergence,False,False
696046__147535,696046,147535,2021-08-03,2021-08-17,14,22.787409619765,23.655345311905997,22.559688481985937,23.214032112060426,0.029004994044886177,-0.03808838769406151,-0.009083393649175334,-0.047171781343236845,0.013218,0.000384,0.0134815391,0.013460763,-0.001541,-0.00946695529301095,-0.04755534298707246,-0.04596711870463205,convergence,False,False
696046__147535,696046,147535,2022-10-13,2022-10-18,5,17.976955633812,18.143137322376,18.075254404821965,18.069595859949338,-0.0003130547845079217,-0.009244150786656857,-0.00955720557116478,-0.018801356357821635,0.013218,0.000137,0.0121407838,0.0120452188,-0.007871,-0.009694191872534643,-0.018938342659191497,-0.011006973000757364,convergence,False,False
696046__147535,696046,147535,2022-11-10,2022-11-25,15,19.122294612140998,20.000615235953,19.261190165074815,19.88768131792419,0.03252608730198589,-0.04593175879919475,-0.013405671497208858,-0.05933743029640361,0.013218,0.000411,0.0124216656,0.0122473983,-0.014029,-0.013816630401318447,-0.059748389200513195,-0.04505665394326417,convergence,False,False
696046__147535,696046,147535,2024-01-11,2024-01-16,5,18.743843427624,19.548797098094,18.898914438467937,19.427302074141185,0.027958623623256223,-0.042944963426427646,-0.014986339803171423,-0.057931303229599065,0.013218,0.000137,0.0120682581,0.0120211095,-0.003907,-0.015123326104541287,-0.05806828953096893,-0.054036481155730114,convergence,False,False
696046__147535,696046,147535,2024-07-18,2024-07-31,13,22.15995425,22.219565130234997,22.079855770914804,22.113529992117854,0.001525110560160824,-0.002690027224898212,-0.0011649166647373877,-0.0038549438896355996,0.013218,0.000356,0.0119432927,0.0119445769,0.000108,-0.0015210810482990315,-0.004211108273197243,-0.004318785469112023,convergence,False,False
696046__147535,696046,147535,2024-12-09,2024-12-12,3,23.066275463812,23.344092749999998,22.901193771614885,23.166079494079668,0.011566459159570013,-0.012044306269725078,-0.0004778471101550656,-0.012522153379880144,0.013218,8.2e-05,0.0117806451,0.0117911326,0.00089,-0.0005600388909769834,-0.012604345160702062,-0.013504072404922485,convergence,False,False
696046__147535,696046,147535,2024-12-19,2024-12-30,11,23.325218264047,22.189445728328998,23.309756443461573,22.054440180776222,-0.053853684217171204,0.048692900656310545,-0.005160783560860659,0.043532117095449886,0.013218,0.000301,0.0117713538,0.0116847686,-0.007356,-0.0054621534238743575,0.04323074723243619,0.05024177764182908,convergence,False,False
696046__147535,696046,147535,2025-02-28,2025-03-06,6,20.018662271671,19.82992825,19.441224721378227,19.501053077446024,0.0030773964565106713,0.009427903778470054,0.012505300234980725,0.02193320401345078,0.013218,0.000164,0.0114586908,0.0114797381,0.001837,0.012340916673336888,0.021768820451806944,0.019929747930941887,convergence,False,False
696046__147535,696046,147535,2025-04-09,2025-04-16,7,17.588533963812,16.647101268093998,16.41375492373049,16.329995621952918,-0.005102994541271957,0.053525364743586865,0.04842237020231491,0.10194773494590177,0.013218,0.000192,0.0116009285,0.0117109732,0.009486,0.0482305893803971,0.10175595412398396,0.09240718860067071,convergence,False,False
696046__147535,696046,147535,2025-09-08,2025-09-10,2,16.722044894282,17.048714043811998,16.825245748840018,17.220431056826953,0.023487639579599033,-0.0195352393559056,0.003952400223693434,-0.015582839132212166,0.013218,5.5e-05,0.0113317013,0.0113292625,-0.000215,0.003897605703145488,-0.01563763365276011,-0.015417312016165734,convergence,False,False
696046__147535,696046,147535,2025-10-21,2025-10-29,8,17.339545713812,16.948318380234998,17.24636297378621,16.95932614551381,-0.016643325245368164,0.022562721078982294,0.00591939583361413,0.028482116912596424,0.013218,0.000219,0.0113922455,0.0112826062,-0.009624,0.005700217751422349,0.028262938830404642,0.037818757367297964,convergence,False,False
696046__147535,696046,147535,2025-12-04,2025-12-08,4,18.215974394282,17.791714848094,17.94568543842721,17.761909142714035,-0.010240695254785402,0.02329052165999838,0.013049826405212978,0.03634034806521136,0.013218,0.00011,0.0111179044,0.0111213665,0.000311,0.012940237364117087,0.03623075902411547,0.035922645296458194,convergence,False,False
696046__147535,696046,147535,2025-12-18,2025-12-23,5,19.102371568328998,18.645160822376,18.46709946342492,18.446395751917645,-0.0011211133371690823,0.023934763509209336,0.022813650172040255,0.04674841368124959,0.013218,0.000137,0.0111635804,0.0111341221,-0.002639,0.022676663870670393,0.04661142737987972,0.04925422881879876,convergence,False,False
70162L__952259,70162L,952259,2021-06-07,2021-06-09,2,13.532121909999999,13.919095084999999,13.60109833092133,13.789218288402065,0.01383123280956325,-0.028596636770914195,-0.014765403961350945,-0.04336204073226514,0.025985,5.5e-05,0.0091320023,0.0091470386,0.001647,-0.01482019848189889,-0.043416835252813084,-0.04508341514085414,convergence,False,False
70162L__952259,70162L,952259,2021-08-06,2021-08-16,10,13.7054846381385,14.610508721861502,13.787162396620257,14.456600553656546,0.048555180375651,-0.06603371625433617,-0.01747853587868517,-0.08351225213302134,0.025985,0.000274,0.0090436355,0.0091253357,0.009034,-0.017752508481424897,-0.08378622473576107,-0.0931740621550167,convergence,False,False
70162L__952259,70162L,952259,2022-02-25,2022-03-01,4,11.0357138806385,11.082789270000001,11.109274878711703,10.997450347248089,-0.010065871326840609,-0.00426573123140604,-0.01433160255824665,-0.01859733378965269,0.025985,0.00011,0.0086952734,0.0086568844,-0.004415,-0.01444119159934254,-0.018706922830748582,-0.014317054662284574,convergence,False,False
70162L__952259,70162L,952259,2022-03-09,2022-03-10,1,10.688989414999998,10.891010585,0.0,0.0,0.0,-0.018899931710709986,-0.018899931710709986,-0.03779986342141997,0.025985,0.0,0.0,0.0,0.0,-0.018899931710709986,-0.03779986342141997,-0.03779986342141997,overnight_abort,True,False
70162L__952259,70162L,952259,2022-05-10,2022-05-16,6,8.707712415,7.7619895312554,8.439843063581915,7.738115593431812,-0.0831446112046882,0.10860750087652031,0.025462889671832106,0.1340703905483524,0.025985,0.000164,0.0076937867,0.0077276767,0.004405,0.02529850611018827,0.13390600698670857,0.1298851051901475,convergence,False,False
70162L__952259,70162L,952259,2023-08-03,2023-08-08,5,9.014810746255401,8.75116430593615,9.210481683144216,8.97061330427871,-0.026042978762389857,0.029245920712064326,0.0032029419496744684,0.0324488626617388,0.025985,0.000137,0.0070539273,0.0069577313,-0.013637,0.0030659556483046053,0.03231187636036893,0.04577758315116914,convergence,False,False
70162L__952259,70162L,952259,2023-09-13,2023-09-15,2,9.6884443318723,9.76052580593615,9.663711906944997,9.642606065614883,-0.0021840304774550885,-0.007439943049135387,-0.009623973526590475,-0.01706391657572586,0.025985,5.5e-05,0.0067808098,0.0067629252,-0.002638,-0.00967876804713842,-0.017118711096273807,-0.014479980227489109,convergence,False,False
70162L__952259,70162L,952259,2023-10-11,2023-10-18,7,9.193125081872301,8.57957275,9.054486122091873,8.53697950882222,-0.057154719361378004,0.06674034416024095,0.009585624798862949,0.0763259689591039,0.025985,0.000192,0.0066753446,0.006675567,3.3e-05,0.00939384397694514,0.07613418813718609,0.07610277675439053,convergence,False,False
70162L__952259,70162L,952259,2023-11-07,2023-11-08,1,8.9157465,9.48799779719155,0.0,0.0,0.0,-0.06418433915674375,-0.06418433915674375,-0.1283686783134875,0.025985,0.0,0.0,0.0,0.0,-0.06418433915674375,-0.1283686783134875,-0.1283686783134875,overnight_abort,True,False
70162L__952259,70162L,952259,2024-02-16,2024-02-22,6,10.7032556000385,9.96239790406385,10.270147532281738,10.313762275339379,0.0042467494182092,0.06921797662871695,0.07346472604692615,0.14268270267564312,0.025985,0.000164,0.006666444,0.0066354795,-0.004645,0.07330034248528232,0.1425183191139993,0.14720464185410564,convergence,False,False
70162L__952259,70162L,952259,2024-02-28,2024-03-05,6,10.352172325,9.77818953125,10.171143970906959,9.657556170760211,-0.05049459545708816,0.05544563746913863,0.0049510420120504675,0.0603966794811891,0.025985,0.000164,0.006667333,0.0066938885,0.003983,0.004786658450406632,0.060232295919545265,0.05646548821572117,convergence,False,False
70162L__952259,70162L,952259,2024-04-30,2024-05-07,7,9.8469462937446,9.88467747230845,10.010507458676571,9.746147849112674,-0.02640821263609011,-0.003831764431153646,-0.030239977067243757,-0.0340717414983974,0.025985,0.000192,0.0065085095,0.006431075,-0.011897,-0.030431757889161564,-0.03426352232031521,-0.02254081760008861,convergence,False,False
70162L__952259,70162L,952259,2024-05-09,2024-05-14,5,10.218436127499999,10.3409085675,9.992164604834482,10.241602253614618,0.024963324629325163,-0.011985438718005142,0.012977885911320021,0.0009924471933148785,0.025985,0.000137,0.0064211637,0.0064566112,0.00552,0.012840899609950157,0.0008554608919450154,-0.0047716995989634916,convergence,False,False
70162L__952259,70162L,952259,2024-08-22,2024-08-26,4,12.789143035,12.39495922,12.758256854977622,12.525978563492922,-0.018206114998701974,0.03082175357029306,0.012615638571591085,0.04343739214188415,0.025985,0.00011,0.0069256874,0.0069456498,0.002882,0.012506049530495195,0.04332780310078826,0.04050604231320148,convergence,False,False
70162L__952259,70162L,952259,2024-12-03,2024-12-06,3,12.38298125,11.3381577295,11.737068835527126,11.267341218243594,-0.04002086243728122,0.0843757653674877,0.044354902930206476,0.12873066829769417,0.025985,8.2e-05,0.0066390041,0.0066131006,-0.003902,0.04427271114938456,0.12864847651687225,0.13240871261396953,convergence,False,False
70162L__952259,70162L,952259,2024-12-24,2024-12-27,3,10.8276797956385,10.174363920000001,9.94580690374804,10.437273426424653,0.04941444444204991,0.06033756889464554,0.10975201333669546,0.170089582231341,0.025985,8.2e-05,0.0063281126,0.0063757208,0.007523,0.10966982155587354,0.17000739045051907,0.16217129876440164,convergence,False,False
70162L__952259,70162L,952259,2025-01-24,2025-01-29,5,10.63945749,9.9724918218723,10.275996639553666,10.034395687655817,-0.023511194132537525,0.0626879395640783,0.039176745431540774,0.10186468499561907,0.025985,0.000137,0.006472073,0.0064806714,0.001329,0.03903975913017091,0.1017276986942492,0.1004321166734773,convergence,False,False
7086Q0__503359,7086Q0,503359,2021-06-21,2021-06-22,1,24.239961575445,24.851754200890003,0.0,0.0,0.0,-0.02523900970473261,-0.02523900970473261,-0.05047801940946522,0.029829,0.0,0.0,0.0,0.0,-0.02523900970473261,-0.05047801940946522,-0.05047801940946522,overnight_abort,True,False
7086Q0__503359,7086Q0,503359,2023-10-25,2023-11-17,23,21.671164692705002,22.351460441815004,43.510364954456406,45.498882738583944,0.04570216283428049,-0.03139174837884945,0.01431041445543104,-0.01708133392341841,0.029829,0.00063,0.0066491568,0.006687174,0.005718,0.01368027746912967,-0.01771147090971978,-0.023656384002291204,convergence,False,False
7086Q0__503359,7086Q0,503359,2024-02-07,2024-02-21,14,20.456184375,19.193820989075,41.07957714039372,38.49026283524845,-0.06303166890681507,0.06171059875016399,-0.0013210701566510746,0.06038952859351292,0.029829,0.000384,0.0066970261,0.0066434147,-0.008005,-0.0017046318004866911,0.0600059669496773,0.06756716646136345,convergence,False,False
7086Q0__503359,7086Q0,503359,2025-04-09,2025-07-01,83,13.6275381,15.122775,26.95669555828224,30.90642703718804,0.14652135200941835,-0.10972171855457884,0.03679963345483951,-0.07292208509973933,0.029829,0.002274,0.0069225706,0.0068371393,-0.012341,0.034525660852099786,-0.07519605770247906,-0.060870064727621624,convergence,False,False
7086Q0__503359,7086Q0,503359,2025-11-17,2025-12-08,21,16.91044971726,14.331350783185002,29.26598711570717,28.774106371776995,-0.016807249384258087,0.1525151002603194,0.1357078508760613,0.2882229511363807,0.029829,0.000575,0.0063500127,0.0064133393,0.009973,0.13513250841030788,0.2876476086706273,0.27793936603310726,convergence,False,False
7198TD__503096,7198TD,503096,2021-01-12,2021-01-15,3,12.422184983168586,12.219789972708671,122.79794423953884,121.39615509167112,-0.011415412176064467,0.01629302821799462,0.004877616041930153,0.02117064425992477,0.014669,8.2e-05,0.0096278814,0.0096251013,-0.000289,0.004795424261108235,0.021088452479102855,0.021373993786871714,convergence,False,False
7198TD__503096,7198TD,503096,2021-01-26,2021-02-02,7,12.943232911353418,11.31586147525529,117.85833446543889,113.91939074231989,-0.03342100277408946,0.12573144957243618,0.09231044679834671,0.2180418963707829,0.014669,0.000192,0.0096056866,0.0095215425,-0.00876,0.0921186659764289,0.21785011554886508,0.22639200041683433,convergence,False,False
7198TD__503096,7198TD,503096,2021-10-21,2021-10-22,1,9.05030570930536,9.181583089610966,0.0,0.0,0.0,-0.014505297889620393,-0.014505297889620393,-0.029010595779240787,0.014669,0.0,0.0,0.0,0.0,-0.014505297889620393,-0.029010595779240787,-0.029010595779240787,overnight_abort,True,False
7198TD__503096,7198TD,503096,2022-02-15,2022-02-17,2,9.715722291444541,9.964987463774756,97.28698402125688,98.09240397106127,0.008278804794980662,-0.025655856029326084,-0.017377051234345423,-0.04303290726367151,0.014669,5.5e-05,0.0086606331,0.0086937622,0.003825,-0.017431845754893368,-0.04308770178421945,-0.04692992435524082,convergence,False,False
7198TD__503096,7198TD,503096,2022-11-10,2022-11-11,1,9.126638591338947,9.610947506360665,0.0,0.0,0.0,-0.05306542054610554,-0.05306542054610554,-0.10613084109221108,0.014669,0.0,0.0,0.0,0.0,-0.05306542054610554,-0.10613084109221108,-0.10613084109221108,overnight_abort,True,False
7198TD__503096,7198TD,503096,2022-11-30,2022-12-01,1,9.97624501099533,10.045336098127363,0.0,0.0,0.0,-0.006925560374257505,-0.006925560374257505,-0.01385112074851501,0.014669,0.0,0.0,0.0,0.0,-0.006925560374257505,-0.01385112074851501,-0.01385112074851501,overnight_abort,True,False
7198TD__503096,7198TD,503096,2023-03-30,2023-04-03,4,11.499565288842607,10.944496031786876,113.88695818773729,111.35750064306643,-0.02221024764311617,0.04826871652220489,0.026058468879088716,0.0743271854012936,0.014669,0.00011,0.007529837,0.0075927256,0.008352,0.025948879837992826,0.07421759636019772,0.06611881446558128,convergence,False,False
7198TD__503096,7198TD,503096,2023-08-21,2023-08-22,1,18.080708342534,18.425105451233,0.0,0.0,0.0,-0.01904776639136559,-0.01904776639136559,-0.03809553278273118,0.014669,0.0,0.0,0.0,0.0,-0.01904776639136559,-0.03809553278273118,-0.03809553278273118,overnight_abort,True,False
7198TD__503096,7198TD,503096,2023-12-11,2023-12-12,1,21.1870798843665,21.382956758800997,0.0,0.0,0.0,-0.00924510954334155,-0.00924510954334155,-0.0184902190866831,0.014669,0.0,0.0,0.0,0.0,-0.00924510954334155,-0.0184902190866831,-0.0184902190866831,overnight_abort,True,False
7198TD__503096,7198TD,503096,2024-01-18,2024-01-22,4,27.168841969832496,27.4443115994005,270.788834935616,275.23795067112655,0.016430203765854575,-0.01013917449532364,0.0062910292705309345,-0.003848145224792706,0.014669,0.00011,0.0067496878,0.0067396799,-0.001483,0.006181440229435044,-0.003957734265888597,-0.002448414537474092,convergence,False,False
7198TD__503096,7198TD,503096,2024-03-04,2024-03-08,4,34.886991866199,34.007850694366496,344.3159181564651,330.2971476329384,-0.040714848731321966,0.02519968403135025,-0.015515164699971717,0.009684519331378531,0.014669,0.00011,0.0066646673,0.0068052668,0.021096,-0.015624753741067608,0.00957493029028264,-0.010244279828826967,convergence,False,False
7198TD__503096,7198TD,503096,2024-04-25,2024-04-30,5,31.262885926198997,28.945850564931998,307.20227766596764,296.23436251827917,-0.03570258407919192,0.07411457044422351,0.03841198636503159,0.11252655680925511,0.014669,0.000137,0.0063153237,0.0064731199,0.024986,0.038275000063661725,0.11238957050788524,0.08888274995569324,convergence,False,False
7198TD__503096,7198TD,503096,2024-06-05,2024-06-06,1,37.7942546294345,38.386889638732995,0.0,0.0,0.0,-0.015680558198836608,-0.015680558198836608,-0.031361116397673215,0.014669,0.0,0.0,0.0,0.0,-0.015680558198836608,-0.031361116397673215,-0.031361116397673215,overnight_abort,True,False
7198TD__503096,7198TD,503096,2024-08-05,2024-08-14,9,27.867787638801,29.809590689434497,275.40358056453397,291.86962989818636,0.05978879904139076,-0.06967912472283505,-0.009890325681444288,-0.07956945040427935,0.014669,0.000247,0.0069288065,0.006698821,-0.033193,-0.01013690102391004,-0.0798160257467451,-0.04343110714063012,convergence,False,False
7198TD__503096,7198TD,503096,2025-04-09,2025-04-10,1,19.464638907534,17.9379866943665,0.0,0.0,0.0,0.07843208499370574,0.07843208499370574,0.15686416998741148,0.014669,0.0,0.0,0.0,0.0,0.07843208499370574,0.15686416998741148,0.15686416998741148,overnight_abort,True,False
7198TD__503096,7198TD,503096,2025-09-18,2025-09-19,1,33.084897222466,32.692133592466,0.0,0.0,0.0,0.011871387339033198,0.011871387339033198,0.023742774678066396,0.014669,0.0,0.0,0.0,0.0,0.011871387339033198,0.023742774678066396,0.023742774678066396,overnight_abort,True,False
7198TD__503096,7198TD,503096,2025-10-06,2025-10-09,3,36.8384395,35.1628661431675,366.4443181719432,351.3931631184695,-0.041073511873668686,0.045484373919598343,0.004410862045929657,0.049895235965528,0.014669,8.2e-05,0.0065830618,0.0066148499,0.004829,0.004328670265107739,0.049813044184706085,0.04520485933425179,convergence,False,False
73097V__912082,73097V,912082,2021-02-16,2021-03-15,27,42.922823789917494,39.8730137580775,21.81082160712391,18.442326468099758,-0.15444146028519734,0.07105334091640989,-0.08338811936878746,-0.01233477845237757,0.040199,0.00074,0.0094629752,0.0091587672,-0.032147,-0.08412784539618472,-0.013074504479774832,0.015010680636575832,convergence,False,False
73097V__912082,73097V,912082,2023-08-08,2023-08-10,1,37.973236289917494,40.41339577458751,0.0,0.0,0.0,-0.06425998211055595,-0.06425998211055595,-0.1285199642211119,0.040199,0.0,0.0,0.0,0.0,-0.06425998211055595,-0.1285199642211119,-0.1285199642211119,overnight_abort,True,False
73097V__912082,73097V,912082,2023-11-07,2023-11-08,1,38.97304801533,40.90834125,0.0,0.0,0.0,-0.04965722039263527,-0.04965722039263527,-0.09931444078527055,0.040199,0.0,0.0,0.0,0.0,-0.04965722039263527,-0.09931444078527055,-0.09931444078527055,overnight_abort,True,False
73097V__912082,73097V,912082,2024-08-27,2024-08-29,2,57.0588447,55.5545375,28.02730617505744,27.705708371541135,-0.011474445724737783,0.02636413702221348,0.014889691297475697,0.04125382831968918,0.040199,5.5e-05,0.0069165855,0.0068408811,-0.010945,0.014834896776927751,0.041199033799141235,0.05213852139980667,convergence,False,False
73097V__912082,73097V,912082,2025-01-17,2025-01-31,14,45.09074608467,42.968903489505,22.52852567556007,21.05173140393877,-0.06555219337869894,0.04705716315229446,-0.01849503022640448,0.02856213292588998,0.040199,0.000384,0.0064298344,0.0064792018,0.007678,-0.0188785918702401,0.028178571282054362,0.02105867286361079,convergence,False,False
73097V__912082,73097V,912082,2025-04-09,2025-04-10,1,39.151241084670005,38.93868441533,0.0,0.0,0.0,0.005429117020334548,0.005429117020334548,0.010858234040669096,0.040199,0.0,0.0,0.0,0.0,0.005429117020334548,0.010858234040669096,0.010858234040669096,overnight_abort,True,False
73097V__912082,73097V,912082,2025-05-07,2025-05-28,21,44.9917474052475,48.66072847783,22.703233085754352,26.7905176109689,0.18003094580301018,-0.08154786786864326,0.09848307793436692,0.016935210065723655,0.040199,0.000575,0.0068530702,0.0067317397,-0.017705,0.09790773546861349,0.01635986759997023,0.03762832880766553,convergence,False,False
755020__929593,755020,929593,2021-01-28,2021-02-16,19,9.6586621412936,9.4103351206468,9.476209597048653,9.375219240822588,-0.01065725226861996,0.025710291654693133,0.015053039386073172,0.04076333104076631,0.009701,0.000521,0.1289831646,0.1289889877,4.5e-05,0.014532491440867693,0.04024278309556083,0.04019812004441957,convergence,False,False
755020__929593,755020,929593,2021-05-11,2021-05-14,3,10.346432076766,10.298198013234,10.189056129663204,10.213230466044775,0.002372578585684062,0.00466190307674417,0.0070344816624282325,0.011696384739172403,0.009701,8.2e-05,0.1287672418,0.1287572973,-7.7e-05,0.006952289881606314,0.011614192958350485,0.01169161066062274,convergence,False,False
755020__929593,755020,929593,2022-03-16,2022-03-24,8,9.8978867787064,9.7313696996766,9.717280691235986,9.699111446561863,-0.0018697869549564317,0.016823498061023807,0.014953711106067375,0.03177720916709118,0.009701,0.000219,0.1279050384,0.1277424712,-0.001271,0.014734533023875594,0.0315580310848994,0.03282826824600831,convergence,False,False
755020__929593,755020,929593,2023-06-01,2023-06-12,11,7.3561332793532,7.313575859999999,7.220538408449269,7.239096463557804,0.0025701760808886694,0.0057852974840258056,0.008355473564914475,0.01414077104894028,0.009701,0.000301,0.1275908893,0.1276552271,0.000504,0.008054103701900777,0.013839401185926583,0.013334109229302556,convergence,False,False
755020__929593,755020,929593,2023-06-14,2023-06-20,6,7.366101138706401,7.895451479676599,7.254609636696679,7.82473240608197,0.07858765639179055,-0.07186302916595043,0.006724627225840121,-0.06513840194011031,0.009701,0.000164,0.1278535261,0.1277489922,-0.000818,0.006560243664196286,-0.06530278550175414,-0.0644202033985781,convergence,False,False
755020__929593,755020,929593,2024-01-24,2024-01-29,5,7.926782013706401,7.9556460212935995,7.802107553252195,7.91759756678048,0.014802412391783185,-0.0036413272797573316,0.011161085112025853,0.007519757832268522,0.009701,0.000137,0.127906676,0.127909953,2.6e-05,0.01102409881065599,0.007382771530898659,0.007356772713547766,convergence,False,False
755020__929593,755020,929593,2024-05-31,2024-06-13,13,8.05386928,8.5074239187064,8.0056055759491,8.41706105428632,0.05139592182424511,-0.05631512294751305,-0.0049192011232679425,-0.06123432407078099,0.009701,0.000356,0.1278829664,0.1280286768,0.001139,-0.005275365506829587,-0.06159048845434264,-0.062787090060768,convergence,False,False
755020__929593,755020,929593,2024-08-08,2024-08-20,12,9.070570998706401,8.838492041616998,8.92098398505407,8.787471590968897,-0.01496610623994566,0.025585925860951948,0.010619819621006287,0.036205745481958235,0.009701,0.000329,0.1282445914,0.1283046449,0.000468,0.010291052497718617,0.03587697835867056,0.03541592932194237,convergence,False,False
755020__929593,755020,929593,2024-08-26,2024-08-28,2,9.0910040039702,9.089300541616998,8.903629571390905,8.987928905368657,0.009467974077518001,0.00018737890253464027,0.009655352980052642,0.009842731882587281,0.009701,5.5e-05,0.1281796566,0.1282404815,0.000475,0.009600558459504697,0.009787937362039336,0.0093091432413506,convergence,False,False
755020__929593,755020,929593,2024-09-24,2024-09-25,1,9.4194386003234,9.2799145,0.0,0.0,0.0,0.014812358383928402,0.014812358383928402,0.029624716767856805,0.009701,0.0,0.0,0.0,0.0,0.014812358383928402,0.029624716767856805,0.029624716767856805,overnight_abort,True,False
755020__929593,755020,929593,2025-03-07,2025-03-11,4,8.3429313203234,8.196421880323399,8.30973509934391,8.191950073265078,-0.014174341861767956,0.01756090687731104,0.0033865650155430853,0.020947471892854126,0.009701,0.00011,0.1287249725,0.1287092361,-0.000122,0.003276975974447195,0.020837882851758235,0.020958413027810763,convergence,False,False
755020__929593,755020,929593,2025-04-09,2025-04-14,5,7.974128,8.136227439029799,7.932943371212608,8.146602611277126,0.026933160879460422,-0.02032817118433498,0.006604989695125442,-0.013723181489209538,0.009701,0.000137,0.1288875647,0.128906673,0.000148,0.006468003393755579,-0.013860167790579402,-0.014012393788360127,convergence,False,False
755020__929593,755020,929593,2025-06-20,2025-06-24,4,8.492446818383,8.432181569353201,8.42128801675944,8.444978538627538,0.0028131708381129135,0.007096335169193744,0.009909506007306657,0.017005841176500402,0.009701,0.00011,0.1273893481,0.1273893481,0.0,0.009799916966210766,0.01689625213540451,0.01689625213540449,convergence,False,False
755020__929593,755020,929593,2025-08-05,2025-08-07,2,8.6718641003234,8.4171336612936,8.536231844889993,8.470578406517012,-0.0076911498616668295,0.02937435781775012,0.021683207956083292,0.05105756577383341,0.009701,5.5e-05,0.1273909725,0.1273917774,6e-06,0.021628413435535346,0.05100277125328547,0.05099650154412717,convergence,False,False
755020__929593,755020,929593,2025-10-17,2025-10-22,5,8.6020907793532,8.447230380323399,8.54219984556427,8.440300520887215,-0.011928932420138597,0.018002646449802366,0.006073714029663769,0.024076360479466135,0.009701,0.000137,0.1287307723,0.1286752929,-0.000431,0.005936727728293906,0.023939374178096273,0.024365389062160434,convergence,False,False
755020__929593,755020,929593,2025-11-14,2025-12-03,19,9.01076464,8.7602396892936,8.876573744455,8.761463969783106,-0.012967815959823435,0.027802851446622555,0.01483503548679912,0.04263788693342167,0.009701,0.000521,0.1286247996,0.1284868125,-0.001073,0.01431448754159364,0.042117338988216194,0.04317735212133345,convergence,False,False
755443__905209,755443,905209,2021-01-06,2021-01-08,2,15.39177948,15.74924634,15.407533344003136,15.552083075024163,0.009381756819451411,-0.02322453102089264,-0.01384277420144123,-0.03706730522233387,0.014611,5.5e-05,0.7769099866,0.7700005328,-0.008894,-0.013897568721989176,-0.03712209974288181,-0.028064603912397425,convergence,False,False
755443__905209,755443,905209,2021-05-13,2021-05-14,1,19.657335741505,20.083811041398,0.0,0.0,0.0,-0.02169547824288967,-0.02169547824288967,-0.04339095648577934,0.014611,0.0,0.0,0.0,0.0,-0.02169547824288967,-0.04339095648577934,-0.04339095648577934,overnight_abort,True,False
755443__905209,755443,905209,2021-06-21,2021-06-22,1,19.955629024408,20.274895862795997,0.0,0.0,0.0,-0.01599883611774385,-0.01599883611774385,-0.0319976722354877,0.014611,0.0,0.0,0.0,0.0,-0.01599883611774385,-0.0319976722354877,-0.0319976722354877,overnight_abort,True,False
755443__905209,755443,905209,2021-11-05,2021-11-09,4,16.972726024408,16.694610439893,16.88238932046765,16.532599518959707,-0.02071921188808675,0.01638602921622899,-0.004333182671857762,0.012052846544371228,0.014611,0.00011,0.7421975371,0.7327078207,-0.012786,-0.004442771712953653,0.011943257503275337,0.024626480873639132,convergence,False,False
75750Q__865082,75750Q,865082,2021-04-21,2021-04-22,1,35.371261368672016,36.55181052032535,0.0,0.0,0.0,-0.03337594154046573,-0.03337594154046573,-0.06675188308093145,0.01414,0.0,0.0,0.0,0.0,-0.03337594154046573,-0.06675188308093145,-0.06675188308093145,overnight_abort,True,False
75750Q__865082,75750Q,865082,2021-06-07,2021-06-08,1,33.590410257994684,36.12375700249335,0.0,0.0,0.0,-0.07541874972770587,-0.07541874972770587,-0.15083749945541175,0.01414,0.0,0.0,0.0,0.0,-0.07541874972770587,-0.15083749945541175,-0.15083749945541175,overnight_abort,True,False
75750Q__865082,75750Q,865082,2021-06-21,2021-06-22,1,35.66364277550135,37.414613259837346,0.0,0.0,0.0,-0.04909679292601033,-0.04909679292601033,-0.09819358585202066,0.01414,0.0,0.0,0.0,0.0,-0.04909679292601033,-0.09819358585202066,-0.09819358585202066,overnight_abort,True,False
75750Q__865082,75750Q,865082,2021-11-10,2021-11-15,5,40.70718499750669,40.69859414850936,40.069409706437916,39.76341554667071,-0.007636602635502403,0.00021104011485577773,-0.007425562520646625,-0.007214522405790847,0.01414,0.000137,0.0087665461,0.0087089049,-0.006575,-0.0075625488220164875,-0.00735150870716071,-0.0007834019570035105,convergence,False,False
75750Q__865082,75750Q,865082,2021-12-20,2021-12-23,3,44.06955688932268,44.99251137084002,43.843807886084406,44.194757028604826,0.008004531527741872,-0.02094313051150631,-0.012938598983764439,-0.03388172949527075,0.01414,8.2e-05,0.0087646252,0.0087073875,-0.006531,-0.013020790764586357,-0.033963921276092664,-0.027337839575441805,convergence,False,False
75750Q__865082,75750Q,865082,2023-06-21,2023-06-23,2,23.789054924661343,23.536293926504012,23.953032469189406,23.32279927800343,-0.026311206816783634,0.010625096245219148,-0.015686110571564486,-0.005061014326345339,0.01414,5.5e-05,0.0069873873,0.0069679128,-0.002787,-0.015740905092112432,-0.005115808846893284,-0.002394462735494377,convergence,False,False
75750Q__865082,75750Q,865082,2024-01-18,2024-01-19,1,18.552802108834676,18.854451259837344,0.0,0.0,0.0,-0.01625895372748168,-0.01625895372748168,-0.03251790745496336,0.01414,0.0,0.0,0.0,0.0,-0.01625895372748168,-0.03251790745496336,-0.03251790745496336,overnight_abort,True,False
75750Q__865082,75750Q,865082,2024-05-14,2024-05-15,1,17.32348522374,17.568943004488002,0.0,0.0,0.0,-0.01416907611706376,-0.01416907611706376,-0.02833815223412752,0.01414,0.0,0.0,0.0,0.0,-0.01416907611706376,-0.02833815223412752,-0.02833815223412752,overnight_abort,True,False
75750Q__865082,75750Q,865082,2024-05-30,2024-06-03,4,16.82511122374,17.005118390244,16.801021011667963,17.320709625132594,0.03093196616465854,-0.010698720746048555,0.020233245418609984,0.00953452467256143,0.01414,0.00011,0.0063566725,0.0064564031,0.015689,0.020123656377514093,0.009424935631465538,-0.006499637532930081,convergence,False,False
75750Q__865082,75750Q,865082,2024-08-05,2024-08-06,1,15.76855336,16.43327277626,0.0,0.0,0.0,-0.042154749461430656,-0.042154749461430656,-0.08430949892286131,0.01414,0.0,0.0,0.0,0.0,-0.042154749461430656,-0.08430949892286131,-0.08430949892286131,overnight_abort,True,False
75750Q__865082,75750Q,865082,2024-09-11,2024-09-24,13,19.396723057236,19.593510556748,19.423025868997165,19.154963970710604,-0.013801242921394584,-0.010145399247662607,-0.02394664216905719,-0.0340920414167198,0.01414,0.000356,0.0070514398,0.0069079856,-0.020344,-0.024302806552618832,-0.03444820580028145,-0.013968378260150842,convergence,False,False
75750Q__865082,75750Q,865082,2025-03-12,2025-03-25,13,18.629223110244,18.740740337236,18.715479825761474,18.738976850472195,0.001255486096508099,-0.005986144796917538,-0.004730658700409439,-0.010716803497326977,0.01414,0.000356,0.006764984,0.0066398858,-0.018492,-0.005086823083971083,-0.01107296788088862,0.007791100391309403,convergence,False,False
75750Q__865082,75750Q,865082,2025-04-09,2025-04-10,1,18.689025,18.670520723252,0.0,0.0,0.0,0.0009901146126135843,0.0009901146126135843,0.0019802292252271685,0.01414,0.0,0.0,0.0,0.0,0.0009901146126135843,0.0019802292252271685,0.0019802292252271685,overnight_abort,True,False
75750Q__865082,75750Q,865082,2025-10-09,2025-10-22,13,12.658699599999998,12.02899148,12.456837724618543,11.934076248830541,-0.04196582530370966,0.04974508756017865,0.007779262256468987,0.057524349816647634,0.01414,0.000356,0.0066148499,0.0065535094,-0.009273,0.007423097872907343,0.05716818543308599,0.06613533443770295,convergence,False,False
759739__922362,759739,922362,2021-02-24,2021-03-03,7,11.368815605,11.4210771136095,5.688665486590402,5.632928429983957,-0.009797914245060031,-0.004596917605604955,-0.014394831850664987,-0.01899174945626994,0.009467,0.000192,0.0094139789,0.0092614022,-0.016207,-0.014586612672582796,-0.019183530278187748,-0.0028704749421819917,convergence,False,False
759739__922362,759739,922362,2021-06-21,2021-06-23,2,9.79950066713905,9.8002471689438,4.86923227769175,4.900911317817741,0.0065059619914062455,-7.617753496903946e-05,0.006429784456437206,0.006353606921468167,0.009467,5.5e-05,0.0090370973,0.0090191657,-0.001984,0.00637498993588926,0.0062988124009202215,0.008299913490353148,convergence,False,False
759739__922362,759739,922362,2021-07-28,2021-07-29,1,11.159573599999998,11.531473155,0.0,0.0,0.0,-0.03332560618624375,-0.03332560618624375,-0.0666512123724875,0.009467,0.0,0.0,0.0,0.0,-0.03332560618624375,-0.0666512123724875,-0.0666512123724875,overnight_abort,True,False
759739__922362,759739,922362,2021-11-09,2021-11-11,2,10.840729636390499,11.01963231,5.405067190056222,5.474013705875021,0.012755903561317537,-0.01650282588073734,-0.003746922319419803,-0.020249748200157142,0.009467,5.5e-05,0.0087788597,0.0087823292,0.000395,-0.0038017168399677483,-0.020304542720705088,-0.02070463665107208,convergence,False,False
759739__922362,759739,922362,2022-02-08,2022-02-09,1,10.531847585,10.9694528386095,0.0,0.0,0.0,-0.041550663364399706,-0.041550663364399706,-0.08310132672879941,0.009467,0.0,0.0,0.0,0.0,-0.041550663364399706,-0.08310132672879941,-0.08310132672879941,overnight_abort,True,False
759739__922362,759739,922362,2022-03-09,2022-03-10,1,7.8341205055281,8.10916476,0.0,0.0,0.0,-0.0351085044297975,-0.0351085044297975,-0.070217008859595,0.009467,0.0,0.0,0.0,0.0,-0.0351085044297975,-0.070217008859595,-0.070217008859595,overnight_abort,True,False
759739__922362,759739,922362,2023-01-23,2023-02-21,29,6.78541980319525,7.99876801608285,3.394891453875109,3.9498969590477078,0.1634825480323049,-0.17881697051614034,-0.015334422483835458,-0.1941513929999758,0.009467,0.000795,0.0076825568,0.0074120743,-0.035207,-0.016128943031780665,-0.194945913547921,-0.15248793814714168,convergence,False,False
759739__922362,759739,922362,2023-05-11,2023-05-16,5,7.89739080408285,7.49696326608285,3.8783643966825414,3.699943786503828,-0.04600408624092414,0.05070377646665071,0.004699690225726569,0.05540346669237728,0.009467,0.000137,0.0073678388,0.0072629553,-0.014235,0.004562703924356706,0.055266480391007414,0.06904302537686881,convergence,False,False
759739__922362,759739,922362,2023-10-31,2023-11-01,1,7.6622425464437995,7.9586237364438,0.0,0.0,0.0,-0.038680737160631556,-0.038680737160631556,-0.07736147432126311,0.009467,0.0,0.0,0.0,0.0,-0.038680737160631556,-0.07736147432126311,-0.07736147432126311,overnight_abort,True,False
759739__922362,759739,922362,2023-12-12,2023-12-13,1,7.9985249380281,7.8632805328609505,0.0,0.0,0.0,0.01690866831259664,0.01690866831259664,0.03381733662519328,0.009467,0.0,0.0,0.0,0.0,0.01690866831259664,0.03381733662519328,0.03381733662519328,overnight_abort,True,False
759739__922362,759739,922362,2024-05-09,2024-05-13,4,7.6423152346390495,7.1557359357219,3.8030308944981988,3.590653590635945,-0.055844222609260794,0.06366909555257713,0.007824872943316338,0.07149396849589347,0.009467,0.00011,0.0064211637,0.0063928396,-0.004411,0.0077152839022204475,0.07138437945479759,0.07556755380730175,convergence,False,False
759739__922362,759739,922362,2024-08-05,2024-08-06,1,5.63957013036095,5.6202136014438,0.0,0.0,0.0,0.0034322702741016297,0.0034322702741016297,0.006864540548203259,0.009467,0.0,0.0,0.0,0.0,0.0034322702741016297,0.006864540548203259,0.006864540548203259,overnight_abort,True,False
759739__922362,759739,922362,2024-12-17,2024-12-18,1,5.0865731039438,6.001584408556201,0.0,0.0,0.0,-0.1798875757635254,-0.1798875757635254,-0.3597751515270508,0.009467,0.0,0.0,0.0,0.0,-0.1798875757635254,-0.3597751515270508,-0.3597751515270508,overnight_abort,True,False
759739__922362,759739,922362,2025-04-09,2025-04-10,1,4.55350428608285,4.4459904864438,0.0,0.0,0.0,0.023611221794091853,0.023611221794091853,0.047222443588183706,0.009467,0.0,0.0,0.0,0.0,0.023611221794091853,0.047222443588183706,0.047222443588183706,overnight_abort,True,False
75986N__75858Q,75986N,75858Q,2021-02-10,2021-02-16,6,8.165600419459201,7.7366142583776005,7.992721557273172,7.6279369964561985,-0.04563959324781293,0.052535776800845695,0.006896183553032766,0.05943196035387846,0.016189,0.000164,0.7751937984,0.7751336505,-7.8e-05,0.00673179999138893,0.05926757679223463,0.05934163211710968,convergence,False,False
75986N__75858Q,75986N,75858Q,2023-05-25,2023-05-30,5,7.777709141622401,7.701425179459201,7.49621477943418,7.5484341894107425,0.0069661037621049195,0.009808024544780976,0.016774128306885894,0.02658215285166687,0.016189,0.000137,0.6517630614,0.6503006372,-0.002244,0.016637142005516033,0.02644516655029701,0.02870967547813998,convergence,False,False
75986N__75858Q,75986N,75858Q,2023-08-24,2023-08-30,6,7.6981418810816,7.7215338421632005,7.476437643083645,7.513611529130587,0.004972138847614369,-0.003038650292882578,0.0019334885547317915,-0.0011051617381507865,0.016189,0.000164,0.6401023344,0.648403433,0.012968,0.001769104993087956,-0.001269545299794622,-0.014135567270450866,convergence,False,False
75986N__75858Q,75986N,75858Q,2024-03-12,2024-03-25,13,8.5733829405408,7.967858601081601,8.370381724348425,7.942283369805657,-0.05114442430952482,0.07062840230731636,0.019483977997791536,0.0901123803051079,0.016189,0.000356,0.6620107013,0.6532959631,-0.013164,0.019127813614229893,0.08975621592154626,0.10241361532214072,convergence,False,False
75986N__75858Q,75986N,75858Q,2024-07-10,2024-07-17,7,8.381824322422402,8.3448866010816,8.28285901810431,8.333237017429418,0.0060821993003858914,0.004406883265494994,0.010489082565880886,0.01489596583137588,0.016189,0.000192,0.675995586,0.6706006335,-0.007981,0.010297301743963077,0.014704185009458071,0.022798071900069126,convergence,False,False
75986N__75858Q,75986N,75858Q,2024-11-11,2024-11-18,7,7.4296025383776,7.2791537189184,7.238788529662177,7.217422698622196,-0.002951575522952629,0.02024991494256346,0.017298339419610828,0.03754825436217429,0.016189,0.000192,0.6533387308,0.6531466187,-0.000294,0.01710655859769302,0.03735647354025648,0.03764973857622842,convergence,False,False
75986N__75858Q,75986N,75858Q,2025-03-04,2025-03-06,2,6.8726306205408,6.394394578377601,6.473249731534417,6.294915577518817,-0.027549401214485132,0.06958558790193894,0.04203618668745381,0.11162177458939276,0.016189,5.5e-05,0.6335530854,0.6305566226,-0.00473,0.04198139216690587,0.11156698006884481,0.11618815434512703,convergence,False,False
75986N__75858Q,75986N,75858Q,2025-05-14,2025-05-21,7,6.057065478918401,5.429202898377601,5.730554610099052,5.30638980766403,-0.07401810667461559,0.10365788230721193,0.029639775632596344,0.13329765793980827,0.016189,0.000192,0.6407175627,0.6410462285,0.000513,0.029447994810678536,0.13310587711789046,0.1326311241808558,convergence,False,False
75986N__75858Q,75986N,75858Q,2025-08-27,2025-09-05,9,5.1619320821632,5.1476888594592,5.088916451714634,5.166507361149826,0.015247039359242924,0.0027592813073260766,0.018006320666569,0.020765601973895077,0.016189,0.000247,0.6531893669,0.6590871208,0.009029,0.017759745324103248,0.020519026631429325,0.011434222821916841,convergence,False,False
75986N__75858Q,75986N,75858Q,2025-11-24,2025-12-17,23,3.789396017296,3.2072511178368006,3.697197864907964,3.1391718030120943,-0.15093216059448333,0.15362471929619032,0.002692558701706982,0.1563172779978973,0.016189,0.00063,0.6468933368,0.661266325,0.022218,0.002062421715405612,0.15568714101159592,0.13723218334113688,convergence,False,False
8674W2__8745RP,8674W2,8745RP,2024-12-09,2024-12-26,17,1.3093564050000002,1.0580211763271499,1.136104187196443,1.1465515064875054,0.009195740504084518,0.19195325864912255,0.20114899915320705,0.3931022578023296,0.045052,0.000466,0.0065593122,0.0063441713,-0.032799,0.2006832457285495,0.39263650437767206,0.4268599308302674,convergence,False,False
8674W2__8745RP,8674W2,8745RP,2025-01-24,2025-02-04,11,1.2995113246564503,1.0155215,1.160098381088473,1.173252676262877,0.011338947962380379,0.21853585980216697,0.22987480776454736,0.4484106675667143,0.045052,0.000301,0.006472073,0.0065640483,0.014211,0.22957343790153364,0.4481092977037006,0.43393843867139825,convergence,False,False
86969D__916526,86969D,916526,2021-07-14,2021-07-16,2,16.157452048998,15.302505,16.256242486175882,15.069475793390128,-0.07300375186916454,0.05291348205183248,-0.020090269817332057,0.03282321223450042,0.050072000000000005,5.5e-05,0.0091012514,0.0091361738,0.003837,-0.020145064337880002,0.03276841771395248,0.029225037904811322,convergence,False,False
86969D__916526,86969D,916526,2021-09-14,2021-09-22,8,19.008754321001998,17.893723058998003,18.765210723466648,17.928262742408055,-0.044601043568988856,0.05865882862045531,0.014057785051466452,0.07271661367192175,0.050072000000000005,0.000219,0.0091428571,0.0090305677,-0.012282,0.01383860696927467,0.07249743558972997,0.08437721758596757,convergence,False,False
86969D__916526,86969D,916526,2023-06-07,2023-06-14,7,13.570688029833,14.119112300167002,13.717717687042489,13.821460908318771,0.007562717329740378,-0.040412414545848936,-0.03284969721610856,-0.07326211176195749,0.050072000000000005,0.000192,0.007198128,0.0071280918,-0.00973,-0.033041478038026366,-0.0734538925838753,-0.0635542075119954,convergence,False,False
86969D__916526,86969D,916526,2023-09-01,2023-09-13,12,13.570688029833,12.925516910167,13.27172550468355,13.043485873682986,-0.017197434570208604,0.047541518768075344,0.03034408419786674,0.07788560296594209,0.050072000000000005,0.000329,0.0067695636,0.0067808098,0.001661,0.03001531707457907,0.07755683584265442,0.07592682489450248,convergence,False,False
86969D__916526,86969D,916526,2023-12-22,2023-12-26,1,13.45310709,15.618757790167,0.0,0.0,0.0,-0.1609777344132478,-0.1609777344132478,-0.3219554688264956,0.050072000000000005,0.0,0.0,0.0,0.0,-0.1609777344132478,-0.3219554688264956,-0.3219554688264956,overnight_abort,True,False
86969D__916526,86969D,916526,2024-05-13,2024-05-14,1,14.334957769833,14.389455535000002,0.0,0.0,0.0,-0.0038017388011904987,-0.0038017388011904987,-0.0076034776023809975,0.050072000000000005,0.0,0.0,0.0,0.0,-0.0038017388011904987,-0.0076034776023809975,-0.0076034776023809975,overnight_abort,True,False
86969D__916526,86969D,916526,2024-07-05,2024-07-09,4,19.59666,14.323247716867,14.714085453600424,14.426737491138597,-0.01952876808877812,0.2690975035099349,0.24956873542115676,0.5186662389310916,0.050072000000000005,0.00011,0.0062177451,0.0061848656,-0.005288,0.24945914638006086,0.5185566498899957,0.523768954563136,convergence,False,False
86969D__916526,86969D,916526,2024-10-16,2024-10-18,2,15.736116020334,15.241294980000001,14.04849708609291,14.540365368429429,0.0350121638864442,0.03144492832250334,0.06645709220894755,0.09790202053145089,0.050072000000000005,5.5e-05,0.0066573459,0.0066295412,-0.004177,0.0664022976883996,0.09784722601090294,0.10218813013157013,convergence,False,False
86969D__916526,86969D,916526,2025-01-07,2025-01-14,7,15.314790769833,12.206299175167002,13.1577522839109,12.80203586089655,-0.027034740838624432,0.20297316766410475,0.17593842682548033,0.37891159448958506,0.050072000000000005,0.000192,0.0063149253,0.0063907968,0.012015,0.17574664600356252,0.37871981366766727,0.3671687761412571,convergence,False,False
86969D__916526,86969D,916526,2025-01-17,2025-01-22,5,15.236404129833,13.874272220167,13.63946920765719,13.566634897624635,-0.005339966601608327,0.089399828073537,0.08405986147192868,0.17345968954546567,0.050072000000000005,0.000137,0.0064298344,0.0064079972,-0.003396,0.08392287517055881,0.17332270324409582,0.1767123099189124,convergence,False,False
86969D__916526,86969D,916526,2025-01-27,2025-02-04,8,16.324021699332,14.292540690167002,14.43742015372335,14.052206006558981,-0.026681646932954568,0.12444733574742367,0.0977656888144691,0.22221302456189276,0.050072000000000005,0.000219,0.0064298344,0.0065526501,0.019101,0.09754651073227733,0.221993846479701,0.20375103280424214,convergence,False,False
86969D__916526,86969D,916526,2025-03-18,2025-03-26,8,16.373016288831,13.833465540167001,14.212862798985396,13.547958783000727,-0.04678185003179898,0.15510585855804565,0.10832400852624667,0.26342986708429234,0.050072000000000005,0.000219,0.006725628,0.0066201053,-0.01569,0.10810483044405489,0.26321068900210054,0.2784047302318751,convergence,False,False
86969D__916526,86969D,916526,2025-10-24,2025-10-28,4,13.923427909833,12.01756726,11.995983146726507,11.565229604288302,-0.035908148350120905,0.13688156840220675,0.10097342005208584,0.2378549884542926,0.050072000000000005,0.00011,0.0065412919,0.0065475021,0.000949,0.10086383101098996,0.2377453994131967,0.2368309738619448,convergence,False,False
86981X__725535,86981X,725535,2021-06-21,2021-06-28,7,20.988493711318,21.131328613953997,42.07049470932782,42.14493334079087,0.0017693785627519313,-0.0068053908298799605,-0.005036012267128029,-0.011841403097007989,0.01269,0.000192,0.0090370973,0.0090485454,0.001267,-0.005227793089045837,-0.012033183918925798,-0.013300609291265265,convergence,False,False
86981X__725535,86981X,725535,2022-03-09,2022-03-11,2,16.985940548682,16.752400849613,33.623021308370525,33.48044513994128,-0.004240432979583226,0.013749000145130016,0.00950856716554679,0.023257567310676807,0.01269,5.5e-05,0.0086106686,0.008460952,-0.017387,0.009453772644998845,0.02320277279012886,0.04082274472611998,convergence,False,False
86981X__725535,86981X,725535,2022-07-01,2022-07-11,10,17.931813611705,18.158487288682,35.99206332328593,36.121075450091446,0.0035844604308096334,-0.012640867336979191,-0.009056406906169557,-0.02169727424314875,0.01269,0.000274,0.007359164,0.0073059361,-0.007233,-0.009330379508909283,-0.021971246845888477,-0.014659563227226032,convergence,False,False
86981X__725535,86981X,725535,2023-04-28,2023-05-02,4,17.025775869613,17.083835388295,33.668558502194614,34.5654756666159,0.026639606930686552,-0.0034100953240916976,0.023229511606594856,0.019819416282503156,0.01269,0.00011,0.0072729917,0.0074021979,0.017765,0.023119922565498965,0.019709827241407265,0.001789717002121868,convergence,False,False
86981X__725535,86981X,725535,2023-06-02,2023-06-05,1,18.957341386046,19.22308674,0.0,0.0,0.0,-0.014018070811849572,-0.014018070811849572,-0.028036141623699145,0.01269,0.0,0.0,0.0,0.0,-0.014018070811849572,-0.028036141623699145,-0.028036141623699145,overnight_abort,True,False
86981X__725535,86981X,725535,2023-06-14,2023-06-20,6,20.191963524341,19.464133601705,39.95445411844051,39.0729661201437,-0.02206232115407558,0.03604552483262034,0.013983203678544762,0.050028728511165105,0.01269,0.000164,0.0071280918,0.0070479614,-0.011241,0.013818820116900925,0.04986434494952127,0.06098281352981103,convergence,False,False
86981X__725535,86981X,725535,2023-07-25,2023-07-26,1,19.55474276,18.951910652636,0.0,0.0,0.0,0.030827923167423017,0.030827923167423017,0.06165584633484603,0.01269,0.0,0.0,0.0,0.0,0.030827923167423017,0.06165584633484603,0.06165584633484603,overnight_abort,True,False
86981X__725535,86981X,725535,2024-02-26,2024-02-28,2,19.365564563023,20.412232510046,38.87787506372649,40.901963822714194,0.05206274148651196,-0.05404789225827832,-0.001985150771766364,-0.05603304303004469,0.01269,5.5e-05,0.0066438561,0.006667333,0.003534,-0.0020399452923143095,-0.05608783755059263,-0.05979234305160849,convergence,False,False
86981X__725535,86981X,725535,2024-04-26,2024-04-30,1,20.381141721318,21.34224625,0.0,0.0,0.0,-0.04715655981513129,-0.04715655981513129,-0.09431311963026258,0.01269,0.0,0.0,0.0,0.0,-0.04715655981513129,-0.09431311963026258,-0.09431311963026258,overnight_abort,True,False
86981X__725535,86981X,725535,2024-06-20,2024-06-21,1,19.793705898295,20.096858388294997,0.0,0.0,0.0,-0.015315600401343327,-0.015315600401343327,-0.030631200802686654,0.01269,0.0,0.0,0.0,0.0,-0.015315600401343327,-0.030631200802686654,-0.030631200802686654,overnight_abort,True,False
86981X__725535,86981X,725535,2024-07-26,2024-07-29,1,24.806838011046,24.767053077364,0.0,0.0,0.0,0.0016037889901278327,0.0016037889901278327,0.0032075779802556654,0.01269,0.0,0.0,0.0,0.0,0.0016037889901278327,0.0032075779802556654,0.0032075779802556654,overnight_abort,True,False
86981X__725535,86981X,725535,2024-08-05,2024-08-06,1,25.606361148976998,25.530347215659,0.0,0.0,0.0,0.0029685566362105064,0.0029685566362105064,0.005937113272421013,0.01269,0.0,0.0,0.0,0.0,0.0029685566362105064,0.005937113272421013,0.005937113272421013,overnight_abort,True,False
86981X__725535,86981X,725535,2025-04-07,2025-04-08,1,24.749592596841,24.385398475659,0.0,0.0,0.0,0.014715156209419291,0.014715156209419291,0.029430312418838582,0.01269,0.0,0.0,0.0,0.0,0.014715156209419291,0.029430312418838582,0.029430312418838582,overnight_abort,True,False
86981X__725535,86981X,725535,2025-04-09,2025-04-10,1,24.373728337364,24.023835715659,0.0,0.0,0.0,0.014355318023653649,0.014355318023653649,0.028710636047307298,0.01269,0.0,0.0,0.0,0.0,0.014355318023653649,0.028710636047307298,0.028710636047307298,overnight_abort,True,False
86981X__725535,86981X,725535,2025-05-12,2025-05-14,2,23.577198150386998,22.592646777636,46.65555634699602,44.669004942434476,-0.04257909582701723,0.041758624857417125,-0.0008204709696001053,0.04093815388781702,0.01269,5.5e-05,0.0067805804,0.0068648315,0.012425,-0.0008752654901480505,0.04088335936726908,0.02913306887003417,convergence,False,False
86981X__725535,86981X,725535,2025-06-06,2025-06-10,4,25.668088024341,25.299352803022998,51.12399648038677,51.49120503836153,0.007182704468646772,0.01436551179691804,0.02154821626556481,0.03591372806248285,0.01269,0.00011,0.0069153902,0.006918021,0.00038,0.02143862722446892,0.03580413902138696,0.035421125402475474,convergence,False,False
8711AE__30877L,8711AE,30877L,2024-12-09,2024-12-13,4,10.873907496552,9.518066604689599,20.591639010414763,18.576292471659976,-0.09787207991240877,0.12468755066128014,0.02681547074887136,0.15150302141015148,0.06677,0.00011,0.6377551427,0.6371049137,-0.00102,0.02670588170777547,0.15139343236905559,0.1523141437350126,convergence,False,False
8711AE__30877L,8711AE,30877L,2025-02-14,2025-02-19,5,11.572142176552001,10.050259052965599,20.940382390967113,19.879198890274026,-0.05067641463657517,0.13151265343681232,0.08083623880023715,0.21234889223704945,0.06677,0.000137,0.6352434192,0.640061323,0.007584,0.08069925249886728,0.2122119059356796,0.2050661067052019,convergence,False,False
8711AE__30877L,8711AE,30877L,2025-02-25,2025-02-27,2,10.419810816552,9.006342604689598,17.99306987860021,17.327797937565965,-0.036973787437210824,0.13565200335663383,0.098678215919423,0.23433021927605682,0.06677,5.5e-05,0.6306559989,0.6208481941,-0.015552,0.09862342139887505,0.2342754247555089,0.24948876225066127,convergence,False,False
8711AE__30877L,8711AE,30877L,2025-03-07,2025-03-18,11,9.579975608276,8.1884029630896,17.139289252331746,16.584538389389092,-0.03236720349224414,0.14525847476941814,0.112891271277174,0.25814974604659213,0.06677,0.000301,0.62784508,0.6285552262,0.001131,0.1125899014141603,0.2578483761835784,0.2567551377141608,convergence,False,False
87241F__540515,87241F,540515,2021-01-21,2021-02-03,13,8.39680555277025,8.011693140405376,16.97668035594835,15.666119624301649,-0.07719770321218908,0.04586415749949324,-0.03133354571269584,0.014530611786797404,0.039675,0.000356,0.0096353028,0.009474182,-0.016722,-0.031689710096257484,0.01417444740323576,0.02986790191997288,convergence,False,False
87241F__540515,87241F,540515,2021-03-31,2021-04-05,5,8.62101700206075,8.4631273642905,16.81461943752492,16.810383520705333,-0.0002519186851256028,0.018314502538680562,0.01806258385355496,0.03637708639223552,0.039675,0.000137,0.0090403644,0.0091112014,0.007836,0.017925597552185098,0.03624010009086565,0.028467343049615238,convergence,False,False
87241F__540515,87241F,540515,2021-09-22,2021-09-27,5,7.5344571225,7.562795572500001,15.025966924064946,14.738939668571993,-0.019102082211645402,-0.0037611800743246673,-0.02286326228597007,-0.026624442360294737,0.039675,0.000137,0.0090305677,0.0089674035,-0.006994,-0.02300024858733993,-0.0267614286616646,-0.019852223309327306,convergence,False,False
87241F__540515,87241F,540515,2023-06-02,2023-06-07,5,10.16585272135125,10.398209875000001,20.758073283713873,20.143018231637615,-0.02962967919372414,-0.022856631904644195,-0.052486311098368335,-0.07534294300301253,0.039675,0.000137,0.0071653769,0.007198128,0.004571,-0.0526232973997382,-0.0754799293043824,-0.07989506271320176,convergence,False,False
87241F__540515,87241F,540515,2023-07-20,2023-07-24,4,10.2644052930405,10.352561226419,20.092671231525753,20.078792555857877,-0.0006907332284469772,-0.008588508623901666,-0.009279241852348644,-0.017867750476250308,0.039675,0.00011,0.0070519375,0.0070969802,0.006387,-0.009388830893444534,-0.0179773395173462,-0.02431969728669872,convergence,False,False
87241F__540515,87241F,540515,2023-07-26,2023-07-27,1,10.6241256044595,11.82098577314175,0.0,0.0,0.0,-0.11265493399097849,-0.11265493399097849,-0.22530986798195698,0.039675,0.0,0.0,0.0,0.0,-0.11265493399097849,-0.22530986798195698,-0.22530986798195698,overnight_abort,True,False
87241F__540515,87241F,540515,2023-07-28,2023-08-01,4,11.003560668040501,11.230066665,21.906423142883913,21.849414628350576,-0.0026023652588786595,-0.020584791031995574,-0.023187156290874235,-0.043771947322869806,0.039675,0.00011,0.0070276538,0.0069771498,-0.007186,-0.023296745331970126,-0.0438815363639657,-0.036661887712453815,convergence,False,False
87241F__540515,87241F,540515,2024-01-31,2024-02-02,2,9.6829324558785,9.80982184331075,19.052302771945577,19.41011393656013,0.01878046810915834,-0.013104437938655211,0.005676030170503129,-0.007428407768152082,0.039675,5.5e-05,0.0068289685,0.0067258542,-0.0151,0.005621235649955184,-0.007483202288700027,0.00813575579438603,convergence,False,False
87241F__540515,87241F,540515,2024-03-06,2024-03-07,1,10.328467889391751,10.555450083040501,0.0,0.0,0.0,-0.021976366299388962,-0.021976366299388962,-0.043952732598777924,0.039675,0.0,0.0,0.0,0.0,-0.021976366299388962,-0.043952732598777924,-0.043952732598777924,overnight_abort,True,False
87241F__540515,87241F,540515,2024-04-01,2024-04-03,2,9.58437988418925,9.226510674189251,18.38151522333859,18.434137416173787,0.002862777752314172,0.037338796492233484,0.04020157424454766,0.07754037073678113,0.039675,5.5e-05,0.006598047,0.0066074197,0.001421,0.040146779723999715,0.07748557621623318,0.07606300395901162,convergence,False,False
87241F__540515,87241F,540515,2024-08-05,2024-08-06,1,8.33767272855405,9.64852400016215,0.0,0.0,0.0,-0.1572202836792602,-0.1572202836792602,-0.3144405673585204,0.039675,0.0,0.0,0.0,0.0,-0.1572202836792602,-0.3144405673585204,-0.3144405673585204,overnight_abort,True,False
87241F__540515,87241F,540515,2024-09-26,2024-10-01,5,12.003884275540502,11.696718035,24.173755378148723,22.341899889204687,-0.0757786889247625,0.025588903848931095,-0.050189785075831404,-0.02460088122690031,0.039675,0.000137,0.0070325956,0.0068275697,-0.029154,-0.05032677137720127,-0.02473786752827017,0.0030156837979624603,convergence,False,False
87241F__540515,87241F,540515,2025-02-28,2025-03-03,1,12.35867787,12.8126244994595,0.0,0.0,0.0,-0.03673100263916027,-0.03673100263916027,-0.07346200527832054,0.039675,0.0,0.0,0.0,0.0,-0.03673100263916027,-0.07346200527832054,-0.07346200527832054,overnight_abort,True,False
87241F__540515,87241F,540515,2025-03-18,2025-03-21,3,11.9151856305405,12.325682925,24.173429377897804,24.452236367077546,0.011533613407564761,-0.03445160714973088,-0.02291799374216612,-0.05736960089189701,0.039675,8.2e-05,0.006725628,0.0066354795,-0.013404,-0.023000185522988038,-0.057451792672718924,-0.043709268421341006,convergence,False,False
87241F__540515,87241F,540515,2025-04-07,2025-04-08,1,11.787065365540501,12.193804204459502,0.0,0.0,0.0,-0.0345072184046847,-0.0345072184046847,-0.0690144368093694,0.039675,0.0,0.0,0.0,0.0,-0.0345072184046847,-0.0690144368093694,-0.0690144368093694,overnight_abort,True,False
87241F__540515,87241F,540515,2025-04-09,2025-04-10,1,12.614919385540501,12.924214030000002,0.0,0.0,0.0,-0.024518162582475217,-0.024518162582475217,-0.049036325164950434,0.039675,0.0,0.0,0.0,0.0,-0.024518162582475217,-0.049036325164950434,-0.049036325164950434,overnight_abort,True,False
87241F__540515,87241F,540515,2025-09-26,2025-09-30,4,13.590603495,13.67491406,27.043276049765655,27.262237650781216,0.008096711382623278,-0.006203592432890773,0.0018931189497325054,-0.004310473483158267,0.039675,0.00011,0.0067297011,0.0067997139,0.010404,0.001783529908636615,-0.004420062524254158,-0.014799862979489356,convergence,False,False
87241F__540515,87241F,540515,2025-10-06,2025-10-08,2,14.388892285540502,14.456047875000001,28.777088021655022,28.837343576478663,0.00209387255507917,-0.004667182721701561,-0.0025733101666223913,-0.007240492888323952,0.039675,5.5e-05,0.0065830618,0.0065329584,-0.007611,-0.0026281046871703367,-0.007295287408871897,0.0003900990669054602,convergence,False,False
87241F__540515,87241F,540515,2025-12-22,2025-12-24,2,11.2253072805405,11.656139655,22.839406747781226,23.33373615250386,0.021643705993837036,-0.03838045264082568,-0.016736746646988643,-0.05511719928781432,0.039675,5.5e-05,0.0064010238,0.0063871232,-0.002172,-0.01679154116753659,-0.05517199380836226,-0.05294854202031196,convergence,False,False
87417L__86521D,87417L,86521D,2021-04-12,2021-04-13,1,16.787858855261998,16.838397007107,0.0,0.0,0.0,-0.003010398900820097,-0.003010398900820097,-0.006020797801640194,0.030538,0.0,0.0,0.0,0.0,-0.003010398900820097,-0.006020797801640194,-0.006020797801640194,overnight_abort,True,False
87417L__86521D,87417L,86521D,2021-11-01,2021-11-03,2,20.139499310262,20.630830132107,1.9866983752709777,2.0810021153101887,0.04746756790715571,-0.024396377202617194,0.023071190704538513,-0.0013251864980786815,0.030538,5.5e-05,0.1284983697,0.1284909382,-5.8e-05,0.023016396183990567,-0.0013799810186266267,-0.0013193988846647816,convergence,False,False
87417L__86521D,87417L,86521D,2021-12-22,2021-12-29,7,18.0731516713155,17.6226853244585,1.786808858450183,1.7784834782555765,-0.0046593569061592465,0.024924614978578907,0.020265258072419662,0.045189873050998565,0.030538,0.000192,0.1282256772,0.1282717308,0.000359,0.020073477250501855,0.04499809222908076,0.044640733522256525,convergence,False,False
87417L__86521D,87417L,86521D,2022-03-16,2022-03-23,7,18.854221324476,18.931828182631,1.9004786507565639,1.8461810366769082,-0.02857049410054683,-0.004116152919784267,-0.0326866470203311,-0.036802799940115365,0.030538,0.000192,0.1279050384,0.1278281989,-0.000601,-0.032878427842248904,-0.03699458076203317,-0.03641063951776239,convergence,False,False
87417L__86521D,87417L,86521D,2022-11-04,2022-11-16,12,19.566060322892998,21.308425675524003,1.8647152351466438,2.0846959558554885,0.11797014180105901,-0.08905039256126458,0.02891974923979443,-0.060130643321470154,0.030538,0.000329,0.1273917774,0.1277759387,0.003016,0.028590982116506757,-0.060459410444757826,-0.06382061340209896,convergence,False,False
87417L__86521D,87417L,86521D,2024-07-11,2024-07-17,6,10.964512093684501,10.365983875,1.090436051665625,1.0280026224768726,-0.057255470500435446,0.05458776583677176,-0.0026677046636636864,0.05192006117310807,0.030538,0.000164,0.1280827878,0.1280499874,-0.000256,-0.002832088225307522,0.05175567761146424,0.051997164536166464,convergence,False,False
87417L__86521D,87417L,86521D,2024-07-31,2024-08-07,7,9.451824314342248,8.444484829526202,0.8924659640483763,0.8430680553871711,-0.055349907616787916,0.10657619643728508,0.051226288820497165,0.15780248525778223,0.030538,0.000192,0.1280910008,0.1282445914,0.001199,0.05103450799857936,0.15761070443586442,0.15647935555872816,convergence,False,False
87417L__86521D,87417L,86521D,2024-09-17,2024-09-30,13,8.1467600822631,10.5885754278655,0.7830909530036929,1.1122704900748595,0.4203592645382205,-0.2997283976630971,0.12063086687512337,-0.17909753078797375,0.030538,0.000356,0.128290657,0.128798765,0.003961,0.12027470249156172,-0.1794536951715354,-0.18505697797619572,convergence,False,False
87417L__86521D,87417L,86521D,2025-04-30,2025-05-06,6,13.8687728124345,13.956154911315501,1.3290965153151142,1.4116668485537904,0.062125159675931976,-0.006300636693872132,0.055824522982059845,0.04952388628818771,0.030538,0.000164,0.1290314323,0.1288427296,-0.001462,0.05566013942041601,0.04935950272654388,0.05091508825310791,convergence,False,False
87417L__86521D,87417L,86521D,2025-06-10,2025-06-16,6,16.066123125,17.081118795000002,1.511810579212981,1.7003227006368231,0.12469295030464585,-0.06317614163062137,0.06151680867402448,-0.0016593329565968845,0.030538,0.000164,0.127399084,0.1273934036,-4.5e-05,0.06135242511238065,-0.00182371651824072,-0.0017735670940605297,convergence,False,False
8743CF__91291J,8743CF,91291J,2022-09-27,2022-10-03,6,9.698482768847,9.18413481403825,0.9023455956944355,0.9284268013176361,0.028903787803306984,0.05303385767317275,0.08193764547647973,0.13497150314965248,0.035371,0.000164,0.0170183813,0.0170590254,0.002388,0.0817732619148359,0.13480711958800864,0.13235569768896766,convergence,False,False
874567__929751,874567,929751,2021-11-01,2021-11-09,8,21.818668380252,21.142700124832004,5.363407013611492,5.2728102341375624,-0.016891647276443687,0.030981187469342173,0.014089540192898486,0.045070727662240656,0.030095000000000004,0.000219,0.7412075368,0.739098464,-0.002845,0.013870362110706705,0.044851549580048874,0.047656922865443666,convergence,False,False
874567__929751,874567,929751,2021-12-06,2021-12-08,2,21.04650213021,21.036140693832003,5.180097470212024,5.1913397417728815,0.0021702818577267816,0.0004923115638833644,0.002662593421610146,0.0031549049854935106,0.030095000000000004,5.5e-05,0.7321445502,0.7327887345,0.00088,0.0026077989010622007,0.0031001104649455652,0.0022191166244222823,convergence,False,False
874567__929751,874567,929751,2021-12-20,2021-12-30,10,20.898014369958002,20.594756380000003,5.142163561840982,5.191596664499456,0.00961328866030398,0.014511330339304768,0.024124618999608747,0.03863594933891351,0.030095000000000004,0.000274,0.7330305087,0.7411525471,0.01108,0.02385064639686902,0.03836197673617379,0.027297968480741217,convergence,False,False
874567__929751,874567,929751,2022-09-28,2022-11-16,49,18.116235359832,19.58471438,4.59451205367436,4.864756310559437,0.0588189243445242,-0.08105872942145408,-0.022239805076929874,-0.10329853449838394,0.030095000000000004,0.001342,0.6979585689,0.7275638586,0.042417,-0.02358227083035453,-0.1046410002518086,-0.14772538470072857,convergence,False,False
874567__929751,874567,929751,2023-05-31,2023-07-06,36,19.07649560979,19.665519760084003,4.801182491808851,4.83957465253041,0.007996396884946237,-0.030876957819848002,-0.022880560934901765,-0.05375751875474977,0.030095000000000004,0.000986,0.7418121373,0.7425833375,0.00104,-0.02386686230476478,-0.05474382012461278,-0.055790661581484366,convergence,False,False
874567__929751,874567,929751,2023-10-23,2023-11-06,14,16.84909010979,18.266616640294004,4.274587116520667,4.473782983532419,0.04660002512099665,-0.08413074660217776,-0.037530721481181105,-0.12166146808335887,0.030095000000000004,0.000384,0.7308071231,0.7383068984,0.010262,-0.03791428312501672,-0.12204502972719448,-0.1326764690844484,convergence,False,False
874567__929751,874567,929751,2024-07-08,2024-07-10,2,15.84922263021,15.542526296000002,3.935946026261819,3.9273674325440977,-0.0021795506494454494,0.019350875520254784,0.017171324870809336,0.036522200391064116,0.030095000000000004,5.5e-05,0.7403294466,0.7447404937,0.005958,0.01711653035026139,0.036467405870516174,0.03055738347122206,convergence,False,False
874567__929751,874567,929751,2024-08-06,2024-08-22,16,16.037316630126,16.4131825,3.9814182165999483,4.062140092394045,0.020274653754669178,-0.023436955105565458,-0.00316230135089628,-0.026599256456461738,0.030095000000000004,0.000438,0.7531536615,0.7688465234,0.020836,-0.0036006575152798415,-0.0270376126208453,-0.047862353000288314,convergence,False,False
874567__929751,874567,929751,2024-09-11,2024-09-16,5,17.126277359832002,17.675735000000003,4.208922378494122,4.32689590751619,0.028029390521636773,-0.03208272461222072,-0.004053334090583945,-0.03613605870280466,0.030095000000000004,0.000137,0.7684329585,0.7710395093,0.003392,-0.004190320391953808,-0.036273045004174526,-0.03974836734235197,convergence,False,False
874567__929751,874567,929751,2024-12-31,2025-02-25,56,15.839328,16.564682739748,3.7836196088551692,4.050734825258986,0.07059779893799609,-0.04579454000498007,0.02480325893301602,-0.020991281071964046,0.030095000000000004,0.001534,0.7296075776,0.7469931844,0.023829,0.023269012357673556,-0.02252552764730651,-0.04744274611996482,convergence,False,False
87487H__77380U,87487H,77380U,2025-02-14,2025-02-19,5,2.3009889831318002,1.9949064031182,0.21289059664077478,0.22570078607813776,0.06017264096910071,0.13302218405105154,0.19319482502015226,0.32621700907120377,0.040079000000000004,0.000137,0.128622323,0.1287042747,0.000637,0.1930578387187824,0.3260800227698339,0.32540496399324376,convergence,False,False
87487H__77380U,87487H,77380U,2025-03-10,2025-03-20,10,2.65640986322045,2.1226709543182,0.23508705606424563,0.24106767280388705,0.025440008649421413,0.2009249085738529,0.22636491722327431,0.4272898257971272,0.040079000000000004,0.000274,0.1286926804,0.1287390702,0.00036,0.22609094462053458,0.4270158531943875,0.42664634643284777,convergence,False,False
8748D0__887921,8748D0,887921,2023-08-07,2023-08-10,1,13.38725575,14.376757154664999,0.0,0.0,0.0,-0.0739136850108357,-0.0739136850108357,-0.1478273700216714,0.0216,0.0,0.0,0.0,0.0,-0.0739136850108357,-0.1478273700216714,-0.1478273700216714,overnight_abort,True,False
8748D0__887921,8748D0,887921,2023-12-06,2023-12-14,8,12.7601947,12.357380504664999,12.656092563522726,11.535027930667725,-0.08857904817211301,0.031568028921612055,-0.057011019250500956,-0.0254429903288889,0.0216,0.000219,0.0069381803,0.0070340801,0.013822,-0.05723019733269274,-0.025662168411080682,-0.03808811263598422,convergence,False,False
8748D0__887921,8748D0,887921,2024-08-05,2024-08-07,1,9.6547494004665,9.7653441013995,0.0,0.0,0.0,-0.011454953033545932,-0.011454953033545932,-0.022909906067091864,0.0216,0.0,0.0,0.0,0.0,-0.011454953033545932,-0.022909906067091864,-0.022909906067091864,overnight_abort,True,False
8748D0__887921,8748D0,887921,2024-12-16,2024-12-18,1,12.480505565,13.482605304664999,0.0,0.0,0.0,-0.08029320081994602,-0.08029320081994602,-0.16058640163989205,0.0216,0.0,0.0,0.0,0.0,-0.08029320081994602,-0.16058640163989205,-0.16058640163989205,overnight_abort,True,False
8748DZ__28545H,8748DZ,28545H,2021-06-21,2021-06-22,1,11.601581473286,11.85909092,0.0,0.0,0.0,-0.022196064157886185,-0.022196064157886185,-0.04439212831577237,0.0188,0.0,0.0,0.0,0.0,-0.022196064157886185,-0.04439212831577237,-0.04439212831577237,overnight_abort,True,False
8748DZ__28545H,8748DZ,28545H,2021-07-28,2021-08-02,5,11.74064052,11.64264741,11.67777610186332,11.577639916229941,-0.008574936251552225,0.00834648755602979,-0.00022844869552243567,0.008118038860507354,0.0188,0.000137,0.0091345048,0.009169685,0.003851,-0.0003654349968922987,0.00798105255913749,0.004177374240014998,convergence,False,False
8748DZ__28545H,8748DZ,28545H,2022-03-09,2022-03-14,5,9.416350882685599,9.090627218657202,9.49717654144556,9.109411061516877,-0.04082955373488949,0.0345912836178741,-0.006238270117015388,0.028353013500858712,0.0188,0.000137,0.0086106686,0.0084534427,-0.018259,-0.00637525641838525,0.02821602719948885,0.0460556745501989,convergence,False,False
8748DZ__28545H,8748DZ,28545H,2022-07-27,2022-08-01,5,8.0456169973144,8.09398056,7.807877310875488,7.983004675972201,0.02242957440593746,-0.006011168901246877,0.016418405504690585,0.010407236603443707,0.0188,0.000137,0.0074462936,0.0075089163,0.00841,0.016281419203320723,0.010270250302073843,0.0017434139449884031,convergence,False,False
8748DZ__28545H,8748DZ,28545H,2023-07-28,2023-08-01,4,8.73098394,8.59733756,8.633760978200357,8.605812547969308,-0.0032371095634471637,0.015307138452942804,0.01207002888949564,0.027377167342438447,0.0188,0.00011,0.0070276538,0.0069771498,-0.007186,0.01196043984839975,0.027267578301342556,0.03448263236519664,convergence,False,False
8748DZ__28545H,8748DZ,28545H,2023-09-25,2023-09-27,2,9.2176938813428,9.5537156586572,9.314210385491469,9.31819444515388,0.0004277399261473498,-0.036453996155646866,-0.036026256229499516,-0.07248025238514638,0.0188,5.5e-05,0.0067082574,0.0066976993,-0.001574,-0.03608105075004746,-0.07253504690569433,-0.07095799549627779,convergence,False,False
8748DZ__28545H,8748DZ,28545H,2023-10-31,2023-11-06,6,9.9229269413428,10.510094160000001,9.98667351430201,10.545866120524284,0.05599388078737615,-0.05917278461567958,-0.0031789038283034296,-0.06235168844398301,0.0188,0.000164,0.0066244903,0.0066504834,0.003924,-0.0033432873899472654,-0.06251607200562685,-0.06664337417176625,convergence,False,False
8748DZ__28545H,8748DZ,28545H,2024-04-26,2024-04-30,1,12.07835776,11.708084826714002,0.0,0.0,0.0,0.030655900466223462,0.030655900466223462,0.061311800932446925,0.0188,0.0,0.0,0.0,0.0,0.030655900466223462,0.061311800932446925,0.061311800932446925,overnight_abort,True,False
8748DZ__28545H,8748DZ,28545H,2024-08-05,2024-08-06,1,10.270578233286,10.802041220000001,0.0,0.0,0.0,-0.05174616021049116,-0.05174616021049116,-0.10349232042098232,0.0188,0.0,0.0,0.0,0.0,-0.05174616021049116,-0.10349232042098232,-0.10349232042098232,overnight_abort,True,False
8748DZ__28545H,8748DZ,28545H,2025-04-07,2025-04-10,3,9.853397219328599,10.13760998,9.886698477650897,10.22850522728068,0.03457238535214198,-0.028844139167949583,0.005728246184192397,-0.023115892983757186,0.0188,8.2e-05,0.0068355036,0.0069674273,0.0193,0.005646054403370479,-0.023198084764579102,-0.04278703935524704,convergence,False,False
8748DZ__28545H,8748DZ,28545H,2025-11-05,2025-11-06,1,11.383058553286,11.587279146714001,0.0,0.0,0.0,-0.017940748742704828,-0.017940748742704828,-0.035881497485409655,0.0188,0.0,0.0,0.0,0.0,-0.017940748742704828,-0.035881497485409655,-0.035881497485409655,overnight_abort,True,False
8751Q5__951907,8751Q5,951907,2021-05-13,2021-05-14,1,4.2756871296732495,4.947645772202125,0.0,0.0,0.0,-0.1571580478528201,-0.1571580478528201,-0.3143160957056402,0.037062,0.0,0.0,0.0,0.0,-0.1571580478528201,-0.3143160957056402,-0.3143160957056402,overnight_abort,True,False
8751Q5__951907,8751Q5,951907,2021-08-13,2021-08-16,1,6.2371365825,6.0129444886345,0.0,0.0,0.0,0.03594471451764136,0.03594471451764136,0.07188942903528273,0.037062,0.0,0.0,0.0,0.0,0.03594471451764136,0.07188942903528273,0.07188942903528273,overnight_abort,True,False
8751Q5__951907,8751Q5,951907,2022-09-26,2022-10-06,10,4.17545827994225,4.29244051857675,4.118027394158987,4.19363090872615,0.018359157754608255,-0.028016622557684334,-0.009657464803076079,-0.03767408736076042,0.037062,0.000274,0.0069072699,0.0068801812,-0.003922,-0.009931437405815804,-0.03794805996350014,-0.033938568801164755,convergence,False,False
8751Q5__951907,8751Q5,951907,2022-11-11,2022-11-14,1,4.806862421875,5.1640294375,0.0,0.0,0.0,-0.07430356525279566,-0.07430356525279566,-0.14860713050559132,0.037062,0.0,0.0,0.0,0.0,-0.07430356525279566,-0.14860713050559132,-0.14860713050559132,overnight_abort,True,False
8751Q5__951907,8751Q5,951907,2023-05-10,2023-05-19,9,7.58794605047975,7.06338314357675,7.541202016815141,6.948674479044958,-0.07857202823223446,0.0691310801913035,-0.009440948040930958,0.05969013215037254,0.037062,0.000247,0.0074319052,0.0072147469,-0.02922,-0.00968752338339671,0.059443556807906785,0.08717782589523071,convergence,False,False
8751Q5__951907,8751Q5,951907,2023-08-08,2023-08-09,1,7.8820151317306255,8.5949592073845,0.0,0.0,0.0,-0.09045200545020217,-0.09045200545020217,-0.18090401090040434,0.037062,0.0,0.0,0.0,0.0,-0.09045200545020217,-0.18090401090040434,-0.18090401090040434,overnight_abort,True,False
8751Q5__951907,8751Q5,951907,2023-09-14,2023-09-19,5,9.797317464826751,9.671750534306,9.573386606633921,9.581786658043587,0.0008774378132650537,0.012816460319015663,0.013693898132280717,0.02651035845129638,0.037062,0.000137,0.0067642976,0.0067414968,-0.003371,0.013556911830910854,0.026373372149926518,0.029758496694388608,convergence,False,False
8751Q5__951907,8751Q5,951907,2023-11-10,2023-11-13,1,8.378207381730624,8.224660007326749,0.0,0.0,0.0,0.018326996147015585,0.018326996147015585,0.03665399229403117,0.037062,0.0,0.0,0.0,0.0,0.018326996147015585,0.03665399229403117,0.03665399229403117,overnight_abort,True,False
8751Q5__951907,8751Q5,951907,2024-04-26,2024-05-01,5,10.7028668325,10.679969595990501,10.779532633766298,10.81494265244862,0.003284930792954986,0.0021393554519401796,0.005424286244895165,0.007563641696835346,0.037062,0.000137,0.006336734,0.0065085095,0.027108,0.005287299943525303,0.007426655395465483,-0.019052490195306793,convergence,False,False
8751Q5__951907,8751Q5,951907,2024-05-10,2024-05-13,1,13.0250465625,14.156997019288376,0.0,0.0,0.0,-0.08690567449081822,-0.08690567449081822,-0.17381134898163644,0.037062,0.0,0.0,0.0,0.0,-0.08690567449081822,-0.17381134898163644,-0.17381134898163644,overnight_abort,True,False
8751Q5__951907,8751Q5,951907,2024-08-05,2024-08-06,1,13.43688613,14.1166941626155,0.0,0.0,0.0,-0.050592676460785115,-0.050592676460785115,-0.10118535292157023,0.037062,0.0,0.0,0.0,0.0,-0.050592676460785115,-0.10118535292157023,-0.10118535292157023,overnight_abort,True,False
8751Q5__951907,8751Q5,951907,2025-04-07,2025-04-08,1,18.7436592665965,19.396598375,0.0,0.0,0.0,-0.03483519941952417,-0.03483519941952417,-0.06967039883904834,0.037062,0.0,0.0,0.0,0.0,-0.03483519941952417,-0.06967039883904834,-0.06967039883904834,overnight_abort,True,False
8751Q5__951907,8751Q5,951907,2025-04-09,2025-04-10,1,20.244637845693,20.343759967846502,0.0,0.0,0.0,-0.004896216119499061,-0.004896216119499061,-0.009792432238998122,0.037062,0.0,0.0,0.0,0.0,-0.004896216119499061,-0.009792432238998122,-0.009792432238998122,overnight_abort,True,False
87527P__691252,87527P,691252,2023-08-04,2023-08-25,21,11.262457258455,10.661684299999997,0.22133898034043242,0.2093977618904808,-0.05394991172176422,0.053342973444270955,-0.0006069382774932658,0.05273603516677769,0.041838,0.000575,0.0177989787,0.0176149359,-0.01034,-0.0011822807432466905,0.05216069270102427,0.062045128737318454,convergence,False,False
87527P__691252,87527P,691252,2024-07-29,2024-10-21,84,7.7297178034635,8.264322751154499,0.15555478487831165,0.14923893258209486,-0.04060210877574475,-0.06916228525851938,-0.10976439403426413,-0.1789266792927835,0.041838,0.002301,0.0171614881,0.0170227265,-0.008086,-0.11206576389727783,-0.18122804915579718,-0.17340746962507977,convergence,False,False
87527P__691252,87527P,691252,2025-01-31,2025-02-06,6,5.6786738761545,6.3828494557725,0.11216226075532139,0.12595882706055744,0.1230054227895143,-0.12400352529046017,-0.0009981025009458688,-0.12500162779140606,0.041838,0.000164,0.0170954794,0.0172057823,0.006452,-0.0011624860625897044,-0.1251660113530499,-0.13236537914055302,convergence,False,False
87527P__691252,87527P,691252,2025-02-25,2025-03-06,9,6.276689645382,5.654536752309,0.1200806947070516,0.1120471417825669,-0.06690128620660733,0.09912118142255784,0.032219895215950506,0.13134107663850836,0.041838,0.000247,0.0172413793,0.0174011401,0.009266,0.03197331987348475,0.1310945012960426,0.12252767198842716,convergence,False,False
87734F__932076,87734F,932076,2021-06-21,2021-06-22,1,94.73130221623951,95.5844714437455,0.0,0.0,0.0,-0.009006201831349158,-0.009006201831349158,-0.018012403662698316,0.016760999999999998,0.0,0.0,0.0,0.0,-0.009006201831349158,-0.018012403662698316,-0.018012403662698316,overnight_abort,True,False
87734F__932076,87734F,932076,2021-07-09,2021-07-13,4,105.028402247485,102.26782820999999,52.10624782584339,50.363344399211115,-0.03344902961459908,0.026284071531242573,-0.007164958083356505,0.01911911344788607,0.016760999999999998,0.00011,0.0090608427,0.0090904951,0.003273,-0.007274547124452396,0.019009524406790178,0.015856719671847097,convergence,False,False
87734F__932076,87734F,932076,2022-03-09,2022-03-10,1,76.07467224625151,75.4743430762575,0.0,0.0,0.0,0.007891314576430431,0.007891314576430431,0.015782629152860862,0.016760999999999998,0.0,0.0,0.0,0.0,0.007891314576430431,0.015782629152860862,0.015782629152860862,overnight_abort,True,False
87734F__932076,87734F,932076,2022-04-08,2022-04-12,4,76.05469228250901,70.638297330006,37.354629163726514,34.92213272116826,-0.06511900926379285,0.07121710429625484,0.006098095032461989,0.07731519932871683,0.016760999999999998,0.00011,0.0079763899,0.0079576652,-0.002348,0.0059885059913660985,0.07720561028762095,0.07940542212278572,convergence,False,False
87734F__932076,87734F,932076,2023-09-05,2023-09-07,2,80.9885128687545,77.967450299994,39.709499016969446,38.495032999844575,-0.030583765778709037,0.037302358837681904,0.006718593058972867,0.04402095189665477,0.016760999999999998,5.5e-05,0.0067723143,0.0067652128,-0.001049,0.006663798538424921,0.043966157376106825,0.044983761639393736,convergence,False,False
87734F__932076,87734F,932076,2023-11-14,2023-11-16,2,74.81625412999401,75.15393558749699,37.52655651083305,37.09788348212709,-0.01142319116282938,-0.004513477203981052,-0.01593666836681043,-0.020450145570791483,0.016760999999999998,5.5e-05,0.0066065467,0.0066829285,0.011562,-0.015991462887358376,-0.02050494009133943,-0.031803770551255106,convergence,False,False
87734F__932076,87734F,932076,2024-08-05,2024-08-06,1,61.143385167497,60.237800377510496,0.0,0.0,0.0,0.01481083828619784,0.01481083828619784,0.02962167657239568,0.016760999999999998,0.0,0.0,0.0,0.0,0.01481083828619784,0.02962167657239568,0.02962167657239568,overnight_abort,True,False
87734F__932076,87734F,932076,2025-04-09,2025-04-10,1,40.349433407509004,40.354946088007495,0.0,0.0,0.0,-0.00013662349215205944,-0.00013662349215205944,-0.0002732469843041189,0.016760999999999998,0.0,0.0,0.0,0.0,-0.00013662349215205944,-0.0002732469843041189,-0.0002732469843041189,overnight_abort,True,False
87734F__932076,87734F,932076,2025-10-03,2025-10-06,1,48.3594013712515,50.753441538754494,0.0,0.0,0.0,-0.04950516548218052,-0.04950516548218052,-0.09901033096436104,0.016760999999999998,0.0,0.0,0.0,0.0,-0.04950516548218052,-0.09901033096436104,-0.09901033096436104,overnight_abort,True,False
8785V9__50631X,8785V9,50631X,2021-01-26,2021-01-27,1,280.686468047895,277.146887699385,0.0,0.0,0.0,0.012610441725698146,0.012610441725698146,0.02522088345139629,0.030349,0.0,0.0,0.0,0.0,0.012610441725698146,0.02522088345139629,0.02522088345139629,overnight_abort,True,False
8785V9__50631X,8785V9,50631X,2021-01-28,2021-02-03,6,263.852071111755,293.65812024999997,26.517040525509746,28.92441293893343,0.09078586319268016,-0.11296499971614998,-0.022179136523469825,-0.1351441362396198,0.030349,0.000164,0.1289831646,0.128986482,2.6e-05,-0.02234352008511366,-0.13530851980126363,-0.13533657369471386,convergence,False,False
8785V9__50631X,8785V9,50631X,2021-03-09,2021-03-10,1,240.069399415965,247.38808756903498,0.0,0.0,0.0,-0.030485718591685203,-0.030485718591685203,-0.060971437183370406,0.030349,0.0,0.0,0.0,0.0,-0.030485718591685203,-0.060971437183370406,-0.060971437183370406,overnight_abort,True,False
8785V9__50631X,8785V9,50631X,2021-03-17,2021-03-24,7,242.193546,215.71532152903498,23.7901341223477,21.304336992883012,-0.10448857146751463,0.10932671373069956,0.004838142263184936,0.1141648559938845,0.030349,0.000192,0.1287871537,0.1287241506,-0.000489,0.004646361441267128,0.11397307517196668,0.11441137673247392,convergence,False,False
8785V9__50631X,8785V9,50631X,2021-07-27,2021-07-28,1,294.8011605,296.04578743341995,0.0,0.0,0.0,-0.004221920060657175,-0.004221920060657175,-0.00844384012131435,0.030349,0.0,0.0,0.0,0.0,-0.004221920060657175,-0.00844384012131435,-0.00844384012131435,overnight_abort,True,False
8785V9__50631X,8785V9,50631X,2022-01-31,2022-02-11,11,261.81719865693,241.645877545,26.344927164711535,23.502020123209345,-0.1079109850533276,0.07704352966651862,-0.030867455386808976,0.04617607427970964,0.030349,0.000301,0.1283977314,0.128171447,-0.001762,-0.031168825249822674,0.045874704416695944,0.04744967163614075,convergence,False,False
8785V9__50631X,8785V9,50631X,2022-03-09,2022-03-11,2,189.873784485,168.23638449999999,18.94977171399786,17.171085785230144,-0.09386318503530208,0.1139567531330759,0.020093568097773823,0.13405032123084973,0.030349,5.5e-05,0.1278290094,0.1277163642,-0.000881,0.020038773577225878,0.1339955267103018,0.1347947348884271,convergence,False,False
8785V9__50631X,8785V9,50631X,2022-03-16,2022-03-17,1,185.11924725,179.708705632035,0.0,0.0,0.0,0.02922733156243973,0.02922733156243973,0.05845466312487946,0.030349,0.0,0.0,0.0,0.0,0.02922733156243973,0.05845466312487946,0.05845466312487946,overnight_abort,True,False
8785V9__50631X,8785V9,50631X,2022-11-10,2022-11-11,1,114.496016200965,116.687557479035,0.0,0.0,0.0,-0.01914076446313527,-0.01914076446313527,-0.03828152892627054,0.030349,0.0,0.0,0.0,0.0,-0.01914076446313527,-0.03828152892627054,-0.03828152892627054,overnight_abort,True,False
8785V9__50631X,8785V9,50631X,2023-10-24,2023-10-26,2,83.27884039442101,82.40561032961399,8.458485968733362,8.252241968921338,-0.0243830870648011,0.01048561748303975,-0.01389746958176135,-0.0034118520987216003,0.030349,5.5e-05,0.1278486321,0.1278535261,3.8e-05,-0.013952264102309295,-0.0034666466192695457,-0.0035039914568938853,convergence,False,False
8785V9__50631X,8785V9,50631X,2023-11-14,2023-11-16,2,94.5195083920395,92.77178529278949,9.552514679931932,9.227965287412042,-0.03397528330437513,0.018490607166522295,-0.015484676137852836,0.003005931028669459,0.030349,5.5e-05,0.1280926284,0.128279137,0.001456,-0.015539470658400781,0.0029511365081215137,0.0015466063429685104,convergence,False,False
8785V9__50631X,8785V9,50631X,2024-09-24,2024-09-30,6,65.377374428079,72.331575329614,6.472725521311785,7.227714040500924,0.11664151626749811,-0.10637014658924933,0.010271369678248779,-0.09609877691100055,0.030349,0.000164,0.1284562767,0.1288120244,0.002769,0.010106986116604943,-0.09626316047264438,-0.09934705464313828,convergence,False,False
8785V9__50631X,8785V9,50631X,2024-12-09,2024-12-12,3,89.249308341921,83.43819186528948,8.970407978394952,8.29457540956276,-0.07534022649359104,0.06511105334697581,-0.010229173146615228,0.05488188020036058,0.030349,8.2e-05,0.1286305904,0.1286082673,-0.000174,-0.010311364927437146,0.05479968841953867,0.054960185664570296,convergence,False,False
8785V9__50631X,8785V9,50631X,2025-02-12,2025-02-14,2,115.235500593465,113.02865789299999,11.516200405193135,10.835174863247607,-0.05913630520344415,0.01915071908482834,-0.039985586118615815,-0.020834867033787473,0.030349,5.5e-05,0.1283977314,0.128622323,0.001749,-0.04004038063916376,-0.020889661554335418,-0.022532534095179562,convergence,False,False
8785V9__50631X,8785V9,50631X,2025-03-03,2025-03-05,2,112.103858635965,114.813786969035,10.633299644047286,11.432666607026036,0.07517581463306644,-0.024173372496213087,0.05100244213685336,0.026829069640640267,0.030349,5.5e-05,0.1286744567,0.1286678409,-5.1e-05,0.050947647616305415,0.02677427512009232,0.026829558150449264,convergence,False,False
8785V9__50631X,8785V9,50631X,2025-03-17,2025-03-19,2,115.04193435,113.39333796,11.336822327252458,11.271847857738829,-0.005731277040254727,0.014330395253824317,0.008599118213569588,0.022929513467393907,0.030349,5.5e-05,0.1287117161,0.1286537587,-0.00045,0.008544323693021643,0.02287471894684596,0.02332262836407837,convergence,False,False
8785V9__50631X,8785V9,50631X,2025-09-18,2025-09-24,6,108.59999299096499,108.10849919899998,10.629060495041964,10.9380780246319,0.029072892165218158,0.004525725816629683,0.03359861798184784,0.038124343798477525,0.030349,0.000164,0.1286231584,0.1284818534,-0.001099,0.03343423442020401,0.03795996023683369,0.039091739870916915,convergence,False,False
8785V9__50631X,8785V9,50631X,2025-10-06,2025-10-09,3,118.79394912000001,109.36372395999999,11.55760104988628,11.207016851801,-0.03033364766373631,0.07938304290628519,0.04904939524254888,0.12843243814883407,0.030349,8.2e-05,0.1284983697,0.1284958979,-1.9e-05,0.04896720346172696,0.12835024636801215,0.1283688992692245,convergence,False,False
8785V9__50631X,8785V9,50631X,2025-10-13,2025-10-16,3,105.99839756446501,100.09561276740348,10.493697689569656,10.276241315273493,-0.020722568986555227,0.05568749087429962,0.03496492188774439,0.09065241276204401,0.030349,8.2e-05,0.1286322466,0.1287349136,0.000798,0.03488273010692247,0.0905702209812221,0.08978924033503739,convergence,False,False
89661R__41345R,89661R,41345R,2021-02-02,2021-02-03,1,28.00367865390425,29.315533240268998,0.0,0.0,0.0,-0.046845794889231504,-0.046845794889231504,-0.09369158977846301,0.006407,0.0,0.0,0.0,0.0,-0.046845794889231504,-0.09369158977846301,-0.09369158977846301,overnight_abort,True,False
89661R__41345R,89661R,41345R,2021-04-12,2021-04-16,4,28.076072785268998,27.0373815,26.546157210557894,26.725208348744104,0.006744898584228922,0.036995604521084656,0.04374050310531358,0.08073610762639824,0.006407,0.00011,0.0091688434,0.0092451347,0.008321,0.04363091406421769,0.08062651858530236,0.072318810847809,convergence,False,False
89661R__41345R,89661R,41345R,2022-10-28,2022-11-01,4,16.4871369119225,14.990726966384498,15.782563571322449,15.048802652345747,-0.04649187159366012,0.09076226839942658,0.044270396805766464,0.13503266520519305,0.006407,0.00011,0.0067238187,0.0067606396,0.005476,0.04416080776467057,0.13492307616409716,0.12972992440294753,convergence,False,False
89661R__41345R,89661R,41345R,2023-04-27,2023-05-02,5,15.3786787,14.5401039413845,15.082964063923065,14.8144102705499,-0.017805107287599983,0.05452840097475348,0.03672329368715349,0.09125169466190697,0.006407,0.000137,0.0073370263,0.0074021979,0.008883,0.036586307385783626,0.0911147083605371,0.08246711293892638,convergence,False,False
89661R__41345R,89661R,41345R,2023-10-26,2023-10-30,4,8.30858072168845,7.804790492584649,8.32979821328149,7.761838627816248,-0.06818407492268617,0.06063493224405024,-0.007549142678635934,0.05308578956541431,0.006407,0.00011,0.0066838214,0.0065926097,-0.013647,-0.007658731719731825,0.052976200524318416,0.06586829007322258,convergence,False,False
89661R__41345R,89661R,41345R,2024-01-16,2024-01-24,8,9.986155,9.83359548958465,9.703092404162794,9.734723772886223,0.0032599265683442456,0.015277102189516483,0.01853702875786073,0.03381413094737721,0.006407,0.000219,0.0067494596,0.0067725441,0.00342,0.018317850675668948,0.03359495286518543,0.03017529941843027,convergence,False,False
89661R__41345R,89661R,41345R,2024-02-02,2024-02-07,5,9.88629315041535,9.2928479597231,9.837609252033108,9.235112275457544,-0.06124424757479036,0.06002706794784031,-0.0012171796269500532,0.058809888320890256,0.006407,0.000137,0.0067258542,0.0066970261,-0.004286,-0.0013541659283199162,0.05867290201952039,0.06271388144865679,convergence,False,False
89661R__41345R,89661R,41345R,2024-08-05,2024-08-06,1,15.228886375,15.221044399999998,0.0,0.0,0.0,0.0005149408043962513,0.0005149408043962513,0.0010298816087925026,0.006407,0.0,0.0,0.0,0.0,0.0005149408043962513,0.0010298816087925026,0.0010298816087925026,overnight_abort,True,False
89661R__41345R,89661R,41345R,2024-08-08,2024-08-13,5,15.927917225,16.1222974596915,16.049053140299115,16.114663277663507,0.004088100200730506,-0.01220374465447405,-0.008115644453743544,-0.020319389108217595,0.006407,0.000137,0.0068198863,0.0067874834,-0.004751,-0.008252630755113408,-0.020456375409587457,-0.01566293955352413,convergence,False,False
89661R__41345R,89661R,41345R,2025-04-07,2025-04-08,1,17.001422895807,17.584309817231,0.0,0.0,0.0,-0.03428459635385894,-0.03428459635385894,-0.06856919270771789,0.006407,0.0,0.0,0.0,0.0,-0.03428459635385894,-0.06856919270771789,-0.06856919270771789,overnight_abort,True,False
89661R__41345R,89661R,41345R,2025-04-09,2025-04-10,1,18.5742552903085,18.8761048346915,0.0,0.0,0.0,-0.016250963479569273,-0.016250963479569273,-0.03250192695913855,0.006407,0.0,0.0,0.0,0.0,-0.016250963479569273,-0.03250192695913855,-0.03250192695913855,overnight_abort,True,False
89661R__41345R,89661R,41345R,2025-05-01,2025-05-07,6,19.772590894462002,20.4482704886155,19.39294202463971,19.912999598506346,0.026816847758626722,-0.03417253701146187,-0.007355689252835147,-0.041528226264297016,0.006407,0.000164,0.0068986922,0.0068530702,-0.006613,-0.0075200728144789826,-0.04169260982594085,-0.03485692350414551,convergence,False,False
89661R__41345R,89661R,41345R,2025-08-15,2025-08-21,6,19.263287003307,17.994881467768998,18.53175338519818,17.97058525609201,-0.03028143734927901,0.0658457476816002,0.03556431033232119,0.10141005801392139,0.006407,0.000164,0.0067622392,0.0068052668,0.006363,0.03539992677067736,0.10124567445227756,0.09511444350240347,convergence,False,False
89661R__41345R,89661R,41345R,2025-10-30,2025-10-31,1,13.3814477,13.989342466384498,0.0,0.0,0.0,-0.04542817638367313,-0.04542817638367313,-0.09085635276734626,0.006407,0.0,0.0,0.0,0.0,-0.04542817638367313,-0.09085635276734626,-0.09085635276734626,overnight_abort,True,False
89661R__41345R,89661R,41345R,2025-11-10,2025-11-12,2,15.488527403615501,15.055815957499998,15.018674136679175,14.85340250492448,-0.011004408927886834,0.02793754595511093,0.016933137027224095,0.04487068298233503,0.006407,5.5e-05,0.0064869774,0.0064697696,-0.002653,0.01687834250667615,0.044815888461787086,0.04744634354507944,convergence,False,False
905168__922020,905168,922020,2021-02-24,2021-02-25,1,218.85454957316,217.43345672304,0.0,0.0,0.0,0.006493321033954348,0.006493321033954348,0.012986642067908696,0.014415,0.0,0.0,0.0,0.0,0.006493321033954348,0.012986642067908696,0.012986642067908696,overnight_abort,True,False
905168__922020,905168,922020,2021-06-21,2021-06-23,2,224.35332853620002,228.93261085164002,11.264048990404246,11.30799319254121,0.0039012793866928883,-0.020411029091111154,-0.016509749704418264,-0.03692077879552942,0.014415,5.5e-05,0.0090370973,0.0090191657,-0.001984,-0.01656454422496621,-0.03697557331607736,-0.03497965076844639,convergence,False,False
905168__922020,905168,922020,2022-02-15,2022-02-16,1,260.00065774076,263.50508076,0.0,0.0,0.0,-0.013478515976425583,-0.013478515976425583,-0.026957031952851165,0.014415,0.0,0.0,0.0,0.0,-0.013478515976425583,-0.026957031952851165,-0.026957031952851165,overnight_abort,True,False
905168__922020,905168,922020,2022-03-08,2022-03-10,2,258.25739174076,257.66775985164,12.792626746418469,12.826026986464445,0.002610897723200383,0.002283117184548377,0.00489401490774876,0.007177132092297136,0.014415,5.5e-05,0.0086322233,0.0085255126,-0.012362,0.004839220387200815,0.007122337571749191,0.01967164876784924,convergence,False,False
905168__922020,905168,922020,2022-04-28,2022-05-02,1,244.9985538324,245.70184651848,0.0,0.0,0.0,-0.0028705993365214597,-0.0028705993365214597,-0.0057411986730429194,0.014415,0.0,0.0,0.0,0.0,-0.0028705993365214597,-0.0057411986730429194,-0.0057411986730429194,overnight_abort,True,False
905168__922020,905168,922020,2023-01-20,2023-01-24,4,301.11685644456,301.84209611088005,14.815243995355097,14.957296497739698,0.009588266141896663,-0.0024084990620694417,0.007179767079827221,0.004771268017757779,0.014415,0.00011,0.0076525726,0.0077160488,0.008295,0.0070701780387313305,0.004661678976661888,-0.003643715190787657,convergence,False,False
905168__922020,905168,922020,2023-06-02,2023-06-05,1,332.35118248152,335.68679629620004,0.0,0.0,0.0,-0.01003641325953606,-0.01003641325953606,-0.02007282651907212,0.014415,0.0,0.0,0.0,0.0,-0.01003641325953606,-0.02007282651907212,-0.02007282651907212,overnight_abort,True,False
905168__922020,905168,922020,2023-07-21,2023-07-25,4,379.85761657316,386.37107177772003,19.006055502023536,19.27892442711815,0.01435694666184477,-0.01714709649189189,-0.0027901498300471183,-0.01993724632193901,0.014415,0.00011,0.0070693855,0.0071313955,0.008772,-0.0028997388711430087,-0.0200468353630349,-0.02886702690373709,convergence,False,False
905168__922020,905168,922020,2023-07-28,2023-08-01,4,389.37589874076,396.51996,19.401550702892436,19.36260567667999,-0.0020073151269624817,-0.01834746650304723,-0.02035478163000971,-0.03870224813305694,0.014415,0.00011,0.0070276538,0.0069771498,-0.007186,-0.0204643706711056,-0.03881183717415283,-0.0315878812606896,convergence,False,False
905168__922020,905168,922020,2023-10-31,2023-11-01,1,364.97017474076,367.80490803696,0.0,0.0,0.0,-0.007767027259730261,-0.007767027259730261,-0.015534054519460522,0.014415,0.0,0.0,0.0,0.0,-0.007767027259730261,-0.015534054519460522,-0.015534054519460522,overnight_abort,True,False
905168__922020,905168,922020,2023-11-14,2023-11-16,2,382.30324444456005,375.59477855544003,19.034430911833386,18.68263855078042,-0.018481895396949406,0.017547499234191962,-0.0009343961627574435,0.01661310307143452,0.014415,5.5e-05,0.0066065467,0.0066829285,0.011562,-0.0009891906833053887,0.016558308550886573,0.005340154778604115,convergence,False,False
905168__922020,905168,922020,2024-01-18,2024-01-23,5,401.6683845362,401.9658855924,20.195187587721346,20.26996560769005,0.003702764316691429,-0.0007406633622497798,0.0029621009544416495,0.0022214375921918695,0.014415,0.000137,0.0067496878,0.0067794307,0.004407,0.0028251146530717864,0.0020844512908220064,-0.0023190203677635577,convergence,False,False
905168__922020,905168,922020,2024-04-26,2024-05-01,5,484.09497679544,485.68671342684,24.32261414749316,24.81141392093042,0.020096514727946702,-0.0032880668209714094,0.016808447906975294,0.013520381086003883,0.014415,0.000137,0.006336734,0.0065085095,0.027108,0.016671461605605432,0.013383394784634019,-0.013539449664720997,convergence,False,False
905168__922020,905168,922020,2024-08-05,2024-08-06,1,369.57239200000004,364.898748,0.0,0.0,0.0,0.012646085316892458,0.012646085316892458,0.025292170633784916,0.014415,0.0,0.0,0.0,0.0,0.012646085316892458,0.025292170633784916,0.025292170633784916,overnight_abort,True,False
905168__922020,905168,922020,2025-03-17,2025-03-18,1,393.48004000000003,388.48917600000004,0.0,0.0,0.0,0.012683906406027578,0.012683906406027578,0.025367812812055156,0.014415,0.0,0.0,0.0,0.0,0.012683906406027578,0.025367812812055156,0.025367812812055156,overnight_abort,True,False
905168__922020,905168,922020,2025-04-07,2025-04-10,3,350.5856850724,352.53128040912003,17.283338035347384,17.74891570273132,0.026937948354175,-0.005549557268198912,0.02138839108597609,0.015838833817777176,0.014415,8.2e-05,0.0068355036,0.0069674273,0.0193,0.021306199305154174,0.01575664203695526,-0.0036877594593174774,convergence,False,False
905168__922020,905168,922020,2025-09-29,2025-10-01,2,507.51951099848003,496.35260344608,25.1662358040113,24.61567511933619,-0.02187695803864943,0.022002912814978355,0.0001259547763289258,0.02212886759130728,0.014415,5.5e-05,0.0067606396,0.0067909404,0.004482,7.116025578098059e-05,0.022074073070759336,0.017709742223464216,convergence,False,False
90534M__88801L,90534M,88801L,2021-02-09,2021-02-10,1,18.225988165997002,18.133243992996,0.0,0.0,0.0,0.005088567607765062,0.005088567607765062,0.010177135215530124,0.012535000000000001,0.0,0.0,0.0,0.0,0.005088567607765062,0.010177135215530124,0.010177135215530124,overnight_abort,True,False
90534M__88801L,90534M,88801L,2021-06-21,2021-06-23,2,18.903616478001002,18.7654376395015,37.92493865859099,37.191019685030824,-0.019351882943491938,0.007309650968654999,-0.012042231974836939,-0.00473258100618194,0.012535000000000001,5.5e-05,0.0090370973,0.0090191657,-0.001984,-0.012097026495384884,-0.004787375526729885,-0.0028376841294634053,convergence,False,False
90534M__88801L,90534M,88801L,2021-08-12,2021-08-13,1,18.514981283001,19.422728808502,0.0,0.0,0.0,-0.049027731199189704,-0.049027731199189704,-0.09805546239837941,0.012535000000000001,0.0,0.0,0.0,0.0,-0.049027731199189704,-0.09805546239837941,-0.09805546239837941,overnight_abort,True,False
90534M__88801L,90534M,88801L,2022-02-25,2022-03-01,4,19.730713886002,19.6685972244965,39.41142546380583,39.150301922952934,-0.006625579708927303,0.0031482216945818513,-0.0034773580143454513,-0.0003291363197636,0.012535000000000001,0.00011,0.0086952734,0.0086568844,-0.004415,-0.0035869470554413417,-0.0004387253608594904,0.003966398799115874,convergence,False,False
90534M__88801L,90534M,88801L,2022-03-09,2022-03-10,1,19.5413758015005,19.711240935749,0.0,0.0,0.0,-0.008692588279043116,-0.008692588279043116,-0.017385176558086232,0.012535000000000001,0.0,0.0,0.0,0.0,-0.008692588279043116,-0.017385176558086232,-0.017385176558086232,overnight_abort,True,False
90534M__88801L,90534M,88801L,2022-04-05,2022-04-11,6,19.3619977394965,19.0163125145015,38.27049631639416,37.98334809795272,-0.0075031224070755045,0.01785379947079715,0.010350677063721647,0.028204476534518796,0.012535000000000001,0.000164,0.0080772182,0.0079767074,-0.012444,0.01018629350207781,0.02804009297287496,0.04054608700800354,convergence,False,False
90534M__88801L,90534M,88801L,2022-05-12,2022-05-18,6,20.079479095996998,19.5281072944965,36.78743064724416,39.24481903540211,0.06679967437035567,0.027459467392778027,0.09425914176313369,0.12171860915591172,0.012535000000000001,0.000164,0.007739638,0.0078238072,0.010875,0.09409475820148985,0.12155422559426789,0.11007750168522104,convergence,False,False
90534M__88801L,90534M,88801L,2022-08-09,2022-08-15,6,18.9335095,19.056461525997,37.46373256855945,37.96502253291373,0.013380673253443352,-0.0064938846122004805,0.006886788641242872,0.00039290402904239123,0.012535000000000001,0.000164,0.007524737,0.0074501764,-0.009909,0.0067224050795990364,0.00022852046739855564,0.010370330133298718,convergence,False,False
90534M__88801L,90534M,88801L,2023-05-11,2023-05-12,1,19.1029135884995,19.377573338001,0.0,0.0,0.0,-0.014377898336243946,-0.014377898336243946,-0.028755796672487892,0.012535000000000001,0.0,0.0,0.0,0.0,-0.014377898336243946,-0.028755796672487892,-0.028755796672487892,overnight_abort,True,False
90534M__88801L,90534M,88801L,2023-05-26,2023-05-31,5,19.332103720997,18.454355805,38.0866069205856,37.433471850155755,-0.017148680946866696,0.04540364197630813,0.028254961029441437,0.07365860300574957,0.012535000000000001,0.000137,0.00715282,0.0072048705,0.007277,0.028117974728071576,0.0735216167043797,0.06642115562289677,convergence,False,False
90534M__88801L,90534M,88801L,2023-10-31,2023-11-17,17,14.98736752,15.9757130434995,30.211576691856024,32.13321797212194,0.0636061235686492,-0.0659452383602788,-0.0023391147916295985,-0.0682843531519084,0.012535000000000001,0.000466,0.0066244903,0.0067396799,0.017388,-0.0028048682162871326,-0.06875010657656593,-0.08692847198104513,convergence,False,False
90534M__88801L,90534M,88801L,2024-02-15,2024-02-20,5,16.342602220997,16.0760670074975,31.012546627487197,32.074383679772374,0.034238950610526286,0.016309227251279295,0.050548177861805585,0.06685740511308488,0.012535000000000001,0.000137,0.0066566812,0.0066535813,-0.000466,0.05041119156043572,0.06672041881171502,0.06720227019046021,convergence,False,False
90534M__88801L,90534M,88801L,2024-05-13,2024-05-14,1,17.837352970997,18.223554933998,0.0,0.0,0.0,-0.02165130463185611,-0.02165130463185611,-0.04330260926371222,0.012535000000000001,0.0,0.0,0.0,0.0,-0.02165130463185611,-0.04330260926371222,-0.04330260926371222,overnight_abort,True,False
90534M__88801L,90534M,88801L,2024-06-17,2024-06-21,4,18.470140753502,17.783008618503,36.166340414428106,35.89547861247934,-0.007489333973108096,0.037202322611900936,0.02971298863879284,0.06691531125069378,0.012535000000000001,0.00011,0.0063341251,0.0062654679,-0.010839,0.02960339959769695,0.06680572220959789,0.0776816862057651,convergence,False,False
90534M__88801L,90534M,88801L,2024-06-27,2024-07-02,5,18.833853470997,17.6716271984995,36.288039168418564,35.141640367648705,-0.031591643611528296,0.06170942522661426,0.030117781615085965,0.09182720684170023,0.012535000000000001,0.000137,0.0062167791,0.0061844827,-0.005195,0.029980795313716103,0.09169022054033037,0.09674741047171548,convergence,False,False
90534M__88801L,90534M,88801L,2024-07-26,2024-07-30,4,18.2518981754975,17.470930308998,35.755246457991845,35.804207072848556,0.0013693267340286253,0.0427883094125477,0.04415763614657633,0.08694594555912402,0.012535000000000001,0.00011,0.0064924525,0.006667333,0.026936,0.04404804710548044,0.08683635651802814,0.060570986460178895,convergence,False,False
90534M__88801L,90534M,88801L,2025-02-13,2025-02-20,7,15.18666762,15.383647335,30.19921428316591,30.92658284693568,0.024085678420290205,-0.01297056865461308,0.011115109765677124,-0.001855458888935957,0.012535000000000001,0.000192,0.0065640483,0.006698148,0.020429,0.010923328943759315,-0.002047239710853765,-0.022549859576891075,convergence,False,False
90534M__88801L,90534M,88801L,2025-02-28,2025-03-06,6,16.206681545798,16.176407926002,32.24069134360727,32.49668555061027,0.007940096701858258,0.0018679715344840572,0.009808068236342315,0.011676039770826372,0.012535000000000001,0.000164,0.0066885158,0.0067551588,0.009964,0.009643684674698479,0.011511656209182536,0.0015678260412667624,convergence,False,False
90534M__88801L,90534M,88801L,2025-03-24,2025-03-26,2,16.541915275503502,16.2566888895015,32.91053441256921,32.40154040458328,-0.015465990360567887,0.01724264580319705,0.0017766554426291645,0.019019301245826216,0.012535000000000001,5.5e-05,0.0066706686,0.0066201053,-0.00758,0.0017218609220812193,0.01896450672527827,0.026484219212268702,convergence,False,False
90534M__88801L,90534M,88801L,2025-04-09,2025-04-16,7,16.477139753502,16.878869617996003,33.09123775693096,33.607481721262076,0.01560062419312164,-0.024381043706849598,-0.008780419513727957,-0.03316146322057756,0.012535000000000001,0.000192,0.0069225706,0.0070209928,0.014218,-0.008972200335645766,-0.033353244042495366,-0.047590211748039846,convergence,False,False
90534M__88801L,90534M,88801L,2025-09-24,2025-09-26,2,15.844357950000001,15.75494215,31.663891363804133,31.703110209465965,0.0012385984151860828,0.005643384243285235,0.006881982658471318,0.012525366901756553,0.012535000000000001,5.5e-05,0.0066757902,0.0067297011,0.008076,0.006827188137923373,0.012470572381208607,0.004449759398102829,convergence,False,False
90534M__88801L,90534M,88801L,2025-10-17,2025-10-20,1,15.963942992502501,16.0389325085,0.0,0.0,0.0,-0.004697430705729678,-0.004697430705729678,-0.009394861411459355,0.012535000000000001,0.0,0.0,0.0,0.0,-0.004697430705729678,-0.009394861411459355,-0.009394861411459355,overnight_abort,True,False
90534M__88801L,90534M,88801L,2025-10-21,2025-10-24,3,16.063584073998,15.71480217,31.833379099856884,31.376522755340048,-0.014351487571700815,0.021712583094240546,0.007361095522539732,0.029073678616780278,0.012535000000000001,8.2e-05,0.0065793798,0.0065412919,-0.005789,0.007278903741717814,0.028991486835958362,0.03473061032263804,convergence,False,False
906640__906433,906640,906433,2021-06-21,2021-06-23,2,26.254998729565997,25.139112316956002,25.38563099601342,25.13128470444984,-0.010019301533356463,0.04250186503926148,0.03248256350590502,0.0749844285451665,0.011213999999999998,5.5e-05,0.0090370973,0.0090191657,-0.001984,0.032427768985357076,0.07492963402461855,0.07689788014439264,convergence,False,False
906640__906433,906640,906433,2021-10-28,2021-11-01,4,27.159309025326998,26.950486724673,26.668982192048095,26.615446813902732,-0.0020074023732831064,0.0076887928356080435,0.005681390462324937,0.013370183297932981,0.011213999999999998,0.00011,0.0087707758,0.0087746238,0.000439,0.005571801421229046,0.01326059425683709,0.01282293725829226,convergence,False,False
906640__906433,906640,906433,2022-01-31,2022-02-02,2,25.160831025327,24.318496303044,24.65583997010585,24.25346831823196,-0.01631952723418659,0.03347801674098527,0.017158489506798682,0.05063650624778396,0.011213999999999998,5.5e-05,0.0087164952,0.0086979204,-0.002131,0.017103694986250736,0.050581711727236016,0.05268240559487954,convergence,False,False
906640__906433,906640,906433,2022-07-29,2022-08-02,4,23.192344184673,21.296193079239,23.085692624740233,21.252252288723685,-0.07941890095390533,0.08175763046355185,0.002338729509646517,0.08409635997319836,0.011213999999999998,0.00011,0.0075973409,0.0074696545,-0.016807,0.002229140468550627,0.08398677093210248,0.09972319976495414,convergence,False,False
906640__906433,906640,906433,2022-10-31,2022-11-02,2,19.784936196956,20.26541025,19.87398983851849,20.204467095679874,0.016628631686269362,-0.024284842177955655,-0.0076562104916862925,-0.03194105266964195,0.011213999999999998,5.5e-05,0.0067433157,0.0068210498,0.011528,-0.007711005012234238,-0.03199584719018989,-0.043581558192969,convergence,False,False
906640__906433,906640,906433,2023-06-02,2023-06-05,1,24.681200302283,25.059049435434,0.0,0.0,0.0,-0.015309187905097617,-0.015309187905097617,-0.030618375810195234,0.011213999999999998,0.0,0.0,0.0,0.0,-0.015309187905097617,-0.030618375810195234,-0.030618375810195234,overnight_abort,True,False
906640__906433,906640,906433,2023-07-28,2023-08-02,5,28.937968434673,28.236468612717,28.35276488841392,27.825638216183123,-0.018591720218658517,0.024241502078476,0.005649781859817484,0.029891283938293486,0.011213999999999998,0.000137,0.0070276538,0.0070148364,-0.001824,0.0055127955584476215,0.029754297636923624,0.03154751158632797,convergence,False,False
906640__906433,906640,906433,2024-04-26,2024-04-30,1,27.958703223044,29.802661579239,0.0,0.0,0.0,-0.06595292855625651,-0.06595292855625651,-0.13190585711251301,0.011213999999999998,0.0,0.0,0.0,0.0,-0.06595292855625651,-0.13190585711251301,-0.13190585711251301,overnight_abort,True,False
906640__906433,906640,906433,2024-08-05,2024-08-07,2,25.970227605434,25.869678855327003,26.032351892661957,25.44556275187594,-0.022540765552244327,0.0038716930646368235,-0.018669072487607505,-0.01479737942297068,0.011213999999999998,5.5e-05,0.0069288065,0.0067895572,-0.020097,-0.01872386700815545,-0.014852173943518626,0.00519486449595225,convergence,False,False
906640__906433,906640,906433,2025-04-07,2025-04-08,1,25.590511789239,25.819637803044003,0.0,0.0,0.0,-0.008953553398699646,-0.008953553398699646,-0.01790710679739929,0.011213999999999998,0.0,0.0,0.0,0.0,-0.008953553398699646,-0.01790710679739929,-0.01790710679739929,overnight_abort,True,False
906640__906433,906640,906433,2025-04-09,2025-04-10,1,27.848786933044,26.950486724673,0.0,0.0,0.0,0.03225634964031853,0.03225634964031853,0.06451269928063706,0.011213999999999998,0.0,0.0,0.0,0.0,0.03225634964031853,0.06451269928063706,0.06451269928063706,overnight_abort,True,False
91091C__140619,91091C,140619,2021-07-30,2021-08-03,4,9.911037278794,10.06421648,19.90630068197022,20.053746071715842,0.007406970893349846,-0.01545541570444382,-0.008048444811093973,-0.023503860515537794,0.008838,0.00011,0.0091487123,0.0091336704,-0.001644,-0.008158033852189864,-0.023613449556633685,-0.02195438871341778,convergence,False,False
91091C__140619,91091C,140619,2021-09-29,2021-10-01,2,9.826242199035201,9.7434449407236,19.669174592601205,19.62505050414937,-0.0022433116470699363,0.008426136526507592,0.0061828248794376555,0.014608961405945246,0.008838,5.5e-05,0.0089859362,0.0090183523,0.003607,0.00612803035888971,0.014554166885397301,0.010967771110493242,convergence,False,False
91091C__140619,91091C,140619,2021-10-29,2021-11-01,1,9.9659039204824,10.39501244,0.0,0.0,0.0,-0.043057661697467865,-0.043057661697467865,-0.08611532339493573,0.008838,0.0,0.0,0.0,0.0,-0.043057661697467865,-0.08611532339493573,-0.08611532339493573,overnight_abort,True,False
91091C__140619,91091C,140619,2022-10-13,2022-10-18,5,8.2201249204824,8.079441221206,16.335240227282473,16.198245348345164,-0.008386462459762599,0.01711454517264727,0.008728082712884671,0.02584262788553194,0.008838,0.000137,0.0067226891,0.0066711141,-0.007672,0.008591096411514808,0.025705641584162078,0.03337189753961604,convergence,False,False
91091C__140619,91091C,140619,2022-10-31,2022-11-02,2,8.788750778794,9.3825760192764,17.635377285331842,18.931268029435945,0.07348245082241336,-0.06756651262830374,0.005915938194109627,-0.06165057443419411,0.008838,5.5e-05,0.0067433157,0.0068210498,0.011528,0.005861143673561681,-0.06170536895474205,-0.07393899788682735,convergence,False,False
91091C__140619,91091C,140619,2023-02-14,2023-02-16,2,10.384891080000001,10.334868722412,20.563088684766605,20.59362431300625,0.0014849728417630674,0.0048168398881271975,0.006301812729890265,0.011118652618017463,0.008838,5.5e-05,0.0074557316,0.0074535087,-0.000298,0.0062470182093423195,0.011063858097469518,0.011362536348979591,convergence,False,False
91091C__140619,91091C,140619,2023-11-02,2023-11-06,1,12.230429877588001,12.31964348,0.0,0.0,0.0,-0.007294396297180076,-0.007294396297180076,-0.014588792594360153,0.008838,0.0,0.0,0.0,0.0,-0.007294396297180076,-0.014588792594360153,-0.014588792594360153,overnight_abort,True,False
91091C__140619,91091C,140619,2023-11-24,2023-11-28,4,12.769127397588,12.870971082412002,25.574984442827823,25.721643813964214,0.005734485253128642,-0.007975774824146426,-0.002241289571017784,-0.01021706439516421,0.008838,0.00011,0.006725628,0.0067914021,0.00978,-0.0023508786121136742,-0.0103266534362601,-0.02006709872759209,convergence,False,False
91091C__140619,91091C,140619,2023-12-22,2023-12-28,6,13.178138477588,12.770728880000002,26.352863168372373,25.55382585364895,-0.030320702142239947,0.030915565068683846,0.0005948629264438988,0.031510427995127745,0.008838,0.000164,0.007022718,0.0070889301,0.009428,0.00043047936480006325,0.03134604443348391,0.022289035585605996,convergence,False,False
91091C__140619,91091C,140619,2024-04-26,2024-05-01,5,13.32777568,13.522537880000002,26.667697665579603,27.696585672992445,0.038581808610378965,-0.014613256155884019,0.023968552454494946,0.009355296298610927,0.008838,0.000137,0.006336734,0.0065085095,0.027108,0.023831566153125084,0.009218309997241063,-0.018192406613828004,convergence,False,False
91091C__140619,91091C,140619,2024-05-09,2024-05-13,4,14.095919437588,13.993672522412002,27.98812174362467,27.90616011361633,-0.0029284433860593067,0.0072536534866500324,0.004325210100590726,0.011578863587240758,0.008838,0.00011,0.0064211637,0.0063928396,-0.004411,0.004215621059494835,0.011469274546144867,0.015886897424824485,convergence,False,False
91091C__140619,91091C,140619,2024-06-27,2024-07-01,4,13.83654556,13.64282732,27.346434611119744,27.227541889496774,-0.00434764982396006,0.014000477153778768,0.009652827329818708,0.023653304483597475,0.008838,0.00011,0.0062167791,0.0061934841,-0.003747,0.009543238288722817,0.023543715442501584,0.027288573929722292,convergence,False,False
91091C__140619,91091C,140619,2024-08-05,2024-08-06,1,12.439923357588,12.780753,0.0,0.0,0.0,-0.027398050021273154,-0.027398050021273154,-0.05479610004254631,0.008838,0.0,0.0,0.0,0.0,-0.027398050021273154,-0.05479610004254631,-0.05479610004254631,overnight_abort,True,False
91091C__140619,91091C,140619,2024-12-27,2025-01-06,10,13.1681616,12.840898722412001,26.12264548815886,25.574182185130468,-0.02099570287691592,0.02485258668058858,0.0038568838036726616,0.028709470484261243,0.008838,0.000274,0.0063757208,0.0063273118,-0.007593,0.0035829112009329355,0.028435497881521516,0.03592566440365047,convergence,False,False
91091C__140619,91091C,140619,2025-03-24,2025-03-26,2,13.6669556,13.7330444,27.40463219070882,27.464545538191675,0.0021862489182820576,-0.004835663620653093,-0.002649414702371035,-0.0074850783230241275,0.008838,5.5e-05,0.0066706686,0.0066201053,-0.00758,-0.0027042092229189805,-0.007539872843572073,0.00011466460916745148,convergence,False,False
91091C__140619,91091C,140619,2025-04-09,2025-04-10,1,13.95625612,13.89343032,0.0,0.0,0.0,0.004501622746086477,0.004501622746086477,0.009003245492172953,0.008838,0.0,0.0,0.0,0.0,0.004501622746086477,0.009003245492172953,0.009003245492172953,overnight_abort,True,False
91091C__140619,91091C,140619,2025-06-27,2025-07-01,4,14.90396472,14.805626242412002,29.419844599397674,29.380313728007796,-0.0013436804962147174,0.006598142134356692,0.005254461638141974,0.011852603772498667,0.008838,0.00011,0.0069427565,0.0069596687,0.002436,0.0051448725970460836,0.011743014731402776,0.00931625045069619,convergence,False,False
91091C__140619,91091C,140619,2025-07-31,2025-08-01,1,14.8640612,15.387124441200001,0.0,0.0,0.0,-0.035189793298213874,-0.035189793298213874,-0.07037958659642775,0.008838,0.0,0.0,0.0,0.0,-0.035189793298213874,-0.07037958659642775,-0.07037958659642775,overnight_abort,True,False
91091C__140619,91091C,140619,2025-10-02,2025-10-03,1,16.360437214472,16.790401000000003,0.0,0.0,0.0,-0.026280702642082706,-0.026280702642082706,-0.05256140528416541,0.008838,0.0,0.0,0.0,0.0,-0.026280702642082706,-0.05256140528416541,-0.05256140528416541,overnight_abort,True,False
91091C__140619,91091C,140619,2025-10-30,2025-10-31,1,16.759482390352,17.401873322412,0.0,0.0,0.0,-0.038329998331559895,-0.038329998331559895,-0.07665999666311979,0.008838,0.0,0.0,0.0,0.0,-0.038329998331559895,-0.07665999666311979,-0.07665999666311979,overnight_abort,True,False
91091C__140619,91091C,140619,2025-11-25,2025-12-01,6,18.824481569648,18.905491322412,37.26789811527882,37.75047594740697,0.012948887823923365,-0.00430342543375101,0.008645462390172354,0.004342036956421344,0.008838,0.000164,0.006390593,0.0064156027,0.003914,0.008481078828528518,0.004177653394777508,0.00022891327098362055,convergence,False,False
91237Y__74690R,91237Y,74690R,2021-11-01,2021-11-29,28,6.5159162692700505,5.78113084857665,25.914604607004257,22.956184145462153,-0.11416035499698482,0.11276778128023972,-0.0013925737167451019,0.11137520756349462,0.034143,0.000767,0.0087746238,0.0088374354,0.007158,-0.002159697004416335,0.11060808427582339,0.10431202632149085,convergence,False,False
91237Y__74690R,91237Y,74690R,2022-08-10,2022-08-31,21,5.39214305072995,4.9372887794233495,21.124240383512287,19.480236130042517,-0.07782548501734218,0.08435500820866121,0.0065295231913190255,0.09088453139998023,0.034143,0.000575,0.0074909173,0.0071324127,-0.047859,0.0059541807255656005,0.0903091889342268,0.13666149908925362,convergence,False,False
91237Y__74690R,91237Y,74690R,2022-11-28,2022-12-05,7,5.44143157288325,5.365295215,21.241756418796175,21.768696582501192,0.024806807559413693,0.013991971940374466,0.03879877949978816,0.052790751440162625,0.034143,0.000192,0.0072095449,0.0072963409,0.012039,0.038606998677870354,0.05259897061824482,0.0404080474023453,convergence,False,False
91237Y__74690R,91237Y,74690R,2024-01-10,2024-04-09,90,5.1161277406934005,6.0955436392700495,20.017413901779495,23.22599476900707,0.16028948009824287,-0.1914369515808662,-0.03114747148262334,-0.22258442306348955,0.034143,0.002466,0.0068830225,0.0065280543,-0.051572,-0.03361322490728087,-0.2250501764881471,-0.1619585033338033,force_close,False,False
91237Y__74690R,91237Y,74690R,2024-08-08,2024-08-13,5,5.49071910927005,5.18699266142995,21.016988014982516,20.703986577136934,-0.014892782810859982,0.05531633321531875,0.04042355040445877,0.09573988361977752,0.034143,0.000137,0.0068198863,0.0067874834,-0.004751,0.0402865641030889,0.09560289731840765,0.1003057199651427,convergence,False,False
91237Y__74690R,91237Y,74690R,2024-08-21,2024-08-23,2,5.56958042927005,5.436291255729951,20.9240237154386,22.07866034890304,0.055182342037420846,0.023931636365213255,0.0791139784026341,0.10304561476784735,0.034143,5.5e-05,0.0068364382,0.0069192181,0.012109,0.07905918388208615,0.1029908202472994,0.09036686657316638,convergence,False,False
91237Y__74690R,91237Y,74690R,2024-09-06,2024-10-01,25,6.30890530427005,5.6797080056934,23.96697729155586,23.706128225140453,-0.010883686467517546,0.09973161241630796,0.08884792594879042,0.18857953836509836,0.034143,0.000685,0.0069839718,0.0068275697,-0.022394,0.0881629944419411,0.18789460685824905,0.21055272319805562,convergence,False,False
91237Y__74690R,91237Y,74690R,2024-10-08,2024-10-18,10,6.1018942406934,5.7101348078467,23.118529448745022,22.37069868605977,-0.03234767870262813,0.06420292082974252,0.031855242127114394,0.09605816295685692,0.034143,0.000274,0.0067308335,0.0066295412,-0.015049,0.03158126952437467,0.09578419035411719,0.11056888303006726,convergence,False,False
91237Y__74690R,91237Y,74690R,2025-09-16,2025-09-17,1,5.01262275107665,5.0001715606934,0.0,0.0,0.0,0.0024839671767789987,0.0024839671767789987,0.004967934353557997,0.034143,0.0,0.0,0.0,0.0,0.0024839671767789987,0.004967934353557997,0.004967934353557997,overnight_abort,True,False
921505__916933,921505,916933,2021-06-21,2021-06-23,2,20.1900028226735,20.013008405694,20.162998814904096,19.769548084750888,-0.01951350261759563,0.008766438446493654,-0.010747064171101975,-0.001980625724608321,0.020380000000000002,5.5e-05,0.0090370973,0.0090191657,-0.001984,-0.01080185869164992,-0.0020354202451562664,-8.605017465614423e-05,convergence,False,False
921505__916933,921505,916933,2022-02-14,2022-02-17,3,16.792676294132498,17.479967164999998,16.68726315621418,17.330575408644133,0.03855109411338017,-0.040928012833049435,-0.0023769187196692673,-0.0433049315527187,0.020380000000000002,8.2e-05,0.0086479007,0.0086937622,0.005303,-0.002459110500491185,-0.04338712333354062,-0.048865707852758365,convergence,False,False
921505__916933,921505,916933,2022-02-25,2022-03-01,4,16.553912959999998,16.2637001937855,16.46407486229691,16.055484107855392,-0.024817109850320283,0.017531369587103256,-0.007285740263217027,0.01024562932388623,0.020380000000000002,0.00011,0.0086952734,0.0086568844,-0.004415,-0.007395329304312918,0.010136040282790339,0.014460494005420148,convergence,False,False
921505__916933,921505,916933,2022-03-09,2022-03-23,14,15.3899669498265,15.117809439999998,15.53368591416226,14.797272798757053,-0.04740749359003136,0.0176840866984168,-0.029723406891614557,-0.012039320193197756,0.020380000000000002,0.000384,0.0086106686,0.0081736068,-0.050758,-0.030106968535450175,-0.012422881837033372,0.03851445900961116,convergence,False,False
921505__916933,921505,916933,2022-08-08,2022-08-15,7,16.812561881041,16.886918820694,16.80604730457967,16.623209808275483,-0.010879268217599545,-0.004422701321733162,-0.015301969539332707,-0.01972467086106587,0.020380000000000002,0.000192,0.0073991861,0.0074501764,0.006891,-0.015493750361250516,-0.019916451682983678,-0.02668616559872453,convergence,False,False
921505__916933,921505,916933,2023-02-03,2023-02-07,4,15.57898299,15.56008578,15.340582687565329,15.38841163182872,0.0031178049255039565,0.001212993814302922,0.004330798739806878,0.0055437925541098,0.020380000000000002,0.00011,0.0075377831,0.0076112189,0.009742,0.004221209698710988,0.005434203513013909,-0.0042442408290543614,convergence,False,False
921505__916933,921505,916933,2023-05-22,2023-05-30,8,15.907275734999999,14.826309125,15.862573971355781,14.85209757901033,-0.06370191837529916,0.06795422597859427,0.004252307603295105,0.07220653358188937,0.020380000000000002,0.000219,0.007215267,0.0071764321,-0.005382,0.0040331295211033244,0.07198735549969759,0.07705408529849088,convergence,False,False
921505__916933,921505,916933,2023-06-02,2023-06-06,4,15.116388667499999,15.1278621801735,15.2812053120504,15.042801429881969,-0.015601117667101231,-0.0007590114891772056,-0.016360129156278436,-0.017119140645455642,0.020380000000000002,0.00011,0.0071653769,0.0071364853,-0.004032,-0.016469718197374326,-0.017228729686551533,-0.013243454364985446,convergence,False,False
921505__916933,921505,916933,2023-06-26,2023-06-28,2,15.360121159999998,15.017292089999998,15.199937146022833,14.68678804362819,-0.033759948969848956,0.022319424855370123,-0.011440524114478833,0.01087890074089129,0.020380000000000002,5.5e-05,0.0069408294,0.0069072699,-0.004835,-0.011495318635026779,0.010824106220343344,0.015518657535407303,convergence,False,False
921505__916933,921505,916933,2023-07-31,2023-08-02,2,15.001983619999999,14.5046546101735,14.794604768938418,14.528134133964551,-0.01801133853425594,0.033150883404744,0.015139544870488061,0.04829042827523206,0.020380000000000002,5.5e-05,0.0069766626,0.0070148364,0.005472,0.015084750349940116,0.04823563375468412,0.04289178300357308,convergence,False,False
921505__916933,921505,916933,2023-11-02,2023-11-08,6,14.594105749826499,14.4744984,14.461656718449387,14.10135092260945,-0.02491455874348602,0.008195592924761465,-0.016718965818724556,-0.008523372893963089,0.020380000000000002,0.000164,0.006663335,0.0066072014,-0.008424,-0.016883349380368392,-0.008687756455606925,-0.00040360514680684866,convergence,False,False
921505__916933,921505,916933,2024-04-26,2024-05-01,5,14.499199301726499,14.685584834999998,14.45017693104586,14.884763203471335,0.030074806315469896,-0.01285488456257758,0.017219921752892317,0.004365037190314735,0.020380000000000002,0.000137,0.006336734,0.0065085095,0.027108,0.017082935451522455,0.004228050888944872,-0.022958145104507,convergence,False,False
921505__916933,921505,916933,2024-05-09,2024-05-23,14,14.733381459826498,14.022170324999998,14.19742602894231,13.907144041090234,-0.020446099684570892,0.048272091289142255,0.027825991604571363,0.07609808289371361,0.020380000000000002,0.000384,0.0064211637,0.0063692235,-0.008089,0.027442429960735745,0.075714521249878,0.0837026575577284,convergence,False,False
921505__916933,921505,916933,2024-08-05,2024-08-06,1,13.6888136348265,13.801032155,0.0,0.0,0.0,-0.008197826573370662,-0.008197826573370662,-0.016395653146741324,0.020380000000000002,0.0,0.0,0.0,0.0,-0.008197826573370662,-0.016395653146741324,-0.016395653146741324,overnight_abort,True,False
921505__916933,921505,916933,2024-10-16,2024-10-31,15,15.091518999826498,14.816257389999999,14.719633446556172,14.43701546276575,-0.019200069405026075,0.01823948999631274,-0.0009605794087133336,0.017278910587599408,0.020380000000000002,0.000411,0.0066573459,0.0065359477,-0.018235,-0.0013715383128229226,0.01686795168348982,0.03508525567665894,convergence,False,False
921505__916933,921505,916933,2024-11-01,2024-11-07,6,14.753276994999998,14.4744984,14.735204416434762,14.014770246383216,-0.04889203771398083,0.018896045610373807,-0.029995992103607025,-0.011099946493233218,0.020380000000000002,0.000164,0.006595436,0.0065513627,-0.006682,-0.03016037566525086,-0.011264330054877054,-0.004865895336216198,convergence,False,False
921505__916933,921505,916933,2025-03-25,2025-03-27,2,14.0568994398265,14.142791145,13.933630715497582,13.981630526761471,0.0034448890058856956,-0.006110288086016239,-0.002665399080130543,-0.008775687166146781,0.020380000000000002,5.5e-05,0.0066398858,0.0066740076,0.005139,-0.0027201936006784884,-0.008830481686694727,-0.013960734432238631,convergence,False,False
921505__916933,921505,916933,2025-04-07,2025-04-10,3,13.860420211249998,14.353877579999999,13.945681624733082,14.267033963554175,0.02304314320865931,-0.03560190537004637,-0.012558762161387061,-0.04816066753143343,0.020380000000000002,8.2e-05,0.0068355036,0.0069674273,0.0193,-0.01264095394220898,-0.048242859312255346,-0.06761351520868877,convergence,False,False
921505__916933,921505,916933,2025-09-29,2025-10-10,11,14.733381459826498,14.193049819999999,14.60829184938981,13.921053137268304,-0.047044426494683676,0.036673973405210565,-0.010370453089473111,0.026303520315737454,0.020380000000000002,0.000301,0.0067606396,0.0065856626,-0.025882,-0.010671822952486809,0.026002150452723756,0.05132159323517653,convergence,False,False
921505__916933,921505,916933,2025-11-11,2025-11-12,1,14.6338988098265,15.278637199999999,0.0,0.0,0.0,-0.0440578685524711,-0.0440578685524711,-0.0881157371049422,0.020380000000000002,0.0,0.0,0.0,0.0,-0.0440578685524711,-0.0881157371049422,-0.0881157371049422,overnight_abort,True,False
921505__916933,921505,916933,2025-12-11,2025-12-16,5,15.171104125,15.4796719,14.905138066006897,15.114725133467807,0.01406139725326672,-0.02033917719222036,-0.006277779938953641,-0.026616957131174002,0.020380000000000002,0.000137,0.0064174555,0.0064232264,0.000899,-0.006414766240323504,-0.026753943432543864,-0.027665019354982053,convergence,False,False
9295FG__9296WJ,9295FG,9296WJ,2021-01-07,2021-01-22,15,6.49997992819725,7.60014490532875,3.2461187866133256,3.7717742468007747,0.1619335257708992,-0.16925667298739291,-0.007323147216493714,-0.17657982020388663,0.028964,0.000411,0.0356926165,0.0357193847,0.00075,-0.007734106120603303,-0.1769907791079962,-0.17786153512089423,convergence,False,False
9295FG__9296WJ,9295FG,9296WJ,2021-02-04,2021-02-18,14,7.18262684680275,8.45920317393425,3.5864966071695945,4.1024231390096455,0.14385250799030086,-0.17773112182484488,-0.03387861383454402,-0.2116097356593889,0.028964,0.000384,0.0357283231,0.0358102008,0.002292,-0.03426217547837963,-0.21199329730322453,-0.21460864182520975,convergence,False,False
9295FG__9296WJ,9295FG,9296WJ,2021-07-29,2021-08-02,4,8.6468532521315,9.1262370228685,4.258214137117594,4.481647503891789,0.05247114390668905,-0.05544025748544177,-0.0029691135787527217,-0.05840937106419449,0.028964,0.00011,0.0357973894,0.0358474372,0.001398,-0.003078702619848612,-0.05851896010529038,-0.05998835009325903,convergence,False,False
9295FG__9296WJ,9295FG,9296WJ,2021-12-07,2021-12-09,2,8.013674645737002,7.52939827393425,3.9104402690978346,3.7473229296806934,-0.04171329267094867,0.06043124948432614,0.01871795681337747,0.07914920629770361,0.028964,5.5e-05,0.0360698312,0.0361702845,0.002785,0.018663162292829525,0.07909441177715566,0.07643302651497082,convergence,False,False
9295FG__9296WJ,9295FG,9296WJ,2022-04-28,2022-05-05,7,6.866036554263,6.64001947180275,3.3301752292296363,3.215419115249791,-0.0344594821835822,0.032918129793515286,-0.001541352390066912,0.03137677740344837,0.028964,0.000192,0.0339558608,0.0336927303,-0.007749,-0.0017331332119847203,0.031184996581530566,0.03872558937294632,convergence,False,False
9295FG__9296WJ,9295FG,9296WJ,2022-08-12,2022-08-22,10,6.331791703197251,5.92245264680275,3.010068003156921,2.90209028364853,-0.035872186075246615,0.06464821895322365,0.02877603287797703,0.09342425183120068,0.028964,0.000274,0.0333177762,0.0331049084,-0.006389,0.028502060275237304,0.09315027922846095,0.099349715402372,convergence,False,False
9295FG__9296WJ,9295FG,9296WJ,2022-11-10,2022-11-16,6,5.9756287,6.245863754263,2.9296499296200684,2.960997606956947,0.010700144416552764,-0.04522286571503345,-0.034522721298480684,-0.07974558701351414,0.028964,0.000164,0.0321419388,0.0321336802,-0.000257,-0.03468710486012452,-0.07990997057515797,-0.07965021295758286,convergence,False,False
9295FG__9296WJ,9295FG,9296WJ,2023-02-01,2023-02-21,20,7.4695360728685,7.013962645737,3.4783481626825523,3.31036505311256,-0.04829393197960988,0.06099085976521001,0.01269692778560013,0.07368778755081014,0.028964,0.000548,0.0336417078,0.0327396468,-0.026814,0.012148982580120678,0.07313984234533069,0.09936177847887918,convergence,False,False
9295FG__9296WJ,9295FG,9296WJ,2023-05-26,2023-05-31,5,7.796019097868499,7.70121004893425,3.594819539701002,3.6216877919101984,0.007474158831191646,0.012161213017060319,0.019635371848251964,0.03179658486531228,0.028964,0.000137,0.0327043245,0.0326062073,-0.003,0.019498385546882102,0.03165959856394242,0.03469124657584923,convergence,False,False
9295FG__9296WJ,9295FG,9296WJ,2023-06-12,2023-08-24,73,8.77546787606575,7.60014490532875,4.15818272434448,3.4742669571163813,-0.16447467861959228,0.13393279849415,-0.03054188012544229,0.1033909183687077,0.028964,0.002,0.0326168531,0.0314198676,-0.036698,-0.03254188012544229,0.1013909183687077,0.13322146925795442,convergence,False,False
9295FG__9296WJ,9295FG,9296WJ,2024-01-18,2024-01-31,13,8.9535498228685,9.389008174999999,4.187863823221672,4.3036168395837056,0.027640109910017537,-0.048635274360040295,-0.02099516445002276,-0.06963043881006306,0.028964,0.000356,0.0318466287,0.0320010312,0.004848,-0.021351328833584402,-0.06998660319362471,-0.07494488722762127,convergence,False,False
9295FG__9296WJ,9295FG,9296WJ,2024-02-15,2024-05-15,90,9.527368472868499,10.844354975,4.48064413369575,4.737206136644866,0.057260071385650625,-0.13823192688326694,-0.08097185549761632,-0.21920378238088326,0.028964,0.002466,0.0318826657,0.0310810009,-0.025144,-0.08343760892227385,-0.2216695358055408,-0.19439988041695394,force_close,False,False
9295FG__9296WJ,9295FG,9296WJ,2025-04-09,2025-04-11,2,8.261010270737001,8.3884574521315,3.869451549790472,4.077641955008872,0.05380359530013321,-0.015427553921092947,0.038376041379040264,0.02294848745794732,0.028964,5.5e-05,0.0304720096,0.0308928058,0.013809,0.03832124685849232,0.022893692937399374,0.008539653640372069,convergence,False,False
9295FG__9296WJ,9295FG,9296WJ,2025-11-05,2025-11-13,8,15.661291775,14.7859202356575,7.755853667389565,7.275493898484189,-0.061935125326707384,0.0558939551040004,-0.006041170222706983,0.04985278488129342,0.028964,0.000219,0.0322601437,0.0325319637,0.008426,-0.006260348304898764,0.049633606799101636,0.0417956294613336,convergence,False,False
9295FG__9296WJ,9295FG,9296WJ,2025-11-19,2025-12-29,40,13.920048975,16.190738203287502,6.816545553485205,7.951939195430022,0.1665643738512546,-0.1631236522490397,0.0034407216022148968,-0.15968293064682482,0.028964,0.001096,0.0318806338,0.0319938603,0.003552,0.0023448311912559927,-0.1607788210577837,-0.16490730070473242,convergence,False,False
93053R__87406E,93053R,87406E,2021-02-24,2021-03-03,7,12.27499587,11.892819244461002,24.448855690875416,23.156248597672008,-0.052869840189936713,0.03113456245415403,-0.021735277735782682,0.00939928471837135,0.019824,0.000192,0.0094139789,0.0092614022,-0.016207,-0.02192705855770049,0.00920750389645354,0.02481097204669671,convergence,False,False
93053R__87406E,93053R,87406E,2021-11-05,2021-11-08,1,11.186872738538998,11.737127789461,0.0,0.0,0.0,-0.04918756687258656,-0.04918756687258656,-0.09837513374517312,0.019824,0.0,0.0,0.0,0.0,-0.04918756687258656,-0.09837513374517312,-0.09837513374517312,overnight_abort,True,False
93053R__87406E,93053R,87406E,2022-02-15,2022-02-16,1,10.316273883038999,10.476529234461001,0.0,0.0,0.0,-0.015534228078752158,-0.015534228078752158,-0.031068456157504316,0.019824,0.0,0.0,0.0,0.0,-0.015534228078752158,-0.031068456157504316,-0.031068456157504316,overnight_abort,True,False
93053R__87406E,93053R,87406E,2022-03-09,2022-03-10,1,8.311755111,8.4575617204461,0.0,0.0,0.0,-0.017542216715833562,-0.017542216715833562,-0.035084433431667124,0.019824,0.0,0.0,0.0,0.0,-0.017542216715833562,-0.035084433431667124,-0.035084433431667124,overnight_abort,True,False
93053R__87406E,93053R,87406E,2023-03-03,2023-03-07,4,9.70650525,9.391710751784402,19.372295734232182,18.76794446042404,-0.031196678086026296,0.03243129119160552,0.0012346131055792214,0.03366590429718474,0.019824,0.00011,0.0073567277,0.0072804048,-0.010375,0.001125024064483331,0.03355631525608885,0.04371260204087137,convergence,False,False
93053R__87406E,93053R,87406E,2023-07-18,2023-07-20,2,11.040528505539001,10.883335939461,21.925072413962145,21.566504470214063,-0.016354242165227288,0.014237775483224163,-0.002116466682003125,0.012121308801221038,0.019824,5.5e-05,0.0071589648,0.0070519375,-0.01495,-0.0021712612025510704,0.012066514280673093,0.026995312163171182,convergence,False,False
93053R__87406E,93053R,87406E,2024-03-21,2024-03-25,4,9.5073976491078,9.5976252567844,19.25451764015628,19.09174369981102,-0.008453805147826059,-0.009490252854320057,-0.017944058002146115,-0.027434310856466172,0.019824,0.00011,0.0066034932,0.0065978289,-0.000858,-0.018053647043242006,-0.027543899897562063,-0.026692647887752923,convergence,False,False
93053R__87406E,93053R,87406E,2024-04-03,2024-04-05,2,9.5770850804461,9.472067631784402,19.29254030685477,18.678299107211963,-0.03183827478772014,0.010965491877702568,-0.02087278291001757,-0.009907291032315003,0.019824,5.5e-05,0.0066074197,0.0065873983,-0.00303,-0.020927577430565517,-0.009962085552862949,-0.0070195045394809245,convergence,False,False
93053R__87406E,93053R,87406E,2024-08-05,2024-08-06,1,7.506364059999999,7.8147063791078,0.0,0.0,0.0,-0.0410774532973826,-0.0410774532973826,-0.0821549065947652,0.019824,0.0,0.0,0.0,0.0,-0.0410774532973826,-0.0821549065947652,-0.0821549065947652,overnight_abort,True,False
93053R__87406E,93053R,87406E,2025-02-04,2025-02-07,3,8.21319675,8.487695349553901,16.58951212396026,16.82881605446253,0.01442501314771275,-0.03342165150906693,-0.01899663836135418,-0.05241828987042111,0.019824,8.2e-05,0.0065526501,0.0065789474,0.004013,-0.019078830142176095,-0.052500481651243026,-0.056555330744313737,convergence,False,False
93053R__87406E,93053R,87406E,2025-03-17,2025-03-21,4,8.8901636682156,8.961801042000001,17.546725179165954,17.738943939347905,0.010954680045378605,-0.008058048924399656,0.0028966311209789493,-0.0051614178034207064,0.019824,0.00011,0.0066992693,0.0066354795,-0.009522,0.002787042079883059,-0.005271006844516597,0.004447747745737033,convergence,False,False
93053R__87406E,93053R,87406E,2025-04-07,2025-04-08,1,7.755248809999999,7.874974440892201,0.0,0.0,0.0,-0.015438012863987204,-0.015438012863987204,-0.030876025727974408,0.019824,0.0,0.0,0.0,0.0,-0.015438012863987204,-0.030876025727974408,-0.030876025727974408,overnight_abort,True,False
93053R__87406E,93053R,87406E,2025-04-09,2025-04-10,1,8.2480405154461,8.246624910446101,0.0,0.0,0.0,0.00017162924907403925,0.00017162924907403925,0.0003432584981480785,0.019824,0.0,0.0,0.0,0.0,0.00017162924907403925,0.0003432584981480785,0.0003432584981480785,overnight_abort,True,False
93053R__87406E,93053R,87406E,2025-09-08,2025-09-09,1,10.791643755539,10.7477327,0.0,0.0,0.0,0.004068986758061062,0.004068986758061062,0.008137973516122124,0.019824,0.0,0.0,0.0,0.0,0.004068986758061062,0.008137973516122124,0.008137973516122124,overnight_abort,True,False
93053R__87406E,93053R,87406E,2025-09-29,2025-10-01,2,10.20427475,10.04461,20.508032900768615,19.79237130425917,-0.03489664757084641,0.01564684937555207,-0.019249798195294338,-0.0036029488197422688,0.019824,5.5e-05,0.0067606396,0.0067909404,0.004482,-0.019304592715842284,-0.003657743340290214,-0.007963981053889544,convergence,False,False
9326MM__9313M7,9326MM,9313M7,2021-07-28,2021-08-03,6,17.008164687500003,16.68305687958,3.3239218596807105,3.301605362799405,-0.0067139053874898,0.019114808322554466,0.012400902935064666,0.031515711257619136,0.019719,0.000164,0.1286935019,0.1286082673,-0.000662,0.01223651937342083,0.0313513276959753,0.032009623968347646,convergence,False,False
9326MM__9313M7,9326MM,9313M7,2022-03-16,2022-03-31,15,9.2365509486355,8.7793917191145,1.8602555470235014,1.7359403397078306,-0.06682695155221073,0.04949458212954865,-0.01733236942266208,0.03216221270688657,0.019719,0.000411,0.1279050384,0.1276560354,-0.001947,-0.017743328326771668,0.031751253802776984,0.033571480224932095,convergence,False,False
9326MM__9313M7,9326MM,9313M7,2022-11-10,2022-11-11,1,6.554971897271,6.604756103411249,0.0,0.0,0.0,-0.0075948771284551206,-0.0075948771284551206,-0.015189754256910241,0.019719,0.0,0.0,0.0,0.0,-0.0075948771284551206,-0.015189754256910241,-0.015189754256910241,overnight_abort,True,False
9326MM__9313M7,9326MM,9313M7,2023-07-07,2023-07-14,7,6.9919696,7.329667598635499,1.4146321034179976,1.4546007839100041,0.028253763219027214,-0.04829797867477843,-0.02004421545575122,-0.06834219413052965,0.019719,0.000192,0.1277489922,0.1279852512,0.001849,-0.020235996277669026,-0.06853397495244747,-0.07043211714904121,convergence,False,False
9326MM__9313M7,9326MM,9313M7,2023-08-29,2023-08-31,2,8.121212516817751,7.8834201749999995,1.6104832578972523,1.5638635563499907,-0.02894764743356052,0.029280398872129156,0.00033275143856863545,0.02961315031069779,0.019719,5.5e-05,0.1274291192,0.1275306789,0.000797,0.0002779569180206903,0.029558355790149846,0.028785053346678326,convergence,False,False
9326MM__9313M7,9326MM,9313M7,2023-10-24,2023-10-25,1,8.417179709771002,8.42710422431775,0.0,0.0,0.0,-0.0011790783717291154,-0.0011790783717291154,-0.002358156743458231,0.019719,0.0,0.0,0.0,0.0,-0.0011790783717291154,-0.002358156743458231,-0.002358156743458231,overnight_abort,True,False
9326MM__9313M7,9326MM,9313M7,2023-11-14,2023-11-16,2,10.418431975,10.007815247271,2.0839725504192432,2.007865986196616,-0.036519945623715785,0.03941252663686001,0.002892581013144227,0.04230510765000424,0.019719,5.5e-05,0.1280926284,0.128279137,0.001456,0.0028377864925962816,0.0422503131294563,0.04084948271952279,convergence,False,False
9326MM__9313M7,9326MM,9313M7,2024-08-21,2024-08-22,1,11.600314193177502,12.081869999999999,0.0,0.0,0.0,-0.04151230723610182,-0.04151230723610182,-0.08302461447220363,0.019719,0.0,0.0,0.0,0.0,-0.04151230723610182,-0.08302461447220363,-0.08302461447220363,overnight_abort,True,False
9326MM__9313M7,9326MM,9313M7,2024-09-24,2024-09-30,6,14.083257943177502,14.1055842318225,2.815294707234372,2.8894685013426873,0.026346724525042844,-0.0015853070883937804,0.024761417436649065,0.023176110348255285,0.019719,0.000164,0.1284562767,0.1288120244,0.002769,0.02459703387500523,0.02301172678661145,0.020177205022412718,convergence,False,False
9326MM__9313M7,9326MM,9313M7,2024-10-07,2024-10-10,3,16.8244298295325,15.333906675,3.341176797942023,3.043298694081356,-0.08915364911073942,0.08859278856012912,-0.0005608605506103037,0.08803192800951881,0.019719,8.2e-05,0.1286123992,0.1288004107,0.001462,-0.0006430523314322215,0.0879497362286969,0.08662016291623989,convergence,False,False
9326MM__9313M7,9326MM,9313M7,2024-11-18,2024-11-20,2,18.979623018177502,17.9717886727575,3.756619565560498,3.5739402817476074,-0.048628635565772155,0.053100862143297574,0.004472226577525419,0.05757308872082299,0.019719,5.5e-05,0.1284818534,0.128488465,5.1e-05,0.004417432056977474,0.05751829420027505,0.05746933971309148,convergence,False,False
9326MM__9313M7,9326MM,9313M7,2024-12-09,2024-12-12,3,20.499183600000002,20.206935629580002,4.148032140195441,4.026034508049287,-0.02941096597684642,0.014256566316133683,-0.015154399660712737,-0.0008978333445790534,0.019719,8.2e-05,0.1286305904,0.1286082673,-0.000174,-0.015236591441534655,-0.0009800251254009713,-0.0008115557375438801,convergence,False,False
9326MM__9313M7,9326MM,9313M7,2025-02-20,2025-02-24,4,32.2981372658875,32.258586859065,6.461212752972907,6.386637020819951,-0.011542064161041896,0.0012245414185006766,-0.01031752274254122,-0.009092981324040543,0.019719,0.00011,0.1287042747,0.1286363817,-0.000528,-0.010427111783637111,-0.009202570365136433,-0.008680872119655372,convergence,False,False
9326MM__9313M7,9326MM,9313M7,2025-02-27,2025-03-03,4,35.804052847710004,31.5638924227575,7.1888194750450065,6.292314643128543,-0.12470821322312468,0.11842682846513841,-0.006281384757986272,0.11214544370715214,0.019719,0.00011,0.1285570069,0.1286744567,0.000914,-0.006390973799082163,0.11203585466605626,0.11123691719287722,convergence,False,False
9326MM__9313M7,9326MM,9313M7,2025-03-17,2025-03-19,2,36.717774161355,37.4537939795325,7.326573320766906,7.43925615962003,0.015380019269544307,-0.020045327773494173,-0.004665308503949866,-0.02471063627744404,0.019719,5.5e-05,0.1287117161,0.1286537587,-0.00045,-0.0047201030244978116,-0.024765430797991986,-0.024308010925277374,convergence,False,False
9326MM__9313M7,9326MM,9313M7,2025-06-26,2025-07-02,6,39.210643727290005,38.500898440934996,7.851898533845809,7.588397382326763,-0.03355890940047398,0.018100832296742864,-0.015458077103731115,0.002642755193011749,0.019719,0.000164,0.127390153,0.1273893481,-6e-06,-0.01562246066537495,0.0024783716313679133,0.0024844780165989536,convergence,False,False
9326MM__9313M7,9326MM,9313M7,2025-11-24,2025-12-02,8,25.62398347271,26.167322815934998,5.134187521272622,5.212693752976221,0.015290877354658637,-0.021204327726938418,-0.005913450372279781,-0.027117778099218198,0.019719,0.000219,0.1286090877,0.1284661748,-0.001111,-0.006132628454471561,-0.02733695618140998,-0.026207490282295322,convergence,False,False
932939__691938,932939,691938,2021-01-04,2021-01-06,2,25.408527195821,24.477988580821002,4.935847090536455,4.938709901552051,0.0005800039918346078,0.03662308357459804,0.03720308756643265,0.07382617114103068,0.032212000000000005,5.5e-05,0.7759458644,0.7769099866,0.001243,0.037148293045884705,0.07377137662048273,0.07252968657741053,convergence,False,False
932939__691938,932939,691938,2021-05-03,2021-05-20,17,21.720342284179,25.641700533607,4.113457325763702,5.007396027721206,0.21732052411447733,-0.18053851077127359,0.036782013343203745,-0.14375649742806984,0.032212000000000005,0.000466,0.7705941281,0.7733054943,0.003519,0.03631625991854621,-0.14422225085272738,-0.14849042397186155,convergence,False,False
932939__691938,932939,691938,2022-01-19,2022-01-21,2,20.7135757331965,20.314729125,3.879197713918874,3.876747339997425,-0.0006316702839499104,0.01925532381921344,0.018623653535263532,0.03787897735447697,0.032212000000000005,5.5e-05,0.7225957199,0.714081589,-0.011783,0.018568859014715586,0.03782418283392903,0.049739841923295225,convergence,False,False
932939__691938,932939,691938,2022-03-01,2022-03-03,2,24.650946567785997,23.926243547375503,4.767589776826765,4.554571258525592,-0.0446805468323985,0.02939858793729003,-0.015281958895108468,0.014116629042181562,0.032212000000000005,5.5e-05,0.7297406305,0.737082627,0.010061,-0.015336753415656414,0.014061834521633617,0.004546005733094775,convergence,False,False
932939__691938,932939,691938,2022-11-04,2022-11-15,11,14.57326717,17.806737875,2.8613067943630814,3.43347391623829,0.19996706504958034,-0.22187685625199446,-0.021909791202414125,-0.2437866474544086,0.032212000000000005,0.000301,0.647899019,0.6741042839,0.040447,-0.022211161065427823,-0.2440880173174223,-0.29073577725891625,convergence,False,False
932939__691938,932939,691938,2023-03-13,2023-03-21,8,19.218370483196498,20.876517158607,3.5664165213323282,4.123597060960609,0.1562297999393889,-0.08627925436551952,0.06995054557386939,-0.01632870879165013,0.032212000000000005,0.000219,0.6681142922,0.668404295,0.000434,0.0697313674916776,-0.016547886873841913,-0.017049544152130183,convergence,False,False
932939__691938,932939,691938,2023-03-30,2023-04-12,13,24.072798544178998,27.056211611393003,4.5442593410132694,5.435122236252143,0.19604138505005103,-0.12393295535368569,0.07210842969636534,-0.05182452565732035,0.032212000000000005,0.000356,0.6686054889,0.6781040212,0.014206,0.0717522653128037,-0.052180690040881994,-0.06893422249734857,convergence,False,False
93642Z__280340,93642Z,280340,2021-08-04,2021-08-05,1,11.9295642,12.432120804210001,0.0,0.0,0.0,-0.042126987690799415,-0.042126987690799415,-0.08425397538159883,0.016067,0.0,0.0,0.0,0.0,-0.042126987690799415,-0.08425397538159883,-0.08425397538159883,overnight_abort,True,False
93642Z__280340,93642Z,280340,2022-03-16,2022-03-23,7,7.96632,8.083890700842,8.04108307507485,7.971365559097797,-0.008670164867859412,-0.014758470767179848,-0.02342863563503926,-0.03818710640221911,0.016067,0.000192,0.008432058,0.0081736068,-0.030651,-0.023620416456957068,-0.03837888722413692,-0.0070328252278952065,convergence,False,False
93642Z__280340,93642Z,280340,2022-03-29,2022-03-31,2,8.145562598316001,7.893090298737,8.149910633337113,7.725134504839263,-0.052120341879616255,0.030995072044648752,-0.021125269834967503,0.009869802209681248,0.016067,5.5e-05,0.008209169,0.0081629315,-0.005632,-0.02118006435551545,0.009815007689133303,0.015184106485606436,convergence,False,False
93642Z__280340,93642Z,280340,2022-04-04,2022-04-06,2,8.075856601262998,8.093933102105,8.104649877591124,7.861061164098096,-0.03005542709087725,-0.0022383385112576654,-0.03229376560213491,-0.03453210411339258,0.016067,5.5e-05,0.0080899597,0.0080687457,-0.002622,-0.032348560122682855,-0.03458689863394052,-0.032036761978909395,convergence,False,False
93642Z__280340,93642Z,280340,2022-10-05,2022-10-06,1,4.670254701684,4.6896608004210005,0.0,0.0,0.0,-0.004155254900766629,-0.004155254900766629,-0.008310509801533259,0.016067,0.0,0.0,0.0,0.0,-0.004155254900766629,-0.008310509801533259,-0.008310509801533259,overnight_abort,True,False
93642Z__280340,93642Z,280340,2023-08-10,2023-08-15,5,3.9781809504209997,3.9565869983160002,3.999983700039176,3.8661354330171274,-0.03346220311366207,0.005428097005671462,-0.028034106107990606,-0.022606009102319143,0.016067,0.000137,0.0068702552,0.0068327013,-0.005466,-0.028171092409360467,-0.022742995403689004,-0.01743070935797963,convergence,False,False
93642Z__280340,93642Z,280340,2024-02-14,2024-02-15,1,4.305796358316,4.964814541263,0.0,0.0,0.0,-0.15305372760469863,-0.15305372760469863,-0.30610745520939725,0.016067,0.0,0.0,0.0,0.0,-0.15305372760469863,-0.30610745520939725,-0.30610745520939725,overnight_abort,True,False
93642Z__280340,93642Z,280340,2024-02-20,2024-03-08,17,5.128318201263,5.623576401684,4.995907908539211,5.525086192848013,0.1059223456469862,-0.09657321971538887,0.009349125931597327,-0.08722409378379155,0.016067,0.000466,0.0066535813,0.0068052668,0.022798,0.008883372506939793,-0.08768984720844908,-0.11234022299689522,convergence,False,False
93642Z__280340,93642Z,280340,2024-08-05,2024-08-06,1,4.779792199158,4.960796998316001,0.0,0.0,0.0,-0.03786875906234717,-0.03786875906234717,-0.07573751812469434,0.016067,0.0,0.0,0.0,0.0,-0.03786875906234717,-0.07573751812469434,-0.07573751812469434,overnight_abort,True,False
93642Z__280340,93642Z,280340,2024-08-15,2024-08-20,5,5.954823801684,6.185933499579,5.998457100982606,6.171034737124125,0.0287703376445334,-0.03881050146767444,-0.01004016382314104,-0.04885066529081548,0.016067,0.000137,0.0067750673,0.0068830225,0.015934,-0.010177150124510903,-0.04898765159218534,-0.06512316583094939,convergence,False,False
93642Z__280340,93642Z,280340,2024-08-22,2024-08-28,6,6.5522982,7.059596099158,6.569798538656335,6.891505787361312,0.04896759722723136,-0.07742289555106023,-0.02845529832382887,-0.1058781938748891,0.016067,0.000164,0.0069256874,0.0068972648,-0.004104,-0.028619681885472707,-0.10604257743653293,-0.10171993834792623,convergence,False,False
93642Z__280340,93642Z,280340,2024-09-09,2024-09-27,18,6.821161898315999,6.517825507105,6.846477413064483,6.401662931593137,-0.06496983114594801,0.04446990054376026,-0.02049993060218775,0.023969969941572508,0.016067,0.000493,0.0070197601,0.0069623333,-0.008181,-0.020993081287119256,0.023476819256641003,0.03118914617163491,convergence,False,False
93642Z__280340,93642Z,280340,2024-11-13,2024-11-15,2,6.622003201263,5.7440815012629995,6.3276983453859845,5.751233976049126,-0.09110174630198727,0.1325764535771527,0.04147470727516543,0.17405116085231814,0.016067,5.5e-05,0.0063995904,0.0064657955,0.010345,0.04141991275461749,0.1739963663317702,0.16468990129186892,convergence,False,False
93642Z__280340,93642Z,280340,2025-02-14,2025-02-19,5,7.020319699158,6.708123201684001,6.5222781266229655,6.6569309323671,0.020645057314330383,0.04447041030217515,0.06511546761650552,0.10958587791868069,0.016067,0.000137,0.0065763514,0.0066824814,0.016138,0.06497848131513566,0.10944889161731082,0.09323918545445205,convergence,False,False
93642Z__280340,93642Z,280340,2025-03-13,2025-03-18,5,6.273477199158,6.087521321263001,6.030301858984542,6.0567209554531685,0.004381057049285986,0.029641596198031524,0.034022653247317514,0.06366424944534904,0.016067,0.000137,0.0067278905,0.006725628,-0.000336,0.03388566694594765,0.06352726314397918,0.0638651367435261,convergence,False,False
93642Z__280340,93642Z,280340,2025-04-09,2025-04-10,1,5.317518799158,5.221891899579,0.0,0.0,0.0,0.017983368407487706,0.017983368407487706,0.03596673681497541,0.016067,0.0,0.0,0.0,0.0,0.017983368407487706,0.03596673681497541,0.03596673681497541,overnight_abort,True,False
93642Z__280340,93642Z,280340,2025-09-04,2025-09-12,8,6.114150998316,6.507280398316,6.10241402756096,6.629389223268233,0.08635520194585955,-0.06429828116909095,0.0220569207767686,-0.04224136039232235,0.016067,0.000219,0.0067840304,0.0068261715,0.006212,0.02183774269457682,-0.04246053847451413,-0.049167109383364174,convergence,False,False
93642Z__280340,93642Z,280340,2025-11-13,2025-11-17,4,7.0103615999999995,6.125681401684,6.494048922245531,6.078973092949479,-0.0639163385225201,0.1261960864209914,0.062279747898471294,0.1884758343194627,0.016067,0.00011,0.0064706073,0.0064302479,-0.006237,0.0621701588573754,0.1883662452783668,0.194241566963404,convergence,False,False
93643D__152963,93643D,152963,2021-01-08,2021-01-12,1,5.9128719387675,5.979667704986,0.0,0.0,0.0,-0.01129667053679219,-0.01129667053679219,-0.02259334107358438,0.018845,0.0,0.0,0.0,0.0,-0.01129667053679219,-0.02259334107358438,-0.02259334107358438,overnight_abort,True,False
93643D__152963,93643D,152963,2021-06-21,2021-06-23,2,4.693977549986,4.7812206437535,9.4493553695588,9.535859789378877,0.009154531334354508,-0.018586176188200923,-0.009431644853846415,-0.028017821042047336,0.018845,5.5e-05,0.0090370973,0.0090191657,-0.001984,-0.00948643937439436,-0.02807261556259528,-0.026066248677233127,convergence,False,False
93643D__152963,93643D,152963,2022-02-01,2022-02-03,2,3.6915021887535002,3.7511104962465,7.433119221836701,7.478715650155179,0.0061342253443920245,-0.01614743929303415,-0.010013213948642123,-0.026160653241676272,0.018845,5.5e-05,0.0087370575,0.0086794254,-0.006596,-0.010068008469190069,-0.026215447762224217,-0.01953463358200556,convergence,False,False
93643D__152963,93643D,152963,2022-03-09,2022-03-11,2,3.28600885965,3.2084180562465,6.616385548139729,6.271232578014107,-0.05216639320885189,0.023612475412426115,-0.028553917796425778,-0.004941442383999663,0.018845,5.5e-05,0.0086106686,0.008460952,-0.017387,-0.028608712316973723,-0.004996236904547608,0.011775684857271426,convergence,False,False
93643D__152963,93643D,152963,2023-07-07,2023-07-10,1,2.5820615787534997,2.95968377,0.0,0.0,0.0,-0.14624832899175033,-0.14624832899175033,-0.29249665798350066,0.018845,0.0,0.0,0.0,0.0,-0.14624832899175033,-0.29249665798350066,-0.29249665798350066,overnight_abort,True,False
93643D__152963,93643D,152963,2024-01-12,2024-01-19,7,4.487511647479,3.9646697699999995,8.33988289312519,7.9053519122171,-0.052102767685897146,0.1165104223791203,0.06440765469322315,0.18091807707234345,0.018845,0.000192,0.0067932471,0.006752194,-0.006043,0.06421587387130534,0.18072629625042563,0.18648947779821784,convergence,False,False
93643D__152963,93643D,152963,2024-07-02,2024-07-09,7,4.2288095,4.077729690013999,8.426469855694233,8.564071498251549,0.01632969023965959,0.03572632202656569,0.052056012266225284,0.08778233429279098,0.018845,0.000192,0.0061844827,0.0063333224,0.024067,0.051864231444307476,0.08759055347087316,0.06370574283872145,convergence,False,False
93643D__152963,93643D,152963,2024-07-12,2024-07-16,1,4.303436545014,4.326465232493,0.0,0.0,0.0,-0.005351232030057755,-0.005351232030057755,-0.01070246406011551,0.018845,0.0,0.0,0.0,0.0,-0.005351232030057755,-0.01070246406011551,-0.01070246406011551,overnight_abort,True,False
93643D__152963,93643D,152963,2024-08-30,2024-09-04,5,5.1243238412745,4.7284611399720005,9.329745729748982,9.36713091752042,0.004007096104691355,0.07725169477267901,0.08125879087737037,0.15851048565004938,0.018845,0.000137,0.0068740329,0.0069708266,0.014081,0.0811218045760005,0.15837349934867953,0.14443231744376342,convergence,False,False
93643D__152963,93643D,152963,2024-10-02,2024-10-15,13,4.645472607514,4.426962325014,9.16045008771587,8.749062957589484,-0.044909052086649574,0.04703725561669692,0.0021282035300473484,0.04916545914674427,0.018845,0.000356,0.006805962,0.0066829285,-0.018077,0.0017720391464857046,0.048809294763182624,0.06639263149050159,convergence,False,False
93643D__152963,93643D,152963,2025-01-10,2025-01-15,5,6.027296309985999,5.1656275375069995,12.127881167935424,11.948042432440914,-0.014828537071255336,0.14296107710042238,0.12813254002916705,0.27109361712958946,0.018845,0.000137,0.0063299152,0.0064298344,0.015785,0.1279955537277972,0.2709566308282196,0.2556471316537665,convergence,False,False
93643D__152963,93643D,152963,2025-01-21,2025-01-31,10,6.629279282479,6.132928069986,12.180936968349707,12.772032050342736,0.048526240922919,0.07487257533482444,0.12339881625774345,0.1982713915925679,0.018845,0.000274,0.0064079972,0.0065789474,0.026678,0.12312484365500372,0.19799741898982817,0.17075206199077084,convergence,False,False
93643D__152963,93643D,152963,2025-04-21,2025-05-01,10,9.7810122465965,7.6906556162465,17.426360062189648,17.291275200667155,-0.007751754298683974,0.21371577681823087,0.2059640225195469,0.41967979933777777,0.018845,0.000274,0.0070626457,0.0069528941,-0.01554,0.20569004991680717,0.41940582673503807,0.4350684890734322,convergence,False,False
93643D__152963,93643D,152963,2025-09-22,2025-10-10,18,11.38296016,9.316220722493,19.56190755562552,19.918480845324556,0.018227940638462625,0.18156432144685639,0.199792262085319,0.3813565835321754,0.018845,0.000493,0.0067156912,0.0065856626,-0.019362,0.1992991114003875,0.3808634328472439,0.400967522844521,convergence,False,False
94542N__932145,94542N,932145,2021-02-09,2021-02-10,1,24.396345524964,25.29735126,0.0,0.0,0.0,-0.036931995987432936,-0.036931995987432936,-0.07386399197486587,0.016671,0.0,0.0,0.0,0.0,-0.036931995987432936,-0.07386399197486587,-0.07386399197486587,overnight_abort,True,False
94542N__932145,94542N,932145,2021-04-27,2021-04-30,3,23.815000083777,23.013139304964,239.20476267138943,233.75895077283218,-0.022766318854773412,0.03367040839774073,0.010904089542967316,0.044574497940708044,0.016671,8.2e-05,0.0092076792,0.0091663221,-0.004492,0.010821897762145398,0.04449230615988613,0.048901441103386636,convergence,False,False
94542N__932145,94542N,932145,2021-07-27,2021-07-28,1,27.07944225,27.541304804964,0.0,0.0,0.0,-0.017055837070056347,-0.017055837070056347,-0.034111674140112694,0.016671,0.0,0.0,0.0,0.0,-0.017055837070056347,-0.034111674140112694,-0.034111674140112694,overnight_abort,True,False
94542N__932145,94542N,932145,2021-10-26,2021-10-27,1,27.566381302446,28.547563804964,0.0,0.0,0.0,-0.03559344593521013,-0.03559344593521013,-0.07118689187042027,0.016671,0.0,0.0,0.0,0.0,-0.03559344593521013,-0.07118689187042027,-0.07118689187042027,overnight_abort,True,False
94542N__932145,94542N,932145,2022-02-08,2022-02-09,1,24.469871427812997,26.474672277482,0.0,0.0,0.0,-0.08192935772397651,-0.08192935772397651,-0.16385871544795302,0.016671,0.0,0.0,0.0,0.0,-0.08192935772397651,-0.16385871544795302,-0.16385871544795302,overnight_abort,True,False
94542N__932145,94542N,932145,2022-07-26,2022-07-28,2,17.281155990000002,16.24102026,159.19194631725713,164.7036250905505,0.034622849338804,0.06018901343184987,0.09481186277065387,0.15500087620250375,0.016671,5.5e-05,0.0073225199,0.0075072251,0.025224,0.09475706825010592,0.1549460816819558,0.12949057478478107,convergence,False,False
94542N__932145,94542N,932145,2023-10-24,2023-10-25,1,13.99187328,14.15806413,0.0,0.0,0.0,-0.011877669749736296,-0.011877669749736296,-0.023755339499472592,0.016671,0.0,0.0,0.0,0.0,-0.011877669749736296,-0.023755339499472592,-0.023755339499472592,overnight_abort,True,False
94542N__932145,94542N,932145,2024-04-23,2024-04-25,2,16.038979740000002,16.230962701295002,162.20162746274687,156.6099167688732,-0.034473826072786616,-0.011969773913748977,-0.04644359998653559,-0.058413373900284574,0.016671,5.5e-05,0.0064372843,0.0063153237,-0.018946,-0.04649839450708353,-0.058468168420832516,-0.03982206933206097,convergence,False,False
94542N__932145,94542N,932145,2024-08-05,2024-08-06,1,17.042652187553998,17.871154808705,0.0,0.0,0.0,-0.048613479406453323,-0.048613479406453323,-0.09722695881290665,0.016671,0.0,0.0,0.0,0.0,-0.048613479406453323,-0.09722695881290665,-0.09722695881290665,overnight_abort,True,False
94542N__932145,94542N,932145,2024-11-14,2024-11-18,4,13.614251699999999,13.52412096,136.34134553848412,133.9877892429224,-0.017262234623446702,0.0066203227313624095,-0.010641911892084292,-0.004021589160721883,0.016671,0.00011,0.0064789914,0.006466005,-0.002004,-0.010751500933180183,-0.0041311782018177735,-0.0021574361901295406,convergence,False,False
94542N__932145,94542N,932145,2025-04-07,2025-04-08,1,14.14093443,14.349254346259,0.0,0.0,0.0,-0.014731693813461845,-0.014731693813461845,-0.02946338762692369,0.016671,0.0,0.0,0.0,0.0,-0.014731693813461845,-0.02946338762692369,-0.02946338762692369,overnight_abort,True,False
94542N__932145,94542N,932145,2025-04-09,2025-04-11,2,14.16080925,13.675060816259002,141.96458592981867,136.88778921009978,-0.03576100818713084,0.03430230752815189,-0.001458700658978955,0.03284360686917293,0.016671,5.5e-05,0.0069225706,0.0069932515,0.01021,-0.0015134951795269002,0.03278881234862499,0.023043234092726964,convergence,False,False
951089__922894,951089,922894,2021-01-29,2021-02-02,4,49.793456123682994,46.67298749158499,46.26380016968806,46.08992842316717,-0.003758267714350199,0.06266824749716121,0.05890997978281101,0.12157822727997222,0.022667,0.00011,0.0095306162,0.0095215425,-0.000952,0.05880039074171512,0.12146863823887634,0.12241802208148793,convergence,False,False
951089__922894,951089,922894,2021-06-21,2021-06-22,1,45.79884648895099,46.854117507366,0.0,0.0,0.0,-0.02304143224807181,-0.02304143224807181,-0.04608286449614362,0.022667,0.0,0.0,0.0,0.0,-0.02304143224807181,-0.04608286449614362,-0.04608286449614362,overnight_abort,True,False
951089__922894,951089,922894,2021-07-09,2021-07-12,1,49.386042118951,50.285662502634,0.0,0.0,0.0,-0.018216085863211547,-0.018216085863211547,-0.036432171726423095,0.022667,0.0,0.0,0.0,0.0,-0.018216085863211547,-0.036432171726423095,-0.036432171726423095,overnight_abort,True,False
951089__922894,951089,922894,2022-03-09,2022-03-11,2,31.151969005781,30.702726638414997,31.413526389085796,30.264534945279745,-0.036576327966963036,0.014420994296785427,-0.022155333670177607,-0.0077343393733921816,0.022667,5.5e-05,0.0086106686,0.008460952,-0.017387,-0.022210128190725553,-0.007789133893940127,0.009258654172497317,convergence,False,False
951089__922894,951089,922894,2023-02-07,2023-02-08,1,27.485275754732,27.371819381048997,0.0,0.0,0.0,0.004127896503402214,0.004127896503402214,0.008255793006804428,0.022667,0.0,0.0,0.0,0.0,0.004127896503402214,0.008255793006804428,0.008255793006804428,overnight_abort,True,False
951089__922894,951089,922894,2023-04-27,2023-04-28,1,25.299176135781,28.297630014731997,0.0,0.0,0.0,-0.11851982305108502,-0.11851982305108502,-0.23703964610217004,0.022667,0.0,0.0,0.0,0.0,-0.11851982305108502,-0.23703964610217004,-0.23703964610217004,overnight_abort,True,False
951089__922894,951089,922894,2023-05-17,2023-05-18,1,28.106327629732,29.147968886048996,0.0,0.0,0.0,-0.03706073842301285,-0.03706073842301285,-0.0741214768460257,0.022667,0.0,0.0,0.0,0.0,-0.03706073842301285,-0.0741214768460257,-0.0741214768460257,overnight_abort,True,False
951089__922894,951089,922894,2023-07-31,2023-08-01,1,29.889986627366,31.829811741584997,0.0,0.0,0.0,-0.06489882844052451,-0.06489882844052451,-0.12979765688104902,0.022667,0.0,0.0,0.0,0.0,-0.06489882844052451,-0.12979765688104902,-0.12979765688104902,overnight_abort,True,False
951089__922894,951089,922894,2023-10-31,2023-11-28,28,26.451837485268,25.656047889731997,25.578968137576584,25.67786551918833,0.003866355401039862,0.030084473185623045,0.03395082858666291,0.06403530177228595,0.022667,0.000767,0.0066244903,0.0067914021,0.025196,0.03318370529899167,0.06326817848461472,0.03859622740997178,convergence,False,False
951089__922894,951089,922894,2024-06-18,2024-06-21,3,28.739494487868,27.422138249999996,27.940489625423364,27.105593659855916,-0.029881221723751274,0.04583783609778207,0.015956614374030793,0.06179445047181286,0.022667,8.2e-05,0.0062926722,0.0062654679,-0.004323,0.015874422593208877,0.061712258690990944,0.06592445843426308,convergence,False,False
951089__922894,951089,922894,2024-07-01,2024-07-05,4,27.684009373683,28.096369633682997,27.91089884903662,28.03127518490921,0.004312879227705116,-0.014895250699921904,-0.010582371472216787,-0.02547762217213869,0.022667,0.00011,0.0061934841,0.0062177451,0.003917,-0.010691960513312677,-0.02558721121323458,-0.02950593646991058,convergence,False,False
951089__922894,951089,922894,2024-07-30,2024-07-31,1,31.102281874732,32.705302499999995,0.0,0.0,0.0,-0.051540289928705026,-0.051540289928705026,-0.10308057985741005,0.022667,0.0,0.0,0.0,0.0,-0.051540289928705026,-0.10308057985741005,-0.10308057985741005,overnight_abort,True,False
951089__922894,951089,922894,2024-08-05,2024-08-07,2,27.891097879297998,27.532834126317,27.854259431228996,26.9139015870439,-0.03375992984149522,0.012845093245573473,-0.02091483659592175,-0.008069743350348275,0.022667,5.5e-05,0.0069288065,0.0067895572,-0.020097,-0.020969631116469694,-0.00812453787089622,0.011692402974895972,convergence,False,False
951089__922894,951089,922894,2025-01-30,2025-02-06,7,30.486187484219,29.419678501316998,30.084767710842964,28.807341572985674,-0.04246089416860906,0.034983350524038885,-0.007477543644570178,0.027505806879468707,0.022667,0.000192,0.006443091,0.0066041474,0.024997,-0.007669324466487986,0.0273140260575509,0.003962366576961049,convergence,False,False
951089__922894,951089,922894,2025-03-18,2025-03-27,9,37.213425368951,34.234909371585,36.62901038459918,33.86668994846046,-0.07541346072784277,0.08003874859235952,0.004625287864516742,0.08466403645687626,0.022667,0.000247,0.006725628,0.0066740076,-0.007675,0.004378712522050988,0.08441746111441051,0.09156871563078897,convergence,False,False
951089__922894,951089,922894,2025-04-09,2025-04-10,1,27.994535311183,27.724037375267997,0.0,0.0,0.0,0.009662526379101817,0.009662526379101817,0.019325052758203634,0.022667,0.0,0.0,0.0,0.0,0.009662526379101817,0.019325052758203634,0.019325052758203634,overnight_abort,True,False
951089__922894,951089,922894,2025-07-30,2025-07-31,1,32.125773377366,31.182345371150994,0.0,0.0,0.0,0.02936670177968988,0.02936670177968988,0.05873340355937976,0.022667,0.0,0.0,0.0,0.0,0.02936670177968988,0.05873340355937976,0.05873340355937976,overnight_abort,True,False
951089__922894,951089,922894,2025-10-31,2025-11-06,6,32.031372498683,28.774623266415,30.390833809937774,28.878352664820277,-0.04976767516733673,0.1016737335373907,0.05190605837005397,0.15357979190744467,0.022667,0.000164,0.0065072389,0.0065178422,0.001629,0.05174167480841014,0.15341540834580084,0.15186955956629247,convergence,False,False
951089__922894,951089,922894,2025-12-05,2025-12-09,4,29.770749635781,29.615902265780996,29.816937663584433,29.423835129213167,-0.013183866794320872,0.005201325861606699,-0.007982540932714173,-0.002781215071107474,0.022667,0.00011,0.0064133393,0.0064092293,-0.000641,-0.008092129973810064,-0.0028908041122033645,-0.002257995685849379,convergence,False,False
951464__905475,951464,905475,2021-02-09,2021-02-16,7,9.97740655242604,9.771916286816312,20.3866633249207,19.900756537732057,-0.023834542192820225,0.020595559029291197,-0.003238983163529028,0.01735657586576217,0.014709,0.000192,0.0095611435,0.0094459916,-0.012044,-0.003430763985446836,0.017164795043844362,0.02906479579981234,convergence,False,False
951464__905475,951464,905475,2021-08-13,2021-08-16,1,12.017161359510137,12.752476585274371,0.0,0.0,0.0,-0.061188761951866476,-0.061188761951866476,-0.12237752390373295,0.014709,0.0,0.0,0.0,0.0,-0.061188761951866476,-0.12237752390373295,-0.12237752390373295,overnight_abort,True,False
951464__905475,951464,905475,2022-01-06,2022-01-07,1,11.907446348419429,12.248810501604943,0.0,0.0,0.0,-0.028668124398547174,-0.028668124398547174,-0.05733624879709435,0.014709,0.0,0.0,0.0,0.0,-0.028668124398547174,-0.05733624879709435,-0.05733624879709435,overnight_abort,True,False
951464__905475,951464,905475,2022-02-09,2022-02-10,1,11.223331968669848,10.962027709787854,0.0,0.0,0.0,0.02328223557954358,0.02328223557954358,0.04656447115908716,0.014709,0.0,0.0,0.0,0.0,0.02328223557954358,0.04656447115908716,0.04656447115908716,overnight_abort,True,False
951464__905475,951464,905475,2022-02-15,2022-02-17,2,10.719121022572734,10.68972441814921,22.210875811888044,21.728016280283953,-0.02173977900257532,0.0027424454264132546,-0.018997333576162064,-0.01625488814974881,0.014709,5.5e-05,0.0086606331,0.0086937622,0.003825,-0.01905212809671001,-0.016309682670296755,-0.020037514182348573,convergence,False,False
951464__905475,951464,905475,2022-03-09,2022-03-10,1,9.318625828125915,9.522520171745272,0.0,0.0,0.0,-0.021880301600258858,-0.021880301600258858,-0.043760603200517716,0.014709,0.0,0.0,0.0,0.0,-0.021880301600258858,-0.043760603200517716,-0.043760603200517716,overnight_abort,True,False
951464__905475,951464,905475,2022-11-10,2022-11-11,1,8.027038261866037,8.776771515330301,0.0,0.0,0.0,-0.09340098165795638,-0.09340098165795638,-0.18680196331591276,0.014709,0.0,0.0,0.0,0.0,-0.09340098165795638,-0.18680196331591276,-0.18680196331591276,overnight_abort,True,False
951464__905475,951464,905475,2023-05-01,2023-05-09,8,8.512693438409263,8.706906990775664,17.570013442463104,17.964339059599286,0.02244310275729093,-0.022814583160026613,-0.00037148040273568203,-0.023186063562762295,0.014709,0.000219,0.0073230566,0.0074429683,0.016375,-0.0005906584849274629,-0.023405241644954076,-0.039877552914223,convergence,False,False
951464__905475,951464,905475,2023-05-10,2023-05-11,1,9.020939524202678,9.30480751652696,0.0,0.0,0.0,-0.03146767490932404,-0.03146767490932404,-0.06293534981864808,0.014709,0.0,0.0,0.0,0.0,-0.03146767490932404,-0.06293534981864808,-0.06293534981864808,overnight_abort,True,False
951464__905475,951464,905475,2023-11-08,2023-11-15,7,9.277481408186878,9.147208916774112,19.01413371210505,18.89251851280894,-0.006396042077829943,0.014041794931306221,0.007645752853476278,0.021687547784782497,0.014709,0.000192,0.0066072014,0.006634599,0.004147,0.00745397203155847,0.02149576696286469,0.017392675909800596,convergence,False,False
951464__905475,951464,905475,2024-01-05,2024-01-11,6,9.685690428799596,9.975817632387326,19.920570043021854,21.010984365178896,0.05473810838756655,-0.029954209843942634,0.024783898543623915,-0.005170311300318718,0.014709,0.000164,0.0069213732,0.0069005969,-0.003002,0.02461951498198008,-0.0053346948619625535,-0.0021590919860298183,convergence,False,False
951464__905475,951464,905475,2024-08-05,2024-08-06,1,9.9054630713898,10.8475603484745,0.0,0.0,0.0,-0.09510885763693208,-0.09510885763693208,-0.19021771527386416,0.014709,0.0,0.0,0.0,0.0,-0.09510885763693208,-0.19021771527386416,-0.19021771527386416,overnight_abort,True,False
951464__905475,951464,905475,2025-03-17,2025-03-26,9,10.214386375,9.9745361286102,20.44479789324736,19.65136948847928,-0.03880832713098823,0.02348161089508422,-0.015326716235904012,0.008154894659180206,0.014709,0.000247,0.0066992693,0.0066201053,-0.011817,-0.015573291578369765,0.007908319316714454,0.0194023627107074,convergence,False,False
951464__905475,951464,905475,2025-04-07,2025-04-08,1,9.0982780143051,9.07140948,0.0,0.0,0.0,0.0029531450086329545,0.0029531450086329545,0.005906290017265909,0.014709,0.0,0.0,0.0,0.0,0.0029531450086329545,0.005906290017265909,0.005906290017265909,overnight_abort,True,False
951464__905475,951464,905475,2025-04-09,2025-04-10,1,9.696192716389799,9.462764936389801,0.0,0.0,0.0,0.024074168782291936,0.024074168782291936,0.04814833756458387,0.014709,0.0,0.0,0.0,0.0,0.024074168782291936,0.04814833756458387,0.04814833756458387,overnight_abort,True,False
951464__905475,951464,905475,2025-04-22,2025-04-23,1,10.32400418,10.2555103934745,0.0,0.0,0.0,0.006634420650292598,0.006634420650292598,0.013268841300585196,0.014709,0.0,0.0,0.0,0.0,0.006634420650292598,0.013268841300585196,0.013268841300585196,overnight_abort,True,False
951465__912507,951465,912507,2021-01-14,2021-01-15,1,21.124870031902002,21.455775163944,0.0,0.0,0.0,-0.015664244634039284,-0.015664244634039284,-0.03132848926807857,0.010906,0.0,0.0,0.0,0.0,-0.015664244634039284,-0.03132848926807857,-0.03132848926807857,overnight_abort,True,False
951465__912507,951465,912507,2021-04-26,2021-04-28,2,25.088890327958,23.935690747958,24.89431843791688,23.574023458671206,-0.053035996247027754,0.04596455103934691,-0.007071445207680847,0.03889310583166606,0.010906,5.5e-05,0.0092000544,0.0091503858,-0.005399,-0.007126239728228793,0.03883831131111812,0.043978463578447057,convergence,False,False
951465__912507,951465,912507,2021-07-19,2021-07-27,8,23.714424668028002,23.97585934007,23.73808349142851,23.7205364709218,-0.000739192804383193,-0.011024289043556904,-0.011763481847940098,-0.022787770891497,0.010906,0.000219,0.0091029084,0.0090979393,-0.000546,-0.01198265993013188,-0.02300694897368878,-0.022461174077494917,convergence,False,False
951465__912507,951465,912507,2023-05-17,2023-05-19,2,24.202463783944,24.72886984007,23.93780123669848,24.602906062505223,0.02778470834602331,-0.021750102007185697,0.006034606338837612,-0.015715495668348085,0.010906,5.5e-05,0.0072085055,0.0072147469,0.000866,0.005979811818289667,-0.01577029018889603,-0.016659415693585738,convergence,False,False
951465__912507,951465,912507,2023-06-15,2023-06-20,5,26.463355987888,27.349347384084002,26.40661030608044,27.299701388772608,0.03382073928990882,-0.03347993340684039,0.00034080588306843046,-0.03313912752377196,0.010906,0.000137,0.0070504454,0.0070479614,-0.000352,0.00020381958169856746,-0.033276113825141826,-0.032911751625826144,convergence,False,False
951465__912507,951465,912507,2024-01-30,2024-02-06,7,26.702382668028,27.058174287958,26.80593545566791,27.089214473331708,0.010567772131373264,-0.013324339792194074,-0.0027565676608208092,-0.01608090745301488,0.010906,0.000192,0.0068075832,0.0067483214,-0.008705,-0.0029483484827386173,-0.016272688274932688,-0.0073981753925890835,convergence,False,False
951465__912507,951465,912507,2024-07-25,2024-07-26,1,29.27202854,30.51198546,0.0,0.0,0.0,-0.042359787887798955,-0.042359787887798955,-0.08471957577559791,0.010906,0.0,0.0,0.0,0.0,-0.042359787887798955,-0.08471957577559791,-0.08471957577559791,overnight_abort,True,False
951465__912507,951465,912507,2024-08-05,2024-08-06,1,27.588809212042,28.273038256056,0.0,0.0,0.0,-0.024800963273012396,-0.024800963273012396,-0.04960192654602479,0.010906,0.0,0.0,0.0,0.0,-0.024800963273012396,-0.04960192654602479,-0.04960192654602479,overnight_abort,True,False
951465__912507,951465,912507,2025-01-30,2025-02-07,8,33.564725212042006,31.443704427915996,32.82962094924451,31.28386516332045,-0.0470841801162992,0.06319196033117089,0.016107780214871685,0.07929974054604258,0.010906,0.000219,0.006443091,0.0065789474,0.021086,0.015888602132679903,0.0790805624638508,0.05940268621385249,convergence,False,False
951465__912507,951465,912507,2025-03-13,2025-03-19,6,32.738055836056,33.15254730007,32.4077210046059,32.775991101366486,0.011363653022940115,-0.012660845411519498,-0.001297192388579383,-0.01395803780009888,0.010906,0.000164,0.0067278905,0.0066972503,-0.004554,-0.0014615759502232186,-0.014122421361742717,-0.00949539038436473,convergence,False,False
951465__912507,951465,912507,2025-04-07,2025-04-08,1,27.598779031902,28.011984575916,0.0,0.0,0.0,-0.014971877688370381,-0.014971877688370381,-0.029943755376740763,0.010906,0.0,0.0,0.0,0.0,-0.014971877688370381,-0.029943755376740763,-0.029943755376740763,overnight_abort,True,False
951465__912507,951465,912507,2025-04-09,2025-04-10,1,29.162469084014003,28.895521915986,0.0,0.0,0.0,0.009153791719725697,0.009153791719725697,0.018307583439451394,0.010906,0.0,0.0,0.0,0.0,0.009153791719725697,0.018307583439451394,0.018307583439451394,overnight_abort,True,False
951466__912080,951466,912080,2021-02-22,2021-02-25,3,9.58180177791265,9.5360984859498,9.448459483841559,9.443520347097916,-0.0005227451895294872,0.004769801444672151,0.004247056255142664,0.009016857699814815,0.005464999999999999,8.2e-05,0.0094451004,0.0093813022,-0.006755,0.004164864474320746,0.008934665918992897,0.01573168070845877,convergence,False,False
951466__912080,951466,912080,2021-03-31,2021-04-01,1,9.23228320291265,9.001364369500001,0.0,0.0,0.0,0.025012104626491168,0.025012104626491168,0.050024209252982337,0.005464999999999999,0.0,0.0,0.0,0.0,0.025012104626491168,0.050024209252982337,0.050024209252982337,overnight_abort,True,False
951466__912080,951466,912080,2021-04-28,2021-04-30,1,9.6177523597751,9.88457826146285,0.0,0.0,0.0,-0.02774306217362311,-0.02774306217362311,-0.05548612434724622,0.005464999999999999,0.0,0.0,0.0,0.0,-0.02774306217362311,-0.05548612434724622,-0.05548612434724622,overnight_abort,True,False
951466__912080,951466,912080,2021-06-21,2021-06-22,1,10.967893882124502,11.2985207678755,0.0,0.0,0.0,-0.030144974897127228,-0.030144974897127228,-0.060289949794254456,0.005464999999999999,0.0,0.0,0.0,0.0,-0.030144974897127228,-0.060289949794254456,-0.060289949794254456,overnight_abort,True,False
951466__912080,951466,912080,2021-07-09,2021-07-13,4,12.198198267500002,12.3559722945,12.158005273148827,12.226464942747478,0.005630830721043149,-0.012934207457535778,-0.007303376736492629,-0.020237584194028407,0.005464999999999999,0.00011,0.0090608427,0.0090904951,0.003273,-0.00741296577758852,-0.020347173235124298,-0.023627453056723195,convergence,False,False
951466__912080,951466,912080,2022-04-28,2022-05-02,1,9.628737329137552,9.9716974292751,0.0,0.0,0.0,-0.03561838779210594,-0.03561838779210594,-0.07123677558421188,0.005464999999999999,0.0,0.0,0.0,0.0,-0.03561838779210594,-0.07123677558421188,-0.07123677558421188,overnight_abort,True,False
951466__912080,951466,912080,2023-05-26,2023-05-31,5,11.871649054624502,11.513815499000001,11.631942835825761,11.555320146114788,-0.006587264981648587,0.03014185762887839,0.023554592647229804,0.0536964502761082,0.005464999999999999,0.000137,0.00715282,0.0072048705,0.007277,0.023417606345859942,0.05355946397473833,0.04638270353691057,convergence,False,False
951466__912080,951466,912080,2023-06-02,2023-06-07,5,12.134286299500001,12.164709574000002,12.121614474616207,12.299284200060143,0.01465726581355915,-0.0025072158138591126,0.012150049999700038,0.009642834185840925,0.005464999999999999,0.000137,0.0071653769,0.007198128,0.004571,0.012013063698330174,0.009505847884471062,0.004889211228609134,convergence,False,False
951466__912080,951466,912080,2023-10-27,2023-10-30,1,12.184217524500001,12.623339553000001,0.0,0.0,0.0,-0.03604023217880132,-0.03604023217880132,-0.07208046435760264,0.005464999999999999,0.0,0.0,0.0,0.0,-0.03604023217880132,-0.07208046435760264,-0.07208046435760264,overnight_abort,True,False
951466__912080,951466,912080,2023-10-31,2023-11-01,1,12.736456873000002,12.9047260685,0.0,0.0,0.0,-0.013211617420596187,-0.013211617420596187,-0.026423234841192373,0.005464999999999999,0.0,0.0,0.0,0.0,-0.013211617420596187,-0.026423234841192373,-0.026423234841192373,overnight_abort,True,False
951466__912080,951466,912080,2023-11-02,2023-11-09,7,12.9531593881245,12.9327645825,12.836319152695662,12.943504757931814,0.008350182319488598,0.001574504336231518,0.009924686655720116,0.011499190991951635,0.005464999999999999,0.000192,0.006663335,0.0066000066,-0.009504,0.009732905833802307,0.011307410170033826,0.020982734386528198,convergence,False,False
951466__912080,951466,912080,2023-11-14,2023-11-16,2,13.4984073665,13.353743844075499,13.343487268069625,13.461175148073432,0.008819874268207885,0.010717080800474553,0.019536955068682436,0.03025403586915699,0.005464999999999999,5.5e-05,0.0066065467,0.0066829285,0.011562,0.01948216054813449,0.030199241348609046,0.01866904498748101,convergence,False,False
951466__912080,951466,912080,2024-04-26,2024-04-30,1,17.7445597391245,18.475377974999997,0.0,0.0,0.0,-0.04118548144444152,-0.04118548144444152,-0.08237096288888304,0.005464999999999999,0.0,0.0,0.0,0.0,-0.04118548144444152,-0.08237096288888304,-0.08237096288888304,overnight_abort,True,False
951466__912080,951466,912080,2024-07-08,2024-07-09,1,23.232000368,23.844753406,0.0,0.0,0.0,-0.026375388614577066,-0.026375388614577066,-0.05275077722915413,0.005464999999999999,0.0,0.0,0.0,0.0,-0.026375388614577066,-0.05275077722915413,-0.05275077722915413,overnight_abort,True,False
951466__912080,951466,912080,2024-07-10,2024-07-11,1,24.07184706768575,23.432188702751,0.0,0.0,0.0,0.026572882551810187,0.026572882551810187,0.053145765103620374,0.005464999999999999,0.0,0.0,0.0,0.0,0.026572882551810187,0.053145765103620374,0.053145765103620374,overnight_abort,True,False
951466__912080,951466,912080,2024-07-31,2024-08-01,1,22.9184292791265,22.205505217314247,0.0,0.0,0.0,0.031107021040991004,0.031107021040991004,0.06221404208198201,0.005464999999999999,0.0,0.0,0.0,0.0,0.031107021040991004,0.06221404208198201,0.06221404208198201,overnight_abort,True,False
951466__912080,951466,912080,2024-08-05,2024-08-06,1,20.222146125000002,21.189109585502,0.0,0.0,0.0,-0.04781705435836856,-0.04781705435836856,-0.09563410871673712,0.005464999999999999,0.0,0.0,0.0,0.0,-0.04781705435836856,-0.09563410871673712,-0.09563410871673712,overnight_abort,True,False
951466__912080,951466,912080,2025-04-09,2025-04-10,1,21.7300641268775,21.068934511747,0.0,0.0,0.0,0.030424650901640156,0.030424650901640156,0.06084930180328031,0.005464999999999999,0.0,0.0,0.0,0.0,0.030424650901640156,0.06084930180328031,0.06084930180328031,overnight_abort,True,False
951466__912080,951466,912080,2025-04-28,2025-05-09,11,27.8017030841265,26.7467466146285,25.72068494782957,26.442579439473437,0.02806669002431767,0.037945749809130715,0.06601243983344839,0.10395818964257911,0.005464999999999999,0.000301,0.0069893413,0.0067358206,-0.036272,0.06571106997043469,0.10365681977956541,0.14235087093966425,convergence,False,False
951466__912080,951466,912080,2025-10-02,2025-10-03,1,27.4022592758735,29.4664704561225,0.0,0.0,0.0,-0.07532996310513886,-0.07532996310513886,-0.1506599262102777,0.005464999999999999,0.0,0.0,0.0,0.0,-0.07532996310513886,-0.1506599262102777,-0.1506599262102777,overnight_abort,True,False
951466__912080,951466,912080,2025-10-28,2025-10-31,3,32.345447555,34.627566792751,31.798477242696045,33.52528984777672,0.054304883592415254,-0.07055457290768649,-0.016249689315271237,-0.08680426222295773,0.005464999999999999,8.2e-05,0.0065475021,0.0065072389,-0.006149,-0.016331881096093154,-0.08688645400377965,-0.08036299773585953,convergence,False,False
951742__905323,951742,905323,2021-02-01,2021-02-03,2,69.770225,71.5942402032825,68.53476656233136,70.31031357962331,0.025907245422323314,-0.026143175018892365,-0.0002359295965690504,-0.026379104615461415,0.011335999999999999,5.5e-05,0.0095251694,0.009474182,-0.005353,-0.0002907241171169956,-0.02643389913600936,-0.020912753027010515,convergence,False,False
951742__905323,951742,905323,2021-06-21,2021-06-23,2,71.305163969695,72.0156168467175,70.6846872716382,71.85523673505807,0.016560156217732186,-0.009963554355256093,0.006596601862476093,-0.0033669524927800003,0.011335999999999999,5.5e-05,0.0090370973,0.0090191657,-0.001984,0.006541807341928147,-0.0034217470133279457,-0.0014006565152087055,convergence,False,False
951742__905323,951742,905323,2021-08-05,2021-08-12,7,67.1588301335875,68.694754781565,66.77115583838669,69.30545718257808,0.03795503181531602,-0.022870032800189413,0.01508499901512661,-0.007785033785062803,0.011335999999999999,0.000192,0.0090690609,0.0091253357,0.006205,0.014893218193208801,-0.007976814606980612,-0.014377753021158799,convergence,False,False
951742__905323,951742,905323,2022-02-03,2022-02-07,4,52.865890219695004,52.3613166848475,52.809790127600614,51.62902821996666,-0.022358769174824555,0.009544406284480288,-0.012814362890344266,-0.003269956605863978,0.011335999999999999,0.00011,0.0086794254,0.0086542615,-0.002899,-0.012923951931440157,-0.0033795456469598683,-0.0005368691033448172,convergence,False,False
951742__905323,951742,905323,2022-03-09,2022-03-10,1,49.168076268435,49.2511349151525,0.0,0.0,0.0,-0.001689279976382132,-0.001689279976382132,-0.003378559952764264,0.011335999999999999,0.0,0.0,0.0,0.0,-0.001689279976382132,-0.003378559952764264,-0.003378559952764264,overnight_abort,True,False
951742__905323,951742,905323,2022-11-10,2022-11-11,1,38.196701410162504,40.4122180967175,0.0,0.0,0.0,-0.05800282759404834,-0.05800282759404834,-0.11600565518809668,0.011335999999999999,0.0,0.0,0.0,0.0,-0.05800282759404834,-0.11600565518809668,-0.11600565518809668,overnight_abort,True,False
951742__905323,951742,905323,2023-02-06,2023-02-08,2,50.33423375,49.61231661515251,50.34679908323095,49.367037838906164,-0.019460248956544177,0.014342467959939778,-0.0051177809966043986,0.00922468696333538,0.011335999999999999,5.5e-05,0.0076298014,0.007600228,-0.003876,-0.005172575517152344,0.009169892442787434,0.012985290385258287,convergence,False,False
951742__905323,951742,905323,2023-05-12,2023-05-16,4,49.88571486187,50.234362801260005,49.72161981908126,49.560105917701854,-0.0032483636286809972,-0.006988933412208021,-0.010237297040889019,-0.01722623045309704,0.011335999999999999,0.00011,0.007346459,0.0072629553,-0.011367,-0.01034688608198491,-0.017335819494192932,-0.005875959674036922,convergence,False,False
951742__905323,951742,905323,2023-08-08,2023-08-10,2,45.3606084414125,45.047378230305,45.40288158178513,44.550130340432595,-0.01878187488643111,0.00690533530898441,-0.0118765395774467,-0.004971204268462289,0.011335999999999999,5.5e-05,0.0069577313,0.0068702552,-0.012573,-0.011931334097994645,-0.005025998789010234,0.0074674432063099655,convergence,False,False
951742__905323,951742,905323,2024-02-05,2024-02-07,2,28.70546798687,28.302606347977502,28.958027264160158,28.194032452686255,-0.026382833488780504,0.01403431705334921,-0.012348516435431294,0.001685800617917916,0.011335999999999999,5.5e-05,0.0067592682,0.0066970261,-0.009208,-0.01240331095597924,0.0016310060973699708,0.010679795236732553,convergence,False,False
951742__905323,951742,905323,2024-08-05,2024-08-07,2,30.39988375,27.590268750000003,29.712143848300798,25.806504310050713,-0.13144926728245643,0.09242189947519115,-0.039027367807265276,0.053394531667925876,0.011335999999999999,5.5e-05,0.0069288065,0.0067895572,-0.020097,-0.03908216232781322,0.053339737147377934,0.07115313469050565,convergence,False,False
951742__905323,951742,905323,2024-09-26,2024-10-01,5,27.479509448740004,26.617083721717503,27.47845149782121,25.733025407711896,-0.06351981261563126,0.03138432032898043,-0.03213549228665083,-0.0007511719576703962,0.011335999999999999,0.000137,0.0070325956,0.0068275697,-0.029154,-0.032272478588020695,-0.0008881582590402593,0.027233516317295207,convergence,False,False
951742__905323,951742,905323,2025-04-09,2025-04-10,1,16.196659375,17.246429184847504,0.0,0.0,0.0,-0.06481397092710695,-0.06481397092710695,-0.1296279418542139,0.011335999999999999,0.0,0.0,0.0,0.0,-0.06481397092710695,-0.1296279418542139,-0.1296279418542139,overnight_abort,True,False
951742__905323,951742,905323,2025-04-17,2025-04-23,6,16.6352180651525,16.092645280305,16.11288002960137,16.087170849215116,-0.0015955670456816776,0.032615910577336135,0.03102034353165446,0.0636362541089906,0.011335999999999999,0.000164,0.0070984916,0.0070111472,-0.012305,0.030855959970010623,0.06347187054734676,0.07590992578511668,convergence,False,False
951742__905323,951742,905323,2025-05-12,2025-05-13,1,17.193376875000002,16.524064781565002,0.0,0.0,0.0,0.038928483816824365,0.038928483816824365,0.07785696763364873,0.011335999999999999,0.0,0.0,0.0,0.0,0.038928483816824365,0.07785696763364873,0.07785696763364873,overnight_abort,True,False
951742__905323,951742,905323,2025-07-03,2025-07-15,12,19.226674594695,16.6394472854775,17.85892745430373,16.461060893763655,-0.07827270501640395,0.13456447169139504,0.0562917666749911,0.19085623836638616,0.011335999999999999,0.000329,0.0068472046,0.0067624683,-0.012375,0.055962999551703425,0.1905274712430985,0.2020770648413292,convergence,False,False
951742__905323,951742,905323,2025-08-06,2025-08-07,1,17.065792051412497,18.109253138130004,0.0,0.0,0.0,-0.061143431466524976,-0.061143431466524976,-0.12228686293304995,0.011335999999999999,0.0,0.0,0.0,0.0,-0.061143431466524976,-0.12228686293304995,-0.12228686293304995,overnight_abort,True,False
951742__905323,951742,905323,2025-12-10,2025-12-12,2,15.100270125000002,15.540845925000001,15.126943655809137,15.46410135342136,0.02228855380728178,-0.029176683354199234,-0.0068881295469174555,-0.03606481290111669,0.011335999999999999,5.5e-05,0.0064271483,0.0064426763,0.002416,-0.006942924067465401,-0.03611960742166463,-0.038583505330600405,convergence,False,False
9518JQ__9374RF,9518JQ,9374RF,2021-01-06,2021-01-13,7,9.77889486592305,10.4959972,1.9548589660079532,2.0633147048715124,0.05548008360165147,-0.07333163347280358,-0.01785154987115211,-0.0911831833439557,0.031419,0.000192,0.7769099866,0.7778164871,0.001167,-0.018043330693069917,-0.09137496416587351,-0.09260506566075463,convergence,False,False
9518JQ__9374RF,9518JQ,9374RF,2021-01-28,2021-02-16,19,10.016679645,10.324428014999999,2.0154191960805448,2.0253935557135314,0.004949024824405827,-0.030723591140664735,-0.025774566316258907,-0.056498157456923645,0.031419,0.000521,0.7642921485,0.7751336505,0.014185,-0.026295114261464386,-0.057018705402129125,-0.07107454835966802,convergence,False,False
9518JQ__9374RF,9518JQ,9374RF,2022-01-11,2022-01-12,1,14.797143473269498,15.390765124999998,0.0,0.0,0.0,-0.04011731404800227,-0.04011731404800227,-0.08023462809600454,0.031419,0.0,0.0,0.0,0.0,-0.04011731404800227,-0.08023462809600454,-0.08023462809600454,overnight_abort,True,False
9518JQ__9374RF,9518JQ,9374RF,2022-01-25,2022-01-27,1,13.662711405,14.1494126192305,0.0,0.0,0.0,-0.035622593481143654,-0.035622593481143654,-0.07124518696228731,0.031419,0.0,0.0,0.0,0.0,-0.035622593481143654,-0.07124518696228731,-0.07124518696228731,overnight_abort,True,False
9518JQ__9374RF,9518JQ,9374RF,2022-02-02,2022-02-04,2,14.276988495,14.633842249999999,2.8604580445049717,2.9098340618480845,0.01726157719319312,-0.024995029948015623,-0.007733452754822501,-0.032728482702838124,0.031419,5.5e-05,0.714081589,0.7126058478,-0.002067,-0.007788247275370447,-0.032783277223386066,-0.030676622015215194,convergence,False,False
9518JQ__9374RF,9518JQ,9374RF,2022-02-08,2022-02-09,1,15.406466715769499,16.3959617306915,0.0,0.0,0.0,-0.06422595350231666,-0.06422595350231666,-0.12845190700463333,0.031419,0.0,0.0,0.0,0.0,-0.06422595350231666,-0.12845190700463333,-0.12845190700463333,overnight_abort,True,False
9518JQ__9374RF,9518JQ,9374RF,2022-12-13,2022-12-15,2,14.237357714999998,13.937474214230498,2.880786872756846,2.7562746845798993,-0.04322158968247151,0.021063142949169063,-0.022158446733302445,-0.001095303784133382,0.031419,5.5e-05,0.6863890493,0.6684937939,-0.026072,-0.02221324125385039,-0.0011500983046813273,0.02446239678513754,convergence,False,False
9518JQ__9374RF,9518JQ,9374RF,2024-01-18,2024-01-22,4,10.72012599,10.3547059392305,2.1715401040799267,2.0791657700947277,-0.04253862676155256,0.03408729068206587,-0.008451336079486692,0.025635954602579177,0.031419,0.00011,0.6598045672,0.6580893928,-0.0026,-0.008560925120582583,0.025526365561483286,0.02802179134152849,convergence,False,False
9518JQ__9374RF,9518JQ,9374RF,2024-04-17,2024-04-24,7,10.56160287,10.728121224230499,2.13271292550057,2.142118378633818,0.004410088681316714,-0.015766390412528274,-0.01135630173121156,-0.027122692143739833,0.031419,0.000192,0.6421163332,0.6533598606,0.01751,-0.011548082553129368,-0.02731447296565764,-0.04459914720713014,convergence,False,False
9518JQ__9374RF,9518JQ,9374RF,2025-02-13,2025-02-14,1,11.4532964107695,11.717166104999999,0.0,0.0,0.0,-0.023038755373726526,-0.023038755373726526,-0.04607751074745305,0.031419,0.0,0.0,0.0,0.0,-0.023038755373726526,-0.04607751074745305,-0.04607751074745305,overnight_abort,True,False
9518JQ__9374RF,9518JQ,9374RF,2025-04-09,2025-04-10,1,8.32246350276915,8.47753589723085,0.0,0.0,0.0,-0.01863299183109687,-0.01863299183109687,-0.03726598366219374,0.031419,0.0,0.0,0.0,0.0,-0.01863299183109687,-0.03726598366219374,-0.03726598366219374,overnight_abort,True,False
9518JQ__9374RF,9518JQ,9374RF,2025-10-06,2025-10-07,1,9.38258746223085,9.850089982769148,0.0,0.0,0.0,-0.04982660938895662,-0.04982660938895662,-0.09965321877791324,0.031419,0.0,0.0,0.0,0.0,-0.04982660938895662,-0.09965321877791324,-0.09965321877791324,overnight_abort,True,False
9518JQ__9374RF,9518JQ,9374RF,2025-10-08,2025-10-10,2,9.98695656,10.213412659999998,2.032423736211171,1.9870419353170614,-0.022328907149406642,-0.02267518624312493,-0.04500409339253157,-0.06767927963565651,0.031419,5.5e-05,0.6556300096,0.6514658405,-0.006351,-0.045058887913079514,-0.06773407415620446,-0.061484801359818146,convergence,False,False
9518JQ__9374RF,9518JQ,9374RF,2025-10-13,2025-10-14,1,10.046403720769499,10.5565520392305,0.0,0.0,0.0,-0.05077919747604232,-0.05077919747604232,-0.10155839495208464,0.031419,0.0,0.0,0.0,0.0,-0.05077919747604232,-0.10155839495208464,-0.10155839495208464,overnight_abort,True,False
9518JQ__9374RF,9518JQ,9374RF,2025-10-20,2025-10-22,2,10.3040028,10.314336719230498,2.0700309722142727,2.0252176743789296,-0.021648612236659974,-0.001002903379500147,-0.02265151561616012,-0.02365441899566027,0.031419,5.5e-05,0.6488030006,0.651253833,0.003777,-0.022706310136708065,-0.023709213516208215,-0.02739099649884347,convergence,False,False
9518JQ__9374RF,9518JQ,9374RF,2025-11-21,2025-12-04,13,10.0761268057695,11.656613284230499,2.0300050328722015,2.308980360832462,0.13742592921828659,-0.15685456415217275,-0.019428634933886163,-0.1762831990860589,0.031419,0.000356,0.6464542823,0.6640108005,0.027158,-0.019784799317447806,-0.17663936346962056,-0.20671302945884237,convergence,False,False
9531XZ__87854V,9531XZ,87854V,2021-01-11,2021-01-25,14,4.199808045339901,3.60201827165025,0.16521727788201923,0.15110169458824638,-0.08543648385160248,0.14233740381371884,0.05690091996211637,0.19923832377583522,0.053467999999999995,0.000384,0.0208420192,0.020798668,-0.00208,0.05651735831828075,0.1988547621319996,0.20076101045046174,convergence,False,False
9531XZ__87854V,9531XZ,87854V,2021-07-09,2021-07-13,4,4.30724469733005,4.134134019999999,0.16780493231231042,0.16573052167968713,-0.012362036109656737,0.04019058342270591,0.027828547313049172,0.06801913073575508,0.053467999999999995,0.00011,0.0199084228,0.0199163485,0.000398,0.02771895827195328,0.0679095416946592,0.06751651170673705,convergence,False,False
9531XZ__87854V,9531XZ,87854V,2023-01-03,2023-01-09,6,3.56495288199015,3.5201533106798,0.1464800724971027,0.14823904990209086,0.0120083051230258,0.012566665757820731,0.02457497088084653,0.037141636638667264,0.053467999999999995,0.000164,0.0179115165,0.0182515077,0.018982,0.024410587319202693,0.03697725307702343,0.018125445120974727,convergence,False,False
9531XZ__87854V,9531XZ,87854V,2024-01-23,2024-01-26,3,2.96916648,2.8244121193701996,0.11752647232476252,0.11712879999099705,-0.0033836830622003865,0.04875252418645131,0.04536884112425092,0.09412136531070224,0.053467999999999995,8.2e-05,0.0177730383,0.017727352,-0.002571,0.045286649343429006,0.09403917352988032,0.09660761759532877,convergence,False,False
9531XZ__87854V,9531XZ,87854V,2024-02-21,2024-02-26,5,3.08637032233005,2.9675711430098497,0.12475410480500648,0.12147203314754726,-0.026308325987262515,0.0384915505636773,0.012183224576414783,0.05067477514009208,0.053467999999999995,0.000137,0.0179404358,0.0177683017,-0.009595,0.01204623827504492,0.05053778883872222,0.05997062844340305,convergence,False,False
9531XZ__87854V,9531XZ,87854V,2024-10-09,2024-10-11,2,3.0180016503399,2.7693579384899,0.11674729904636408,0.11236145002539694,-0.03756702773248211,0.08238687073679928,0.04481984300431716,0.12720671374111645,0.053467999999999995,5.5e-05,0.0173913043,0.0173994721,0.00047,0.04476504848376922,0.1271519192205685,0.12670012620146387,convergence,False,False
9531XZ__87854V,9531XZ,87854V,2024-10-16,2024-10-21,5,2.96916648,2.84426384208005,0.1144897792593882,0.11726342081323797,0.024226106223559037,0.04206656607545639,0.06629267229901542,0.10835923837447181,0.053467999999999995,0.000137,0.0172875783,0.0173040336,0.000952,0.06615568599764556,0.10822225207310195,0.107248262526194,convergence,False,False
9531XZ__87854V,9531XZ,87854V,2024-11-13,2024-11-18,5,2.83242825699015,2.6094164796600996,0.10349771134068027,0.10377022720227053,0.002633061717599013,0.07873519012517963,0.08136825184277864,0.16010344196795825,0.053467999999999995,0.000137,0.0169923514,0.0169865818,-0.00034,0.08123126554140878,0.1599664556665884,0.1603070063306946,convergence,False,False
9531XZ__87854V,9531XZ,87854V,2025-03-03,2025-03-18,15,2.75429229699015,2.35563785333005,0.09531109224204512,0.09404527457476812,-0.013280906109673168,0.14473933797649,0.13145843186681683,0.2761977698433068,0.053467999999999995,0.000411,0.0174284336,0.0174757957,0.002718,0.13104747296270725,0.2757868109391972,0.2731126501056083,convergence,False,False
9531XZ__87854V,9531XZ,87854V,2025-08-11,2025-08-19,8,2.50035120834975,2.2000957680098496,0.08553518914492768,0.08725738306064776,0.020134332231405462,0.12008530615107917,0.14021963838248463,0.2603049445335638,0.053467999999999995,0.000219,0.0175757736,0.0175116027,-0.003651,0.14000046030029287,0.260085766451372,0.2638240272685951,convergence,False,False
997641__912004,997641,912004,2021-05-14,2021-05-17,1,122.161163264205,117.98080602000002,0.0,0.0,0.0,0.034220018314363006,0.034220018314363006,0.06844003662872601,0.012271,0.0,0.0,0.0,0.0,0.034220018314363006,0.06844003662872601,0.06844003662872601,overnight_abort,True,False
997641__912004,997641,912004,2021-08-03,2021-08-12,9,110.83185221500001,105.506322870795,21.335847423393794,20.843605973067334,-0.02307109910182147,0.048050530941900566,0.024979431840079096,0.07302996278197967,0.012271,0.000247,0.0091336704,0.0091253357,-0.000913,0.024732856497613344,0.07278338743951392,0.07367567344169532,convergence,False,False
997641__912004,997641,912004,2023-06-02,2023-06-20,18,72.9180452150565,75.3025811922615,14.521832576184963,14.829672797090646,0.02119844167674301,-0.03270158943746113,-0.011503147760718122,-0.04420473719817926,0.012271,0.000493,0.0071653769,0.0070479614,-0.016387,-0.011996298445649629,-0.044697887883110764,-0.027685234319387304,convergence,False,False
997641__912004,997641,912004,2023-11-08,2023-11-15,7,68.60355839994351,69.3774558528975,12.718251661014529,13.903663667372555,0.09320557871894372,-0.011280718828640617,0.0819248598903031,0.07064414106166249,0.012271,0.000192,0.0066072014,0.006634599,0.004147,0.08173307906838528,0.07045236023974467,0.06593796394186609,convergence,False,False
997641__912004,997641,912004,2024-02-14,2024-02-15,1,74.38278434647701,76.573119864318,0.0,0.0,0.0,-0.02944680731012099,-0.02944680731012099,-0.05889361462024198,0.012271,0.0,0.0,0.0,0.0,-0.02944680731012099,-0.05889361462024198,-0.05889361462024198,overnight_abort,True,False
997641__912004,997641,912004,2024-08-05,2024-08-06,1,64.04244356119351,62.3523993528975,0.0,0.0,0.0,0.026389439788960363,0.026389439788960363,0.052778879577920726,0.012271,0.0,0.0,0.0,0.0,0.026389439788960363,0.052778879577920726,0.052778879577920726,overnight_abort,True,False
997641__912004,997641,912004,2025-04-07,2025-04-08,1,52.249799968750004,52.497241637841,0.0,0.0,0.0,-0.004735743854311177,-0.004735743854311177,-0.009471487708622354,0.012271,0.0,0.0,0.0,0.0,-0.004735743854311177,-0.009471487708622354,-0.009471487708622354,overnight_abort,True,False
997641__912004,997641,912004,2025-04-09,2025-04-10,1,55.211663890682004,54.9760840064205,0.0,0.0,0.0,0.0042668499309846545,0.0042668499309846545,0.008533699861969309,0.012271,0.0,0.0,0.0,0.0,0.0042668499309846545,0.008533699861969309,0.008533699861969309,overnight_abort,True,False
997641__912004,997641,912004,2025-12-09,2025-12-10,1,72.87819537,74.636203400682,0.0,0.0,0.0,-0.024122551632304593,-0.024122551632304593,-0.048245103264609186,0.012271,0.0,0.0,0.0,0.0,-0.024122551632304593,-0.048245103264609186,-0.048245103264609186,overnight_abort,True,False
997641__912004,997641,912004,2025-12-15,2025-12-16,1,74.23332725,73.02043940210251,0.0,0.0,0.0,0.016338858742149284,0.016338858742149284,0.03267771748429857,0.012271,0.0,0.0,0.0,0.0,0.016338858742149284,0.03267771748429857,0.03267771748429857,overnight_abort,True,False
997662__930971,997662,930971,2021-01-29,2021-02-17,19,13.622325309994501,14.988482630005503,13.67833804811423,14.668257737300948,0.07237134260789779,-0.1002881144681424,-0.027916771860244605,-0.128204886328387,0.038311,0.000521,0.0095251694,0.0095170117,-0.000856,-0.028437319805450084,-0.12872543427359248,-0.12780622938267144,convergence,False,False
997662__930971,997662,930971,2022-08-03,2022-08-04,1,11.256237465,11.731213882500002,0.0,0.0,0.0,-0.042196730388541284,-0.042196730388541284,-0.08439346077708257,0.038311,0.0,0.0,0.0,0.0,-0.042196730388541284,-0.08439346077708257,-0.08439346077708257,overnight_abort,True,False
997662__930971,997662,930971,2023-02-02,2023-02-08,6,12.493730589999998,12.574568475000001,12.158109299537752,12.331498183847499,0.01426117170342749,-0.0064702759850373,0.007790895718390189,0.0013206197333528891,0.038311,0.000164,0.0076228227,0.007600228,-0.002964,0.007626512156746354,0.0011562361717090536,0.004171530830801919,convergence,False,False
997662__930971,997662,930971,2023-05-12,2023-05-19,7,13.196626685,12.3220671,12.347482540800174,12.142121244021702,-0.016631835364001542,0.06627144996031992,0.049639614596318375,0.1159110645566383,0.038311,0.000192,0.007346459,0.0072147469,-0.017929,0.04944783377440057,0.11571928373472049,0.13367160941330425,convergence,False,False
997662__930971,997662,930971,2023-11-02,2023-11-06,1,11.1869388399945,12.150366165000001,0.0,0.0,0.0,-0.08612072871634423,-0.08612072871634423,-0.17224145743268846,0.038311,0.0,0.0,0.0,0.0,-0.08612072871634423,-0.17224145743268846,-0.17224145743268846,overnight_abort,True,False
997662__930971,997662,930971,2024-02-05,2024-02-08,3,14.260870772499999,13.988577185005502,14.15381467086225,13.660145191405668,-0.03487889950070311,0.019093756043254754,-0.015785143457448355,0.003308612585806399,0.038311,8.2e-05,0.0067592682,0.0066972503,-0.009175,-0.01586733523827027,0.0032264208049844812,0.01216363850142558,convergence,False,False
997662__930971,997662,930971,2024-07-03,2024-07-09,6,15.3142249205,15.160183565005502,15.403921893825501,15.032656317651279,-0.02410201627437751,0.010058710531820237,-0.014043305742557273,-0.003984595210737036,0.038311,0.000164,0.00622142,0.0061848656,-0.005876,-0.01420768930420111,-0.004148978772380871,0.0016188693205996224,convergence,False,False
997662__930971,997662,930971,2024-08-05,2024-08-06,1,13.5827255299945,13.958276010000002,0.0,0.0,0.0,-0.027649125293460492,-0.027649125293460492,-0.055298250586920984,0.038311,0.0,0.0,0.0,0.0,-0.027649125293460492,-0.055298250586920984,-0.055298250586920984,overnight_abort,True,False
997662__930971,997662,930971,2024-08-15,2024-08-16,1,16.2854065550165,16.4782427625165,0.0,0.0,0.0,-0.01184104350410585,-0.01184104350410585,-0.0236820870082117,0.038311,0.0,0.0,0.0,0.0,-0.01184104350410585,-0.0236820870082117,-0.0236820870082117,overnight_abort,True,False
997662__930971,997662,930971,2024-11-01,2024-11-05,1,15.7706133749945,17.1902986600275,0.0,0.0,0.0,-0.09002093014872962,-0.09002093014872962,-0.18004186029745925,0.038311,0.0,0.0,0.0,0.0,-0.09002093014872962,-0.18004186029745925,-0.18004186029745925,overnight_abort,True,False
997662__930971,997662,930971,2025-01-24,2025-01-29,5,20.284993244967,17.948804710483504,19.88778556490775,17.690883322180948,-0.11046489995363111,0.11516831710373576,0.004703417150104652,0.11987173425384041,0.038311,0.000137,0.006472073,0.0064806714,0.001329,0.00456643084873479,0.11973474795247055,0.11855453403138856,convergence,False,False
997662__930971,997662,930971,2025-04-09,2025-04-10,1,13.97872234,13.877475570000001,0.0,0.0,0.0,0.007242920170914398,0.007242920170914398,0.014485840341828796,0.038311,0.0,0.0,0.0,0.0,0.007242920170914398,0.014485840341828796,0.014485840341828796,overnight_abort,True,False
